statId,feature_as_of,target_time,matched_arrival_time,horizon_minutes,tmap_eta_min,haversine_km,origin_id,current_available_count,arrival_available_count,target_available_at_arrival,label_name,label_definition,eta_source
ME21E401,2026-08-03 04:12:04,2026-08-03 05:05:04,2026-08-03 05:12:07,53,52.7,31.252,dongdaegu,4,4,True,target_available_at_arrival,available_count>0 at panel tick nearest as_of+tmap_eta,tmap_routes
EV005432,2026-07-26 18:59:28,2026-07-26 19:38:28,2026-07-26 19:39:34,39,39.4,9.3,dongdaegu,3,3,True,target_available_at_arrival,available_count>0 at panel tick nearest as_of+tmap_eta,tmap_routes
ME23B115,2026-07-21 08:30:39,2026-07-21 09:06:39,2026-07-21 09:10:57,36,35.7,7.443,dongdaegu,1,1,True,target_available_at_arrival,available_count>0 at panel tick nearest as_of+tmap_eta,tmap_routes
PIH00573,2026-08-03 21:54:00,2026-08-03 22:14:00,2026-08-03 22:14:04,20,20.4,3.842,dongdaegu,2,2,True,target_available_at_arrival,available_count>0 at panel tick nearest as_of+tmap_eta,tmap_routes
BE482306,2026-07-31 19:45:35,2026-07-31 20:05:35,2026-07-31 20:05:38,20,20.1,3.537,dongdaegu,9,9,True,target_available_at_arrival,available_count>0 at panel tick nearest as_of+tmap_eta,tmap_routes
CV003479,2026-07-23 07:59:39,2026-07-23 08:22:39,2026-07-23 08:24:51,23,22.6,6.788,dongdaegu,1,1,True,target_available_at_arrival,available_count>0 at panel tick nearest as_of+tmap_eta,tmap_routes
ME18C170,2026-07-31 08:22:20,2026-07-31 08:40:20,2026-07-31 08:42:23,18,18.1,4.183,dongdaegu,1,1,True,target_available_at_arrival,available_count>0 at panel tick nearest as_of+tmap_eta,tmap_routes
HW000466,2026-08-05 15:01:53,2026-08-05 16:01:53,2026-08-05 16:01:56,60,60.4,25.938,dongdaegu,1,1,True,target_available_at_arrival,available_count>0 at panel tick nearest as_of+tmap_eta,tmap_routes
EV014737,2026-07-30 04:13:31,2026-07-30 04:23:31,2026-07-30 04:23:33,10,10.3,1.868,dongdaegu,1,1,True,target_available_at_arrival,available_count>0 at panel tick nearest as_of+tmap_eta,tmap_routes
HY000979,2026-08-08 15:08:03,2026-08-08 15:22:03,2026-08-08 15:28:04,14,14.0,2.863,dongdaegu,3,3,True,target_available_at_arrival,available_count>0 at panel tick nearest as_of+tmap_eta,tmap_routes
ST271704,2026-07-21 13:51:50,2026-07-21 14:20:50,2026-07-21 14:22:01,29,29.4,7.17,dongdaegu,1,1,True,target_available_at_arrival,available_count>0 at panel tick nearest as_of+tmap_eta,tmap_routes
KE000244,2026-07-30 04:43:35,2026-07-30 05:10:35,2026-07-30 05:13:41,27,26.6,7.893,dongdaegu,1,1,True,target_available_at_arrival,available_count>0 at panel tick nearest as_of+tmap_eta,tmap_routes
PI530278,2026-07-26 01:56:59,2026-07-26 02:52:59,2026-07-26 02:57:05,56,55.5,26.206,dongdaegu,2,2,True,target_available_at_arrival,available_count>0 at panel tick nearest as_of+tmap_eta,tmap_routes
DC530009,2026-08-04 23:48:09,2026-08-05 00:24:09,2026-08-05 00:30:58,36,36.1,8.473,dongdaegu,6,6,True,target_available_at_arrival,available_count>0 at panel tick nearest as_of+tmap_eta,tmap_routes
SF001285,2026-08-03 16:02:52,2026-08-03 16:46:52,2026-08-03 16:52:59,44,44.5,9.471,dongdaegu,11,11,True,target_available_at_arrival,available_count>0 at panel tick nearest as_of+tmap_eta,tmap_routes
CV001604,2026-07-28 11:30:08,2026-07-28 11:59:08,2026-07-28 12:00:20,29,28.8,6.963,dongdaegu,1,1,True,target_available_at_arrival,available_count>0 at panel tick nearest as_of+tmap_eta,tmap_routes
HY000510,2026-07-31 20:55:45,2026-07-31 21:14:45,2026-07-31 21:15:53,19,19.2,4.088,dongdaegu,1,1,True,target_available_at_arrival,available_count>0 at panel tick nearest as_of+tmap_eta,tmap_routes
ME20C183,2026-07-30 11:05:01,2026-07-30 11:40:01,2026-07-30 11:45:16,35,35.0,8.06,dongdaegu,1,1,True,target_available_at_arrival,available_count>0 at panel tick nearest as_of+tmap_eta,tmap_routes
CV002321,2026-08-02 00:56:01,2026-08-02 01:29:01,2026-08-02 01:36:09,33,33.2,9.951,dongdaegu,1,1,True,target_available_at_arrival,available_count>0 at panel tick nearest as_of+tmap_eta,tmap_routes
KRC10088,2026-07-28 03:18:35,2026-07-28 03:54:35,2026-07-28 03:58:40,36,36.4,11.942,dongdaegu,1,1,True,target_available_at_arrival,available_count>0 at panel tick nearest as_of+tmap_eta,tmap_routes
PIS00791,2026-07-22 16:40:40,2026-07-22 16:56:40,2026-07-22 17:00:56,16,15.7,2.355,dongdaegu,4,4,True,target_available_at_arrival,available_count>0 at panel tick nearest as_of+tmap_eta,tmap_routes
CV003063,2026-07-23 12:27:28,2026-07-23 13:05:28,2026-07-23 13:07:41,38,38.4,10.075,dongdaegu,1,1,True,target_available_at_arrival,available_count>0 at panel tick nearest as_of+tmap_eta,tmap_routes
CV000559,2026-07-31 09:52:33,2026-07-31 10:18:33,2026-07-31 10:22:37,26,25.9,4.657,dongdaegu,2,1,True,target_available_at_arrival,available_count>0 at panel tick nearest as_of+tmap_eta,tmap_routes
NT000053,2026-07-31 15:43:24,2026-07-31 16:18:24,2026-07-31 16:24:46,35,35.0,11.924,dongdaegu,2,2,True,target_available_at_arrival,available_count>0 at panel tick nearest as_of+tmap_eta,tmap_routes
EV006228,2026-08-07 08:21:44,2026-08-07 08:59:44,2026-08-07 09:01:51,38,37.6,13.391,dongdaegu,2,2,True,target_available_at_arrival,available_count>0 at panel tick nearest as_of+tmap_eta,tmap_routes
CV003455,2026-08-06 18:06:46,2026-08-06 18:31:46,2026-08-06 18:36:49,25,24.9,5.418,dongdaegu,1,1,True,target_available_at_arrival,available_count>0 at panel tick nearest as_of+tmap_eta,tmap_routes
NT100596,2026-08-05 17:32:02,2026-08-05 18:01:02,2026-08-05 18:02:04,29,29.2,9.485,dongdaegu,2,2,True,target_available_at_arrival,available_count>0 at panel tick nearest as_of+tmap_eta,tmap_routes
CG000066,2026-08-04 07:27:02,2026-08-04 08:15:02,2026-08-04 08:17:06,48,47.6,23.032,dongdaegu,1,1,True,target_available_at_arrival,available_count>0 at panel tick nearest as_of+tmap_eta,tmap_routes
CV000678,2026-08-05 16:51:59,2026-08-05 17:49:59,2026-08-05 17:52:03,58,58.0,26.591,dongdaegu,5,4,True,target_available_at_arrival,available_count>0 at panel tick nearest as_of+tmap_eta,tmap_routes
ME22D254,2026-07-24 08:09:21,2026-07-24 08:55:21,2026-07-24 08:57:07,46,46.2,13.899,dongdaegu,2,2,True,target_available_at_arrival,available_count>0 at panel tick nearest as_of+tmap_eta,tmap_routes
HY000753,2026-07-27 03:12:30,2026-07-27 03:28:30,2026-07-27 03:32:32,16,16.4,1.01,dongdaegu,12,12,True,target_available_at_arrival,available_count>0 at panel tick nearest as_of+tmap_eta,tmap_routes
CV000534,2026-07-26 05:27:25,2026-07-26 05:53:25,2026-07-26 05:57:29,26,25.5,4.946,dongdaegu,1,1,True,target_available_at_arrival,available_count>0 at panel tick nearest as_of+tmap_eta,tmap_routes
NT101503,2026-07-30 21:07:53,2026-07-30 21:32:53,2026-07-30 21:37:57,25,24.9,9.063,dongdaegu,1,1,True,target_available_at_arrival,available_count>0 at panel tick nearest as_of+tmap_eta,tmap_routes
PI740111,2026-08-06 22:17:15,2026-08-06 22:43:15,2026-08-06 22:47:17,26,25.9,5.527,dongdaegu,2,2,True,target_available_at_arrival,available_count>0 at panel tick nearest as_of+tmap_eta,tmap_routes
SF000977,2026-08-07 14:02:15,2026-08-07 14:15:15,2026-08-07 14:22:16,13,13.4,2.21,dongdaegu,6,6,True,target_available_at_arrival,available_count>0 at panel tick nearest as_of+tmap_eta,tmap_routes
CV000665,2026-07-29 12:38:27,2026-07-29 13:07:27,2026-07-29 13:08:31,29,29.3,6.294,dongdaegu,3,3,True,target_available_at_arrival,available_count>0 at panel tick nearest as_of+tmap_eta,tmap_routes
EV000673,2026-07-24 05:18:17,2026-07-24 06:16:17,2026-07-24 06:18:37,58,57.5,26.41,dongdaegu,1,1,True,target_available_at_arrival,available_count>0 at panel tick nearest as_of+tmap_eta,tmap_routes
KP003776,2026-08-05 14:41:52,2026-08-05 15:07:52,2026-08-05 15:11:53,26,26.2,5.489,dongdaegu,1,1,True,target_available_at_arrival,available_count>0 at panel tick nearest as_of+tmap_eta,tmap_routes
KP000401,2026-07-26 22:19:57,2026-07-26 22:37:57,2026-07-26 22:39:59,18,18.3,3.635,dongdaegu,4,4,True,target_available_at_arrival,available_count>0 at panel tick nearest as_of+tmap_eta,tmap_routes
CV003560,2026-07-23 11:36:58,2026-07-23 12:32:58,2026-07-23 12:37:30,56,55.9,32.014,dongdaegu,1,1,True,target_available_at_arrival,available_count>0 at panel tick nearest as_of+tmap_eta,tmap_routes
KRC10237,2026-07-27 14:24:37,2026-07-27 14:53:37,2026-07-27 14:54:41,29,29.3,9.232,dongdaegu,1,1,True,target_available_at_arrival,available_count>0 at panel tick nearest as_of+tmap_eta,tmap_routes
CV003282,2026-08-06 04:05:50,2026-08-06 04:38:50,2026-08-06 04:45:51,33,33.1,8.239,dongdaegu,1,1,True,target_available_at_arrival,available_count>0 at panel tick nearest as_of+tmap_eta,tmap_routes
PIH01792,2026-07-26 13:18:42,2026-07-26 13:28:42,2026-07-26 13:28:43,10,10.1,0.893,dongdaegu,1,1,True,target_available_at_arrival,available_count>0 at panel tick nearest as_of+tmap_eta,tmap_routes
CV002144,2026-08-07 02:41:20,2026-08-07 03:26:20,2026-08-07 03:31:22,45,44.6,9.399,dongdaegu,3,3,True,target_available_at_arrival,available_count>0 at panel tick nearest as_of+tmap_eta,tmap_routes
CV001627,2026-08-08 12:27:51,2026-08-08 13:06:51,2026-08-08 13:07:53,39,39.0,13.103,dongdaegu,2,2,True,target_available_at_arrival,available_count>0 at panel tick nearest as_of+tmap_eta,tmap_routes
CV001906,2026-07-28 15:21:39,2026-07-28 15:51:39,2026-07-28 15:52:09,30,29.6,8.24,dongdaegu,2,2,True,target_available_at_arrival,available_count>0 at panel tick nearest as_of+tmap_eta,tmap_routes
CV001768,2026-07-25 23:04:50,2026-07-25 23:57:50,2026-07-26 00:04:58,53,53.0,25.977,dongdaegu,6,6,True,target_available_at_arrival,available_count>0 at panel tick nearest as_of+tmap_eta,tmap_routes
KP004005,2026-08-04 20:57:59,2026-08-04 21:24:59,2026-08-04 21:28:00,27,27.1,6.364,dongdaegu,1,1,True,target_available_at_arrival,available_count>0 at panel tick nearest as_of+tmap_eta,tmap_routes
PC000552,2026-08-07 23:33:24,2026-08-07 23:48:24,2026-08-07 23:53:25,15,14.8,2.52,dongdaegu,2,2,True,target_available_at_arrival,available_count>0 at panel tick nearest as_of+tmap_eta,tmap_routes
EV003858,2026-08-08 02:27:12,2026-08-08 02:37:12,2026-08-08 02:37:12,10,10.2,1.868,dongdaegu,1,1,True,target_available_at_arrival,available_count>0 at panel tick nearest as_of+tmap_eta,tmap_routes
KE001062,2026-07-29 01:06:15,2026-07-29 01:35:15,2026-07-29 01:36:17,29,29.4,9.056,dongdaegu,2,2,True,target_available_at_arrival,available_count>0 at panel tick nearest as_of+tmap_eta,tmap_routes
CV003786,2026-08-05 23:32:31,2026-08-05 23:56:31,2026-08-06 00:02:32,24,23.6,4.545,dongdaegu,11,11,True,target_available_at_arrival,available_count>0 at panel tick nearest as_of+tmap_eta,tmap_routes
CI0F0001,2026-07-23 14:58:19,2026-07-23 15:21:19,2026-07-23 15:23:27,23,22.9,3.818,dongdaegu,1,1,True,target_available_at_arrival,available_count>0 at panel tick nearest as_of+tmap_eta,tmap_routes
PI306105,2026-07-28 01:58:28,2026-07-28 02:11:28,2026-07-28 02:18:30,13,13.3,2.325,dongdaegu,5,5,True,target_available_at_arrival,available_count>0 at panel tick nearest as_of+tmap_eta,tmap_routes
ME18C257,2026-07-29 23:10:22,2026-07-30 00:07:22,2026-07-30 00:12:57,57,57.2,24.092,dongdaegu,2,2,True,target_available_at_arrival,available_count>0 at panel tick nearest as_of+tmap_eta,tmap_routes
PI740435,2026-07-23 07:29:25,2026-07-23 08:07:25,2026-07-23 08:09:42,38,37.5,11.158,dongdaegu,1,1,True,target_available_at_arrival,available_count>0 at panel tick nearest as_of+tmap_eta,tmap_routes
PI740722,2026-08-05 11:41:39,2026-08-05 11:57:39,2026-08-05 12:01:40,16,16.4,2.83,dongdaegu,2,2,True,target_available_at_arrival,available_count>0 at panel tick nearest as_of+tmap_eta,tmap_routes
CV000670,2026-08-06 09:46:11,2026-08-06 10:20:11,2026-08-06 10:26:13,34,34.3,10.214,dongdaegu,1,1,True,target_available_at_arrival,available_count>0 at panel tick nearest as_of+tmap_eta,tmap_routes
CV001706,2026-08-05 12:31:42,2026-08-05 13:26:42,2026-08-05 13:31:46,55,54.8,26.617,dongdaegu,2,1,True,target_available_at_arrival,available_count>0 at panel tick nearest as_of+tmap_eta,tmap_routes
ME23B115,2026-08-04 07:07:00,2026-08-04 07:43:00,2026-08-04 07:47:04,36,35.7,7.443,dongdaegu,1,1,True,target_available_at_arrival,available_count>0 at panel tick nearest as_of+tmap_eta,tmap_routes
PI700593,2026-08-08 14:58:03,2026-08-08 15:18:03,2026-08-08 15:18:04,20,20.1,4.863,dongdaegu,1,1,True,target_available_at_arrival,available_count>0 at panel tick nearest as_of+tmap_eta,tmap_routes
EV005268,2026-07-29 06:37:08,2026-07-29 07:07:08,2026-07-29 07:07:12,30,29.6,10.5,dongdaegu,1,1,True,target_available_at_arrival,available_count>0 at panel tick nearest as_of+tmap_eta,tmap_routes
CV000812,2026-07-26 03:17:07,2026-07-26 03:34:07,2026-07-26 03:37:13,17,16.8,2.36,dongdaegu,1,1,True,target_available_at_arrival,available_count>0 at panel tick nearest as_of+tmap_eta,tmap_routes
CV004464,2026-07-28 10:49:55,2026-07-28 11:13:55,2026-07-28 11:20:07,24,23.7,8.761,dongdaegu,3,4,True,target_available_at_arrival,available_count>0 at panel tick nearest as_of+tmap_eta,tmap_routes
PIS00546,2026-08-08 21:58:39,2026-08-08 22:26:39,2026-08-08 22:28:42,28,28.2,9.181,dongdaegu,12,12,True,target_available_at_arrival,available_count>0 at panel tick nearest as_of+tmap_eta,tmap_routes
CV004482,2026-08-02 04:16:37,2026-08-02 05:01:37,2026-08-02 05:06:43,45,45.4,13.03,dongdaegu,7,7,True,target_available_at_arrival,available_count>0 at panel tick nearest as_of+tmap_eta,tmap_routes
UN000167,2026-08-01 06:19:35,2026-08-01 06:45:35,2026-08-01 06:49:41,26,25.9,6.63,dongdaegu,2,2,True,target_available_at_arrival,available_count>0 at panel tick nearest as_of+tmap_eta,tmap_routes
EV005229,2026-07-27 12:13:58,2026-07-27 12:31:58,2026-07-27 12:34:05,18,17.8,3.927,dongdaegu,3,3,True,target_available_at_arrival,available_count>0 at panel tick nearest as_of+tmap_eta,tmap_routes
PI740455,2026-08-02 18:28:54,2026-08-02 18:45:54,2026-08-02 18:48:58,17,17.0,4.517,dongdaegu,1,0,False,target_available_at_arrival,available_count>0 at panel tick nearest as_of+tmap_eta,tmap_routes
CV002347,2026-08-03 21:54:00,2026-08-03 22:18:00,2026-08-03 22:24:04,24,24.2,9.135,dongdaegu,4,4,True,target_available_at_arrival,available_count>0 at panel tick nearest as_of+tmap_eta,tmap_routes
CV002163,2026-07-23 01:12:44,2026-07-23 01:39:44,2026-07-23 01:42:54,27,26.6,6.988,dongdaegu,2,2,True,target_available_at_arrival,available_count>0 at panel tick nearest as_of+tmap_eta,tmap_routes
CV002690,2026-08-03 11:22:36,2026-08-03 12:16:36,2026-08-03 12:22:39,54,54.3,31.501,dongdaegu,4,4,True,target_available_at_arrival,available_count>0 at panel tick nearest as_of+tmap_eta,tmap_routes
KE000420,2026-08-04 19:47:53,2026-08-04 20:04:53,2026-08-04 20:07:54,17,17.2,3.19,dongdaegu,1,1,True,target_available_at_arrival,available_count>0 at panel tick nearest as_of+tmap_eta,tmap_routes
CV002099,2026-07-30 21:17:54,2026-07-30 21:46:54,2026-07-30 21:47:58,29,28.6,9.096,dongdaegu,3,3,True,target_available_at_arrival,available_count>0 at panel tick nearest as_of+tmap_eta,tmap_routes
EV008162,2026-08-02 16:38:39,2026-08-02 17:15:39,2026-08-02 17:18:45,37,37.1,10.275,dongdaegu,1,1,True,target_available_at_arrival,available_count>0 at panel tick nearest as_of+tmap_eta,tmap_routes
CV003165,2026-07-30 11:15:12,2026-07-30 11:44:12,2026-07-30 11:45:16,29,28.6,8.976,dongdaegu,1,1,True,target_available_at_arrival,available_count>0 at panel tick nearest as_of+tmap_eta,tmap_routes
ME20C185,2026-07-24 06:28:42,2026-07-24 07:03:42,2026-07-24 07:03:57,35,34.6,12.087,dongdaegu,1,1,True,target_available_at_arrival,available_count>0 at panel tick nearest as_of+tmap_eta,tmap_routes
ST277202,2026-07-28 00:06:26,2026-07-28 00:54:26,2026-07-28 00:58:22,48,47.9,35.88,dongdaegu,3,3,True,target_available_at_arrival,available_count>0 at panel tick nearest as_of+tmap_eta,tmap_routes
HY000510,2026-08-04 00:46:42,2026-08-04 01:05:42,2026-08-04 01:06:43,19,19.2,4.088,dongdaegu,2,2,True,target_available_at_arrival,available_count>0 at panel tick nearest as_of+tmap_eta,tmap_routes
PI202986,2026-07-31 17:25:02,2026-07-31 17:38:02,2026-07-31 17:45:05,13,13.3,2.019,dongdaegu,1,1,True,target_available_at_arrival,available_count>0 at panel tick nearest as_of+tmap_eta,tmap_routes
CV001124,2026-07-28 03:38:38,2026-07-28 04:18:38,2026-07-28 04:18:42,40,40.4,13.358,dongdaegu,1,1,True,target_available_at_arrival,available_count>0 at panel tick nearest as_of+tmap_eta,tmap_routes
CU530010,2026-07-19 16:31:20,2026-07-19 16:59:20,2026-07-19 17:01:22,28,27.6,8.681,dongdaegu,6,6,True,target_available_at_arrival,available_count>0 at panel tick nearest as_of+tmap_eta,tmap_routes
CV000501,2026-07-30 21:07:53,2026-07-30 21:30:53,2026-07-30 21:37:57,23,22.9,6.934,dongdaegu,1,1,True,target_available_at_arrival,available_count>0 at panel tick nearest as_of+tmap_eta,tmap_routes
NT100595,2026-07-31 14:13:05,2026-07-31 14:42:05,2026-07-31 14:43:11,29,29.3,9.579,dongdaegu,1,1,True,target_available_at_arrival,available_count>0 at panel tick nearest as_of+tmap_eta,tmap_routes
CV000152,2026-07-28 15:11:38,2026-07-28 15:37:38,2026-07-28 15:41:42,26,25.8,3.903,dongdaegu,2,2,True,target_available_at_arrival,available_count>0 at panel tick nearest as_of+tmap_eta,tmap_routes
NX000018,2026-07-24 14:38:07,2026-07-24 15:05:07,2026-07-24 15:08:16,27,27.1,8.327,dongdaegu,2,2,True,target_available_at_arrival,available_count>0 at panel tick nearest as_of+tmap_eta,tmap_routes
CV000985,2026-07-25 13:34:47,2026-07-25 14:19:47,2026-07-25 14:24:54,45,44.6,13.107,dongdaegu,3,3,True,target_available_at_arrival,available_count>0 at panel tick nearest as_of+tmap_eta,tmap_routes
CV001048,2026-07-24 01:41:52,2026-07-24 02:26:52,2026-07-24 02:27:00,45,45.1,12.446,dongdaegu,1,1,True,target_available_at_arrival,available_count>0 at panel tick nearest as_of+tmap_eta,tmap_routes
CV000750,2026-08-06 15:46:36,2026-08-06 16:46:36,2026-08-06 16:46:39,60,60.4,26.025,dongdaegu,3,3,True,target_available_at_arrival,available_count>0 at panel tick nearest as_of+tmap_eta,tmap_routes
CV001632,2026-08-08 20:08:33,2026-08-08 20:36:33,2026-08-08 20:38:34,28,27.8,8.198,dongdaegu,3,3,True,target_available_at_arrival,available_count>0 at panel tick nearest as_of+tmap_eta,tmap_routes
CV001767,2026-07-29 02:46:31,2026-07-29 03:21:31,2026-07-29 03:26:35,35,35.3,7.264,dongdaegu,2,2,True,target_available_at_arrival,available_count>0 at panel tick nearest as_of+tmap_eta,tmap_routes
CV001580,2026-08-07 22:43:21,2026-08-07 23:03:21,2026-08-07 23:03:22,20,19.6,3.217,dongdaegu,2,2,True,target_available_at_arrival,available_count>0 at panel tick nearest as_of+tmap_eta,tmap_routes
KE000420,2026-07-31 13:53:02,2026-07-31 14:10:02,2026-07-31 14:13:05,17,17.2,3.19,dongdaegu,1,1,True,target_available_at_arrival,available_count>0 at panel tick nearest as_of+tmap_eta,tmap_routes
CV000599,2026-07-28 10:19:48,2026-07-28 10:44:48,2026-07-28 10:49:55,25,25.4,7.913,dongdaegu,2,2,True,target_available_at_arrival,available_count>0 at panel tick nearest as_of+tmap_eta,tmap_routes
CV001632,2026-08-04 11:17:18,2026-08-04 11:45:18,2026-08-04 11:47:24,28,27.8,8.198,dongdaegu,3,3,True,target_available_at_arrival,available_count>0 at panel tick nearest as_of+tmap_eta,tmap_routes
AZ100019,2026-08-08 11:17:46,2026-08-08 11:46:46,2026-08-08 11:47:49,29,28.9,6.805,dongdaegu,2,2,True,target_available_at_arrival,available_count>0 at panel tick nearest as_of+tmap_eta,tmap_routes
PC000442,2026-08-06 09:36:10,2026-08-06 10:03:10,2026-08-06 10:06:12,27,27.2,5.475,dongdaegu,1,1,True,target_available_at_arrival,available_count>0 at panel tick nearest as_of+tmap_eta,tmap_routes
PI807412,2026-07-29 05:36:53,2026-07-29 05:56:53,2026-07-29 05:56:57,20,20.3,3.045,dongdaegu,5,5,True,target_available_at_arrival,available_count>0 at panel tick nearest as_of+tmap_eta,tmap_routes
CV003088,2026-07-23 12:17:18,2026-07-23 12:37:18,2026-07-23 12:37:30,20,19.9,6.027,dongdaegu,1,1,True,target_available_at_arrival,available_count>0 at panel tick nearest as_of+tmap_eta,tmap_routes
CI0F0003,2026-07-24 04:22:57,2026-07-24 05:07:57,2026-07-24 05:08:14,45,44.6,12.526,dongdaegu,1,1,True,target_available_at_arrival,available_count>0 at panel tick nearest as_of+tmap_eta,tmap_routes
EV006285,2026-08-06 01:15:43,2026-08-06 01:32:43,2026-08-06 01:35:44,17,17.3,1.863,dongdaegu,2,2,True,target_available_at_arrival,available_count>0 at panel tick nearest as_of+tmap_eta,tmap_routes
CV002390,2026-08-07 19:22:51,2026-08-07 19:48:51,2026-08-07 19:53:03,26,25.7,8.182,dongdaegu,2,2,True,target_available_at_arrival,available_count>0 at panel tick nearest as_of+tmap_eta,tmap_routes
CV002181,2026-07-26 09:58:11,2026-07-26 10:34:11,2026-07-26 10:38:15,36,35.9,10.517,dongdaegu,4,4,True,target_available_at_arrival,available_count>0 at panel tick nearest as_of+tmap_eta,tmap_routes
SF000844,2026-08-02 09:07:21,2026-08-02 09:44:21,2026-08-02 09:47:28,37,36.6,12.527,dongdaegu,5,6,True,target_available_at_arrival,available_count>0 at panel tick nearest as_of+tmap_eta,tmap_routes
IN053043,2026-08-03 04:02:04,2026-08-03 04:28:04,2026-08-03 04:32:05,26,26.2,7.385,dongdaegu,1,1,True,target_available_at_arrival,available_count>0 at panel tick nearest as_of+tmap_eta,tmap_routes
CV000152,2026-07-26 17:59:20,2026-07-26 18:25:20,2026-07-26 18:29:24,26,25.8,3.903,dongdaegu,1,1,True,target_available_at_arrival,available_count>0 at panel tick nearest as_of+tmap_eta,tmap_routes
CV002099,2026-08-03 13:12:41,2026-08-03 13:41:41,2026-08-03 13:42:43,29,28.6,9.096,dongdaegu,3,3,True,target_available_at_arrival,available_count>0 at panel tick nearest as_of+tmap_eta,tmap_routes
ME22C252,2026-07-26 02:27:02,2026-07-26 02:55:02,2026-07-26 02:57:05,28,28.4,5.748,dongdaegu,1,2,True,target_available_at_arrival,available_count>0 at panel tick nearest as_of+tmap_eta,tmap_routes
CV000556,2026-07-30 19:07:31,2026-07-30 19:47:31,2026-07-30 19:47:37,40,40.5,11.691,dongdaegu,1,1,True,target_available_at_arrival,available_count>0 at panel tick nearest as_of+tmap_eta,tmap_routes
CU530010,2026-08-03 11:02:33,2026-08-03 11:30:33,2026-08-03 11:32:36,28,27.6,8.681,dongdaegu,20,20,True,target_available_at_arrival,available_count>0 at panel tick nearest as_of+tmap_eta,tmap_routes
CU530012,2026-07-24 15:08:16,2026-07-24 15:45:16,2026-07-24 15:48:22,37,36.8,12.536,dongdaegu,5,5,True,target_available_at_arrival,available_count>0 at panel tick nearest as_of+tmap_eta,tmap_routes
PC001131,2026-08-07 21:23:13,2026-08-07 21:38:13,2026-08-07 21:43:16,15,15.4,3.325,dongdaegu,2,2,True,target_available_at_arrival,available_count>0 at panel tick nearest as_of+tmap_eta,tmap_routes
CV003535,2026-08-09 01:13:01,2026-08-09 01:33:01,2026-08-09 01:33:02,20,20.0,3.631,dongdaegu,6,6,True,target_available_at_arrival,available_count>0 at panel tick nearest as_of+tmap_eta,tmap_routes
CV003062,2026-08-07 00:41:16,2026-08-07 01:15:16,2026-08-07 01:21:17,34,34.1,6.923,dongdaegu,4,4,True,target_available_at_arrival,available_count>0 at panel tick nearest as_of+tmap_eta,tmap_routes
CV000750,2026-07-31 09:32:31,2026-07-31 10:32:31,2026-07-31 10:32:38,60,60.4,26.025,dongdaegu,4,4,True,target_available_at_arrival,available_count>0 at panel tick nearest as_of+tmap_eta,tmap_routes
CV000670,2026-08-07 00:21:15,2026-08-07 00:55:15,2026-08-07 01:01:17,34,34.3,10.214,dongdaegu,1,1,True,target_available_at_arrival,available_count>0 at panel tick nearest as_of+tmap_eta,tmap_routes
CV001316,2026-08-05 03:41:05,2026-08-05 04:14:05,2026-08-05 04:21:07,33,32.6,7.903,dongdaegu,2,2,True,target_available_at_arrival,available_count>0 at panel tick nearest as_of+tmap_eta,tmap_routes
KL001745,2026-08-04 15:27:35,2026-08-04 16:17:35,2026-08-04 16:17:37,50,49.8,17.158,dongdaegu,2,2,True,target_available_at_arrival,available_count>0 at panel tick nearest as_of+tmap_eta,tmap_routes
CV003283,2026-07-30 06:23:57,2026-07-30 06:57:57,2026-07-30 07:04:03,34,33.9,8.36,dongdaegu,3,3,True,target_available_at_arrival,available_count>0 at panel tick nearest as_of+tmap_eta,tmap_routes
ST277109,2026-08-06 08:56:08,2026-08-06 09:32:08,2026-08-06 09:36:10,36,35.6,12.799,dongdaegu,2,2,True,target_available_at_arrival,available_count>0 at panel tick nearest as_of+tmap_eta,tmap_routes
SF002354,2026-08-03 13:52:45,2026-08-03 14:16:45,2026-08-03 14:22:47,24,23.6,4.76,dongdaegu,2,2,True,target_available_at_arrival,available_count>0 at panel tick nearest as_of+tmap_eta,tmap_routes
EC270008,2026-08-01 03:29:17,2026-08-01 04:24:17,2026-08-01 04:29:22,55,55.4,17.317,dongdaegu,4,4,True,target_available_at_arrival,available_count>0 at panel tick nearest as_of+tmap_eta,tmap_routes
CV000558,2026-07-30 23:48:13,2026-07-30 23:55:13,2026-07-30 23:58:14,7,7.2,1.25,dongdaegu,1,1,True,target_available_at_arrival,available_count>0 at panel tick nearest as_of+tmap_eta,tmap_routes
PC001255,2026-07-31 17:04:57,2026-07-31 17:24:57,2026-07-31 17:25:02,20,20.3,3.165,dongdaegu,1,1,True,target_available_at_arrival,available_count>0 at panel tick nearest as_of+tmap_eta,tmap_routes
PIS00594,2026-08-08 12:47:52,2026-08-08 13:24:52,2026-08-08 13:27:54,37,37.1,13.531,dongdaegu,27,26,True,target_available_at_arrival,available_count>0 at panel tick nearest as_of+tmap_eta,tmap_routes
PW012357,2026-07-28 01:48:27,2026-07-28 02:21:27,2026-07-28 02:28:31,33,33.0,11.743,dongdaegu,1,1,True,target_available_at_arrival,available_count>0 at panel tick nearest as_of+tmap_eta,tmap_routes
ME18C260,2026-07-21 13:01:38,2026-07-21 13:16:38,2026-07-21 13:21:40,15,14.7,3.117,dongdaegu,2,2,True,target_available_at_arrival,available_count>0 at panel tick nearest as_of+tmap_eta,tmap_routes
CV003042,2026-07-28 05:38:57,2026-07-28 06:14:57,2026-07-28 06:19:01,36,35.9,8.808,dongdaegu,2,2,True,target_available_at_arrival,available_count>0 at panel tick nearest as_of+tmap_eta,tmap_routes
CV002389,2026-08-06 23:37:19,2026-08-07 00:04:19,2026-08-07 00:07:22,27,26.9,8.258,dongdaegu,1,0,False,target_available_at_arrival,available_count>0 at panel tick nearest as_of+tmap_eta,tmap_routes
PI740454,2026-08-06 18:56:50,2026-08-06 19:15:50,2026-08-06 19:16:52,19,19.2,4.511,dongdaegu,1,0,False,target_available_at_arrival,available_count>0 at panel tick nearest as_of+tmap_eta,tmap_routes
AM900048,2026-07-30 19:17:33,2026-07-30 19:41:33,2026-07-30 19:47:37,24,24.0,3.8,dongdaegu,1,1,True,target_available_at_arrival,available_count>0 at panel tick nearest as_of+tmap_eta,tmap_routes
HW000501,2026-08-08 10:37:43,2026-08-08 10:55:43,2026-08-08 10:57:44,18,17.9,3.428,dongdaegu,4,4,True,target_available_at_arrival,available_count>0 at panel tick nearest as_of+tmap_eta,tmap_routes
KE000386,2026-08-03 06:22:12,2026-08-03 06:49:12,2026-08-03 06:52:13,27,27.0,10.39,dongdaegu,2,2,True,target_available_at_arrival,available_count>0 at panel tick nearest as_of+tmap_eta,tmap_routes
CV004606,2026-07-26 20:09:38,2026-07-26 20:43:38,2026-07-26 20:49:44,34,34.1,11.021,dongdaegu,1,1,True,target_available_at_arrival,available_count>0 at panel tick nearest as_of+tmap_eta,tmap_routes
PI203015,2026-08-08 13:47:56,2026-08-08 14:17:56,2026-08-08 14:17:59,30,29.5,8.23,dongdaegu,1,1,True,target_available_at_arrival,available_count>0 at panel tick nearest as_of+tmap_eta,tmap_routes
CV000219,2026-08-06 01:25:44,2026-08-06 02:02:44,2026-08-06 02:05:45,37,37.2,14.875,dongdaegu,2,2,True,target_available_at_arrival,available_count>0 at panel tick nearest as_of+tmap_eta,tmap_routes
CV002346,2026-08-01 15:31:34,2026-08-01 15:47:34,2026-08-01 15:51:37,16,15.5,2.801,dongdaegu,2,1,True,target_available_at_arrival,available_count>0 at panel tick nearest as_of+tmap_eta,tmap_routes
CV000979,2026-08-04 04:26:54,2026-08-04 04:45:54,2026-08-04 04:46:55,19,19.1,5.333,dongdaegu,1,1,True,target_available_at_arrival,available_count>0 at panel tick nearest as_of+tmap_eta,tmap_routes
NT101301,2026-07-30 16:56:48,2026-07-30 17:42:48,2026-07-30 17:47:07,46,46.0,23.701,dongdaegu,2,2,True,target_available_at_arrival,available_count>0 at panel tick nearest as_of+tmap_eta,tmap_routes
PC001162,2026-08-04 23:48:09,2026-08-05 00:46:09,2026-08-05 00:50:59,58,57.5,26.099,dongdaegu,1,1,True,target_available_at_arrival,available_count>0 at panel tick nearest as_of+tmap_eta,tmap_routes
ST271401,2026-08-08 18:38:25,2026-08-08 19:03:25,2026-08-08 19:08:29,25,24.8,8.995,dongdaegu,5,6,True,target_available_at_arrival,available_count>0 at panel tick nearest as_of+tmap_eta,tmap_routes
BE241250,2026-08-03 15:52:51,2026-08-03 16:46:51,2026-08-03 16:52:59,54,54.0,26.162,dongdaegu,2,2,True,target_available_at_arrival,available_count>0 at panel tick nearest as_of+tmap_eta,tmap_routes
CV002389,2026-07-28 09:59:46,2026-07-28 10:26:46,2026-07-28 10:29:53,27,26.9,8.258,dongdaegu,1,1,True,target_available_at_arrival,available_count>0 at panel tick nearest as_of+tmap_eta,tmap_routes
CV003139,2026-07-30 04:23:33,2026-07-30 04:49:33,2026-07-30 04:53:36,26,26.4,8.714,dongdaegu,3,3,True,target_available_at_arrival,available_count>0 at panel tick nearest as_of+tmap_eta,tmap_routes
ST600537,2026-08-08 12:57:53,2026-08-08 13:32:53,2026-08-08 13:37:55,35,35.3,8.786,dongdaegu,3,2,True,target_available_at_arrival,available_count>0 at panel tick nearest as_of+tmap_eta,tmap_routes
CV004541,2026-07-22 21:45:08,2026-07-22 22:01:08,2026-07-22 22:05:13,16,16.1,3.267,dongdaegu,1,1,True,target_available_at_arrival,available_count>0 at panel tick nearest as_of+tmap_eta,tmap_routes
ME18C177,2026-07-23 03:18:15,2026-07-23 04:15:15,2026-07-23 04:18:30,57,57.1,32.73,dongdaegu,1,1,True,target_available_at_arrival,available_count>0 at panel tick nearest as_of+tmap_eta,tmap_routes
CV003479,2026-07-18 21:21:16,2026-07-18 21:44:16,2026-07-18 21:51:18,23,22.6,6.788,dongdaegu,1,1,True,target_available_at_arrival,available_count>0 at panel tick nearest as_of+tmap_eta,tmap_routes
BE241251,2026-08-08 20:18:33,2026-08-08 21:03:33,2026-08-08 21:08:36,45,44.8,26.34,dongdaegu,2,2,True,target_available_at_arrival,available_count>0 at panel tick nearest as_of+tmap_eta,tmap_routes
ST271704,2026-08-08 21:08:36,2026-08-08 21:37:36,2026-08-08 21:38:38,29,29.4,7.17,dongdaegu,1,1,True,target_available_at_arrival,available_count>0 at panel tick nearest as_of+tmap_eta,tmap_routes
PI740252,2026-07-24 11:47:36,2026-07-24 12:11:36,2026-07-24 12:17:39,24,24.0,5.429,dongdaegu,1,1,True,target_available_at_arrival,available_count>0 at panel tick nearest as_of+tmap_eta,tmap_routes
KP005769,2026-08-07 11:52:06,2026-08-07 12:22:06,2026-08-07 12:22:08,30,29.7,9.957,dongdaegu,1,1,True,target_available_at_arrival,available_count>0 at panel tick nearest as_of+tmap_eta,tmap_routes
ME183064,2026-07-18 11:20:32,2026-07-18 11:49:32,2026-07-18 11:50:33,29,29.2,9.767,dongdaegu,1,1,True,target_available_at_arrival,available_count>0 at panel tick nearest as_of+tmap_eta,tmap_routes
ST271704,2026-08-05 21:42:26,2026-08-05 22:11:26,2026-08-05 22:12:27,29,29.4,7.17,dongdaegu,1,1,True,target_available_at_arrival,available_count>0 at panel tick nearest as_of+tmap_eta,tmap_routes
SF000231,2026-07-30 12:05:18,2026-07-30 12:29:18,2026-07-30 12:35:22,24,23.5,3.866,dongdaegu,1,1,True,target_available_at_arrival,available_count>0 at panel tick nearest as_of+tmap_eta,tmap_routes
EV005191,2026-08-05 20:02:20,2026-08-05 20:37:20,2026-08-05 20:42:22,35,34.7,9.647,dongdaegu,1,1,True,target_available_at_arrival,available_count>0 at panel tick nearest as_of+tmap_eta,tmap_routes
EV008719,2026-07-24 12:07:38,2026-07-24 12:36:38,2026-07-24 12:37:46,29,29.2,8.45,dongdaegu,1,1,True,target_available_at_arrival,available_count>0 at panel tick nearest as_of+tmap_eta,tmap_routes
PIS00553,2026-08-04 11:57:24,2026-08-04 12:15:24,2026-08-04 12:17:25,18,17.6,3.52,dongdaegu,10,10,True,target_available_at_arrival,available_count>0 at panel tick nearest as_of+tmap_eta,tmap_routes
KE001011,2026-08-06 04:15:50,2026-08-06 04:45:50,2026-08-06 04:45:51,30,29.5,5.032,dongdaegu,2,2,True,target_available_at_arrival,available_count>0 at panel tick nearest as_of+tmap_eta,tmap_routes
CV001124,2026-07-24 06:58:56,2026-07-24 07:38:56,2026-07-24 07:39:08,40,40.4,13.358,dongdaegu,1,1,True,target_available_at_arrival,available_count>0 at panel tick nearest as_of+tmap_eta,tmap_routes
ST601225,2026-08-04 07:47:04,2026-08-04 07:57:04,2026-08-04 07:57:04,10,9.8,1.871,dongdaegu,2,2,True,target_available_at_arrival,available_count>0 at panel tick nearest as_of+tmap_eta,tmap_routes
CV001589,2026-08-06 15:46:36,2026-08-06 16:10:36,2026-08-06 16:16:38,24,24.1,5.73,dongdaegu,2,2,True,target_available_at_arrival,available_count>0 at panel tick nearest as_of+tmap_eta,tmap_routes
SF003187,2026-08-06 10:26:13,2026-08-06 10:56:13,2026-08-06 10:56:15,30,29.6,9.475,dongdaegu,6,6,True,target_available_at_arrival,available_count>0 at panel tick nearest as_of+tmap_eta,tmap_routes
PC000132,2026-07-31 20:25:41,2026-07-31 20:45:41,2026-07-31 20:45:44,20,20.3,6.481,dongdaegu,1,1,True,target_available_at_arrival,available_count>0 at panel tick nearest as_of+tmap_eta,tmap_routes
CV004736,2026-07-26 20:29:41,2026-07-26 21:26:41,2026-07-26 21:29:49,57,57.4,24.095,dongdaegu,2,2,True,target_available_at_arrival,available_count>0 at panel tick nearest as_of+tmap_eta,tmap_routes
KP000240,2026-07-31 13:22:59,2026-07-31 14:16:59,2026-07-31 14:23:09,54,53.8,25.79,dongdaegu,2,2,True,target_available_at_arrival,available_count>0 at panel tick nearest as_of+tmap_eta,tmap_routes
PC000159,2026-07-29 02:46:31,2026-07-29 03:36:31,2026-07-29 03:36:35,50,49.6,14.896,dongdaegu,1,1,True,target_available_at_arrival,available_count>0 at panel tick nearest as_of+tmap_eta,tmap_routes
CV001318,2026-08-03 20:13:55,2026-08-03 20:41:55,2026-08-03 20:43:57,28,28.5,5.908,dongdaegu,3,3,True,target_available_at_arrival,available_count>0 at panel tick nearest as_of+tmap_eta,tmap_routes
CV000540,2026-07-23 07:19:23,2026-07-23 07:43:23,2026-07-23 07:44:33,24,24.5,6.65,dongdaegu,1,1,True,target_available_at_arrival,available_count>0 at panel tick nearest as_of+tmap_eta,tmap_routes
HM001574,2026-08-01 10:30:30,2026-08-01 10:48:30,2026-08-01 10:50:33,18,17.6,1.66,dongdaegu,1,1,True,target_available_at_arrival,available_count>0 at panel tick nearest as_of+tmap_eta,tmap_routes
KP003777,2026-08-02 06:06:49,2026-08-02 06:20:49,2026-08-02 06:26:57,14,13.6,3.777,dongdaegu,1,1,True,target_available_at_arrival,available_count>0 at panel tick nearest as_of+tmap_eta,tmap_routes
RE000181,2026-08-06 14:06:26,2026-08-06 14:32:26,2026-08-06 14:36:28,26,25.7,4.925,dongdaegu,2,2,True,target_available_at_arrival,available_count>0 at panel tick nearest as_of+tmap_eta,tmap_routes
PC000296,2026-08-04 08:47:08,2026-08-04 09:04:08,2026-08-04 09:07:09,17,16.9,3.783,dongdaegu,2,2,True,target_available_at_arrival,available_count>0 at panel tick nearest as_of+tmap_eta,tmap_routes
CV000665,2026-08-01 08:19:55,2026-08-01 08:48:55,2026-08-01 08:50:02,29,29.3,6.294,dongdaegu,3,3,True,target_available_at_arrival,available_count>0 at panel tick nearest as_of+tmap_eta,tmap_routes
CV000154,2026-08-03 05:32:08,2026-08-03 06:07:08,2026-08-03 06:12:11,35,35.4,11.631,dongdaegu,2,2,True,target_available_at_arrival,available_count>0 at panel tick nearest as_of+tmap_eta,tmap_routes
HW000692,2026-07-26 23:00:02,2026-07-26 23:08:02,2026-07-26 23:10:04,8,8.3,1.603,dongdaegu,1,1,True,target_available_at_arrival,available_count>0 at panel tick nearest as_of+tmap_eta,tmap_routes
PIH01712,2026-07-22 22:00:12,2026-07-22 22:21:12,2026-07-22 22:25:18,21,20.9,3.36,dongdaegu,1,1,True,target_available_at_arrival,available_count>0 at panel tick nearest as_of+tmap_eta,tmap_routes
EP220264,2026-08-06 01:25:44,2026-08-06 02:01:44,2026-08-06 02:05:45,36,35.6,11.349,dongdaegu,1,1,True,target_available_at_arrival,available_count>0 at panel tick nearest as_of+tmap_eta,tmap_routes
CU530004,2026-07-28 06:09:00,2026-07-28 06:19:00,2026-07-28 06:19:01,10,9.6,1.543,dongdaegu,4,4,True,target_available_at_arrival,available_count>0 at panel tick nearest as_of+tmap_eta,tmap_routes
CV000630,2026-07-28 03:48:39,2026-07-28 04:04:39,2026-07-28 04:08:41,16,16.5,2.193,dongdaegu,1,1,True,target_available_at_arrival,available_count>0 at panel tick nearest as_of+tmap_eta,tmap_routes
CV001464,2026-08-05 18:42:09,2026-08-05 19:08:09,2026-08-05 19:12:11,26,26.3,7.512,dongdaegu,2,2,True,target_available_at_arrival,available_count>0 at panel tick nearest as_of+tmap_eta,tmap_routes
CV000978,2026-07-26 17:29:16,2026-07-26 17:54:16,2026-07-26 17:59:20,25,25.3,6.225,dongdaegu,3,3,True,target_available_at_arrival,available_count>0 at panel tick nearest as_of+tmap_eta,tmap_routes
PI530314,2026-08-01 22:02:50,2026-08-01 22:56:50,2026-08-01 23:02:57,54,54.5,39.869,dongdaegu,2,2,True,target_available_at_arrival,available_count>0 at panel tick nearest as_of+tmap_eta,tmap_routes
PI740398,2026-08-04 09:07:09,2026-08-04 09:23:09,2026-08-04 09:27:10,16,16.2,2.184,dongdaegu,1,1,True,target_available_at_arrival,available_count>0 at panel tick nearest as_of+tmap_eta,tmap_routes
PIS00550,2026-07-21 15:52:34,2026-07-21 15:58:34,2026-07-21 16:02:34,6,6.3,0.388,dongdaegu,1,2,True,target_available_at_arrival,available_count>0 at panel tick nearest as_of+tmap_eta,tmap_routes
IN053060,2026-08-01 09:40:15,2026-08-01 09:56:15,2026-08-01 10:00:18,16,16.1,1.214,dongdaegu,2,2,True,target_available_at_arrival,available_count>0 at panel tick nearest as_of+tmap_eta,tmap_routes
EV006616,2026-08-03 07:32:15,2026-08-03 08:10:15,2026-08-03 08:12:19,38,37.6,13.391,dongdaegu,1,1,True,target_available_at_arrival,available_count>0 at panel tick nearest as_of+tmap_eta,tmap_routes
ME18C263,2026-08-07 08:11:43,2026-08-07 09:05:43,2026-08-07 09:11:51,54,54.1,25.684,dongdaegu,2,2,True,target_available_at_arrival,available_count>0 at panel tick nearest as_of+tmap_eta,tmap_routes
SF000584,2026-08-05 01:41:00,2026-08-05 02:11:00,2026-08-05 02:11:02,30,30.2,10.541,dongdaegu,1,1,True,target_available_at_arrival,available_count>0 at panel tick nearest as_of+tmap_eta,tmap_routes
ME25C276,2026-08-02 00:25:56,2026-08-02 01:23:56,2026-08-02 01:26:08,58,58.0,30.689,dongdaegu,2,2,True,target_available_at_arrival,available_count>0 at panel tick nearest as_of+tmap_eta,tmap_routes
ME21B301,2026-07-31 22:26:06,2026-07-31 23:01:06,2026-07-31 23:06:11,35,34.6,12.022,dongdaegu,2,2,True,target_available_at_arrival,available_count>0 at panel tick nearest as_of+tmap_eta,tmap_routes
PI530319,2026-07-23 10:16:07,2026-07-23 10:40:07,2026-07-23 10:41:27,24,24.1,8.34,dongdaegu,1,1,True,target_available_at_arrival,available_count>0 at panel tick nearest as_of+tmap_eta,tmap_routes
ME25C168,2026-07-23 03:13:13,2026-07-23 03:56:13,2026-07-23 03:58:23,43,42.7,12.324,dongdaegu,1,1,True,target_available_at_arrival,available_count>0 at panel tick nearest as_of+tmap_eta,tmap_routes
HY000130,2026-07-28 13:31:11,2026-07-28 13:59:11,2026-07-28 14:01:15,28,28.1,9.534,dongdaegu,1,1,True,target_available_at_arrival,available_count>0 at panel tick nearest as_of+tmap_eta,tmap_routes
ST272902,2026-07-29 15:28:49,2026-07-29 16:01:49,2026-07-29 16:08:53,33,32.9,11.66,dongdaegu,1,1,True,target_available_at_arrival,available_count>0 at panel tick nearest as_of+tmap_eta,tmap_routes
PIH00094,2026-07-18 09:05:19,2026-07-18 09:31:19,2026-07-18 09:35:20,26,25.6,9.271,dongdaegu,2,2,True,target_available_at_arrival,available_count>0 at panel tick nearest as_of+tmap_eta,tmap_routes
ME18C264,2026-07-25 07:51:20,2026-07-25 08:19:20,2026-07-25 08:19:42,28,27.7,8.834,dongdaegu,1,2,True,target_available_at_arrival,available_count>0 at panel tick nearest as_of+tmap_eta,tmap_routes
ME183055,2026-07-31 18:05:08,2026-07-31 18:45:08,2026-07-31 18:45:19,40,40.0,13.395,dongdaegu,1,1,True,target_available_at_arrival,available_count>0 at panel tick nearest as_of+tmap_eta,tmap_routes
ME183062,2026-07-31 16:14:42,2026-07-31 16:52:42,2026-07-31 16:54:53,38,38.3,13.119,dongdaegu,1,1,True,target_available_at_arrival,available_count>0 at panel tick nearest as_of+tmap_eta,tmap_routes
ST601237,2026-08-01 15:21:33,2026-08-01 15:37:33,2026-08-01 15:41:35,16,16.1,3.81,dongdaegu,2,2,True,target_available_at_arrival,available_count>0 at panel tick nearest as_of+tmap_eta,tmap_routes
CV003141,2026-08-03 10:22:31,2026-08-03 11:09:31,2026-08-03 11:12:35,47,46.7,21.256,dongdaegu,2,2,True,target_available_at_arrival,available_count>0 at panel tick nearest as_of+tmap_eta,tmap_routes
LU000904,2026-07-31 07:32:03,2026-07-31 07:59:03,2026-07-31 08:02:10,27,27.0,8.074,dongdaegu,2,5,True,target_available_at_arrival,available_count>0 at panel tick nearest as_of+tmap_eta,tmap_routes
HE000883,2026-08-06 22:37:16,2026-08-06 23:06:16,2026-08-06 23:07:18,29,29.2,9.221,dongdaegu,21,21,True,target_available_at_arrival,available_count>0 at panel tick nearest as_of+tmap_eta,tmap_routes
CV000701,2026-08-04 10:17:15,2026-08-04 11:02:15,2026-08-04 11:07:17,45,44.6,14.992,dongdaegu,3,3,True,target_available_at_arrival,available_count>0 at panel tick nearest as_of+tmap_eta,tmap_routes
ME183062,2026-08-01 23:43:01,2026-08-02 00:21:01,2026-08-02 00:25:56,38,38.3,13.119,dongdaegu,1,1,True,target_available_at_arrival,available_count>0 at panel tick nearest as_of+tmap_eta,tmap_routes
KP002189,2026-07-23 09:05:36,2026-07-23 09:20:36,2026-07-23 09:20:40,15,15.4,3.325,dongdaegu,1,1,True,target_available_at_arrival,available_count>0 at panel tick nearest as_of+tmap_eta,tmap_routes
JA270012,2026-08-06 20:16:55,2026-08-06 20:45:55,2026-08-06 20:47:05,29,29.1,10.507,dongdaegu,10,10,True,target_available_at_arrival,available_count>0 at panel tick nearest as_of+tmap_eta,tmap_routes
EV005433,2026-08-03 22:44:05,2026-08-03 23:23:05,2026-08-03 23:24:08,39,39.4,9.3,dongdaegu,1,1,True,target_available_at_arrival,available_count>0 at panel tick nearest as_of+tmap_eta,tmap_routes
LU100689,2026-08-03 02:32:00,2026-08-03 03:28:00,2026-08-03 03:32:03,56,56.1,25.94,dongdaegu,2,2,True,target_available_at_arrival,available_count>0 at panel tick nearest as_of+tmap_eta,tmap_routes
CV002181,2026-07-29 08:37:42,2026-07-29 09:13:42,2026-07-29 09:17:56,36,35.9,10.517,dongdaegu,5,5,True,target_available_at_arrival,available_count>0 at panel tick nearest as_of+tmap_eta,tmap_routes
SF000324,2026-08-08 20:28:34,2026-08-08 21:06:34,2026-08-08 21:08:36,38,38.0,12.916,dongdaegu,9,9,True,target_available_at_arrival,available_count>0 at panel tick nearest as_of+tmap_eta,tmap_routes
NT101503,2026-07-25 19:44:24,2026-07-25 20:09:24,2026-07-25 20:14:28,25,24.9,9.063,dongdaegu,1,1,True,target_available_at_arrival,available_count>0 at panel tick nearest as_of+tmap_eta,tmap_routes
CV001891,2026-08-07 02:51:21,2026-08-07 03:31:21,2026-08-07 03:31:22,40,39.5,13.333,dongdaegu,5,5,True,target_available_at_arrival,available_count>0 at panel tick nearest as_of+tmap_eta,tmap_routes
CV000814,2026-07-31 05:51:37,2026-07-31 06:21:37,2026-07-31 06:21:40,30,29.9,6.292,dongdaegu,1,1,True,target_available_at_arrival,available_count>0 at panel tick nearest as_of+tmap_eta,tmap_routes
PI740249,2026-08-04 16:47:41,2026-08-04 17:11:41,2026-08-04 17:17:43,24,23.7,5.418,dongdaegu,2,2,True,target_available_at_arrival,available_count>0 at panel tick nearest as_of+tmap_eta,tmap_routes
ST600400,2026-07-23 13:52:51,2026-07-23 14:53:51,2026-07-23 14:58:19,61,61.1,22.42,dongdaegu,3,0,False,target_available_at_arrival,available_count>0 at panel tick nearest as_of+tmap_eta,tmap_routes
PI740243,2026-07-27 10:53:45,2026-07-27 11:06:45,2026-07-27 11:13:47,13,12.8,1.975,dongdaegu,1,1,True,target_available_at_arrival,available_count>0 at panel tick nearest as_of+tmap_eta,tmap_routes
CV002012,2026-08-07 03:31:22,2026-08-07 04:05:22,2026-08-07 04:11:25,34,33.6,10.327,dongdaegu,1,0,False,target_available_at_arrival,available_count>0 at panel tick nearest as_of+tmap_eta,tmap_routes
EV006297,2026-07-29 10:18:04,2026-07-29 10:36:04,2026-07-29 10:38:06,18,17.9,4.098,dongdaegu,1,1,True,target_available_at_arrival,available_count>0 at panel tick nearest as_of+tmap_eta,tmap_routes
PC000306,2026-08-06 05:45:53,2026-08-06 06:24:53,2026-08-06 06:25:55,39,39.1,12.302,dongdaegu,4,4,True,target_available_at_arrival,available_count>0 at panel tick nearest as_of+tmap_eta,tmap_routes
EV008152,2026-08-01 11:30:40,2026-08-01 11:56:40,2026-08-01 12:00:43,26,25.8,7.784,dongdaegu,6,6,True,target_available_at_arrival,available_count>0 at panel tick nearest as_of+tmap_eta,tmap_routes
CV004302,2026-08-05 14:31:51,2026-08-05 14:58:51,2026-08-05 15:01:53,27,27.2,6.116,dongdaegu,1,1,True,target_available_at_arrival,available_count>0 at panel tick nearest as_of+tmap_eta,tmap_routes
CV004326,2026-08-06 11:56:18,2026-08-06 12:43:18,2026-08-06 12:46:20,47,47.1,21.479,dongdaegu,2,2,True,target_available_at_arrival,available_count>0 at panel tick nearest as_of+tmap_eta,tmap_routes
BNBN0585,2026-07-18 19:36:08,2026-07-18 20:17:08,2026-07-18 20:21:11,41,41.0,9.074,dongdaegu,1,1,True,target_available_at_arrival,available_count>0 at panel tick nearest as_of+tmap_eta,tmap_routes
PC000270,2026-08-05 22:12:27,2026-08-05 22:38:27,2026-08-05 22:42:29,26,25.8,9.071,dongdaegu,2,2,True,target_available_at_arrival,available_count>0 at panel tick nearest as_of+tmap_eta,tmap_routes
CV000799,2026-07-31 01:50:52,2026-07-31 02:34:52,2026-07-31 02:40:57,44,43.8,8.916,dongdaegu,1,1,True,target_available_at_arrival,available_count>0 at panel tick nearest as_of+tmap_eta,tmap_routes
EV005267,2026-08-07 19:43:02,2026-08-07 20:13:02,2026-08-07 20:13:04,30,29.6,10.5,dongdaegu,1,1,True,target_available_at_arrival,available_count>0 at panel tick nearest as_of+tmap_eta,tmap_routes
KE000354,2026-07-29 19:19:40,2026-07-29 19:36:40,2026-07-29 19:39:43,17,16.6,4.132,dongdaegu,2,2,True,target_available_at_arrival,available_count>0 at panel tick nearest as_of+tmap_eta,tmap_routes
CV004296,2026-08-01 11:00:34,2026-08-01 11:33:34,2026-08-01 11:40:41,33,32.6,16.54,dongdaegu,1,1,True,target_available_at_arrival,available_count>0 at panel tick nearest as_of+tmap_eta,tmap_routes
PI740574,2026-07-30 19:37:36,2026-07-30 19:57:36,2026-07-30 19:57:39,20,19.7,4.629,dongdaegu,3,3,True,target_available_at_arrival,available_count>0 at panel tick nearest as_of+tmap_eta,tmap_routes
SF002746,2026-07-30 07:14:04,2026-07-30 07:30:04,2026-07-30 07:34:13,16,15.8,2.055,dongdaegu,4,4,True,target_available_at_arrival,available_count>0 at panel tick nearest as_of+tmap_eta,tmap_routes
SF000844,2026-07-24 08:16:52,2026-07-24 08:53:52,2026-07-24 08:57:07,37,36.6,12.527,dongdaegu,1,1,True,target_available_at_arrival,available_count>0 at panel tick nearest as_of+tmap_eta,tmap_routes
EV003741,2026-08-05 15:41:55,2026-08-05 16:11:55,2026-08-05 16:11:57,30,29.6,8.772,dongdaegu,2,2,True,target_available_at_arrival,available_count>0 at panel tick nearest as_of+tmap_eta,tmap_routes
CV004555,2026-07-23 03:23:17,2026-07-23 03:43:17,2026-07-23 03:43:21,20,19.8,3.775,dongdaegu,2,2,True,target_available_at_arrival,available_count>0 at panel tick nearest as_of+tmap_eta,tmap_routes
EV006229,2026-08-02 00:03:03,2026-08-02 00:41:03,2026-08-02 00:46:00,38,37.6,13.391,dongdaegu,1,1,True,target_available_at_arrival,available_count>0 at panel tick nearest as_of+tmap_eta,tmap_routes
PC001839,2026-07-29 04:16:41,2026-07-29 04:39:41,2026-07-29 04:46:47,23,23.3,6.246,dongdaegu,1,1,True,target_available_at_arrival,available_count>0 at panel tick nearest as_of+tmap_eta,tmap_routes
EV005964,2026-08-02 12:37:59,2026-08-02 13:22:59,2026-08-02 13:28:10,45,44.7,15.164,dongdaegu,2,2,True,target_available_at_arrival,available_count>0 at panel tick nearest as_of+tmap_eta,tmap_routes
PI740250,2026-07-28 16:02:10,2026-07-28 16:26:10,2026-07-28 16:32:17,24,23.5,5.437,dongdaegu,1,1,True,target_available_at_arrival,available_count>0 at panel tick nearest as_of+tmap_eta,tmap_routes
ME22C1A2,2026-08-08 15:38:05,2026-08-08 16:17:05,2026-08-08 16:18:07,39,39.2,13.424,dongdaegu,1,0,False,target_available_at_arrival,available_count>0 at panel tick nearest as_of+tmap_eta,tmap_routes
CV003090,2026-07-25 18:34:12,2026-07-25 19:22:12,2026-07-25 19:24:21,48,48.2,11.633,dongdaegu,1,1,True,target_available_at_arrival,available_count>0 at panel tick nearest as_of+tmap_eta,tmap_routes
ME20C185,2026-08-06 17:16:41,2026-08-06 17:51:41,2026-08-06 17:56:46,35,34.6,12.087,dongdaegu,1,1,True,target_available_at_arrival,available_count>0 at panel tick nearest as_of+tmap_eta,tmap_routes
EV008163,2026-07-26 03:37:13,2026-07-26 04:15:13,2026-07-26 04:17:17,38,37.7,10.328,dongdaegu,1,1,True,target_available_at_arrival,available_count>0 at panel tick nearest as_of+tmap_eta,tmap_routes
SBSB0019,2026-08-02 03:06:28,2026-08-02 03:42:28,2026-08-02 03:46:34,36,36.1,13.307,dongdaegu,1,1,True,target_available_at_arrival,available_count>0 at panel tick nearest as_of+tmap_eta,tmap_routes
HW000553,2026-08-03 12:52:40,2026-08-03 13:08:40,2026-08-03 13:12:41,16,16.5,3.974,dongdaegu,1,1,True,target_available_at_arrival,available_count>0 at panel tick nearest as_of+tmap_eta,tmap_routes
CV003079,2026-07-23 05:03:43,2026-07-23 05:19:43,2026-07-23 05:23:48,16,16.3,3.908,dongdaegu,1,1,True,target_available_at_arrival,available_count>0 at panel tick nearest as_of+tmap_eta,tmap_routes
AZ100021,2026-07-26 19:59:36,2026-07-26 20:29:36,2026-07-26 20:29:41,30,29.5,8.226,dongdaegu,2,2,True,target_available_at_arrival,available_count>0 at panel tick nearest as_of+tmap_eta,tmap_routes
DC530001,2026-08-08 19:18:30,2026-08-08 19:54:30,2026-08-08 19:58:32,36,35.9,10.361,dongdaegu,6,6,True,target_available_at_arrival,available_count>0 at panel tick nearest as_of+tmap_eta,tmap_routes
CV000538,2026-07-28 12:20:36,2026-07-28 12:54:36,2026-07-28 13:01:09,34,34.5,6.499,dongdaegu,1,1,True,target_available_at_arrival,available_count>0 at panel tick nearest as_of+tmap_eta,tmap_routes
CV002107,2026-07-20 13:30:09,2026-07-20 13:53:09,2026-07-20 14:00:10,23,22.6,2.375,dongdaegu,1,1,True,target_available_at_arrival,available_count>0 at panel tick nearest as_of+tmap_eta,tmap_routes
TS272301,2026-07-31 18:05:08,2026-07-31 18:24:08,2026-07-31 18:25:12,19,19.3,3.204,dongdaegu,1,1,True,target_available_at_arrival,available_count>0 at panel tick nearest as_of+tmap_eta,tmap_routes
DC530018,2026-07-23 05:43:54,2026-07-23 05:55:54,2026-07-23 05:58:57,12,11.8,1.16,dongdaegu,6,6,True,target_available_at_arrival,available_count>0 at panel tick nearest as_of+tmap_eta,tmap_routes
PI770811,2026-08-04 06:46:59,2026-08-04 07:06:59,2026-08-04 07:07:00,20,19.5,3.036,dongdaegu,2,2,True,target_available_at_arrival,available_count>0 at panel tick nearest as_of+tmap_eta,tmap_routes
KP002183,2026-07-30 10:44:59,2026-07-30 10:58:59,2026-07-30 11:05:01,14,14.1,4.396,dongdaegu,1,1,True,target_available_at_arrival,available_count>0 at panel tick nearest as_of+tmap_eta,tmap_routes
CV003084,2026-07-31 02:10:54,2026-07-31 02:53:54,2026-07-31 03:01:02,43,43.2,12.141,dongdaegu,1,1,True,target_available_at_arrival,available_count>0 at panel tick nearest as_of+tmap_eta,tmap_routes
CV000896,2026-07-30 13:55:52,2026-07-30 14:39:52,2026-07-30 14:46:08,44,43.9,9.703,dongdaegu,15,15,True,target_available_at_arrival,available_count>0 at panel tick nearest as_of+tmap_eta,tmap_routes
GS000145,2026-07-31 12:02:47,2026-07-31 12:41:47,2026-07-31 12:42:52,39,39.3,14.116,dongdaegu,2,2,True,target_available_at_arrival,available_count>0 at panel tick nearest as_of+tmap_eta,tmap_routes
PI530310,2026-07-26 08:58:04,2026-07-26 09:23:04,2026-07-26 09:28:07,25,25.0,7.513,dongdaegu,2,2,True,target_available_at_arrival,available_count>0 at panel tick nearest as_of+tmap_eta,tmap_routes
EV005837,2026-08-04 19:37:52,2026-08-04 20:03:52,2026-08-04 20:07:54,26,26.4,7.33,dongdaegu,2,1,True,target_available_at_arrival,available_count>0 at panel tick nearest as_of+tmap_eta,tmap_routes
NT101503,2026-08-01 03:19:16,2026-08-01 03:44:16,2026-08-01 03:49:19,25,24.9,9.063,dongdaegu,1,1,True,target_available_at_arrival,available_count>0 at panel tick nearest as_of+tmap_eta,tmap_routes
PW015039,2026-07-23 04:38:36,2026-07-23 05:05:36,2026-07-23 05:08:43,27,27.1,7.757,dongdaegu,1,1,True,target_available_at_arrival,available_count>0 at panel tick nearest as_of+tmap_eta,tmap_routes
LU003143,2026-07-30 09:04:27,2026-07-30 09:22:27,2026-07-30 09:24:36,18,17.9,4.605,dongdaegu,3,3,True,target_available_at_arrival,available_count>0 at panel tick nearest as_of+tmap_eta,tmap_routes
ME183144,2026-07-23 14:53:09,2026-07-23 15:49:09,2026-07-23 15:53:35,56,56.2,27.909,dongdaegu,3,3,True,target_available_at_arrival,available_count>0 at panel tick nearest as_of+tmap_eta,tmap_routes
CU530004,2026-08-05 19:22:14,2026-08-05 19:32:14,2026-08-05 19:32:14,10,9.6,1.543,dongdaegu,5,5,True,target_available_at_arrival,available_count>0 at panel tick nearest as_of+tmap_eta,tmap_routes
CV003075,2026-07-24 03:37:19,2026-07-24 04:03:19,2026-07-24 04:07:53,26,26.1,8.655,dongdaegu,1,1,True,target_available_at_arrival,available_count>0 at panel tick nearest as_of+tmap_eta,tmap_routes
PC000235,2026-08-03 15:12:49,2026-08-03 15:25:49,2026-08-03 15:32:50,13,12.8,1.908,dongdaegu,3,3,True,target_available_at_arrival,available_count>0 at panel tick nearest as_of+tmap_eta,tmap_routes
HE001131,2026-07-26 07:27:42,2026-07-26 07:46:42,2026-07-26 07:47:51,19,18.6,3.1,dongdaegu,11,11,True,target_available_at_arrival,available_count>0 at panel tick nearest as_of+tmap_eta,tmap_routes
KP004798,2026-08-03 06:52:13,2026-08-03 06:59:13,2026-08-03 07:02:13,7,7.4,1.273,dongdaegu,2,2,True,target_available_at_arrival,available_count>0 at panel tick nearest as_of+tmap_eta,tmap_routes
KRC10088,2026-08-04 18:07:46,2026-08-04 18:43:46,2026-08-04 18:47:48,36,36.4,11.942,dongdaegu,1,1,True,target_available_at_arrival,available_count>0 at panel tick nearest as_of+tmap_eta,tmap_routes
SF001285,2026-08-03 08:22:20,2026-08-03 09:06:20,2026-08-03 09:12:25,44,44.5,9.471,dongdaegu,11,11,True,target_available_at_arrival,available_count>0 at panel tick nearest as_of+tmap_eta,tmap_routes
CV001768,2026-08-05 02:31:03,2026-08-05 03:24:03,2026-08-05 03:31:05,53,53.0,25.977,dongdaegu,9,8,True,target_available_at_arrival,available_count>0 at panel tick nearest as_of+tmap_eta,tmap_routes
EV005964,2026-08-07 10:31:58,2026-08-07 11:16:58,2026-08-07 11:22:05,45,44.7,15.164,dongdaegu,2,2,True,target_available_at_arrival,available_count>0 at panel tick nearest as_of+tmap_eta,tmap_routes
ME21B198,2026-07-31 06:51:46,2026-07-31 07:11:46,2026-07-31 07:12:00,20,20.2,2.393,dongdaegu,1,1,True,target_available_at_arrival,available_count>0 at panel tick nearest as_of+tmap_eta,tmap_routes
PIH01900,2026-07-31 11:32:44,2026-07-31 11:47:44,2026-07-31 11:52:46,15,15.4,2.819,dongdaegu,1,1,True,target_available_at_arrival,available_count>0 at panel tick nearest as_of+tmap_eta,tmap_routes
CV000567,2026-07-26 07:17:41,2026-07-26 07:46:41,2026-07-26 07:47:51,29,28.6,4.444,dongdaegu,1,1,True,target_available_at_arrival,available_count>0 at panel tick nearest as_of+tmap_eta,tmap_routes
ME22D192,2026-07-26 08:58:04,2026-07-26 09:42:04,2026-07-26 09:48:10,44,44.5,12.379,dongdaegu,1,1,True,target_available_at_arrival,available_count>0 at panel tick nearest as_of+tmap_eta,tmap_routes
PIS00565,2026-08-07 03:51:25,2026-08-07 04:15:25,2026-08-07 04:21:26,24,24.1,9.01,dongdaegu,10,10,True,target_available_at_arrival,available_count>0 at panel tick nearest as_of+tmap_eta,tmap_routes
RE000154,2026-08-03 14:42:48,2026-08-03 15:06:48,2026-08-03 15:12:49,24,24.5,8.606,dongdaegu,3,3,True,target_available_at_arrival,available_count>0 at panel tick nearest as_of+tmap_eta,tmap_routes
ME18C261,2026-07-23 14:58:19,2026-07-23 15:51:19,2026-07-23 15:53:35,53,53.0,31.983,dongdaegu,2,2,True,target_available_at_arrival,available_count>0 at panel tick nearest as_of+tmap_eta,tmap_routes
HE240512,2026-07-20 10:29:46,2026-07-20 10:58:46,2026-07-20 10:59:53,29,29.2,9.227,dongdaegu,1,1,True,target_available_at_arrival,available_count>0 at panel tick nearest as_of+tmap_eta,tmap_routes
EV012412,2026-08-08 19:48:32,2026-08-08 20:18:32,2026-08-08 20:18:33,30,29.9,6.418,dongdaegu,6,6,True,target_available_at_arrival,available_count>0 at panel tick nearest as_of+tmap_eta,tmap_routes
CV003098,2026-07-20 22:01:10,2026-07-20 22:10:10,2026-07-20 22:11:11,9,9.0,1.042,dongdaegu,1,1,True,target_available_at_arrival,available_count>0 at panel tick nearest as_of+tmap_eta,tmap_routes
ME23A218,2026-07-24 01:31:49,2026-07-24 01:48:49,2026-07-24 01:51:54,17,17.0,2.221,dongdaegu,2,2,True,target_available_at_arrival,available_count>0 at panel tick nearest as_of+tmap_eta,tmap_routes
CV003565,2026-07-27 10:13:40,2026-07-27 10:40:40,2026-07-27 10:43:44,27,26.6,7.173,dongdaegu,3,3,True,target_available_at_arrival,available_count>0 at panel tick nearest as_of+tmap_eta,tmap_routes
CV001323,2026-08-02 10:27:35,2026-08-02 10:30:35,2026-08-02 10:37:39,3,2.7,0.18,dongdaegu,2,2,True,target_available_at_arrival,available_count>0 at panel tick nearest as_of+tmap_eta,tmap_routes
CU530001,2026-08-07 14:32:17,2026-08-07 15:06:17,2026-08-07 15:12:27,34,33.8,11.393,dongdaegu,1,1,True,target_available_at_arrival,available_count>0 at panel tick nearest as_of+tmap_eta,tmap_routes
CV001002,2026-07-26 12:28:35,2026-07-26 12:46:35,2026-07-26 12:48:38,18,17.5,3.402,dongdaegu,3,3,True,target_available_at_arrival,available_count>0 at panel tick nearest as_of+tmap_eta,tmap_routes
PI780101,2026-07-28 19:03:03,2026-07-28 19:28:03,2026-07-28 19:33:12,25,24.6,6.622,dongdaegu,1,1,True,target_available_at_arrival,available_count>0 at panel tick nearest as_of+tmap_eta,tmap_routes
KP002182,2026-08-03 23:24:08,2026-08-03 23:39:08,2026-08-03 23:44:08,15,15.0,2.363,dongdaegu,5,5,True,target_available_at_arrival,available_count>0 at panel tick nearest as_of+tmap_eta,tmap_routes
CV002471,2026-07-22 10:59:32,2026-07-22 11:17:32,2026-07-22 11:19:42,18,18.0,2.552,dongdaegu,2,2,True,target_available_at_arrival,available_count>0 at panel tick nearest as_of+tmap_eta,tmap_routes
CV003139,2026-08-03 03:52:04,2026-08-03 04:18:04,2026-08-03 04:22:05,26,26.4,8.714,dongdaegu,3,3,True,target_available_at_arrival,available_count>0 at panel tick nearest as_of+tmap_eta,tmap_routes
ST601139,2026-08-08 11:17:46,2026-08-08 11:44:46,2026-08-08 11:47:49,27,27.2,4.663,dongdaegu,2,2,True,target_available_at_arrival,available_count>0 at panel tick nearest as_of+tmap_eta,tmap_routes
PI000129,2026-08-02 18:28:54,2026-08-02 18:54:54,2026-08-02 18:58:59,26,25.7,6.621,dongdaegu,1,1,True,target_available_at_arrival,available_count>0 at panel tick nearest as_of+tmap_eta,tmap_routes
ST600336,2026-07-30 08:34:22,2026-07-30 08:40:22,2026-07-30 08:44:23,6,6.3,0.045,dongdaegu,5,5,True,target_available_at_arrival,available_count>0 at panel tick nearest as_of+tmap_eta,tmap_routes
CV002346,2026-07-28 19:23:10,2026-07-28 19:39:10,2026-07-28 19:43:13,16,15.5,2.801,dongdaegu,2,2,True,target_available_at_arrival,available_count>0 at panel tick nearest as_of+tmap_eta,tmap_routes
KP003779,2026-08-01 04:49:24,2026-08-01 05:29:24,2026-08-01 05:29:28,40,40.5,17.466,dongdaegu,1,1,True,target_available_at_arrival,available_count>0 at panel tick nearest as_of+tmap_eta,tmap_routes
CV002115,2026-08-09 04:13:10,2026-08-09 04:43:10,2026-08-09 04:43:11,30,29.8,9.615,dongdaegu,4,4,True,target_available_at_arrival,available_count>0 at panel tick nearest as_of+tmap_eta,tmap_routes
SF000231,2026-07-30 07:24:10,2026-07-30 07:48:10,2026-07-30 07:54:16,24,23.5,3.866,dongdaegu,1,1,True,target_available_at_arrival,available_count>0 at panel tick nearest as_of+tmap_eta,tmap_routes
PI740349,2026-08-03 20:43:57,2026-08-03 21:33:57,2026-08-03 21:33:59,50,50.5,27.821,dongdaegu,2,2,True,target_available_at_arrival,available_count>0 at panel tick nearest as_of+tmap_eta,tmap_routes
KP003777,2026-07-26 22:50:00,2026-07-26 23:04:00,2026-07-26 23:10:04,14,13.6,3.777,dongdaegu,1,1,True,target_available_at_arrival,available_count>0 at panel tick nearest as_of+tmap_eta,tmap_routes
KRC10237,2026-07-20 16:15:48,2026-07-20 16:44:48,2026-07-20 16:45:52,29,29.3,9.232,dongdaegu,2,2,True,target_available_at_arrival,available_count>0 at panel tick nearest as_of+tmap_eta,tmap_routes
ST272921,2026-07-29 10:28:05,2026-07-29 11:04:05,2026-07-29 11:08:11,36,36.5,13.409,dongdaegu,1,1,True,target_available_at_arrival,available_count>0 at panel tick nearest as_of+tmap_eta,tmap_routes
PI740524,2026-07-28 18:43:00,2026-07-28 18:57:00,2026-07-28 19:03:03,14,14.4,2.794,dongdaegu,4,4,True,target_available_at_arrival,available_count>0 at panel tick nearest as_of+tmap_eta,tmap_routes
PW015100,2026-08-06 12:36:20,2026-08-06 13:06:20,2026-08-06 13:06:21,30,30.1,5.782,dongdaegu,1,1,True,target_available_at_arrival,available_count>0 at panel tick nearest as_of+tmap_eta,tmap_routes
CV000555,2026-07-24 12:07:38,2026-07-24 12:17:38,2026-07-24 12:17:39,10,9.6,1.415,dongdaegu,1,1,True,target_available_at_arrival,available_count>0 at panel tick nearest as_of+tmap_eta,tmap_routes
ME19C403,2026-07-23 02:33:06,2026-07-23 02:59:06,2026-07-23 03:03:11,26,26.0,8.922,dongdaegu,2,1,True,target_available_at_arrival,available_count>0 at panel tick nearest as_of+tmap_eta,tmap_routes
PI750070,2026-07-24 18:29:00,2026-07-24 18:47:00,2026-07-24 18:49:06,18,18.3,3.62,dongdaegu,3,3,True,target_available_at_arrival,available_count>0 at panel tick nearest as_of+tmap_eta,tmap_routes
HE000883,2026-08-03 23:04:07,2026-08-03 23:33:07,2026-08-03 23:34:08,29,29.2,9.221,dongdaegu,21,21,True,target_available_at_arrival,available_count>0 at panel tick nearest as_of+tmap_eta,tmap_routes
CV002253,2026-08-07 17:42:40,2026-08-07 18:28:40,2026-08-07 18:32:47,46,46.0,21.152,dongdaegu,16,14,True,target_available_at_arrival,available_count>0 at panel tick nearest as_of+tmap_eta,tmap_routes
CV001545,2026-07-26 03:07:06,2026-07-26 03:55:06,2026-07-26 03:57:14,48,48.1,22.949,dongdaegu,2,2,True,target_available_at_arrival,available_count>0 at panel tick nearest as_of+tmap_eta,tmap_routes
CV001779,2026-07-23 09:40:51,2026-07-23 10:36:51,2026-07-23 10:41:27,56,55.6,14.536,dongdaegu,4,4,True,target_available_at_arrival,available_count>0 at panel tick nearest as_of+tmap_eta,tmap_routes
PI203015,2026-07-30 05:03:40,2026-07-30 05:33:40,2026-07-30 05:33:43,30,29.5,8.23,dongdaegu,1,1,True,target_available_at_arrival,available_count>0 at panel tick nearest as_of+tmap_eta,tmap_routes
PIS00551,2026-08-03 11:22:36,2026-08-03 11:47:36,2026-08-03 11:52:37,25,25.1,8.977,dongdaegu,5,5,True,target_available_at_arrival,available_count>0 at panel tick nearest as_of+tmap_eta,tmap_routes
PC000554,2026-07-30 07:14:04,2026-07-30 08:12:04,2026-07-30 08:14:19,58,58.1,26.015,dongdaegu,2,2,True,target_available_at_arrival,available_count>0 at panel tick nearest as_of+tmap_eta,tmap_routes
CV001495,2026-07-24 08:26:54,2026-07-24 09:19:54,2026-07-24 09:27:11,53,53.3,26.138,dongdaegu,1,2,True,target_available_at_arrival,available_count>0 at panel tick nearest as_of+tmap_eta,tmap_routes
PI740374,2026-07-31 07:12:00,2026-07-31 07:39:00,2026-07-31 07:42:04,27,27.0,8.019,dongdaegu,1,1,True,target_available_at_arrival,available_count>0 at panel tick nearest as_of+tmap_eta,tmap_routes
DC530003,2026-08-03 23:44:08,2026-08-04 00:03:08,2026-08-04 00:04:09,19,18.8,3.965,dongdaegu,2,2,True,target_available_at_arrival,available_count>0 at panel tick nearest as_of+tmap_eta,tmap_routes
PI740664,2026-07-27 12:23:59,2026-07-27 13:02:59,2026-07-27 13:04:13,39,39.1,12.199,dongdaegu,1,1,True,target_available_at_arrival,available_count>0 at panel tick nearest as_of+tmap_eta,tmap_routes
ST601045,2026-08-02 19:09:00,2026-08-02 19:48:00,2026-08-02 19:49:09,39,39.0,11.261,dongdaegu,11,11,True,target_available_at_arrival,available_count>0 at panel tick nearest as_of+tmap_eta,tmap_routes
NT101508,2026-07-31 10:22:37,2026-07-31 10:55:37,2026-07-31 11:02:41,33,32.9,10.835,dongdaegu,1,1,True,target_available_at_arrival,available_count>0 at panel tick nearest as_of+tmap_eta,tmap_routes
ME18C178,2026-08-06 04:15:50,2026-08-06 04:35:50,2026-08-06 04:35:51,20,20.5,5.293,dongdaegu,1,1,True,target_available_at_arrival,available_count>0 at panel tick nearest as_of+tmap_eta,tmap_routes
CV003560,2026-07-23 10:46:30,2026-07-23 11:42:30,2026-07-23 11:47:12,56,55.9,32.014,dongdaegu,1,1,True,target_available_at_arrival,available_count>0 at panel tick nearest as_of+tmap_eta,tmap_routes
ME18C261,2026-07-24 11:27:30,2026-07-24 12:20:30,2026-07-24 12:27:45,53,53.0,31.983,dongdaegu,2,2,True,target_available_at_arrival,available_count>0 at panel tick nearest as_of+tmap_eta,tmap_routes
CV003158,2026-08-08 11:47:49,2026-08-08 12:33:49,2026-08-08 12:37:52,46,46.5,15.819,dongdaegu,1,1,True,target_available_at_arrival,available_count>0 at panel tick nearest as_of+tmap_eta,tmap_routes
CV003565,2026-07-28 05:28:57,2026-07-28 05:55:57,2026-07-28 05:58:59,27,26.6,7.173,dongdaegu,2,2,True,target_available_at_arrival,available_count>0 at panel tick nearest as_of+tmap_eta,tmap_routes
CV002350,2026-08-05 19:22:14,2026-08-05 20:10:14,2026-08-05 20:12:21,48,47.8,13.156,dongdaegu,1,2,True,target_available_at_arrival,available_count>0 at panel tick nearest as_of+tmap_eta,tmap_routes
KP003780,2026-07-29 00:46:13,2026-07-29 01:23:13,2026-07-29 01:26:17,37,37.2,9.349,dongdaegu,1,1,True,target_available_at_arrival,available_count>0 at panel tick nearest as_of+tmap_eta,tmap_routes
PW015051,2026-07-26 00:56:51,2026-07-26 01:11:51,2026-07-26 01:16:55,15,14.8,2.673,dongdaegu,1,1,True,target_available_at_arrival,available_count>0 at panel tick nearest as_of+tmap_eta,tmap_routes
CV003087,2026-08-04 00:04:09,2026-08-04 00:35:09,2026-08-04 00:36:42,31,31.3,11.058,dongdaegu,1,1,True,target_available_at_arrival,available_count>0 at panel tick nearest as_of+tmap_eta,tmap_routes
PI740263,2026-07-31 01:40:51,2026-07-31 02:23:51,2026-07-31 02:30:56,43,43.4,15.153,dongdaegu,1,1,True,target_available_at_arrival,available_count>0 at panel tick nearest as_of+tmap_eta,tmap_routes
ME25C276,2026-07-26 13:48:45,2026-07-26 14:46:45,2026-07-26 14:48:53,58,58.0,30.689,dongdaegu,2,2,True,target_available_at_arrival,available_count>0 at panel tick nearest as_of+tmap_eta,tmap_routes
ST277201,2026-07-31 17:04:57,2026-07-31 17:58:57,2026-07-31 18:05:08,54,53.7,43.013,dongdaegu,4,3,True,target_available_at_arrival,available_count>0 at panel tick nearest as_of+tmap_eta,tmap_routes
CV004699,2026-07-22 17:11:04,2026-07-22 17:27:04,2026-07-22 17:31:23,16,15.8,4.103,dongdaegu,1,1,True,target_available_at_arrival,available_count>0 at panel tick nearest as_of+tmap_eta,tmap_routes
ME22D1C0,2026-08-02 03:16:29,2026-08-02 03:41:29,2026-08-02 03:46:34,25,24.9,8.86,dongdaegu,1,1,True,target_available_at_arrival,available_count>0 at panel tick nearest as_of+tmap_eta,tmap_routes
BNBN0584,2026-08-08 20:38:34,2026-08-08 21:04:34,2026-08-08 21:08:36,26,26.1,5.553,dongdaegu,3,3,True,target_available_at_arrival,available_count>0 at panel tick nearest as_of+tmap_eta,tmap_routes
CV003078,2026-07-30 13:35:43,2026-07-30 14:30:43,2026-07-30 14:36:07,55,54.9,26.032,dongdaegu,1,1,True,target_available_at_arrival,available_count>0 at panel tick nearest as_of+tmap_eta,tmap_routes
EV005837,2026-07-28 18:32:58,2026-07-28 18:58:58,2026-07-28 19:03:03,26,26.4,7.33,dongdaegu,2,2,True,target_available_at_arrival,available_count>0 at panel tick nearest as_of+tmap_eta,tmap_routes
EV005269,2026-07-23 12:57:37,2026-07-23 13:27:37,2026-07-23 13:27:45,30,29.6,10.474,dongdaegu,3,3,True,target_available_at_arrival,available_count>0 at panel tick nearest as_of+tmap_eta,tmap_routes
KE000375,2026-08-05 01:31:00,2026-08-05 02:00:00,2026-08-05 02:01:01,29,29.2,9.751,dongdaegu,2,2,True,target_available_at_arrival,available_count>0 at panel tick nearest as_of+tmap_eta,tmap_routes
ME21A140,2026-07-22 21:27:11,2026-07-22 22:20:11,2026-07-22 22:20:17,53,53.0,40.12,dongdaegu,1,1,True,target_available_at_arrival,available_count>0 at panel tick nearest as_of+tmap_eta,tmap_routes
CV001555,2026-08-03 07:12:14,2026-08-03 08:02:14,2026-08-03 08:02:19,50,49.7,14.36,dongdaegu,4,4,True,target_available_at_arrival,available_count>0 at panel tick nearest as_of+tmap_eta,tmap_routes
PIH00573,2026-08-02 22:29:27,2026-08-02 22:49:27,2026-08-02 22:49:28,20,20.4,3.842,dongdaegu,2,2,True,target_available_at_arrival,available_count>0 at panel tick nearest as_of+tmap_eta,tmap_routes
CV002203,2026-07-27 00:00:08,2026-07-27 00:35:08,2026-07-27 00:42:18,35,35.2,13.714,dongdaegu,3,3,True,target_available_at_arrival,available_count>0 at panel tick nearest as_of+tmap_eta,tmap_routes
LU003123,2026-08-07 18:02:44,2026-08-07 18:09:44,2026-08-07 18:12:44,7,7.1,1.253,dongdaegu,2,2,True,target_available_at_arrival,available_count>0 at panel tick nearest as_of+tmap_eta,tmap_routes
CV003763,2026-08-03 04:42:06,2026-08-03 05:22:06,2026-08-03 05:22:07,40,40.0,9.438,dongdaegu,4,4,True,target_available_at_arrival,available_count>0 at panel tick nearest as_of+tmap_eta,tmap_routes
CV000818,2026-07-30 10:04:44,2026-07-30 10:41:44,2026-07-30 10:44:59,37,37.1,11.9,dongdaegu,1,1,True,target_available_at_arrival,available_count>0 at panel tick nearest as_of+tmap_eta,tmap_routes
SF002642,2026-07-27 14:54:41,2026-07-27 15:08:41,2026-07-27 15:14:45,14,13.8,2.135,dongdaegu,3,3,True,target_available_at_arrival,available_count>0 at panel tick nearest as_of+tmap_eta,tmap_routes
DC530017,2026-07-23 05:03:43,2026-07-23 05:35:43,2026-07-23 05:38:51,32,31.8,9.87,dongdaegu,2,2,True,target_available_at_arrival,available_count>0 at panel tick nearest as_of+tmap_eta,tmap_routes
PIS00546,2026-07-24 20:59:30,2026-07-24 21:27:30,2026-07-24 21:29:34,28,28.2,9.181,dongdaegu,10,10,True,target_available_at_arrival,available_count>0 at panel tick nearest as_of+tmap_eta,tmap_routes
PI740287,2026-07-26 16:29:08,2026-07-26 16:47:08,2026-07-26 16:49:11,18,18.2,2.761,dongdaegu,1,1,True,target_available_at_arrival,available_count>0 at panel tick nearest as_of+tmap_eta,tmap_routes
HM710014,2026-08-03 11:22:36,2026-08-03 11:59:36,2026-08-03 12:02:38,37,37.1,6.887,dongdaegu,2,2,True,target_available_at_arrival,available_count>0 at panel tick nearest as_of+tmap_eta,tmap_routes
CV002348,2026-07-28 03:28:37,2026-07-28 04:13:37,2026-07-28 04:18:42,45,45.2,15.52,dongdaegu,9,9,True,target_available_at_arrival,available_count>0 at panel tick nearest as_of+tmap_eta,tmap_routes
PI700382,2026-07-30 19:07:31,2026-07-30 19:25:31,2026-07-30 19:27:34,18,17.7,1.24,dongdaegu,1,1,True,target_available_at_arrival,available_count>0 at panel tick nearest as_of+tmap_eta,tmap_routes
ST601259,2026-07-30 02:53:11,2026-07-30 03:17:11,2026-07-30 03:23:20,24,24.4,7.589,dongdaegu,1,1,True,target_available_at_arrival,available_count>0 at panel tick nearest as_of+tmap_eta,tmap_routes
ME24A244,2026-07-24 04:48:06,2026-07-24 05:43:06,2026-07-24 05:43:22,55,54.7,27.807,dongdaegu,2,2,True,target_available_at_arrival,available_count>0 at panel tick nearest as_of+tmap_eta,tmap_routes
PIH01276,2026-08-07 21:33:15,2026-08-07 21:48:15,2026-08-07 21:53:16,15,15.4,3.464,dongdaegu,15,15,True,target_available_at_arrival,available_count>0 at panel tick nearest as_of+tmap_eta,tmap_routes
EO000005,2026-08-07 21:03:11,2026-08-07 21:41:11,2026-08-07 21:43:16,38,38.0,9.744,dongdaegu,1,1,True,target_available_at_arrival,available_count>0 at panel tick nearest as_of+tmap_eta,tmap_routes
PL033630,2026-07-26 07:57:52,2026-07-26 08:13:52,2026-07-26 08:17:56,16,15.7,2.058,dongdaegu,1,1,True,target_available_at_arrival,available_count>0 at panel tick nearest as_of+tmap_eta,tmap_routes
KP000401,2026-07-29 04:56:50,2026-07-29 05:14:50,2026-07-29 05:16:52,18,18.3,3.635,dongdaegu,4,3,True,target_available_at_arrival,available_count>0 at panel tick nearest as_of+tmap_eta,tmap_routes
CV000103,2026-08-05 07:41:17,2026-08-05 08:09:17,2026-08-05 08:11:19,28,28.4,9.288,dongdaegu,1,1,True,target_available_at_arrival,available_count>0 at panel tick nearest as_of+tmap_eta,tmap_routes
KE001051,2026-07-26 07:37:45,2026-07-26 08:00:45,2026-07-26 08:07:55,23,22.6,3.639,dongdaegu,2,1,True,target_available_at_arrival,available_count>0 at panel tick nearest as_of+tmap_eta,tmap_routes
ME18C263,2026-07-31 16:24:46,2026-07-31 17:18:46,2026-07-31 17:25:02,54,54.1,25.684,dongdaegu,1,2,True,target_available_at_arrival,available_count>0 at panel tick nearest as_of+tmap_eta,tmap_routes
CV000982,2026-08-03 07:52:18,2026-08-03 08:18:18,2026-08-03 08:22:20,26,25.6,7.243,dongdaegu,1,1,True,target_available_at_arrival,available_count>0 at panel tick nearest as_of+tmap_eta,tmap_routes
CV003165,2026-08-05 02:51:04,2026-08-05 03:20:04,2026-08-05 03:21:05,29,28.6,8.976,dongdaegu,1,1,True,target_available_at_arrival,available_count>0 at panel tick nearest as_of+tmap_eta,tmap_routes
IN053073,2026-08-02 02:06:16,2026-08-02 02:26:16,2026-08-02 02:26:19,20,20.5,4.346,dongdaegu,8,8,True,target_available_at_arrival,available_count>0 at panel tick nearest as_of+tmap_eta,tmap_routes
KP003774,2026-08-03 22:24:04,2026-08-03 22:57:04,2026-08-03 23:04:07,33,32.7,11.159,dongdaegu,1,1,True,target_available_at_arrival,available_count>0 at panel tick nearest as_of+tmap_eta,tmap_routes
CV003453,2026-08-03 02:11:59,2026-08-03 02:27:59,2026-08-03 02:32:00,16,16.1,3.323,dongdaegu,2,2,True,target_available_at_arrival,available_count>0 at panel tick nearest as_of+tmap_eta,tmap_routes
PI000645,2026-07-27 00:12:15,2026-07-27 00:29:15,2026-07-27 00:32:17,17,17.3,3.85,dongdaegu,1,1,True,target_available_at_arrival,available_count>0 at panel tick nearest as_of+tmap_eta,tmap_routes
ME184069,2026-07-28 11:30:08,2026-07-28 11:48:08,2026-07-28 11:50:19,18,18.1,3.348,dongdaegu,1,1,True,target_available_at_arrival,available_count>0 at panel tick nearest as_of+tmap_eta,tmap_routes
CV001396,2026-08-05 01:00:59,2026-08-05 01:10:59,2026-08-05 01:10:59,10,10.2,0.829,dongdaegu,1,1,True,target_available_at_arrival,available_count>0 at panel tick nearest as_of+tmap_eta,tmap_routes
EV012413,2026-07-29 14:58:45,2026-07-29 15:28:45,2026-07-29 15:28:49,30,29.9,6.418,dongdaegu,6,6,True,target_available_at_arrival,available_count>0 at panel tick nearest as_of+tmap_eta,tmap_routes
ME25C170,2026-08-06 15:16:34,2026-08-06 15:45:34,2026-08-06 15:46:36,29,28.6,8.088,dongdaegu,1,1,True,target_available_at_arrival,available_count>0 at panel tick nearest as_of+tmap_eta,tmap_routes
CV003454,2026-07-23 02:48:09,2026-07-23 03:04:09,2026-07-23 03:08:12,16,16.1,3.323,dongdaegu,1,1,True,target_available_at_arrival,available_count>0 at panel tick nearest as_of+tmap_eta,tmap_routes
KP004856,2026-07-26 13:58:46,2026-07-26 14:45:46,2026-07-26 14:48:53,47,47.0,18.39,dongdaegu,1,1,True,target_available_at_arrival,available_count>0 at panel tick nearest as_of+tmap_eta,tmap_routes
ME18C171,2026-08-02 19:19:02,2026-08-02 19:43:02,2026-08-02 19:49:09,24,23.6,4.864,dongdaegu,1,1,True,target_available_at_arrival,available_count>0 at panel tick nearest as_of+tmap_eta,tmap_routes
CV003117,2026-07-29 11:48:21,2026-07-29 12:37:21,2026-07-29 12:38:27,49,48.7,17.255,dongdaegu,1,1,True,target_available_at_arrival,available_count>0 at panel tick nearest as_of+tmap_eta,tmap_routes
ST271705,2026-08-07 13:22:13,2026-08-07 13:46:13,2026-08-07 13:52:15,24,24.4,6.552,dongdaegu,1,1,True,target_available_at_arrival,available_count>0 at panel tick nearest as_of+tmap_eta,tmap_routes
CV002371,2026-07-31 17:25:02,2026-07-31 17:55:02,2026-07-31 17:55:07,30,29.7,7.719,dongdaegu,2,2,True,target_available_at_arrival,available_count>0 at panel tick nearest as_of+tmap_eta,tmap_routes
PI740574,2026-08-05 18:52:10,2026-08-05 19:12:10,2026-08-05 19:12:11,20,19.7,4.629,dongdaegu,2,2,True,target_available_at_arrival,available_count>0 at panel tick nearest as_of+tmap_eta,tmap_routes
CV003479,2026-07-30 21:37:57,2026-07-30 22:00:57,2026-07-30 22:08:00,23,22.6,6.788,dongdaegu,1,1,True,target_available_at_arrival,available_count>0 at panel tick nearest as_of+tmap_eta,tmap_routes
IN053069,2026-08-04 02:46:50,2026-08-04 03:09:50,2026-08-04 03:16:51,23,23.0,4.503,dongdaegu,14,14,True,target_available_at_arrival,available_count>0 at panel tick nearest as_of+tmap_eta,tmap_routes
HY000978,2026-08-07 10:52:03,2026-08-07 11:05:03,2026-08-07 11:12:04,13,13.4,2.845,dongdaegu,3,3,True,target_available_at_arrival,available_count>0 at panel tick nearest as_of+tmap_eta,tmap_routes
ME22D254,2026-08-03 20:23:56,2026-08-03 21:09:56,2026-08-03 21:13:58,46,46.2,13.899,dongdaegu,2,2,True,target_available_at_arrival,available_count>0 at panel tick nearest as_of+tmap_eta,tmap_routes
ME18C265,2026-07-31 14:03:04,2026-07-31 14:33:04,2026-07-31 14:33:10,30,30.0,11.147,dongdaegu,1,2,True,target_available_at_arrival,available_count>0 at panel tick nearest as_of+tmap_eta,tmap_routes
CV004336,2026-07-31 12:42:52,2026-07-31 13:22:52,2026-07-31 13:22:59,40,40.0,13.158,dongdaegu,8,9,True,target_available_at_arrival,available_count>0 at panel tick nearest as_of+tmap_eta,tmap_routes
ME183064,2026-08-02 04:56:42,2026-08-02 05:25:42,2026-08-02 05:26:45,29,29.2,9.767,dongdaegu,1,1,True,target_available_at_arrival,available_count>0 at panel tick nearest as_of+tmap_eta,tmap_routes
CV000567,2026-08-07 16:02:32,2026-08-07 16:31:32,2026-08-07 16:32:34,29,28.6,4.444,dongdaegu,1,1,True,target_available_at_arrival,available_count>0 at panel tick nearest as_of+tmap_eta,tmap_routes
HE240485,2026-07-27 02:12:25,2026-07-27 02:42:25,2026-07-27 02:42:28,30,29.7,8.57,dongdaegu,2,2,True,target_available_at_arrival,available_count>0 at panel tick nearest as_of+tmap_eta,tmap_routes
HE240385,2026-07-23 13:47:50,2026-07-23 14:49:50,2026-07-23 14:53:09,62,62.4,24.796,dongdaegu,1,2,True,target_available_at_arrival,available_count>0 at panel tick nearest as_of+tmap_eta,tmap_routes
CV003119,2026-08-06 09:56:12,2026-08-06 10:34:12,2026-08-06 10:36:13,38,37.5,7.142,dongdaegu,1,1,True,target_available_at_arrival,available_count>0 at panel tick nearest as_of+tmap_eta,tmap_routes
HW000702,2026-08-07 13:22:13,2026-08-07 14:15:13,2026-08-07 14:22:16,53,53.2,25.508,dongdaegu,1,1,True,target_available_at_arrival,available_count>0 at panel tick nearest as_of+tmap_eta,tmap_routes
ST601440,2026-08-05 05:01:08,2026-08-05 05:20:08,2026-08-05 05:21:09,19,18.7,3.878,dongdaegu,1,1,True,target_available_at_arrival,available_count>0 at panel tick nearest as_of+tmap_eta,tmap_routes
ME183061,2026-07-21 22:33:11,2026-07-21 22:49:11,2026-07-21 22:53:13,16,15.5,1.801,dongdaegu,1,1,True,target_available_at_arrival,available_count>0 at panel tick nearest as_of+tmap_eta,tmap_routes
ME18C259,2026-07-31 06:41:45,2026-07-31 07:05:45,2026-07-31 07:12:00,24,23.8,6.576,dongdaegu,2,2,True,target_available_at_arrival,available_count>0 at panel tick nearest as_of+tmap_eta,tmap_routes
CV003464,2026-07-29 12:58:30,2026-07-29 13:25:30,2026-07-29 13:28:33,27,27.0,5.866,dongdaegu,3,2,True,target_available_at_arrival,available_count>0 at panel tick nearest as_of+tmap_eta,tmap_routes
ME19E139,2026-08-07 14:52:18,2026-08-07 15:59:18,2026-08-07 16:02:32,67,66.8,33.463,dongdaegu,1,1,True,target_available_at_arrival,available_count>0 at panel tick nearest as_of+tmap_eta,tmap_routes
ST601225,2026-07-24 07:59:18,2026-07-24 08:09:18,2026-07-24 08:09:21,10,9.8,1.871,dongdaegu,2,2,True,target_available_at_arrival,available_count>0 at panel tick nearest as_of+tmap_eta,tmap_routes
CV002144,2026-07-22 21:55:11,2026-07-22 22:40:11,2026-07-22 22:40:21,45,44.6,9.399,dongdaegu,2,2,True,target_available_at_arrival,available_count>0 at panel tick nearest as_of+tmap_eta,tmap_routes
CV000599,2026-08-08 16:28:08,2026-08-08 16:53:08,2026-08-08 16:58:13,25,25.4,7.913,dongdaegu,2,2,True,target_available_at_arrival,available_count>0 at panel tick nearest as_of+tmap_eta,tmap_routes
EC005054,2026-08-03 04:22:05,2026-08-03 04:42:05,2026-08-03 04:42:06,20,20.0,3.423,dongdaegu,2,2,True,target_available_at_arrival,available_count>0 at panel tick nearest as_of+tmap_eta,tmap_routes
CV000224,2026-07-26 05:27:25,2026-07-26 05:45:25,2026-07-26 05:47:29,18,17.5,3.322,dongdaegu,5,5,True,target_available_at_arrival,available_count>0 at panel tick nearest as_of+tmap_eta,tmap_routes
CV001637,2026-07-28 23:03:44,2026-07-28 23:41:44,2026-07-28 23:43:51,38,38.4,17.352,dongdaegu,1,1,True,target_available_at_arrival,available_count>0 at panel tick nearest as_of+tmap_eta,tmap_routes
KP000401,2026-08-01 02:49:12,2026-08-01 03:07:12,2026-08-01 03:09:14,18,18.3,3.635,dongdaegu,3,3,True,target_available_at_arrival,available_count>0 at panel tick nearest as_of+tmap_eta,tmap_routes
CV003463,2026-07-31 17:15:00,2026-07-31 17:29:00,2026-07-31 17:35:04,14,13.8,2.782,dongdaegu,1,1,True,target_available_at_arrival,available_count>0 at panel tick nearest as_of+tmap_eta,tmap_routes
HE000883,2026-08-04 21:07:59,2026-08-04 21:36:59,2026-08-04 21:38:03,29,29.2,9.221,dongdaegu,17,18,True,target_available_at_arrival,available_count>0 at panel tick nearest as_of+tmap_eta,tmap_routes
CV001941,2026-07-31 06:31:41,2026-07-31 06:45:41,2026-07-31 06:51:46,14,14.5,2.314,dongdaegu,1,1,True,target_available_at_arrival,available_count>0 at panel tick nearest as_of+tmap_eta,tmap_routes
EV013929,2026-07-27 02:42:28,2026-07-27 03:16:28,2026-07-27 03:22:31,34,34.1,9.214,dongdaegu,1,1,True,target_available_at_arrival,available_count>0 at panel tick nearest as_of+tmap_eta,tmap_routes
CV001462,2026-08-03 21:03:58,2026-08-03 21:27:58,2026-08-03 21:33:59,24,23.7,5.26,dongdaegu,2,2,True,target_available_at_arrival,available_count>0 at panel tick nearest as_of+tmap_eta,tmap_routes
CV001904,2026-08-04 03:06:51,2026-08-04 03:30:51,2026-08-04 03:36:52,24,23.9,6.982,dongdaegu,2,2,True,target_available_at_arrival,available_count>0 at panel tick nearest as_of+tmap_eta,tmap_routes
ME23B115,2026-07-21 16:02:34,2026-07-21 16:38:34,2026-07-21 16:42:51,36,35.7,7.443,dongdaegu,1,1,True,target_available_at_arrival,available_count>0 at panel tick nearest as_of+tmap_eta,tmap_routes
CV001219,2026-08-02 09:57:31,2026-08-02 10:11:31,2026-08-02 10:17:34,14,14.0,2.364,dongdaegu,3,3,True,target_available_at_arrival,available_count>0 at panel tick nearest as_of+tmap_eta,tmap_routes
CV003479,2026-07-30 00:12:57,2026-07-30 00:35:57,2026-07-30 00:42:59,23,22.6,6.788,dongdaegu,1,1,True,target_available_at_arrival,available_count>0 at panel tick nearest as_of+tmap_eta,tmap_routes
EC270004,2026-08-03 22:14:04,2026-08-03 22:30:04,2026-08-03 22:34:05,16,15.7,3.318,dongdaegu,4,4,True,target_available_at_arrival,available_count>0 at panel tick nearest as_of+tmap_eta,tmap_routes
CV001594,2026-08-04 18:47:48,2026-08-04 19:13:48,2026-08-04 19:17:50,26,25.9,6.561,dongdaegu,2,2,True,target_available_at_arrival,available_count>0 at panel tick nearest as_of+tmap_eta,tmap_routes
CV000559,2026-07-25 13:04:41,2026-07-25 13:30:41,2026-07-25 13:34:47,26,25.9,4.657,dongdaegu,2,2,True,target_available_at_arrival,available_count>0 at panel tick nearest as_of+tmap_eta,tmap_routes
CV001076,2026-08-04 05:16:56,2026-08-04 05:55:56,2026-08-04 05:56:57,39,38.6,12.457,dongdaegu,2,2,True,target_available_at_arrival,available_count>0 at panel tick nearest as_of+tmap_eta,tmap_routes
HY000978,2026-07-24 18:59:07,2026-07-24 19:12:07,2026-07-24 19:19:10,13,13.4,2.845,dongdaegu,1,1,True,target_available_at_arrival,available_count>0 at panel tick nearest as_of+tmap_eta,tmap_routes
ME24B208,2026-07-31 19:55:36,2026-07-31 20:48:36,2026-07-31 20:55:45,53,52.7,24.633,dongdaegu,2,2,True,target_available_at_arrival,available_count>0 at panel tick nearest as_of+tmap_eta,tmap_routes
EV006187,2026-08-03 21:13:58,2026-08-03 21:46:58,2026-08-03 21:54:00,33,32.7,9.315,dongdaegu,3,3,True,target_available_at_arrival,available_count>0 at panel tick nearest as_of+tmap_eta,tmap_routes
DC530001,2026-08-06 05:45:53,2026-08-06 06:21:53,2026-08-06 06:25:55,36,35.9,10.361,dongdaegu,5,5,True,target_available_at_arrival,available_count>0 at panel tick nearest as_of+tmap_eta,tmap_routes
NT101301,2026-08-06 19:26:52,2026-08-06 20:12:52,2026-08-06 20:16:55,46,46.0,23.701,dongdaegu,2,2,True,target_available_at_arrival,available_count>0 at panel tick nearest as_of+tmap_eta,tmap_routes
ME183058,2026-07-27 10:13:40,2026-07-27 10:21:40,2026-07-27 10:23:41,8,8.1,1.178,dongdaegu,1,1,True,target_available_at_arrival,available_count>0 at panel tick nearest as_of+tmap_eta,tmap_routes
BNMI4438,2026-08-06 11:06:15,2026-08-06 11:44:15,2026-08-06 11:46:17,38,37.5,10.05,dongdaegu,3,3,True,target_available_at_arrival,available_count>0 at panel tick nearest as_of+tmap_eta,tmap_routes
CU530012,2026-07-31 16:04:41,2026-07-31 16:41:41,2026-07-31 16:44:52,37,36.8,12.536,dongdaegu,23,23,True,target_available_at_arrival,available_count>0 at panel tick nearest as_of+tmap_eta,tmap_routes
CV003063,2026-08-06 19:46:54,2026-08-06 20:24:54,2026-08-06 20:26:56,38,38.4,10.075,dongdaegu,1,1,True,target_available_at_arrival,available_count>0 at panel tick nearest as_of+tmap_eta,tmap_routes
EV012380,2026-08-06 19:36:53,2026-08-06 20:03:53,2026-08-06 20:06:55,27,26.9,8.446,dongdaegu,3,3,True,target_available_at_arrival,available_count>0 at panel tick nearest as_of+tmap_eta,tmap_routes
LU100903,2026-08-04 21:38:03,2026-08-04 22:12:03,2026-08-04 22:18:05,34,34.4,7.952,dongdaegu,2,2,True,target_available_at_arrival,available_count>0 at panel tick nearest as_of+tmap_eta,tmap_routes
JA270008,2026-07-31 08:52:24,2026-07-31 09:12:24,2026-07-31 09:12:27,20,20.5,4.637,dongdaegu,15,15,True,target_available_at_arrival,available_count>0 at panel tick nearest as_of+tmap_eta,tmap_routes
PIH00153,2026-07-22 16:10:37,2026-07-22 16:46:37,2026-07-22 16:50:42,36,35.6,10.821,dongdaegu,5,5,True,target_available_at_arrival,available_count>0 at panel tick nearest as_of+tmap_eta,tmap_routes
CV003428,2026-08-08 02:27:12,2026-08-08 02:46:12,2026-08-08 02:47:13,19,18.9,3.756,dongdaegu,1,1,True,target_available_at_arrival,available_count>0 at panel tick nearest as_of+tmap_eta,tmap_routes
CV003078,2026-07-25 17:24:03,2026-07-25 18:19:03,2026-07-25 18:24:11,55,54.9,26.032,dongdaegu,1,1,True,target_available_at_arrival,available_count>0 at panel tick nearest as_of+tmap_eta,tmap_routes
ME25C167,2026-08-08 15:38:05,2026-08-08 16:24:05,2026-08-08 16:28:08,46,45.9,9.64,dongdaegu,1,1,True,target_available_at_arrival,available_count>0 at panel tick nearest as_of+tmap_eta,tmap_routes
ME183064,2026-07-22 16:30:39,2026-07-22 16:59:39,2026-07-22 17:00:56,29,29.2,9.767,dongdaegu,1,1,True,target_available_at_arrival,available_count>0 at panel tick nearest as_of+tmap_eta,tmap_routes
CV002163,2026-08-02 21:29:22,2026-08-02 21:56:22,2026-08-02 21:59:26,27,26.6,6.988,dongdaegu,8,8,True,target_available_at_arrival,available_count>0 at panel tick nearest as_of+tmap_eta,tmap_routes
CV003096,2026-07-21 15:42:33,2026-07-21 16:12:33,2026-07-21 16:12:48,30,30.5,6.455,dongdaegu,1,0,False,target_available_at_arrival,available_count>0 at panel tick nearest as_of+tmap_eta,tmap_routes
PI530303,2026-07-29 00:26:12,2026-07-29 00:52:12,2026-07-29 00:56:14,26,25.5,6.41,dongdaegu,1,1,True,target_available_at_arrival,available_count>0 at panel tick nearest as_of+tmap_eta,tmap_routes
CV003123,2026-07-19 14:46:13,2026-07-19 14:54:13,2026-07-19 15:01:14,8,8.5,0.332,dongdaegu,2,2,True,target_available_at_arrival,available_count>0 at panel tick nearest as_of+tmap_eta,tmap_routes
ME18C255,2026-08-01 18:32:14,2026-08-01 19:02:14,2026-08-01 19:02:18,30,29.8,8.943,dongdaegu,2,2,True,target_available_at_arrival,available_count>0 at panel tick nearest as_of+tmap_eta,tmap_routes
CV003085,2026-07-29 23:30:24,2026-07-29 23:54:24,2026-07-30 00:00:31,24,24.5,6.588,dongdaegu,2,2,True,target_available_at_arrival,available_count>0 at panel tick nearest as_of+tmap_eta,tmap_routes
PW015042,2026-07-28 22:53:42,2026-07-28 23:17:42,2026-07-28 23:23:48,24,23.8,6.666,dongdaegu,2,2,True,target_available_at_arrival,available_count>0 at panel tick nearest as_of+tmap_eta,tmap_routes
ME21B301,2026-08-07 02:21:20,2026-08-07 02:56:20,2026-08-07 03:01:21,35,34.6,12.022,dongdaegu,3,3,True,target_available_at_arrival,available_count>0 at panel tick nearest as_of+tmap_eta,tmap_routes
CV001396,2026-08-07 13:52:15,2026-08-07 14:02:15,2026-08-07 14:02:15,10,10.2,0.829,dongdaegu,1,1,True,target_available_at_arrival,available_count>0 at panel tick nearest as_of+tmap_eta,tmap_routes
CV001592,2026-07-23 09:05:36,2026-07-23 09:17:36,2026-07-23 09:20:40,12,12.4,2.442,dongdaegu,3,3,True,target_available_at_arrival,available_count>0 at panel tick nearest as_of+tmap_eta,tmap_routes
SF002642,2026-08-02 03:46:34,2026-08-02 04:00:34,2026-08-02 04:06:37,14,13.8,2.135,dongdaegu,4,4,True,target_available_at_arrival,available_count>0 at panel tick nearest as_of+tmap_eta,tmap_routes
PC000235,2026-08-02 22:49:28,2026-08-02 23:02:28,2026-08-02 23:09:31,13,12.8,1.908,dongdaegu,3,3,True,target_available_at_arrival,available_count>0 at panel tick nearest as_of+tmap_eta,tmap_routes
CV000783,2026-08-09 02:43:06,2026-08-09 03:13:06,2026-08-09 03:13:07,30,30.1,9.004,dongdaegu,2,2,True,target_available_at_arrival,available_count>0 at panel tick nearest as_of+tmap_eta,tmap_routes
CV000321,2026-08-03 05:12:07,2026-08-03 05:29:07,2026-08-03 05:32:08,17,17.2,4.756,dongdaegu,2,2,True,target_available_at_arrival,available_count>0 at panel tick nearest as_of+tmap_eta,tmap_routes
EV005230,2026-07-29 18:29:28,2026-07-29 18:47:28,2026-07-29 18:49:35,18,17.8,3.927,dongdaegu,2,2,True,target_available_at_arrival,available_count>0 at panel tick nearest as_of+tmap_eta,tmap_routes
CV002139,2026-08-02 03:06:28,2026-08-02 03:19:28,2026-08-02 03:26:30,13,12.8,2.192,dongdaegu,2,2,True,target_available_at_arrival,available_count>0 at panel tick nearest as_of+tmap_eta,tmap_routes
PC000270,2026-08-02 18:38:56,2026-08-02 19:04:56,2026-08-02 19:09:00,26,25.8,9.071,dongdaegu,2,2,True,target_available_at_arrival,available_count>0 at panel tick nearest as_of+tmap_eta,tmap_routes
ME183062,2026-08-02 18:08:52,2026-08-02 18:46:52,2026-08-02 18:48:58,38,38.3,13.119,dongdaegu,1,1,True,target_available_at_arrival,available_count>0 at panel tick nearest as_of+tmap_eta,tmap_routes
PIS00565,2026-08-08 14:48:01,2026-08-08 15:12:01,2026-08-08 15:18:04,24,24.1,9.01,dongdaegu,12,12,True,target_available_at_arrival,available_count>0 at panel tick nearest as_of+tmap_eta,tmap_routes
ME25C167,2026-08-06 16:16:38,2026-08-06 17:02:38,2026-08-06 17:06:41,46,45.9,9.64,dongdaegu,1,1,True,target_available_at_arrival,available_count>0 at panel tick nearest as_of+tmap_eta,tmap_routes
EV008153,2026-08-02 19:09:00,2026-08-02 19:34:00,2026-08-02 19:39:06,25,25.4,7.671,dongdaegu,2,2,True,target_available_at_arrival,available_count>0 at panel tick nearest as_of+tmap_eta,tmap_routes
PW014349,2026-08-08 07:37:28,2026-08-08 07:54:28,2026-08-08 07:57:31,17,16.6,2.081,dongdaegu,2,2,True,target_available_at_arrival,available_count>0 at panel tick nearest as_of+tmap_eta,tmap_routes
PW014386,2026-08-06 00:02:32,2026-08-06 00:38:32,2026-08-06 00:45:42,36,36.5,13.227,dongdaegu,9,9,True,target_available_at_arrival,available_count>0 at panel tick nearest as_of+tmap_eta,tmap_routes
ME25C277,2026-08-09 01:43:02,2026-08-09 02:22:02,2026-08-09 02:23:05,39,39.4,11.416,dongdaegu,2,2,True,target_available_at_arrival,available_count>0 at panel tick nearest as_of+tmap_eta,tmap_routes
KP003776,2026-07-29 09:07:55,2026-07-29 09:33:55,2026-07-29 09:37:59,26,26.2,5.489,dongdaegu,1,1,True,target_available_at_arrival,available_count>0 at panel tick nearest as_of+tmap_eta,tmap_routes
CV002347,2026-08-03 20:13:55,2026-08-03 20:37:55,2026-08-03 20:43:57,24,24.2,9.135,dongdaegu,4,4,True,target_available_at_arrival,available_count>0 at panel tick nearest as_of+tmap_eta,tmap_routes
ST600399,2026-08-03 22:54:06,2026-08-03 23:51:06,2026-08-03 23:54:09,57,57.3,23.048,dongdaegu,4,4,True,target_available_at_arrival,available_count>0 at panel tick nearest as_of+tmap_eta,tmap_routes
CV000812,2026-07-25 11:34:28,2026-07-25 11:51:28,2026-07-25 11:54:31,17,16.8,2.36,dongdaegu,1,0,False,target_available_at_arrival,available_count>0 at panel tick nearest as_of+tmap_eta,tmap_routes
CV002203,2026-07-20 15:15:35,2026-07-20 15:50:35,2026-07-20 15:55:45,35,35.2,13.714,dongdaegu,2,2,True,target_available_at_arrival,available_count>0 at panel tick nearest as_of+tmap_eta,tmap_routes
CV003462,2026-08-03 17:13:00,2026-08-03 17:29:00,2026-08-03 17:33:43,16,15.9,3.351,dongdaegu,1,1,True,target_available_at_arrival,available_count>0 at panel tick nearest as_of+tmap_eta,tmap_routes
CV003786,2026-08-05 05:31:09,2026-08-05 05:55:09,2026-08-05 06:01:10,24,23.6,4.545,dongdaegu,10,9,True,target_available_at_arrival,available_count>0 at panel tick nearest as_of+tmap_eta,tmap_routes
CV000750,2026-07-31 12:22:49,2026-07-31 13:22:49,2026-07-31 13:22:59,60,60.4,26.025,dongdaegu,4,3,True,target_available_at_arrival,available_count>0 at panel tick nearest as_of+tmap_eta,tmap_routes
PI122336,2026-08-07 12:52:09,2026-08-07 13:35:09,2026-08-07 13:42:14,43,43.4,15.158,dongdaegu,1,1,True,target_available_at_arrival,available_count>0 at panel tick nearest as_of+tmap_eta,tmap_routes
PI752996,2026-08-01 07:29:46,2026-08-01 07:49:46,2026-08-01 07:49:50,20,19.7,3.143,dongdaegu,1,1,True,target_available_at_arrival,available_count>0 at panel tick nearest as_of+tmap_eta,tmap_routes
SF002583,2026-07-26 04:47:20,2026-07-26 05:31:20,2026-07-26 05:37:26,44,44.5,9.471,dongdaegu,2,2,True,target_available_at_arrival,available_count>0 at panel tick nearest as_of+tmap_eta,tmap_routes
LU100903,2026-08-07 17:02:36,2026-08-07 17:36:36,2026-08-07 17:42:40,34,34.4,7.952,dongdaegu,1,1,True,target_available_at_arrival,available_count>0 at panel tick nearest as_of+tmap_eta,tmap_routes
ME24B144,2026-08-07 07:41:39,2026-08-07 08:34:39,2026-08-07 08:41:47,53,53.4,31.05,dongdaegu,1,1,True,target_available_at_arrival,available_count>0 at panel tick nearest as_of+tmap_eta,tmap_routes
NT101559,2026-07-30 13:15:39,2026-07-30 13:39:39,2026-07-30 13:45:44,24,24.4,7.069,dongdaegu,2,2,True,target_available_at_arrival,available_count>0 at panel tick nearest as_of+tmap_eta,tmap_routes
EC005058,2026-08-04 00:16:41,2026-08-04 00:43:41,2026-08-04 00:46:42,27,27.4,8.907,dongdaegu,1,1,True,target_available_at_arrival,available_count>0 at panel tick nearest as_of+tmap_eta,tmap_routes
NT100237,2026-07-26 14:08:48,2026-07-26 14:41:48,2026-07-26 14:48:53,33,32.6,10.832,dongdaegu,2,2,True,target_available_at_arrival,available_count>0 at panel tick nearest as_of+tmap_eta,tmap_routes
CV001525,2026-08-08 17:18:17,2026-08-08 18:12:17,2026-08-08 18:18:22,54,54.1,26.814,dongdaegu,2,2,True,target_available_at_arrival,available_count>0 at panel tick nearest as_of+tmap_eta,tmap_routes
CU530010,2026-08-01 02:59:13,2026-08-01 03:27:13,2026-08-01 03:29:17,28,27.6,8.681,dongdaegu,17,18,True,target_available_at_arrival,available_count>0 at panel tick nearest as_of+tmap_eta,tmap_routes
BNMI4438,2026-08-06 13:16:24,2026-08-06 13:54:24,2026-08-06 13:56:25,38,37.5,10.05,dongdaegu,3,3,True,target_available_at_arrival,available_count>0 at panel tick nearest as_of+tmap_eta,tmap_routes
CV002939,2026-07-22 23:05:33,2026-07-22 23:33:33,2026-07-22 23:35:40,28,28.3,5.851,dongdaegu,3,2,True,target_available_at_arrival,available_count>0 at panel tick nearest as_of+tmap_eta,tmap_routes
ST601235,2026-08-02 13:38:11,2026-08-02 14:13:11,2026-08-02 14:18:17,35,35.3,12.266,dongdaegu,2,2,True,target_available_at_arrival,available_count>0 at panel tick nearest as_of+tmap_eta,tmap_routes
CV001544,2026-07-23 06:08:58,2026-07-23 06:36:58,2026-07-23 06:39:07,28,27.6,7.249,dongdaegu,2,2,True,target_available_at_arrival,available_count>0 at panel tick nearest as_of+tmap_eta,tmap_routes
EC000100,2026-07-20 16:00:48,2026-07-20 16:42:48,2026-07-20 16:45:52,42,42.5,15.014,dongdaegu,1,1,True,target_available_at_arrival,available_count>0 at panel tick nearest as_of+tmap_eta,tmap_routes
ME24B144,2026-08-05 04:11:06,2026-08-05 05:04:06,2026-08-05 05:11:09,53,53.4,31.05,dongdaegu,1,1,True,target_available_at_arrival,available_count>0 at panel tick nearest as_of+tmap_eta,tmap_routes
CV003062,2026-08-02 06:46:59,2026-08-02 07:20:59,2026-08-02 07:27:06,34,34.1,6.923,dongdaegu,4,4,True,target_available_at_arrival,available_count>0 at panel tick nearest as_of+tmap_eta,tmap_routes
PC001131,2026-08-06 17:26:42,2026-08-06 17:41:42,2026-08-06 17:46:45,15,15.4,3.325,dongdaegu,2,2,True,target_available_at_arrival,available_count>0 at panel tick nearest as_of+tmap_eta,tmap_routes
DC530015,2026-07-29 23:40:29,2026-07-30 00:27:29,2026-07-30 00:32:58,47,46.8,9.409,dongdaegu,1,1,True,target_available_at_arrival,available_count>0 at panel tick nearest as_of+tmap_eta,tmap_routes
PIH01276,2026-07-25 19:44:24,2026-07-25 19:59:24,2026-07-25 20:04:27,15,15.4,3.464,dongdaegu,8,8,True,target_available_at_arrival,available_count>0 at panel tick nearest as_of+tmap_eta,tmap_routes
HE240187,2026-08-01 02:09:09,2026-08-01 02:35:09,2026-08-01 02:39:11,26,26.1,6.661,dongdaegu,4,4,True,target_available_at_arrival,available_count>0 at panel tick nearest as_of+tmap_eta,tmap_routes
CV002072,2026-07-28 21:53:32,2026-07-28 22:13:32,2026-07-28 22:13:38,20,20.2,4.511,dongdaegu,1,1,True,target_available_at_arrival,available_count>0 at panel tick nearest as_of+tmap_eta,tmap_routes
CV001779,2026-07-31 21:25:54,2026-07-31 22:21:54,2026-07-31 22:26:06,56,55.6,14.536,dongdaegu,4,4,True,target_available_at_arrival,available_count>0 at panel tick nearest as_of+tmap_eta,tmap_routes
CV001973,2026-08-05 01:21:00,2026-08-05 01:29:00,2026-08-05 01:31:00,8,8.0,1.02,dongdaegu,2,2,True,target_available_at_arrival,available_count>0 at panel tick nearest as_of+tmap_eta,tmap_routes
PI122336,2026-08-03 09:02:24,2026-08-03 09:45:24,2026-08-03 09:52:30,43,43.4,15.158,dongdaegu,1,1,True,target_available_at_arrival,available_count>0 at panel tick nearest as_of+tmap_eta,tmap_routes
PI740628,2026-07-31 02:51:01,2026-07-31 03:17:01,2026-07-31 03:21:04,26,26.1,8.918,dongdaegu,1,1,True,target_available_at_arrival,available_count>0 at panel tick nearest as_of+tmap_eta,tmap_routes
KE000420,2026-07-30 04:13:31,2026-07-30 04:30:31,2026-07-30 04:33:34,17,17.2,3.19,dongdaegu,1,1,True,target_available_at_arrival,available_count>0 at panel tick nearest as_of+tmap_eta,tmap_routes
SF000844,2026-07-25 15:12:22,2026-07-25 15:49:22,2026-07-25 15:53:48,37,36.6,12.527,dongdaegu,1,1,True,target_available_at_arrival,available_count>0 at panel tick nearest as_of+tmap_eta,tmap_routes
SF002913,2026-07-31 06:51:46,2026-07-31 07:06:46,2026-07-31 07:12:00,15,15.2,3.084,dongdaegu,4,4,True,target_available_at_arrival,available_count>0 at panel tick nearest as_of+tmap_eta,tmap_routes
CV001768,2026-08-04 22:18:05,2026-08-04 23:11:05,2026-08-04 23:18:07,53,53.0,25.977,dongdaegu,9,9,True,target_available_at_arrival,available_count>0 at panel tick nearest as_of+tmap_eta,tmap_routes
ME183067,2026-08-08 22:18:42,2026-08-08 22:43:42,2026-08-08 22:48:45,25,24.9,5.762,dongdaegu,1,1,True,target_available_at_arrival,available_count>0 at panel tick nearest as_of+tmap_eta,tmap_routes
ME18C261,2026-07-24 01:16:47,2026-07-24 02:09:47,2026-07-24 02:11:57,53,53.0,31.983,dongdaegu,2,2,True,target_available_at_arrival,available_count>0 at panel tick nearest as_of+tmap_eta,tmap_routes
CV003458,2026-08-04 07:47:04,2026-08-04 08:10:04,2026-08-04 08:17:06,23,23.1,5.357,dongdaegu,1,1,True,target_available_at_arrival,available_count>0 at panel tick nearest as_of+tmap_eta,tmap_routes
PC001315,2026-08-04 12:27:25,2026-08-04 12:52:25,2026-08-04 12:57:27,25,24.6,5.255,dongdaegu,2,2,True,target_available_at_arrival,available_count>0 at panel tick nearest as_of+tmap_eta,tmap_routes
CV004318,2026-08-04 19:07:50,2026-08-04 19:41:50,2026-08-04 19:47:53,34,34.0,7.925,dongdaegu,7,6,True,target_available_at_arrival,available_count>0 at panel tick nearest as_of+tmap_eta,tmap_routes
PI740288,2026-08-05 17:42:03,2026-08-05 18:00:03,2026-08-05 18:02:04,18,18.1,2.794,dongdaegu,1,1,True,target_available_at_arrival,available_count>0 at panel tick nearest as_of+tmap_eta,tmap_routes
CV003535,2026-08-01 10:00:18,2026-08-01 10:20:18,2026-08-01 10:20:29,20,20.0,3.631,dongdaegu,5,5,True,target_available_at_arrival,available_count>0 at panel tick nearest as_of+tmap_eta,tmap_routes
PI700099,2026-08-07 11:12:04,2026-08-07 11:46:04,2026-08-07 11:52:06,34,33.5,11.076,dongdaegu,1,1,True,target_available_at_arrival,available_count>0 at panel tick nearest as_of+tmap_eta,tmap_routes
ME19C403,2026-07-23 06:54:16,2026-07-23 07:20:16,2026-07-23 07:24:24,26,26.0,8.922,dongdaegu,3,2,True,target_available_at_arrival,available_count>0 at panel tick nearest as_of+tmap_eta,tmap_routes
CV001496,2026-08-04 05:26:56,2026-08-04 06:02:56,2026-08-04 06:06:58,36,35.9,10.455,dongdaegu,2,2,True,target_available_at_arrival,available_count>0 at panel tick nearest as_of+tmap_eta,tmap_routes
CV003104,2026-08-06 23:07:18,2026-08-06 23:47:18,2026-08-06 23:47:20,40,40.1,9.697,dongdaegu,4,4,True,target_available_at_arrival,available_count>0 at panel tick nearest as_of+tmap_eta,tmap_routes
CV000724,2026-08-09 05:03:11,2026-08-09 05:58:11,2026-08-09 06:03:15,55,54.6,32.134,dongdaegu,1,1,True,target_available_at_arrival,available_count>0 at panel tick nearest as_of+tmap_eta,tmap_routes
ME19C227,2026-07-19 10:15:31,2026-07-19 11:08:31,2026-07-19 11:15:38,53,53.1,26.623,dongdaegu,2,2,True,target_available_at_arrival,available_count>0 at panel tick nearest as_of+tmap_eta,tmap_routes
LU100903,2026-08-05 06:21:11,2026-08-05 06:55:11,2026-08-05 07:01:15,34,34.4,7.952,dongdaegu,2,2,True,target_available_at_arrival,available_count>0 at panel tick nearest as_of+tmap_eta,tmap_routes
IN053073,2026-08-07 02:31:20,2026-08-07 02:51:20,2026-08-07 02:51:21,20,20.5,4.346,dongdaegu,12,11,True,target_available_at_arrival,available_count>0 at panel tick nearest as_of+tmap_eta,tmap_routes
CV003237,2026-08-08 18:18:22,2026-08-08 18:45:22,2026-08-08 18:48:26,27,27.1,8.007,dongdaegu,1,1,True,target_available_at_arrival,available_count>0 at panel tick nearest as_of+tmap_eta,tmap_routes
BNBN1180,2026-08-07 17:02:36,2026-08-07 17:38:36,2026-08-07 17:42:40,36,36.3,12.826,dongdaegu,1,1,True,target_available_at_arrival,available_count>0 at panel tick nearest as_of+tmap_eta,tmap_routes
CV004086,2026-07-27 23:06:17,2026-07-27 23:42:17,2026-07-27 23:46:22,36,35.9,8.3,dongdaegu,11,11,True,target_available_at_arrival,available_count>0 at panel tick nearest as_of+tmap_eta,tmap_routes
PI530275,2026-08-07 10:41:58,2026-08-07 11:05:58,2026-08-07 11:12:04,24,24.2,7.702,dongdaegu,4,4,True,target_available_at_arrival,available_count>0 at panel tick nearest as_of+tmap_eta,tmap_routes
BE482306,2026-07-29 11:58:22,2026-07-29 12:18:22,2026-07-29 12:18:25,20,20.1,3.537,dongdaegu,8,8,True,target_available_at_arrival,available_count>0 at panel tick nearest as_of+tmap_eta,tmap_routes
PI740454,2026-07-31 04:31:20,2026-07-31 04:50:20,2026-07-31 04:51:21,19,19.2,4.511,dongdaegu,1,1,True,target_available_at_arrival,available_count>0 at panel tick nearest as_of+tmap_eta,tmap_routes
ME18C260,2026-07-26 17:59:20,2026-07-26 18:14:20,2026-07-26 18:19:23,15,14.7,3.117,dongdaegu,2,2,True,target_available_at_arrival,available_count>0 at panel tick nearest as_of+tmap_eta,tmap_routes
CV000982,2026-07-28 04:48:46,2026-07-28 05:14:46,2026-07-28 05:18:53,26,25.6,7.243,dongdaegu,1,1,True,target_available_at_arrival,available_count>0 at panel tick nearest as_of+tmap_eta,tmap_routes
PI530313,2026-07-31 15:33:23,2026-07-31 16:11:23,2026-07-31 16:14:42,38,37.9,13.333,dongdaegu,2,2,True,target_available_at_arrival,available_count>0 at panel tick nearest as_of+tmap_eta,tmap_routes
HW000466,2026-08-08 15:48:05,2026-08-08 16:48:05,2026-08-08 16:48:13,60,60.4,25.938,dongdaegu,1,1,True,target_available_at_arrival,available_count>0 at panel tick nearest as_of+tmap_eta,tmap_routes
PI740298,2026-07-28 02:48:33,2026-07-28 03:16:33,2026-07-28 03:18:35,28,27.7,6.071,dongdaegu,1,1,True,target_available_at_arrival,available_count>0 at panel tick nearest as_of+tmap_eta,tmap_routes
PI752996,2026-07-31 00:50:47,2026-07-31 01:10:47,2026-07-31 01:10:48,20,19.7,3.143,dongdaegu,1,1,True,target_available_at_arrival,available_count>0 at panel tick nearest as_of+tmap_eta,tmap_routes
ME20C183,2026-08-06 10:26:13,2026-08-06 11:01:13,2026-08-06 11:06:15,35,35.0,8.06,dongdaegu,1,1,True,target_available_at_arrival,available_count>0 at panel tick nearest as_of+tmap_eta,tmap_routes
PIH00519,2026-08-08 01:37:06,2026-08-08 01:47:06,2026-08-08 01:47:06,10,10.4,1.897,dongdaegu,1,1,True,target_available_at_arrival,available_count>0 at panel tick nearest as_of+tmap_eta,tmap_routes
PI740249,2026-07-24 06:43:45,2026-07-24 07:07:45,2026-07-24 07:08:58,24,23.7,5.418,dongdaegu,1,1,True,target_available_at_arrival,available_count>0 at panel tick nearest as_of+tmap_eta,tmap_routes
CV002014,2026-07-27 13:24:19,2026-07-27 14:00:19,2026-07-27 14:04:28,36,35.5,11.855,dongdaegu,2,1,True,target_available_at_arrival,available_count>0 at panel tick nearest as_of+tmap_eta,tmap_routes
CV000665,2026-07-27 02:12:25,2026-07-27 02:41:25,2026-07-27 02:42:28,29,29.3,6.294,dongdaegu,1,1,True,target_available_at_arrival,available_count>0 at panel tick nearest as_of+tmap_eta,tmap_routes
CV002072,2026-08-01 13:01:00,2026-08-01 13:21:00,2026-08-01 13:21:14,20,20.2,4.511,dongdaegu,1,1,True,target_available_at_arrival,available_count>0 at panel tick nearest as_of+tmap_eta,tmap_routes
PIH00094,2026-07-31 03:31:07,2026-07-31 03:57:07,2026-07-31 04:01:17,26,25.6,9.271,dongdaegu,2,2,True,target_available_at_arrival,available_count>0 at panel tick nearest as_of+tmap_eta,tmap_routes
PI740776,2026-07-27 12:44:06,2026-07-27 13:01:06,2026-07-27 13:04:13,17,17.4,3.523,dongdaegu,1,1,True,target_available_at_arrival,available_count>0 at panel tick nearest as_of+tmap_eta,tmap_routes
LU003651,2026-08-03 09:32:27,2026-08-03 10:29:27,2026-08-03 10:32:32,57,57.2,26.562,dongdaegu,5,5,True,target_available_at_arrival,available_count>0 at panel tick nearest as_of+tmap_eta,tmap_routes
ME20C189,2026-08-06 06:55:56,2026-08-06 07:25:56,2026-08-06 07:25:58,30,30.4,9.61,dongdaegu,1,1,True,target_available_at_arrival,available_count>0 at panel tick nearest as_of+tmap_eta,tmap_routes
KP002182,2026-08-01 11:50:42,2026-08-01 12:05:42,2026-08-01 12:10:44,15,15.0,2.363,dongdaegu,4,4,True,target_available_at_arrival,available_count>0 at panel tick nearest as_of+tmap_eta,tmap_routes
HY001080,2026-08-09 01:03:00,2026-08-09 01:57:00,2026-08-09 02:03:03,54,54.1,26.412,dongdaegu,2,2,True,target_available_at_arrival,available_count>0 at panel tick nearest as_of+tmap_eta,tmap_routes
PC000654,2026-08-08 17:18:17,2026-08-08 17:46:17,2026-08-08 17:48:18,28,27.9,8.761,dongdaegu,4,4,True,target_available_at_arrival,available_count>0 at panel tick nearest as_of+tmap_eta,tmap_routes
PIS00561,2026-08-07 05:41:31,2026-08-07 06:09:31,2026-08-07 06:11:32,28,27.8,9.974,dongdaegu,7,7,True,target_available_at_arrival,available_count>0 at panel tick nearest as_of+tmap_eta,tmap_routes
CV002155,2026-07-30 07:14:04,2026-07-30 08:04:04,2026-07-30 08:04:17,50,49.6,23.361,dongdaegu,2,2,True,target_available_at_arrival,available_count>0 at panel tick nearest as_of+tmap_eta,tmap_routes
BNBN0584,2026-07-29 09:48:00,2026-07-29 10:14:00,2026-07-29 10:18:04,26,26.1,5.553,dongdaegu,3,3,True,target_available_at_arrival,available_count>0 at panel tick nearest as_of+tmap_eta,tmap_routes
ME183061,2026-07-26 00:36:49,2026-07-26 00:52:49,2026-07-26 00:56:51,16,15.5,1.801,dongdaegu,1,1,True,target_available_at_arrival,available_count>0 at panel tick nearest as_of+tmap_eta,tmap_routes
ST272920,2026-07-26 06:37:37,2026-07-26 07:07:37,2026-07-26 07:07:40,30,30.1,11.05,dongdaegu,3,3,True,target_available_at_arrival,available_count>0 at panel tick nearest as_of+tmap_eta,tmap_routes
ME18C170,2026-07-25 14:34:58,2026-07-25 14:52:58,2026-07-25 14:55:02,18,18.1,4.183,dongdaegu,1,1,True,target_available_at_arrival,available_count>0 at panel tick nearest as_of+tmap_eta,tmap_routes
PIS00546,2026-08-01 02:59:13,2026-08-01 03:27:13,2026-08-01 03:29:17,28,28.2,9.181,dongdaegu,10,10,True,target_available_at_arrival,available_count>0 at panel tick nearest as_of+tmap_eta,tmap_routes
PI530271,2026-08-03 06:42:12,2026-08-03 07:06:12,2026-08-03 07:12:14,24,24.5,6.422,dongdaegu,5,5,True,target_available_at_arrival,available_count>0 at panel tick nearest as_of+tmap_eta,tmap_routes
PI740435,2026-08-05 21:32:25,2026-08-05 22:10:25,2026-08-05 22:12:27,38,37.5,11.158,dongdaegu,1,0,False,target_available_at_arrival,available_count>0 at panel tick nearest as_of+tmap_eta,tmap_routes
ME183144,2026-07-26 07:37:45,2026-07-26 08:33:45,2026-07-26 08:37:59,56,56.2,27.909,dongdaegu,3,3,True,target_available_at_arrival,available_count>0 at panel tick nearest as_of+tmap_eta,tmap_routes
EV005066,2026-08-01 19:52:26,2026-08-01 20:15:26,2026-08-01 20:22:34,23,22.6,6.339,dongdaegu,1,1,True,target_available_at_arrival,available_count>0 at panel tick nearest as_of+tmap_eta,tmap_routes
TS271401,2026-08-07 23:33:24,2026-08-08 00:01:24,2026-08-08 00:03:25,28,27.8,9.449,dongdaegu,3,3,True,target_available_at_arrival,available_count>0 at panel tick nearest as_of+tmap_eta,tmap_routes
ME183055,2026-08-07 02:41:20,2026-08-07 03:21:20,2026-08-07 03:21:22,40,40.0,13.395,dongdaegu,1,1,True,target_available_at_arrival,available_count>0 at panel tick nearest as_of+tmap_eta,tmap_routes
EV004401,2026-08-07 10:01:56,2026-08-07 10:38:56,2026-08-07 10:41:58,37,36.6,11.918,dongdaegu,2,2,True,target_available_at_arrival,available_count>0 at panel tick nearest as_of+tmap_eta,tmap_routes
BNBN0591,2026-07-30 05:03:40,2026-07-30 05:36:40,2026-07-30 05:43:44,33,33.3,12.601,dongdaegu,1,1,True,target_available_at_arrival,available_count>0 at panel tick nearest as_of+tmap_eta,tmap_routes
EV012414,2026-08-04 15:47:36,2026-08-04 16:17:36,2026-08-04 16:17:37,30,29.9,6.418,dongdaegu,3,3,True,target_available_at_arrival,available_count>0 at panel tick nearest as_of+tmap_eta,tmap_routes
CV004116,2026-07-27 22:16:12,2026-07-27 22:29:12,2026-07-27 22:36:14,13,13.2,2.245,dongdaegu,10,10,True,target_available_at_arrival,available_count>0 at panel tick nearest as_of+tmap_eta,tmap_routes
ME183055,2026-08-07 19:12:50,2026-08-07 19:52:50,2026-08-07 19:53:03,40,40.0,13.395,dongdaegu,1,1,True,target_available_at_arrival,available_count>0 at panel tick nearest as_of+tmap_eta,tmap_routes
EV008138,2026-08-01 09:50:16,2026-08-01 10:10:16,2026-08-01 10:10:28,20,19.9,1.724,dongdaegu,1,2,True,target_available_at_arrival,available_count>0 at panel tick nearest as_of+tmap_eta,tmap_routes
CV002181,2026-07-25 21:24:38,2026-07-25 22:00:38,2026-07-25 22:04:43,36,35.9,10.517,dongdaegu,2,2,True,target_available_at_arrival,available_count>0 at panel tick nearest as_of+tmap_eta,tmap_routes
ME20C185,2026-07-24 15:48:22,2026-07-24 16:23:22,2026-07-24 16:28:27,35,34.6,12.087,dongdaegu,1,1,True,target_available_at_arrival,available_count>0 at panel tick nearest as_of+tmap_eta,tmap_routes
SF001858,2026-08-08 00:37:04,2026-08-08 01:01:04,2026-08-08 01:07:05,24,23.6,4.76,dongdaegu,15,15,True,target_available_at_arrival,available_count>0 at panel tick nearest as_of+tmap_eta,tmap_routes
EV006616,2026-08-05 02:41:03,2026-08-05 03:19:03,2026-08-05 03:21:05,38,37.6,13.391,dongdaegu,1,1,True,target_available_at_arrival,available_count>0 at panel tick nearest as_of+tmap_eta,tmap_routes
PI750081,2026-07-28 01:28:25,2026-07-28 02:11:25,2026-07-28 02:18:30,43,43.2,12.902,dongdaegu,1,1,True,target_available_at_arrival,available_count>0 at panel tick nearest as_of+tmap_eta,tmap_routes
KL002703,2026-07-26 18:19:23,2026-07-26 18:46:23,2026-07-26 18:49:27,27,27.1,9.036,dongdaegu,1,1,True,target_available_at_arrival,available_count>0 at panel tick nearest as_of+tmap_eta,tmap_routes
CV003107,2026-08-05 19:42:19,2026-08-05 20:12:19,2026-08-05 20:12:21,30,29.6,7.548,dongdaegu,1,1,True,target_available_at_arrival,available_count>0 at panel tick nearest as_of+tmap_eta,tmap_routes
CU530010,2026-07-19 14:01:09,2026-07-19 14:29:09,2026-07-19 14:31:12,28,27.6,8.681,dongdaegu,6,6,True,target_available_at_arrival,available_count>0 at panel tick nearest as_of+tmap_eta,tmap_routes
CV003117,2026-07-26 02:57:05,2026-07-26 03:46:05,2026-07-26 03:47:14,49,48.7,17.255,dongdaegu,1,1,True,target_available_at_arrival,available_count>0 at panel tick nearest as_of+tmap_eta,tmap_routes
CV004086,2026-07-31 04:31:20,2026-07-31 05:07:20,2026-07-31 05:11:24,36,35.9,8.3,dongdaegu,10,10,True,target_available_at_arrival,available_count>0 at panel tick nearest as_of+tmap_eta,tmap_routes
CU530010,2026-07-27 07:13:06,2026-07-27 07:41:06,2026-07-27 07:43:19,28,27.6,8.681,dongdaegu,22,22,True,target_available_at_arrival,available_count>0 at panel tick nearest as_of+tmap_eta,tmap_routes
PIS00525,2026-07-17 16:39:41,2026-07-17 17:20:41,2026-07-17 17:24:43,41,40.6,20.445,dongdaegu,1,1,True,target_available_at_arrival,available_count>0 at panel tick nearest as_of+tmap_eta,tmap_routes
PI645107,2026-08-05 15:41:55,2026-08-05 16:18:55,2026-08-05 16:21:57,37,37.4,12.227,dongdaegu,3,3,True,target_available_at_arrival,available_count>0 at panel tick nearest as_of+tmap_eta,tmap_routes
CV001002,2026-07-30 12:55:25,2026-07-30 13:13:25,2026-07-30 13:15:39,18,17.5,3.402,dongdaegu,3,3,True,target_available_at_arrival,available_count>0 at panel tick nearest as_of+tmap_eta,tmap_routes
PC001576,2026-07-26 19:09:30,2026-07-26 19:58:30,2026-07-26 19:59:36,49,49.2,14.77,dongdaegu,5,5,True,target_available_at_arrival,available_count>0 at panel tick nearest as_of+tmap_eta,tmap_routes
ME19F260,2026-08-04 04:36:54,2026-08-04 05:42:54,2026-08-04 05:46:57,66,65.9,37.257,dongdaegu,2,2,True,target_available_at_arrival,available_count>0 at panel tick nearest as_of+tmap_eta,tmap_routes
PI700651,2026-08-03 02:01:59,2026-08-03 02:18:59,2026-08-03 02:21:59,17,17.4,3.421,dongdaegu,4,4,True,target_available_at_arrival,available_count>0 at panel tick nearest as_of+tmap_eta,tmap_routes
CV000557,2026-08-04 18:47:48,2026-08-04 19:11:48,2026-08-04 19:17:50,24,24.4,5.378,dongdaegu,1,1,True,target_available_at_arrival,available_count>0 at panel tick nearest as_of+tmap_eta,tmap_routes
CV001971,2026-08-08 15:18:04,2026-08-08 15:32:04,2026-08-08 15:38:05,14,14.4,3.104,dongdaegu,1,1,True,target_available_at_arrival,available_count>0 at panel tick nearest as_of+tmap_eta,tmap_routes
CV003459,2026-07-23 05:33:50,2026-07-23 05:54:50,2026-07-23 05:58:57,21,21.4,4.11,dongdaegu,2,2,True,target_available_at_arrival,available_count>0 at panel tick nearest as_of+tmap_eta,tmap_routes
PI000241,2026-08-09 00:22:57,2026-08-09 00:39:57,2026-08-09 00:42:59,17,16.8,3.257,dongdaegu,1,1,True,target_available_at_arrival,available_count>0 at panel tick nearest as_of+tmap_eta,tmap_routes
PI753881,2026-08-01 16:21:48,2026-08-01 16:39:48,2026-08-01 16:41:55,18,18.1,5.485,dongdaegu,4,4,True,target_available_at_arrival,available_count>0 at panel tick nearest as_of+tmap_eta,tmap_routes
CV004714,2026-08-07 00:51:16,2026-08-07 01:17:16,2026-08-07 01:21:17,26,26.4,6.104,dongdaegu,2,2,True,target_available_at_arrival,available_count>0 at panel tick nearest as_of+tmap_eta,tmap_routes
ST601237,2026-07-30 09:54:39,2026-07-30 10:10:39,2026-07-30 10:14:52,16,16.1,3.81,dongdaegu,2,2,True,target_available_at_arrival,available_count>0 at panel tick nearest as_of+tmap_eta,tmap_routes
ME20C285,2026-07-27 08:13:23,2026-07-27 09:00:23,2026-07-27 09:03:32,47,46.9,14.657,dongdaegu,2,2,True,target_available_at_arrival,available_count>0 at panel tick nearest as_of+tmap_eta,tmap_routes
ME19Y406,2026-08-04 14:47:32,2026-08-04 14:50:32,2026-08-04 14:57:33,3,2.6,0.183,dongdaegu,4,4,True,target_available_at_arrival,available_count>0 at panel tick nearest as_of+tmap_eta,tmap_routes
ST277109,2026-07-29 23:10:22,2026-07-29 23:46:22,2026-07-29 23:50:30,36,35.6,12.799,dongdaegu,1,2,True,target_available_at_arrival,available_count>0 at panel tick nearest as_of+tmap_eta,tmap_routes
PI807412,2026-07-21 09:10:57,2026-07-21 09:30:57,2026-07-21 09:30:59,20,20.3,3.045,dongdaegu,1,1,True,target_available_at_arrival,available_count>0 at panel tick nearest as_of+tmap_eta,tmap_routes
CV004551,2026-08-03 07:22:14,2026-08-03 08:16:14,2026-08-03 08:22:20,54,54.2,40.076,dongdaegu,2,2,True,target_available_at_arrival,available_count>0 at panel tick nearest as_of+tmap_eta,tmap_routes
CV000540,2026-07-31 05:51:37,2026-07-31 06:15:37,2026-07-31 06:21:40,24,24.5,6.65,dongdaegu,1,1,True,target_available_at_arrival,available_count>0 at panel tick nearest as_of+tmap_eta,tmap_routes
PI530277,2026-08-05 21:42:26,2026-08-05 22:19:26,2026-08-05 22:22:28,37,37.4,11.179,dongdaegu,5,5,True,target_available_at_arrival,available_count>0 at panel tick nearest as_of+tmap_eta,tmap_routes
CV002940,2026-08-01 06:49:41,2026-08-01 07:34:41,2026-08-01 07:39:49,45,44.8,18.996,dongdaegu,2,3,True,target_available_at_arrival,available_count>0 at panel tick nearest as_of+tmap_eta,tmap_routes
ME18C173,2026-07-22 13:29:59,2026-07-22 13:49:59,2026-07-22 13:50:02,20,19.8,4.372,dongdaegu,1,1,True,target_available_at_arrival,available_count>0 at panel tick nearest as_of+tmap_eta,tmap_routes
EV005837,2026-08-05 07:51:18,2026-08-05 08:17:18,2026-08-05 08:21:20,26,26.4,7.33,dongdaegu,2,2,True,target_available_at_arrival,available_count>0 at panel tick nearest as_of+tmap_eta,tmap_routes
KP002182,2026-07-31 23:26:13,2026-07-31 23:41:13,2026-07-31 23:46:16,15,15.0,2.363,dongdaegu,4,4,True,target_available_at_arrival,available_count>0 at panel tick nearest as_of+tmap_eta,tmap_routes
KE000246,2026-07-27 23:16:18,2026-07-27 23:43:18,2026-07-27 23:46:22,27,26.6,7.893,dongdaegu,1,1,True,target_available_at_arrival,available_count>0 at panel tick nearest as_of+tmap_eta,tmap_routes
CV002069,2026-07-30 15:26:37,2026-07-30 15:56:37,2026-07-30 15:56:41,30,29.8,9.584,dongdaegu,2,2,True,target_available_at_arrival,available_count>0 at panel tick nearest as_of+tmap_eta,tmap_routes
CV003085,2026-07-31 15:43:24,2026-07-31 16:07:24,2026-07-31 16:14:42,24,24.5,6.588,dongdaegu,2,2,True,target_available_at_arrival,available_count>0 at panel tick nearest as_of+tmap_eta,tmap_routes
LU001877,2026-07-23 04:03:26,2026-07-23 04:32:26,2026-07-23 04:33:35,29,29.3,9.229,dongdaegu,1,1,True,target_available_at_arrival,available_count>0 at panel tick nearest as_of+tmap_eta,tmap_routes
ME19E161,2026-08-03 16:42:58,2026-08-03 17:01:58,2026-08-03 17:02:59,19,18.7,1.98,dongdaegu,1,1,True,target_available_at_arrival,available_count>0 at panel tick nearest as_of+tmap_eta,tmap_routes
CV000406,2026-07-30 02:23:08,2026-07-30 02:58:08,2026-07-30 03:03:14,35,35.3,7.809,dongdaegu,1,1,True,target_available_at_arrival,available_count>0 at panel tick nearest as_of+tmap_eta,tmap_routes
CV000513,2026-07-21 22:23:10,2026-07-21 22:46:10,2026-07-21 22:53:13,23,22.8,3.906,dongdaegu,1,1,True,target_available_at_arrival,available_count>0 at panel tick nearest as_of+tmap_eta,tmap_routes
PW012323,2026-08-08 15:28:04,2026-08-08 15:47:04,2026-08-08 15:48:05,19,19.2,5.095,dongdaegu,1,1,True,target_available_at_arrival,available_count>0 at panel tick nearest as_of+tmap_eta,tmap_routes
ST272606,2026-08-07 19:22:51,2026-08-07 19:37:51,2026-08-07 19:43:02,15,14.8,1.237,dongdaegu,1,2,True,target_available_at_arrival,available_count>0 at panel tick nearest as_of+tmap_eta,tmap_routes
CV001906,2026-08-02 12:27:58,2026-08-02 12:57:58,2026-08-02 12:58:03,30,29.6,8.24,dongdaegu,2,2,True,target_available_at_arrival,available_count>0 at panel tick nearest as_of+tmap_eta,tmap_routes
EV003702,2026-07-26 01:56:59,2026-07-26 02:22:59,2026-07-26 02:27:02,26,25.8,7.845,dongdaegu,1,1,True,target_available_at_arrival,available_count>0 at panel tick nearest as_of+tmap_eta,tmap_routes
PI122336,2026-07-27 14:24:37,2026-07-27 15:07:37,2026-07-27 15:14:45,43,43.4,15.158,dongdaegu,1,1,True,target_available_at_arrival,available_count>0 at panel tick nearest as_of+tmap_eta,tmap_routes
CV001316,2026-07-23 04:48:38,2026-07-23 05:21:38,2026-07-23 05:23:48,33,32.6,7.903,dongdaegu,2,2,True,target_available_at_arrival,available_count>0 at panel tick nearest as_of+tmap_eta,tmap_routes
ME181302,2026-07-28 05:48:58,2026-07-28 06:36:58,2026-07-28 06:39:04,48,47.9,13.111,dongdaegu,1,1,True,target_available_at_arrival,available_count>0 at panel tick nearest as_of+tmap_eta,tmap_routes
ME21A910,2026-07-24 02:47:07,2026-07-24 03:28:07,2026-07-24 03:32:16,41,40.9,23.827,dongdaegu,2,2,True,target_available_at_arrival,available_count>0 at panel tick nearest as_of+tmap_eta,tmap_routes
CV000553,2026-08-05 15:11:53,2026-08-05 15:54:53,2026-08-05 16:01:56,43,42.8,9.106,dongdaegu,1,1,True,target_available_at_arrival,available_count>0 at panel tick nearest as_of+tmap_eta,tmap_routes
HM000722,2026-07-27 11:53:56,2026-07-27 12:43:56,2026-07-27 12:44:06,50,49.6,13.089,dongdaegu,2,3,True,target_available_at_arrival,available_count>0 at panel tick nearest as_of+tmap_eta,tmap_routes
SF002354,2026-08-03 11:32:36,2026-08-03 11:56:36,2026-08-03 12:02:38,24,23.6,4.76,dongdaegu,2,2,True,target_available_at_arrival,available_count>0 at panel tick nearest as_of+tmap_eta,tmap_routes
TS271407,2026-08-05 02:31:03,2026-08-05 02:41:03,2026-08-05 02:41:03,10,10.3,1.646,dongdaegu,2,2,True,target_available_at_arrival,available_count>0 at panel tick nearest as_of+tmap_eta,tmap_routes
CV000219,2026-07-30 14:05:56,2026-07-30 14:42:56,2026-07-30 14:46:08,37,37.2,14.875,dongdaegu,1,1,True,target_available_at_arrival,available_count>0 at panel tick nearest as_of+tmap_eta,tmap_routes
ME25C166,2026-07-28 20:43:21,2026-07-28 21:43:21,2026-07-28 21:43:30,60,60.5,30.627,dongdaegu,1,1,True,target_available_at_arrival,available_count>0 at panel tick nearest as_of+tmap_eta,tmap_routes
CV003041,2026-07-29 01:06:15,2026-07-29 01:30:15,2026-07-29 01:36:17,24,24.3,7.564,dongdaegu,16,16,True,target_available_at_arrival,available_count>0 at panel tick nearest as_of+tmap_eta,tmap_routes
NT100656,2026-07-27 20:15:49,2026-07-27 20:31:49,2026-07-27 20:35:51,16,16.0,1.994,dongdaegu,1,1,True,target_available_at_arrival,available_count>0 at panel tick nearest as_of+tmap_eta,tmap_routes
ME22C1A1,2026-07-28 07:59:18,2026-07-28 08:45:18,2026-07-28 08:49:35,46,46.4,10.157,dongdaegu,1,1,True,target_available_at_arrival,available_count>0 at panel tick nearest as_of+tmap_eta,tmap_routes
CV000149,2026-08-08 20:48:35,2026-08-08 21:25:35,2026-08-08 21:28:37,37,36.7,13.425,dongdaegu,1,1,True,target_available_at_arrival,available_count>0 at panel tick nearest as_of+tmap_eta,tmap_routes
PI701108,2026-08-08 01:37:06,2026-08-08 02:07:06,2026-08-08 02:07:09,30,30.1,9.416,dongdaegu,4,4,True,target_available_at_arrival,available_count>0 at panel tick nearest as_of+tmap_eta,tmap_routes
PI740280,2026-08-01 11:40:41,2026-08-01 12:03:41,2026-08-01 12:10:44,23,23.1,6.214,dongdaegu,2,2,True,target_available_at_arrival,available_count>0 at panel tick nearest as_of+tmap_eta,tmap_routes
CV000616,2026-07-23 04:33:35,2026-07-23 04:57:35,2026-07-23 04:58:42,24,24.3,3.502,dongdaegu,1,1,True,target_available_at_arrival,available_count>0 at panel tick nearest as_of+tmap_eta,tmap_routes
PI740662,2026-08-04 06:26:58,2026-08-04 06:43:58,2026-08-04 06:46:59,17,17.1,4.512,dongdaegu,1,1,True,target_available_at_arrival,available_count>0 at panel tick nearest as_of+tmap_eta,tmap_routes
IN053072,2026-07-18 19:36:08,2026-07-18 20:02:08,2026-07-18 20:06:10,26,25.9,8.457,dongdaegu,5,6,True,target_available_at_arrival,available_count>0 at panel tick nearest as_of+tmap_eta,tmap_routes
SF002605,2026-08-07 07:11:35,2026-08-07 07:45:35,2026-08-07 07:51:40,34,33.8,8.579,dongdaegu,4,4,True,target_available_at_arrival,available_count>0 at panel tick nearest as_of+tmap_eta,tmap_routes
LU001877,2026-07-30 22:58:08,2026-07-30 23:27:08,2026-07-30 23:28:11,29,29.3,9.229,dongdaegu,8,8,True,target_available_at_arrival,available_count>0 at panel tick nearest as_of+tmap_eta,tmap_routes
ME20C304,2026-07-25 07:59:39,2026-07-25 08:31:39,2026-07-25 08:33:40,32,31.9,9.752,dongdaegu,3,3,True,target_available_at_arrival,available_count>0 at panel tick nearest as_of+tmap_eta,tmap_routes
EV005066,2026-08-07 22:33:21,2026-08-07 22:56:21,2026-08-07 23:03:22,23,22.6,6.339,dongdaegu,1,1,True,target_available_at_arrival,available_count>0 at panel tick nearest as_of+tmap_eta,tmap_routes
PI530297,2026-07-26 13:48:45,2026-07-26 14:01:45,2026-07-26 14:08:48,13,13.1,5.211,dongdaegu,1,1,True,target_available_at_arrival,available_count>0 at panel tick nearest as_of+tmap_eta,tmap_routes
ME20C288,2026-08-03 09:32:27,2026-08-03 10:01:27,2026-08-03 10:02:30,29,29.1,9.321,dongdaegu,2,2,True,target_available_at_arrival,available_count>0 at panel tick nearest as_of+tmap_eta,tmap_routes
CV001545,2026-07-31 16:24:46,2026-07-31 17:12:46,2026-07-31 17:15:00,48,48.1,22.949,dongdaegu,2,1,True,target_available_at_arrival,available_count>0 at panel tick nearest as_of+tmap_eta,tmap_routes
PIH01276,2026-08-09 00:53:00,2026-08-09 01:08:00,2026-08-09 01:13:01,15,15.4,3.464,dongdaegu,21,21,True,target_available_at_arrival,available_count>0 at panel tick nearest as_of+tmap_eta,tmap_routes
EC270008,2026-07-26 11:18:25,2026-07-26 12:13:25,2026-07-26 12:18:34,55,55.4,17.317,dongdaegu,3,3,True,target_available_at_arrival,available_count>0 at panel tick nearest as_of+tmap_eta,tmap_routes
PIH00737,2026-07-30 23:48:13,2026-07-31 00:16:13,2026-07-31 00:20:43,28,28.1,9.346,dongdaegu,5,5,True,target_available_at_arrival,available_count>0 at panel tick nearest as_of+tmap_eta,tmap_routes
ME25C170,2026-07-24 02:11:57,2026-07-24 02:40:57,2026-07-24 02:42:06,29,28.6,8.088,dongdaegu,1,1,True,target_available_at_arrival,available_count>0 at panel tick nearest as_of+tmap_eta,tmap_routes
CV003566,2026-07-27 14:04:28,2026-07-27 14:28:28,2026-07-27 14:34:38,24,24.4,3.698,dongdaegu,2,2,True,target_available_at_arrival,available_count>0 at panel tick nearest as_of+tmap_eta,tmap_routes
PI740400,2026-07-24 19:19:10,2026-07-24 19:32:10,2026-07-24 19:39:13,13,12.7,3.813,dongdaegu,1,1,True,target_available_at_arrival,available_count>0 at panel tick nearest as_of+tmap_eta,tmap_routes
LU001276,2026-08-01 04:29:22,2026-08-01 04:53:22,2026-08-01 04:59:25,24,23.5,6.782,dongdaegu,1,1,True,target_available_at_arrival,available_count>0 at panel tick nearest as_of+tmap_eta,tmap_routes
CV000151,2026-07-28 03:48:39,2026-07-28 04:17:39,2026-07-28 04:18:42,29,28.6,6.223,dongdaegu,2,2,True,target_available_at_arrival,available_count>0 at panel tick nearest as_of+tmap_eta,tmap_routes
CV003535,2026-07-31 01:40:51,2026-07-31 02:00:51,2026-07-31 02:00:53,20,20.0,3.631,dongdaegu,6,6,True,target_available_at_arrival,available_count>0 at panel tick nearest as_of+tmap_eta,tmap_routes
CV003276,2026-07-31 00:50:47,2026-07-31 01:27:47,2026-07-31 01:30:50,37,36.8,7.574,dongdaegu,2,2,True,target_available_at_arrival,available_count>0 at panel tick nearest as_of+tmap_eta,tmap_routes
ST600663,2026-07-30 13:15:39,2026-07-30 13:51:39,2026-07-30 13:55:52,36,35.8,17.637,dongdaegu,3,3,True,target_available_at_arrival,available_count>0 at panel tick nearest as_of+tmap_eta,tmap_routes
EV006229,2026-08-05 00:30:58,2026-08-05 01:08:58,2026-08-05 01:10:59,38,37.6,13.391,dongdaegu,1,1,True,target_available_at_arrival,available_count>0 at panel tick nearest as_of+tmap_eta,tmap_routes
PI740229,2026-08-03 02:52:01,2026-08-03 02:58:01,2026-08-03 03:02:01,6,5.5,0.716,dongdaegu,1,1,True,target_available_at_arrival,available_count>0 at panel tick nearest as_of+tmap_eta,tmap_routes
PC001345,2026-07-25 08:22:15,2026-07-25 08:36:15,2026-07-25 08:43:41,14,13.8,1.875,dongdaegu,1,1,True,target_available_at_arrival,available_count>0 at panel tick nearest as_of+tmap_eta,tmap_routes
EV008153,2026-07-25 08:02:41,2026-07-25 08:27:41,2026-07-25 08:33:40,25,25.4,7.671,dongdaegu,1,1,True,target_available_at_arrival,available_count>0 at panel tick nearest as_of+tmap_eta,tmap_routes
CV003283,2026-08-05 15:11:53,2026-08-05 15:45:53,2026-08-05 15:51:56,34,33.9,8.36,dongdaegu,3,3,True,target_available_at_arrival,available_count>0 at panel tick nearest as_of+tmap_eta,tmap_routes
KRC10088,2026-08-04 02:06:48,2026-08-04 02:42:48,2026-08-04 02:46:50,36,36.4,11.942,dongdaegu,1,1,True,target_available_at_arrival,available_count>0 at panel tick nearest as_of+tmap_eta,tmap_routes
CV000538,2026-08-07 06:11:32,2026-08-07 06:45:32,2026-08-07 06:51:34,34,34.5,6.499,dongdaegu,1,1,True,target_available_at_arrival,available_count>0 at panel tick nearest as_of+tmap_eta,tmap_routes
LU001877,2026-08-08 17:58:19,2026-08-08 18:27:19,2026-08-08 18:28:25,29,29.3,9.229,dongdaegu,8,8,True,target_available_at_arrival,available_count>0 at panel tick nearest as_of+tmap_eta,tmap_routes
SF003166,2026-07-28 11:40:18,2026-07-28 11:56:18,2026-07-28 12:00:20,16,16.0,1.377,dongdaegu,1,1,True,target_available_at_arrival,available_count>0 at panel tick nearest as_of+tmap_eta,tmap_routes
EO000079,2026-07-29 05:16:52,2026-07-29 05:33:52,2026-07-29 05:36:53,17,17.4,3.431,dongdaegu,2,2,True,target_available_at_arrival,available_count>0 at panel tick nearest as_of+tmap_eta,tmap_routes
CV003080,2026-07-27 03:02:30,2026-07-27 03:58:30,2026-07-27 04:02:36,56,56.0,32.563,dongdaegu,1,1,True,target_available_at_arrival,available_count>0 at panel tick nearest as_of+tmap_eta,tmap_routes
ME178137,2026-07-24 13:58:01,2026-07-24 14:55:01,2026-07-24 14:58:15,57,57.0,22.407,dongdaegu,2,2,True,target_available_at_arrival,available_count>0 at panel tick nearest as_of+tmap_eta,tmap_routes
CV002188,2026-08-02 07:37:07,2026-08-02 08:02:07,2026-08-02 08:07:14,25,25.1,6.932,dongdaegu,2,2,True,target_available_at_arrival,available_count>0 at panel tick nearest as_of+tmap_eta,tmap_routes
PI740722,2026-08-06 16:06:37,2026-08-06 16:22:37,2026-08-06 16:26:38,16,16.4,2.83,dongdaegu,2,2,True,target_available_at_arrival,available_count>0 at panel tick nearest as_of+tmap_eta,tmap_routes
DC530029,2026-07-24 11:27:30,2026-07-24 12:12:30,2026-07-24 12:17:39,45,44.9,12.015,dongdaegu,2,2,True,target_available_at_arrival,available_count>0 at panel tick nearest as_of+tmap_eta,tmap_routes
PC000330,2026-08-08 03:07:13,2026-08-08 03:21:13,2026-08-08 03:27:16,14,14.4,0.498,dongdaegu,3,3,True,target_available_at_arrival,available_count>0 at panel tick nearest as_of+tmap_eta,tmap_routes
ME18C172,2026-08-01 09:50:16,2026-08-01 10:09:16,2026-08-01 10:10:28,19,18.7,3.773,dongdaegu,1,1,True,target_available_at_arrival,available_count>0 at panel tick nearest as_of+tmap_eta,tmap_routes
CV002238,2026-07-31 21:25:54,2026-07-31 22:09:54,2026-07-31 22:16:04,44,44.1,12.969,dongdaegu,5,5,True,target_available_at_arrival,available_count>0 at panel tick nearest as_of+tmap_eta,tmap_routes
CV003107,2026-08-05 03:01:04,2026-08-05 03:31:04,2026-08-05 03:31:05,30,29.6,7.548,dongdaegu,1,1,True,target_available_at_arrival,available_count>0 at panel tick nearest as_of+tmap_eta,tmap_routes
KE000548,2026-08-07 10:31:58,2026-08-07 10:36:58,2026-08-07 10:41:58,5,4.6,0.685,dongdaegu,2,2,True,target_available_at_arrival,available_count>0 at panel tick nearest as_of+tmap_eta,tmap_routes
CV002238,2026-08-04 18:57:49,2026-08-04 19:41:49,2026-08-04 19:47:53,44,44.1,12.969,dongdaegu,5,5,True,target_available_at_arrival,available_count>0 at panel tick nearest as_of+tmap_eta,tmap_routes
EV005709,2026-08-06 23:17:18,2026-08-06 23:52:18,2026-08-06 23:57:22,35,34.7,9.64,dongdaegu,2,2,True,target_available_at_arrival,available_count>0 at panel tick nearest as_of+tmap_eta,tmap_routes
CV000896,2026-08-01 03:49:19,2026-08-01 04:33:19,2026-08-01 04:39:23,44,43.9,9.703,dongdaegu,15,17,True,target_available_at_arrival,available_count>0 at panel tick nearest as_of+tmap_eta,tmap_routes
EV005191,2026-07-23 14:48:04,2026-07-23 15:23:04,2026-07-23 15:23:27,35,34.7,9.647,dongdaegu,2,2,True,target_available_at_arrival,available_count>0 at panel tick nearest as_of+tmap_eta,tmap_routes
PC000548,2026-07-23 09:30:43,2026-07-23 09:40:43,2026-07-23 09:40:51,10,10.1,1.643,dongdaegu,4,4,True,target_available_at_arrival,available_count>0 at panel tick nearest as_of+tmap_eta,tmap_routes
CV003569,2026-07-23 01:57:57,2026-07-23 02:19:57,2026-07-23 02:23:04,22,22.3,3.794,dongdaegu,1,1,True,target_available_at_arrival,available_count>0 at panel tick nearest as_of+tmap_eta,tmap_routes
PL031519,2026-08-04 06:57:00,2026-08-04 07:24:00,2026-08-04 07:27:02,27,26.8,6.055,dongdaegu,1,1,True,target_available_at_arrival,available_count>0 at panel tick nearest as_of+tmap_eta,tmap_routes
CV000508,2026-07-24 15:18:18,2026-07-24 15:56:18,2026-07-24 15:58:23,38,38.4,13.599,dongdaegu,1,1,True,target_available_at_arrival,available_count>0 at panel tick nearest as_of+tmap_eta,tmap_routes
NT101499,2026-07-28 12:20:36,2026-07-28 12:59:36,2026-07-28 13:01:09,39,39.0,10.787,dongdaegu,1,1,True,target_available_at_arrival,available_count>0 at panel tick nearest as_of+tmap_eta,tmap_routes
CV002390,2026-07-30 05:33:43,2026-07-30 05:59:43,2026-07-30 06:03:46,26,25.7,8.182,dongdaegu,2,2,True,target_available_at_arrival,available_count>0 at panel tick nearest as_of+tmap_eta,tmap_routes
CV000899,2026-08-06 03:45:49,2026-08-06 03:52:49,2026-08-06 03:55:49,7,6.7,0.393,dongdaegu,2,2,True,target_available_at_arrival,available_count>0 at panel tick nearest as_of+tmap_eta,tmap_routes
CV004551,2026-08-07 04:51:27,2026-08-07 05:45:27,2026-08-07 05:51:31,54,54.2,40.076,dongdaegu,2,2,True,target_available_at_arrival,available_count>0 at panel tick nearest as_of+tmap_eta,tmap_routes
PI530287,2026-08-05 01:00:59,2026-08-05 01:24:59,2026-08-05 01:31:00,24,24.2,7.048,dongdaegu,1,1,True,target_available_at_arrival,available_count>0 at panel tick nearest as_of+tmap_eta,tmap_routes
CI0F0003,2026-07-31 20:35:42,2026-07-31 21:20:42,2026-07-31 21:25:54,45,44.6,12.526,dongdaegu,1,1,True,target_available_at_arrival,available_count>0 at panel tick nearest as_of+tmap_eta,tmap_routes
PC000554,2026-08-02 22:49:28,2026-08-02 23:47:28,2026-08-02 23:49:33,58,58.1,26.015,dongdaegu,2,2,True,target_available_at_arrival,available_count>0 at panel tick nearest as_of+tmap_eta,tmap_routes
SF003055,2026-07-28 11:50:19,2026-07-28 12:04:19,2026-07-28 12:10:21,14,14.1,3.101,dongdaegu,2,2,True,target_available_at_arrival,available_count>0 at panel tick nearest as_of+tmap_eta,tmap_routes
CV003482,2026-07-29 18:49:35,2026-07-29 19:15:35,2026-07-29 19:19:40,26,25.5,4.456,dongdaegu,4,4,True,target_available_at_arrival,available_count>0 at panel tick nearest as_of+tmap_eta,tmap_routes
EV013929,2026-07-26 19:39:34,2026-07-26 20:13:34,2026-07-26 20:19:40,34,34.1,9.214,dongdaegu,1,1,True,target_available_at_arrival,available_count>0 at panel tick nearest as_of+tmap_eta,tmap_routes
KP005266,2026-07-28 07:09:07,2026-07-28 07:25:07,2026-07-28 07:29:10,16,16.3,3.409,dongdaegu,2,2,True,target_available_at_arrival,available_count>0 at panel tick nearest as_of+tmap_eta,tmap_routes
LU003223,2026-07-28 22:53:42,2026-07-28 23:07:42,2026-07-28 23:13:45,14,13.5,2.302,dongdaegu,2,2,True,target_available_at_arrival,available_count>0 at panel tick nearest as_of+tmap_eta,tmap_routes
HE240187,2026-08-02 06:57:00,2026-08-02 07:23:00,2026-08-02 07:27:06,26,26.1,6.661,dongdaegu,4,4,True,target_available_at_arrival,available_count>0 at panel tick nearest as_of+tmap_eta,tmap_routes
PI740721,2026-07-23 13:17:43,2026-07-23 13:33:43,2026-07-23 13:37:48,16,15.7,2.844,dongdaegu,1,1,True,target_available_at_arrival,available_count>0 at panel tick nearest as_of+tmap_eta,tmap_routes
LU100148,2026-08-02 23:19:32,2026-08-02 23:42:32,2026-08-02 23:49:33,23,23.1,7.057,dongdaegu,1,1,True,target_available_at_arrival,available_count>0 at panel tick nearest as_of+tmap_eta,tmap_routes
ME25C171,2026-07-23 06:54:16,2026-07-23 07:11:16,2026-07-23 07:14:21,17,16.6,2.432,dongdaegu,1,1,True,target_available_at_arrival,available_count>0 at panel tick nearest as_of+tmap_eta,tmap_routes
ME183071,2026-07-27 00:12:15,2026-07-27 00:50:15,2026-07-27 00:52:18,38,37.8,12.564,dongdaegu,1,1,True,target_available_at_arrival,available_count>0 at panel tick nearest as_of+tmap_eta,tmap_routes
NT101301,2026-07-30 18:27:22,2026-07-30 19:13:22,2026-07-30 19:17:33,46,46.0,23.701,dongdaegu,2,2,True,target_available_at_arrival,available_count>0 at panel tick nearest as_of+tmap_eta,tmap_routes
CV000566,2026-08-04 20:07:54,2026-08-04 20:46:54,2026-08-04 20:47:56,39,38.8,17.91,dongdaegu,2,2,True,target_available_at_arrival,available_count>0 at panel tick nearest as_of+tmap_eta,tmap_routes
ME184069,2026-08-02 00:03:03,2026-08-02 00:21:03,2026-08-02 00:25:56,18,18.1,3.348,dongdaegu,1,1,True,target_available_at_arrival,available_count>0 at panel tick nearest as_of+tmap_eta,tmap_routes
CV002689,2026-07-26 15:18:58,2026-07-26 16:12:58,2026-07-26 16:19:07,54,54.3,31.501,dongdaegu,1,1,True,target_available_at_arrival,available_count>0 at panel tick nearest as_of+tmap_eta,tmap_routes
CV000321,2026-07-28 23:23:48,2026-07-28 23:40:48,2026-07-28 23:43:51,17,17.2,4.756,dongdaegu,1,1,True,target_available_at_arrival,available_count>0 at panel tick nearest as_of+tmap_eta,tmap_routes
ME19C403,2026-07-25 08:53:43,2026-07-25 09:19:43,2026-07-25 09:23:56,26,26.0,8.922,dongdaegu,1,1,True,target_available_at_arrival,available_count>0 at panel tick nearest as_of+tmap_eta,tmap_routes
CV000508,2026-07-31 06:51:46,2026-07-31 07:29:46,2026-07-31 07:32:03,38,38.4,13.599,dongdaegu,1,1,True,target_available_at_arrival,available_count>0 at panel tick nearest as_of+tmap_eta,tmap_routes
HW000488,2026-08-01 14:31:26,2026-08-01 15:01:26,2026-08-01 15:01:30,30,30.4,8.065,dongdaegu,1,1,True,target_available_at_arrival,available_count>0 at panel tick nearest as_of+tmap_eta,tmap_routes
ME21E401,2026-08-03 04:42:06,2026-08-03 05:35:06,2026-08-03 05:42:10,53,52.7,31.252,dongdaegu,1,0,False,target_available_at_arrival,available_count>0 at panel tick nearest as_of+tmap_eta,tmap_routes
CV002163,2026-08-08 19:18:30,2026-08-08 19:45:30,2026-08-08 19:48:32,27,26.6,6.988,dongdaegu,7,7,True,target_available_at_arrival,available_count>0 at panel tick nearest as_of+tmap_eta,tmap_routes
PI740291,2026-08-03 01:11:57,2026-08-03 01:29:57,2026-08-03 01:31:58,18,18.4,2.827,dongdaegu,1,1,True,target_available_at_arrival,available_count>0 at panel tick nearest as_of+tmap_eta,tmap_routes
EV012380,2026-07-29 00:16:11,2026-07-29 00:43:11,2026-07-29 00:46:13,27,26.9,8.446,dongdaegu,3,3,True,target_available_at_arrival,available_count>0 at panel tick nearest as_of+tmap_eta,tmap_routes
LU003143,2026-08-09 02:13:05,2026-08-09 02:31:05,2026-08-09 02:33:06,18,17.9,4.605,dongdaegu,3,3,True,target_available_at_arrival,available_count>0 at panel tick nearest as_of+tmap_eta,tmap_routes
CV000831,2026-08-04 06:46:59,2026-08-04 06:56:59,2026-08-04 06:57:00,10,9.9,0.571,dongdaegu,2,2,True,target_available_at_arrival,available_count>0 at panel tick nearest as_of+tmap_eta,tmap_routes
CV004556,2026-08-05 11:01:34,2026-08-05 11:49:34,2026-08-05 11:51:40,48,47.5,15.257,dongdaegu,2,2,True,target_available_at_arrival,available_count>0 at panel tick nearest as_of+tmap_eta,tmap_routes
EV007658,2026-08-03 00:41:56,2026-08-03 01:21:56,2026-08-03 01:21:57,40,39.7,10.959,dongdaegu,1,1,True,target_available_at_arrival,available_count>0 at panel tick nearest as_of+tmap_eta,tmap_routes
CV001581,2026-07-23 14:33:01,2026-07-23 14:54:01,2026-07-23 14:58:19,21,21.2,5.343,dongdaegu,2,2,True,target_available_at_arrival,available_count>0 at panel tick nearest as_of+tmap_eta,tmap_routes
PI764798,2026-08-01 15:11:31,2026-08-01 15:34:31,2026-08-01 15:41:35,23,22.6,6.222,dongdaegu,2,2,True,target_available_at_arrival,available_count>0 at panel tick nearest as_of+tmap_eta,tmap_routes
KL002550,2026-07-29 10:28:05,2026-07-29 10:56:05,2026-07-29 10:58:09,28,28.0,9.113,dongdaegu,4,4,True,target_available_at_arrival,available_count>0 at panel tick nearest as_of+tmap_eta,tmap_routes
ME25C276,2026-07-28 03:48:39,2026-07-28 04:46:39,2026-07-28 04:48:46,58,58.0,30.689,dongdaegu,2,2,True,target_available_at_arrival,available_count>0 at panel tick nearest as_of+tmap_eta,tmap_routes
CV001323,2026-08-02 13:58:14,2026-08-02 14:01:14,2026-08-02 14:08:15,3,2.7,0.18,dongdaegu,2,2,True,target_available_at_arrival,available_count>0 at panel tick nearest as_of+tmap_eta,tmap_routes
ME18C230,2026-07-30 22:28:05,2026-07-30 23:22:05,2026-07-30 23:28:11,54,54.0,40.041,dongdaegu,2,2,True,target_available_at_arrival,available_count>0 at panel tick nearest as_of+tmap_eta,tmap_routes
CV000805,2026-07-24 19:39:13,2026-07-24 20:16:13,2026-07-24 20:19:21,37,37.2,9.03,dongdaegu,1,1,True,target_available_at_arrival,available_count>0 at panel tick nearest as_of+tmap_eta,tmap_routes
ST601440,2026-07-25 14:04:52,2026-07-25 14:23:52,2026-07-25 14:24:54,19,18.7,3.878,dongdaegu,1,1,True,target_available_at_arrival,available_count>0 at panel tick nearest as_of+tmap_eta,tmap_routes
EV016325,2026-08-01 12:00:43,2026-08-01 12:15:43,2026-08-01 12:20:51,15,15.2,3.142,dongdaegu,1,1,True,target_available_at_arrival,available_count>0 at panel tick nearest as_of+tmap_eta,tmap_routes
PIS00551,2026-07-28 23:13:45,2026-07-28 23:38:45,2026-07-28 23:43:51,25,25.1,8.977,dongdaegu,7,7,True,target_available_at_arrival,available_count>0 at panel tick nearest as_of+tmap_eta,tmap_routes
CV004491,2026-08-03 10:22:31,2026-08-03 10:50:31,2026-08-03 10:52:33,28,28.4,5.02,dongdaegu,1,1,True,target_available_at_arrival,available_count>0 at panel tick nearest as_of+tmap_eta,tmap_routes
EV007654,2026-08-01 06:29:39,2026-08-01 06:58:39,2026-08-01 06:59:42,29,29.4,8.407,dongdaegu,2,2,True,target_available_at_arrival,available_count>0 at panel tick nearest as_of+tmap_eta,tmap_routes
NT100925,2026-08-04 18:37:48,2026-08-04 19:36:48,2026-08-04 19:37:52,59,58.9,26.625,dongdaegu,1,1,True,target_available_at_arrival,available_count>0 at panel tick nearest as_of+tmap_eta,tmap_routes
KP004512,2026-07-26 22:50:00,2026-07-26 23:43:00,2026-07-26 23:50:07,53,52.8,33.739,dongdaegu,1,1,True,target_available_at_arrival,available_count>0 at panel tick nearest as_of+tmap_eta,tmap_routes
PIH01900,2026-07-27 11:03:46,2026-07-27 11:18:46,2026-07-27 11:23:48,15,15.4,2.819,dongdaegu,1,1,True,target_available_at_arrival,available_count>0 at panel tick nearest as_of+tmap_eta,tmap_routes
CV001678,2026-08-02 17:18:45,2026-08-02 17:57:45,2026-08-02 17:58:50,39,39.3,11.521,dongdaegu,2,2,True,target_available_at_arrival,available_count>0 at panel tick nearest as_of+tmap_eta,tmap_routes
SF002922,2026-08-03 13:52:45,2026-08-03 14:08:45,2026-08-03 14:12:46,16,15.8,2.058,dongdaegu,2,2,True,target_available_at_arrival,available_count>0 at panel tick nearest as_of+tmap_eta,tmap_routes
KP000230,2026-08-05 00:30:58,2026-08-05 00:44:58,2026-08-05 00:50:59,14,13.8,2.881,dongdaegu,2,2,True,target_available_at_arrival,available_count>0 at panel tick nearest as_of+tmap_eta,tmap_routes
CV001906,2026-07-23 14:27:58,2026-07-23 14:57:58,2026-07-23 14:58:19,30,29.6,8.24,dongdaegu,2,2,True,target_available_at_arrival,available_count>0 at panel tick nearest as_of+tmap_eta,tmap_routes
PI306150,2026-07-28 06:59:06,2026-07-28 07:22:06,2026-07-28 07:29:10,23,22.7,6.636,dongdaegu,1,1,True,target_available_at_arrival,available_count>0 at panel tick nearest as_of+tmap_eta,tmap_routes
CV001969,2026-07-31 17:15:00,2026-07-31 17:45:00,2026-07-31 17:45:05,30,29.9,6.01,dongdaegu,1,1,True,target_available_at_arrival,available_count>0 at panel tick nearest as_of+tmap_eta,tmap_routes
CV001316,2026-08-04 12:57:27,2026-08-04 13:30:27,2026-08-04 13:37:29,33,32.6,7.903,dongdaegu,2,2,True,target_available_at_arrival,available_count>0 at panel tick nearest as_of+tmap_eta,tmap_routes
CV003062,2026-08-07 16:32:34,2026-08-07 17:06:34,2026-08-07 17:12:36,34,34.1,6.923,dongdaegu,4,5,True,target_available_at_arrival,available_count>0 at panel tick nearest as_of+tmap_eta,tmap_routes
HW000508,2026-08-02 13:38:11,2026-08-02 14:08:11,2026-08-02 14:08:15,30,30.0,7.629,dongdaegu,2,2,True,target_available_at_arrival,available_count>0 at panel tick nearest as_of+tmap_eta,tmap_routes
HW000396,2026-07-29 15:48:51,2026-07-29 16:25:51,2026-07-29 16:28:58,37,36.6,9.132,dongdaegu,2,2,True,target_available_at_arrival,available_count>0 at panel tick nearest as_of+tmap_eta,tmap_routes
CV003567,2026-08-01 01:29:05,2026-08-01 02:05:05,2026-08-01 02:09:09,36,36.2,10.467,dongdaegu,1,1,True,target_available_at_arrival,available_count>0 at panel tick nearest as_of+tmap_eta,tmap_routes
LU100907,2026-08-06 00:45:42,2026-08-06 01:01:42,2026-08-06 01:05:43,16,15.8,3.485,dongdaegu,3,3,True,target_available_at_arrival,available_count>0 at panel tick nearest as_of+tmap_eta,tmap_routes
PI740598,2026-07-29 20:29:55,2026-07-29 20:47:55,2026-07-29 20:50:00,18,17.8,3.853,dongdaegu,1,1,True,target_available_at_arrival,available_count>0 at panel tick nearest as_of+tmap_eta,tmap_routes
CV000805,2026-07-22 12:09:48,2026-07-22 12:46:48,2026-07-22 12:49:53,37,37.2,9.03,dongdaegu,1,1,True,target_available_at_arrival,available_count>0 at panel tick nearest as_of+tmap_eta,tmap_routes
SF000231,2026-08-02 19:19:02,2026-08-02 19:43:02,2026-08-02 19:49:09,24,23.5,3.866,dongdaegu,1,1,True,target_available_at_arrival,available_count>0 at panel tick nearest as_of+tmap_eta,tmap_routes
IN053072,2026-08-05 13:11:44,2026-08-05 13:37:44,2026-08-05 13:41:46,26,25.9,8.457,dongdaegu,21,21,True,target_available_at_arrival,available_count>0 at panel tick nearest as_of+tmap_eta,tmap_routes
CU530009,2026-08-07 01:31:18,2026-08-07 01:46:18,2026-08-07 01:51:18,15,15.4,3.179,dongdaegu,3,3,True,target_available_at_arrival,available_count>0 at panel tick nearest as_of+tmap_eta,tmap_routes
CV002348,2026-07-30 15:46:40,2026-07-30 16:31:40,2026-07-30 16:36:46,45,45.2,15.52,dongdaegu,10,11,True,target_available_at_arrival,available_count>0 at panel tick nearest as_of+tmap_eta,tmap_routes
CV001904,2026-08-06 11:26:16,2026-08-06 11:50:16,2026-08-06 11:56:18,24,23.9,6.982,dongdaegu,1,1,True,target_available_at_arrival,available_count>0 at panel tick nearest as_of+tmap_eta,tmap_routes
CV003143,2026-08-04 13:17:28,2026-08-04 13:50:28,2026-08-04 13:57:30,33,33.0,12.115,dongdaegu,1,1,True,target_available_at_arrival,available_count>0 at panel tick nearest as_of+tmap_eta,tmap_routes
NH270001,2026-08-01 06:29:39,2026-08-01 07:22:39,2026-08-01 07:29:46,53,52.7,39.287,dongdaegu,2,2,True,target_available_at_arrival,available_count>0 at panel tick nearest as_of+tmap_eta,tmap_routes
KP004851,2026-08-05 21:32:25,2026-08-05 22:08:25,2026-08-05 22:12:27,36,35.8,13.299,dongdaegu,2,2,True,target_available_at_arrival,available_count>0 at panel tick nearest as_of+tmap_eta,tmap_routes
PI530294,2026-08-08 06:17:24,2026-08-08 06:32:24,2026-08-08 06:37:25,15,14.9,2.628,dongdaegu,1,1,True,target_available_at_arrival,available_count>0 at panel tick nearest as_of+tmap_eta,tmap_routes
EV008882,2026-08-08 22:18:42,2026-08-08 22:48:42,2026-08-08 22:48:45,30,30.1,10.5,dongdaegu,1,1,True,target_available_at_arrival,available_count>0 at panel tick nearest as_of+tmap_eta,tmap_routes
CV000519,2026-07-24 05:43:22,2026-07-24 06:09:22,2026-07-24 06:13:36,26,25.8,5.074,dongdaegu,1,1,True,target_available_at_arrival,available_count>0 at panel tick nearest as_of+tmap_eta,tmap_routes
PW000293,2026-08-07 16:12:33,2026-08-07 16:27:33,2026-08-07 16:32:34,15,14.7,1.056,dongdaegu,2,2,True,target_available_at_arrival,available_count>0 at panel tick nearest as_of+tmap_eta,tmap_routes
EV006228,2026-08-07 17:52:43,2026-08-07 18:30:43,2026-08-07 18:32:47,38,37.6,13.391,dongdaegu,2,2,True,target_available_at_arrival,available_count>0 at panel tick nearest as_of+tmap_eta,tmap_routes
KP003774,2026-08-05 00:40:58,2026-08-05 01:13:58,2026-08-05 01:21:00,33,32.7,11.159,dongdaegu,1,1,True,target_available_at_arrival,available_count>0 at panel tick nearest as_of+tmap_eta,tmap_routes
ST272902,2026-08-03 13:32:42,2026-08-03 14:05:42,2026-08-03 14:12:46,33,32.9,11.66,dongdaegu,1,1,True,target_available_at_arrival,available_count>0 at panel tick nearest as_of+tmap_eta,tmap_routes
ME25C166,2026-07-27 22:26:13,2026-07-27 23:26:13,2026-07-27 23:26:19,60,60.5,30.627,dongdaegu,1,1,True,target_available_at_arrival,available_count>0 at panel tick nearest as_of+tmap_eta,tmap_routes
ST600399,2026-07-27 12:54:07,2026-07-27 13:51:07,2026-07-27 13:54:27,57,57.3,23.048,dongdaegu,2,2,True,target_available_at_arrival,available_count>0 at panel tick nearest as_of+tmap_eta,tmap_routes
SF002354,2026-07-25 10:04:05,2026-07-25 10:28:05,2026-07-25 10:34:15,24,23.6,4.76,dongdaegu,1,1,True,target_available_at_arrival,available_count>0 at panel tick nearest as_of+tmap_eta,tmap_routes
EV003741,2026-08-02 15:48:33,2026-08-02 16:18:33,2026-08-02 16:18:38,30,29.6,8.772,dongdaegu,3,3,True,target_available_at_arrival,available_count>0 at panel tick nearest as_of+tmap_eta,tmap_routes
EV008153,2026-08-09 00:32:57,2026-08-09 00:57:57,2026-08-09 01:03:00,25,25.4,7.671,dongdaegu,5,4,True,target_available_at_arrival,available_count>0 at panel tick nearest as_of+tmap_eta,tmap_routes
CV000195,2026-07-27 21:16:04,2026-07-27 21:46:04,2026-07-27 21:46:08,30,29.9,9.211,dongdaegu,1,1,True,target_available_at_arrival,available_count>0 at panel tick nearest as_of+tmap_eta,tmap_routes
CV001242,2026-07-24 19:39:13,2026-07-24 20:18:13,2026-07-24 20:19:21,39,38.9,13.135,dongdaegu,5,5,True,target_available_at_arrival,available_count>0 at panel tick nearest as_of+tmap_eta,tmap_routes
ME24B144,2026-08-02 23:09:31,2026-08-03 00:02:31,2026-08-03 00:09:34,53,53.4,31.05,dongdaegu,1,1,True,target_available_at_arrival,available_count>0 at panel tick nearest as_of+tmap_eta,tmap_routes
EV008582,2026-07-29 00:46:13,2026-07-29 01:15:13,2026-07-29 01:16:16,29,29.0,8.492,dongdaegu,2,2,True,target_available_at_arrival,available_count>0 at panel tick nearest as_of+tmap_eta,tmap_routes
KE000375,2026-07-27 16:34:56,2026-07-27 17:03:56,2026-07-27 17:05:03,29,29.2,9.751,dongdaegu,2,2,True,target_available_at_arrival,available_count>0 at panel tick nearest as_of+tmap_eta,tmap_routes
PIS00556,2026-07-24 13:07:49,2026-07-24 13:34:49,2026-07-24 13:37:53,27,27.3,6.618,dongdaegu,2,2,True,target_available_at_arrival,available_count>0 at panel tick nearest as_of+tmap_eta,tmap_routes
ME183062,2026-08-04 23:58:09,2026-08-05 00:36:09,2026-08-05 00:40:58,38,38.3,13.119,dongdaegu,1,1,True,target_available_at_arrival,available_count>0 at panel tick nearest as_of+tmap_eta,tmap_routes
CV003465,2026-07-25 21:44:40,2026-07-25 22:14:40,2026-07-25 22:14:45,30,30.4,9.002,dongdaegu,1,1,True,target_available_at_arrival,available_count>0 at panel tick nearest as_of+tmap_eta,tmap_routes
EV005193,2026-08-03 07:42:17,2026-08-03 08:17:17,2026-08-03 08:22:20,35,35.0,9.715,dongdaegu,4,4,True,target_available_at_arrival,available_count>0 at panel tick nearest as_of+tmap_eta,tmap_routes
JA270005,2026-08-07 13:52:15,2026-08-07 14:12:15,2026-08-07 14:12:16,20,20.5,6.034,dongdaegu,16,15,True,target_available_at_arrival,available_count>0 at panel tick nearest as_of+tmap_eta,tmap_routes
ME23B113,2026-08-03 12:42:40,2026-08-03 13:36:40,2026-08-03 13:42:43,54,54.4,40.695,dongdaegu,1,1,True,target_available_at_arrival,available_count>0 at panel tick nearest as_of+tmap_eta,tmap_routes
CV003283,2026-07-22 10:49:31,2026-07-22 11:23:31,2026-07-22 11:29:43,34,33.9,8.36,dongdaegu,1,2,True,target_available_at_arrival,available_count>0 at panel tick nearest as_of+tmap_eta,tmap_routes
PI807412,2026-07-29 06:57:11,2026-07-29 07:17:11,2026-07-29 07:17:13,20,20.3,3.045,dongdaegu,5,5,True,target_available_at_arrival,available_count>0 at panel tick nearest as_of+tmap_eta,tmap_routes
ME19X413,2026-07-30 20:57:50,2026-07-30 21:31:50,2026-07-30 21:37:57,34,34.4,11.991,dongdaegu,4,4,True,target_available_at_arrival,available_count>0 at panel tick nearest as_of+tmap_eta,tmap_routes
PI740264,2026-08-02 15:58:34,2026-08-02 16:42:34,2026-08-02 16:48:41,44,43.5,15.169,dongdaegu,1,1,True,target_available_at_arrival,available_count>0 at panel tick nearest as_of+tmap_eta,tmap_routes
NX000019,2026-07-26 18:39:26,2026-07-26 19:04:26,2026-07-26 19:09:30,25,25.0,5.726,dongdaegu,1,1,True,target_available_at_arrival,available_count>0 at panel tick nearest as_of+tmap_eta,tmap_routes
PW014349,2026-08-05 22:12:27,2026-08-05 22:29:27,2026-08-05 22:32:29,17,16.6,2.081,dongdaegu,3,3,True,target_available_at_arrival,available_count>0 at panel tick nearest as_of+tmap_eta,tmap_routes
ME178137,2026-07-23 11:16:43,2026-07-23 12:13:43,2026-07-23 12:17:18,57,57.0,22.407,dongdaegu,2,1,True,target_available_at_arrival,available_count>0 at panel tick nearest as_of+tmap_eta,tmap_routes
CV002099,2026-07-31 16:14:42,2026-07-31 16:43:42,2026-07-31 16:44:52,29,28.6,9.096,dongdaegu,3,3,True,target_available_at_arrival,available_count>0 at panel tick nearest as_of+tmap_eta,tmap_routes
ME18C261,2026-08-07 15:52:32,2026-08-07 16:45:32,2026-08-07 16:52:35,53,53.0,31.983,dongdaegu,2,2,True,target_available_at_arrival,available_count>0 at panel tick nearest as_of+tmap_eta,tmap_routes
CV002099,2026-08-07 20:53:09,2026-08-07 21:22:09,2026-08-07 21:23:13,29,28.6,9.096,dongdaegu,2,2,True,target_available_at_arrival,available_count>0 at panel tick nearest as_of+tmap_eta,tmap_routes
PW000224,2026-07-31 19:05:25,2026-07-31 19:45:25,2026-07-31 19:45:35,40,40.0,9.145,dongdaegu,1,1,True,target_available_at_arrival,available_count>0 at panel tick nearest as_of+tmap_eta,tmap_routes
PI740598,2026-07-30 07:54:16,2026-07-30 08:12:16,2026-07-30 08:14:19,18,17.8,3.853,dongdaegu,1,1,True,target_available_at_arrival,available_count>0 at panel tick nearest as_of+tmap_eta,tmap_routes
EV016067,2026-07-26 19:29:32,2026-07-26 20:13:32,2026-07-26 20:19:40,44,44.4,15.001,dongdaegu,1,1,True,target_available_at_arrival,available_count>0 at panel tick nearest as_of+tmap_eta,tmap_routes
CV000665,2026-07-24 20:59:30,2026-07-24 21:28:30,2026-07-24 21:29:34,29,29.3,6.294,dongdaegu,1,1,True,target_available_at_arrival,available_count>0 at panel tick nearest as_of+tmap_eta,tmap_routes
CU530012,2026-07-21 16:52:59,2026-07-21 17:29:59,2026-07-21 17:33:16,37,36.8,12.536,dongdaegu,5,4,True,target_available_at_arrival,available_count>0 at panel tick nearest as_of+tmap_eta,tmap_routes
CV001687,2026-07-23 14:53:09,2026-07-23 15:10:09,2026-07-23 15:13:24,17,16.8,3.319,dongdaegu,1,1,True,target_available_at_arrival,available_count>0 at panel tick nearest as_of+tmap_eta,tmap_routes
CV001906,2026-07-28 00:28:19,2026-07-28 00:58:19,2026-07-28 00:58:22,30,29.6,8.24,dongdaegu,2,2,True,target_available_at_arrival,available_count>0 at panel tick nearest as_of+tmap_eta,tmap_routes
CV002197,2026-08-06 21:27:12,2026-08-06 21:53:12,2026-08-06 21:57:14,26,25.7,4.225,dongdaegu,1,1,True,target_available_at_arrival,available_count>0 at panel tick nearest as_of+tmap_eta,tmap_routes
CV003454,2026-07-31 16:14:42,2026-07-31 16:30:42,2026-07-31 16:34:51,16,16.1,3.323,dongdaegu,2,2,True,target_available_at_arrival,available_count>0 at panel tick nearest as_of+tmap_eta,tmap_routes
ME183077,2026-07-30 00:12:57,2026-07-30 01:18:57,2026-07-30 01:23:03,66,65.8,23.536,dongdaegu,1,1,True,target_available_at_arrival,available_count>0 at panel tick nearest as_of+tmap_eta,tmap_routes
CV003763,2026-07-29 04:36:46,2026-07-29 05:16:46,2026-07-29 05:16:52,40,40.0,9.438,dongdaegu,4,4,True,target_available_at_arrival,available_count>0 at panel tick nearest as_of+tmap_eta,tmap_routes
PI530278,2026-07-23 05:33:50,2026-07-23 06:29:50,2026-07-23 06:34:06,56,55.5,26.206,dongdaegu,2,3,True,target_available_at_arrival,available_count>0 at panel tick nearest as_of+tmap_eta,tmap_routes
EV005193,2026-07-27 02:02:25,2026-07-27 02:37:25,2026-07-27 02:42:28,35,35.0,9.715,dongdaegu,1,1,True,target_available_at_arrival,available_count>0 at panel tick nearest as_of+tmap_eta,tmap_routes
CV002163,2026-07-23 14:48:04,2026-07-23 15:15:04,2026-07-23 15:18:25,27,26.6,6.988,dongdaegu,8,8,True,target_available_at_arrival,available_count>0 at panel tick nearest as_of+tmap_eta,tmap_routes
PI700099,2026-08-07 09:31:52,2026-08-07 10:05:52,2026-08-07 10:11:57,34,33.5,11.076,dongdaegu,1,1,True,target_available_at_arrival,available_count>0 at panel tick nearest as_of+tmap_eta,tmap_routes
CU530009,2026-08-01 01:39:06,2026-08-01 01:54:06,2026-08-01 01:59:08,15,15.4,3.179,dongdaegu,4,5,True,target_available_at_arrival,available_count>0 at panel tick nearest as_of+tmap_eta,tmap_routes
CV000811,2026-08-01 04:29:22,2026-08-01 04:58:22,2026-08-01 04:59:25,29,29.1,8.544,dongdaegu,1,1,True,target_available_at_arrival,available_count>0 at panel tick nearest as_of+tmap_eta,tmap_routes
CV003559,2026-07-29 08:57:45,2026-07-29 09:14:45,2026-07-29 09:17:56,17,16.7,2.572,dongdaegu,1,1,True,target_available_at_arrival,available_count>0 at panel tick nearest as_of+tmap_eta,tmap_routes
CV001580,2026-08-09 06:13:16,2026-08-09 06:33:16,2026-08-09 06:33:17,20,19.6,3.217,dongdaegu,2,2,True,target_available_at_arrival,available_count>0 at panel tick nearest as_of+tmap_eta,tmap_routes
PW012368,2026-07-26 13:48:45,2026-07-26 14:16:45,2026-07-26 14:18:50,28,28.5,10.054,dongdaegu,1,1,True,target_available_at_arrival,available_count>0 at panel tick nearest as_of+tmap_eta,tmap_routes
ME21B130,2026-08-05 19:42:19,2026-08-05 20:09:19,2026-08-05 20:12:21,27,27.4,9.046,dongdaegu,1,1,True,target_available_at_arrival,available_count>0 at panel tick nearest as_of+tmap_eta,tmap_routes
PC000442,2026-08-04 20:57:59,2026-08-04 21:24:59,2026-08-04 21:28:00,27,27.2,5.475,dongdaegu,1,1,True,target_available_at_arrival,available_count>0 at panel tick nearest as_of+tmap_eta,tmap_routes
EV006188,2026-08-08 18:18:22,2026-08-08 18:52:22,2026-08-08 18:58:27,34,33.5,9.44,dongdaegu,1,1,True,target_available_at_arrival,available_count>0 at panel tick nearest as_of+tmap_eta,tmap_routes
EV006285,2026-08-03 09:22:26,2026-08-03 09:39:26,2026-08-03 09:42:29,17,17.3,1.863,dongdaegu,1,1,True,target_available_at_arrival,available_count>0 at panel tick nearest as_of+tmap_eta,tmap_routes
LU001036,2026-08-07 04:21:26,2026-08-07 05:07:26,2026-08-07 05:11:28,46,46.2,15.687,dongdaegu,2,2,True,target_available_at_arrival,available_count>0 at panel tick nearest as_of+tmap_eta,tmap_routes
ST272606,2026-07-26 00:26:48,2026-07-26 00:41:48,2026-07-26 00:46:50,15,14.8,1.237,dongdaegu,4,4,True,target_available_at_arrival,available_count>0 at panel tick nearest as_of+tmap_eta,tmap_routes
KE000354,2026-07-26 02:27:02,2026-07-26 02:44:02,2026-07-26 02:47:04,17,16.6,4.132,dongdaegu,2,2,True,target_available_at_arrival,available_count>0 at panel tick nearest as_of+tmap_eta,tmap_routes
PL031519,2026-08-06 06:05:54,2026-08-06 06:32:54,2026-08-06 06:35:55,27,26.8,6.055,dongdaegu,1,1,True,target_available_at_arrival,available_count>0 at panel tick nearest as_of+tmap_eta,tmap_routes
ME18C255,2026-07-26 05:07:22,2026-07-26 05:37:22,2026-07-26 05:37:26,30,29.8,8.943,dongdaegu,2,2,True,target_available_at_arrival,available_count>0 at panel tick nearest as_of+tmap_eta,tmap_routes
SF002922,2026-08-08 09:07:35,2026-08-08 09:23:35,2026-08-08 09:27:37,16,15.8,2.058,dongdaegu,3,3,True,target_available_at_arrival,available_count>0 at panel tick nearest as_of+tmap_eta,tmap_routes
EV005838,2026-07-31 05:51:37,2026-07-31 06:17:37,2026-07-31 06:21:40,26,25.7,7.322,dongdaegu,2,2,True,target_available_at_arrival,available_count>0 at panel tick nearest as_of+tmap_eta,tmap_routes
ME25C278,2026-07-26 05:17:23,2026-07-26 05:35:23,2026-07-26 05:37:26,18,18.5,3.795,dongdaegu,2,2,True,target_available_at_arrival,available_count>0 at panel tick nearest as_of+tmap_eta,tmap_routes
CV002862,2026-08-01 16:21:48,2026-08-01 17:16:48,2026-08-01 17:22:00,55,55.1,31.788,dongdaegu,1,1,True,target_available_at_arrival,available_count>0 at panel tick nearest as_of+tmap_eta,tmap_routes
CV001544,2026-07-29 23:00:20,2026-07-29 23:28:20,2026-07-29 23:30:24,28,27.6,7.249,dongdaegu,2,2,True,target_available_at_arrival,available_count>0 at panel tick nearest as_of+tmap_eta,tmap_routes
AZ100007,2026-08-05 03:21:05,2026-08-05 03:45:05,2026-08-05 03:51:06,24,23.6,5.362,dongdaegu,1,1,True,target_available_at_arrival,available_count>0 at panel tick nearest as_of+tmap_eta,tmap_routes
PI530275,2026-08-03 14:02:46,2026-08-03 14:26:46,2026-08-03 14:32:47,24,24.2,7.702,dongdaegu,5,5,True,target_available_at_arrival,available_count>0 at panel tick nearest as_of+tmap_eta,tmap_routes
CV001426,2026-08-06 00:55:43,2026-08-06 01:23:43,2026-08-06 01:25:44,28,27.9,8.018,dongdaegu,1,1,True,target_available_at_arrival,available_count>0 at panel tick nearest as_of+tmap_eta,tmap_routes
CV001126,2026-08-03 02:11:59,2026-08-03 02:47:59,2026-08-03 02:52:01,36,35.9,9.85,dongdaegu,1,1,True,target_available_at_arrival,available_count>0 at panel tick nearest as_of+tmap_eta,tmap_routes
DC530024,2026-07-25 20:24:29,2026-07-25 20:43:29,2026-07-25 20:44:32,19,18.9,3.851,dongdaegu,2,2,True,target_available_at_arrival,available_count>0 at panel tick nearest as_of+tmap_eta,tmap_routes
ME19C289,2026-08-06 02:55:47,2026-08-06 03:49:47,2026-08-06 03:55:49,54,54.2,41.292,dongdaegu,2,2,True,target_available_at_arrival,available_count>0 at panel tick nearest as_of+tmap_eta,tmap_routes
CV003716,2026-07-23 05:28:49,2026-07-23 06:16:49,2026-07-23 06:19:01,48,48.1,26.925,dongdaegu,1,1,True,target_available_at_arrival,available_count>0 at panel tick nearest as_of+tmap_eta,tmap_routes
CV002915,2026-07-23 09:10:37,2026-07-23 09:42:37,2026-07-23 09:46:00,32,32.3,7.453,dongdaegu,1,1,True,target_available_at_arrival,available_count>0 at panel tick nearest as_of+tmap_eta,tmap_routes
CU530004,2026-07-24 16:48:30,2026-07-24 16:58:30,2026-07-24 16:58:31,10,9.6,1.543,dongdaegu,3,3,True,target_available_at_arrival,available_count>0 at panel tick nearest as_of+tmap_eta,tmap_routes
SF000323,2026-08-04 10:17:15,2026-08-04 10:56:15,2026-08-04 10:57:17,39,39.2,19.36,dongdaegu,1,1,True,target_available_at_arrival,available_count>0 at panel tick nearest as_of+tmap_eta,tmap_routes
EV008153,2026-08-04 18:57:49,2026-08-04 19:22:49,2026-08-04 19:27:51,25,25.4,7.671,dongdaegu,3,3,True,target_available_at_arrival,available_count>0 at panel tick nearest as_of+tmap_eta,tmap_routes
DC530007,2026-07-24 10:57:27,2026-07-24 11:40:27,2026-07-24 11:47:36,43,42.9,8.561,dongdaegu,2,2,True,target_available_at_arrival,available_count>0 at panel tick nearest as_of+tmap_eta,tmap_routes
JA270005,2026-08-03 13:22:42,2026-08-03 13:42:42,2026-08-03 13:42:43,20,20.5,6.034,dongdaegu,18,18,True,target_available_at_arrival,available_count>0 at panel tick nearest as_of+tmap_eta,tmap_routes
CV003256,2026-08-05 21:02:23,2026-08-05 22:06:23,2026-08-05 22:12:27,64,63.8,32.189,dongdaegu,11,11,True,target_available_at_arrival,available_count>0 at panel tick nearest as_of+tmap_eta,tmap_routes
ME18C171,2026-07-26 10:28:14,2026-07-26 10:52:14,2026-07-26 10:58:21,24,23.6,4.864,dongdaegu,1,1,True,target_available_at_arrival,available_count>0 at panel tick nearest as_of+tmap_eta,tmap_routes
CV001594,2026-07-25 20:24:29,2026-07-25 20:50:29,2026-07-25 20:54:34,26,25.9,6.561,dongdaegu,2,2,True,target_available_at_arrival,available_count>0 at panel tick nearest as_of+tmap_eta,tmap_routes
CV002358,2026-07-24 04:38:04,2026-07-24 04:49:04,2026-07-24 04:53:10,11,10.9,1.402,dongdaegu,2,2,True,target_available_at_arrival,available_count>0 at panel tick nearest as_of+tmap_eta,tmap_routes
SF003055,2026-07-29 01:26:17,2026-07-29 01:40:17,2026-07-29 01:46:18,14,14.1,3.101,dongdaegu,2,2,True,target_available_at_arrival,available_count>0 at panel tick nearest as_of+tmap_eta,tmap_routes
EV012379,2026-08-04 14:17:31,2026-08-04 14:44:31,2026-08-04 14:47:32,27,27.3,8.408,dongdaegu,5,5,True,target_available_at_arrival,available_count>0 at panel tick nearest as_of+tmap_eta,tmap_routes
ME183061,2026-07-30 07:14:04,2026-07-30 07:30:04,2026-07-30 07:34:13,16,15.5,1.801,dongdaegu,1,1,True,target_available_at_arrival,available_count>0 at panel tick nearest as_of+tmap_eta,tmap_routes
PI740668,2026-08-08 13:57:56,2026-08-08 14:26:56,2026-08-08 14:28:00,29,29.1,10.335,dongdaegu,2,2,True,target_available_at_arrival,available_count>0 at panel tick nearest as_of+tmap_eta,tmap_routes
PI203015,2026-07-29 11:08:11,2026-07-29 11:38:11,2026-07-29 11:38:15,30,29.5,8.23,dongdaegu,1,1,True,target_available_at_arrival,available_count>0 at panel tick nearest as_of+tmap_eta,tmap_routes
PIH00094,2026-08-05 00:40:58,2026-08-05 01:06:58,2026-08-05 01:10:59,26,25.6,9.271,dongdaegu,5,5,True,target_available_at_arrival,available_count>0 at panel tick nearest as_of+tmap_eta,tmap_routes
KP002182,2026-07-27 10:23:41,2026-07-27 10:38:41,2026-07-27 10:43:44,15,15.0,2.363,dongdaegu,2,2,True,target_available_at_arrival,available_count>0 at panel tick nearest as_of+tmap_eta,tmap_routes
ME178137,2026-08-03 03:32:03,2026-08-03 04:29:03,2026-08-03 04:32:05,57,57.0,22.407,dongdaegu,2,2,True,target_available_at_arrival,available_count>0 at panel tick nearest as_of+tmap_eta,tmap_routes
PW015100,2026-07-31 18:05:08,2026-07-31 18:35:08,2026-07-31 18:35:14,30,30.1,5.782,dongdaegu,1,1,True,target_available_at_arrival,available_count>0 at panel tick nearest as_of+tmap_eta,tmap_routes
CV001221,2026-08-04 14:07:30,2026-08-04 14:25:30,2026-08-04 14:27:31,18,17.6,3.387,dongdaegu,8,9,True,target_available_at_arrival,available_count>0 at panel tick nearest as_of+tmap_eta,tmap_routes
CV001605,2026-08-01 07:49:50,2026-08-01 08:18:50,2026-08-01 08:19:55,29,29.2,7.17,dongdaegu,2,2,True,target_available_at_arrival,available_count>0 at panel tick nearest as_of+tmap_eta,tmap_routes
IN053073,2026-08-02 09:47:28,2026-08-02 10:07:28,2026-08-02 10:07:33,20,20.5,4.346,dongdaegu,13,14,True,target_available_at_arrival,available_count>0 at panel tick nearest as_of+tmap_eta,tmap_routes
ME19E138,2026-08-01 20:12:32,2026-08-01 21:12:32,2026-08-01 21:12:44,60,59.6,35.136,dongdaegu,1,1,True,target_available_at_arrival,available_count>0 at panel tick nearest as_of+tmap_eta,tmap_routes
CV003142,2026-08-07 22:33:21,2026-08-07 23:16:21,2026-08-07 23:23:23,43,43.4,19.606,dongdaegu,1,1,True,target_available_at_arrival,available_count>0 at panel tick nearest as_of+tmap_eta,tmap_routes
CV001264,2026-08-07 09:41:53,2026-08-07 10:35:53,2026-08-07 10:41:58,54,54.4,27.511,dongdaegu,2,2,True,target_available_at_arrival,available_count>0 at panel tick nearest as_of+tmap_eta,tmap_routes
PIH01804,2026-08-07 10:31:58,2026-08-07 10:49:58,2026-08-07 10:52:03,18,17.8,3.532,dongdaegu,8,8,True,target_available_at_arrival,available_count>0 at panel tick nearest as_of+tmap_eta,tmap_routes
SF002213,2026-08-07 01:31:18,2026-08-07 02:26:18,2026-08-07 02:31:20,55,54.8,26.185,dongdaegu,1,1,True,target_available_at_arrival,available_count>0 at panel tick nearest as_of+tmap_eta,tmap_routes
CV001323,2026-08-06 10:46:14,2026-08-06 10:49:14,2026-08-06 10:56:15,3,2.7,0.18,dongdaegu,4,4,True,target_available_at_arrival,available_count>0 at panel tick nearest as_of+tmap_eta,tmap_routes
PI530330,2026-08-08 18:48:26,2026-08-08 19:04:26,2026-08-08 19:08:29,16,15.8,3.38,dongdaegu,2,2,True,target_available_at_arrival,available_count>0 at panel tick nearest as_of+tmap_eta,tmap_routes
JA270010,2026-08-04 23:48:09,2026-08-05 00:30:09,2026-08-05 00:30:58,42,42.3,9.495,dongdaegu,3,3,True,target_available_at_arrival,available_count>0 at panel tick nearest as_of+tmap_eta,tmap_routes
DC530016,2026-07-27 08:03:22,2026-07-27 08:49:22,2026-07-27 08:53:30,46,46.0,9.407,dongdaegu,3,3,True,target_available_at_arrival,available_count>0 at panel tick nearest as_of+tmap_eta,tmap_routes
EC004338,2026-07-28 05:18:53,2026-07-28 05:52:53,2026-07-28 05:58:59,34,34.1,11.583,dongdaegu,3,3,True,target_available_at_arrival,available_count>0 at panel tick nearest as_of+tmap_eta,tmap_routes
ME183062,2026-08-08 11:37:48,2026-08-08 12:15:48,2026-08-08 12:17:51,38,38.3,13.119,dongdaegu,1,1,True,target_available_at_arrival,available_count>0 at panel tick nearest as_of+tmap_eta,tmap_routes
ST277202,2026-07-27 23:16:18,2026-07-28 00:04:18,2026-07-28 00:06:26,48,47.9,35.88,dongdaegu,3,3,True,target_available_at_arrival,available_count>0 at panel tick nearest as_of+tmap_eta,tmap_routes
CV003445,2026-08-05 08:11:19,2026-08-05 08:27:19,2026-08-05 08:31:20,16,16.4,3.24,dongdaegu,2,2,True,target_available_at_arrival,available_count>0 at panel tick nearest as_of+tmap_eta,tmap_routes
EV006617,2026-07-24 06:58:56,2026-07-24 07:36:56,2026-07-24 07:39:08,38,37.6,13.391,dongdaegu,1,1,True,target_available_at_arrival,available_count>0 at panel tick nearest as_of+tmap_eta,tmap_routes
PI700664,2026-07-30 01:23:03,2026-07-30 01:40:03,2026-07-30 01:43:05,17,16.7,2.747,dongdaegu,1,1,True,target_available_at_arrival,available_count>0 at panel tick nearest as_of+tmap_eta,tmap_routes
CV002202,2026-07-29 01:26:17,2026-07-29 01:46:17,2026-07-29 01:46:18,20,20.3,5.522,dongdaegu,2,2,True,target_available_at_arrival,available_count>0 at panel tick nearest as_of+tmap_eta,tmap_routes
PI530054,2026-07-30 20:37:47,2026-07-30 21:03:47,2026-07-30 21:07:53,26,25.5,7.562,dongdaegu,1,1,True,target_available_at_arrival,available_count>0 at panel tick nearest as_of+tmap_eta,tmap_routes
ME25C276,2026-07-31 19:15:30,2026-07-31 20:13:30,2026-07-31 20:15:40,58,58.0,30.689,dongdaegu,2,2,True,target_available_at_arrival,available_count>0 at panel tick nearest as_of+tmap_eta,tmap_routes
NT101508,2026-08-06 17:56:46,2026-08-06 18:29:46,2026-08-06 18:36:49,33,32.9,10.835,dongdaegu,1,1,True,target_available_at_arrival,available_count>0 at panel tick nearest as_of+tmap_eta,tmap_routes
HW000553,2026-08-04 14:27:31,2026-08-04 14:43:31,2026-08-04 14:47:32,16,16.5,3.974,dongdaegu,1,1,True,target_available_at_arrival,available_count>0 at panel tick nearest as_of+tmap_eta,tmap_routes
PI805002,2026-07-30 15:36:38,2026-07-30 15:56:38,2026-07-30 15:56:41,20,19.7,6.751,dongdaegu,2,2,True,target_available_at_arrival,available_count>0 at panel tick nearest as_of+tmap_eta,tmap_routes
ME19C404,2026-07-22 12:59:55,2026-07-22 13:24:55,2026-07-22 13:29:59,25,25.1,5.074,dongdaegu,2,2,True,target_available_at_arrival,available_count>0 at panel tick nearest as_of+tmap_eta,tmap_routes
ME183068,2026-08-02 23:29:32,2026-08-02 23:53:32,2026-08-02 23:59:33,24,23.9,7.001,dongdaegu,1,1,True,target_available_at_arrival,available_count>0 at panel tick nearest as_of+tmap_eta,tmap_routes
CU530010,2026-07-30 06:44:01,2026-07-30 07:12:01,2026-07-30 07:14:04,28,27.6,8.681,dongdaegu,19,20,True,target_available_at_arrival,available_count>0 at panel tick nearest as_of+tmap_eta,tmap_routes
CV001221,2026-07-24 07:44:14,2026-07-24 08:02:14,2026-07-24 08:04:20,18,17.6,3.387,dongdaegu,2,2,True,target_available_at_arrival,available_count>0 at panel tick nearest as_of+tmap_eta,tmap_routes
CV002914,2026-08-08 18:48:26,2026-08-08 19:12:26,2026-08-08 19:18:30,24,24.4,8.623,dongdaegu,1,1,True,target_available_at_arrival,available_count>0 at panel tick nearest as_of+tmap_eta,tmap_routes
DC530029,2026-08-07 01:51:18,2026-08-07 02:36:18,2026-08-07 02:41:20,45,44.9,12.015,dongdaegu,4,5,True,target_available_at_arrival,available_count>0 at panel tick nearest as_of+tmap_eta,tmap_routes
DC530012,2026-07-31 03:21:04,2026-07-31 03:47:04,2026-07-31 03:51:14,26,26.5,4.462,dongdaegu,2,2,True,target_available_at_arrival,available_count>0 at panel tick nearest as_of+tmap_eta,tmap_routes
CV003454,2026-08-07 18:32:47,2026-08-07 18:48:47,2026-08-07 18:52:48,16,16.1,3.323,dongdaegu,1,1,True,target_available_at_arrival,available_count>0 at panel tick nearest as_of+tmap_eta,tmap_routes
CV003144,2026-08-02 03:06:28,2026-08-02 03:31:28,2026-08-02 03:36:33,25,24.9,8.247,dongdaegu,2,2,True,target_available_at_arrival,available_count>0 at panel tick nearest as_of+tmap_eta,tmap_routes
NT101295,2026-08-06 07:56:00,2026-08-06 08:13:00,2026-08-06 08:16:01,17,17.2,6.908,dongdaegu,1,1,True,target_available_at_arrival,available_count>0 at panel tick nearest as_of+tmap_eta,tmap_routes
PI740140,2026-08-07 17:12:36,2026-08-07 17:42:36,2026-08-07 17:42:40,30,30.1,9.429,dongdaegu,1,2,True,target_available_at_arrival,available_count>0 at panel tick nearest as_of+tmap_eta,tmap_routes
CV003566,2026-08-04 12:37:26,2026-08-04 13:01:26,2026-08-04 13:07:27,24,24.4,3.698,dongdaegu,2,1,True,target_available_at_arrival,available_count>0 at panel tick nearest as_of+tmap_eta,tmap_routes
TS272301,2026-08-08 07:07:27,2026-08-08 07:26:27,2026-08-08 07:27:28,19,19.3,3.204,dongdaegu,2,2,True,target_available_at_arrival,available_count>0 at panel tick nearest as_of+tmap_eta,tmap_routes
CV001606,2026-08-02 06:46:59,2026-08-02 07:15:59,2026-08-02 07:17:02,29,29.0,7.584,dongdaegu,2,2,True,target_available_at_arrival,available_count>0 at panel tick nearest as_of+tmap_eta,tmap_routes
PI306067,2026-08-04 12:47:26,2026-08-04 13:14:26,2026-08-04 13:17:28,27,27.0,9.229,dongdaegu,3,3,True,target_available_at_arrival,available_count>0 at panel tick nearest as_of+tmap_eta,tmap_routes
ME18C262,2026-08-05 11:31:39,2026-08-05 12:34:39,2026-08-05 12:41:42,63,62.9,23.487,dongdaegu,2,2,True,target_available_at_arrival,available_count>0 at panel tick nearest as_of+tmap_eta,tmap_routes
CV004701,2026-08-01 06:19:35,2026-08-01 06:25:35,2026-08-01 06:29:39,6,5.9,0.675,dongdaegu,3,3,True,target_available_at_arrival,available_count>0 at panel tick nearest as_of+tmap_eta,tmap_routes
CV003559,2026-08-08 23:08:48,2026-08-08 23:25:48,2026-08-08 23:28:49,17,16.7,2.572,dongdaegu,1,1,True,target_available_at_arrival,available_count>0 at panel tick nearest as_of+tmap_eta,tmap_routes
PI530310,2026-07-31 15:03:19,2026-07-31 15:28:19,2026-07-31 15:33:23,25,25.0,7.513,dongdaegu,2,2,True,target_available_at_arrival,available_count>0 at panel tick nearest as_of+tmap_eta,tmap_routes
PI722615,2026-07-26 16:29:08,2026-07-26 16:47:08,2026-07-26 16:49:11,18,18.3,3.033,dongdaegu,8,8,True,target_available_at_arrival,available_count>0 at panel tick nearest as_of+tmap_eta,tmap_routes
EV012413,2026-08-03 13:32:42,2026-08-03 14:02:42,2026-08-03 14:02:46,30,29.9,6.418,dongdaegu,7,7,True,target_available_at_arrival,available_count>0 at panel tick nearest as_of+tmap_eta,tmap_routes
PI530277,2026-07-23 08:29:53,2026-07-23 09:06:53,2026-07-23 09:10:37,37,37.4,11.179,dongdaegu,3,3,True,target_available_at_arrival,available_count>0 at panel tick nearest as_of+tmap_eta,tmap_routes
HM000698,2026-08-06 20:37:02,2026-08-06 21:35:02,2026-08-06 21:37:13,58,58.5,38.332,dongdaegu,1,1,True,target_available_at_arrival,available_count>0 at panel tick nearest as_of+tmap_eta,tmap_routes
PIH00153,2026-07-26 13:08:40,2026-07-26 13:44:40,2026-07-26 13:48:45,36,35.6,10.821,dongdaegu,6,6,True,target_available_at_arrival,available_count>0 at panel tick nearest as_of+tmap_eta,tmap_routes
CV003064,2026-07-24 06:58:56,2026-07-24 07:26:56,2026-07-24 07:29:06,28,28.5,7.639,dongdaegu,1,1,True,target_available_at_arrival,available_count>0 at panel tick nearest as_of+tmap_eta,tmap_routes
PI530292,2026-07-31 04:11:18,2026-07-31 04:24:18,2026-07-31 04:31:20,13,13.1,3.081,dongdaegu,4,4,True,target_available_at_arrival,available_count>0 at panel tick nearest as_of+tmap_eta,tmap_routes
CV000849,2026-08-04 08:47:08,2026-08-04 09:45:08,2026-08-04 09:47:11,58,58.3,26.591,dongdaegu,6,6,True,target_available_at_arrival,available_count>0 at panel tick nearest as_of+tmap_eta,tmap_routes
EV006225,2026-07-29 08:27:41,2026-07-29 09:05:41,2026-07-29 09:07:55,38,37.6,13.391,dongdaegu,1,1,True,target_available_at_arrival,available_count>0 at panel tick nearest as_of+tmap_eta,tmap_routes
KL002700,2026-08-04 13:37:29,2026-08-04 13:55:29,2026-08-04 13:57:30,18,17.7,3.558,dongdaegu,1,1,True,target_available_at_arrival,available_count>0 at panel tick nearest as_of+tmap_eta,tmap_routes
CV001318,2026-08-03 05:22:07,2026-08-03 05:50:07,2026-08-03 05:52:10,28,28.5,5.908,dongdaegu,4,4,True,target_available_at_arrival,available_count>0 at panel tick nearest as_of+tmap_eta,tmap_routes
TS472920,2026-08-03 21:44:00,2026-08-03 21:50:00,2026-08-03 21:54:00,6,6.3,0.539,dongdaegu,1,1,True,target_available_at_arrival,available_count>0 at panel tick nearest as_of+tmap_eta,tmap_routes
CV003072,2026-07-23 13:27:45,2026-07-23 13:45:45,2026-07-23 13:47:50,18,17.8,3.667,dongdaegu,1,1,True,target_available_at_arrival,available_count>0 at panel tick nearest as_of+tmap_eta,tmap_routes
ST272307,2026-08-05 20:12:21,2026-08-05 20:38:21,2026-08-05 20:42:22,26,25.8,8.297,dongdaegu,1,1,True,target_available_at_arrival,available_count>0 at panel tick nearest as_of+tmap_eta,tmap_routes
CV000553,2026-07-23 01:12:44,2026-07-23 01:55:44,2026-07-23 01:57:57,43,42.8,9.106,dongdaegu,1,1,True,target_available_at_arrival,available_count>0 at panel tick nearest as_of+tmap_eta,tmap_routes
SF001849,2026-08-05 07:21:16,2026-08-05 07:36:16,2026-08-05 07:41:17,15,15.4,1.463,dongdaegu,2,2,True,target_available_at_arrival,available_count>0 at panel tick nearest as_of+tmap_eta,tmap_routes
CV004550,2026-07-30 02:53:11,2026-07-30 03:17:11,2026-07-30 03:23:20,24,24.4,3.14,dongdaegu,1,1,True,target_available_at_arrival,available_count>0 at panel tick nearest as_of+tmap_eta,tmap_routes
CV003801,2026-07-31 15:23:21,2026-07-31 16:00:21,2026-07-31 16:04:41,37,36.6,12.36,dongdaegu,2,2,True,target_available_at_arrival,available_count>0 at panel tick nearest as_of+tmap_eta,tmap_routes
PI807412,2026-08-03 05:52:10,2026-08-03 06:12:10,2026-08-03 06:12:11,20,20.3,3.045,dongdaegu,3,3,True,target_available_at_arrival,available_count>0 at panel tick nearest as_of+tmap_eta,tmap_routes
CV000667,2026-08-02 13:58:14,2026-08-02 14:43:14,2026-08-02 14:48:25,45,45.4,18.244,dongdaegu,1,1,True,target_available_at_arrival,available_count>0 at panel tick nearest as_of+tmap_eta,tmap_routes
NT100925,2026-07-25 09:13:47,2026-07-25 10:12:47,2026-07-25 10:14:06,59,58.9,26.625,dongdaegu,1,1,True,target_available_at_arrival,available_count>0 at panel tick nearest as_of+tmap_eta,tmap_routes
KE000354,2026-08-02 02:36:24,2026-08-02 02:53:24,2026-08-02 02:56:26,17,16.6,4.132,dongdaegu,3,3,True,target_available_at_arrival,available_count>0 at panel tick nearest as_of+tmap_eta,tmap_routes
PIH00737,2026-07-24 17:58:47,2026-07-24 18:26:47,2026-07-24 18:29:00,28,28.1,9.346,dongdaegu,7,6,True,target_available_at_arrival,available_count>0 at panel tick nearest as_of+tmap_eta,tmap_routes
EV005963,2026-07-27 16:24:55,2026-07-27 17:08:55,2026-07-27 17:15:05,44,44.5,15.209,dongdaegu,5,5,True,target_available_at_arrival,available_count>0 at panel tick nearest as_of+tmap_eta,tmap_routes
CV001208,2026-07-28 04:48:46,2026-07-28 05:28:46,2026-07-28 05:28:57,40,40.1,7.766,dongdaegu,1,1,True,target_available_at_arrival,available_count>0 at panel tick nearest as_of+tmap_eta,tmap_routes
CV000051,2026-08-04 12:47:26,2026-08-04 13:45:26,2026-08-04 13:47:29,58,57.6,33.109,dongdaegu,2,2,True,target_available_at_arrival,available_count>0 at panel tick nearest as_of+tmap_eta,tmap_routes
CU530012,2026-08-08 18:38:25,2026-08-08 19:15:25,2026-08-08 19:18:30,37,36.8,12.536,dongdaegu,26,26,True,target_available_at_arrival,available_count>0 at panel tick nearest as_of+tmap_eta,tmap_routes
ME18C263,2026-07-26 22:50:00,2026-07-26 23:44:00,2026-07-26 23:50:07,54,54.1,25.684,dongdaegu,2,2,True,target_available_at_arrival,available_count>0 at panel tick nearest as_of+tmap_eta,tmap_routes
KE000245,2026-07-27 01:52:24,2026-07-27 02:19:24,2026-07-27 02:22:26,27,26.6,7.893,dongdaegu,2,2,True,target_available_at_arrival,available_count>0 at panel tick nearest as_of+tmap_eta,tmap_routes
CV002279,2026-07-30 09:54:39,2026-07-30 10:12:39,2026-07-30 10:14:52,18,17.9,4.819,dongdaegu,2,3,True,target_available_at_arrival,available_count>0 at panel tick nearest as_of+tmap_eta,tmap_routes
CV000539,2026-08-02 09:27:25,2026-08-02 09:52:25,2026-08-02 09:57:31,25,25.2,7.511,dongdaegu,1,1,True,target_available_at_arrival,available_count>0 at panel tick nearest as_of+tmap_eta,tmap_routes
EC004338,2026-08-07 13:02:12,2026-08-07 13:36:12,2026-08-07 13:42:14,34,34.1,11.583,dongdaegu,5,5,True,target_available_at_arrival,available_count>0 at panel tick nearest as_of+tmap_eta,tmap_routes
CV003698,2026-07-25 16:43:57,2026-07-25 17:31:57,2026-07-25 17:34:04,48,47.9,27.104,dongdaegu,1,1,True,target_available_at_arrival,available_count>0 at panel tick nearest as_of+tmap_eta,tmap_routes
AZ100022,2026-08-03 00:51:56,2026-08-03 01:49:56,2026-08-03 01:51:58,58,57.6,25.0,dongdaegu,1,1,True,target_available_at_arrival,available_count>0 at panel tick nearest as_of+tmap_eta,tmap_routes
CV003065,2026-08-02 11:27:45,2026-08-02 11:57:45,2026-08-02 11:57:51,30,29.5,12.376,dongdaegu,1,1,True,target_available_at_arrival,available_count>0 at panel tick nearest as_of+tmap_eta,tmap_routes
PI740096,2026-07-28 16:52:20,2026-07-28 17:15:20,2026-07-28 17:22:32,23,23.4,7.899,dongdaegu,1,1,True,target_available_at_arrival,available_count>0 at panel tick nearest as_of+tmap_eta,tmap_routes
CV002014,2026-07-25 17:54:07,2026-07-25 18:30:07,2026-07-25 18:34:12,36,35.5,11.855,dongdaegu,1,2,True,target_available_at_arrival,available_count>0 at panel tick nearest as_of+tmap_eta,tmap_routes
KP005266,2026-07-21 21:23:01,2026-07-21 21:39:01,2026-07-21 21:43:05,16,16.3,3.409,dongdaegu,1,1,True,target_available_at_arrival,available_count>0 at panel tick nearest as_of+tmap_eta,tmap_routes
HW000646,2026-08-03 15:32:50,2026-08-03 15:59:50,2026-08-03 16:02:52,27,27.0,5.569,dongdaegu,1,1,True,target_available_at_arrival,available_count>0 at panel tick nearest as_of+tmap_eta,tmap_routes
EV005192,2026-08-08 13:47:56,2026-08-08 14:22:56,2026-08-08 14:28:00,35,34.8,9.708,dongdaegu,3,3,True,target_available_at_arrival,available_count>0 at panel tick nearest as_of+tmap_eta,tmap_routes
ME19C403,2026-07-24 11:37:35,2026-07-24 12:03:35,2026-07-24 12:07:38,26,26.0,8.922,dongdaegu,2,2,True,target_available_at_arrival,available_count>0 at panel tick nearest as_of+tmap_eta,tmap_routes
EV000669,2026-08-01 14:11:19,2026-08-01 14:36:19,2026-08-01 14:41:28,25,25.1,7.002,dongdaegu,2,2,True,target_available_at_arrival,available_count>0 at panel tick nearest as_of+tmap_eta,tmap_routes
ME25C168,2026-07-23 13:02:39,2026-07-23 13:45:39,2026-07-23 13:47:50,43,42.7,12.324,dongdaegu,1,1,True,target_available_at_arrival,available_count>0 at panel tick nearest as_of+tmap_eta,tmap_routes
HY000896,2026-08-02 08:17:15,2026-08-02 08:50:15,2026-08-02 08:57:20,33,32.8,9.291,dongdaegu,6,6,True,target_available_at_arrival,available_count>0 at panel tick nearest as_of+tmap_eta,tmap_routes
PI740086,2026-07-29 22:40:18,2026-07-29 23:06:18,2026-07-29 23:10:22,26,26.5,9.134,dongdaegu,1,1,True,target_available_at_arrival,available_count>0 at panel tick nearest as_of+tmap_eta,tmap_routes
PC000120,2026-08-03 22:54:06,2026-08-03 23:49:06,2026-08-03 23:54:09,55,55.0,24.945,dongdaegu,3,3,True,target_available_at_arrival,available_count>0 at panel tick nearest as_of+tmap_eta,tmap_routes
CV003786,2026-07-23 10:31:10,2026-07-23 10:55:10,2026-07-23 10:56:34,24,23.6,4.545,dongdaegu,4,4,True,target_available_at_arrival,available_count>0 at panel tick nearest as_of+tmap_eta,tmap_routes
CV000750,2026-08-08 04:37:18,2026-08-08 05:37:18,2026-08-08 05:37:23,60,60.4,26.025,dongdaegu,5,4,True,target_available_at_arrival,available_count>0 at panel tick nearest as_of+tmap_eta,tmap_routes
KL002465,2026-07-23 01:47:55,2026-07-23 02:19:55,2026-07-23 02:23:04,32,31.9,8.764,dongdaegu,7,7,True,target_available_at_arrival,available_count>0 at panel tick nearest as_of+tmap_eta,tmap_routes
DC530024,2026-07-31 07:32:03,2026-07-31 07:51:03,2026-07-31 07:52:08,19,18.9,3.851,dongdaegu,3,3,True,target_available_at_arrival,available_count>0 at panel tick nearest as_of+tmap_eta,tmap_routes
CV003464,2026-08-01 07:39:49,2026-08-01 08:06:49,2026-08-01 08:09:54,27,27.0,5.866,dongdaegu,3,3,True,target_available_at_arrival,available_count>0 at panel tick nearest as_of+tmap_eta,tmap_routes
PIS00554,2026-08-05 07:51:18,2026-08-05 08:29:18,2026-08-05 08:31:20,38,38.0,11.718,dongdaegu,6,5,True,target_available_at_arrival,available_count>0 at panel tick nearest as_of+tmap_eta,tmap_routes
ST272308,2026-08-07 21:53:16,2026-08-07 22:09:16,2026-08-07 22:13:19,16,15.9,3.465,dongdaegu,4,4,True,target_available_at_arrival,available_count>0 at panel tick nearest as_of+tmap_eta,tmap_routes
ME22C253,2026-07-22 16:40:40,2026-07-22 17:14:40,2026-07-22 17:21:05,34,34.5,12.074,dongdaegu,2,0,False,target_available_at_arrival,available_count>0 at panel tick nearest as_of+tmap_eta,tmap_routes
BNBN0586,2026-07-26 13:38:44,2026-07-26 14:16:44,2026-07-26 14:18:50,38,38.5,10.312,dongdaegu,2,2,True,target_available_at_arrival,available_count>0 at panel tick nearest as_of+tmap_eta,tmap_routes
ST601225,2026-08-03 01:41:58,2026-08-03 01:51:58,2026-08-03 01:51:58,10,9.8,1.871,dongdaegu,2,2,True,target_available_at_arrival,available_count>0 at panel tick nearest as_of+tmap_eta,tmap_routes
PI808200,2026-08-05 04:51:08,2026-08-05 05:29:08,2026-08-05 05:31:09,38,37.5,11.167,dongdaegu,1,1,True,target_available_at_arrival,available_count>0 at panel tick nearest as_of+tmap_eta,tmap_routes
CV004108,2026-08-04 08:17:06,2026-08-04 08:31:06,2026-08-04 08:37:07,14,13.9,2.65,dongdaegu,2,2,True,target_available_at_arrival,available_count>0 at panel tick nearest as_of+tmap_eta,tmap_routes
EC000145,2026-07-27 02:12:25,2026-07-27 02:32:25,2026-07-27 02:32:27,20,19.7,3.897,dongdaegu,1,1,True,target_available_at_arrival,available_count>0 at panel tick nearest as_of+tmap_eta,tmap_routes
JA270005,2026-08-05 12:11:41,2026-08-05 12:31:41,2026-08-05 12:31:42,20,20.5,6.034,dongdaegu,17,18,True,target_available_at_arrival,available_count>0 at panel tick nearest as_of+tmap_eta,tmap_routes
CV003063,2026-08-08 08:17:32,2026-08-08 08:55:32,2026-08-08 08:57:35,38,38.4,10.075,dongdaegu,1,1,True,target_available_at_arrival,available_count>0 at panel tick nearest as_of+tmap_eta,tmap_routes
PI700099,2026-08-09 03:43:08,2026-08-09 04:17:08,2026-08-09 04:23:10,34,33.5,11.076,dongdaegu,1,1,True,target_available_at_arrival,available_count>0 at panel tick nearest as_of+tmap_eta,tmap_routes
NT101499,2026-08-05 02:01:01,2026-08-05 02:40:01,2026-08-05 02:41:03,39,39.0,10.787,dongdaegu,1,1,True,target_available_at_arrival,available_count>0 at panel tick nearest as_of+tmap_eta,tmap_routes
KE001333,2026-07-29 05:56:57,2026-07-29 06:22:57,2026-07-29 06:27:06,26,25.9,7.435,dongdaegu,1,1,True,target_available_at_arrival,available_count>0 at panel tick nearest as_of+tmap_eta,tmap_routes
KP005644,2026-07-23 08:45:08,2026-07-23 08:58:08,2026-07-23 09:00:25,13,12.8,1.502,dongdaegu,1,1,True,target_available_at_arrival,available_count>0 at panel tick nearest as_of+tmap_eta,tmap_routes
PI740776,2026-07-25 17:34:04,2026-07-25 17:51:04,2026-07-25 17:54:07,17,17.4,3.523,dongdaegu,1,0,False,target_available_at_arrival,available_count>0 at panel tick nearest as_of+tmap_eta,tmap_routes
ME22C251,2026-07-25 14:44:59,2026-07-25 15:12:59,2026-07-25 15:13:38,28,27.9,8.298,dongdaegu,1,2,True,target_available_at_arrival,available_count>0 at panel tick nearest as_of+tmap_eta,tmap_routes
PI747158,2026-08-01 18:12:11,2026-08-01 18:49:11,2026-08-01 18:52:17,37,37.3,11.696,dongdaegu,2,2,True,target_available_at_arrival,available_count>0 at panel tick nearest as_of+tmap_eta,tmap_routes
PI740701,2026-07-25 19:44:24,2026-07-25 20:21:24,2026-07-25 20:24:29,37,37.4,10.492,dongdaegu,1,1,True,target_available_at_arrival,available_count>0 at panel tick nearest as_of+tmap_eta,tmap_routes
UP491145,2026-08-08 10:07:39,2026-08-08 10:34:39,2026-08-08 10:37:43,27,26.8,8.306,dongdaegu,1,1,True,target_available_at_arrival,available_count>0 at panel tick nearest as_of+tmap_eta,tmap_routes
PI530313,2026-08-08 18:28:25,2026-08-08 19:06:25,2026-08-08 19:08:29,38,37.9,13.333,dongdaegu,2,2,True,target_available_at_arrival,available_count>0 at panel tick nearest as_of+tmap_eta,tmap_routes
CV001493,2026-07-23 13:12:42,2026-07-23 13:46:42,2026-07-23 13:47:50,34,33.5,10.19,dongdaegu,2,3,True,target_available_at_arrival,available_count>0 at panel tick nearest as_of+tmap_eta,tmap_routes
ME19E161,2026-08-06 08:06:00,2026-08-06 08:25:00,2026-08-06 08:26:02,19,18.7,1.98,dongdaegu,1,1,True,target_available_at_arrival,available_count>0 at panel tick nearest as_of+tmap_eta,tmap_routes
KP005834,2026-08-06 05:55:54,2026-08-06 06:38:54,2026-08-06 06:45:56,43,42.9,21.13,dongdaegu,1,1,True,target_available_at_arrival,available_count>0 at panel tick nearest as_of+tmap_eta,tmap_routes
KP003782,2026-07-26 13:58:46,2026-07-26 14:34:46,2026-07-26 14:38:52,36,36.5,8.043,dongdaegu,1,1,True,target_available_at_arrival,available_count>0 at panel tick nearest as_of+tmap_eta,tmap_routes
CV002390,2026-08-03 12:22:39,2026-08-03 12:48:39,2026-08-03 12:52:40,26,25.7,8.182,dongdaegu,1,2,True,target_available_at_arrival,available_count>0 at panel tick nearest as_of+tmap_eta,tmap_routes
PI530286,2026-07-23 08:45:08,2026-07-23 09:13:08,2026-07-23 09:15:39,28,28.1,7.492,dongdaegu,1,1,True,target_available_at_arrival,available_count>0 at panel tick nearest as_of+tmap_eta,tmap_routes
CV003146,2026-08-05 12:11:41,2026-08-05 12:56:41,2026-08-05 13:01:43,45,44.9,22.12,dongdaegu,1,1,True,target_available_at_arrival,available_count>0 at panel tick nearest as_of+tmap_eta,tmap_routes
CV002253,2026-07-28 02:18:30,2026-07-28 03:04:30,2026-07-28 03:08:35,46,46.0,21.152,dongdaegu,15,15,True,target_available_at_arrival,available_count>0 at panel tick nearest as_of+tmap_eta,tmap_routes
ME24A248,2026-07-22 22:45:22,2026-07-22 23:46:22,2026-07-22 23:50:42,61,61.2,23.606,dongdaegu,2,2,True,target_available_at_arrival,available_count>0 at panel tick nearest as_of+tmap_eta,tmap_routes
CV003133,2026-07-27 18:55:23,2026-07-27 19:28:23,2026-07-27 19:35:39,33,33.2,8.22,dongdaegu,1,0,False,target_available_at_arrival,available_count>0 at panel tick nearest as_of+tmap_eta,tmap_routes
CV001297,2026-08-05 08:01:18,2026-08-05 08:19:18,2026-08-05 08:21:20,18,17.7,4.389,dongdaegu,1,1,True,target_available_at_arrival,available_count>0 at panel tick nearest as_of+tmap_eta,tmap_routes
PI740398,2026-07-28 10:59:56,2026-07-28 11:15:56,2026-07-28 11:20:07,16,16.2,2.184,dongdaegu,1,1,True,target_available_at_arrival,available_count>0 at panel tick nearest as_of+tmap_eta,tmap_routes
CV001113,2026-07-23 14:27:58,2026-07-23 14:59:58,2026-07-23 15:03:20,32,31.7,8.852,dongdaegu,1,1,True,target_available_at_arrival,available_count>0 at panel tick nearest as_of+tmap_eta,tmap_routes
CV002956,2026-07-31 12:52:56,2026-07-31 13:15:56,2026-07-31 13:22:59,23,23.3,7.169,dongdaegu,1,1,True,target_available_at_arrival,available_count>0 at panel tick nearest as_of+tmap_eta,tmap_routes
BNBN0494,2026-07-27 04:12:38,2026-07-27 05:12:38,2026-07-27 05:12:44,60,60.3,26.273,dongdaegu,3,3,True,target_available_at_arrival,available_count>0 at panel tick nearest as_of+tmap_eta,tmap_routes
SF002258,2026-07-31 03:11:03,2026-07-31 03:27:03,2026-07-31 03:31:07,16,15.8,2.742,dongdaegu,1,1,True,target_available_at_arrival,available_count>0 at panel tick nearest as_of+tmap_eta,tmap_routes
EV005229,2026-07-28 02:08:29,2026-07-28 02:26:29,2026-07-28 02:28:31,18,17.8,3.927,dongdaegu,1,1,True,target_available_at_arrival,available_count>0 at panel tick nearest as_of+tmap_eta,tmap_routes
CV000567,2026-08-04 00:46:42,2026-08-04 01:15:42,2026-08-04 01:16:43,29,28.6,4.444,dongdaegu,1,1,True,target_available_at_arrival,available_count>0 at panel tick nearest as_of+tmap_eta,tmap_routes
CV002347,2026-07-26 15:08:56,2026-07-26 15:32:56,2026-07-26 15:39:01,24,24.2,9.135,dongdaegu,4,4,True,target_available_at_arrival,available_count>0 at panel tick nearest as_of+tmap_eta,tmap_routes
PI740437,2026-08-05 19:52:19,2026-08-05 20:30:19,2026-08-05 20:32:22,38,37.5,11.182,dongdaegu,1,1,True,target_available_at_arrival,available_count>0 at panel tick nearest as_of+tmap_eta,tmap_routes
EV008163,2026-08-07 11:12:04,2026-08-07 11:50:04,2026-08-07 11:52:06,38,37.7,10.328,dongdaegu,2,2,True,target_available_at_arrival,available_count>0 at panel tick nearest as_of+tmap_eta,tmap_routes
CV001264,2026-07-31 02:00:53,2026-07-31 02:54:53,2026-07-31 03:01:02,54,54.4,27.511,dongdaegu,3,3,True,target_available_at_arrival,available_count>0 at panel tick nearest as_of+tmap_eta,tmap_routes
PC000442,2026-08-08 02:27:12,2026-08-08 02:54:12,2026-08-08 02:57:13,27,27.2,5.475,dongdaegu,1,1,True,target_available_at_arrival,available_count>0 at panel tick nearest as_of+tmap_eta,tmap_routes
ME25C170,2026-08-07 16:52:35,2026-08-07 17:21:35,2026-08-07 17:22:37,29,28.6,8.088,dongdaegu,1,1,True,target_available_at_arrival,available_count>0 at panel tick nearest as_of+tmap_eta,tmap_routes
PI740242,2026-07-31 19:55:36,2026-07-31 20:09:36,2026-07-31 20:15:40,14,13.5,2.008,dongdaegu,1,1,True,target_available_at_arrival,available_count>0 at panel tick nearest as_of+tmap_eta,tmap_routes
CV002087,2026-07-26 14:28:51,2026-07-26 14:42:51,2026-07-26 14:48:53,14,14.4,1.77,dongdaegu,2,2,True,target_available_at_arrival,available_count>0 at panel tick nearest as_of+tmap_eta,tmap_routes
ST600399,2026-07-30 01:13:02,2026-07-30 02:10:02,2026-07-30 02:13:07,57,57.3,23.048,dongdaegu,4,4,True,target_available_at_arrival,available_count>0 at panel tick nearest as_of+tmap_eta,tmap_routes
PI780101,2026-07-22 12:19:49,2026-07-22 12:44:49,2026-07-22 12:49:53,25,24.6,6.622,dongdaegu,1,1,True,target_available_at_arrival,available_count>0 at panel tick nearest as_of+tmap_eta,tmap_routes
CV000519,2026-08-03 15:02:49,2026-08-03 15:28:49,2026-08-03 15:32:50,26,25.8,5.074,dongdaegu,1,1,True,target_available_at_arrival,available_count>0 at panel tick nearest as_of+tmap_eta,tmap_routes
ST271708,2026-07-31 09:42:32,2026-07-31 10:10:32,2026-07-31 10:12:36,28,27.9,6.624,dongdaegu,6,6,True,target_available_at_arrival,available_count>0 at panel tick nearest as_of+tmap_eta,tmap_routes
PC000220,2026-07-23 14:02:53,2026-07-23 14:24:53,2026-07-23 14:27:58,22,22.2,4.267,dongdaegu,3,3,True,target_available_at_arrival,available_count>0 at panel tick nearest as_of+tmap_eta,tmap_routes
CV001606,2026-08-06 05:55:54,2026-08-06 06:24:54,2026-08-06 06:25:55,29,29.0,7.584,dongdaegu,2,2,True,target_available_at_arrival,available_count>0 at panel tick nearest as_of+tmap_eta,tmap_routes
CV003085,2026-07-29 18:29:28,2026-07-29 18:53:28,2026-07-29 18:59:37,24,24.5,6.588,dongdaegu,2,2,True,target_available_at_arrival,available_count>0 at panel tick nearest as_of+tmap_eta,tmap_routes
CV001493,2026-07-28 07:09:07,2026-07-28 07:43:07,2026-07-28 07:49:17,34,33.5,10.19,dongdaegu,4,4,True,target_available_at_arrival,available_count>0 at panel tick nearest as_of+tmap_eta,tmap_routes
NT100893,2026-08-07 00:31:15,2026-08-07 00:59:15,2026-08-07 01:01:17,28,28.2,9.352,dongdaegu,3,3,True,target_available_at_arrival,available_count>0 at panel tick nearest as_of+tmap_eta,tmap_routes
ST277202,2026-08-08 17:48:18,2026-08-08 18:36:18,2026-08-08 18:38:25,48,47.9,35.88,dongdaegu,2,2,True,target_available_at_arrival,available_count>0 at panel tick nearest as_of+tmap_eta,tmap_routes
PC001513,2026-08-05 11:41:39,2026-08-05 11:58:39,2026-08-05 12:01:40,17,16.9,2.629,dongdaegu,14,14,True,target_available_at_arrival,available_count>0 at panel tick nearest as_of+tmap_eta,tmap_routes
PC001513,2026-07-28 16:12:12,2026-07-28 16:29:12,2026-07-28 16:32:17,17,16.9,2.629,dongdaegu,7,8,True,target_available_at_arrival,available_count>0 at panel tick nearest as_of+tmap_eta,tmap_routes
PIS00551,2026-08-05 06:51:14,2026-08-05 07:16:14,2026-08-05 07:21:16,25,25.1,8.977,dongdaegu,7,7,True,target_available_at_arrival,available_count>0 at panel tick nearest as_of+tmap_eta,tmap_routes
ME18C171,2026-08-01 01:59:08,2026-08-01 02:23:08,2026-08-01 02:29:10,24,23.6,4.864,dongdaegu,1,1,True,target_available_at_arrival,available_count>0 at panel tick nearest as_of+tmap_eta,tmap_routes
SF000231,2026-08-08 01:27:06,2026-08-08 01:51:06,2026-08-08 01:57:09,24,23.5,3.866,dongdaegu,6,6,True,target_available_at_arrival,available_count>0 at panel tick nearest as_of+tmap_eta,tmap_routes
EV005513,2026-07-25 08:10:30,2026-07-25 09:01:30,2026-07-25 09:03:46,51,51.1,13.516,dongdaegu,1,1,True,target_available_at_arrival,available_count>0 at panel tick nearest as_of+tmap_eta,tmap_routes
DC530003,2026-07-29 11:48:21,2026-07-29 12:07:21,2026-07-29 12:08:24,19,18.8,3.965,dongdaegu,2,2,True,target_available_at_arrival,available_count>0 at panel tick nearest as_of+tmap_eta,tmap_routes
BE241250,2026-07-29 03:06:32,2026-07-29 04:00:32,2026-07-29 04:06:40,54,54.0,26.162,dongdaegu,2,2,True,target_available_at_arrival,available_count>0 at panel tick nearest as_of+tmap_eta,tmap_routes
CV003140,2026-07-28 08:19:21,2026-07-28 09:03:21,2026-07-28 09:09:38,44,44.4,15.17,dongdaegu,1,1,True,target_available_at_arrival,available_count>0 at panel tick nearest as_of+tmap_eta,tmap_routes
CV001627,2026-07-31 09:02:26,2026-07-31 09:41:26,2026-07-31 09:42:32,39,39.0,13.103,dongdaegu,2,2,True,target_available_at_arrival,available_count>0 at panel tick nearest as_of+tmap_eta,tmap_routes
PI740524,2026-07-26 05:27:25,2026-07-26 05:41:25,2026-07-26 05:47:29,14,14.4,2.794,dongdaegu,3,3,True,target_available_at_arrival,available_count>0 at panel tick nearest as_of+tmap_eta,tmap_routes
ME19E139,2026-07-23 05:28:49,2026-07-23 06:35:49,2026-07-23 06:39:07,67,66.8,33.463,dongdaegu,1,1,True,target_available_at_arrival,available_count>0 at panel tick nearest as_of+tmap_eta,tmap_routes
CV003453,2026-08-03 22:04:03,2026-08-03 22:20:03,2026-08-03 22:24:04,16,16.1,3.323,dongdaegu,1,1,True,target_available_at_arrival,available_count>0 at panel tick nearest as_of+tmap_eta,tmap_routes
AZ100023,2026-08-02 16:18:38,2026-08-02 16:42:38,2026-08-02 16:48:41,24,23.6,5.362,dongdaegu,1,1,True,target_available_at_arrival,available_count>0 at panel tick nearest as_of+tmap_eta,tmap_routes
CV000508,2026-08-01 16:11:47,2026-08-01 16:49:47,2026-08-01 16:51:56,38,38.4,13.599,dongdaegu,1,1,True,target_available_at_arrival,available_count>0 at panel tick nearest as_of+tmap_eta,tmap_routes
CV000813,2026-08-09 01:23:01,2026-08-09 01:43:01,2026-08-09 01:43:02,20,20.0,2.739,dongdaegu,1,1,True,target_available_at_arrival,available_count>0 at panel tick nearest as_of+tmap_eta,tmap_routes
SF002637,2026-07-22 22:35:20,2026-07-22 23:12:20,2026-07-22 23:15:35,37,37.1,11.013,dongdaegu,2,5,True,target_available_at_arrival,available_count>0 at panel tick nearest as_of+tmap_eta,tmap_routes
CV000678,2026-07-28 17:22:32,2026-07-28 18:20:32,2026-07-28 18:22:54,58,58.0,26.591,dongdaegu,6,6,True,target_available_at_arrival,available_count>0 at panel tick nearest as_of+tmap_eta,tmap_routes
CU530006,2026-07-24 13:27:52,2026-07-24 13:44:52,2026-07-24 13:47:56,17,17.2,4.121,dongdaegu,4,4,True,target_available_at_arrival,available_count>0 at panel tick nearest as_of+tmap_eta,tmap_routes
ME18C147,2026-08-04 07:17:01,2026-08-04 08:23:01,2026-08-04 08:27:06,66,65.8,31.609,dongdaegu,1,1,True,target_available_at_arrival,available_count>0 at panel tick nearest as_of+tmap_eta,tmap_routes
CV000503,2026-08-07 16:12:33,2026-08-07 16:45:33,2026-08-07 16:52:35,33,32.9,10.327,dongdaegu,1,2,True,target_available_at_arrival,available_count>0 at panel tick nearest as_of+tmap_eta,tmap_routes
CV003786,2026-08-04 01:36:46,2026-08-04 02:00:46,2026-08-04 02:06:48,24,23.6,4.545,dongdaegu,11,11,True,target_available_at_arrival,available_count>0 at panel tick nearest as_of+tmap_eta,tmap_routes
ME18C178,2026-07-28 04:18:42,2026-07-28 04:38:42,2026-07-28 04:38:46,20,20.5,5.293,dongdaegu,1,1,True,target_available_at_arrival,available_count>0 at panel tick nearest as_of+tmap_eta,tmap_routes
TDP00010,2026-08-08 06:17:24,2026-08-08 06:35:24,2026-08-08 06:37:25,18,17.7,2.955,dongdaegu,15,15,True,target_available_at_arrival,available_count>0 at panel tick nearest as_of+tmap_eta,tmap_routes
EV008884,2026-07-18 12:05:34,2026-07-18 12:35:34,2026-07-18 12:35:35,30,29.9,10.451,dongdaegu,1,1,True,target_available_at_arrival,available_count>0 at panel tick nearest as_of+tmap_eta,tmap_routes
SF002945,2026-08-02 08:57:20,2026-08-02 09:32:20,2026-08-02 09:37:26,35,35.4,13.642,dongdaegu,1,1,True,target_available_at_arrival,available_count>0 at panel tick nearest as_of+tmap_eta,tmap_routes
PIS00599,2026-07-30 13:35:43,2026-07-30 14:11:43,2026-07-30 14:15:57,36,35.7,12.543,dongdaegu,32,32,True,target_available_at_arrival,available_count>0 at panel tick nearest as_of+tmap_eta,tmap_routes
PIS00525,2026-07-24 04:28:02,2026-07-24 05:09:02,2026-07-24 05:13:15,41,40.6,20.445,dongdaegu,1,1,True,target_available_at_arrival,available_count>0 at panel tick nearest as_of+tmap_eta,tmap_routes
TS271401,2026-08-01 11:30:40,2026-08-01 11:58:40,2026-08-01 12:00:43,28,27.8,9.449,dongdaegu,3,3,True,target_available_at_arrival,available_count>0 at panel tick nearest as_of+tmap_eta,tmap_routes
PI530312,2026-08-01 06:29:39,2026-08-01 06:57:39,2026-08-01 06:59:42,28,27.7,5.4,dongdaegu,3,3,True,target_available_at_arrival,available_count>0 at panel tick nearest as_of+tmap_eta,tmap_routes
CV002139,2026-08-05 15:41:55,2026-08-05 15:54:55,2026-08-05 16:01:56,13,12.8,2.192,dongdaegu,2,2,True,target_available_at_arrival,available_count>0 at panel tick nearest as_of+tmap_eta,tmap_routes
ME18C172,2026-07-31 08:22:20,2026-07-31 08:41:20,2026-07-31 08:42:23,19,18.7,3.773,dongdaegu,1,1,True,target_available_at_arrival,available_count>0 at panel tick nearest as_of+tmap_eta,tmap_routes
CV002973,2026-07-23 06:34:06,2026-07-23 07:18:06,2026-07-23 07:19:23,44,44.3,17.838,dongdaegu,3,3,True,target_available_at_arrival,available_count>0 at panel tick nearest as_of+tmap_eta,tmap_routes
AM900048,2026-08-03 01:51:58,2026-08-03 02:15:58,2026-08-03 02:21:59,24,24.0,3.8,dongdaegu,1,1,True,target_available_at_arrival,available_count>0 at panel tick nearest as_of+tmap_eta,tmap_routes
BNBN1092,2026-07-26 10:18:13,2026-07-26 11:13:13,2026-07-26 11:18:25,55,55.2,26.589,dongdaegu,8,8,True,target_available_at_arrival,available_count>0 at panel tick nearest as_of+tmap_eta,tmap_routes
LU002360,2026-07-29 07:07:12,2026-07-29 07:44:12,2026-07-29 07:47:23,37,37.4,13.555,dongdaegu,2,2,True,target_available_at_arrival,available_count>0 at panel tick nearest as_of+tmap_eta,tmap_routes
CV003763,2026-08-02 18:18:53,2026-08-02 18:58:53,2026-08-02 18:58:59,40,40.0,9.438,dongdaegu,3,4,True,target_available_at_arrival,available_count>0 at panel tick nearest as_of+tmap_eta,tmap_routes
CV002012,2026-08-02 04:46:40,2026-08-02 05:20:40,2026-08-02 05:26:45,34,33.6,10.327,dongdaegu,1,0,False,target_available_at_arrival,available_count>0 at panel tick nearest as_of+tmap_eta,tmap_routes
EP230165,2026-07-26 12:48:38,2026-07-26 13:22:38,2026-07-26 13:28:43,34,34.1,11.583,dongdaegu,1,1,True,target_available_at_arrival,available_count>0 at panel tick nearest as_of+tmap_eta,tmap_routes
PC000120,2026-08-07 03:31:22,2026-08-07 04:26:22,2026-08-07 04:31:26,55,55.0,24.945,dongdaegu,2,2,True,target_available_at_arrival,available_count>0 at panel tick nearest as_of+tmap_eta,tmap_routes
JA270006,2026-08-02 04:56:42,2026-08-02 05:10:42,2026-08-02 05:16:44,14,14.1,2.934,dongdaegu,9,9,True,target_available_at_arrival,available_count>0 at panel tick nearest as_of+tmap_eta,tmap_routes
CV003096,2026-07-30 04:33:34,2026-07-30 05:03:34,2026-07-30 05:03:40,30,30.5,6.455,dongdaegu,1,1,True,target_available_at_arrival,available_count>0 at panel tick nearest as_of+tmap_eta,tmap_routes
PI752996,2026-07-30 07:34:13,2026-07-30 07:54:13,2026-07-30 07:54:16,20,19.7,3.143,dongdaegu,1,1,True,target_available_at_arrival,available_count>0 at panel tick nearest as_of+tmap_eta,tmap_routes
PI530277,2026-07-29 04:26:42,2026-07-29 05:03:42,2026-07-29 05:06:51,37,37.4,11.179,dongdaegu,2,2,True,target_available_at_arrival,available_count>0 at panel tick nearest as_of+tmap_eta,tmap_routes
PI530050,2026-08-05 19:12:11,2026-08-05 19:40:11,2026-08-05 19:42:19,28,27.9,5.947,dongdaegu,1,1,True,target_available_at_arrival,available_count>0 at panel tick nearest as_of+tmap_eta,tmap_routes
ME18C262,2026-07-25 08:03:52,2026-07-25 09:06:52,2026-07-25 09:13:47,63,62.9,23.487,dongdaegu,2,2,True,target_available_at_arrival,available_count>0 at panel tick nearest as_of+tmap_eta,tmap_routes
ME25C170,2026-07-28 08:59:37,2026-07-28 09:28:37,2026-07-28 09:29:40,29,28.6,8.088,dongdaegu,1,0,False,target_available_at_arrival,available_count>0 at panel tick nearest as_of+tmap_eta,tmap_routes
ST600649,2026-08-01 14:31:26,2026-08-01 14:51:26,2026-08-01 14:51:29,20,19.5,7.153,dongdaegu,2,3,True,target_available_at_arrival,available_count>0 at panel tick nearest as_of+tmap_eta,tmap_routes
KE000360,2026-08-09 01:23:01,2026-08-09 02:09:01,2026-08-09 02:13:05,46,46.5,15.594,dongdaegu,1,0,False,target_available_at_arrival,available_count>0 at panel tick nearest as_of+tmap_eta,tmap_routes
CV003258,2026-08-08 00:47:04,2026-08-08 01:41:04,2026-08-08 01:47:06,54,53.9,40.599,dongdaegu,5,5,True,target_available_at_arrival,available_count>0 at panel tick nearest as_of+tmap_eta,tmap_routes
CV003144,2026-08-02 16:18:38,2026-08-02 16:43:38,2026-08-02 16:48:41,25,24.9,8.247,dongdaegu,2,2,True,target_available_at_arrival,available_count>0 at panel tick nearest as_of+tmap_eta,tmap_routes
CV000103,2026-08-08 11:57:49,2026-08-08 12:25:49,2026-08-08 12:27:51,28,28.4,9.288,dongdaegu,1,1,True,target_available_at_arrival,available_count>0 at panel tick nearest as_of+tmap_eta,tmap_routes
LU003147,2026-07-29 19:59:51,2026-07-29 20:19:51,2026-07-29 20:19:54,20,20.1,6.413,dongdaegu,3,3,True,target_available_at_arrival,available_count>0 at panel tick nearest as_of+tmap_eta,tmap_routes
CV003185,2026-07-30 14:56:24,2026-07-30 15:26:24,2026-07-30 15:26:37,30,30.1,9.788,dongdaegu,7,5,True,target_available_at_arrival,available_count>0 at panel tick nearest as_of+tmap_eta,tmap_routes
LU100968,2026-07-28 09:19:39,2026-07-28 09:32:39,2026-07-28 09:39:42,13,12.8,0.497,dongdaegu,2,2,True,target_available_at_arrival,available_count>0 at panel tick nearest as_of+tmap_eta,tmap_routes
EC270008,2026-07-28 13:41:12,2026-07-28 14:36:12,2026-07-28 14:41:35,55,55.4,17.317,dongdaegu,4,4,True,target_available_at_arrival,available_count>0 at panel tick nearest as_of+tmap_eta,tmap_routes
CV001525,2026-07-30 10:44:59,2026-07-30 11:38:59,2026-07-30 11:45:16,54,54.1,26.814,dongdaegu,1,2,True,target_available_at_arrival,available_count>0 at panel tick nearest as_of+tmap_eta,tmap_routes
CV001491,2026-08-08 07:27:28,2026-08-08 07:51:28,2026-08-08 07:57:31,24,24.3,7.173,dongdaegu,4,4,True,target_available_at_arrival,available_count>0 at panel tick nearest as_of+tmap_eta,tmap_routes
HE230047,2026-08-05 10:51:34,2026-08-05 11:44:34,2026-08-05 11:51:40,53,53.4,38.877,dongdaegu,2,2,True,target_available_at_arrival,available_count>0 at panel tick nearest as_of+tmap_eta,tmap_routes
PI740698,2026-07-24 11:17:29,2026-07-24 11:54:29,2026-07-24 11:57:37,37,37.4,10.556,dongdaegu,1,1,True,target_available_at_arrival,available_count>0 at panel tick nearest as_of+tmap_eta,tmap_routes
NX000019,2026-08-05 11:11:35,2026-08-05 11:36:35,2026-08-05 11:41:39,25,25.0,5.726,dongdaegu,1,1,True,target_available_at_arrival,available_count>0 at panel tick nearest as_of+tmap_eta,tmap_routes
TS277103,2026-07-23 00:22:34,2026-07-23 01:04:34,2026-07-23 01:07:43,42,42.2,15.238,dongdaegu,1,1,True,target_available_at_arrival,available_count>0 at panel tick nearest as_of+tmap_eta,tmap_routes
PIS00538,2026-08-04 09:07:09,2026-08-04 09:24:09,2026-08-04 09:27:10,17,17.2,2.96,dongdaegu,4,3,True,target_available_at_arrival,available_count>0 at panel tick nearest as_of+tmap_eta,tmap_routes
SF002746,2026-07-28 06:19:01,2026-07-28 06:35:01,2026-07-28 06:39:04,16,15.8,2.055,dongdaegu,2,2,True,target_available_at_arrival,available_count>0 at panel tick nearest as_of+tmap_eta,tmap_routes
KP003475,2026-07-23 09:40:51,2026-07-23 10:13:51,2026-07-23 10:16:07,33,32.8,7.058,dongdaegu,3,3,True,target_available_at_arrival,available_count>0 at panel tick nearest as_of+tmap_eta,tmap_routes
KP005644,2026-08-04 17:27:43,2026-08-04 17:40:43,2026-08-04 17:47:44,13,12.8,1.502,dongdaegu,2,3,True,target_available_at_arrival,available_count>0 at panel tick nearest as_of+tmap_eta,tmap_routes
PI530271,2026-08-08 01:17:05,2026-08-08 01:41:05,2026-08-08 01:47:06,24,24.5,6.422,dongdaegu,4,4,True,target_available_at_arrival,available_count>0 at panel tick nearest as_of+tmap_eta,tmap_routes
HW000407,2026-08-08 18:18:22,2026-08-08 18:48:22,2026-08-08 18:48:26,30,29.6,10.81,dongdaegu,5,5,True,target_available_at_arrival,available_count>0 at panel tick nearest as_of+tmap_eta,tmap_routes
BNBN0583,2026-08-08 17:08:16,2026-08-08 18:02:16,2026-08-08 18:08:22,54,53.9,41.029,dongdaegu,2,2,True,target_available_at_arrival,available_count>0 at panel tick nearest as_of+tmap_eta,tmap_routes
DC530015,2026-08-05 00:08:10,2026-08-05 00:55:10,2026-08-05 01:00:59,47,46.8,9.409,dongdaegu,1,1,True,target_available_at_arrival,available_count>0 at panel tick nearest as_of+tmap_eta,tmap_routes
CV001626,2026-07-30 01:03:01,2026-07-30 01:51:01,2026-07-30 01:53:05,48,48.5,14.505,dongdaegu,2,2,True,target_available_at_arrival,available_count>0 at panel tick nearest as_of+tmap_eta,tmap_routes
CV003457,2026-08-01 08:09:54,2026-08-01 08:37:54,2026-08-01 08:39:58,28,27.5,4.998,dongdaegu,1,1,True,target_available_at_arrival,available_count>0 at panel tick nearest as_of+tmap_eta,tmap_routes
CV002238,2026-08-02 06:36:58,2026-08-02 07:20:58,2026-08-02 07:27:06,44,44.1,12.969,dongdaegu,5,5,True,target_available_at_arrival,available_count>0 at panel tick nearest as_of+tmap_eta,tmap_routes
CV000544,2026-08-06 18:26:48,2026-08-06 18:44:48,2026-08-06 18:46:49,18,17.6,3.938,dongdaegu,1,1,True,target_available_at_arrival,available_count>0 at panel tick nearest as_of+tmap_eta,tmap_routes
LU003143,2026-07-29 15:18:47,2026-07-29 15:36:47,2026-07-29 15:38:50,18,17.9,4.605,dongdaegu,1,1,True,target_available_at_arrival,available_count>0 at panel tick nearest as_of+tmap_eta,tmap_routes
LU100685,2026-07-29 10:48:07,2026-07-29 11:04:07,2026-07-29 11:08:11,16,16.5,3.566,dongdaegu,2,2,True,target_available_at_arrival,available_count>0 at panel tick nearest as_of+tmap_eta,tmap_routes
PI530287,2026-08-02 18:38:56,2026-08-02 19:02:56,2026-08-02 19:09:00,24,24.2,7.048,dongdaegu,1,1,True,target_available_at_arrival,available_count>0 at panel tick nearest as_of+tmap_eta,tmap_routes
EV005230,2026-07-26 06:47:38,2026-07-26 07:05:38,2026-07-26 07:07:40,18,17.8,3.927,dongdaegu,4,4,True,target_available_at_arrival,available_count>0 at panel tick nearest as_of+tmap_eta,tmap_routes
CV002203,2026-08-03 00:41:56,2026-08-03 01:16:56,2026-08-03 01:21:57,35,35.2,13.714,dongdaegu,4,4,True,target_available_at_arrival,available_count>0 at panel tick nearest as_of+tmap_eta,tmap_routes
ME18C178,2026-08-04 21:58:03,2026-08-04 22:18:03,2026-08-04 22:18:05,20,20.5,5.293,dongdaegu,1,1,True,target_available_at_arrival,available_count>0 at panel tick nearest as_of+tmap_eta,tmap_routes
CV003119,2026-07-23 09:10:37,2026-07-23 09:48:37,2026-07-23 09:51:01,38,37.5,7.142,dongdaegu,3,2,True,target_available_at_arrival,available_count>0 at panel tick nearest as_of+tmap_eta,tmap_routes
CV003484,2026-08-06 16:56:40,2026-08-06 17:42:40,2026-08-06 17:46:45,46,46.3,10.238,dongdaegu,1,0,False,target_available_at_arrival,available_count>0 at panel tick nearest as_of+tmap_eta,tmap_routes
CV000542,2026-08-02 14:28:22,2026-08-02 14:38:22,2026-08-02 14:38:23,10,9.8,2.222,dongdaegu,1,1,True,target_available_at_arrival,available_count>0 at panel tick nearest as_of+tmap_eta,tmap_routes
LU001880,2026-07-29 17:49:22,2026-07-29 18:19:22,2026-07-29 18:19:27,30,30.2,9.246,dongdaegu,2,1,True,target_available_at_arrival,available_count>0 at panel tick nearest as_of+tmap_eta,tmap_routes
EV000669,2026-07-22 08:59:09,2026-07-22 09:24:09,2026-07-22 09:29:13,25,25.1,7.002,dongdaegu,1,1,True,target_available_at_arrival,available_count>0 at panel tick nearest as_of+tmap_eta,tmap_routes
KL001763,2026-08-02 16:38:39,2026-08-02 17:25:39,2026-08-02 17:28:46,47,47.2,19.423,dongdaegu,1,1,True,target_available_at_arrival,available_count>0 at panel tick nearest as_of+tmap_eta,tmap_routes
LU002386,2026-08-02 19:09:00,2026-08-02 19:45:00,2026-08-02 19:49:09,36,35.8,8.682,dongdaegu,3,3,True,target_available_at_arrival,available_count>0 at panel tick nearest as_of+tmap_eta,tmap_routes
ME18C170,2026-07-31 21:55:58,2026-07-31 22:13:58,2026-07-31 22:16:04,18,18.1,4.183,dongdaegu,1,1,True,target_available_at_arrival,available_count>0 at panel tick nearest as_of+tmap_eta,tmap_routes
PI700099,2026-08-01 15:01:30,2026-08-01 15:35:30,2026-08-01 15:41:35,34,33.5,11.076,dongdaegu,1,1,True,target_available_at_arrival,available_count>0 at panel tick nearest as_of+tmap_eta,tmap_routes
EV008884,2026-08-08 05:27:22,2026-08-08 05:57:22,2026-08-08 05:57:24,30,29.9,10.451,dongdaegu,1,1,True,target_available_at_arrival,available_count>0 at panel tick nearest as_of+tmap_eta,tmap_routes
CV002570,2026-08-05 20:12:21,2026-08-05 20:32:21,2026-08-05 20:32:22,20,19.7,3.538,dongdaegu,2,0,False,target_available_at_arrival,available_count>0 at panel tick nearest as_of+tmap_eta,tmap_routes
TS271102,2026-07-31 19:15:30,2026-07-31 19:39:30,2026-07-31 19:45:35,24,24.1,4.27,dongdaegu,4,4,True,target_available_at_arrival,available_count>0 at panel tick nearest as_of+tmap_eta,tmap_routes
NT101499,2026-08-04 15:17:34,2026-08-04 15:56:34,2026-08-04 15:57:36,39,39.0,10.787,dongdaegu,1,1,True,target_available_at_arrival,available_count>0 at panel tick nearest as_of+tmap_eta,tmap_routes
ME183053,2026-08-01 08:29:57,2026-08-01 09:06:57,2026-08-01 09:10:06,37,36.9,10.152,dongdaegu,1,1,True,target_available_at_arrival,available_count>0 at panel tick nearest as_of+tmap_eta,tmap_routes
CV000151,2026-08-09 05:13:12,2026-08-09 05:42:12,2026-08-09 05:43:15,29,28.6,6.223,dongdaegu,2,2,True,target_available_at_arrival,available_count>0 at panel tick nearest as_of+tmap_eta,tmap_routes
CV004690,2026-08-09 06:03:15,2026-08-09 06:51:15,2026-08-09 06:53:19,48,47.5,12.082,dongdaegu,5,5,True,target_available_at_arrival,available_count>0 at panel tick nearest as_of+tmap_eta,tmap_routes
PI740652,2026-08-07 23:33:24,2026-08-07 23:58:24,2026-08-08 00:03:25,25,24.7,8.597,dongdaegu,2,2,True,target_available_at_arrival,available_count>0 at panel tick nearest as_of+tmap_eta,tmap_routes
SF002642,2026-07-28 12:00:20,2026-07-28 12:14:20,2026-07-28 12:20:36,14,13.8,2.135,dongdaegu,3,3,True,target_available_at_arrival,available_count>0 at panel tick nearest as_of+tmap_eta,tmap_routes
PW000224,2026-07-31 02:51:01,2026-07-31 03:31:01,2026-07-31 03:31:07,40,40.0,9.145,dongdaegu,2,2,True,target_available_at_arrival,available_count>0 at panel tick nearest as_of+tmap_eta,tmap_routes
PC000296,2026-08-07 19:02:49,2026-08-07 19:19:49,2026-08-07 19:22:51,17,16.9,3.783,dongdaegu,1,1,True,target_available_at_arrival,available_count>0 at panel tick nearest as_of+tmap_eta,tmap_routes
KL002550,2026-08-06 07:25:58,2026-08-06 07:53:58,2026-08-06 07:56:00,28,28.0,9.113,dongdaegu,3,3,True,target_available_at_arrival,available_count>0 at panel tick nearest as_of+tmap_eta,tmap_routes
CV002014,2026-07-26 14:58:55,2026-07-26 15:34:55,2026-07-26 15:39:01,36,35.5,11.855,dongdaegu,1,1,True,target_available_at_arrival,available_count>0 at panel tick nearest as_of+tmap_eta,tmap_routes
ME22C251,2026-07-23 13:12:42,2026-07-23 13:40:42,2026-07-23 13:42:49,28,27.9,8.298,dongdaegu,1,1,True,target_available_at_arrival,available_count>0 at panel tick nearest as_of+tmap_eta,tmap_routes
EV000669,2026-07-30 11:15:12,2026-07-30 11:40:12,2026-07-30 11:45:16,25,25.1,7.002,dongdaegu,3,2,True,target_available_at_arrival,available_count>0 at panel tick nearest as_of+tmap_eta,tmap_routes
HW000610,2026-08-01 03:39:18,2026-08-01 04:13:18,2026-08-01 04:19:22,34,34.3,9.051,dongdaegu,1,1,True,target_available_at_arrival,available_count>0 at panel tick nearest as_of+tmap_eta,tmap_routes
PI740396,2026-08-03 12:32:39,2026-08-03 12:48:39,2026-08-03 12:52:40,16,16.2,2.09,dongdaegu,2,2,True,target_available_at_arrival,available_count>0 at panel tick nearest as_of+tmap_eta,tmap_routes
ME19X404,2026-07-26 16:29:08,2026-07-26 16:53:08,2026-07-26 16:59:12,24,23.7,7.894,dongdaegu,6,6,True,target_available_at_arrival,available_count>0 at panel tick nearest as_of+tmap_eta,tmap_routes
PIS00549,2026-07-29 05:56:57,2026-07-29 06:31:57,2026-07-29 06:37:08,35,34.7,10.454,dongdaegu,2,2,True,target_available_at_arrival,available_count>0 at panel tick nearest as_of+tmap_eta,tmap_routes
HE240386,2026-07-23 09:46:00,2026-07-23 10:48:00,2026-07-23 10:51:33,62,62.4,24.772,dongdaegu,1,1,True,target_available_at_arrival,available_count>0 at panel tick nearest as_of+tmap_eta,tmap_routes
EV008233,2026-08-04 08:27:06,2026-08-04 09:00:06,2026-08-04 09:07:09,33,32.8,9.184,dongdaegu,1,1,True,target_available_at_arrival,available_count>0 at panel tick nearest as_of+tmap_eta,tmap_routes
CV003483,2026-07-23 00:52:41,2026-07-23 01:20:41,2026-07-23 01:22:46,28,28.1,6.301,dongdaegu,1,1,True,target_available_at_arrival,available_count>0 at panel tick nearest as_of+tmap_eta,tmap_routes
CV001687,2026-07-24 20:19:21,2026-07-24 20:36:21,2026-07-24 20:39:26,17,16.8,3.319,dongdaegu,1,1,True,target_available_at_arrival,available_count>0 at panel tick nearest as_of+tmap_eta,tmap_routes
ME183060,2026-07-23 01:02:42,2026-07-23 01:23:42,2026-07-23 01:27:47,21,21.4,4.341,dongdaegu,1,1,True,target_available_at_arrival,available_count>0 at panel tick nearest as_of+tmap_eta,tmap_routes
BNBN0721,2026-08-06 07:15:57,2026-08-06 07:40:57,2026-08-06 07:45:59,25,25.2,6.457,dongdaegu,1,1,True,target_available_at_arrival,available_count>0 at panel tick nearest as_of+tmap_eta,tmap_routes
CV004336,2026-07-23 11:31:57,2026-07-23 12:11:57,2026-07-23 12:12:17,40,40.0,13.158,dongdaegu,2,2,True,target_available_at_arrival,available_count>0 at panel tick nearest as_of+tmap_eta,tmap_routes
CV003458,2026-08-04 06:57:00,2026-08-04 07:20:00,2026-08-04 07:27:02,23,23.1,5.357,dongdaegu,1,1,True,target_available_at_arrival,available_count>0 at panel tick nearest as_of+tmap_eta,tmap_routes
HW000488,2026-08-03 05:32:08,2026-08-03 06:02:08,2026-08-03 06:02:11,30,30.4,8.065,dongdaegu,1,1,True,target_available_at_arrival,available_count>0 at panel tick nearest as_of+tmap_eta,tmap_routes
ME18C175,2026-07-23 14:12:55,2026-07-23 14:44:55,2026-07-23 14:48:04,32,32.1,6.519,dongdaegu,1,1,True,target_available_at_arrival,available_count>0 at panel tick nearest as_of+tmap_eta,tmap_routes
CV001495,2026-08-03 18:43:49,2026-08-03 19:36:49,2026-08-03 19:43:53,53,53.3,26.138,dongdaegu,2,2,True,target_available_at_arrival,available_count>0 at panel tick nearest as_of+tmap_eta,tmap_routes
CV003078,2026-07-30 19:27:34,2026-07-30 20:22:34,2026-07-30 20:27:46,55,54.9,26.032,dongdaegu,1,1,True,target_available_at_arrival,available_count>0 at panel tick nearest as_of+tmap_eta,tmap_routes
CV000501,2026-08-09 04:53:11,2026-08-09 05:16:11,2026-08-09 05:23:14,23,22.9,6.934,dongdaegu,1,1,True,target_available_at_arrival,available_count>0 at panel tick nearest as_of+tmap_eta,tmap_routes
LU100685,2026-08-03 14:02:46,2026-08-03 14:18:46,2026-08-03 14:22:47,16,16.5,3.566,dongdaegu,2,2,True,target_available_at_arrival,available_count>0 at panel tick nearest as_of+tmap_eta,tmap_routes
EV005192,2026-08-06 20:57:05,2026-08-06 21:32:05,2026-08-06 21:37:13,35,34.8,9.708,dongdaegu,1,1,True,target_available_at_arrival,available_count>0 at panel tick nearest as_of+tmap_eta,tmap_routes
CV000537,2026-07-29 16:28:58,2026-07-29 16:56:58,2026-07-29 16:59:14,28,27.6,5.369,dongdaegu,1,1,True,target_available_at_arrival,available_count>0 at panel tick nearest as_of+tmap_eta,tmap_routes
ME24B143,2026-08-05 14:31:51,2026-08-05 15:05:51,2026-08-05 15:11:53,34,34.0,10.369,dongdaegu,1,0,False,target_available_at_arrival,available_count>0 at panel tick nearest as_of+tmap_eta,tmap_routes
ME19Y406,2026-07-24 18:08:51,2026-07-24 18:11:51,2026-07-24 18:18:58,3,2.6,0.183,dongdaegu,4,4,True,target_available_at_arrival,available_count>0 at panel tick nearest as_of+tmap_eta,tmap_routes
CV003565,2026-07-30 13:05:26,2026-07-30 13:32:26,2026-07-30 13:35:43,27,26.6,7.173,dongdaegu,3,3,True,target_available_at_arrival,available_count>0 at panel tick nearest as_of+tmap_eta,tmap_routes
ME183057,2026-07-30 23:38:12,2026-07-31 00:15:12,2026-07-31 00:20:43,37,36.6,11.781,dongdaegu,1,1,True,target_available_at_arrival,available_count>0 at panel tick nearest as_of+tmap_eta,tmap_routes
CV001635,2026-07-27 19:05:30,2026-07-27 19:43:30,2026-07-27 19:45:42,38,37.6,10.026,dongdaegu,2,1,True,target_available_at_arrival,available_count>0 at panel tick nearest as_of+tmap_eta,tmap_routes
PC000120,2026-08-04 03:06:51,2026-08-04 04:01:51,2026-08-04 04:06:53,55,55.0,24.945,dongdaegu,3,3,True,target_available_at_arrival,available_count>0 at panel tick nearest as_of+tmap_eta,tmap_routes
EV008140,2026-08-03 00:31:55,2026-08-03 00:49:55,2026-08-03 00:51:56,18,17.8,1.688,dongdaegu,2,2,True,target_available_at_arrival,available_count>0 at panel tick nearest as_of+tmap_eta,tmap_routes
IN053044,2026-07-26 05:37:26,2026-07-26 06:17:26,2026-07-26 06:17:35,40,40.2,13.147,dongdaegu,5,5,True,target_available_at_arrival,available_count>0 at panel tick nearest as_of+tmap_eta,tmap_routes
CV002633,2026-07-23 14:58:19,2026-07-23 15:33:19,2026-07-23 15:33:29,35,34.9,9.916,dongdaegu,2,1,True,target_available_at_arrival,available_count>0 at panel tick nearest as_of+tmap_eta,tmap_routes
KP000234,2026-08-01 16:31:54,2026-08-01 17:11:54,2026-08-01 17:11:59,40,39.9,13.48,dongdaegu,2,1,True,target_available_at_arrival,available_count>0 at panel tick nearest as_of+tmap_eta,tmap_routes
CV001604,2026-08-01 01:29:05,2026-08-01 01:58:05,2026-08-01 01:59:08,29,28.8,6.963,dongdaegu,2,2,True,target_available_at_arrival,available_count>0 at panel tick nearest as_of+tmap_eta,tmap_routes
ME22C193,2026-07-23 13:07:41,2026-07-23 13:58:41,2026-07-23 14:02:53,51,51.4,39.519,dongdaegu,1,1,True,target_available_at_arrival,available_count>0 at panel tick nearest as_of+tmap_eta,tmap_routes
PW000305,2026-08-06 09:26:10,2026-08-06 09:50:10,2026-08-06 09:56:12,24,24.1,5.361,dongdaegu,1,1,True,target_available_at_arrival,available_count>0 at panel tick nearest as_of+tmap_eta,tmap_routes
TS271407,2026-07-26 22:50:00,2026-07-26 23:00:00,2026-07-26 23:00:02,10,10.3,1.646,dongdaegu,2,2,True,target_available_at_arrival,available_count>0 at panel tick nearest as_of+tmap_eta,tmap_routes
ST600791,2026-08-02 17:28:46,2026-08-02 17:54:46,2026-08-02 17:58:50,26,26.1,9.245,dongdaegu,3,3,True,target_available_at_arrival,available_count>0 at panel tick nearest as_of+tmap_eta,tmap_routes
ST601097,2026-08-05 02:51:04,2026-08-05 03:17:04,2026-08-05 03:21:05,26,25.5,5.493,dongdaegu,2,2,True,target_available_at_arrival,available_count>0 at panel tick nearest as_of+tmap_eta,tmap_routes
ME18C265,2026-07-20 16:15:48,2026-07-20 16:45:48,2026-07-20 16:45:52,30,30.0,11.147,dongdaegu,2,2,True,target_available_at_arrival,available_count>0 at panel tick nearest as_of+tmap_eta,tmap_routes
EV006225,2026-07-30 08:14:19,2026-07-30 08:52:19,2026-07-30 08:54:25,38,37.6,13.391,dongdaegu,2,2,True,target_available_at_arrival,available_count>0 at panel tick nearest as_of+tmap_eta,tmap_routes
SF002945,2026-08-05 02:41:03,2026-08-05 03:16:03,2026-08-05 03:21:05,35,35.4,13.642,dongdaegu,1,1,True,target_available_at_arrival,available_count>0 at panel tick nearest as_of+tmap_eta,tmap_routes
CV004699,2026-07-21 16:42:51,2026-07-21 16:58:51,2026-07-21 17:03:06,16,15.8,4.103,dongdaegu,1,1,True,target_available_at_arrival,available_count>0 at panel tick nearest as_of+tmap_eta,tmap_routes
CV001308,2026-08-03 11:32:36,2026-08-03 12:18:36,2026-08-03 12:22:39,46,46.1,16.696,dongdaegu,4,4,True,target_available_at_arrival,available_count>0 at panel tick nearest as_of+tmap_eta,tmap_routes
PI807412,2026-08-06 08:26:02,2026-08-06 08:46:02,2026-08-06 08:46:06,20,20.3,3.045,dongdaegu,6,6,True,target_available_at_arrival,available_count>0 at panel tick nearest as_of+tmap_eta,tmap_routes
EV012413,2026-08-05 23:42:32,2026-08-06 00:12:32,2026-08-06 00:15:41,30,29.9,6.418,dongdaegu,2,2,True,target_available_at_arrival,available_count>0 at panel tick nearest as_of+tmap_eta,tmap_routes
HY000896,2026-08-06 19:46:54,2026-08-06 20:19:54,2026-08-06 20:26:56,33,32.8,9.291,dongdaegu,6,6,True,target_available_at_arrival,available_count>0 at panel tick nearest as_of+tmap_eta,tmap_routes
PC000100,2026-08-01 10:10:28,2026-08-01 10:37:28,2026-08-01 10:40:31,27,27.1,6.084,dongdaegu,1,1,True,target_available_at_arrival,available_count>0 at panel tick nearest as_of+tmap_eta,tmap_routes
HE001033,2026-07-30 02:23:08,2026-07-30 02:49:08,2026-07-30 02:53:11,26,26.1,6.663,dongdaegu,1,1,True,target_available_at_arrival,available_count>0 at panel tick nearest as_of+tmap_eta,tmap_routes
CV002203,2026-07-24 16:08:25,2026-07-24 16:43:25,2026-07-24 16:48:30,35,35.2,13.714,dongdaegu,3,4,True,target_available_at_arrival,available_count>0 at panel tick nearest as_of+tmap_eta,tmap_routes
CV002973,2026-08-08 05:17:22,2026-08-08 06:01:22,2026-08-08 06:07:24,44,44.3,17.838,dongdaegu,6,6,True,target_available_at_arrival,available_count>0 at panel tick nearest as_of+tmap_eta,tmap_routes
ME18C172,2026-08-01 04:29:22,2026-08-01 04:48:22,2026-08-01 04:49:24,19,18.7,3.773,dongdaegu,1,1,True,target_available_at_arrival,available_count>0 at panel tick nearest as_of+tmap_eta,tmap_routes
HY000753,2026-07-31 19:25:32,2026-07-31 19:41:32,2026-07-31 19:45:35,16,16.4,1.01,dongdaegu,12,12,True,target_available_at_arrival,available_count>0 at panel tick nearest as_of+tmap_eta,tmap_routes
CV002034,2026-08-09 03:53:09,2026-08-09 04:28:09,2026-08-09 04:33:10,35,35.0,10.495,dongdaegu,2,2,True,target_available_at_arrival,available_count>0 at panel tick nearest as_of+tmap_eta,tmap_routes
HW000553,2026-08-07 15:42:31,2026-08-07 15:58:31,2026-08-07 16:02:32,16,16.5,3.974,dongdaegu,2,2,True,target_available_at_arrival,available_count>0 at panel tick nearest as_of+tmap_eta,tmap_routes
CV004134,2026-07-27 08:33:27,2026-07-27 08:50:27,2026-07-27 08:53:30,17,17.2,6.562,dongdaegu,6,6,True,target_available_at_arrival,available_count>0 at panel tick nearest as_of+tmap_eta,tmap_routes
ST271705,2026-07-27 12:13:58,2026-07-27 12:37:58,2026-07-27 12:44:06,24,24.4,6.552,dongdaegu,1,1,True,target_available_at_arrival,available_count>0 at panel tick nearest as_of+tmap_eta,tmap_routes
PI740598,2026-07-29 09:37:59,2026-07-29 09:55:59,2026-07-29 09:58:02,18,17.8,3.853,dongdaegu,1,1,True,target_available_at_arrival,available_count>0 at panel tick nearest as_of+tmap_eta,tmap_routes
CV001564,2026-07-27 20:46:00,2026-07-27 21:19:00,2026-07-27 21:26:06,33,32.9,9.561,dongdaegu,2,2,True,target_available_at_arrival,available_count>0 at panel tick nearest as_of+tmap_eta,tmap_routes
KL002550,2026-08-03 12:52:40,2026-08-03 13:20:40,2026-08-03 13:22:42,28,28.0,9.113,dongdaegu,4,4,True,target_available_at_arrival,available_count>0 at panel tick nearest as_of+tmap_eta,tmap_routes
PC001338,2026-07-22 20:01:45,2026-07-22 20:21:45,2026-07-22 20:24:25,20,20.1,4.064,dongdaegu,1,1,True,target_available_at_arrival,available_count>0 at panel tick nearest as_of+tmap_eta,tmap_routes
CV001605,2026-08-08 20:08:33,2026-08-08 20:37:33,2026-08-08 20:38:34,29,29.2,7.17,dongdaegu,2,2,True,target_available_at_arrival,available_count>0 at panel tick nearest as_of+tmap_eta,tmap_routes
CU530008,2026-08-01 04:19:22,2026-08-01 04:48:22,2026-08-01 04:49:24,29,29.1,9.81,dongdaegu,3,3,True,target_available_at_arrival,available_count>0 at panel tick nearest as_of+tmap_eta,tmap_routes
IN053073,2026-07-20 17:05:54,2026-07-20 17:25:54,2026-07-20 17:25:56,20,20.5,4.346,dongdaegu,4,4,True,target_available_at_arrival,available_count>0 at panel tick nearest as_of+tmap_eta,tmap_routes
PI740291,2026-08-01 13:11:02,2026-08-01 13:29:02,2026-08-01 13:31:15,18,18.4,2.827,dongdaegu,1,1,True,target_available_at_arrival,available_count>0 at panel tick nearest as_of+tmap_eta,tmap_routes
KP004512,2026-08-02 07:47:08,2026-08-02 08:40:08,2026-08-02 08:47:19,53,52.8,33.739,dongdaegu,1,1,True,target_available_at_arrival,available_count>0 at panel tick nearest as_of+tmap_eta,tmap_routes
CV001710,2026-08-07 07:41:39,2026-08-07 08:19:39,2026-08-07 08:21:44,38,37.7,9.1,dongdaegu,1,1,True,target_available_at_arrival,available_count>0 at panel tick nearest as_of+tmap_eta,tmap_routes
CV002914,2026-07-29 07:17:13,2026-07-29 07:41:13,2026-07-29 07:47:23,24,24.4,8.623,dongdaegu,1,1,True,target_available_at_arrival,available_count>0 at panel tick nearest as_of+tmap_eta,tmap_routes
CV001493,2026-08-07 10:41:58,2026-08-07 11:15:58,2026-08-07 11:22:05,34,33.5,10.19,dongdaegu,3,3,True,target_available_at_arrival,available_count>0 at panel tick nearest as_of+tmap_eta,tmap_routes
ST601240,2026-08-01 06:29:39,2026-08-01 06:52:39,2026-08-01 06:59:42,23,22.6,6.109,dongdaegu,2,2,True,target_available_at_arrival,available_count>0 at panel tick nearest as_of+tmap_eta,tmap_routes
CV004699,2026-08-07 00:21:15,2026-08-07 00:37:15,2026-08-07 00:41:16,16,15.8,4.103,dongdaegu,5,4,True,target_available_at_arrival,available_count>0 at panel tick nearest as_of+tmap_eta,tmap_routes
BNBN0583,2026-08-05 08:11:19,2026-08-05 09:05:19,2026-08-05 09:11:23,54,53.9,41.029,dongdaegu,2,2,True,target_available_at_arrival,available_count>0 at panel tick nearest as_of+tmap_eta,tmap_routes
PI740149,2026-07-29 14:48:44,2026-07-29 15:06:44,2026-07-29 15:08:46,18,17.5,3.784,dongdaegu,2,2,True,target_available_at_arrival,available_count>0 at panel tick nearest as_of+tmap_eta,tmap_routes
CV000555,2026-07-30 20:47:49,2026-07-30 20:57:49,2026-07-30 20:57:50,10,9.6,1.415,dongdaegu,1,1,True,target_available_at_arrival,available_count>0 at panel tick nearest as_of+tmap_eta,tmap_routes
CV002346,2026-08-05 03:41:05,2026-08-05 03:57:05,2026-08-05 04:01:06,16,15.5,2.801,dongdaegu,2,1,True,target_available_at_arrival,available_count>0 at panel tick nearest as_of+tmap_eta,tmap_routes
CV000678,2026-08-05 10:01:25,2026-08-05 10:59:25,2026-08-05 11:01:34,58,58.0,26.591,dongdaegu,5,5,True,target_available_at_arrival,available_count>0 at panel tick nearest as_of+tmap_eta,tmap_routes
EV005349,2026-08-05 15:11:53,2026-08-05 15:50:53,2026-08-05 15:51:56,39,39.3,12.559,dongdaegu,10,10,True,target_available_at_arrival,available_count>0 at panel tick nearest as_of+tmap_eta,tmap_routes
HW000702,2026-08-04 05:16:56,2026-08-04 06:09:56,2026-08-04 06:16:58,53,53.2,25.508,dongdaegu,1,1,True,target_available_at_arrival,available_count>0 at panel tick nearest as_of+tmap_eta,tmap_routes
ME18C264,2026-08-04 01:16:43,2026-08-04 01:44:43,2026-08-04 01:46:46,28,27.7,8.834,dongdaegu,2,2,True,target_available_at_arrival,available_count>0 at panel tick nearest as_of+tmap_eta,tmap_routes
ME183067,2026-08-09 02:23:05,2026-08-09 02:48:05,2026-08-09 02:53:07,25,24.9,5.762,dongdaegu,1,1,True,target_available_at_arrival,available_count>0 at panel tick nearest as_of+tmap_eta,tmap_routes
ST601225,2026-08-01 21:42:47,2026-08-01 21:52:47,2026-08-01 21:52:49,10,9.8,1.871,dongdaegu,2,2,True,target_available_at_arrival,available_count>0 at panel tick nearest as_of+tmap_eta,tmap_routes
EV005965,2026-07-25 21:34:39,2026-07-25 22:19:39,2026-07-25 22:24:46,45,44.7,15.12,dongdaegu,2,2,True,target_available_at_arrival,available_count>0 at panel tick nearest as_of+tmap_eta,tmap_routes
LU002386,2026-07-31 13:12:58,2026-07-31 13:48:58,2026-07-31 13:53:02,36,35.8,8.682,dongdaegu,2,2,True,target_available_at_arrival,available_count>0 at panel tick nearest as_of+tmap_eta,tmap_routes
CV001002,2026-08-07 00:51:16,2026-08-07 01:09:16,2026-08-07 01:11:17,18,17.5,3.402,dongdaegu,3,3,True,target_available_at_arrival,available_count>0 at panel tick nearest as_of+tmap_eta,tmap_routes
PI750070,2026-08-06 15:36:35,2026-08-06 15:54:35,2026-08-06 15:56:36,18,18.3,3.62,dongdaegu,4,4,True,target_available_at_arrival,available_count>0 at panel tick nearest as_of+tmap_eta,tmap_routes
ST272605,2026-07-27 21:16:04,2026-07-27 21:43:04,2026-07-27 21:46:08,27,26.7,9.097,dongdaegu,1,1,True,target_available_at_arrival,available_count>0 at panel tick nearest as_of+tmap_eta,tmap_routes
ME18C171,2026-08-09 02:03:03,2026-08-09 02:27:03,2026-08-09 02:33:06,24,23.6,4.864,dongdaegu,1,1,True,target_available_at_arrival,available_count>0 at panel tick nearest as_of+tmap_eta,tmap_routes
PI740534,2026-07-23 13:52:51,2026-07-23 14:34:51,2026-07-23 14:38:02,42,42.3,12.826,dongdaegu,5,5,True,target_available_at_arrival,available_count>0 at panel tick nearest as_of+tmap_eta,tmap_routes
CV000321,2026-08-07 05:31:29,2026-08-07 05:48:29,2026-08-07 05:51:31,17,17.2,4.756,dongdaegu,2,2,True,target_available_at_arrival,available_count>0 at panel tick nearest as_of+tmap_eta,tmap_routes
TS271102,2026-07-30 17:27:04,2026-07-30 17:51:04,2026-07-30 17:57:08,24,24.1,4.27,dongdaegu,2,2,True,target_available_at_arrival,available_count>0 at panel tick nearest as_of+tmap_eta,tmap_routes
CV001493,2026-07-25 17:44:06,2026-07-25 18:18:06,2026-07-25 18:24:11,34,33.5,10.19,dongdaegu,2,1,True,target_available_at_arrival,available_count>0 at panel tick nearest as_of+tmap_eta,tmap_routes
LU003143,2026-08-05 19:12:11,2026-08-05 19:30:11,2026-08-05 19:32:14,18,17.9,4.605,dongdaegu,2,2,True,target_available_at_arrival,available_count>0 at panel tick nearest as_of+tmap_eta,tmap_routes
ME22C1A3,2026-07-25 20:14:28,2026-07-25 20:41:28,2026-07-25 20:44:32,27,27.1,6.546,dongdaegu,1,1,True,target_available_at_arrival,available_count>0 at panel tick nearest as_of+tmap_eta,tmap_routes
ME21B262,2026-08-01 21:12:44,2026-08-01 22:05:44,2026-08-01 22:12:51,53,52.9,43.182,dongdaegu,1,1,True,target_available_at_arrival,available_count>0 at panel tick nearest as_of+tmap_eta,tmap_routes
ME183064,2026-08-05 07:41:17,2026-08-05 08:10:17,2026-08-05 08:11:19,29,29.2,9.767,dongdaegu,1,1,True,target_available_at_arrival,available_count>0 at panel tick nearest as_of+tmap_eta,tmap_routes
KL001847,2026-07-31 14:43:11,2026-07-31 15:00:11,2026-07-31 15:03:19,17,17.4,3.371,dongdaegu,2,2,True,target_available_at_arrival,available_count>0 at panel tick nearest as_of+tmap_eta,tmap_routes
HM710014,2026-08-01 12:30:52,2026-08-01 13:07:52,2026-08-01 13:11:02,37,37.1,6.887,dongdaegu,3,3,True,target_available_at_arrival,available_count>0 at panel tick nearest as_of+tmap_eta,tmap_routes
KE000420,2026-08-06 13:46:25,2026-08-06 14:03:25,2026-08-06 14:06:26,17,17.2,3.19,dongdaegu,1,1,True,target_available_at_arrival,available_count>0 at panel tick nearest as_of+tmap_eta,tmap_routes
EV002287,2026-08-02 01:36:09,2026-08-02 02:12:09,2026-08-02 02:16:18,36,36.3,7.344,dongdaegu,1,1,True,target_available_at_arrival,available_count>0 at panel tick nearest as_of+tmap_eta,tmap_routes
CV002633,2026-07-26 02:47:04,2026-07-26 03:22:04,2026-07-26 03:27:10,35,34.9,9.916,dongdaegu,2,2,True,target_available_at_arrival,available_count>0 at panel tick nearest as_of+tmap_eta,tmap_routes
ME18C263,2026-07-18 12:05:34,2026-07-18 12:59:34,2026-07-18 13:05:37,54,54.1,25.684,dongdaegu,2,2,True,target_available_at_arrival,available_count>0 at panel tick nearest as_of+tmap_eta,tmap_routes
KE000375,2026-08-06 15:26:34,2026-08-06 15:55:34,2026-08-06 15:56:36,29,29.2,9.751,dongdaegu,2,2,True,target_available_at_arrival,available_count>0 at panel tick nearest as_of+tmap_eta,tmap_routes
CV002014,2026-08-02 01:46:10,2026-08-02 02:22:10,2026-08-02 02:26:19,36,35.5,11.855,dongdaegu,1,1,True,target_available_at_arrival,available_count>0 at panel tick nearest as_of+tmap_eta,tmap_routes
VTE00004,2026-08-04 08:47:08,2026-08-04 09:04:08,2026-08-04 09:07:09,17,16.6,2.011,dongdaegu,7,7,True,target_available_at_arrival,available_count>0 at panel tick nearest as_of+tmap_eta,tmap_routes
PI540344,2026-07-29 17:49:22,2026-07-29 18:39:22,2026-07-29 18:39:33,50,49.7,18.463,dongdaegu,1,1,True,target_available_at_arrival,available_count>0 at panel tick nearest as_of+tmap_eta,tmap_routes
ME181303,2026-08-06 14:36:28,2026-08-06 15:13:28,2026-08-06 15:16:34,37,37.1,12.615,dongdaegu,1,1,True,target_available_at_arrival,available_count>0 at panel tick nearest as_of+tmap_eta,tmap_routes
NT101554,2026-08-02 10:47:40,2026-08-02 11:20:40,2026-08-02 11:27:45,33,33.0,9.405,dongdaegu,2,2,True,target_available_at_arrival,available_count>0 at panel tick nearest as_of+tmap_eta,tmap_routes
PI740615,2026-08-06 04:15:50,2026-08-06 04:53:50,2026-08-06 04:55:52,38,38.5,11.556,dongdaegu,1,1,True,target_available_at_arrival,available_count>0 at panel tick nearest as_of+tmap_eta,tmap_routes
SF003187,2026-08-04 19:17:50,2026-08-04 19:47:50,2026-08-04 19:47:53,30,29.6,9.475,dongdaegu,8,8,True,target_available_at_arrival,available_count>0 at panel tick nearest as_of+tmap_eta,tmap_routes
CV001493,2026-07-26 15:59:05,2026-07-26 16:33:05,2026-07-26 16:39:09,34,33.5,10.19,dongdaegu,3,3,True,target_available_at_arrival,available_count>0 at panel tick nearest as_of+tmap_eta,tmap_routes
ME21B198,2026-07-27 23:16:18,2026-07-27 23:36:18,2026-07-27 23:36:21,20,20.2,2.393,dongdaegu,1,1,True,target_available_at_arrival,available_count>0 at panel tick nearest as_of+tmap_eta,tmap_routes
CV001895,2026-07-24 17:38:44,2026-07-24 17:54:44,2026-07-24 17:58:47,16,15.8,3.244,dongdaegu,1,1,True,target_available_at_arrival,available_count>0 at panel tick nearest as_of+tmap_eta,tmap_routes
CV001491,2026-08-03 09:02:24,2026-08-03 09:26:24,2026-08-03 09:32:27,24,24.3,7.173,dongdaegu,4,4,True,target_available_at_arrival,available_count>0 at panel tick nearest as_of+tmap_eta,tmap_routes
EV014737,2026-08-08 23:18:49,2026-08-08 23:28:49,2026-08-08 23:28:49,10,10.3,1.868,dongdaegu,1,1,True,target_available_at_arrival,available_count>0 at panel tick nearest as_of+tmap_eta,tmap_routes
ME22C1A1,2026-07-30 12:55:25,2026-07-30 13:41:25,2026-07-30 13:45:44,46,46.4,10.157,dongdaegu,1,1,True,target_available_at_arrival,available_count>0 at panel tick nearest as_of+tmap_eta,tmap_routes
CV002939,2026-08-09 03:53:09,2026-08-09 04:21:09,2026-08-09 04:23:10,28,28.3,5.851,dongdaegu,5,5,True,target_available_at_arrival,available_count>0 at panel tick nearest as_of+tmap_eta,tmap_routes
CV004336,2026-07-27 09:33:36,2026-07-27 10:13:36,2026-07-27 10:13:40,40,40.0,13.158,dongdaegu,5,5,True,target_available_at_arrival,available_count>0 at panel tick nearest as_of+tmap_eta,tmap_routes
CV002390,2026-07-20 16:55:53,2026-07-20 17:21:53,2026-07-20 17:25:56,26,25.7,8.182,dongdaegu,1,1,True,target_available_at_arrival,available_count>0 at panel tick nearest as_of+tmap_eta,tmap_routes
EV006188,2026-07-28 09:39:42,2026-07-28 10:13:42,2026-07-28 10:19:48,34,33.5,9.44,dongdaegu,2,2,True,target_available_at_arrival,available_count>0 at panel tick nearest as_of+tmap_eta,tmap_routes
CV000039,2026-08-04 11:57:24,2026-08-04 12:14:24,2026-08-04 12:17:25,17,17.4,3.346,dongdaegu,2,2,True,target_available_at_arrival,available_count>0 at panel tick nearest as_of+tmap_eta,tmap_routes
ME19E138,2026-07-29 18:49:35,2026-07-29 19:49:35,2026-07-29 19:49:48,60,59.6,35.136,dongdaegu,1,1,True,target_available_at_arrival,available_count>0 at panel tick nearest as_of+tmap_eta,tmap_routes
CV004116,2026-07-29 22:50:19,2026-07-29 23:03:19,2026-07-29 23:10:22,13,13.2,2.245,dongdaegu,10,10,True,target_available_at_arrival,available_count>0 at panel tick nearest as_of+tmap_eta,tmap_routes
EV005267,2026-08-01 05:09:26,2026-08-01 05:39:26,2026-08-01 05:39:28,30,29.6,10.5,dongdaegu,2,3,True,target_available_at_arrival,available_count>0 at panel tick nearest as_of+tmap_eta,tmap_routes
CV000535,2026-08-05 14:41:52,2026-08-05 14:55:52,2026-08-05 15:01:53,14,13.6,2.312,dongdaegu,1,1,True,target_available_at_arrival,available_count>0 at panel tick nearest as_of+tmap_eta,tmap_routes
ME20C187,2026-07-18 21:21:16,2026-07-18 22:16:16,2026-07-18 22:21:20,55,54.6,26.572,dongdaegu,1,1,True,target_available_at_arrival,available_count>0 at panel tick nearest as_of+tmap_eta,tmap_routes
DC530002,2026-07-26 09:48:10,2026-07-26 10:08:10,2026-07-26 10:08:12,20,19.9,3.866,dongdaegu,4,4,True,target_available_at_arrival,available_count>0 at panel tick nearest as_of+tmap_eta,tmap_routes
HW000508,2026-07-29 02:56:32,2026-07-29 03:26:32,2026-07-29 03:26:35,30,30.0,7.629,dongdaegu,1,1,True,target_available_at_arrival,available_count>0 at panel tick nearest as_of+tmap_eta,tmap_routes
CV003080,2026-08-05 09:11:23,2026-08-05 10:07:23,2026-08-05 10:11:30,56,56.0,32.563,dongdaegu,1,1,True,target_available_at_arrival,available_count>0 at panel tick nearest as_of+tmap_eta,tmap_routes
SF000844,2026-07-28 21:33:29,2026-07-28 22:10:29,2026-07-28 22:13:38,37,36.6,12.527,dongdaegu,3,3,True,target_available_at_arrival,available_count>0 at panel tick nearest as_of+tmap_eta,tmap_routes
CV000165,2026-07-24 08:26:54,2026-07-24 08:42:54,2026-07-24 08:46:58,16,15.7,2.135,dongdaegu,2,2,True,target_available_at_arrival,available_count>0 at panel tick nearest as_of+tmap_eta,tmap_routes
CV003139,2026-08-04 15:17:34,2026-08-04 15:43:34,2026-08-04 15:47:36,26,26.4,8.714,dongdaegu,3,3,True,target_available_at_arrival,available_count>0 at panel tick nearest as_of+tmap_eta,tmap_routes
CV000513,2026-07-27 00:52:18,2026-07-27 01:15:18,2026-07-27 01:22:21,23,22.8,3.906,dongdaegu,1,1,True,target_available_at_arrival,available_count>0 at panel tick nearest as_of+tmap_eta,tmap_routes
PI202438,2026-07-31 20:35:42,2026-07-31 21:00:42,2026-07-31 21:05:52,25,24.6,6.768,dongdaegu,4,3,True,target_available_at_arrival,available_count>0 at panel tick nearest as_of+tmap_eta,tmap_routes
CV003117,2026-08-02 01:36:09,2026-08-02 02:25:09,2026-08-02 02:26:19,49,48.7,17.255,dongdaegu,1,1,True,target_available_at_arrival,available_count>0 at panel tick nearest as_of+tmap_eta,tmap_routes
ST600649,2026-07-26 09:48:10,2026-07-26 10:08:10,2026-07-26 10:08:12,20,19.5,7.153,dongdaegu,2,2,True,target_available_at_arrival,available_count>0 at panel tick nearest as_of+tmap_eta,tmap_routes
LU003732,2026-07-23 03:33:19,2026-07-23 04:28:19,2026-07-23 04:28:33,55,54.8,25.143,dongdaegu,1,1,True,target_available_at_arrival,available_count>0 at panel tick nearest as_of+tmap_eta,tmap_routes
ME22C250,2026-07-24 20:09:20,2026-07-24 21:06:20,2026-07-24 21:09:32,57,57.1,24.108,dongdaegu,1,1,True,target_available_at_arrival,available_count>0 at panel tick nearest as_of+tmap_eta,tmap_routes
ME25C426,2026-08-05 13:01:43,2026-08-05 13:30:43,2026-08-05 13:31:46,29,28.7,8.088,dongdaegu,4,4,True,target_available_at_arrival,available_count>0 at panel tick nearest as_of+tmap_eta,tmap_routes
HW000492,2026-07-29 22:00:13,2026-07-29 22:24:13,2026-07-29 22:30:17,24,23.9,5.958,dongdaegu,1,1,True,target_available_at_arrival,available_count>0 at panel tick nearest as_of+tmap_eta,tmap_routes
PI802709,2026-07-30 07:44:14,2026-07-30 08:20:14,2026-07-30 08:24:20,36,35.5,12.382,dongdaegu,1,1,True,target_available_at_arrival,available_count>0 at panel tick nearest as_of+tmap_eta,tmap_routes
PI805002,2026-08-06 14:46:28,2026-08-06 15:06:28,2026-08-06 15:06:33,20,19.7,6.751,dongdaegu,2,2,True,target_available_at_arrival,available_count>0 at panel tick nearest as_of+tmap_eta,tmap_routes
PI740113,2026-08-07 22:03:19,2026-08-07 22:27:19,2026-08-07 22:33:21,24,23.8,5.523,dongdaegu,1,1,True,target_available_at_arrival,available_count>0 at panel tick nearest as_of+tmap_eta,tmap_routes
ME183064,2026-07-19 14:01:09,2026-07-19 14:30:09,2026-07-19 14:31:12,29,29.2,9.767,dongdaegu,1,1,True,target_available_at_arrival,available_count>0 at panel tick nearest as_of+tmap_eta,tmap_routes
KE001333,2026-07-30 04:43:35,2026-07-30 05:09:35,2026-07-30 05:13:41,26,25.9,7.435,dongdaegu,1,1,True,target_available_at_arrival,available_count>0 at panel tick nearest as_of+tmap_eta,tmap_routes
PL032044,2026-07-31 11:32:44,2026-07-31 11:45:44,2026-07-31 11:52:46,13,12.6,5.088,dongdaegu,3,1,True,target_available_at_arrival,available_count>0 at panel tick nearest as_of+tmap_eta,tmap_routes
HE240281,2026-08-01 17:42:03,2026-08-01 18:45:03,2026-08-01 18:52:17,63,63.2,24.883,dongdaegu,11,11,True,target_available_at_arrival,available_count>0 at panel tick nearest as_of+tmap_eta,tmap_routes
KE000360,2026-07-25 23:24:53,2026-07-26 00:10:53,2026-07-26 00:16:47,46,46.5,15.594,dongdaegu,2,2,True,target_available_at_arrival,available_count>0 at panel tick nearest as_of+tmap_eta,tmap_routes
HE230028,2026-08-05 19:32:14,2026-08-05 19:59:14,2026-08-05 20:02:20,27,27.1,5.998,dongdaegu,2,2,True,target_available_at_arrival,available_count>0 at panel tick nearest as_of+tmap_eta,tmap_routes
PI740068,2026-07-28 10:29:53,2026-07-28 10:45:53,2026-07-28 10:49:55,16,16.2,3.016,dongdaegu,2,2,True,target_available_at_arrival,available_count>0 at panel tick nearest as_of+tmap_eta,tmap_routes
KP005834,2026-08-05 10:01:25,2026-08-05 10:44:25,2026-08-05 10:51:34,43,42.9,21.13,dongdaegu,1,1,True,target_available_at_arrival,available_count>0 at panel tick nearest as_of+tmap_eta,tmap_routes
SF000126,2026-07-31 06:21:40,2026-07-31 06:58:40,2026-07-31 07:01:47,37,36.6,14.214,dongdaegu,1,1,True,target_available_at_arrival,available_count>0 at panel tick nearest as_of+tmap_eta,tmap_routes
VTE00004,2026-07-26 10:08:12,2026-07-26 10:25:12,2026-07-26 10:28:14,17,16.6,2.011,dongdaegu,1,1,True,target_available_at_arrival,available_count>0 at panel tick nearest as_of+tmap_eta,tmap_routes
SF002638,2026-07-30 05:43:44,2026-07-30 05:58:44,2026-07-30 06:03:46,15,14.9,2.122,dongdaegu,1,1,True,target_available_at_arrival,available_count>0 at panel tick nearest as_of+tmap_eta,tmap_routes
PIH00515,2026-08-04 22:18:05,2026-08-04 22:37:05,2026-08-04 22:38:06,19,19.0,3.766,dongdaegu,1,1,True,target_available_at_arrival,available_count>0 at panel tick nearest as_of+tmap_eta,tmap_routes
CV004698,2026-08-07 20:03:03,2026-08-07 20:21:03,2026-08-07 20:23:07,18,18.4,2.885,dongdaegu,1,1,True,target_available_at_arrival,available_count>0 at panel tick nearest as_of+tmap_eta,tmap_routes
PI740698,2026-07-26 15:08:56,2026-07-26 15:45:56,2026-07-26 15:49:02,37,37.4,10.556,dongdaegu,1,1,True,target_available_at_arrival,available_count>0 at panel tick nearest as_of+tmap_eta,tmap_routes
CV003072,2026-07-30 09:44:38,2026-07-30 10:02:38,2026-07-30 10:04:44,18,17.8,3.667,dongdaegu,1,1,True,target_available_at_arrival,available_count>0 at panel tick nearest as_of+tmap_eta,tmap_routes
PIS00561,2026-07-29 05:16:52,2026-07-29 05:44:52,2026-07-29 05:46:56,28,27.8,9.974,dongdaegu,4,4,True,target_available_at_arrival,available_count>0 at panel tick nearest as_of+tmap_eta,tmap_routes
CV001490,2026-07-23 10:51:33,2026-07-23 11:13:33,2026-07-23 11:16:43,22,21.6,3.284,dongdaegu,2,2,True,target_available_at_arrival,available_count>0 at panel tick nearest as_of+tmap_eta,tmap_routes
KP004856,2026-08-05 18:42:09,2026-08-05 19:29:09,2026-08-05 19:32:14,47,47.0,18.39,dongdaegu,2,2,True,target_available_at_arrival,available_count>0 at panel tick nearest as_of+tmap_eta,tmap_routes
CU530011,2026-07-31 05:31:34,2026-07-31 05:47:34,2026-07-31 05:51:37,16,15.6,2.998,dongdaegu,23,22,True,target_available_at_arrival,available_count>0 at panel tick nearest as_of+tmap_eta,tmap_routes
CV001129,2026-08-09 03:03:07,2026-08-09 03:37:07,2026-08-09 03:43:08,34,34.5,13.349,dongdaegu,2,2,True,target_available_at_arrival,available_count>0 at panel tick nearest as_of+tmap_eta,tmap_routes
EV005966,2026-08-08 16:48:13,2026-08-08 17:33:13,2026-08-08 17:38:18,45,44.7,15.17,dongdaegu,1,1,True,target_available_at_arrival,available_count>0 at panel tick nearest as_of+tmap_eta,tmap_routes
HY000896,2026-07-27 19:15:36,2026-07-27 19:48:36,2026-07-27 19:55:43,33,32.8,9.291,dongdaegu,2,3,True,target_available_at_arrival,available_count>0 at panel tick nearest as_of+tmap_eta,tmap_routes
HM000722,2026-08-06 02:05:45,2026-08-06 02:55:45,2026-08-06 02:55:47,50,49.6,13.089,dongdaegu,7,7,True,target_available_at_arrival,available_count>0 at panel tick nearest as_of+tmap_eta,tmap_routes
ST600274,2026-08-02 15:18:28,2026-08-02 15:53:28,2026-08-02 15:58:34,35,35.3,17.509,dongdaegu,1,1,True,target_available_at_arrival,available_count>0 at panel tick nearest as_of+tmap_eta,tmap_routes
ST272310,2026-07-26 18:19:23,2026-07-26 18:37:23,2026-07-26 18:39:26,18,18.3,3.532,dongdaegu,7,6,True,target_available_at_arrival,available_count>0 at panel tick nearest as_of+tmap_eta,tmap_routes
LU001276,2026-08-02 04:26:38,2026-08-02 04:50:38,2026-08-02 04:56:42,24,23.5,6.782,dongdaegu,1,1,True,target_available_at_arrival,available_count>0 at panel tick nearest as_of+tmap_eta,tmap_routes
KP005267,2026-08-06 01:05:43,2026-08-06 01:25:43,2026-08-06 01:25:44,20,19.9,3.393,dongdaegu,1,1,True,target_available_at_arrival,available_count>0 at panel tick nearest as_of+tmap_eta,tmap_routes
CV002181,2026-08-03 14:42:48,2026-08-03 15:18:48,2026-08-03 15:22:50,36,35.9,10.517,dongdaegu,3,4,True,target_available_at_arrival,available_count>0 at panel tick nearest as_of+tmap_eta,tmap_routes
PIH02017,2026-07-27 04:02:36,2026-07-27 04:42:36,2026-07-27 04:42:41,40,39.5,14.443,dongdaegu,1,1,True,target_available_at_arrival,available_count>0 at panel tick nearest as_of+tmap_eta,tmap_routes
CV003118,2026-08-08 13:47:56,2026-08-08 14:14:56,2026-08-08 14:17:59,27,26.8,8.47,dongdaegu,1,1,True,target_available_at_arrival,available_count>0 at panel tick nearest as_of+tmap_eta,tmap_routes
CV002350,2026-07-24 11:57:37,2026-07-24 12:45:37,2026-07-24 12:47:47,48,47.8,13.156,dongdaegu,2,2,True,target_available_at_arrival,available_count>0 at panel tick nearest as_of+tmap_eta,tmap_routes
CV000544,2026-08-02 00:56:01,2026-08-02 01:14:01,2026-08-02 01:16:03,18,17.6,3.938,dongdaegu,1,1,True,target_available_at_arrival,available_count>0 at panel tick nearest as_of+tmap_eta,tmap_routes
PI805002,2026-07-26 18:59:28,2026-07-26 19:19:28,2026-07-26 19:19:31,20,19.7,6.751,dongdaegu,2,2,True,target_available_at_arrival,available_count>0 at panel tick nearest as_of+tmap_eta,tmap_routes
ME19C130,2026-07-30 22:18:02,2026-07-30 23:25:02,2026-07-30 23:28:11,67,66.8,43.953,dongdaegu,1,1,True,target_available_at_arrival,available_count>0 at panel tick nearest as_of+tmap_eta,tmap_routes
KP002189,2026-08-03 02:42:00,2026-08-03 02:57:00,2026-08-03 03:02:01,15,15.4,3.325,dongdaegu,1,1,True,target_available_at_arrival,available_count>0 at panel tick nearest as_of+tmap_eta,tmap_routes
AZ100019,2026-08-05 20:32:22,2026-08-05 21:01:22,2026-08-05 21:02:23,29,28.9,6.805,dongdaegu,3,2,True,target_available_at_arrival,available_count>0 at panel tick nearest as_of+tmap_eta,tmap_routes
ME23B113,2026-08-01 19:52:26,2026-08-01 20:46:26,2026-08-01 20:52:38,54,54.4,40.695,dongdaegu,1,1,True,target_available_at_arrival,available_count>0 at panel tick nearest as_of+tmap_eta,tmap_routes
CV003097,2026-07-27 06:02:51,2026-07-27 06:18:51,2026-07-27 06:22:56,16,16.4,2.12,dongdaegu,1,1,True,target_available_at_arrival,available_count>0 at panel tick nearest as_of+tmap_eta,tmap_routes
EP230165,2026-08-07 06:11:32,2026-08-07 06:45:32,2026-08-07 06:51:34,34,34.1,11.583,dongdaegu,2,2,True,target_available_at_arrival,available_count>0 at panel tick nearest as_of+tmap_eta,tmap_routes
PC001131,2026-07-28 20:43:21,2026-07-28 20:58:21,2026-07-28 21:03:24,15,15.4,3.325,dongdaegu,1,1,True,target_available_at_arrival,available_count>0 at panel tick nearest as_of+tmap_eta,tmap_routes
CV000817,2026-08-09 03:13:07,2026-08-09 03:39:07,2026-08-09 03:43:08,26,25.8,7.07,dongdaegu,1,1,True,target_available_at_arrival,available_count>0 at panel tick nearest as_of+tmap_eta,tmap_routes
CV001678,2026-07-18 17:35:55,2026-07-18 18:14:55,2026-07-18 18:20:58,39,39.3,11.521,dongdaegu,1,2,True,target_available_at_arrival,available_count>0 at panel tick nearest as_of+tmap_eta,tmap_routes
CV000544,2026-08-07 14:52:18,2026-08-07 15:10:18,2026-08-07 15:12:27,18,17.6,3.938,dongdaegu,1,1,True,target_available_at_arrival,available_count>0 at panel tick nearest as_of+tmap_eta,tmap_routes
LU001877,2026-07-21 14:32:07,2026-07-21 15:01:07,2026-07-21 15:02:20,29,29.3,9.229,dongdaegu,1,1,True,target_available_at_arrival,available_count>0 at panel tick nearest as_of+tmap_eta,tmap_routes
LU001081,2026-08-01 04:29:22,2026-08-01 04:57:22,2026-08-01 04:59:25,28,27.6,6.307,dongdaegu,2,2,True,target_available_at_arrival,available_count>0 at panel tick nearest as_of+tmap_eta,tmap_routes
SF001849,2026-07-31 06:51:46,2026-07-31 07:06:46,2026-07-31 07:12:00,15,15.4,1.463,dongdaegu,2,2,True,target_available_at_arrival,available_count>0 at panel tick nearest as_of+tmap_eta,tmap_routes
PW014280,2026-08-06 10:26:13,2026-08-06 11:01:13,2026-08-06 11:06:15,35,34.7,12.73,dongdaegu,3,3,True,target_available_at_arrival,available_count>0 at panel tick nearest as_of+tmap_eta,tmap_routes
PI800355,2026-08-04 17:57:45,2026-08-04 18:55:45,2026-08-04 18:57:49,58,57.5,42.32,dongdaegu,2,1,True,target_available_at_arrival,available_count>0 at panel tick nearest as_of+tmap_eta,tmap_routes
CV003146,2026-07-30 18:57:30,2026-07-30 19:42:30,2026-07-30 19:47:37,45,44.9,22.12,dongdaegu,1,1,True,target_available_at_arrival,available_count>0 at panel tick nearest as_of+tmap_eta,tmap_routes
CV001564,2026-08-03 03:42:03,2026-08-03 04:15:03,2026-08-03 04:22:05,33,32.9,9.561,dongdaegu,3,3,True,target_available_at_arrival,available_count>0 at panel tick nearest as_of+tmap_eta,tmap_routes
KE000420,2026-07-30 11:05:01,2026-07-30 11:22:01,2026-07-30 11:25:13,17,17.2,3.19,dongdaegu,1,1,True,target_available_at_arrival,available_count>0 at panel tick nearest as_of+tmap_eta,tmap_routes
PC001839,2026-07-23 08:50:19,2026-07-23 09:13:19,2026-07-23 09:15:39,23,23.3,6.246,dongdaegu,1,1,True,target_available_at_arrival,available_count>0 at panel tick nearest as_of+tmap_eta,tmap_routes
CV002389,2026-08-01 22:52:56,2026-08-01 23:19:56,2026-08-01 23:22:59,27,26.9,8.258,dongdaegu,1,1,True,target_available_at_arrival,available_count>0 at panel tick nearest as_of+tmap_eta,tmap_routes
DC530013,2026-07-19 12:30:50,2026-07-19 12:56:50,2026-07-19 13:00:55,26,25.7,4.437,dongdaegu,1,1,True,target_available_at_arrival,available_count>0 at panel tick nearest as_of+tmap_eta,tmap_routes
HE240382,2026-08-01 11:40:41,2026-08-01 12:43:41,2026-08-01 12:50:59,63,62.7,24.773,dongdaegu,1,1,True,target_available_at_arrival,available_count>0 at panel tick nearest as_of+tmap_eta,tmap_routes
CV003565,2026-08-01 05:29:28,2026-08-01 05:56:28,2026-08-01 05:59:31,27,26.6,7.173,dongdaegu,2,2,True,target_available_at_arrival,available_count>0 at panel tick nearest as_of+tmap_eta,tmap_routes
PW000224,2026-08-03 09:02:24,2026-08-03 09:42:24,2026-08-03 09:42:29,40,40.0,9.145,dongdaegu,2,2,True,target_available_at_arrival,available_count>0 at panel tick nearest as_of+tmap_eta,tmap_routes
PI700382,2026-07-28 15:52:09,2026-07-28 16:10:09,2026-07-28 16:12:12,18,17.7,1.24,dongdaegu,1,1,True,target_available_at_arrival,available_count>0 at panel tick nearest as_of+tmap_eta,tmap_routes
CV003483,2026-08-03 06:12:11,2026-08-03 06:40:11,2026-08-03 06:42:12,28,28.1,6.301,dongdaegu,1,0,False,target_available_at_arrival,available_count>0 at panel tick nearest as_of+tmap_eta,tmap_routes
PI701108,2026-07-27 01:32:22,2026-07-27 02:02:22,2026-07-27 02:02:25,30,30.1,9.416,dongdaegu,2,2,True,target_available_at_arrival,available_count>0 at panel tick nearest as_of+tmap_eta,tmap_routes
CV003142,2026-08-06 06:05:54,2026-08-06 06:48:54,2026-08-06 06:55:56,43,43.4,19.606,dongdaegu,1,1,True,target_available_at_arrival,available_count>0 at panel tick nearest as_of+tmap_eta,tmap_routes
NT101228,2026-08-05 13:31:46,2026-08-05 13:56:46,2026-08-05 14:01:47,25,25.2,6.875,dongdaegu,2,2,True,target_available_at_arrival,available_count>0 at panel tick nearest as_of+tmap_eta,tmap_routes
DC530013,2026-08-07 03:21:22,2026-08-07 03:47:22,2026-08-07 03:51:25,26,25.7,4.437,dongdaegu,3,3,True,target_available_at_arrival,available_count>0 at panel tick nearest as_of+tmap_eta,tmap_routes
PC000330,2026-07-27 12:03:57,2026-07-27 12:17:57,2026-07-27 12:23:59,14,14.4,0.498,dongdaegu,1,1,True,target_available_at_arrival,available_count>0 at panel tick nearest as_of+tmap_eta,tmap_routes
UP491145,2026-08-01 04:29:22,2026-08-01 04:56:22,2026-08-01 04:59:25,27,26.8,8.306,dongdaegu,1,1,True,target_available_at_arrival,available_count>0 at panel tick nearest as_of+tmap_eta,tmap_routes
KL002459,2026-07-23 05:58:57,2026-07-23 06:12:57,2026-07-23 06:14:00,14,13.9,1.914,dongdaegu,5,5,True,target_available_at_arrival,available_count>0 at panel tick nearest as_of+tmap_eta,tmap_routes
PI690013,2026-08-01 08:50:02,2026-08-01 09:26:02,2026-08-01 09:30:09,36,36.5,13.527,dongdaegu,17,17,True,target_available_at_arrival,available_count>0 at panel tick nearest as_of+tmap_eta,tmap_routes
SF002913,2026-08-08 20:18:33,2026-08-08 20:33:33,2026-08-08 20:38:34,15,15.2,3.084,dongdaegu,4,4,True,target_available_at_arrival,available_count>0 at panel tick nearest as_of+tmap_eta,tmap_routes
CV004305,2026-08-03 07:22:14,2026-08-03 07:56:14,2026-08-03 08:02:19,34,33.9,11.326,dongdaegu,2,2,True,target_available_at_arrival,available_count>0 at panel tick nearest as_of+tmap_eta,tmap_routes
BNBN0594,2026-07-28 10:29:53,2026-07-28 10:45:53,2026-07-28 10:49:55,16,16.4,3.558,dongdaegu,1,1,True,target_available_at_arrival,available_count>0 at panel tick nearest as_of+tmap_eta,tmap_routes
KP000236,2026-08-01 19:12:19,2026-08-01 19:31:19,2026-08-01 19:32:23,19,18.9,4.127,dongdaegu,1,1,True,target_available_at_arrival,available_count>0 at panel tick nearest as_of+tmap_eta,tmap_routes
CV003098,2026-07-29 02:06:21,2026-07-29 02:15:21,2026-07-29 02:16:22,9,9.0,1.042,dongdaegu,1,1,True,target_available_at_arrival,available_count>0 at panel tick nearest as_of+tmap_eta,tmap_routes
CV000513,2026-07-31 08:32:22,2026-07-31 08:55:22,2026-07-31 09:02:26,23,22.8,3.906,dongdaegu,1,1,True,target_available_at_arrival,available_count>0 at panel tick nearest as_of+tmap_eta,tmap_routes
PW014973,2026-08-06 16:36:39,2026-08-06 16:55:39,2026-08-06 16:56:40,19,18.7,5.5,dongdaegu,1,1,True,target_available_at_arrival,available_count>0 at panel tick nearest as_of+tmap_eta,tmap_routes
CV000503,2026-08-06 07:15:57,2026-08-06 07:48:57,2026-08-06 07:56:00,33,32.9,10.327,dongdaegu,2,2,True,target_available_at_arrival,available_count>0 at panel tick nearest as_of+tmap_eta,tmap_routes
ME25C426,2026-07-31 01:00:47,2026-07-31 01:29:47,2026-07-31 01:30:50,29,28.7,8.088,dongdaegu,4,4,True,target_available_at_arrival,available_count>0 at panel tick nearest as_of+tmap_eta,tmap_routes
HE240485,2026-07-24 14:08:02,2026-07-24 14:38:02,2026-07-24 14:38:07,30,29.7,8.57,dongdaegu,3,3,True,target_available_at_arrival,available_count>0 at panel tick nearest as_of+tmap_eta,tmap_routes
EV008138,2026-08-08 15:28:04,2026-08-08 15:48:04,2026-08-08 15:48:05,20,19.9,1.724,dongdaegu,2,2,True,target_available_at_arrival,available_count>0 at panel tick nearest as_of+tmap_eta,tmap_routes
PIS00537,2026-07-31 00:08:15,2026-07-31 00:29:15,2026-07-31 00:30:44,21,20.6,7.06,dongdaegu,1,1,True,target_available_at_arrival,available_count>0 at panel tick nearest as_of+tmap_eta,tmap_routes
KL001763,2026-07-29 15:08:46,2026-07-29 15:55:46,2026-07-29 15:58:52,47,47.2,19.423,dongdaegu,1,1,True,target_available_at_arrival,available_count>0 at panel tick nearest as_of+tmap_eta,tmap_routes
ME18C230,2026-08-04 04:26:54,2026-08-04 05:20:54,2026-08-04 05:26:56,54,54.0,40.041,dongdaegu,2,2,True,target_available_at_arrival,available_count>0 at panel tick nearest as_of+tmap_eta,tmap_routes
ME18C173,2026-07-31 09:22:29,2026-07-31 09:42:29,2026-07-31 09:42:32,20,19.8,4.372,dongdaegu,1,1,True,target_available_at_arrival,available_count>0 at panel tick nearest as_of+tmap_eta,tmap_routes
ST601235,2026-07-25 18:14:10,2026-07-25 18:49:10,2026-07-25 18:54:15,35,35.3,12.266,dongdaegu,1,1,True,target_available_at_arrival,available_count>0 at panel tick nearest as_of+tmap_eta,tmap_routes
HW000499,2026-08-05 06:21:11,2026-08-05 06:50:11,2026-08-05 06:51:14,29,29.0,8.153,dongdaegu,1,1,True,target_available_at_arrival,available_count>0 at panel tick nearest as_of+tmap_eta,tmap_routes
CV001048,2026-07-31 10:52:40,2026-07-31 11:37:40,2026-07-31 11:42:45,45,45.1,12.446,dongdaegu,1,1,True,target_available_at_arrival,available_count>0 at panel tick nearest as_of+tmap_eta,tmap_routes
CV001221,2026-08-05 18:02:04,2026-08-05 18:20:04,2026-08-05 18:22:08,18,17.6,3.387,dongdaegu,7,8,True,target_available_at_arrival,available_count>0 at panel tick nearest as_of+tmap_eta,tmap_routes
CV004108,2026-07-28 09:09:38,2026-07-28 09:23:38,2026-07-28 09:29:40,14,13.9,2.65,dongdaegu,2,2,True,target_available_at_arrival,available_count>0 at panel tick nearest as_of+tmap_eta,tmap_routes
CV000896,2026-08-04 10:07:14,2026-08-04 10:51:14,2026-08-04 10:57:17,44,43.9,9.703,dongdaegu,19,18,True,target_available_at_arrival,available_count>0 at panel tick nearest as_of+tmap_eta,tmap_routes
CV003039,2026-07-23 07:29:25,2026-07-23 07:50:25,2026-07-23 07:54:38,21,21.2,4.161,dongdaegu,1,1,True,target_available_at_arrival,available_count>0 at panel tick nearest as_of+tmap_eta,tmap_routes
EV005267,2026-08-01 01:09:03,2026-08-01 01:39:03,2026-08-01 01:39:06,30,29.6,10.5,dongdaegu,2,2,True,target_available_at_arrival,available_count>0 at panel tick nearest as_of+tmap_eta,tmap_routes
ME183058,2026-07-27 09:13:33,2026-07-27 09:21:33,2026-07-27 09:23:34,8,8.1,1.178,dongdaegu,1,1,True,target_available_at_arrival,available_count>0 at panel tick nearest as_of+tmap_eta,tmap_routes
PIS00551,2026-08-07 10:41:58,2026-08-07 11:06:58,2026-08-07 11:12:04,25,25.1,8.977,dongdaegu,6,6,True,target_available_at_arrival,available_count>0 at panel tick nearest as_of+tmap_eta,tmap_routes
KP002187,2026-07-31 20:05:38,2026-07-31 20:15:38,2026-07-31 20:15:40,10,9.7,1.643,dongdaegu,2,2,True,target_available_at_arrival,available_count>0 at panel tick nearest as_of+tmap_eta,tmap_routes
CV004541,2026-07-31 05:31:34,2026-07-31 05:47:34,2026-07-31 05:51:37,16,16.1,3.267,dongdaegu,4,4,True,target_available_at_arrival,available_count>0 at panel tick nearest as_of+tmap_eta,tmap_routes
IN053044,2026-07-22 10:09:18,2026-07-22 10:49:18,2026-07-22 10:49:31,40,40.2,13.147,dongdaegu,2,3,True,target_available_at_arrival,available_count>0 at panel tick nearest as_of+tmap_eta,tmap_routes
ME25C169,2026-07-26 02:37:03,2026-07-26 03:27:03,2026-07-26 03:27:10,50,49.9,16.4,dongdaegu,1,1,True,target_available_at_arrival,available_count>0 at panel tick nearest as_of+tmap_eta,tmap_routes
CV003042,2026-07-24 07:34:07,2026-07-24 08:10:07,2026-07-24 08:14:27,36,35.9,8.808,dongdaegu,2,1,True,target_available_at_arrival,available_count>0 at panel tick nearest as_of+tmap_eta,tmap_routes
ME183064,2026-08-08 12:37:52,2026-08-08 13:06:52,2026-08-08 13:07:53,29,29.2,9.767,dongdaegu,1,1,True,target_available_at_arrival,available_count>0 at panel tick nearest as_of+tmap_eta,tmap_routes
IN053044,2026-07-23 10:21:08,2026-07-23 11:01:08,2026-07-23 11:01:35,40,40.2,13.147,dongdaegu,2,2,True,target_available_at_arrival,available_count>0 at panel tick nearest as_of+tmap_eta,tmap_routes
DC530021,2026-08-01 01:49:07,2026-08-01 02:14:07,2026-08-01 02:19:09,25,24.7,3.799,dongdaegu,1,1,True,target_available_at_arrival,available_count>0 at panel tick nearest as_of+tmap_eta,tmap_routes
CV000543,2026-08-07 12:42:09,2026-08-07 12:52:09,2026-08-07 12:52:09,10,10.2,1.51,dongdaegu,1,1,True,target_available_at_arrival,available_count>0 at panel tick nearest as_of+tmap_eta,tmap_routes
CV001904,2026-07-28 14:11:15,2026-07-28 14:35:15,2026-07-28 14:41:35,24,23.9,6.982,dongdaegu,2,2,True,target_available_at_arrival,available_count>0 at panel tick nearest as_of+tmap_eta,tmap_routes
EV006225,2026-07-31 07:22:02,2026-07-31 08:00:02,2026-07-31 08:02:10,38,37.6,13.391,dongdaegu,1,1,True,target_available_at_arrival,available_count>0 at panel tick nearest as_of+tmap_eta,tmap_routes
PIS00588,2026-08-03 06:22:12,2026-08-03 07:17:12,2026-08-03 07:22:14,55,55.0,9.555,dongdaegu,4,4,True,target_available_at_arrival,available_count>0 at panel tick nearest as_of+tmap_eta,tmap_routes
ST277202,2026-07-23 12:02:15,2026-07-23 12:50:15,2026-07-23 12:52:33,48,47.9,35.88,dongdaegu,2,2,True,target_available_at_arrival,available_count>0 at panel tick nearest as_of+tmap_eta,tmap_routes
NX000018,2026-08-08 07:27:28,2026-08-08 07:54:28,2026-08-08 07:57:31,27,27.1,8.327,dongdaegu,2,2,True,target_available_at_arrival,available_count>0 at panel tick nearest as_of+tmap_eta,tmap_routes
PI700651,2026-07-24 20:39:26,2026-07-24 20:56:26,2026-07-24 20:59:30,17,17.4,3.421,dongdaegu,3,3,True,target_available_at_arrival,available_count>0 at panel tick nearest as_of+tmap_eta,tmap_routes
CV002197,2026-08-08 14:07:59,2026-08-08 14:33:59,2026-08-08 14:38:01,26,25.7,4.225,dongdaegu,1,0,False,target_available_at_arrival,available_count>0 at panel tick nearest as_of+tmap_eta,tmap_routes
PI740231,2026-07-31 07:22:02,2026-07-31 07:28:02,2026-07-31 07:32:03,6,5.8,0.622,dongdaegu,1,1,True,target_available_at_arrival,available_count>0 at panel tick nearest as_of+tmap_eta,tmap_routes
CV003075,2026-08-05 16:41:58,2026-08-05 17:07:58,2026-08-05 17:12:00,26,26.1,8.655,dongdaegu,1,1,True,target_available_at_arrival,available_count>0 at panel tick nearest as_of+tmap_eta,tmap_routes
CV001219,2026-08-07 04:11:25,2026-08-07 04:25:25,2026-08-07 04:31:26,14,14.0,2.364,dongdaegu,2,2,True,target_available_at_arrival,available_count>0 at panel tick nearest as_of+tmap_eta,tmap_routes
EV008234,2026-08-08 17:38:18,2026-08-08 18:12:18,2026-08-08 18:18:22,34,33.6,9.097,dongdaegu,5,5,True,target_available_at_arrival,available_count>0 at panel tick nearest as_of+tmap_eta,tmap_routes
CV004714,2026-08-01 11:30:40,2026-08-01 11:56:40,2026-08-01 12:00:43,26,26.4,6.104,dongdaegu,3,3,True,target_available_at_arrival,available_count>0 at panel tick nearest as_of+tmap_eta,tmap_routes
EV005350,2026-07-18 11:20:32,2026-07-18 11:59:32,2026-07-18 12:05:34,39,39.1,12.479,dongdaegu,1,1,True,target_available_at_arrival,available_count>0 at panel tick nearest as_of+tmap_eta,tmap_routes
ME18C261,2026-07-31 05:41:35,2026-07-31 06:34:35,2026-07-31 06:41:45,53,53.0,31.983,dongdaegu,2,2,True,target_available_at_arrival,available_count>0 at panel tick nearest as_of+tmap_eta,tmap_routes
KP000236,2026-08-07 22:43:21,2026-08-07 23:02:21,2026-08-07 23:03:22,19,18.9,4.127,dongdaegu,1,1,True,target_available_at_arrival,available_count>0 at panel tick nearest as_of+tmap_eta,tmap_routes
SF001077,2026-08-08 12:47:52,2026-08-08 13:13:52,2026-08-08 13:17:54,26,25.6,8.815,dongdaegu,2,2,True,target_available_at_arrival,available_count>0 at panel tick nearest as_of+tmap_eta,tmap_routes
ST601337,2026-08-04 19:57:53,2026-08-04 20:16:53,2026-08-04 20:17:54,19,18.7,4.492,dongdaegu,9,9,True,target_available_at_arrival,available_count>0 at panel tick nearest as_of+tmap_eta,tmap_routes
ME25C426,2026-08-05 23:42:32,2026-08-06 00:11:32,2026-08-06 00:15:41,29,28.7,8.088,dongdaegu,3,4,True,target_available_at_arrival,available_count>0 at panel tick nearest as_of+tmap_eta,tmap_routes
KE000540,2026-07-30 03:23:20,2026-07-30 03:33:20,2026-07-30 03:33:21,10,10.2,1.469,dongdaegu,2,2,True,target_available_at_arrival,available_count>0 at panel tick nearest as_of+tmap_eta,tmap_routes
CV000515,2026-07-27 23:16:18,2026-07-27 23:34:18,2026-07-27 23:36:21,18,18.2,3.761,dongdaegu,1,1,True,target_available_at_arrival,available_count>0 at panel tick nearest as_of+tmap_eta,tmap_routes
EV014737,2026-07-31 01:40:51,2026-07-31 01:50:51,2026-07-31 01:50:52,10,10.3,1.868,dongdaegu,1,1,True,target_available_at_arrival,available_count>0 at panel tick nearest as_of+tmap_eta,tmap_routes
KP002183,2026-08-01 02:19:09,2026-08-01 02:33:09,2026-08-01 02:39:11,14,14.1,4.396,dongdaegu,2,2,True,target_available_at_arrival,available_count>0 at panel tick nearest as_of+tmap_eta,tmap_routes
PIH00377,2026-08-04 03:26:52,2026-08-04 03:55:52,2026-08-04 03:56:53,29,29.2,10.444,dongdaegu,1,1,True,target_available_at_arrival,available_count>0 at panel tick nearest as_of+tmap_eta,tmap_routes
CV002913,2026-08-02 19:39:06,2026-08-02 20:24:06,2026-08-02 20:29:16,45,45.0,15.459,dongdaegu,1,1,True,target_available_at_arrival,available_count>0 at panel tick nearest as_of+tmap_eta,tmap_routes
KP002183,2026-08-03 06:42:12,2026-08-03 06:56:12,2026-08-03 07:02:13,14,14.1,4.396,dongdaegu,1,1,True,target_available_at_arrival,available_count>0 at panel tick nearest as_of+tmap_eta,tmap_routes
CV000509,2026-07-25 12:34:37,2026-07-25 12:47:37,2026-07-25 12:54:40,13,13.3,2.583,dongdaegu,1,1,True,target_available_at_arrival,available_count>0 at panel tick nearest as_of+tmap_eta,tmap_routes
CV003140,2026-08-09 00:42:59,2026-08-09 01:26:59,2026-08-09 01:33:02,44,44.4,15.17,dongdaegu,1,1,True,target_available_at_arrival,available_count>0 at panel tick nearest as_of+tmap_eta,tmap_routes
PIS00556,2026-08-01 08:29:57,2026-08-01 08:56:57,2026-08-01 09:00:04,27,27.3,6.618,dongdaegu,3,3,True,target_available_at_arrival,available_count>0 at panel tick nearest as_of+tmap_eta,tmap_routes
PC000552,2026-08-01 10:30:30,2026-08-01 10:45:30,2026-08-01 10:50:33,15,14.8,2.52,dongdaegu,1,1,True,target_available_at_arrival,available_count>0 at panel tick nearest as_of+tmap_eta,tmap_routes
KP005833,2026-08-09 02:13:05,2026-08-09 03:06:05,2026-08-09 03:13:07,53,53.4,23.9,dongdaegu,1,1,True,target_available_at_arrival,available_count>0 at panel tick nearest as_of+tmap_eta,tmap_routes
EV006219,2026-07-23 08:50:19,2026-07-23 09:28:19,2026-07-23 09:30:43,38,37.6,13.391,dongdaegu,1,1,True,target_available_at_arrival,available_count>0 at panel tick nearest as_of+tmap_eta,tmap_routes
ME21A140,2026-07-26 22:19:57,2026-07-26 23:12:57,2026-07-26 23:20:05,53,53.0,40.12,dongdaegu,1,1,True,target_available_at_arrival,available_count>0 at panel tick nearest as_of+tmap_eta,tmap_routes
KL001672,2026-07-23 10:51:33,2026-07-23 11:12:33,2026-07-23 11:16:43,21,20.9,3.537,dongdaegu,2,2,True,target_available_at_arrival,available_count>0 at panel tick nearest as_of+tmap_eta,tmap_routes
DC530016,2026-07-30 02:53:11,2026-07-30 03:39:11,2026-07-30 03:43:21,46,46.0,9.407,dongdaegu,2,3,True,target_available_at_arrival,available_count>0 at panel tick nearest as_of+tmap_eta,tmap_routes
ME24A243,2026-08-07 07:51:40,2026-08-07 08:45:40,2026-08-07 08:51:48,54,54.0,40.6,dongdaegu,2,2,True,target_available_at_arrival,available_count>0 at panel tick nearest as_of+tmap_eta,tmap_routes
CV003119,2026-08-04 09:07:09,2026-08-04 09:45:09,2026-08-04 09:47:11,38,37.5,7.142,dongdaegu,4,4,True,target_available_at_arrival,available_count>0 at panel tick nearest as_of+tmap_eta,tmap_routes
ST271401,2026-07-31 07:42:04,2026-07-31 08:07:04,2026-07-31 08:12:11,25,24.8,8.995,dongdaegu,6,6,True,target_available_at_arrival,available_count>0 at panel tick nearest as_of+tmap_eta,tmap_routes
ME22C1A2,2026-07-26 07:37:45,2026-07-26 08:16:45,2026-07-26 08:17:56,39,39.2,13.424,dongdaegu,1,1,True,target_available_at_arrival,available_count>0 at panel tick nearest as_of+tmap_eta,tmap_routes
CV001121,2026-08-08 03:47:17,2026-08-08 04:17:17,2026-08-08 04:17:18,30,29.7,8.333,dongdaegu,1,1,True,target_available_at_arrival,available_count>0 at panel tick nearest as_of+tmap_eta,tmap_routes
CV002956,2026-08-02 01:06:02,2026-08-02 01:29:02,2026-08-02 01:36:09,23,23.3,7.169,dongdaegu,1,1,True,target_available_at_arrival,available_count>0 at panel tick nearest as_of+tmap_eta,tmap_routes
KP004412,2026-07-28 08:29:24,2026-07-28 08:44:24,2026-07-28 08:49:35,15,15.3,3.322,dongdaegu,1,1,True,target_available_at_arrival,available_count>0 at panel tick nearest as_of+tmap_eta,tmap_routes
ST277201,2026-08-09 04:53:11,2026-08-09 05:47:11,2026-08-09 05:53:15,54,53.7,43.013,dongdaegu,4,4,True,target_available_at_arrival,available_count>0 at panel tick nearest as_of+tmap_eta,tmap_routes
CV003716,2026-07-30 20:07:41,2026-07-30 20:55:41,2026-07-30 20:57:50,48,48.1,26.925,dongdaegu,5,5,True,target_available_at_arrival,available_count>0 at panel tick nearest as_of+tmap_eta,tmap_routes
PI805002,2026-07-26 19:39:34,2026-07-26 19:59:34,2026-07-26 19:59:36,20,19.7,6.751,dongdaegu,2,2,True,target_available_at_arrival,available_count>0 at panel tick nearest as_of+tmap_eta,tmap_routes
ME20C187,2026-08-03 18:03:46,2026-08-03 18:58:46,2026-08-03 19:03:50,55,54.6,26.572,dongdaegu,1,1,True,target_available_at_arrival,available_count>0 at panel tick nearest as_of+tmap_eta,tmap_routes
CV001314,2026-08-02 12:17:53,2026-08-02 13:12:53,2026-08-02 13:18:05,55,55.4,31.478,dongdaegu,1,2,True,target_available_at_arrival,available_count>0 at panel tick nearest as_of+tmap_eta,tmap_routes
PI750070,2026-07-25 08:12:19,2026-07-25 08:30:19,2026-07-25 08:33:40,18,18.3,3.62,dongdaegu,1,2,True,target_available_at_arrival,available_count>0 at panel tick nearest as_of+tmap_eta,tmap_routes
EO000005,2026-07-23 00:17:33,2026-07-23 00:55:33,2026-07-23 00:57:41,38,38.0,9.744,dongdaegu,1,1,True,target_available_at_arrival,available_count>0 at panel tick nearest as_of+tmap_eta,tmap_routes
CV004339,2026-07-31 01:10:48,2026-07-31 01:36:48,2026-07-31 01:40:51,26,26.2,7.956,dongdaegu,2,2,True,target_available_at_arrival,available_count>0 at panel tick nearest as_of+tmap_eta,tmap_routes
PI721980,2026-07-28 05:28:57,2026-07-28 05:43:57,2026-07-28 05:48:58,15,14.7,3.613,dongdaegu,1,1,True,target_available_at_arrival,available_count>0 at panel tick nearest as_of+tmap_eta,tmap_routes
PI530033,2026-07-28 21:13:25,2026-07-28 21:33:25,2026-07-28 21:33:29,20,20.4,4.625,dongdaegu,1,1,True,target_available_at_arrival,available_count>0 at panel tick nearest as_of+tmap_eta,tmap_routes
ME25C428,2026-08-02 06:06:49,2026-08-02 06:25:49,2026-08-02 06:26:57,19,18.8,3.899,dongdaegu,4,4,True,target_available_at_arrival,available_count>0 at panel tick nearest as_of+tmap_eta,tmap_routes
ME18C259,2026-07-24 07:59:18,2026-07-24 08:23:18,2026-07-24 08:26:54,24,23.8,6.576,dongdaegu,2,2,True,target_available_at_arrival,available_count>0 at panel tick nearest as_of+tmap_eta,tmap_routes
SF002583,2026-08-06 06:55:56,2026-08-06 07:39:56,2026-08-06 07:45:59,44,44.5,9.471,dongdaegu,4,4,True,target_available_at_arrival,available_count>0 at panel tick nearest as_of+tmap_eta,tmap_routes
CV002191,2026-07-25 17:14:01,2026-07-25 17:49:01,2026-07-25 17:54:07,35,34.8,11.172,dongdaegu,2,2,True,target_available_at_arrival,available_count>0 at panel tick nearest as_of+tmap_eta,tmap_routes
PIS00597,2026-08-01 21:52:49,2026-08-01 22:09:49,2026-08-01 22:12:51,17,16.9,4.131,dongdaegu,2,2,True,target_available_at_arrival,available_count>0 at panel tick nearest as_of+tmap_eta,tmap_routes
NT101301,2026-08-08 00:27:03,2026-08-08 01:13:03,2026-08-08 01:17:05,46,46.0,23.701,dongdaegu,2,2,True,target_available_at_arrival,available_count>0 at panel tick nearest as_of+tmap_eta,tmap_routes
PI780101,2026-08-06 17:56:46,2026-08-06 18:21:46,2026-08-06 18:26:48,25,24.6,6.622,dongdaegu,1,1,True,target_available_at_arrival,available_count>0 at panel tick nearest as_of+tmap_eta,tmap_routes
DC530001,2026-07-26 01:16:55,2026-07-26 01:52:55,2026-07-26 01:56:59,36,35.9,10.361,dongdaegu,2,2,True,target_available_at_arrival,available_count>0 at panel tick nearest as_of+tmap_eta,tmap_routes
PC000235,2026-07-29 17:49:22,2026-07-29 18:02:22,2026-07-29 18:09:25,13,12.8,1.908,dongdaegu,3,3,True,target_available_at_arrival,available_count>0 at panel tick nearest as_of+tmap_eta,tmap_routes
ME18C178,2026-07-22 14:10:04,2026-07-22 14:30:04,2026-07-22 14:30:11,20,20.5,5.293,dongdaegu,1,1,True,target_available_at_arrival,available_count>0 at panel tick nearest as_of+tmap_eta,tmap_routes
ME25C171,2026-07-28 17:32:33,2026-07-28 17:49:33,2026-07-28 17:52:36,17,16.6,2.432,dongdaegu,1,1,True,target_available_at_arrival,available_count>0 at panel tick nearest as_of+tmap_eta,tmap_routes
CV001706,2026-07-30 09:14:34,2026-07-30 10:09:34,2026-07-30 10:14:52,55,54.8,26.617,dongdaegu,2,2,True,target_available_at_arrival,available_count>0 at panel tick nearest as_of+tmap_eta,tmap_routes
SF000955,2026-07-31 19:45:35,2026-07-31 19:58:35,2026-07-31 20:05:38,13,12.6,2.022,dongdaegu,4,4,True,target_available_at_arrival,available_count>0 at panel tick nearest as_of+tmap_eta,tmap_routes
EV012414,2026-08-06 17:46:45,2026-08-06 18:16:45,2026-08-06 18:16:47,30,29.9,6.418,dongdaegu,3,3,True,target_available_at_arrival,available_count>0 at panel tick nearest as_of+tmap_eta,tmap_routes
EV005514,2026-08-04 15:47:36,2026-08-04 16:37:36,2026-08-04 16:37:40,50,50.2,13.655,dongdaegu,1,1,True,target_available_at_arrival,available_count>0 at panel tick nearest as_of+tmap_eta,tmap_routes
DC530007,2026-08-07 06:01:32,2026-08-07 06:44:32,2026-08-07 06:51:34,43,42.9,8.561,dongdaegu,4,4,True,target_available_at_arrival,available_count>0 at panel tick nearest as_of+tmap_eta,tmap_routes
PI530330,2026-07-31 01:20:49,2026-07-31 01:36:49,2026-07-31 01:40:51,16,15.8,3.38,dongdaegu,1,1,True,target_available_at_arrival,available_count>0 at panel tick nearest as_of+tmap_eta,tmap_routes
CV000039,2026-07-27 01:32:22,2026-07-27 01:49:22,2026-07-27 01:52:24,17,17.4,3.346,dongdaegu,2,2,True,target_available_at_arrival,available_count>0 at panel tick nearest as_of+tmap_eta,tmap_routes
EV008138,2026-07-29 01:06:15,2026-07-29 01:26:15,2026-07-29 01:26:17,20,19.9,1.724,dongdaegu,3,3,True,target_available_at_arrival,available_count>0 at panel tick nearest as_of+tmap_eta,tmap_routes
CV001580,2026-08-05 21:52:26,2026-08-05 22:12:26,2026-08-05 22:12:27,20,19.6,3.217,dongdaegu,2,2,True,target_available_at_arrival,available_count>0 at panel tick nearest as_of+tmap_eta,tmap_routes
CV001894,2026-08-02 01:06:02,2026-08-02 01:23:02,2026-08-02 01:26:08,17,16.7,3.567,dongdaegu,1,1,True,target_available_at_arrival,available_count>0 at panel tick nearest as_of+tmap_eta,tmap_routes
ME183066,2026-07-23 01:32:48,2026-07-23 01:54:48,2026-07-23 01:57:57,22,21.6,5.338,dongdaegu,1,1,True,target_available_at_arrival,available_count>0 at panel tick nearest as_of+tmap_eta,tmap_routes
ST601139,2026-08-08 07:37:28,2026-08-08 08:04:28,2026-08-08 08:07:32,27,27.2,4.663,dongdaegu,2,2,True,target_available_at_arrival,available_count>0 at panel tick nearest as_of+tmap_eta,tmap_routes
EV006616,2026-08-08 04:57:19,2026-08-08 05:35:19,2026-08-08 05:37:23,38,37.6,13.391,dongdaegu,1,1,True,target_available_at_arrival,available_count>0 at panel tick nearest as_of+tmap_eta,tmap_routes
PIS00599,2026-08-08 23:18:49,2026-08-08 23:54:49,2026-08-08 23:58:50,36,35.7,12.543,dongdaegu,19,18,True,target_available_at_arrival,available_count>0 at panel tick nearest as_of+tmap_eta,tmap_routes
CV000979,2026-08-06 16:56:40,2026-08-06 17:15:40,2026-08-06 17:16:41,19,19.1,5.333,dongdaegu,1,1,True,target_available_at_arrival,available_count>0 at panel tick nearest as_of+tmap_eta,tmap_routes
EBSSBILL,2026-07-31 16:24:46,2026-07-31 16:43:46,2026-07-31 16:44:52,19,18.9,2.758,dongdaegu,1,1,True,target_available_at_arrival,available_count>0 at panel tick nearest as_of+tmap_eta,tmap_routes
HM710121,2026-08-02 07:37:07,2026-08-02 07:57:07,2026-08-02 07:57:09,20,20.1,3.305,dongdaegu,1,1,True,target_available_at_arrival,available_count>0 at panel tick nearest as_of+tmap_eta,tmap_routes
ME24B144,2026-08-05 18:42:09,2026-08-05 19:35:09,2026-08-05 19:42:19,53,53.4,31.05,dongdaegu,1,1,True,target_available_at_arrival,available_count>0 at panel tick nearest as_of+tmap_eta,tmap_routes
EV008140,2026-07-30 08:54:25,2026-07-30 09:12:25,2026-07-30 09:14:34,18,17.8,1.688,dongdaegu,2,2,True,target_available_at_arrival,available_count>0 at panel tick nearest as_of+tmap_eta,tmap_routes
CV001129,2026-07-27 16:45:00,2026-07-27 17:19:00,2026-07-27 17:25:06,34,34.5,13.349,dongdaegu,2,2,True,target_available_at_arrival,available_count>0 at panel tick nearest as_of+tmap_eta,tmap_routes
ME22C251,2026-08-02 05:16:44,2026-08-02 05:44:44,2026-08-02 05:46:47,28,27.9,8.298,dongdaegu,1,1,True,target_available_at_arrival,available_count>0 at panel tick nearest as_of+tmap_eta,tmap_routes
PC000100,2026-07-25 12:44:38,2026-07-25 13:11:38,2026-07-25 13:14:42,27,27.1,6.084,dongdaegu,1,1,True,target_available_at_arrival,available_count>0 at panel tick nearest as_of+tmap_eta,tmap_routes
EO000005,2026-07-28 14:41:35,2026-07-28 15:19:35,2026-07-28 15:21:39,38,38.0,9.744,dongdaegu,1,1,True,target_available_at_arrival,available_count>0 at panel tick nearest as_of+tmap_eta,tmap_routes
HW000648,2026-08-06 13:36:25,2026-08-06 14:04:25,2026-08-06 14:06:26,28,27.5,9.134,dongdaegu,3,3,True,target_available_at_arrival,available_count>0 at panel tick nearest as_of+tmap_eta,tmap_routes
LU003147,2026-08-02 04:56:42,2026-08-02 05:16:42,2026-08-02 05:16:44,20,20.1,6.413,dongdaegu,3,3,True,target_available_at_arrival,available_count>0 at panel tick nearest as_of+tmap_eta,tmap_routes
IN053073,2026-08-02 09:07:21,2026-08-02 09:27:21,2026-08-02 09:27:25,20,20.5,4.346,dongdaegu,10,13,True,target_available_at_arrival,available_count>0 at panel tick nearest as_of+tmap_eta,tmap_routes
PI740287,2026-08-04 07:17:01,2026-08-04 07:35:01,2026-08-04 07:37:03,18,18.2,2.761,dongdaegu,1,1,True,target_available_at_arrival,available_count>0 at panel tick nearest as_of+tmap_eta,tmap_routes
PC001338,2026-07-23 06:54:16,2026-07-23 07:14:16,2026-07-23 07:14:21,20,20.1,4.064,dongdaegu,7,7,True,target_available_at_arrival,available_count>0 at panel tick nearest as_of+tmap_eta,tmap_routes
CV000750,2026-08-04 17:47:44,2026-08-04 18:47:44,2026-08-04 18:47:48,60,60.4,26.025,dongdaegu,5,5,True,target_available_at_arrival,available_count>0 at panel tick nearest as_of+tmap_eta,tmap_routes
EC004338,2026-07-24 18:18:58,2026-07-24 18:52:58,2026-07-24 18:59:07,34,34.1,11.583,dongdaegu,1,1,True,target_available_at_arrival,available_count>0 at panel tick nearest as_of+tmap_eta,tmap_routes
PI730030,2026-08-05 16:51:59,2026-08-05 17:27:59,2026-08-05 17:32:02,36,35.6,12.645,dongdaegu,2,2,True,target_available_at_arrival,available_count>0 at panel tick nearest as_of+tmap_eta,tmap_routes
PC001345,2026-07-27 05:42:46,2026-07-27 05:56:46,2026-07-27 06:02:51,14,13.8,1.875,dongdaegu,2,3,True,target_available_at_arrival,available_count>0 at panel tick nearest as_of+tmap_eta,tmap_routes
PC000554,2026-07-27 17:25:06,2026-07-27 18:23:06,2026-07-27 18:25:16,58,58.1,26.015,dongdaegu,1,1,True,target_available_at_arrival,available_count>0 at panel tick nearest as_of+tmap_eta,tmap_routes
SF002922,2026-07-26 12:18:34,2026-07-26 12:34:34,2026-07-26 12:38:36,16,15.8,2.058,dongdaegu,1,1,True,target_available_at_arrival,available_count>0 at panel tick nearest as_of+tmap_eta,tmap_routes
ME20C187,2026-07-27 14:04:28,2026-07-27 14:59:28,2026-07-27 15:04:42,55,54.6,26.572,dongdaegu,1,1,True,target_available_at_arrival,available_count>0 at panel tick nearest as_of+tmap_eta,tmap_routes
CV004736,2026-07-25 11:14:22,2026-07-25 12:11:22,2026-07-25 12:14:34,57,57.4,24.095,dongdaegu,2,2,True,target_available_at_arrival,available_count>0 at panel tick nearest as_of+tmap_eta,tmap_routes
PI740111,2026-08-04 08:07:05,2026-08-04 08:33:05,2026-08-04 08:37:07,26,25.9,5.527,dongdaegu,1,1,True,target_available_at_arrival,available_count>0 at panel tick nearest as_of+tmap_eta,tmap_routes
CV003077,2026-07-29 09:27:57,2026-07-29 09:54:57,2026-07-29 09:58:02,27,26.6,8.273,dongdaegu,1,1,True,target_available_at_arrival,available_count>0 at panel tick nearest as_of+tmap_eta,tmap_routes
ST277108,2026-08-04 19:17:50,2026-08-04 20:06:50,2026-08-04 20:07:54,49,48.7,23.022,dongdaegu,1,1,True,target_available_at_arrival,available_count>0 at panel tick nearest as_of+tmap_eta,tmap_routes
CV002131,2026-08-01 18:42:15,2026-08-01 18:52:15,2026-08-01 18:52:17,10,9.8,1.371,dongdaegu,1,1,True,target_available_at_arrival,available_count>0 at panel tick nearest as_of+tmap_eta,tmap_routes
PI530289,2026-07-26 13:08:40,2026-07-26 13:23:40,2026-07-26 13:28:43,15,15.1,2.899,dongdaegu,1,1,True,target_available_at_arrival,available_count>0 at panel tick nearest as_of+tmap_eta,tmap_routes
CSCS1024,2026-08-07 08:21:44,2026-08-07 08:44:44,2026-08-07 08:51:48,23,23.3,4.109,dongdaegu,1,1,True,target_available_at_arrival,available_count>0 at panel tick nearest as_of+tmap_eta,tmap_routes
ME183071,2026-07-30 01:03:01,2026-07-30 01:41:01,2026-07-30 01:43:05,38,37.8,12.564,dongdaegu,1,1,True,target_available_at_arrival,available_count>0 at panel tick nearest as_of+tmap_eta,tmap_routes
DC530002,2026-08-06 08:46:06,2026-08-06 09:06:06,2026-08-06 09:06:09,20,19.9,3.866,dongdaegu,5,5,True,target_available_at_arrival,available_count>0 at panel tick nearest as_of+tmap_eta,tmap_routes
GS000031,2026-08-02 22:59:31,2026-08-02 23:19:31,2026-08-02 23:19:32,20,19.6,4.359,dongdaegu,2,2,True,target_available_at_arrival,available_count>0 at panel tick nearest as_of+tmap_eta,tmap_routes
ME19F412,2026-08-01 18:02:06,2026-08-01 18:56:06,2026-08-01 19:02:18,54,54.5,32.172,dongdaegu,4,3,True,target_available_at_arrival,available_count>0 at panel tick nearest as_of+tmap_eta,tmap_routes
ME20C414,2026-07-22 15:50:34,2026-07-22 16:43:34,2026-07-22 16:50:42,53,52.7,31.25,dongdaegu,4,3,True,target_available_at_arrival,available_count>0 at panel tick nearest as_of+tmap_eta,tmap_routes
DC530014,2026-07-30 00:12:57,2026-07-30 00:38:57,2026-07-30 00:42:59,26,25.7,4.392,dongdaegu,4,4,True,target_available_at_arrival,available_count>0 at panel tick nearest as_of+tmap_eta,tmap_routes
EV005267,2026-07-31 09:12:27,2026-07-31 09:42:27,2026-07-31 09:42:32,30,29.6,10.5,dongdaegu,2,2,True,target_available_at_arrival,available_count>0 at panel tick nearest as_of+tmap_eta,tmap_routes
KP002182,2026-08-08 09:17:36,2026-08-08 09:32:36,2026-08-08 09:37:37,15,15.0,2.363,dongdaegu,2,2,True,target_available_at_arrival,available_count>0 at panel tick nearest as_of+tmap_eta,tmap_routes
CV000504,2026-08-04 04:26:54,2026-08-04 04:54:54,2026-08-04 04:56:55,28,28.4,8.106,dongdaegu,2,2,True,target_available_at_arrival,available_count>0 at panel tick nearest as_of+tmap_eta,tmap_routes
ME23B113,2026-08-08 16:28:08,2026-08-08 17:22:08,2026-08-08 17:28:17,54,54.4,40.695,dongdaegu,1,1,True,target_available_at_arrival,available_count>0 at panel tick nearest as_of+tmap_eta,tmap_routes
CV002951,2026-08-06 08:06:00,2026-08-06 08:56:00,2026-08-06 08:56:08,50,49.6,39.256,dongdaegu,2,2,True,target_available_at_arrival,available_count>0 at panel tick nearest as_of+tmap_eta,tmap_routes
ME21E401,2026-08-05 02:21:03,2026-08-05 03:14:03,2026-08-05 03:21:05,53,52.7,31.252,dongdaegu,4,4,True,target_available_at_arrival,available_count>0 at panel tick nearest as_of+tmap_eta,tmap_routes
AZ100017,2026-07-30 03:33:21,2026-07-30 04:12:21,2026-07-30 04:13:31,39,39.2,8.401,dongdaegu,6,6,True,target_available_at_arrival,available_count>0 at panel tick nearest as_of+tmap_eta,tmap_routes
CV003132,2026-08-07 09:21:52,2026-08-07 09:54:52,2026-08-07 10:01:56,33,32.7,11.251,dongdaegu,1,1,True,target_available_at_arrival,available_count>0 at panel tick nearest as_of+tmap_eta,tmap_routes
CV000978,2026-08-04 16:37:40,2026-08-04 17:02:40,2026-08-04 17:07:42,25,25.3,6.225,dongdaegu,5,5,True,target_available_at_arrival,available_count>0 at panel tick nearest as_of+tmap_eta,tmap_routes
CV000562,2026-07-22 16:00:36,2026-07-22 16:14:36,2026-07-22 16:20:38,14,14.0,1.777,dongdaegu,2,2,True,target_available_at_arrival,available_count>0 at panel tick nearest as_of+tmap_eta,tmap_routes
KE001046,2026-08-02 20:09:13,2026-08-02 20:28:13,2026-08-02 20:29:16,19,19.2,4.181,dongdaegu,1,1,True,target_available_at_arrival,available_count>0 at panel tick nearest as_of+tmap_eta,tmap_routes
CV000891,2026-08-07 09:21:52,2026-08-07 10:20:52,2026-08-07 10:21:57,59,58.9,26.194,dongdaegu,3,3,True,target_available_at_arrival,available_count>0 at panel tick nearest as_of+tmap_eta,tmap_routes
CV002014,2026-08-08 05:37:23,2026-08-08 06:13:23,2026-08-08 06:17:24,36,35.5,11.855,dongdaegu,2,2,True,target_available_at_arrival,available_count>0 at panel tick nearest as_of+tmap_eta,tmap_routes
PI802709,2026-07-28 13:41:12,2026-07-28 14:17:12,2026-07-28 14:21:16,36,35.5,12.382,dongdaegu,2,2,True,target_available_at_arrival,available_count>0 at panel tick nearest as_of+tmap_eta,tmap_routes
LU100103,2026-07-29 19:09:38,2026-07-29 19:46:38,2026-07-29 19:49:48,37,36.6,8.479,dongdaegu,2,2,True,target_available_at_arrival,available_count>0 at panel tick nearest as_of+tmap_eta,tmap_routes
SBSB0019,2026-07-31 08:22:20,2026-07-31 08:58:20,2026-07-31 09:02:26,36,36.1,13.307,dongdaegu,1,1,True,target_available_at_arrival,available_count>0 at panel tick nearest as_of+tmap_eta,tmap_routes
CV004510,2026-07-26 18:49:27,2026-07-26 19:18:27,2026-07-26 19:19:31,29,29.4,6.162,dongdaegu,1,1,True,target_available_at_arrival,available_count>0 at panel tick nearest as_of+tmap_eta,tmap_routes
ME23B113,2026-07-26 15:39:01,2026-07-26 16:33:01,2026-07-26 16:39:09,54,54.4,40.695,dongdaegu,1,1,True,target_available_at_arrival,available_count>0 at panel tick nearest as_of+tmap_eta,tmap_routes
EO000079,2026-07-31 15:23:21,2026-07-31 15:40:21,2026-07-31 15:43:24,17,17.4,3.431,dongdaegu,2,1,True,target_available_at_arrival,available_count>0 at panel tick nearest as_of+tmap_eta,tmap_routes
IN053082,2026-07-31 21:35:56,2026-07-31 22:14:56,2026-07-31 22:16:04,39,39.1,13.086,dongdaegu,9,7,True,target_available_at_arrival,available_count>0 at panel tick nearest as_of+tmap_eta,tmap_routes
TS272301,2026-08-06 05:05:52,2026-08-06 05:24:52,2026-08-06 05:25:53,19,19.3,3.204,dongdaegu,2,2,True,target_available_at_arrival,available_count>0 at panel tick nearest as_of+tmap_eta,tmap_routes
CV000154,2026-07-31 17:45:05,2026-07-31 18:20:05,2026-07-31 18:25:12,35,35.4,11.631,dongdaegu,2,2,True,target_available_at_arrival,available_count>0 at panel tick nearest as_of+tmap_eta,tmap_routes
EV005066,2026-07-31 01:20:49,2026-07-31 01:43:49,2026-07-31 01:50:52,23,22.6,6.339,dongdaegu,1,1,True,target_available_at_arrival,available_count>0 at panel tick nearest as_of+tmap_eta,tmap_routes
CV000701,2026-07-23 09:00:25,2026-07-23 09:45:25,2026-07-23 09:46:00,45,44.6,14.992,dongdaegu,1,1,True,target_available_at_arrival,available_count>0 at panel tick nearest as_of+tmap_eta,tmap_routes
ME18C172,2026-08-02 16:48:41,2026-08-02 17:07:41,2026-08-02 17:08:43,19,18.7,3.773,dongdaegu,1,1,True,target_available_at_arrival,available_count>0 at panel tick nearest as_of+tmap_eta,tmap_routes
PI306067,2026-08-07 17:22:37,2026-08-07 17:49:37,2026-08-07 17:52:43,27,27.0,9.229,dongdaegu,2,2,True,target_available_at_arrival,available_count>0 at panel tick nearest as_of+tmap_eta,tmap_routes
CV001354,2026-07-23 03:43:21,2026-07-23 04:35:21,2026-07-23 04:38:36,52,52.5,17.24,dongdaegu,2,2,True,target_available_at_arrival,available_count>0 at panel tick nearest as_of+tmap_eta,tmap_routes
LU003143,2026-07-29 22:50:19,2026-07-29 23:08:19,2026-07-29 23:10:22,18,17.9,4.605,dongdaegu,3,3,True,target_available_at_arrival,available_count>0 at panel tick nearest as_of+tmap_eta,tmap_routes
EV006228,2026-08-04 13:17:28,2026-08-04 13:55:28,2026-08-04 13:57:30,38,37.6,13.391,dongdaegu,1,2,True,target_available_at_arrival,available_count>0 at panel tick nearest as_of+tmap_eta,tmap_routes
PI202438,2026-07-28 18:02:41,2026-07-28 18:27:41,2026-07-28 18:32:58,25,24.6,6.768,dongdaegu,3,3,True,target_available_at_arrival,available_count>0 at panel tick nearest as_of+tmap_eta,tmap_routes
DC530003,2026-08-04 06:06:58,2026-08-04 06:25:58,2026-08-04 06:26:58,19,18.8,3.965,dongdaegu,6,6,True,target_available_at_arrival,available_count>0 at panel tick nearest as_of+tmap_eta,tmap_routes
CV001525,2026-08-04 09:07:09,2026-08-04 10:01:09,2026-08-04 10:07:14,54,54.1,26.814,dongdaegu,1,2,True,target_available_at_arrival,available_count>0 at panel tick nearest as_of+tmap_eta,tmap_routes
NT101228,2026-08-05 11:11:35,2026-08-05 11:36:35,2026-08-05 11:41:39,25,25.2,6.875,dongdaegu,2,2,True,target_available_at_arrival,available_count>0 at panel tick nearest as_of+tmap_eta,tmap_routes
ST272310,2026-07-23 13:57:52,2026-07-23 14:15:52,2026-07-23 14:17:56,18,18.3,3.532,dongdaegu,2,4,True,target_available_at_arrival,available_count>0 at panel tick nearest as_of+tmap_eta,tmap_routes
IN053069,2026-08-01 11:10:38,2026-08-01 11:33:38,2026-08-01 11:40:41,23,23.0,4.503,dongdaegu,16,16,True,target_available_at_arrival,available_count>0 at panel tick nearest as_of+tmap_eta,tmap_routes
PC001831,2026-07-28 18:32:58,2026-07-28 18:45:58,2026-07-28 18:53:01,13,12.9,2.868,dongdaegu,4,3,True,target_available_at_arrival,available_count>0 at panel tick nearest as_of+tmap_eta,tmap_routes
ME19C227,2026-08-06 21:17:09,2026-08-06 22:10:09,2026-08-06 22:17:15,53,53.1,26.623,dongdaegu,2,2,True,target_available_at_arrival,available_count>0 at panel tick nearest as_of+tmap_eta,tmap_routes
CV003428,2026-07-26 13:38:44,2026-07-26 13:57:44,2026-07-26 13:58:46,19,18.9,3.756,dongdaegu,1,1,True,target_available_at_arrival,available_count>0 at panel tick nearest as_of+tmap_eta,tmap_routes
KP004798,2026-07-26 07:07:40,2026-07-26 07:14:40,2026-07-26 07:17:41,7,7.4,1.273,dongdaegu,2,2,True,target_available_at_arrival,available_count>0 at panel tick nearest as_of+tmap_eta,tmap_routes
PW012368,2026-07-29 01:16:16,2026-07-29 01:44:16,2026-07-29 01:46:18,28,28.5,10.054,dongdaegu,2,2,True,target_available_at_arrival,available_count>0 at panel tick nearest as_of+tmap_eta,tmap_routes
EV004402,2026-07-25 23:14:51,2026-07-25 23:51:51,2026-07-25 23:54:57,37,37.4,11.986,dongdaegu,1,1,True,target_available_at_arrival,available_count>0 at panel tick nearest as_of+tmap_eta,tmap_routes
CV002393,2026-07-30 03:33:21,2026-07-30 04:07:21,2026-07-30 04:13:31,34,33.7,13.337,dongdaegu,2,2,True,target_available_at_arrival,available_count>0 at panel tick nearest as_of+tmap_eta,tmap_routes
CV003567,2026-08-01 04:29:22,2026-08-01 05:05:22,2026-08-01 05:09:26,36,36.2,10.467,dongdaegu,1,1,True,target_available_at_arrival,available_count>0 at panel tick nearest as_of+tmap_eta,tmap_routes
ME24B208,2026-08-08 03:57:17,2026-08-08 04:50:17,2026-08-08 04:57:19,53,52.7,24.633,dongdaegu,2,2,True,target_available_at_arrival,available_count>0 at panel tick nearest as_of+tmap_eta,tmap_routes
KP003779,2026-08-06 01:25:44,2026-08-06 02:05:44,2026-08-06 02:05:45,40,40.5,17.466,dongdaegu,1,1,True,target_available_at_arrival,available_count>0 at panel tick nearest as_of+tmap_eta,tmap_routes
ST277109,2026-07-31 19:15:30,2026-07-31 19:51:30,2026-07-31 19:55:36,36,35.6,12.799,dongdaegu,2,2,True,target_available_at_arrival,available_count>0 at panel tick nearest as_of+tmap_eta,tmap_routes
PI306105,2026-08-04 13:27:28,2026-08-04 13:40:28,2026-08-04 13:47:29,13,13.3,2.325,dongdaegu,5,5,True,target_available_at_arrival,available_count>0 at panel tick nearest as_of+tmap_eta,tmap_routes
EV005966,2026-08-08 11:07:45,2026-08-08 11:52:45,2026-08-08 11:57:49,45,44.7,15.17,dongdaegu,1,1,True,target_available_at_arrival,available_count>0 at panel tick nearest as_of+tmap_eta,tmap_routes
CV003099,2026-07-23 10:31:10,2026-07-23 11:02:10,2026-07-23 11:06:41,31,30.6,8.693,dongdaegu,1,1,True,target_available_at_arrival,available_count>0 at panel tick nearest as_of+tmap_eta,tmap_routes
CV003464,2026-08-09 04:23:10,2026-08-09 04:50:10,2026-08-09 04:53:11,27,27.0,5.866,dongdaegu,4,4,True,target_available_at_arrival,available_count>0 at panel tick nearest as_of+tmap_eta,tmap_routes
HE240485,2026-07-18 21:06:15,2026-07-18 21:36:15,2026-07-18 21:36:17,30,29.7,8.57,dongdaegu,2,2,True,target_available_at_arrival,available_count>0 at panel tick nearest as_of+tmap_eta,tmap_routes
NT101499,2026-08-04 13:07:27,2026-08-04 13:46:27,2026-08-04 13:47:29,39,39.0,10.787,dongdaegu,1,1,True,target_available_at_arrival,available_count>0 at panel tick nearest as_of+tmap_eta,tmap_routes
CV003098,2026-08-03 13:52:45,2026-08-03 14:01:45,2026-08-03 14:02:46,9,9.0,1.042,dongdaegu,1,1,True,target_available_at_arrival,available_count>0 at panel tick nearest as_of+tmap_eta,tmap_routes
PI740662,2026-08-05 13:01:43,2026-08-05 13:18:43,2026-08-05 13:21:45,17,17.1,4.512,dongdaegu,1,1,True,target_available_at_arrival,available_count>0 at panel tick nearest as_of+tmap_eta,tmap_routes
PIH01804,2026-07-29 08:27:41,2026-07-29 08:45:41,2026-07-29 08:47:43,18,17.8,3.532,dongdaegu,10,9,True,target_available_at_arrival,available_count>0 at panel tick nearest as_of+tmap_eta,tmap_routes
EV003858,2026-08-04 07:07:00,2026-08-04 07:17:00,2026-08-04 07:17:01,10,10.2,1.868,dongdaegu,1,1,True,target_available_at_arrival,available_count>0 at panel tick nearest as_of+tmap_eta,tmap_routes
CV000981,2026-07-20 16:05:46,2026-07-20 16:30:46,2026-07-20 16:30:51,25,25.3,6.225,dongdaegu,1,1,True,target_available_at_arrival,available_count>0 at panel tick nearest as_of+tmap_eta,tmap_routes
PI530314,2026-07-29 19:09:38,2026-07-29 20:03:38,2026-07-29 20:09:52,54,54.5,39.869,dongdaegu,2,2,True,target_available_at_arrival,available_count>0 at panel tick nearest as_of+tmap_eta,tmap_routes
CV002279,2026-07-27 00:22:16,2026-07-27 00:40:16,2026-07-27 00:42:18,18,17.9,4.819,dongdaegu,2,2,True,target_available_at_arrival,available_count>0 at panel tick nearest as_of+tmap_eta,tmap_routes
CV001678,2026-08-04 21:38:03,2026-08-04 22:17:03,2026-08-04 22:18:05,39,39.3,11.521,dongdaegu,1,1,True,target_available_at_arrival,available_count>0 at panel tick nearest as_of+tmap_eta,tmap_routes
PC000100,2026-08-02 16:28:39,2026-08-02 16:55:39,2026-08-02 16:58:42,27,27.1,6.084,dongdaegu,1,1,True,target_available_at_arrival,available_count>0 at panel tick nearest as_of+tmap_eta,tmap_routes
KP004005,2026-08-08 13:57:56,2026-08-08 14:24:56,2026-08-08 14:28:00,27,27.1,6.364,dongdaegu,2,2,True,target_available_at_arrival,available_count>0 at panel tick nearest as_of+tmap_eta,tmap_routes
ME19C130,2026-08-01 08:50:02,2026-08-01 09:57:02,2026-08-01 10:00:18,67,66.8,43.953,dongdaegu,1,1,True,target_available_at_arrival,available_count>0 at panel tick nearest as_of+tmap_eta,tmap_routes
NX000018,2026-08-01 15:01:30,2026-08-01 15:28:30,2026-08-01 15:31:34,27,27.1,8.327,dongdaegu,1,1,True,target_available_at_arrival,available_count>0 at panel tick nearest as_of+tmap_eta,tmap_routes
HW000407,2026-07-21 15:32:26,2026-07-21 16:02:26,2026-07-21 16:02:34,30,29.6,10.81,dongdaegu,1,1,True,target_available_at_arrival,available_count>0 at panel tick nearest as_of+tmap_eta,tmap_routes
CV001564,2026-08-07 08:31:47,2026-08-07 09:04:47,2026-08-07 09:11:51,33,32.9,9.561,dongdaegu,3,3,True,target_available_at_arrival,available_count>0 at panel tick nearest as_of+tmap_eta,tmap_routes
BE241250,2026-07-28 18:53:01,2026-07-28 19:47:01,2026-07-28 19:53:15,54,54.0,26.162,dongdaegu,1,2,True,target_available_at_arrival,available_count>0 at panel tick nearest as_of+tmap_eta,tmap_routes
PI752996,2026-07-27 12:44:06,2026-07-27 13:04:06,2026-07-27 13:04:13,20,19.7,3.143,dongdaegu,1,1,True,target_available_at_arrival,available_count>0 at panel tick nearest as_of+tmap_eta,tmap_routes
CV003096,2026-07-27 18:15:14,2026-07-27 18:45:14,2026-07-27 18:45:22,30,30.5,6.455,dongdaegu,1,1,True,target_available_at_arrival,available_count>0 at panel tick nearest as_of+tmap_eta,tmap_routes
ME25C426,2026-07-23 03:48:21,2026-07-23 04:17:21,2026-07-23 04:18:30,29,28.7,8.088,dongdaegu,4,4,True,target_available_at_arrival,available_count>0 at panel tick nearest as_of+tmap_eta,tmap_routes
AZ100021,2026-08-05 11:21:36,2026-08-05 11:51:36,2026-08-05 11:51:40,30,29.5,8.226,dongdaegu,2,2,True,target_available_at_arrival,available_count>0 at panel tick nearest as_of+tmap_eta,tmap_routes
BNBN0591,2026-07-26 21:19:48,2026-07-26 21:52:48,2026-07-26 21:59:54,33,33.3,12.601,dongdaegu,1,1,True,target_available_at_arrival,available_count>0 at panel tick nearest as_of+tmap_eta,tmap_routes
EV003741,2026-08-05 11:41:39,2026-08-05 12:11:39,2026-08-05 12:11:41,30,29.6,8.772,dongdaegu,1,2,True,target_available_at_arrival,available_count>0 at panel tick nearest as_of+tmap_eta,tmap_routes
NT100108,2026-08-08 07:47:29,2026-08-08 08:16:29,2026-08-08 08:17:32,29,29.3,10.825,dongdaegu,1,1,True,target_available_at_arrival,available_count>0 at panel tick nearest as_of+tmap_eta,tmap_routes
DC530001,2026-08-07 22:33:21,2026-08-07 23:09:21,2026-08-07 23:13:23,36,35.9,10.361,dongdaegu,5,5,True,target_available_at_arrival,available_count>0 at panel tick nearest as_of+tmap_eta,tmap_routes
PI701108,2026-07-28 11:40:18,2026-07-28 12:10:18,2026-07-28 12:10:21,30,30.1,9.416,dongdaegu,6,6,True,target_available_at_arrival,available_count>0 at panel tick nearest as_of+tmap_eta,tmap_routes
PI740743,2026-08-07 09:11:51,2026-08-07 09:28:51,2026-08-07 09:31:52,17,17.4,3.623,dongdaegu,2,2,True,target_available_at_arrival,available_count>0 at panel tick nearest as_of+tmap_eta,tmap_routes
CV000510,2026-07-26 11:18:25,2026-07-26 11:35:25,2026-07-26 11:38:27,17,16.9,3.721,dongdaegu,2,2,True,target_available_at_arrival,available_count>0 at panel tick nearest as_of+tmap_eta,tmap_routes
PC000132,2026-07-26 13:48:45,2026-07-26 14:08:45,2026-07-26 14:08:48,20,20.3,6.481,dongdaegu,1,0,False,target_available_at_arrival,available_count>0 at panel tick nearest as_of+tmap_eta,tmap_routes
CV000537,2026-08-01 14:51:29,2026-08-01 15:19:29,2026-08-01 15:21:33,28,27.6,5.369,dongdaegu,1,1,True,target_available_at_arrival,available_count>0 at panel tick nearest as_of+tmap_eta,tmap_routes
BE482306,2026-07-23 04:18:30,2026-07-23 04:38:30,2026-07-23 04:38:36,20,20.1,3.537,dongdaegu,2,2,True,target_available_at_arrival,available_count>0 at panel tick nearest as_of+tmap_eta,tmap_routes
CV002633,2026-07-26 21:39:51,2026-07-26 22:14:51,2026-07-26 22:19:57,35,34.9,9.916,dongdaegu,1,2,True,target_available_at_arrival,available_count>0 at panel tick nearest as_of+tmap_eta,tmap_routes
CV002995,2026-08-03 06:52:13,2026-08-03 07:16:13,2026-08-03 07:22:14,24,24.1,4.399,dongdaegu,2,2,True,target_available_at_arrival,available_count>0 at panel tick nearest as_of+tmap_eta,tmap_routes
ME183071,2026-08-04 14:47:32,2026-08-04 15:25:32,2026-08-04 15:27:35,38,37.8,12.564,dongdaegu,1,1,True,target_available_at_arrival,available_count>0 at panel tick nearest as_of+tmap_eta,tmap_routes
CU530004,2026-07-20 17:05:54,2026-07-20 17:15:54,2026-07-20 17:15:55,10,9.6,1.543,dongdaegu,1,1,True,target_available_at_arrival,available_count>0 at panel tick nearest as_of+tmap_eta,tmap_routes
CV003716,2026-08-05 14:31:51,2026-08-05 15:19:51,2026-08-05 15:21:54,48,48.1,26.925,dongdaegu,5,5,True,target_available_at_arrival,available_count>0 at panel tick nearest as_of+tmap_eta,tmap_routes
HY000130,2026-08-08 21:28:37,2026-08-08 21:56:37,2026-08-08 21:58:39,28,28.1,9.534,dongdaegu,1,1,True,target_available_at_arrival,available_count>0 at panel tick nearest as_of+tmap_eta,tmap_routes
DC530003,2026-07-21 11:11:21,2026-07-21 11:30:21,2026-07-21 11:31:23,19,18.8,3.965,dongdaegu,1,1,True,target_available_at_arrival,available_count>0 at panel tick nearest as_of+tmap_eta,tmap_routes
EV006226,2026-07-31 17:45:05,2026-07-31 18:23:05,2026-07-31 18:25:12,38,37.6,13.391,dongdaegu,1,1,True,target_available_at_arrival,available_count>0 at panel tick nearest as_of+tmap_eta,tmap_routes
CV003466,2026-07-23 06:39:07,2026-07-23 07:10:07,2026-07-23 07:14:21,31,31.4,10.138,dongdaegu,1,1,True,target_available_at_arrival,available_count>0 at panel tick nearest as_of+tmap_eta,tmap_routes
SF000859,2026-08-08 07:57:31,2026-08-08 08:35:31,2026-08-08 08:37:33,38,38.1,12.641,dongdaegu,3,3,True,target_available_at_arrival,available_count>0 at panel tick nearest as_of+tmap_eta,tmap_routes
CV000536,2026-07-30 11:15:12,2026-07-30 11:40:12,2026-07-30 11:45:16,25,24.9,4.632,dongdaegu,1,1,True,target_available_at_arrival,available_count>0 at panel tick nearest as_of+tmap_eta,tmap_routes
ST271704,2026-08-03 16:32:57,2026-08-03 17:01:57,2026-08-03 17:02:59,29,29.4,7.17,dongdaegu,1,1,True,target_available_at_arrival,available_count>0 at panel tick nearest as_of+tmap_eta,tmap_routes
LU000912,2026-07-21 16:02:34,2026-07-21 16:11:34,2026-07-21 16:12:48,9,8.7,1.659,dongdaegu,1,1,True,target_available_at_arrival,available_count>0 at panel tick nearest as_of+tmap_eta,tmap_routes
JA270012,2026-07-24 12:17:39,2026-07-24 12:46:39,2026-07-24 12:47:47,29,29.1,10.507,dongdaegu,1,1,True,target_available_at_arrival,available_count>0 at panel tick nearest as_of+tmap_eta,tmap_routes
CV001885,2026-08-02 01:56:15,2026-08-02 02:36:15,2026-08-02 02:36:24,40,39.5,13.367,dongdaegu,3,3,True,target_available_at_arrival,available_count>0 at panel tick nearest as_of+tmap_eta,tmap_routes
KP002183,2026-08-03 18:53:50,2026-08-03 19:07:50,2026-08-03 19:13:51,14,14.1,4.396,dongdaegu,2,2,True,target_available_at_arrival,available_count>0 at panel tick nearest as_of+tmap_eta,tmap_routes
KE000246,2026-07-27 06:12:54,2026-07-27 06:39:54,2026-07-27 06:42:58,27,26.6,7.893,dongdaegu,1,1,True,target_available_at_arrival,available_count>0 at panel tick nearest as_of+tmap_eta,tmap_routes
PI740068,2026-07-27 15:44:48,2026-07-27 16:00:48,2026-07-27 16:04:53,16,16.2,3.016,dongdaegu,1,1,True,target_available_at_arrival,available_count>0 at panel tick nearest as_of+tmap_eta,tmap_routes
CV000508,2026-07-28 10:49:55,2026-07-28 11:27:55,2026-07-28 11:30:08,38,38.4,13.599,dongdaegu,1,1,True,target_available_at_arrival,available_count>0 at panel tick nearest as_of+tmap_eta,tmap_routes
ME19E161,2026-08-04 02:46:50,2026-08-04 03:05:50,2026-08-04 03:06:51,19,18.7,1.98,dongdaegu,1,1,True,target_available_at_arrival,available_count>0 at panel tick nearest as_of+tmap_eta,tmap_routes
ST601440,2026-08-02 20:39:17,2026-08-02 20:58:17,2026-08-02 20:59:19,19,18.7,3.878,dongdaegu,1,1,True,target_available_at_arrival,available_count>0 at panel tick nearest as_of+tmap_eta,tmap_routes
CV003093,2026-07-29 02:16:22,2026-07-29 02:54:22,2026-07-29 02:56:32,38,37.6,9.123,dongdaegu,1,1,True,target_available_at_arrival,available_count>0 at panel tick nearest as_of+tmap_eta,tmap_routes
KP004805,2026-07-26 06:37:37,2026-07-26 06:54:37,2026-07-26 06:57:39,17,17.0,3.654,dongdaegu,1,1,True,target_available_at_arrival,available_count>0 at panel tick nearest as_of+tmap_eta,tmap_routes
PC001576,2026-08-09 04:03:09,2026-08-09 04:52:09,2026-08-09 04:53:11,49,49.2,14.77,dongdaegu,2,2,True,target_available_at_arrival,available_count>0 at panel tick nearest as_of+tmap_eta,tmap_routes
CV002346,2026-07-29 19:19:40,2026-07-29 19:35:40,2026-07-29 19:39:43,16,15.5,2.801,dongdaegu,2,2,True,target_available_at_arrival,available_count>0 at panel tick nearest as_of+tmap_eta,tmap_routes
SF000611,2026-07-30 19:17:33,2026-07-30 19:26:33,2026-07-30 19:27:34,9,9.2,1.794,dongdaegu,3,3,True,target_available_at_arrival,available_count>0 at panel tick nearest as_of+tmap_eta,tmap_routes
HM000722,2026-07-23 06:19:01,2026-07-23 07:09:01,2026-07-23 07:09:20,50,49.6,13.089,dongdaegu,4,5,True,target_available_at_arrival,available_count>0 at panel tick nearest as_of+tmap_eta,tmap_routes
CV003801,2026-08-04 01:36:46,2026-08-04 02:13:46,2026-08-04 02:16:49,37,36.6,12.36,dongdaegu,1,1,True,target_available_at_arrival,available_count>0 at panel tick nearest as_of+tmap_eta,tmap_routes
PI530050,2026-07-29 12:08:24,2026-07-29 12:36:24,2026-07-29 12:38:27,28,27.9,5.947,dongdaegu,1,1,True,target_available_at_arrival,available_count>0 at panel tick nearest as_of+tmap_eta,tmap_routes
ME25C168,2026-07-24 03:37:19,2026-07-24 04:20:19,2026-07-24 04:22:57,43,42.7,12.324,dongdaegu,1,1,True,target_available_at_arrival,available_count>0 at panel tick nearest as_of+tmap_eta,tmap_routes
EV008140,2026-08-06 21:57:14,2026-08-06 22:15:14,2026-08-06 22:17:15,18,17.8,1.688,dongdaegu,2,2,True,target_available_at_arrival,available_count>0 at panel tick nearest as_of+tmap_eta,tmap_routes
CV002939,2026-07-23 05:43:54,2026-07-23 06:11:54,2026-07-23 06:14:00,28,28.3,5.851,dongdaegu,5,5,True,target_available_at_arrival,available_count>0 at panel tick nearest as_of+tmap_eta,tmap_routes
PI740400,2026-07-28 21:13:25,2026-07-28 21:26:25,2026-07-28 21:33:29,13,12.7,3.813,dongdaegu,1,1,True,target_available_at_arrival,available_count>0 at panel tick nearest as_of+tmap_eta,tmap_routes
CI0F0003,2026-07-28 01:18:24,2026-07-28 02:03:24,2026-07-28 02:08:29,45,44.6,12.526,dongdaegu,1,1,True,target_available_at_arrival,available_count>0 at panel tick nearest as_of+tmap_eta,tmap_routes
CV003041,2026-07-30 13:05:26,2026-07-30 13:29:26,2026-07-30 13:35:43,24,24.3,7.564,dongdaegu,16,16,True,target_available_at_arrival,available_count>0 at panel tick nearest as_of+tmap_eta,tmap_routes
ME18C264,2026-07-27 14:04:28,2026-07-27 14:32:28,2026-07-27 14:34:38,28,27.7,8.834,dongdaegu,2,2,True,target_available_at_arrival,available_count>0 at panel tick nearest as_of+tmap_eta,tmap_routes
AZ100022,2026-08-02 23:09:31,2026-08-03 00:07:31,2026-08-03 00:09:34,58,57.6,25.0,dongdaegu,1,1,True,target_available_at_arrival,available_count>0 at panel tick nearest as_of+tmap_eta,tmap_routes
DC530024,2026-07-30 01:43:05,2026-07-30 02:02:05,2026-07-30 02:03:06,19,18.9,3.851,dongdaegu,2,2,True,target_available_at_arrival,available_count>0 at panel tick nearest as_of+tmap_eta,tmap_routes
CV001489,2026-07-22 22:05:13,2026-07-22 22:40:13,2026-07-22 22:40:21,35,35.4,10.18,dongdaegu,1,1,True,target_available_at_arrival,available_count>0 at panel tick nearest as_of+tmap_eta,tmap_routes
CV002155,2026-08-07 21:23:13,2026-08-07 22:13:13,2026-08-07 22:13:19,50,49.6,23.361,dongdaegu,2,2,True,target_available_at_arrival,available_count>0 at panel tick nearest as_of+tmap_eta,tmap_routes
CV004690,2026-08-01 11:20:39,2026-08-01 12:08:39,2026-08-01 12:10:44,48,47.5,12.082,dongdaegu,7,7,True,target_available_at_arrival,available_count>0 at panel tick nearest as_of+tmap_eta,tmap_routes
CV003129,2026-07-27 19:35:39,2026-07-27 20:08:39,2026-07-27 20:15:49,33,33.1,9.279,dongdaegu,1,1,True,target_available_at_arrival,available_count>0 at panel tick nearest as_of+tmap_eta,tmap_routes
PI000645,2026-07-26 03:37:13,2026-07-26 03:54:13,2026-07-26 03:57:14,17,17.3,3.85,dongdaegu,1,1,True,target_available_at_arrival,available_count>0 at panel tick nearest as_of+tmap_eta,tmap_routes
KP000237,2026-07-24 07:39:08,2026-07-24 08:03:08,2026-07-24 08:04:20,24,24.5,3.358,dongdaegu,3,3,True,target_available_at_arrival,available_count>0 at panel tick nearest as_of+tmap_eta,tmap_routes
CV002087,2026-08-08 09:27:37,2026-08-08 09:41:37,2026-08-08 09:47:38,14,14.4,1.77,dongdaegu,2,2,True,target_available_at_arrival,available_count>0 at panel tick nearest as_of+tmap_eta,tmap_routes
ME25C169,2026-08-03 00:31:55,2026-08-03 01:21:55,2026-08-03 01:21:57,50,49.9,16.4,dongdaegu,1,1,True,target_available_at_arrival,available_count>0 at panel tick nearest as_of+tmap_eta,tmap_routes
PI530277,2026-08-03 07:32:15,2026-08-03 08:09:15,2026-08-03 08:12:19,37,37.4,11.179,dongdaegu,6,6,True,target_available_at_arrival,available_count>0 at panel tick nearest as_of+tmap_eta,tmap_routes
ST272902,2026-08-05 16:11:57,2026-08-05 16:44:57,2026-08-05 16:51:59,33,32.9,11.66,dongdaegu,1,1,True,target_available_at_arrival,available_count>0 at panel tick nearest as_of+tmap_eta,tmap_routes
CV003482,2026-08-02 15:58:34,2026-08-02 16:24:34,2026-08-02 16:28:39,26,25.5,4.456,dongdaegu,4,4,True,target_available_at_arrival,available_count>0 at panel tick nearest as_of+tmap_eta,tmap_routes
CV003065,2026-08-08 07:47:29,2026-08-08 08:17:29,2026-08-08 08:17:32,30,29.5,12.376,dongdaegu,2,2,True,target_available_at_arrival,available_count>0 at panel tick nearest as_of+tmap_eta,tmap_routes
CV003081,2026-08-06 01:55:45,2026-08-06 02:12:45,2026-08-06 02:15:46,17,16.7,3.222,dongdaegu,1,1,True,target_available_at_arrival,available_count>0 at panel tick nearest as_of+tmap_eta,tmap_routes
EV012414,2026-08-03 05:22:07,2026-08-03 05:52:07,2026-08-03 05:52:10,30,29.9,6.418,dongdaegu,2,2,True,target_available_at_arrival,available_count>0 at panel tick nearest as_of+tmap_eta,tmap_routes
CI0F0001,2026-07-19 18:01:29,2026-07-19 18:24:29,2026-07-19 18:31:32,23,22.9,3.818,dongdaegu,1,1,True,target_available_at_arrival,available_count>0 at panel tick nearest as_of+tmap_eta,tmap_routes
EV005838,2026-07-30 04:53:36,2026-07-30 05:19:36,2026-07-30 05:23:42,26,25.7,7.322,dongdaegu,2,2,True,target_available_at_arrival,available_count>0 at panel tick nearest as_of+tmap_eta,tmap_routes
PW015051,2026-07-27 18:05:13,2026-07-27 18:20:13,2026-07-27 18:25:16,15,14.8,2.673,dongdaegu,3,3,True,target_available_at_arrival,available_count>0 at panel tick nearest as_of+tmap_eta,tmap_routes
EC270009,2026-07-29 09:17:56,2026-07-29 10:05:56,2026-07-29 10:08:03,48,48.2,12.61,dongdaegu,3,3,True,target_available_at_arrival,available_count>0 at panel tick nearest as_of+tmap_eta,tmap_routes
PIS00549,2026-08-04 01:56:47,2026-08-04 02:31:47,2026-08-04 02:36:50,35,34.7,10.454,dongdaegu,2,2,True,target_available_at_arrival,available_count>0 at panel tick nearest as_of+tmap_eta,tmap_routes
PI645107,2026-07-30 13:35:43,2026-07-30 14:12:43,2026-07-30 14:15:57,37,37.4,12.227,dongdaegu,3,3,True,target_available_at_arrival,available_count>0 at panel tick nearest as_of+tmap_eta,tmap_routes
PI740111,2026-07-27 21:06:03,2026-07-27 21:32:03,2026-07-27 21:36:07,26,25.9,5.527,dongdaegu,2,2,True,target_available_at_arrival,available_count>0 at panel tick nearest as_of+tmap_eta,tmap_routes
CV001906,2026-07-18 09:20:20,2026-07-18 09:50:20,2026-07-18 09:50:21,30,29.6,8.24,dongdaegu,1,1,True,target_available_at_arrival,available_count>0 at panel tick nearest as_of+tmap_eta,tmap_routes
ST277201,2026-08-07 00:21:15,2026-08-07 01:15:15,2026-08-07 01:21:17,54,53.7,43.013,dongdaegu,5,5,True,target_available_at_arrival,available_count>0 at panel tick nearest as_of+tmap_eta,tmap_routes
CV003535,2026-07-24 19:29:12,2026-07-24 19:49:12,2026-07-24 19:49:15,20,20.0,3.631,dongdaegu,4,4,True,target_available_at_arrival,available_count>0 at panel tick nearest as_of+tmap_eta,tmap_routes
ME21B262,2026-07-19 18:16:30,2026-07-19 19:09:30,2026-07-19 19:16:36,53,52.9,43.182,dongdaegu,2,2,True,target_available_at_arrival,available_count>0 at panel tick nearest as_of+tmap_eta,tmap_routes
ME25C172,2026-07-23 04:03:26,2026-07-23 04:19:26,2026-07-23 04:23:32,16,15.6,2.366,dongdaegu,1,1,True,target_available_at_arrival,available_count>0 at panel tick nearest as_of+tmap_eta,tmap_routes
KE000244,2026-08-05 12:51:43,2026-08-05 13:18:43,2026-08-05 13:21:45,27,26.6,7.893,dongdaegu,1,1,True,target_available_at_arrival,available_count>0 at panel tick nearest as_of+tmap_eta,tmap_routes
CV001967,2026-07-30 05:13:41,2026-07-30 05:32:41,2026-07-30 05:33:43,19,19.4,3.176,dongdaegu,2,2,True,target_available_at_arrival,available_count>0 at panel tick nearest as_of+tmap_eta,tmap_routes
EV007837,2026-08-02 14:28:22,2026-08-02 14:54:22,2026-08-02 14:58:26,26,25.9,3.73,dongdaegu,3,3,True,target_available_at_arrival,available_count>0 at panel tick nearest as_of+tmap_eta,tmap_routes
PI740172,2026-08-07 09:51:56,2026-08-07 09:59:56,2026-08-07 10:01:56,8,8.3,1.966,dongdaegu,2,2,True,target_available_at_arrival,available_count>0 at panel tick nearest as_of+tmap_eta,tmap_routes
PI770811,2026-07-29 10:08:03,2026-07-29 10:28:03,2026-07-29 10:28:05,20,19.5,3.036,dongdaegu,2,2,True,target_available_at_arrival,available_count>0 at panel tick nearest as_of+tmap_eta,tmap_routes
PW010211,2026-08-07 17:52:43,2026-08-07 19:06:43,2026-08-07 19:12:50,74,74.0,30.326,dongdaegu,2,2,True,target_available_at_arrival,available_count>0 at panel tick nearest as_of+tmap_eta,tmap_routes
PI740282,2026-07-26 17:39:17,2026-07-26 18:02:17,2026-07-26 18:09:22,23,23.3,6.255,dongdaegu,2,2,True,target_available_at_arrival,available_count>0 at panel tick nearest as_of+tmap_eta,tmap_routes
PC000603,2026-08-03 17:53:46,2026-08-03 18:21:46,2026-08-03 18:23:48,28,28.1,8.922,dongdaegu,1,0,False,target_available_at_arrival,available_count>0 at panel tick nearest as_of+tmap_eta,tmap_routes
ST601225,2026-07-27 13:54:27,2026-07-27 14:04:27,2026-07-27 14:04:28,10,9.8,1.871,dongdaegu,1,1,True,target_available_at_arrival,available_count>0 at panel tick nearest as_of+tmap_eta,tmap_routes
PC001338,2026-07-23 01:27:47,2026-07-23 01:47:47,2026-07-23 01:47:55,20,20.1,4.064,dongdaegu,2,2,True,target_available_at_arrival,available_count>0 at panel tick nearest as_of+tmap_eta,tmap_routes
CV003139,2026-08-04 09:37:11,2026-08-04 10:03:11,2026-08-04 10:07:14,26,26.4,8.714,dongdaegu,4,4,True,target_available_at_arrival,available_count>0 at panel tick nearest as_of+tmap_eta,tmap_routes
CV003066,2026-08-08 01:57:09,2026-08-08 02:37:09,2026-08-08 02:37:12,40,39.9,11.512,dongdaegu,1,1,True,target_available_at_arrival,available_count>0 at panel tick nearest as_of+tmap_eta,tmap_routes
SF002583,2026-08-04 00:56:42,2026-08-04 01:40:42,2026-08-04 01:46:46,44,44.5,9.471,dongdaegu,3,3,True,target_available_at_arrival,available_count>0 at panel tick nearest as_of+tmap_eta,tmap_routes
HM710014,2026-07-22 21:17:05,2026-07-22 21:54:05,2026-07-22 21:55:11,37,37.1,6.887,dongdaegu,1,1,True,target_available_at_arrival,available_count>0 at panel tick nearest as_of+tmap_eta,tmap_routes
ME22C1A2,2026-07-23 04:43:37,2026-07-23 05:22:37,2026-07-23 05:23:48,39,39.2,13.424,dongdaegu,1,1,True,target_available_at_arrival,available_count>0 at panel tick nearest as_of+tmap_eta,tmap_routes
ME20C182,2026-08-04 09:27:10,2026-08-04 09:56:10,2026-08-04 09:57:14,29,28.9,5.93,dongdaegu,1,1,True,target_available_at_arrival,available_count>0 at panel tick nearest as_of+tmap_eta,tmap_routes
CV003728,2026-08-05 10:21:30,2026-08-05 10:59:30,2026-08-05 11:01:34,38,38.5,12.942,dongdaegu,2,2,True,target_available_at_arrival,available_count>0 at panel tick nearest as_of+tmap_eta,tmap_routes
NT100890,2026-07-26 23:40:06,2026-07-27 00:38:06,2026-07-27 00:42:18,58,58.0,25.646,dongdaegu,2,2,True,target_available_at_arrival,available_count>0 at panel tick nearest as_of+tmap_eta,tmap_routes
CV000813,2026-07-30 00:53:00,2026-07-30 01:13:00,2026-07-30 01:13:02,20,20.0,2.739,dongdaegu,1,1,True,target_available_at_arrival,available_count>0 at panel tick nearest as_of+tmap_eta,tmap_routes
CV002690,2026-07-29 18:29:28,2026-07-29 19:23:28,2026-07-29 19:29:42,54,54.3,31.501,dongdaegu,5,5,True,target_available_at_arrival,available_count>0 at panel tick nearest as_of+tmap_eta,tmap_routes
PC000120,2026-08-06 12:06:18,2026-08-06 13:01:18,2026-08-06 13:06:21,55,55.0,24.945,dongdaegu,3,3,True,target_available_at_arrival,available_count>0 at panel tick nearest as_of+tmap_eta,tmap_routes
EV004924,2026-07-23 08:14:46,2026-07-23 09:01:46,2026-07-23 09:05:36,47,46.7,9.487,dongdaegu,1,1,True,target_available_at_arrival,available_count>0 at panel tick nearest as_of+tmap_eta,tmap_routes
SF002922,2026-08-08 08:17:32,2026-08-08 08:33:32,2026-08-08 08:37:33,16,15.8,2.058,dongdaegu,3,3,True,target_available_at_arrival,available_count>0 at panel tick nearest as_of+tmap_eta,tmap_routes
PL031519,2026-07-21 15:22:23,2026-07-21 15:49:23,2026-07-21 15:52:34,27,26.8,6.055,dongdaegu,1,1,True,target_available_at_arrival,available_count>0 at panel tick nearest as_of+tmap_eta,tmap_routes
CV002203,2026-07-31 22:56:10,2026-07-31 23:31:10,2026-07-31 23:36:15,35,35.2,13.714,dongdaegu,4,4,True,target_available_at_arrival,available_count>0 at panel tick nearest as_of+tmap_eta,tmap_routes
ME20C182,2026-07-25 08:53:43,2026-07-25 09:22:43,2026-07-25 09:23:56,29,28.9,5.93,dongdaegu,1,1,True,target_available_at_arrival,available_count>0 at panel tick nearest as_of+tmap_eta,tmap_routes
CV000562,2026-08-01 17:32:02,2026-08-01 17:46:02,2026-08-01 17:52:05,14,14.0,1.777,dongdaegu,2,2,True,target_available_at_arrival,available_count>0 at panel tick nearest as_of+tmap_eta,tmap_routes
CV003535,2026-08-02 09:27:25,2026-08-02 09:47:25,2026-08-02 09:47:28,20,20.0,3.631,dongdaegu,5,5,True,target_available_at_arrival,available_count>0 at panel tick nearest as_of+tmap_eta,tmap_routes
CV003076,2026-08-06 17:46:45,2026-08-06 18:14:45,2026-08-06 18:16:47,28,27.8,6.202,dongdaegu,1,1,True,target_available_at_arrival,available_count>0 at panel tick nearest as_of+tmap_eta,tmap_routes
PI700593,2026-07-29 21:10:04,2026-07-29 21:30:04,2026-07-29 21:30:06,20,20.1,4.863,dongdaegu,1,1,True,target_available_at_arrival,available_count>0 at panel tick nearest as_of+tmap_eta,tmap_routes
LU002360,2026-07-31 03:41:13,2026-07-31 04:18:13,2026-07-31 04:21:19,37,37.4,13.555,dongdaegu,2,2,True,target_available_at_arrival,available_count>0 at panel tick nearest as_of+tmap_eta,tmap_routes
BNBN0584,2026-08-04 03:16:51,2026-08-04 03:42:51,2026-08-04 03:46:52,26,26.1,5.553,dongdaegu,4,4,True,target_available_at_arrival,available_count>0 at panel tick nearest as_of+tmap_eta,tmap_routes
BNBN0586,2026-07-23 03:08:12,2026-07-23 03:46:12,2026-07-23 03:48:21,38,38.5,10.312,dongdaegu,2,2,True,target_available_at_arrival,available_count>0 at panel tick nearest as_of+tmap_eta,tmap_routes
ME22D1C0,2026-07-26 04:17:17,2026-07-26 04:42:17,2026-07-26 04:47:20,25,24.9,8.86,dongdaegu,1,1,True,target_available_at_arrival,available_count>0 at panel tick nearest as_of+tmap_eta,tmap_routes
EV004924,2026-07-29 11:28:14,2026-07-29 12:15:14,2026-07-29 12:18:25,47,46.7,9.487,dongdaegu,2,2,True,target_available_at_arrival,available_count>0 at panel tick nearest as_of+tmap_eta,tmap_routes
KP005873,2026-07-24 13:27:52,2026-07-24 13:52:52,2026-07-24 13:58:01,25,24.6,5.454,dongdaegu,1,1,True,target_available_at_arrival,available_count>0 at panel tick nearest as_of+tmap_eta,tmap_routes
CV000544,2026-08-07 05:21:28,2026-08-07 05:39:28,2026-08-07 05:41:31,18,17.6,3.938,dongdaegu,1,1,True,target_available_at_arrival,available_count>0 at panel tick nearest as_of+tmap_eta,tmap_routes
CV003040,2026-07-24 11:07:28,2026-07-24 11:32:28,2026-07-24 11:37:35,25,24.9,7.898,dongdaegu,1,2,True,target_available_at_arrival,available_count>0 at panel tick nearest as_of+tmap_eta,tmap_routes
PI700651,2026-08-03 09:52:30,2026-08-03 10:09:30,2026-08-03 10:12:31,17,17.4,3.421,dongdaegu,1,2,True,target_available_at_arrival,available_count>0 at panel tick nearest as_of+tmap_eta,tmap_routes
ME25C170,2026-07-25 08:19:07,2026-07-25 08:48:07,2026-07-25 08:53:43,29,28.6,8.088,dongdaegu,1,1,True,target_available_at_arrival,available_count>0 at panel tick nearest as_of+tmap_eta,tmap_routes
PI740284,2026-07-27 11:53:56,2026-07-27 12:16:56,2026-07-27 12:23:59,23,23.2,6.235,dongdaegu,1,1,True,target_available_at_arrival,available_count>0 at panel tick nearest as_of+tmap_eta,tmap_routes
PW012390,2026-08-08 10:17:42,2026-08-08 10:43:42,2026-08-08 10:47:44,26,26.0,8.161,dongdaegu,1,1,True,target_available_at_arrival,available_count>0 at panel tick nearest as_of+tmap_eta,tmap_routes
CV001891,2026-08-02 03:56:34,2026-08-02 04:36:34,2026-08-02 04:36:39,40,39.5,13.333,dongdaegu,5,5,True,target_available_at_arrival,available_count>0 at panel tick nearest as_of+tmap_eta,tmap_routes
DC530016,2026-08-05 02:21:03,2026-08-05 03:07:03,2026-08-05 03:11:04,46,46.0,9.407,dongdaegu,1,1,True,target_available_at_arrival,available_count>0 at panel tick nearest as_of+tmap_eta,tmap_routes
PI740456,2026-08-04 08:37:07,2026-08-04 08:54:07,2026-08-04 08:57:08,17,16.9,4.588,dongdaegu,1,1,True,target_available_at_arrival,available_count>0 at panel tick nearest as_of+tmap_eta,tmap_routes
ME184070,2026-07-27 01:52:24,2026-07-27 02:17:24,2026-07-27 02:22:26,25,25.3,8.197,dongdaegu,1,1,True,target_available_at_arrival,available_count>0 at panel tick nearest as_of+tmap_eta,tmap_routes
ST600663,2026-07-23 10:36:17,2026-07-23 11:12:17,2026-07-23 11:16:43,36,35.8,17.637,dongdaegu,2,2,True,target_available_at_arrival,available_count>0 at panel tick nearest as_of+tmap_eta,tmap_routes
CV003457,2026-08-03 06:52:13,2026-08-03 07:20:13,2026-08-03 07:22:14,28,27.5,4.998,dongdaegu,1,1,True,target_available_at_arrival,available_count>0 at panel tick nearest as_of+tmap_eta,tmap_routes
CV003093,2026-08-04 17:57:45,2026-08-04 18:35:45,2026-08-04 18:37:48,38,37.6,9.123,dongdaegu,1,1,True,target_available_at_arrival,available_count>0 at panel tick nearest as_of+tmap_eta,tmap_routes
CV001464,2026-07-24 06:18:37,2026-07-24 06:44:37,2026-07-24 06:48:50,26,26.3,7.512,dongdaegu,2,2,True,target_available_at_arrival,available_count>0 at panel tick nearest as_of+tmap_eta,tmap_routes
CV000103,2026-08-05 21:32:25,2026-08-05 22:00:25,2026-08-05 22:02:27,28,28.4,9.288,dongdaegu,1,1,True,target_available_at_arrival,available_count>0 at panel tick nearest as_of+tmap_eta,tmap_routes
CV003129,2026-07-27 12:23:59,2026-07-27 12:56:59,2026-07-27 13:04:13,33,33.1,9.279,dongdaegu,1,1,True,target_available_at_arrival,available_count>0 at panel tick nearest as_of+tmap_eta,tmap_routes
BNBN0494,2026-08-05 03:51:06,2026-08-05 04:51:06,2026-08-05 04:51:08,60,60.3,26.273,dongdaegu,3,3,True,target_available_at_arrival,available_count>0 at panel tick nearest as_of+tmap_eta,tmap_routes
HY000979,2026-07-23 08:34:55,2026-07-23 08:48:55,2026-07-23 08:50:19,14,14.0,2.863,dongdaegu,1,1,True,target_available_at_arrival,available_count>0 at panel tick nearest as_of+tmap_eta,tmap_routes
PI750081,2026-07-30 13:25:42,2026-07-30 14:08:42,2026-07-30 14:15:57,43,43.2,12.902,dongdaegu,2,2,True,target_available_at_arrival,available_count>0 at panel tick nearest as_of+tmap_eta,tmap_routes
PI740400,2026-07-23 14:53:09,2026-07-23 15:06:09,2026-07-23 15:08:22,13,12.7,3.813,dongdaegu,1,1,True,target_available_at_arrival,available_count>0 at panel tick nearest as_of+tmap_eta,tmap_routes
PC001315,2026-07-30 19:17:33,2026-07-30 19:42:33,2026-07-30 19:47:37,25,24.6,5.255,dongdaegu,1,1,True,target_available_at_arrival,available_count>0 at panel tick nearest as_of+tmap_eta,tmap_routes
CV002940,2026-08-03 07:12:14,2026-08-03 07:57:14,2026-08-03 08:02:19,45,44.8,18.996,dongdaegu,2,3,True,target_available_at_arrival,available_count>0 at panel tick nearest as_of+tmap_eta,tmap_routes
CV003571,2026-07-24 07:59:18,2026-07-24 08:16:18,2026-07-24 08:16:52,17,17.4,2.6,dongdaegu,2,2,True,target_available_at_arrival,available_count>0 at panel tick nearest as_of+tmap_eta,tmap_routes
CV001906,2026-07-24 05:53:24,2026-07-24 06:23:24,2026-07-24 06:23:41,30,29.6,8.24,dongdaegu,1,1,True,target_available_at_arrival,available_count>0 at panel tick nearest as_of+tmap_eta,tmap_routes
CV003181,2026-07-29 22:30:17,2026-07-29 22:54:17,2026-07-29 23:00:20,24,24.5,5.641,dongdaegu,1,1,True,target_available_at_arrival,available_count>0 at panel tick nearest as_of+tmap_eta,tmap_routes
KP002190,2026-08-07 15:22:28,2026-08-07 15:38:28,2026-08-07 15:42:31,16,15.8,3.532,dongdaegu,1,1,True,target_available_at_arrival,available_count>0 at panel tick nearest as_of+tmap_eta,tmap_routes
NT100893,2026-08-05 22:32:29,2026-08-05 23:00:29,2026-08-05 23:02:30,28,28.2,9.352,dongdaegu,3,3,True,target_available_at_arrival,available_count>0 at panel tick nearest as_of+tmap_eta,tmap_routes
KP002182,2026-08-02 05:06:43,2026-08-02 05:21:43,2026-08-02 05:26:45,15,15.0,2.363,dongdaegu,4,4,True,target_available_at_arrival,available_count>0 at panel tick nearest as_of+tmap_eta,tmap_routes
IN053043,2026-08-06 22:57:17,2026-08-06 23:23:17,2026-08-06 23:27:19,26,26.2,7.385,dongdaegu,3,3,True,target_available_at_arrival,available_count>0 at panel tick nearest as_of+tmap_eta,tmap_routes
CV002115,2026-07-24 06:23:41,2026-07-24 06:53:41,2026-07-24 06:53:52,30,29.8,9.615,dongdaegu,1,2,True,target_available_at_arrival,available_count>0 at panel tick nearest as_of+tmap_eta,tmap_routes
HE001131,2026-08-04 20:27:55,2026-08-04 20:46:55,2026-08-04 20:47:56,19,18.6,3.1,dongdaegu,8,8,True,target_available_at_arrival,available_count>0 at panel tick nearest as_of+tmap_eta,tmap_routes
CV002620,2026-08-08 13:27:54,2026-08-08 14:01:54,2026-08-08 14:07:59,34,34.0,8.562,dongdaegu,1,1,True,target_available_at_arrival,available_count>0 at panel tick nearest as_of+tmap_eta,tmap_routes
PI740088,2026-07-27 16:24:55,2026-07-27 16:50:55,2026-07-27 16:55:02,26,26.5,9.147,dongdaegu,2,1,True,target_available_at_arrival,available_count>0 at panel tick nearest as_of+tmap_eta,tmap_routes
CV003159,2026-07-31 08:12:11,2026-07-31 08:47:11,2026-07-31 08:52:24,35,34.7,13.603,dongdaegu,1,1,True,target_available_at_arrival,available_count>0 at panel tick nearest as_of+tmap_eta,tmap_routes
EV002287,2026-08-07 21:53:16,2026-08-07 22:29:16,2026-08-07 22:33:21,36,36.3,7.344,dongdaegu,2,2,True,target_available_at_arrival,available_count>0 at panel tick nearest as_of+tmap_eta,tmap_routes
EV003858,2026-08-01 13:51:17,2026-08-01 14:01:17,2026-08-01 14:01:18,10,10.2,1.868,dongdaegu,1,1,True,target_available_at_arrival,available_count>0 at panel tick nearest as_of+tmap_eta,tmap_routes
EV012380,2026-08-01 21:02:40,2026-08-01 21:29:40,2026-08-01 21:32:46,27,26.9,8.446,dongdaegu,2,2,True,target_available_at_arrival,available_count>0 at panel tick nearest as_of+tmap_eta,tmap_routes
PIS00565,2026-07-30 11:05:01,2026-07-30 11:29:01,2026-07-30 11:35:14,24,24.1,9.01,dongdaegu,7,8,True,target_available_at_arrival,available_count>0 at panel tick nearest as_of+tmap_eta,tmap_routes
EV006227,2026-08-08 22:48:45,2026-08-08 23:26:45,2026-08-08 23:28:49,38,37.6,13.391,dongdaegu,1,1,True,target_available_at_arrival,available_count>0 at panel tick nearest as_of+tmap_eta,tmap_routes
CV002203,2026-07-26 03:37:13,2026-07-26 04:12:13,2026-07-26 04:17:17,35,35.2,13.714,dongdaegu,3,3,True,target_available_at_arrival,available_count>0 at panel tick nearest as_of+tmap_eta,tmap_routes
CV000985,2026-07-30 15:46:40,2026-07-30 16:31:40,2026-07-30 16:36:46,45,44.6,13.107,dongdaegu,1,3,True,target_available_at_arrival,available_count>0 at panel tick nearest as_of+tmap_eta,tmap_routes
DC530024,2026-08-01 17:32:02,2026-08-01 17:51:02,2026-08-01 17:52:05,19,18.9,3.851,dongdaegu,3,3,True,target_available_at_arrival,available_count>0 at panel tick nearest as_of+tmap_eta,tmap_routes
PW014349,2026-08-07 03:11:21,2026-08-07 03:28:21,2026-08-07 03:31:22,17,16.6,2.081,dongdaegu,3,3,True,target_available_at_arrival,available_count>0 at panel tick nearest as_of+tmap_eta,tmap_routes
PC001255,2026-08-06 06:25:55,2026-08-06 06:45:55,2026-08-06 06:45:56,20,20.3,3.165,dongdaegu,1,1,True,target_available_at_arrival,available_count>0 at panel tick nearest as_of+tmap_eta,tmap_routes
CV003568,2026-07-28 21:53:32,2026-07-28 22:18:32,2026-07-28 22:23:39,25,25.1,6.14,dongdaegu,1,1,True,target_available_at_arrival,available_count>0 at panel tick nearest as_of+tmap_eta,tmap_routes
SF000844,2026-07-26 08:07:55,2026-07-26 08:44:55,2026-07-26 08:48:03,37,36.6,12.527,dongdaegu,3,3,True,target_available_at_arrival,available_count>0 at panel tick nearest as_of+tmap_eta,tmap_routes
CV002914,2026-07-28 17:02:21,2026-07-28 17:26:21,2026-07-28 17:32:33,24,24.4,8.623,dongdaegu,1,1,True,target_available_at_arrival,available_count>0 at panel tick nearest as_of+tmap_eta,tmap_routes
CV003146,2026-08-07 08:21:44,2026-08-07 09:06:44,2026-08-07 09:11:51,45,44.9,22.12,dongdaegu,1,1,True,target_available_at_arrival,available_count>0 at panel tick nearest as_of+tmap_eta,tmap_routes
PI740264,2026-08-07 14:32:17,2026-08-07 15:16:17,2026-08-07 15:22:28,44,43.5,15.169,dongdaegu,1,1,True,target_available_at_arrival,available_count>0 at panel tick nearest as_of+tmap_eta,tmap_routes
HM710062,2026-07-27 22:36:14,2026-07-27 22:56:14,2026-07-27 22:56:16,20,20.1,2.189,dongdaegu,1,1,True,target_available_at_arrival,available_count>0 at panel tick nearest as_of+tmap_eta,tmap_routes
ST271110,2026-07-31 02:20:55,2026-07-31 02:35:55,2026-07-31 02:40:57,15,14.9,3.321,dongdaegu,2,2,True,target_available_at_arrival,available_count>0 at panel tick nearest as_of+tmap_eta,tmap_routes
CV000814,2026-08-01 21:02:40,2026-08-01 21:32:40,2026-08-01 21:32:46,30,29.9,6.292,dongdaegu,1,1,True,target_available_at_arrival,available_count>0 at panel tick nearest as_of+tmap_eta,tmap_routes
NT100595,2026-08-05 06:01:10,2026-08-05 06:30:10,2026-08-05 06:31:12,29,29.3,9.579,dongdaegu,2,2,True,target_available_at_arrival,available_count>0 at panel tick nearest as_of+tmap_eta,tmap_routes
PIH00153,2026-08-03 15:42:51,2026-08-03 16:18:51,2026-08-03 16:22:57,36,35.6,10.821,dongdaegu,13,13,True,target_available_at_arrival,available_count>0 at panel tick nearest as_of+tmap_eta,tmap_routes
ME19E161,2026-07-27 01:22:21,2026-07-27 01:41:21,2026-07-27 01:42:23,19,18.7,1.98,dongdaegu,1,1,True,target_available_at_arrival,available_count>0 at panel tick nearest as_of+tmap_eta,tmap_routes
ST272607,2026-08-07 21:43:16,2026-08-07 22:02:16,2026-08-07 22:03:19,19,19.4,4.399,dongdaegu,1,1,True,target_available_at_arrival,available_count>0 at panel tick nearest as_of+tmap_eta,tmap_routes
CV001706,2026-07-29 10:58:09,2026-07-29 11:53:09,2026-07-29 11:58:22,55,54.8,26.617,dongdaegu,2,2,True,target_available_at_arrival,available_count>0 at panel tick nearest as_of+tmap_eta,tmap_routes
EV013999,2026-08-01 03:29:17,2026-08-01 03:59:17,2026-08-01 03:59:20,30,30.4,9.549,dongdaegu,1,1,True,target_available_at_arrival,available_count>0 at panel tick nearest as_of+tmap_eta,tmap_routes
PI530303,2026-07-24 05:23:17,2026-07-24 05:49:17,2026-07-24 05:53:24,26,25.5,6.41,dongdaegu,5,5,True,target_available_at_arrival,available_count>0 at panel tick nearest as_of+tmap_eta,tmap_routes
EV007656,2026-08-04 11:27:23,2026-08-04 11:56:23,2026-08-04 11:57:24,29,29.4,8.407,dongdaegu,1,1,True,target_available_at_arrival,available_count>0 at panel tick nearest as_of+tmap_eta,tmap_routes
NX000020,2026-07-31 03:41:13,2026-07-31 04:19:13,2026-07-31 04:21:19,38,38.5,10.142,dongdaegu,1,1,True,target_available_at_arrival,available_count>0 at panel tick nearest as_of+tmap_eta,tmap_routes
AZ100021,2026-07-25 11:34:28,2026-07-25 12:04:28,2026-07-25 12:04:33,30,29.5,8.226,dongdaegu,1,0,False,target_available_at_arrival,available_count>0 at panel tick nearest as_of+tmap_eta,tmap_routes
CV001973,2026-08-02 02:46:25,2026-08-02 02:54:25,2026-08-02 02:56:26,8,8.0,1.02,dongdaegu,2,1,True,target_available_at_arrival,available_count>0 at panel tick nearest as_of+tmap_eta,tmap_routes
EV006219,2026-07-23 08:45:08,2026-07-23 09:23:08,2026-07-23 09:25:42,38,37.6,13.391,dongdaegu,1,1,True,target_available_at_arrival,available_count>0 at panel tick nearest as_of+tmap_eta,tmap_routes
KP000230,2026-07-30 09:04:27,2026-07-30 09:18:27,2026-07-30 09:24:36,14,13.8,2.881,dongdaegu,2,2,True,target_available_at_arrival,available_count>0 at panel tick nearest as_of+tmap_eta,tmap_routes
TS271407,2026-08-01 04:19:22,2026-08-01 04:29:22,2026-08-01 04:29:22,10,10.3,1.646,dongdaegu,3,3,True,target_available_at_arrival,available_count>0 at panel tick nearest as_of+tmap_eta,tmap_routes
SF000584,2026-08-07 12:32:08,2026-08-07 13:02:08,2026-08-07 13:02:12,30,30.2,10.541,dongdaegu,7,7,True,target_available_at_arrival,available_count>0 at panel tick nearest as_of+tmap_eta,tmap_routes
ST601236,2026-08-03 15:42:51,2026-08-03 16:15:51,2026-08-03 16:22:57,33,32.8,10.492,dongdaegu,1,1,True,target_available_at_arrival,available_count>0 at panel tick nearest as_of+tmap_eta,tmap_routes
EV003741,2026-07-22 11:09:40,2026-07-22 11:39:40,2026-07-22 11:39:44,30,29.6,8.772,dongdaegu,2,2,True,target_available_at_arrival,available_count>0 at panel tick nearest as_of+tmap_eta,tmap_routes
PI752996,2026-07-30 08:54:25,2026-07-30 09:14:25,2026-07-30 09:14:34,20,19.7,3.143,dongdaegu,1,1,True,target_available_at_arrival,available_count>0 at panel tick nearest as_of+tmap_eta,tmap_routes
KP000240,2026-08-04 05:46:57,2026-08-04 06:40:57,2026-08-04 06:46:59,54,53.8,25.79,dongdaegu,2,2,True,target_available_at_arrival,available_count>0 at panel tick nearest as_of+tmap_eta,tmap_routes
CV001580,2026-08-01 01:39:06,2026-08-01 01:59:06,2026-08-01 01:59:08,20,19.6,3.217,dongdaegu,2,2,True,target_available_at_arrival,available_count>0 at panel tick nearest as_of+tmap_eta,tmap_routes
BNBN1092,2026-07-30 10:04:44,2026-07-30 10:59:44,2026-07-30 11:05:01,55,55.2,26.589,dongdaegu,8,8,True,target_available_at_arrival,available_count>0 at panel tick nearest as_of+tmap_eta,tmap_routes
ST601337,2026-08-05 15:01:53,2026-08-05 15:20:53,2026-08-05 15:21:54,19,18.7,4.492,dongdaegu,6,7,True,target_available_at_arrival,available_count>0 at panel tick nearest as_of+tmap_eta,tmap_routes
LU001682,2026-08-04 23:28:08,2026-08-04 23:51:08,2026-08-04 23:58:09,23,22.7,6.713,dongdaegu,2,2,True,target_available_at_arrival,available_count>0 at panel tick nearest as_of+tmap_eta,tmap_routes
CV001544,2026-07-30 03:33:21,2026-07-30 04:01:21,2026-07-30 04:03:30,28,27.6,7.249,dongdaegu,2,2,True,target_available_at_arrival,available_count>0 at panel tick nearest as_of+tmap_eta,tmap_routes
CV002973,2026-08-01 19:02:18,2026-08-01 19:46:18,2026-08-01 19:52:26,44,44.3,17.838,dongdaegu,5,6,True,target_available_at_arrival,available_count>0 at panel tick nearest as_of+tmap_eta,tmap_routes
KP002187,2026-07-31 11:52:46,2026-07-31 12:02:46,2026-07-31 12:02:47,10,9.7,1.643,dongdaegu,1,1,True,target_available_at_arrival,available_count>0 at panel tick nearest as_of+tmap_eta,tmap_routes
NT100595,2026-08-05 05:31:09,2026-08-05 06:00:09,2026-08-05 06:01:10,29,29.3,9.579,dongdaegu,2,2,True,target_available_at_arrival,available_count>0 at panel tick nearest as_of+tmap_eta,tmap_routes
CV001895,2026-07-30 03:43:21,2026-07-30 03:59:21,2026-07-30 04:03:30,16,15.8,3.244,dongdaegu,2,1,True,target_available_at_arrival,available_count>0 at panel tick nearest as_of+tmap_eta,tmap_routes
ST601140,2026-07-30 23:38:12,2026-07-31 00:15:12,2026-07-31 00:20:43,37,37.3,12.538,dongdaegu,1,1,True,target_available_at_arrival,available_count>0 at panel tick nearest as_of+tmap_eta,tmap_routes
PI750001,2026-07-23 10:16:07,2026-07-23 10:28:07,2026-07-23 10:31:10,12,12.3,2.879,dongdaegu,4,3,True,target_available_at_arrival,available_count>0 at panel tick nearest as_of+tmap_eta,tmap_routes
CV004326,2026-08-05 04:21:07,2026-08-05 05:08:07,2026-08-05 05:11:09,47,47.1,21.479,dongdaegu,2,2,True,target_available_at_arrival,available_count>0 at panel tick nearest as_of+tmap_eta,tmap_routes
PC001131,2026-07-28 18:43:00,2026-07-28 18:58:00,2026-07-28 19:03:03,15,15.4,3.325,dongdaegu,1,1,True,target_available_at_arrival,available_count>0 at panel tick nearest as_of+tmap_eta,tmap_routes
CV001525,2026-08-06 10:36:13,2026-08-06 11:30:13,2026-08-06 11:36:17,54,54.1,26.814,dongdaegu,2,2,True,target_available_at_arrival,available_count>0 at panel tick nearest as_of+tmap_eta,tmap_routes
PIS00555,2026-07-31 17:25:02,2026-07-31 17:43:02,2026-07-31 17:45:05,18,17.9,1.225,dongdaegu,3,3,True,target_available_at_arrival,available_count>0 at panel tick nearest as_of+tmap_eta,tmap_routes
EV012413,2026-08-08 12:47:52,2026-08-08 13:17:52,2026-08-08 13:17:54,30,29.9,6.418,dongdaegu,7,6,True,target_available_at_arrival,available_count>0 at panel tick nearest as_of+tmap_eta,tmap_routes
CV002085,2026-08-05 19:12:11,2026-08-05 19:48:11,2026-08-05 19:52:19,36,36.3,12.606,dongdaegu,4,4,True,target_available_at_arrival,available_count>0 at panel tick nearest as_of+tmap_eta,tmap_routes
KE000360,2026-08-08 05:37:23,2026-08-08 06:23:23,2026-08-08 06:27:25,46,46.5,15.594,dongdaegu,1,1,True,target_available_at_arrival,available_count>0 at panel tick nearest as_of+tmap_eta,tmap_routes
NX000024,2026-07-31 14:23:09,2026-07-31 14:42:09,2026-07-31 14:43:11,19,19.2,5.643,dongdaegu,5,5,True,target_available_at_arrival,available_count>0 at panel tick nearest as_of+tmap_eta,tmap_routes
CV001076,2026-08-03 23:14:07,2026-08-03 23:53:07,2026-08-03 23:54:09,39,38.6,12.457,dongdaegu,2,2,True,target_available_at_arrival,available_count>0 at panel tick nearest as_of+tmap_eta,tmap_routes
CV003258,2026-08-07 18:22:45,2026-08-07 19:16:45,2026-08-07 19:22:51,54,53.9,40.599,dongdaegu,3,6,True,target_available_at_arrival,available_count>0 at panel tick nearest as_of+tmap_eta,tmap_routes
CV003728,2026-07-30 10:24:52,2026-07-30 11:02:52,2026-07-30 11:05:01,38,38.5,12.942,dongdaegu,2,2,True,target_available_at_arrival,available_count>0 at panel tick nearest as_of+tmap_eta,tmap_routes
PW015041,2026-08-07 05:01:27,2026-08-07 05:29:27,2026-08-07 05:31:29,28,27.8,5.95,dongdaegu,4,4,True,target_available_at_arrival,available_count>0 at panel tick nearest as_of+tmap_eta,tmap_routes
CV000513,2026-07-29 07:27:19,2026-07-29 07:50:19,2026-07-29 07:57:27,23,22.8,3.906,dongdaegu,1,1,True,target_available_at_arrival,available_count>0 at panel tick nearest as_of+tmap_eta,tmap_routes
CV000599,2026-07-29 19:39:43,2026-07-29 20:04:43,2026-07-29 20:09:52,25,25.4,7.913,dongdaegu,2,2,True,target_available_at_arrival,available_count>0 at panel tick nearest as_of+tmap_eta,tmap_routes
CV002690,2026-07-24 05:38:20,2026-07-24 06:32:20,2026-07-24 06:33:43,54,54.3,31.501,dongdaegu,1,1,True,target_available_at_arrival,available_count>0 at panel tick nearest as_of+tmap_eta,tmap_routes
KP004805,2026-08-04 16:57:42,2026-08-04 17:14:42,2026-08-04 17:17:43,17,17.0,3.654,dongdaegu,2,2,True,target_available_at_arrival,available_count>0 at panel tick nearest as_of+tmap_eta,tmap_routes
PC000548,2026-07-23 00:07:26,2026-07-23 00:17:26,2026-07-23 00:17:33,10,10.1,1.643,dongdaegu,3,3,True,target_available_at_arrival,available_count>0 at panel tick nearest as_of+tmap_eta,tmap_routes
EV005710,2026-08-01 13:11:02,2026-08-01 13:46:02,2026-08-01 13:51:17,35,34.8,9.721,dongdaegu,3,3,True,target_available_at_arrival,available_count>0 at panel tick nearest as_of+tmap_eta,tmap_routes
SF003055,2026-08-07 02:31:20,2026-08-07 02:45:20,2026-08-07 02:51:21,14,14.1,3.101,dongdaegu,2,2,True,target_available_at_arrival,available_count>0 at panel tick nearest as_of+tmap_eta,tmap_routes
CV000657,2026-07-27 07:23:12,2026-07-27 07:43:12,2026-07-27 07:43:19,20,19.6,3.582,dongdaegu,1,1,True,target_available_at_arrival,available_count>0 at panel tick nearest as_of+tmap_eta,tmap_routes
EV005230,2026-08-07 01:01:17,2026-08-07 01:19:17,2026-08-07 01:21:17,18,17.8,3.927,dongdaegu,2,2,True,target_available_at_arrival,available_count>0 at panel tick nearest as_of+tmap_eta,tmap_routes
CV002914,2026-07-24 14:48:14,2026-07-24 15:12:14,2026-07-24 15:18:18,24,24.4,8.623,dongdaegu,1,0,False,target_available_at_arrival,available_count>0 at panel tick nearest as_of+tmap_eta,tmap_routes
HW000648,2026-08-06 20:37:02,2026-08-06 21:05:02,2026-08-06 21:07:07,28,27.5,9.134,dongdaegu,1,1,True,target_available_at_arrival,available_count>0 at panel tick nearest as_of+tmap_eta,tmap_routes
EV005268,2026-08-05 10:11:30,2026-08-05 10:41:30,2026-08-05 10:41:33,30,29.6,10.5,dongdaegu,3,3,True,target_available_at_arrival,available_count>0 at panel tick nearest as_of+tmap_eta,tmap_routes
CV003137,2026-08-02 22:59:31,2026-08-02 23:59:31,2026-08-02 23:59:33,60,60.1,26.029,dongdaegu,4,4,True,target_available_at_arrival,available_count>0 at panel tick nearest as_of+tmap_eta,tmap_routes
ME21B262,2026-07-23 03:53:22,2026-07-23 04:46:22,2026-07-23 04:48:38,53,52.9,43.182,dongdaegu,2,2,True,target_available_at_arrival,available_count>0 at panel tick nearest as_of+tmap_eta,tmap_routes
CV001634,2026-08-01 20:12:32,2026-08-01 20:47:32,2026-08-01 20:52:38,35,35.1,9.858,dongdaegu,1,1,True,target_available_at_arrival,available_count>0 at panel tick nearest as_of+tmap_eta,tmap_routes
ME25C427,2026-07-26 13:08:40,2026-07-26 13:25:40,2026-07-26 13:28:43,17,16.9,2.432,dongdaegu,4,4,True,target_available_at_arrival,available_count>0 at panel tick nearest as_of+tmap_eta,tmap_routes
PI306150,2026-07-27 16:55:02,2026-07-27 17:18:02,2026-07-27 17:25:06,23,22.7,6.636,dongdaegu,1,1,True,target_available_at_arrival,available_count>0 at panel tick nearest as_of+tmap_eta,tmap_routes
CV004699,2026-08-06 02:25:46,2026-08-06 02:41:46,2026-08-06 02:45:47,16,15.8,4.103,dongdaegu,6,6,True,target_available_at_arrival,available_count>0 at panel tick nearest as_of+tmap_eta,tmap_routes
PI000126,2026-08-07 14:12:16,2026-08-07 14:49:16,2026-08-07 14:52:18,37,36.9,10.677,dongdaegu,2,2,True,target_available_at_arrival,available_count>0 at panel tick nearest as_of+tmap_eta,tmap_routes
CV003150,2026-07-28 10:29:53,2026-07-28 10:57:53,2026-07-28 10:59:56,28,28.1,8.577,dongdaegu,1,0,False,target_available_at_arrival,available_count>0 at panel tick nearest as_of+tmap_eta,tmap_routes
PI540129,2026-08-07 02:31:20,2026-08-07 03:29:20,2026-08-07 03:31:22,58,57.6,25.116,dongdaegu,2,2,True,target_available_at_arrival,available_count>0 at panel tick nearest as_of+tmap_eta,tmap_routes
CV000896,2026-07-27 15:54:52,2026-07-27 16:38:52,2026-07-27 16:45:00,44,43.9,9.703,dongdaegu,19,19,True,target_available_at_arrival,available_count>0 at panel tick nearest as_of+tmap_eta,tmap_routes
PI530282,2026-07-25 19:44:24,2026-07-25 20:10:24,2026-07-25 20:14:28,26,25.9,4.171,dongdaegu,1,1,True,target_available_at_arrival,available_count>0 at panel tick nearest as_of+tmap_eta,tmap_routes
PIS00550,2026-07-30 23:48:13,2026-07-30 23:54:13,2026-07-30 23:58:14,6,6.3,0.388,dongdaegu,29,29,True,target_available_at_arrival,available_count>0 at panel tick nearest as_of+tmap_eta,tmap_routes
ME19X413,2026-07-30 22:08:00,2026-07-30 22:42:00,2026-07-30 22:48:07,34,34.4,11.991,dongdaegu,4,4,True,target_available_at_arrival,available_count>0 at panel tick nearest as_of+tmap_eta,tmap_routes
CV001493,2026-08-06 00:55:43,2026-08-06 01:29:43,2026-08-06 01:35:44,34,33.5,10.19,dongdaegu,3,3,True,target_available_at_arrival,available_count>0 at panel tick nearest as_of+tmap_eta,tmap_routes
EO000079,2026-08-05 00:40:58,2026-08-05 00:57:58,2026-08-05 01:00:59,17,17.4,3.431,dongdaegu,1,2,True,target_available_at_arrival,available_count>0 at panel tick nearest as_of+tmap_eta,tmap_routes
PI740289,2026-07-28 08:49:35,2026-07-28 09:07:35,2026-07-28 09:09:38,18,18.3,2.75,dongdaegu,2,2,True,target_available_at_arrival,available_count>0 at panel tick nearest as_of+tmap_eta,tmap_routes
CV000896,2026-07-30 07:04:03,2026-07-30 07:48:03,2026-07-30 07:54:16,44,43.9,9.703,dongdaegu,17,17,True,target_available_at_arrival,available_count>0 at panel tick nearest as_of+tmap_eta,tmap_routes
CV001895,2026-07-28 06:59:06,2026-07-28 07:15:06,2026-07-28 07:19:09,16,15.8,3.244,dongdaegu,1,2,True,target_available_at_arrival,available_count>0 at panel tick nearest as_of+tmap_eta,tmap_routes
ME184067,2026-07-22 12:39:51,2026-07-22 12:54:51,2026-07-22 12:59:55,15,15.3,2.615,dongdaegu,1,1,True,target_available_at_arrival,available_count>0 at panel tick nearest as_of+tmap_eta,tmap_routes
PC000206,2026-07-29 10:28:05,2026-07-29 11:05:05,2026-07-29 11:08:11,37,37.4,11.796,dongdaegu,1,1,True,target_available_at_arrival,available_count>0 at panel tick nearest as_of+tmap_eta,tmap_routes
CV002237,2026-07-22 16:50:42,2026-07-22 17:19:42,2026-07-22 17:21:05,29,29.3,9.265,dongdaegu,1,1,True,target_available_at_arrival,available_count>0 at panel tick nearest as_of+tmap_eta,tmap_routes
KP005267,2026-08-03 22:34:05,2026-08-03 22:54:05,2026-08-03 22:54:06,20,19.9,3.393,dongdaegu,1,1,True,target_available_at_arrival,available_count>0 at panel tick nearest as_of+tmap_eta,tmap_routes
CV002115,2026-07-31 17:55:07,2026-07-31 18:25:07,2026-07-31 18:25:12,30,29.8,9.615,dongdaegu,2,3,True,target_available_at_arrival,available_count>0 at panel tick nearest as_of+tmap_eta,tmap_routes
PIS00580,2026-08-01 20:32:35,2026-08-01 20:47:35,2026-08-01 20:52:38,15,15.2,2.833,dongdaegu,8,8,True,target_available_at_arrival,available_count>0 at panel tick nearest as_of+tmap_eta,tmap_routes
EV006220,2026-08-07 18:12:44,2026-08-07 18:50:44,2026-08-07 18:52:48,38,37.6,13.391,dongdaegu,1,1,True,target_available_at_arrival,available_count>0 at panel tick nearest as_of+tmap_eta,tmap_routes
EV003703,2026-07-30 06:13:52,2026-07-30 06:39:52,2026-07-30 06:44:01,26,25.8,7.845,dongdaegu,2,2,True,target_available_at_arrival,available_count>0 at panel tick nearest as_of+tmap_eta,tmap_routes
NT101228,2026-08-05 01:51:01,2026-08-05 02:16:01,2026-08-05 02:21:03,25,25.2,6.875,dongdaegu,2,2,True,target_available_at_arrival,available_count>0 at panel tick nearest as_of+tmap_eta,tmap_routes
SF003317,2026-08-02 06:57:00,2026-08-02 07:07:00,2026-08-02 07:07:01,10,10.3,0.691,dongdaegu,1,1,True,target_available_at_arrival,available_count>0 at panel tick nearest as_of+tmap_eta,tmap_routes
KP000230,2026-08-03 01:51:58,2026-08-03 02:05:58,2026-08-03 02:11:59,14,13.8,2.881,dongdaegu,2,2,True,target_available_at_arrival,available_count>0 at panel tick nearest as_of+tmap_eta,tmap_routes
CV003566,2026-07-28 15:11:38,2026-07-28 15:35:38,2026-07-28 15:41:42,24,24.4,3.698,dongdaegu,2,1,True,target_available_at_arrival,available_count>0 at panel tick nearest as_of+tmap_eta,tmap_routes
CV001885,2026-08-04 00:36:42,2026-08-04 01:16:42,2026-08-04 01:16:43,40,39.5,13.367,dongdaegu,4,4,True,target_available_at_arrival,available_count>0 at panel tick nearest as_of+tmap_eta,tmap_routes
CV002940,2026-08-02 16:58:42,2026-08-02 17:43:42,2026-08-02 17:48:49,45,44.8,18.996,dongdaegu,3,2,True,target_available_at_arrival,available_count>0 at panel tick nearest as_of+tmap_eta,tmap_routes
CV000553,2026-08-01 01:29:05,2026-08-01 02:12:05,2026-08-01 02:19:09,43,42.8,9.106,dongdaegu,1,1,True,target_available_at_arrival,available_count>0 at panel tick nearest as_of+tmap_eta,tmap_routes
HW000499,2026-08-01 22:42:55,2026-08-01 23:11:55,2026-08-01 23:12:58,29,29.0,8.153,dongdaegu,1,1,True,target_available_at_arrival,available_count>0 at panel tick nearest as_of+tmap_eta,tmap_routes
PI764798,2026-08-03 06:52:13,2026-08-03 07:15:13,2026-08-03 07:22:14,23,22.6,6.222,dongdaegu,2,2,True,target_available_at_arrival,available_count>0 at panel tick nearest as_of+tmap_eta,tmap_routes
ME25C428,2026-08-04 22:18:05,2026-08-04 22:37:05,2026-08-04 22:38:06,19,18.8,3.899,dongdaegu,4,4,True,target_available_at_arrival,available_count>0 at panel tick nearest as_of+tmap_eta,tmap_routes
CV002321,2026-08-03 15:12:49,2026-08-03 15:45:49,2026-08-03 15:52:51,33,33.2,9.951,dongdaegu,1,1,True,target_available_at_arrival,available_count>0 at panel tick nearest as_of+tmap_eta,tmap_routes
PI740456,2026-07-26 06:07:30,2026-07-26 06:24:30,2026-07-26 06:27:36,17,16.9,4.588,dongdaegu,1,1,True,target_available_at_arrival,available_count>0 at panel tick nearest as_of+tmap_eta,tmap_routes
KP002187,2026-08-08 10:27:43,2026-08-08 10:37:43,2026-08-08 10:37:43,10,9.7,1.643,dongdaegu,2,2,True,target_available_at_arrival,available_count>0 at panel tick nearest as_of+tmap_eta,tmap_routes
KE001052,2026-07-26 06:37:37,2026-07-26 06:52:37,2026-07-26 06:57:39,15,14.6,2.759,dongdaegu,1,1,True,target_available_at_arrival,available_count>0 at panel tick nearest as_of+tmap_eta,tmap_routes
PW000789,2026-08-01 16:01:38,2026-08-01 16:25:38,2026-08-01 16:31:54,24,24.5,9.182,dongdaegu,1,1,True,target_available_at_arrival,available_count>0 at panel tick nearest as_of+tmap_eta,tmap_routes
ME25C173,2026-08-07 18:32:47,2026-08-07 18:46:47,2026-08-07 18:52:48,14,14.0,2.896,dongdaegu,1,1,True,target_available_at_arrival,available_count>0 at panel tick nearest as_of+tmap_eta,tmap_routes
CV003716,2026-07-29 05:06:51,2026-07-29 05:54:51,2026-07-29 05:56:57,48,48.1,26.925,dongdaegu,5,5,True,target_available_at_arrival,available_count>0 at panel tick nearest as_of+tmap_eta,tmap_routes
PI306067,2026-07-28 13:31:11,2026-07-28 13:58:11,2026-07-28 14:01:15,27,27.0,9.229,dongdaegu,1,1,True,target_available_at_arrival,available_count>0 at panel tick nearest as_of+tmap_eta,tmap_routes
CV003786,2026-08-07 15:32:29,2026-08-07 15:56:29,2026-08-07 16:02:32,24,23.6,4.545,dongdaegu,9,8,True,target_available_at_arrival,available_count>0 at panel tick nearest as_of+tmap_eta,tmap_routes
PW015041,2026-07-23 08:04:41,2026-07-23 08:32:41,2026-07-23 08:34:55,28,27.8,5.95,dongdaegu,1,1,True,target_available_at_arrival,available_count>0 at panel tick nearest as_of+tmap_eta,tmap_routes
GS000145,2026-08-09 04:53:11,2026-08-09 05:32:11,2026-08-09 05:33:14,39,39.3,14.116,dongdaegu,2,2,True,target_available_at_arrival,available_count>0 at panel tick nearest as_of+tmap_eta,tmap_routes
PC000078,2026-07-27 18:25:16,2026-07-27 18:54:16,2026-07-27 18:55:23,29,29.2,10.193,dongdaegu,4,3,True,target_available_at_arrival,available_count>0 at panel tick nearest as_of+tmap_eta,tmap_routes
PC001831,2026-07-29 09:17:56,2026-07-29 09:30:56,2026-07-29 09:37:59,13,12.9,2.868,dongdaegu,6,6,True,target_available_at_arrival,available_count>0 at panel tick nearest as_of+tmap_eta,tmap_routes
ST600399,2026-07-22 20:34:34,2026-07-22 21:31:34,2026-07-22 21:38:30,57,57.3,23.048,dongdaegu,2,4,True,target_available_at_arrival,available_count>0 at panel tick nearest as_of+tmap_eta,tmap_routes
SF002471,2026-08-08 05:57:24,2026-08-08 06:30:24,2026-08-08 06:37:25,33,32.8,12.4,dongdaegu,1,1,True,target_available_at_arrival,available_count>0 at panel tick nearest as_of+tmap_eta,tmap_routes
DC530012,2026-08-09 05:03:11,2026-08-09 05:29:11,2026-08-09 05:33:14,26,26.5,4.462,dongdaegu,6,6,True,target_available_at_arrival,available_count>0 at panel tick nearest as_of+tmap_eta,tmap_routes
ME183054,2026-07-28 18:12:53,2026-07-28 19:05:53,2026-07-28 19:13:08,53,53.0,31.309,dongdaegu,1,1,True,target_available_at_arrival,available_count>0 at panel tick nearest as_of+tmap_eta,tmap_routes
ST272307,2026-08-06 19:26:52,2026-08-06 19:52:52,2026-08-06 19:56:54,26,25.8,8.297,dongdaegu,1,2,True,target_available_at_arrival,available_count>0 at panel tick nearest as_of+tmap_eta,tmap_routes
GS000145,2026-08-05 21:32:25,2026-08-05 22:11:25,2026-08-05 22:12:27,39,39.3,14.116,dongdaegu,1,1,True,target_available_at_arrival,available_count>0 at panel tick nearest as_of+tmap_eta,tmap_routes
CV003089,2026-07-28 03:38:38,2026-07-28 04:13:38,2026-07-28 04:18:42,35,35.2,10.526,dongdaegu,1,1,True,target_available_at_arrival,available_count>0 at panel tick nearest as_of+tmap_eta,tmap_routes
CV003129,2026-08-06 12:16:19,2026-08-06 12:49:19,2026-08-06 12:56:21,33,33.1,9.279,dongdaegu,1,1,True,target_available_at_arrival,available_count>0 at panel tick nearest as_of+tmap_eta,tmap_routes
ME25C165,2026-07-23 10:11:05,2026-07-23 11:03:05,2026-07-23 11:06:41,52,52.4,40.88,dongdaegu,1,1,True,target_available_at_arrival,available_count>0 at panel tick nearest as_of+tmap_eta,tmap_routes
CV002085,2026-07-26 17:39:17,2026-07-26 18:15:17,2026-07-26 18:19:23,36,36.3,12.606,dongdaegu,3,4,True,target_available_at_arrival,available_count>0 at panel tick nearest as_of+tmap_eta,tmap_routes
PI740409,2026-07-23 09:56:02,2026-07-23 10:28:02,2026-07-23 10:31:10,32,32.0,10.724,dongdaegu,1,1,True,target_available_at_arrival,available_count>0 at panel tick nearest as_of+tmap_eta,tmap_routes
CV000321,2026-08-04 19:27:51,2026-08-04 19:44:51,2026-08-04 19:47:53,17,17.2,4.756,dongdaegu,1,1,True,target_available_at_arrival,available_count>0 at panel tick nearest as_of+tmap_eta,tmap_routes
CV000814,2026-07-30 06:13:52,2026-07-30 06:43:52,2026-07-30 06:44:01,30,29.9,6.292,dongdaegu,1,1,True,target_available_at_arrival,available_count>0 at panel tick nearest as_of+tmap_eta,tmap_routes
LU001877,2026-07-23 00:22:34,2026-07-23 00:51:34,2026-07-23 00:52:41,29,29.3,9.229,dongdaegu,1,1,True,target_available_at_arrival,available_count>0 at panel tick nearest as_of+tmap_eta,tmap_routes
EV012413,2026-07-31 23:26:13,2026-07-31 23:56:13,2026-07-31 23:56:18,30,29.9,6.418,dongdaegu,5,5,True,target_available_at_arrival,available_count>0 at panel tick nearest as_of+tmap_eta,tmap_routes
PI750070,2026-07-28 14:41:35,2026-07-28 14:59:35,2026-07-28 15:01:37,18,18.3,3.62,dongdaegu,4,4,True,target_available_at_arrival,available_count>0 at panel tick nearest as_of+tmap_eta,tmap_routes
HW000499,2026-08-05 04:41:07,2026-08-05 05:10:07,2026-08-05 05:11:09,29,29.0,8.153,dongdaegu,1,1,True,target_available_at_arrival,available_count>0 at panel tick nearest as_of+tmap_eta,tmap_routes
TS271407,2026-08-07 06:21:33,2026-08-07 06:31:33,2026-08-07 06:31:33,10,10.3,1.646,dongdaegu,2,2,True,target_available_at_arrival,available_count>0 at panel tick nearest as_of+tmap_eta,tmap_routes
PI540344,2026-07-27 19:25:37,2026-07-27 20:15:37,2026-07-27 20:15:49,50,49.7,18.463,dongdaegu,1,1,True,target_available_at_arrival,available_count>0 at panel tick nearest as_of+tmap_eta,tmap_routes
PIH00153,2026-07-25 23:04:50,2026-07-25 23:40:50,2026-07-25 23:44:56,36,35.6,10.821,dongdaegu,3,3,True,target_available_at_arrival,available_count>0 at panel tick nearest as_of+tmap_eta,tmap_routes
EV007655,2026-08-03 02:32:00,2026-08-03 03:01:00,2026-08-03 03:02:01,29,29.4,8.407,dongdaegu,2,2,True,target_available_at_arrival,available_count>0 at panel tick nearest as_of+tmap_eta,tmap_routes
CV000831,2026-07-29 00:56:14,2026-07-29 01:06:14,2026-07-29 01:06:15,10,9.9,0.571,dongdaegu,1,1,True,target_available_at_arrival,available_count>0 at panel tick nearest as_of+tmap_eta,tmap_routes
ME25C427,2026-08-02 23:39:33,2026-08-02 23:56:33,2026-08-02 23:59:33,17,16.9,2.432,dongdaegu,4,4,True,target_available_at_arrival,available_count>0 at panel tick nearest as_of+tmap_eta,tmap_routes
KP000234,2026-07-23 14:02:53,2026-07-23 14:42:53,2026-07-23 14:43:03,40,39.9,13.48,dongdaegu,1,1,True,target_available_at_arrival,available_count>0 at panel tick nearest as_of+tmap_eta,tmap_routes
PI700382,2026-08-01 14:21:20,2026-08-01 14:39:20,2026-08-01 14:41:28,18,17.7,1.24,dongdaegu,1,1,True,target_available_at_arrival,available_count>0 at panel tick nearest as_of+tmap_eta,tmap_routes
ME184069,2026-07-31 02:40:57,2026-07-31 02:58:57,2026-07-31 03:01:02,18,18.1,3.348,dongdaegu,1,1,True,target_available_at_arrival,available_count>0 at panel tick nearest as_of+tmap_eta,tmap_routes
CV000899,2026-08-05 14:51:52,2026-08-05 14:58:52,2026-08-05 15:01:53,7,6.7,0.393,dongdaegu,2,2,True,target_available_at_arrival,available_count>0 at panel tick nearest as_of+tmap_eta,tmap_routes
PI750070,2026-08-04 01:06:43,2026-08-04 01:24:43,2026-08-04 01:26:43,18,18.3,3.62,dongdaegu,2,2,True,target_available_at_arrival,available_count>0 at panel tick nearest as_of+tmap_eta,tmap_routes
EV008719,2026-08-02 13:48:13,2026-08-02 14:17:13,2026-08-02 14:18:17,29,29.2,8.45,dongdaegu,3,3,True,target_available_at_arrival,available_count>0 at panel tick nearest as_of+tmap_eta,tmap_routes
CV003800,2026-07-30 13:25:42,2026-07-30 13:58:42,2026-07-30 14:05:56,33,32.6,10.802,dongdaegu,4,4,True,target_available_at_arrival,available_count>0 at panel tick nearest as_of+tmap_eta,tmap_routes
KP002182,2026-07-27 22:06:11,2026-07-27 22:21:11,2026-07-27 22:26:13,15,15.0,2.363,dongdaegu,3,3,True,target_available_at_arrival,available_count>0 at panel tick nearest as_of+tmap_eta,tmap_routes
ME25C172,2026-07-22 13:40:00,2026-07-22 13:56:00,2026-07-22 14:00:03,16,15.6,2.366,dongdaegu,1,1,True,target_available_at_arrival,available_count>0 at panel tick nearest as_of+tmap_eta,tmap_routes
CV000783,2026-07-27 09:33:36,2026-07-27 10:03:36,2026-07-27 10:03:39,30,30.1,9.004,dongdaegu,1,1,True,target_available_at_arrival,available_count>0 at panel tick nearest as_of+tmap_eta,tmap_routes
EV005709,2026-08-01 21:02:40,2026-08-01 21:37:40,2026-08-01 21:42:47,35,34.7,9.64,dongdaegu,2,2,True,target_available_at_arrival,available_count>0 at panel tick nearest as_of+tmap_eta,tmap_routes
SF003055,2026-07-27 03:02:30,2026-07-27 03:16:30,2026-07-27 03:22:31,14,14.1,3.101,dongdaegu,1,1,True,target_available_at_arrival,available_count>0 at panel tick nearest as_of+tmap_eta,tmap_routes
PI530277,2026-08-01 04:49:24,2026-08-01 05:26:24,2026-08-01 05:29:28,37,37.4,11.179,dongdaegu,4,4,True,target_available_at_arrival,available_count>0 at panel tick nearest as_of+tmap_eta,tmap_routes
HW000467,2026-07-31 23:26:13,2026-08-01 00:27:13,2026-08-01 00:28:56,61,60.9,25.394,dongdaegu,2,2,True,target_available_at_arrival,available_count>0 at panel tick nearest as_of+tmap_eta,tmap_routes
CV000891,2026-07-26 21:49:53,2026-07-26 22:48:53,2026-07-26 22:50:00,59,58.9,26.194,dongdaegu,3,3,True,target_available_at_arrival,available_count>0 at panel tick nearest as_of+tmap_eta,tmap_routes
ME20C189,2026-08-06 01:55:45,2026-08-06 02:25:45,2026-08-06 02:25:46,30,30.4,9.61,dongdaegu,1,1,True,target_available_at_arrival,available_count>0 at panel tick nearest as_of+tmap_eta,tmap_routes
PC001513,2026-07-28 08:09:20,2026-07-28 08:26:20,2026-07-28 08:29:24,17,16.9,2.629,dongdaegu,8,8,True,target_available_at_arrival,available_count>0 at panel tick nearest as_of+tmap_eta,tmap_routes
ME19E138,2026-07-23 07:14:21,2026-07-23 08:14:21,2026-07-23 08:14:46,60,59.6,35.136,dongdaegu,1,1,True,target_available_at_arrival,available_count>0 at panel tick nearest as_of+tmap_eta,tmap_routes
CV003124,2026-08-08 20:58:35,2026-08-08 21:07:35,2026-08-08 21:08:36,9,8.6,0.993,dongdaegu,1,0,False,target_available_at_arrival,available_count>0 at panel tick nearest as_of+tmap_eta,tmap_routes
SF002922,2026-08-06 16:26:38,2026-08-06 16:42:38,2026-08-06 16:46:39,16,15.8,2.058,dongdaegu,3,3,True,target_available_at_arrival,available_count>0 at panel tick nearest as_of+tmap_eta,tmap_routes
KP003779,2026-08-08 22:08:41,2026-08-08 22:48:41,2026-08-08 22:48:45,40,40.5,17.466,dongdaegu,1,1,True,target_available_at_arrival,available_count>0 at panel tick nearest as_of+tmap_eta,tmap_routes
EV005193,2026-08-04 06:06:58,2026-08-04 06:41:58,2026-08-04 06:46:59,35,35.0,9.715,dongdaegu,2,2,True,target_available_at_arrival,available_count>0 at panel tick nearest as_of+tmap_eta,tmap_routes
KP008088,2026-08-03 20:03:54,2026-08-03 20:49:54,2026-08-03 20:53:57,46,46.3,14.849,dongdaegu,1,1,True,target_available_at_arrival,available_count>0 at panel tick nearest as_of+tmap_eta,tmap_routes
CV000542,2026-07-29 02:56:32,2026-07-29 03:06:32,2026-07-29 03:06:32,10,9.8,2.222,dongdaegu,1,0,False,target_available_at_arrival,available_count>0 at panel tick nearest as_of+tmap_eta,tmap_routes
PW801141,2026-08-03 18:13:47,2026-08-03 18:23:47,2026-08-03 18:23:48,10,10.1,0.9,dongdaegu,1,2,True,target_available_at_arrival,available_count>0 at panel tick nearest as_of+tmap_eta,tmap_routes
ST277201,2026-07-23 08:34:55,2026-07-23 09:28:55,2026-07-23 09:30:43,54,53.7,43.013,dongdaegu,1,1,True,target_available_at_arrival,available_count>0 at panel tick nearest as_of+tmap_eta,tmap_routes
PIS00565,2026-07-23 14:27:58,2026-07-23 14:51:58,2026-07-23 14:53:09,24,24.1,9.01,dongdaegu,3,3,True,target_available_at_arrival,available_count>0 at panel tick nearest as_of+tmap_eta,tmap_routes
CV003573,2026-08-01 11:50:42,2026-08-01 12:07:42,2026-08-01 12:10:44,17,17.1,2.711,dongdaegu,1,1,True,target_available_at_arrival,available_count>0 at panel tick nearest as_of+tmap_eta,tmap_routes
ME20C185,2026-07-24 17:58:47,2026-07-24 18:33:47,2026-07-24 18:39:04,35,34.6,12.087,dongdaegu,1,1,True,target_available_at_arrival,available_count>0 at panel tick nearest as_of+tmap_eta,tmap_routes
CV003104,2026-07-28 22:13:38,2026-07-28 22:53:38,2026-07-28 22:53:42,40,40.1,9.697,dongdaegu,3,3,True,target_available_at_arrival,available_count>0 at panel tick nearest as_of+tmap_eta,tmap_routes
LU100907,2026-08-01 19:22:20,2026-08-01 19:38:20,2026-08-01 19:42:24,16,15.8,3.485,dongdaegu,2,2,True,target_available_at_arrival,available_count>0 at panel tick nearest as_of+tmap_eta,tmap_routes
IN053074,2026-07-28 00:28:19,2026-07-28 00:48:19,2026-07-28 00:48:21,20,20.2,3.77,dongdaegu,10,10,True,target_available_at_arrival,available_count>0 at panel tick nearest as_of+tmap_eta,tmap_routes
CV001564,2026-07-24 06:53:52,2026-07-24 07:26:52,2026-07-24 07:29:06,33,32.9,9.561,dongdaegu,2,2,True,target_available_at_arrival,available_count>0 at panel tick nearest as_of+tmap_eta,tmap_routes
CV001426,2026-08-08 10:27:43,2026-08-08 10:55:43,2026-08-08 10:57:44,28,27.9,8.018,dongdaegu,1,1,True,target_available_at_arrival,available_count>0 at panel tick nearest as_of+tmap_eta,tmap_routes
CV000406,2026-08-01 13:21:14,2026-08-01 13:56:14,2026-08-01 14:01:18,35,35.3,7.809,dongdaegu,1,1,True,target_available_at_arrival,available_count>0 at panel tick nearest as_of+tmap_eta,tmap_routes
PI202438,2026-08-06 00:55:43,2026-08-06 01:20:43,2026-08-06 01:25:44,25,24.6,6.768,dongdaegu,4,4,True,target_available_at_arrival,available_count>0 at panel tick nearest as_of+tmap_eta,tmap_routes
EV005268,2026-08-02 05:56:48,2026-08-02 06:26:48,2026-08-02 06:26:57,30,29.6,10.5,dongdaegu,3,3,True,target_available_at_arrival,available_count>0 at panel tick nearest as_of+tmap_eta,tmap_routes
PI740239,2026-07-26 16:59:12,2026-07-26 17:14:12,2026-07-26 17:19:15,15,14.8,2.101,dongdaegu,1,1,True,target_available_at_arrival,available_count>0 at panel tick nearest as_of+tmap_eta,tmap_routes
PI740289,2026-07-24 07:29:06,2026-07-24 07:47:06,2026-07-24 07:49:15,18,18.3,2.75,dongdaegu,1,1,True,target_available_at_arrival,available_count>0 at panel tick nearest as_of+tmap_eta,tmap_routes
CV002690,2026-08-07 01:11:17,2026-08-07 02:05:17,2026-08-07 02:11:19,54,54.3,31.501,dongdaegu,5,5,True,target_available_at_arrival,available_count>0 at panel tick nearest as_of+tmap_eta,tmap_routes
CV000560,2026-07-28 07:39:13,2026-07-28 07:54:13,2026-07-28 07:59:18,15,14.9,3.632,dongdaegu,1,1,True,target_available_at_arrival,available_count>0 at panel tick nearest as_of+tmap_eta,tmap_routes
PI802709,2026-08-01 09:00:04,2026-08-01 09:36:04,2026-08-01 09:40:15,36,35.5,12.382,dongdaegu,1,1,True,target_available_at_arrival,available_count>0 at panel tick nearest as_of+tmap_eta,tmap_routes
EV004924,2026-08-03 11:42:37,2026-08-03 12:29:37,2026-08-03 12:32:39,47,46.7,9.487,dongdaegu,2,2,True,target_available_at_arrival,available_count>0 at panel tick nearest as_of+tmap_eta,tmap_routes
CV000039,2026-08-04 12:27:25,2026-08-04 12:44:25,2026-08-04 12:47:26,17,17.4,3.346,dongdaegu,2,2,True,target_available_at_arrival,available_count>0 at panel tick nearest as_of+tmap_eta,tmap_routes
EV007654,2026-07-31 01:30:50,2026-07-31 01:59:50,2026-07-31 02:00:53,29,29.4,8.407,dongdaegu,1,1,True,target_available_at_arrival,available_count>0 at panel tick nearest as_of+tmap_eta,tmap_routes
CV001491,2026-07-27 21:16:04,2026-07-27 21:40:04,2026-07-27 21:46:08,24,24.3,7.173,dongdaegu,4,4,True,target_available_at_arrival,available_count>0 at panel tick nearest as_of+tmap_eta,tmap_routes
KP004864,2026-07-25 19:34:22,2026-07-25 19:53:22,2026-07-25 19:54:25,19,18.9,4.039,dongdaegu,1,1,True,target_available_at_arrival,available_count>0 at panel tick nearest as_of+tmap_eta,tmap_routes
CV000507,2026-07-26 00:16:47,2026-07-26 00:52:47,2026-07-26 00:56:51,36,35.7,7.788,dongdaegu,1,1,True,target_available_at_arrival,available_count>0 at panel tick nearest as_of+tmap_eta,tmap_routes
PIH01276,2026-07-26 06:57:39,2026-07-26 07:12:39,2026-07-26 07:17:41,15,15.4,3.464,dongdaegu,7,7,True,target_available_at_arrival,available_count>0 at panel tick nearest as_of+tmap_eta,tmap_routes
IN053072,2026-08-03 15:12:49,2026-08-03 15:38:49,2026-08-03 15:42:51,26,25.9,8.457,dongdaegu,12,11,True,target_available_at_arrival,available_count>0 at panel tick nearest as_of+tmap_eta,tmap_routes
LU100685,2026-07-31 08:32:22,2026-07-31 08:48:22,2026-07-31 08:52:24,16,16.5,3.566,dongdaegu,2,2,True,target_available_at_arrival,available_count>0 at panel tick nearest as_of+tmap_eta,tmap_routes
ME184068,2026-07-25 11:54:31,2026-07-25 12:28:31,2026-07-25 12:34:37,34,34.5,7.153,dongdaegu,1,1,True,target_available_at_arrival,available_count>0 at panel tick nearest as_of+tmap_eta,tmap_routes
KP004852,2026-08-09 04:23:10,2026-08-09 05:00:10,2026-08-09 05:03:11,37,36.9,12.656,dongdaegu,1,1,True,target_available_at_arrival,available_count>0 at panel tick nearest as_of+tmap_eta,tmap_routes
CV003464,2026-08-01 14:51:29,2026-08-01 15:18:29,2026-08-01 15:21:33,27,27.0,5.866,dongdaegu,1,1,True,target_available_at_arrival,available_count>0 at panel tick nearest as_of+tmap_eta,tmap_routes
ST601240,2026-08-01 15:31:34,2026-08-01 15:54:34,2026-08-01 16:01:38,23,22.6,6.109,dongdaegu,2,2,True,target_available_at_arrival,available_count>0 at panel tick nearest as_of+tmap_eta,tmap_routes
CV001710,2026-07-23 02:07:59,2026-07-23 02:45:59,2026-07-23 02:48:09,38,37.7,9.1,dongdaegu,1,1,True,target_available_at_arrival,available_count>0 at panel tick nearest as_of+tmap_eta,tmap_routes
CV003083,2026-07-29 10:18:04,2026-07-29 10:48:04,2026-07-29 10:48:07,30,29.6,9.706,dongdaegu,1,0,False,target_available_at_arrival,available_count>0 at panel tick nearest as_of+tmap_eta,tmap_routes
ME183057,2026-08-06 22:37:16,2026-08-06 23:14:16,2026-08-06 23:17:18,37,36.6,11.781,dongdaegu,1,1,True,target_available_at_arrival,available_count>0 at panel tick nearest as_of+tmap_eta,tmap_routes
PI740652,2026-07-17 18:54:48,2026-07-17 19:19:48,2026-07-17 19:24:50,25,24.7,8.597,dongdaegu,1,1,True,target_available_at_arrival,available_count>0 at panel tick nearest as_of+tmap_eta,tmap_routes
KP010445,2026-07-30 11:05:01,2026-07-30 11:19:01,2026-07-30 11:25:13,14,13.8,2.285,dongdaegu,1,1,True,target_available_at_arrival,available_count>0 at panel tick nearest as_of+tmap_eta,tmap_routes
CV002346,2026-08-08 16:48:13,2026-08-08 17:04:13,2026-08-08 17:08:16,16,15.5,2.801,dongdaegu,2,1,True,target_available_at_arrival,available_count>0 at panel tick nearest as_of+tmap_eta,tmap_routes
HW000692,2026-08-03 22:04:03,2026-08-03 22:12:03,2026-08-03 22:14:04,8,8.3,1.603,dongdaegu,2,2,True,target_available_at_arrival,available_count>0 at panel tick nearest as_of+tmap_eta,tmap_routes
KP004798,2026-07-27 20:35:51,2026-07-27 20:42:51,2026-07-27 20:46:00,7,7.4,1.273,dongdaegu,2,1,True,target_available_at_arrival,available_count>0 at panel tick nearest as_of+tmap_eta,tmap_routes
KP003782,2026-08-08 15:08:03,2026-08-08 15:44:03,2026-08-08 15:48:05,36,36.5,8.043,dongdaegu,1,1,True,target_available_at_arrival,available_count>0 at panel tick nearest as_of+tmap_eta,tmap_routes
NT101504,2026-07-30 02:33:09,2026-07-30 02:58:09,2026-07-30 03:03:14,25,24.7,9.04,dongdaegu,1,1,True,target_available_at_arrival,available_count>0 at panel tick nearest as_of+tmap_eta,tmap_routes
CV003276,2026-08-08 17:18:17,2026-08-08 17:55:17,2026-08-08 17:58:19,37,36.8,7.574,dongdaegu,1,2,True,target_available_at_arrival,available_count>0 at panel tick nearest as_of+tmap_eta,tmap_routes
PI700664,2026-07-27 12:54:07,2026-07-27 13:11:07,2026-07-27 13:14:14,17,16.7,2.747,dongdaegu,1,1,True,target_available_at_arrival,available_count>0 at panel tick nearest as_of+tmap_eta,tmap_routes
ME19C404,2026-07-20 10:29:46,2026-07-20 10:54:46,2026-07-20 10:59:53,25,25.1,5.074,dongdaegu,3,3,True,target_available_at_arrival,available_count>0 at panel tick nearest as_of+tmap_eta,tmap_routes
CV003089,2026-08-06 14:46:28,2026-08-06 15:21:28,2026-08-06 15:26:34,35,35.2,10.526,dongdaegu,1,1,True,target_available_at_arrival,available_count>0 at panel tick nearest as_of+tmap_eta,tmap_routes
EC005058,2026-08-05 13:11:44,2026-08-05 13:38:44,2026-08-05 13:41:46,27,27.4,8.907,dongdaegu,1,1,True,target_available_at_arrival,available_count>0 at panel tick nearest as_of+tmap_eta,tmap_routes
CV001678,2026-07-19 09:04:30,2026-07-19 09:43:30,2026-07-19 09:49:34,39,39.3,11.521,dongdaegu,1,1,True,target_available_at_arrival,available_count>0 at panel tick nearest as_of+tmap_eta,tmap_routes
KP003779,2026-08-03 19:43:53,2026-08-03 20:23:53,2026-08-03 20:23:56,40,40.5,17.466,dongdaegu,1,1,True,target_available_at_arrival,available_count>0 at panel tick nearest as_of+tmap_eta,tmap_routes
CV003716,2026-08-02 09:37:26,2026-08-02 10:25:26,2026-08-02 10:27:35,48,48.1,26.925,dongdaegu,4,4,True,target_available_at_arrival,available_count>0 at panel tick nearest as_of+tmap_eta,tmap_routes
CV000981,2026-08-03 15:42:51,2026-08-03 16:07:51,2026-08-03 16:12:52,25,25.3,6.225,dongdaegu,1,1,True,target_available_at_arrival,available_count>0 at panel tick nearest as_of+tmap_eta,tmap_routes
HW000646,2026-08-01 04:29:22,2026-08-01 04:56:22,2026-08-01 04:59:25,27,27.0,5.569,dongdaegu,1,1,True,target_available_at_arrival,available_count>0 at panel tick nearest as_of+tmap_eta,tmap_routes
CV001464,2026-07-31 13:43:01,2026-07-31 14:09:01,2026-07-31 14:13:05,26,26.3,7.512,dongdaegu,2,2,True,target_available_at_arrival,available_count>0 at panel tick nearest as_of+tmap_eta,tmap_routes
CV000980,2026-07-20 15:45:39,2026-07-20 16:18:39,2026-07-20 16:25:52,33,33.4,9.489,dongdaegu,1,1,True,target_available_at_arrival,available_count>0 at panel tick nearest as_of+tmap_eta,tmap_routes
SF000126,2026-08-07 01:51:18,2026-08-07 02:28:18,2026-08-07 02:31:20,37,36.6,14.214,dongdaegu,1,1,True,target_available_at_arrival,available_count>0 at panel tick nearest as_of+tmap_eta,tmap_routes
CV001634,2026-07-27 04:32:40,2026-07-27 05:07:40,2026-07-27 05:12:44,35,35.1,9.858,dongdaegu,1,1,True,target_available_at_arrival,available_count>0 at panel tick nearest as_of+tmap_eta,tmap_routes
PI645107,2026-07-26 13:38:44,2026-07-26 14:15:44,2026-07-26 14:18:50,37,37.4,12.227,dongdaegu,2,2,True,target_available_at_arrival,available_count>0 at panel tick nearest as_of+tmap_eta,tmap_routes
ST601045,2026-07-28 23:33:50,2026-07-29 00:12:50,2026-07-29 00:16:11,39,39.0,11.261,dongdaegu,7,7,True,target_available_at_arrival,available_count>0 at panel tick nearest as_of+tmap_eta,tmap_routes
PIH00515,2026-07-29 09:48:00,2026-07-29 10:07:00,2026-07-29 10:08:03,19,19.0,3.766,dongdaegu,1,1,True,target_available_at_arrival,available_count>0 at panel tick nearest as_of+tmap_eta,tmap_routes
CV002085,2026-07-30 19:27:34,2026-07-30 20:03:34,2026-07-30 20:07:41,36,36.3,12.606,dongdaegu,3,3,True,target_available_at_arrival,available_count>0 at panel tick nearest as_of+tmap_eta,tmap_routes
CV000558,2026-07-27 20:35:51,2026-07-27 20:42:51,2026-07-27 20:46:00,7,7.2,1.25,dongdaegu,1,1,True,target_available_at_arrival,available_count>0 at panel tick nearest as_of+tmap_eta,tmap_routes
KE001062,2026-08-04 23:58:09,2026-08-05 00:27:09,2026-08-05 00:30:58,29,29.4,9.056,dongdaegu,3,3,True,target_available_at_arrival,available_count>0 at panel tick nearest as_of+tmap_eta,tmap_routes
ME183061,2026-08-04 05:16:56,2026-08-04 05:32:56,2026-08-04 05:36:56,16,15.5,1.801,dongdaegu,1,1,True,target_available_at_arrival,available_count>0 at panel tick nearest as_of+tmap_eta,tmap_routes
DC530029,2026-07-29 09:17:56,2026-07-29 10:02:56,2026-07-29 10:08:03,45,44.9,12.015,dongdaegu,5,5,True,target_available_at_arrival,available_count>0 at panel tick nearest as_of+tmap_eta,tmap_routes
EV006497,2026-08-01 06:59:42,2026-08-01 07:38:42,2026-08-01 07:39:49,39,39.0,10.915,dongdaegu,2,2,True,target_available_at_arrival,available_count>0 at panel tick nearest as_of+tmap_eta,tmap_routes
ME24B142,2026-07-29 05:16:52,2026-07-29 05:51:52,2026-07-29 05:56:57,35,35.0,11.205,dongdaegu,1,1,True,target_available_at_arrival,available_count>0 at panel tick nearest as_of+tmap_eta,tmap_routes
LU100903,2026-07-28 08:39:34,2026-07-28 09:13:34,2026-07-28 09:19:39,34,34.4,7.952,dongdaegu,1,1,True,target_available_at_arrival,available_count>0 at panel tick nearest as_of+tmap_eta,tmap_routes
EV012411,2026-07-28 02:38:32,2026-07-28 03:08:32,2026-07-28 03:08:35,30,29.9,6.418,dongdaegu,1,1,True,target_available_at_arrival,available_count>0 at panel tick nearest as_of+tmap_eta,tmap_routes
PIH00737,2026-07-30 01:03:01,2026-07-30 01:31:01,2026-07-30 01:33:04,28,28.1,9.346,dongdaegu,5,5,True,target_available_at_arrival,available_count>0 at panel tick nearest as_of+tmap_eta,tmap_routes
CV003465,2026-07-23 08:40:06,2026-07-23 09:10:06,2026-07-23 09:10:37,30,30.4,9.002,dongdaegu,1,1,True,target_available_at_arrival,available_count>0 at panel tick nearest as_of+tmap_eta,tmap_routes
CV000978,2026-07-27 14:54:41,2026-07-27 15:19:41,2026-07-27 15:24:46,25,25.3,6.225,dongdaegu,4,4,True,target_available_at_arrival,available_count>0 at panel tick nearest as_of+tmap_eta,tmap_routes
SF002583,2026-07-23 06:59:17,2026-07-23 07:43:17,2026-07-23 07:44:33,44,44.5,9.471,dongdaegu,2,2,True,target_available_at_arrival,available_count>0 at panel tick nearest as_of+tmap_eta,tmap_routes
ST600791,2026-08-06 11:46:17,2026-08-06 12:12:17,2026-08-06 12:16:19,26,26.1,9.245,dongdaegu,3,3,True,target_available_at_arrival,available_count>0 at panel tick nearest as_of+tmap_eta,tmap_routes
KE000385,2026-07-19 16:31:20,2026-07-19 16:58:20,2026-07-19 17:01:22,27,27.1,10.449,dongdaegu,1,1,True,target_available_at_arrival,available_count>0 at panel tick nearest as_of+tmap_eta,tmap_routes
CV001491,2026-08-01 15:21:33,2026-08-01 15:45:33,2026-08-01 15:51:37,24,24.3,7.173,dongdaegu,4,4,True,target_available_at_arrival,available_count>0 at panel tick nearest as_of+tmap_eta,tmap_routes
CV001525,2026-07-31 07:42:04,2026-07-31 08:36:04,2026-07-31 08:42:23,54,54.1,26.814,dongdaegu,2,2,True,target_available_at_arrival,available_count>0 at panel tick nearest as_of+tmap_eta,tmap_routes
SF003055,2026-07-23 05:48:55,2026-07-23 06:02:55,2026-07-23 06:03:57,14,14.1,3.101,dongdaegu,2,2,True,target_available_at_arrival,available_count>0 at panel tick nearest as_of+tmap_eta,tmap_routes
CV001208,2026-08-01 07:19:45,2026-08-01 07:59:45,2026-08-01 07:59:52,40,40.1,7.766,dongdaegu,1,1,True,target_available_at_arrival,available_count>0 at panel tick nearest as_of+tmap_eta,tmap_routes
ST272307,2026-07-26 17:59:20,2026-07-26 18:25:20,2026-07-26 18:29:24,26,25.8,8.297,dongdaegu,2,1,True,target_available_at_arrival,available_count>0 at panel tick nearest as_of+tmap_eta,tmap_routes
PIS00556,2026-08-02 07:27:06,2026-08-02 07:54:06,2026-08-02 07:57:09,27,27.3,6.618,dongdaegu,3,3,True,target_available_at_arrival,available_count>0 at panel tick nearest as_of+tmap_eta,tmap_routes
CV000195,2026-08-04 12:37:26,2026-08-04 13:07:26,2026-08-04 13:07:27,30,29.9,9.211,dongdaegu,1,1,True,target_available_at_arrival,available_count>0 at panel tick nearest as_of+tmap_eta,tmap_routes
EC004338,2026-07-23 12:17:18,2026-07-23 12:51:18,2026-07-23 12:52:33,34,34.1,11.583,dongdaegu,1,1,True,target_available_at_arrival,available_count>0 at panel tick nearest as_of+tmap_eta,tmap_routes
SF003198,2026-08-04 02:06:48,2026-08-04 02:32:48,2026-08-04 02:36:50,26,26.4,10.221,dongdaegu,5,5,True,target_available_at_arrival,available_count>0 at panel tick nearest as_of+tmap_eta,tmap_routes
ME20C188,2026-07-29 10:48:07,2026-07-29 10:52:07,2026-07-29 10:58:09,4,3.5,0.472,dongdaegu,1,1,True,target_available_at_arrival,available_count>0 at panel tick nearest as_of+tmap_eta,tmap_routes
CV003565,2026-07-27 15:24:46,2026-07-27 15:51:46,2026-07-27 15:54:52,27,26.6,7.173,dongdaegu,3,3,True,target_available_at_arrival,available_count>0 at panel tick nearest as_of+tmap_eta,tmap_routes
EV005193,2026-08-03 04:52:06,2026-08-03 05:27:06,2026-08-03 05:32:08,35,35.0,9.715,dongdaegu,4,4,True,target_available_at_arrival,available_count>0 at panel tick nearest as_of+tmap_eta,tmap_routes
CV001973,2026-07-27 07:43:19,2026-07-27 07:51:19,2026-07-27 07:53:20,8,8.0,1.02,dongdaegu,2,2,True,target_available_at_arrival,available_count>0 at panel tick nearest as_of+tmap_eta,tmap_routes
PI530310,2026-08-04 05:36:56,2026-08-04 06:01:56,2026-08-04 06:06:58,25,25.0,7.513,dongdaegu,2,2,True,target_available_at_arrival,available_count>0 at panel tick nearest as_of+tmap_eta,tmap_routes
PW000224,2026-07-26 07:17:41,2026-07-26 07:57:41,2026-07-26 07:57:52,40,40.0,9.145,dongdaegu,2,2,True,target_available_at_arrival,available_count>0 at panel tick nearest as_of+tmap_eta,tmap_routes
CV002107,2026-08-04 18:37:48,2026-08-04 19:00:48,2026-08-04 19:07:50,23,22.6,2.375,dongdaegu,1,1,True,target_available_at_arrival,available_count>0 at panel tick nearest as_of+tmap_eta,tmap_routes
PIH01792,2026-07-24 21:39:36,2026-07-24 21:49:36,2026-07-24 21:49:37,10,10.1,0.893,dongdaegu,4,4,True,target_available_at_arrival,available_count>0 at panel tick nearest as_of+tmap_eta,tmap_routes
LU100968,2026-08-04 18:47:48,2026-08-04 19:00:48,2026-08-04 19:07:50,13,12.8,0.497,dongdaegu,1,1,True,target_available_at_arrival,available_count>0 at panel tick nearest as_of+tmap_eta,tmap_routes
PC000833,2026-07-23 12:27:28,2026-07-23 12:49:28,2026-07-23 12:52:33,22,21.9,5.606,dongdaegu,4,4,True,target_available_at_arrival,available_count>0 at panel tick nearest as_of+tmap_eta,tmap_routes
SF000799,2026-08-07 10:11:57,2026-08-07 10:21:57,2026-08-07 10:21:57,10,9.7,1.781,dongdaegu,3,3,True,target_available_at_arrival,available_count>0 at panel tick nearest as_of+tmap_eta,tmap_routes
PI530307,2026-08-04 07:57:04,2026-08-04 08:22:04,2026-08-04 08:27:06,25,24.8,6.538,dongdaegu,1,1,True,target_available_at_arrival,available_count>0 at panel tick nearest as_of+tmap_eta,tmap_routes
CV003444,2026-07-24 07:34:07,2026-07-24 08:02:07,2026-07-24 08:04:20,28,28.1,8.078,dongdaegu,1,1,True,target_available_at_arrival,available_count>0 at panel tick nearest as_of+tmap_eta,tmap_routes
CV003104,2026-08-07 13:12:12,2026-08-07 13:52:12,2026-08-07 13:52:15,40,40.1,9.697,dongdaegu,2,2,True,target_available_at_arrival,available_count>0 at panel tick nearest as_of+tmap_eta,tmap_routes
PI740280,2026-07-23 11:52:13,2026-07-23 12:15:13,2026-07-23 12:17:18,23,23.1,6.214,dongdaegu,2,2,True,target_available_at_arrival,available_count>0 at panel tick nearest as_of+tmap_eta,tmap_routes
PI530274,2026-08-05 03:41:05,2026-08-05 04:34:05,2026-08-05 04:41:07,53,53.4,25.315,dongdaegu,5,6,True,target_available_at_arrival,available_count>0 at panel tick nearest as_of+tmap_eta,tmap_routes
CV003041,2026-07-27 16:34:56,2026-07-27 16:58:56,2026-07-27 17:05:03,24,24.3,7.564,dongdaegu,17,17,True,target_available_at_arrival,available_count>0 at panel tick nearest as_of+tmap_eta,tmap_routes
PI740396,2026-08-06 12:36:20,2026-08-06 12:52:20,2026-08-06 12:56:21,16,16.2,2.09,dongdaegu,2,2,True,target_available_at_arrival,available_count>0 at panel tick nearest as_of+tmap_eta,tmap_routes
CV003716,2026-08-03 16:22:57,2026-08-03 17:10:57,2026-08-03 17:13:00,48,48.1,26.925,dongdaegu,5,5,True,target_available_at_arrival,available_count>0 at panel tick nearest as_of+tmap_eta,tmap_routes
CV003075,2026-07-23 14:53:09,2026-07-23 15:19:09,2026-07-23 15:23:27,26,26.1,8.655,dongdaegu,1,1,True,target_available_at_arrival,available_count>0 at panel tick nearest as_of+tmap_eta,tmap_routes
KP000238,2026-07-29 13:28:33,2026-07-29 13:58:33,2026-07-29 13:58:36,30,29.6,6.864,dongdaegu,3,3,True,target_available_at_arrival,available_count>0 at panel tick nearest as_of+tmap_eta,tmap_routes
ME25C277,2026-07-29 13:08:31,2026-07-29 13:47:31,2026-07-29 13:48:35,39,39.4,11.416,dongdaegu,2,2,True,target_available_at_arrival,available_count>0 at panel tick nearest as_of+tmap_eta,tmap_routes
ME21B198,2026-07-27 18:05:13,2026-07-27 18:25:13,2026-07-27 18:25:16,20,20.2,2.393,dongdaegu,1,1,True,target_available_at_arrival,available_count>0 at panel tick nearest as_of+tmap_eta,tmap_routes
EV007654,2026-07-24 20:39:26,2026-07-24 21:08:26,2026-07-24 21:09:32,29,29.4,8.407,dongdaegu,1,0,False,target_available_at_arrival,available_count>0 at panel tick nearest as_of+tmap_eta,tmap_routes
SF000611,2026-07-29 14:08:37,2026-07-29 14:17:37,2026-07-29 14:18:38,9,9.2,1.794,dongdaegu,3,3,True,target_available_at_arrival,available_count>0 at panel tick nearest as_of+tmap_eta,tmap_routes
KE000386,2026-08-01 04:39:23,2026-08-01 05:06:23,2026-08-01 05:09:26,27,27.0,10.39,dongdaegu,2,2,True,target_available_at_arrival,available_count>0 at panel tick nearest as_of+tmap_eta,tmap_routes
CU530011,2026-08-02 10:07:33,2026-08-02 10:23:33,2026-08-02 10:27:35,16,15.6,2.998,dongdaegu,22,22,True,target_available_at_arrival,available_count>0 at panel tick nearest as_of+tmap_eta,tmap_routes
CV004541,2026-07-22 12:49:53,2026-07-22 13:05:53,2026-07-22 13:09:57,16,16.1,3.267,dongdaegu,3,3,True,target_available_at_arrival,available_count>0 at panel tick nearest as_of+tmap_eta,tmap_routes
AZ100019,2026-08-03 14:02:46,2026-08-03 14:31:46,2026-08-03 14:32:47,29,28.9,6.805,dongdaegu,2,2,True,target_available_at_arrival,available_count>0 at panel tick nearest as_of+tmap_eta,tmap_routes
CV001316,2026-07-26 11:28:26,2026-07-26 12:01:26,2026-07-26 12:08:33,33,32.6,7.903,dongdaegu,2,2,True,target_available_at_arrival,available_count>0 at panel tick nearest as_of+tmap_eta,tmap_routes
PI530033,2026-07-30 20:47:49,2026-07-30 21:07:49,2026-07-30 21:07:53,20,20.4,4.625,dongdaegu,1,1,True,target_available_at_arrival,available_count>0 at panel tick nearest as_of+tmap_eta,tmap_routes
CV001308,2026-08-06 22:07:15,2026-08-06 22:53:15,2026-08-06 22:57:17,46,46.1,16.696,dongdaegu,2,2,True,target_available_at_arrival,available_count>0 at panel tick nearest as_of+tmap_eta,tmap_routes
EV003858,2026-08-02 20:49:18,2026-08-02 20:59:18,2026-08-02 20:59:19,10,10.2,1.868,dongdaegu,1,1,True,target_available_at_arrival,available_count>0 at panel tick nearest as_of+tmap_eta,tmap_routes
CV003093,2026-07-27 13:34:22,2026-07-27 14:12:22,2026-07-27 14:14:29,38,37.6,9.123,dongdaegu,1,0,False,target_available_at_arrival,available_count>0 at panel tick nearest as_of+tmap_eta,tmap_routes
KE000420,2026-07-30 05:53:45,2026-07-30 06:10:45,2026-07-30 06:13:52,17,17.2,3.19,dongdaegu,1,1,True,target_available_at_arrival,available_count>0 at panel tick nearest as_of+tmap_eta,tmap_routes
ME20C183,2026-08-04 12:57:27,2026-08-04 13:32:27,2026-08-04 13:37:29,35,35.0,8.06,dongdaegu,1,1,True,target_available_at_arrival,available_count>0 at panel tick nearest as_of+tmap_eta,tmap_routes
PI740652,2026-07-19 20:16:41,2026-07-19 20:41:41,2026-07-19 20:46:42,25,24.7,8.597,dongdaegu,1,1,True,target_available_at_arrival,available_count>0 at panel tick nearest as_of+tmap_eta,tmap_routes
BNBN0591,2026-07-30 21:47:58,2026-07-30 22:20:58,2026-07-30 22:28:05,33,33.3,12.601,dongdaegu,1,1,True,target_available_at_arrival,available_count>0 at panel tick nearest as_of+tmap_eta,tmap_routes
CV002197,2026-08-07 13:42:14,2026-08-07 14:08:14,2026-08-07 14:12:16,26,25.7,4.225,dongdaegu,1,1,True,target_available_at_arrival,available_count>0 at panel tick nearest as_of+tmap_eta,tmap_routes
EV004401,2026-07-23 09:35:44,2026-07-23 10:12:44,2026-07-23 10:16:07,37,36.6,11.918,dongdaegu,1,1,True,target_available_at_arrival,available_count>0 at panel tick nearest as_of+tmap_eta,tmap_routes
LU003147,2026-07-28 14:41:35,2026-07-28 15:01:35,2026-07-28 15:01:37,20,20.1,6.413,dongdaegu,3,3,True,target_available_at_arrival,available_count>0 at panel tick nearest as_of+tmap_eta,tmap_routes
CV001048,2026-07-31 19:05:25,2026-07-31 19:50:25,2026-07-31 19:55:36,45,45.1,12.446,dongdaegu,1,1,True,target_available_at_arrival,available_count>0 at panel tick nearest as_of+tmap_eta,tmap_routes
PI740454,2026-07-26 11:38:27,2026-07-26 11:57:27,2026-07-26 11:58:32,19,19.2,4.511,dongdaegu,1,1,True,target_available_at_arrival,available_count>0 at panel tick nearest as_of+tmap_eta,tmap_routes
CV002014,2026-08-03 06:52:13,2026-08-03 07:28:13,2026-08-03 07:32:15,36,35.5,11.855,dongdaegu,2,2,True,target_available_at_arrival,available_count>0 at panel tick nearest as_of+tmap_eta,tmap_routes
ME25C425,2026-07-31 19:45:35,2026-07-31 20:41:35,2026-07-31 20:45:44,56,55.8,26.688,dongdaegu,4,4,True,target_available_at_arrival,available_count>0 at panel tick nearest as_of+tmap_eta,tmap_routes
PI750070,2026-08-04 10:47:16,2026-08-04 11:05:16,2026-08-04 11:07:17,18,18.3,3.62,dongdaegu,4,4,True,target_available_at_arrival,available_count>0 at panel tick nearest as_of+tmap_eta,tmap_routes
ME18C265,2026-07-23 00:22:34,2026-07-23 00:52:34,2026-07-23 00:52:41,30,30.0,11.147,dongdaegu,2,2,True,target_available_at_arrival,available_count>0 at panel tick nearest as_of+tmap_eta,tmap_routes
KE000360,2026-07-27 23:26:19,2026-07-28 00:12:19,2026-07-28 00:18:19,46,46.5,15.594,dongdaegu,2,2,True,target_available_at_arrival,available_count>0 at panel tick nearest as_of+tmap_eta,tmap_routes
HW000492,2026-08-01 11:30:40,2026-08-01 11:54:40,2026-08-01 12:00:43,24,23.9,5.958,dongdaegu,1,1,True,target_available_at_arrival,available_count>0 at panel tick nearest as_of+tmap_eta,tmap_routes
ST600336,2026-07-28 10:09:47,2026-07-28 10:15:47,2026-07-28 10:19:48,6,6.3,0.045,dongdaegu,4,4,True,target_available_at_arrival,available_count>0 at panel tick nearest as_of+tmap_eta,tmap_routes
CV004104,2026-07-26 14:58:55,2026-07-26 15:17:55,2026-07-26 15:18:58,19,19.3,7.318,dongdaegu,4,4,True,target_available_at_arrival,available_count>0 at panel tick nearest as_of+tmap_eta,tmap_routes
EV005433,2026-07-26 18:29:24,2026-07-26 19:08:24,2026-07-26 19:09:30,39,39.4,9.3,dongdaegu,2,2,True,target_available_at_arrival,available_count>0 at panel tick nearest as_of+tmap_eta,tmap_routes
PIS00594,2026-08-06 14:46:28,2026-08-06 15:23:28,2026-08-06 15:26:34,37,37.1,13.531,dongdaegu,29,28,True,target_available_at_arrival,available_count>0 at panel tick nearest as_of+tmap_eta,tmap_routes
PI740282,2026-08-08 01:37:06,2026-08-08 02:00:06,2026-08-08 02:07:09,23,23.3,6.255,dongdaegu,1,0,False,target_available_at_arrival,available_count>0 at panel tick nearest as_of+tmap_eta,tmap_routes
CV003083,2026-08-03 23:24:08,2026-08-03 23:54:08,2026-08-03 23:54:09,30,29.6,9.706,dongdaegu,1,1,True,target_available_at_arrival,available_count>0 at panel tick nearest as_of+tmap_eta,tmap_routes
PI740457,2026-08-03 20:23:56,2026-08-03 20:40:56,2026-08-03 20:43:57,17,16.6,4.639,dongdaegu,1,1,True,target_available_at_arrival,available_count>0 at panel tick nearest as_of+tmap_eta,tmap_routes
CV001002,2026-07-22 08:49:08,2026-07-22 09:07:08,2026-07-22 09:09:11,18,17.5,3.402,dongdaegu,1,1,True,target_available_at_arrival,available_count>0 at panel tick nearest as_of+tmap_eta,tmap_routes
PI740250,2026-07-28 06:09:00,2026-07-28 06:33:00,2026-07-28 06:39:04,24,23.5,5.437,dongdaegu,1,1,True,target_available_at_arrival,available_count>0 at panel tick nearest as_of+tmap_eta,tmap_routes
ME183061,2026-07-24 12:37:46,2026-07-24 12:53:46,2026-07-24 12:57:48,16,15.5,1.801,dongdaegu,1,1,True,target_available_at_arrival,available_count>0 at panel tick nearest as_of+tmap_eta,tmap_routes
PI000645,2026-07-28 20:53:22,2026-07-28 21:10:22,2026-07-28 21:13:25,17,17.3,3.85,dongdaegu,1,1,True,target_available_at_arrival,available_count>0 at panel tick nearest as_of+tmap_eta,tmap_routes
CV000515,2026-08-07 03:21:22,2026-08-07 03:39:22,2026-08-07 03:41:22,18,18.2,3.761,dongdaegu,1,1,True,target_available_at_arrival,available_count>0 at panel tick nearest as_of+tmap_eta,tmap_routes
KE000387,2026-08-04 21:28:00,2026-08-04 21:55:00,2026-08-04 21:58:03,27,26.9,10.294,dongdaegu,1,1,True,target_available_at_arrival,available_count>0 at panel tick nearest as_of+tmap_eta,tmap_routes
CV002350,2026-08-05 02:41:03,2026-08-05 03:29:03,2026-08-05 03:31:05,48,47.8,13.156,dongdaegu,2,2,True,target_available_at_arrival,available_count>0 at panel tick nearest as_of+tmap_eta,tmap_routes
EV005065,2026-08-05 05:11:09,2026-08-05 05:34:09,2026-08-05 05:41:10,23,22.7,6.241,dongdaegu,3,3,True,target_available_at_arrival,available_count>0 at panel tick nearest as_of+tmap_eta,tmap_routes
CV000558,2026-07-30 20:27:46,2026-07-30 20:34:46,2026-07-30 20:37:47,7,7.2,1.25,dongdaegu,1,1,True,target_available_at_arrival,available_count>0 at panel tick nearest as_of+tmap_eta,tmap_routes
CV002939,2026-08-02 11:47:49,2026-08-02 12:15:49,2026-08-02 12:17:53,28,28.3,5.851,dongdaegu,6,6,True,target_available_at_arrival,available_count>0 at panel tick nearest as_of+tmap_eta,tmap_routes
KE000375,2026-07-29 03:26:35,2026-07-29 03:55:35,2026-07-29 03:56:39,29,29.2,9.751,dongdaegu,2,2,True,target_available_at_arrival,available_count>0 at panel tick nearest as_of+tmap_eta,tmap_routes
CV003123,2026-07-24 13:27:52,2026-07-24 13:35:52,2026-07-24 13:37:53,8,8.5,0.332,dongdaegu,1,1,True,target_available_at_arrival,available_count>0 at panel tick nearest as_of+tmap_eta,tmap_routes
PI747199,2026-08-09 00:42:59,2026-08-09 01:09:59,2026-08-09 01:13:01,27,27.3,5.386,dongdaegu,1,1,True,target_available_at_arrival,available_count>0 at panel tick nearest as_of+tmap_eta,tmap_routes
ME18C230,2026-08-06 07:25:58,2026-08-06 08:19:58,2026-08-06 08:26:02,54,54.0,40.041,dongdaegu,2,2,True,target_available_at_arrival,available_count>0 at panel tick nearest as_of+tmap_eta,tmap_routes
ME183058,2026-07-27 07:33:17,2026-07-27 07:41:17,2026-07-27 07:43:19,8,8.1,1.178,dongdaegu,1,1,True,target_available_at_arrival,available_count>0 at panel tick nearest as_of+tmap_eta,tmap_routes
CV000565,2026-08-06 15:56:36,2026-08-06 16:56:36,2026-08-06 16:56:40,60,59.7,25.661,dongdaegu,3,3,True,target_available_at_arrival,available_count>0 at panel tick nearest as_of+tmap_eta,tmap_routes
ME183057,2026-08-07 20:33:07,2026-08-07 21:10:07,2026-08-07 21:13:12,37,36.6,11.781,dongdaegu,1,0,False,target_available_at_arrival,available_count>0 at panel tick nearest as_of+tmap_eta,tmap_routes
JA270011,2026-08-04 01:06:43,2026-08-04 01:29:43,2026-08-04 01:36:46,23,22.9,5.105,dongdaegu,25,25,True,target_available_at_arrival,available_count>0 at panel tick nearest as_of+tmap_eta,tmap_routes
CV003560,2026-07-26 01:36:57,2026-07-26 02:32:57,2026-07-26 02:37:03,56,55.9,32.014,dongdaegu,1,1,True,target_available_at_arrival,available_count>0 at panel tick nearest as_of+tmap_eta,tmap_routes
CV001234,2026-08-03 00:09:34,2026-08-03 00:41:34,2026-08-03 00:41:56,32,31.8,6.082,dongdaegu,1,1,True,target_available_at_arrival,available_count>0 at panel tick nearest as_of+tmap_eta,tmap_routes
ME19D114,2026-08-08 15:48:05,2026-08-08 16:37:05,2026-08-08 16:38:08,49,48.6,28.839,dongdaegu,1,1,True,target_available_at_arrival,available_count>0 at panel tick nearest as_of+tmap_eta,tmap_routes
CG000066,2026-07-27 04:22:39,2026-07-27 05:10:39,2026-07-27 05:12:44,48,47.6,23.032,dongdaegu,1,1,True,target_available_at_arrival,available_count>0 at panel tick nearest as_of+tmap_eta,tmap_routes
HE240512,2026-07-18 21:51:18,2026-07-18 22:20:18,2026-07-18 22:21:20,29,29.2,9.227,dongdaegu,4,4,True,target_available_at_arrival,available_count>0 at panel tick nearest as_of+tmap_eta,tmap_routes
CU530006,2026-07-30 12:15:19,2026-07-30 12:32:19,2026-07-30 12:35:22,17,17.2,4.121,dongdaegu,11,11,True,target_available_at_arrival,available_count>0 at panel tick nearest as_of+tmap_eta,tmap_routes
CV001768,2026-07-28 20:13:17,2026-07-28 21:06:17,2026-07-28 21:13:25,53,53.0,25.977,dongdaegu,8,8,True,target_available_at_arrival,available_count>0 at panel tick nearest as_of+tmap_eta,tmap_routes
ST601337,2026-07-29 03:56:39,2026-07-29 04:15:39,2026-07-29 04:16:41,19,18.7,4.492,dongdaegu,7,7,True,target_available_at_arrival,available_count>0 at panel tick nearest as_of+tmap_eta,tmap_routes
CV003461,2026-07-29 23:30:24,2026-07-29 23:59:24,2026-07-30 00:00:31,29,28.9,8.566,dongdaegu,2,2,True,target_available_at_arrival,available_count>0 at panel tick nearest as_of+tmap_eta,tmap_routes
DC530015,2026-08-01 03:49:19,2026-08-01 04:36:19,2026-08-01 04:39:23,47,46.8,9.409,dongdaegu,1,1,True,target_available_at_arrival,available_count>0 at panel tick nearest as_of+tmap_eta,tmap_routes
EV007656,2026-08-05 10:51:34,2026-08-05 11:20:34,2026-08-05 11:21:36,29,29.4,8.407,dongdaegu,1,1,True,target_available_at_arrival,available_count>0 at panel tick nearest as_of+tmap_eta,tmap_routes
DC530009,2026-07-28 23:53:52,2026-07-29 00:29:52,2026-07-29 00:36:12,36,36.1,8.473,dongdaegu,6,6,True,target_available_at_arrival,available_count>0 at panel tick nearest as_of+tmap_eta,tmap_routes
CU530004,2026-07-28 12:00:20,2026-07-28 12:10:20,2026-07-28 12:10:21,10,9.6,1.543,dongdaegu,6,6,True,target_available_at_arrival,available_count>0 at panel tick nearest as_of+tmap_eta,tmap_routes
CV004699,2026-08-01 20:32:35,2026-08-01 20:48:35,2026-08-01 20:52:38,16,15.8,4.103,dongdaegu,5,5,True,target_available_at_arrival,available_count>0 at panel tick nearest as_of+tmap_eta,tmap_routes
HW000702,2026-08-01 17:11:59,2026-08-01 18:04:59,2026-08-01 18:12:11,53,53.2,25.508,dongdaegu,1,1,True,target_available_at_arrival,available_count>0 at panel tick nearest as_of+tmap_eta,tmap_routes
CV000813,2026-08-05 06:51:14,2026-08-05 07:11:14,2026-08-05 07:11:15,20,20.0,2.739,dongdaegu,1,1,True,target_available_at_arrival,available_count>0 at panel tick nearest as_of+tmap_eta,tmap_routes
CU530008,2026-08-02 17:58:50,2026-08-02 18:27:50,2026-08-02 18:28:54,29,29.1,9.81,dongdaegu,4,4,True,target_available_at_arrival,available_count>0 at panel tick nearest as_of+tmap_eta,tmap_routes
CV002197,2026-07-24 14:48:14,2026-07-24 15:14:14,2026-07-24 15:18:18,26,25.7,4.225,dongdaegu,1,1,True,target_available_at_arrival,available_count>0 at panel tick nearest as_of+tmap_eta,tmap_routes
CV003573,2026-07-25 15:53:48,2026-07-25 16:10:48,2026-07-25 16:13:51,17,17.1,2.711,dongdaegu,1,1,True,target_available_at_arrival,available_count>0 at panel tick nearest as_of+tmap_eta,tmap_routes
CV003286,2026-07-29 07:57:27,2026-07-29 08:32:27,2026-07-29 08:37:42,35,35.0,7.378,dongdaegu,2,1,True,target_available_at_arrival,available_count>0 at panel tick nearest as_of+tmap_eta,tmap_routes
PI530287,2026-08-03 03:22:02,2026-08-03 03:46:02,2026-08-03 03:52:04,24,24.2,7.048,dongdaegu,1,1,True,target_available_at_arrival,available_count>0 at panel tick nearest as_of+tmap_eta,tmap_routes
PI740088,2026-07-28 14:21:16,2026-07-28 14:47:16,2026-07-28 14:51:36,26,26.5,9.147,dongdaegu,2,2,True,target_available_at_arrival,available_count>0 at panel tick nearest as_of+tmap_eta,tmap_routes
EV005065,2026-07-27 22:16:12,2026-07-27 22:39:12,2026-07-27 22:46:15,23,22.7,6.241,dongdaegu,1,1,True,target_available_at_arrival,available_count>0 at panel tick nearest as_of+tmap_eta,tmap_routes
LU001276,2026-08-05 16:11:57,2026-08-05 16:35:57,2026-08-05 16:41:58,24,23.5,6.782,dongdaegu,1,1,True,target_available_at_arrival,available_count>0 at panel tick nearest as_of+tmap_eta,tmap_routes
CV002144,2026-07-25 19:14:19,2026-07-25 19:59:19,2026-07-25 20:04:27,45,44.6,9.399,dongdaegu,3,3,True,target_available_at_arrival,available_count>0 at panel tick nearest as_of+tmap_eta,tmap_routes
CG000066,2026-08-01 07:49:50,2026-08-01 08:37:50,2026-08-01 08:39:58,48,47.6,23.032,dongdaegu,1,1,True,target_available_at_arrival,available_count>0 at panel tick nearest as_of+tmap_eta,tmap_routes
PI740721,2026-07-31 02:00:53,2026-07-31 02:16:53,2026-07-31 02:20:55,16,15.7,2.844,dongdaegu,1,1,True,target_available_at_arrival,available_count>0 at panel tick nearest as_of+tmap_eta,tmap_routes
HE240281,2026-08-07 01:11:17,2026-08-07 02:14:17,2026-08-07 02:21:20,63,63.2,24.883,dongdaegu,11,11,True,target_available_at_arrival,available_count>0 at panel tick nearest as_of+tmap_eta,tmap_routes
EC004338,2026-08-07 01:11:17,2026-08-07 01:45:17,2026-08-07 01:51:18,34,34.1,11.583,dongdaegu,4,4,True,target_available_at_arrival,available_count>0 at panel tick nearest as_of+tmap_eta,tmap_routes
NT101554,2026-08-08 19:38:31,2026-08-08 20:11:31,2026-08-08 20:18:33,33,33.0,9.405,dongdaegu,3,3,True,target_available_at_arrival,available_count>0 at panel tick nearest as_of+tmap_eta,tmap_routes
CV000566,2026-08-08 03:17:14,2026-08-08 03:56:14,2026-08-08 03:57:17,39,38.8,17.91,dongdaegu,1,1,True,target_available_at_arrival,available_count>0 at panel tick nearest as_of+tmap_eta,tmap_routes
ST601235,2026-07-30 22:58:08,2026-07-30 23:33:08,2026-07-30 23:38:12,35,35.3,12.266,dongdaegu,2,2,True,target_available_at_arrival,available_count>0 at panel tick nearest as_of+tmap_eta,tmap_routes
EP230165,2026-07-28 04:08:41,2026-07-28 04:42:41,2026-07-28 04:48:46,34,34.1,11.583,dongdaegu,1,1,True,target_available_at_arrival,available_count>0 at panel tick nearest as_of+tmap_eta,tmap_routes
ST271401,2026-08-05 03:21:05,2026-08-05 03:46:05,2026-08-05 03:51:06,25,24.8,8.995,dongdaegu,5,5,True,target_available_at_arrival,available_count>0 at panel tick nearest as_of+tmap_eta,tmap_routes
CV002115,2026-08-06 14:36:28,2026-08-06 15:06:28,2026-08-06 15:06:33,30,29.8,9.615,dongdaegu,3,4,True,target_available_at_arrival,available_count>0 at panel tick nearest as_of+tmap_eta,tmap_routes
CV000039,2026-08-03 19:03:50,2026-08-03 19:20:50,2026-08-03 19:23:52,17,17.4,3.346,dongdaegu,2,2,True,target_available_at_arrival,available_count>0 at panel tick nearest as_of+tmap_eta,tmap_routes
ST601225,2026-07-25 18:54:15,2026-07-25 19:04:15,2026-07-25 19:04:18,10,9.8,1.871,dongdaegu,1,1,True,target_available_at_arrival,available_count>0 at panel tick nearest as_of+tmap_eta,tmap_routes
ST272920,2026-08-09 04:33:10,2026-08-09 05:03:10,2026-08-09 05:03:11,30,30.1,11.05,dongdaegu,4,4,True,target_available_at_arrival,available_count>0 at panel tick nearest as_of+tmap_eta,tmap_routes
EV008153,2026-07-24 18:59:07,2026-07-24 19:24:07,2026-07-24 19:29:12,25,25.4,7.671,dongdaegu,4,3,True,target_available_at_arrival,available_count>0 at panel tick nearest as_of+tmap_eta,tmap_routes
PI740668,2026-07-29 09:37:59,2026-07-29 10:06:59,2026-07-29 10:08:03,29,29.1,10.335,dongdaegu,2,2,True,target_available_at_arrival,available_count>0 at panel tick nearest as_of+tmap_eta,tmap_routes
KP003780,2026-07-29 01:46:18,2026-07-29 02:23:18,2026-07-29 02:26:29,37,37.2,9.349,dongdaegu,1,1,True,target_available_at_arrival,available_count>0 at panel tick nearest as_of+tmap_eta,tmap_routes
EV004925,2026-08-05 21:52:26,2026-08-05 22:39:26,2026-08-05 22:42:29,47,46.7,9.487,dongdaegu,2,1,True,target_available_at_arrival,available_count>0 at panel tick nearest as_of+tmap_eta,tmap_routes
IN053010,2026-07-28 07:59:18,2026-07-28 08:22:18,2026-07-28 08:29:24,23,22.9,5.478,dongdaegu,3,3,True,target_available_at_arrival,available_count>0 at panel tick nearest as_of+tmap_eta,tmap_routes
CV002069,2026-08-01 06:49:41,2026-08-01 07:19:41,2026-08-01 07:19:45,30,29.8,9.584,dongdaegu,2,2,True,target_available_at_arrival,available_count>0 at panel tick nearest as_of+tmap_eta,tmap_routes
EV012412,2026-07-20 15:30:38,2026-07-20 16:00:38,2026-07-20 16:00:48,30,29.9,6.418,dongdaegu,1,1,True,target_available_at_arrival,available_count>0 at panel tick nearest as_of+tmap_eta,tmap_routes
ME23B186,2026-08-04 21:28:00,2026-08-04 21:45:00,2026-08-04 21:48:03,17,16.9,2.531,dongdaegu,1,0,False,target_available_at_arrival,available_count>0 at panel tick nearest as_of+tmap_eta,tmap_routes
CV002913,2026-08-04 05:46:57,2026-08-04 06:31:57,2026-08-04 06:36:59,45,45.0,15.459,dongdaegu,1,1,True,target_available_at_arrival,available_count>0 at panel tick nearest as_of+tmap_eta,tmap_routes
CV001396,2026-07-29 10:58:09,2026-07-29 11:08:09,2026-07-29 11:08:11,10,10.2,0.829,dongdaegu,1,1,True,target_available_at_arrival,available_count>0 at panel tick nearest as_of+tmap_eta,tmap_routes
EV006617,2026-08-03 10:52:33,2026-08-03 11:30:33,2026-08-03 11:32:36,38,37.6,13.391,dongdaegu,1,1,True,target_available_at_arrival,available_count>0 at panel tick nearest as_of+tmap_eta,tmap_routes
SF000279,2026-08-07 20:53:09,2026-08-07 21:11:09,2026-08-07 21:13:12,18,18.1,4.008,dongdaegu,5,5,True,target_available_at_arrival,available_count>0 at panel tick nearest as_of+tmap_eta,tmap_routes
ME19F260,2026-07-29 10:28:05,2026-07-29 11:34:05,2026-07-29 11:38:15,66,65.9,37.257,dongdaegu,2,2,True,target_available_at_arrival,available_count>0 at panel tick nearest as_of+tmap_eta,tmap_routes
CV001496,2026-08-03 13:42:43,2026-08-03 14:18:43,2026-08-03 14:22:47,36,35.9,10.455,dongdaegu,2,1,True,target_available_at_arrival,available_count>0 at panel tick nearest as_of+tmap_eta,tmap_routes
CV004116,2026-07-28 19:23:10,2026-07-28 19:36:10,2026-07-28 19:43:13,13,13.2,2.245,dongdaegu,11,10,True,target_available_at_arrival,available_count>0 at panel tick nearest as_of+tmap_eta,tmap_routes
PI700099,2026-08-03 06:42:12,2026-08-03 07:16:12,2026-08-03 07:22:14,34,33.5,11.076,dongdaegu,1,1,True,target_available_at_arrival,available_count>0 at panel tick nearest as_of+tmap_eta,tmap_routes
CV000224,2026-07-29 04:16:41,2026-07-29 04:34:41,2026-07-29 04:36:46,18,17.5,3.322,dongdaegu,5,5,True,target_available_at_arrival,available_count>0 at panel tick nearest as_of+tmap_eta,tmap_routes
CV002570,2026-07-24 02:47:07,2026-07-24 03:07:07,2026-07-24 03:07:10,20,19.7,3.538,dongdaegu,3,3,True,target_available_at_arrival,available_count>0 at panel tick nearest as_of+tmap_eta,tmap_routes
PI530304,2026-07-30 18:07:09,2026-07-30 18:13:09,2026-07-30 18:17:11,6,6.5,0.55,dongdaegu,1,1,True,target_available_at_arrival,available_count>0 at panel tick nearest as_of+tmap_eta,tmap_routes
CV003565,2026-07-27 16:14:54,2026-07-27 16:41:54,2026-07-27 16:45:00,27,26.6,7.173,dongdaegu,3,3,True,target_available_at_arrival,available_count>0 at panel tick nearest as_of+tmap_eta,tmap_routes
PI800355,2026-07-26 08:58:04,2026-07-26 09:56:04,2026-07-26 09:58:11,58,57.5,42.32,dongdaegu,2,2,True,target_available_at_arrival,available_count>0 at panel tick nearest as_of+tmap_eta,tmap_routes
CV003083,2026-08-08 19:08:29,2026-08-08 19:38:29,2026-08-08 19:38:31,30,29.6,9.706,dongdaegu,1,1,True,target_available_at_arrival,available_count>0 at panel tick nearest as_of+tmap_eta,tmap_routes
HY001080,2026-08-03 13:22:42,2026-08-03 14:16:42,2026-08-03 14:22:47,54,54.1,26.412,dongdaegu,1,1,True,target_available_at_arrival,available_count>0 at panel tick nearest as_of+tmap_eta,tmap_routes
CV002072,2026-07-29 09:17:56,2026-07-29 09:37:56,2026-07-29 09:37:59,20,20.2,4.511,dongdaegu,1,1,True,target_available_at_arrival,available_count>0 at panel tick nearest as_of+tmap_eta,tmap_routes
LU001561,2026-07-26 14:48:53,2026-07-26 14:52:53,2026-07-26 14:58:55,4,4.5,0.671,dongdaegu,2,2,True,target_available_at_arrival,available_count>0 at panel tick nearest as_of+tmap_eta,tmap_routes
CV001544,2026-08-08 15:18:04,2026-08-08 15:46:04,2026-08-08 15:48:05,28,27.6,7.249,dongdaegu,2,2,True,target_available_at_arrival,available_count>0 at panel tick nearest as_of+tmap_eta,tmap_routes
ST271705,2026-07-23 13:37:48,2026-07-23 14:01:48,2026-07-23 14:02:53,24,24.4,6.552,dongdaegu,1,1,True,target_available_at_arrival,available_count>0 at panel tick nearest as_of+tmap_eta,tmap_routes
CV004318,2026-08-01 10:00:18,2026-08-01 10:34:18,2026-08-01 10:40:31,34,34.0,7.925,dongdaegu,7,7,True,target_available_at_arrival,available_count>0 at panel tick nearest as_of+tmap_eta,tmap_routes
CV000537,2026-07-25 21:14:36,2026-07-25 21:42:36,2026-07-25 21:44:40,28,27.6,5.369,dongdaegu,1,1,True,target_available_at_arrival,available_count>0 at panel tick nearest as_of+tmap_eta,tmap_routes
PIS00594,2026-07-29 02:46:31,2026-07-29 03:23:31,2026-07-29 03:26:35,37,37.1,13.531,dongdaegu,4,4,True,target_available_at_arrival,available_count>0 at panel tick nearest as_of+tmap_eta,tmap_routes
EV008139,2026-08-04 10:47:16,2026-08-04 11:07:16,2026-08-04 11:07:17,20,19.9,1.726,dongdaegu,2,2,True,target_available_at_arrival,available_count>0 at panel tick nearest as_of+tmap_eta,tmap_routes
PI740352,2026-08-07 02:31:20,2026-08-07 03:21:20,2026-08-07 03:21:22,50,49.7,27.831,dongdaegu,1,1,True,target_available_at_arrival,available_count>0 at panel tick nearest as_of+tmap_eta,tmap_routes
ST600399,2026-07-18 18:36:01,2026-07-18 19:33:01,2026-07-18 19:36:08,57,57.3,23.048,dongdaegu,1,2,True,target_available_at_arrival,available_count>0 at panel tick nearest as_of+tmap_eta,tmap_routes
ST600649,2026-07-31 03:51:14,2026-07-31 04:11:14,2026-07-31 04:11:18,20,19.5,7.153,dongdaegu,1,1,True,target_available_at_arrival,available_count>0 at panel tick nearest as_of+tmap_eta,tmap_routes
CV000501,2026-08-04 06:46:59,2026-08-04 07:09:59,2026-08-04 07:17:01,23,22.9,6.934,dongdaegu,1,1,True,target_available_at_arrival,available_count>0 at panel tick nearest as_of+tmap_eta,tmap_routes
HW000494,2026-08-05 22:12:27,2026-08-05 22:39:27,2026-08-05 22:42:29,27,26.6,7.426,dongdaegu,1,1,True,target_available_at_arrival,available_count>0 at panel tick nearest as_of+tmap_eta,tmap_routes
CV003109,2026-07-23 06:59:17,2026-07-23 07:38:17,2026-07-23 07:39:31,39,39.0,11.168,dongdaegu,1,1,True,target_available_at_arrival,available_count>0 at panel tick nearest as_of+tmap_eta,tmap_routes
KP005267,2026-08-08 09:47:38,2026-08-08 10:07:38,2026-08-08 10:07:39,20,19.9,3.393,dongdaegu,1,1,True,target_available_at_arrival,available_count>0 at panel tick nearest as_of+tmap_eta,tmap_routes
PIS00588,2026-07-28 12:00:20,2026-07-28 12:55:20,2026-07-28 13:01:09,55,55.0,9.555,dongdaegu,4,4,True,target_available_at_arrival,available_count>0 at panel tick nearest as_of+tmap_eta,tmap_routes
ME183070,2026-07-22 12:19:49,2026-07-22 13:08:49,2026-07-22 13:09:57,49,49.1,29.79,dongdaegu,1,0,False,target_available_at_arrival,available_count>0 at panel tick nearest as_of+tmap_eta,tmap_routes
CV003128,2026-08-02 01:06:02,2026-08-02 01:35:02,2026-08-02 01:36:09,29,28.9,5.462,dongdaegu,1,1,True,target_available_at_arrival,available_count>0 at panel tick nearest as_of+tmap_eta,tmap_routes
ME183077,2026-08-08 07:47:29,2026-08-08 08:53:29,2026-08-08 08:57:35,66,65.8,23.536,dongdaegu,1,1,True,target_available_at_arrival,available_count>0 at panel tick nearest as_of+tmap_eta,tmap_routes
ST601140,2026-07-21 16:12:48,2026-07-21 16:49:48,2026-07-21 16:52:59,37,37.3,12.538,dongdaegu,1,1,True,target_available_at_arrival,available_count>0 at panel tick nearest as_of+tmap_eta,tmap_routes
KE000359,2026-07-30 03:53:25,2026-07-30 04:39:25,2026-07-30 04:43:35,46,46.5,15.594,dongdaegu,3,3,True,target_available_at_arrival,available_count>0 at panel tick nearest as_of+tmap_eta,tmap_routes
CV000039,2026-08-07 04:41:26,2026-08-07 04:58:26,2026-08-07 05:01:27,17,17.4,3.346,dongdaegu,2,2,True,target_available_at_arrival,available_count>0 at panel tick nearest as_of+tmap_eta,tmap_routes
PIH00515,2026-07-27 14:44:40,2026-07-27 15:03:40,2026-07-27 15:04:42,19,19.0,3.766,dongdaegu,1,1,True,target_available_at_arrival,available_count>0 at panel tick nearest as_of+tmap_eta,tmap_routes
ME22C251,2026-08-05 05:21:09,2026-08-05 05:49:09,2026-08-05 05:51:10,28,27.9,8.298,dongdaegu,1,2,True,target_available_at_arrival,available_count>0 at panel tick nearest as_of+tmap_eta,tmap_routes
ME25C277,2026-07-30 10:04:44,2026-07-30 10:43:44,2026-07-30 10:44:59,39,39.4,11.416,dongdaegu,1,2,True,target_available_at_arrival,available_count>0 at panel tick nearest as_of+tmap_eta,tmap_routes
ST272605,2026-08-07 13:32:14,2026-08-07 13:59:14,2026-08-07 14:02:15,27,26.7,9.097,dongdaegu,1,1,True,target_available_at_arrival,available_count>0 at panel tick nearest as_of+tmap_eta,tmap_routes
CV002069,2026-08-06 18:16:47,2026-08-06 18:46:47,2026-08-06 18:46:49,30,29.8,9.584,dongdaegu,2,2,True,target_available_at_arrival,available_count>0 at panel tick nearest as_of+tmap_eta,tmap_routes
KP005834,2026-08-03 12:22:39,2026-08-03 13:05:39,2026-08-03 13:12:41,43,42.9,21.13,dongdaegu,1,1,True,target_available_at_arrival,available_count>0 at panel tick nearest as_of+tmap_eta,tmap_routes
HY000912,2026-07-27 20:56:01,2026-07-27 21:20:01,2026-07-27 21:26:06,24,23.5,6.608,dongdaegu,3,3,True,target_available_at_arrival,available_count>0 at panel tick nearest as_of+tmap_eta,tmap_routes
EV002118,2026-07-23 12:47:32,2026-07-23 12:59:32,2026-07-23 13:02:39,12,11.8,1.482,dongdaegu,2,2,True,target_available_at_arrival,available_count>0 at panel tick nearest as_of+tmap_eta,tmap_routes
PC001576,2026-07-31 06:11:39,2026-07-31 07:00:39,2026-07-31 07:01:47,49,49.2,14.77,dongdaegu,3,4,True,target_available_at_arrival,available_count>0 at panel tick nearest as_of+tmap_eta,tmap_routes
PI530293,2026-08-08 04:47:19,2026-08-08 05:13:19,2026-08-08 05:17:22,26,26.1,6.024,dongdaegu,2,2,True,target_available_at_arrival,available_count>0 at panel tick nearest as_of+tmap_eta,tmap_routes
ME18C254,2026-07-31 15:03:19,2026-07-31 15:37:19,2026-07-31 15:43:24,34,34.3,7.296,dongdaegu,1,2,True,target_available_at_arrival,available_count>0 at panel tick nearest as_of+tmap_eta,tmap_routes
HE230028,2026-08-05 10:31:33,2026-08-05 10:58:33,2026-08-05 11:01:34,27,27.1,5.998,dongdaegu,2,2,True,target_available_at_arrival,available_count>0 at panel tick nearest as_of+tmap_eta,tmap_routes
ME21E401,2026-07-23 13:42:49,2026-07-23 14:35:49,2026-07-23 14:38:02,53,52.7,31.252,dongdaegu,2,2,True,target_available_at_arrival,available_count>0 at panel tick nearest as_of+tmap_eta,tmap_routes
KE000386,2026-07-28 05:08:51,2026-07-28 05:35:51,2026-07-28 05:38:57,27,27.0,10.39,dongdaegu,2,2,True,target_available_at_arrival,available_count>0 at panel tick nearest as_of+tmap_eta,tmap_routes
HY000979,2026-08-06 11:06:15,2026-08-06 11:20:15,2026-08-06 11:26:16,14,14.0,2.863,dongdaegu,3,3,True,target_available_at_arrival,available_count>0 at panel tick nearest as_of+tmap_eta,tmap_routes
ST272607,2026-08-03 20:03:54,2026-08-03 20:22:54,2026-08-03 20:23:56,19,19.4,4.399,dongdaegu,1,1,True,target_available_at_arrival,available_count>0 at panel tick nearest as_of+tmap_eta,tmap_routes
CV002243,2026-07-31 00:08:15,2026-07-31 00:30:15,2026-07-31 00:30:44,22,22.4,4.021,dongdaegu,1,2,True,target_available_at_arrival,available_count>0 at panel tick nearest as_of+tmap_eta,tmap_routes
PI780101,2026-07-20 15:55:45,2026-07-20 16:20:45,2026-07-20 16:25:52,25,24.6,6.622,dongdaegu,1,1,True,target_available_at_arrival,available_count>0 at panel tick nearest as_of+tmap_eta,tmap_routes
PI740287,2026-07-25 17:04:00,2026-07-25 17:22:00,2026-07-25 17:24:03,18,18.2,2.761,dongdaegu,1,1,True,target_available_at_arrival,available_count>0 at panel tick nearest as_of+tmap_eta,tmap_routes
CV002115,2026-08-03 11:22:36,2026-08-03 11:52:36,2026-08-03 11:52:37,30,29.8,9.615,dongdaegu,4,3,True,target_available_at_arrival,available_count>0 at panel tick nearest as_of+tmap_eta,tmap_routes
KE000359,2026-07-29 06:47:09,2026-07-29 07:33:09,2026-07-29 07:37:20,46,46.5,15.594,dongdaegu,3,3,True,target_available_at_arrival,available_count>0 at panel tick nearest as_of+tmap_eta,tmap_routes
CV002913,2026-07-29 01:46:18,2026-07-29 02:31:18,2026-07-29 02:36:30,45,45.0,15.459,dongdaegu,1,1,True,target_available_at_arrival,available_count>0 at panel tick nearest as_of+tmap_eta,tmap_routes
TS271102,2026-08-01 07:59:52,2026-08-01 08:23:52,2026-08-01 08:29:57,24,24.1,4.27,dongdaegu,4,4,True,target_available_at_arrival,available_count>0 at panel tick nearest as_of+tmap_eta,tmap_routes
PI780101,2026-08-03 20:23:56,2026-08-03 20:48:56,2026-08-03 20:53:57,25,24.6,6.622,dongdaegu,1,1,True,target_available_at_arrival,available_count>0 at panel tick nearest as_of+tmap_eta,tmap_routes
HE240382,2026-08-01 19:22:20,2026-08-01 20:25:20,2026-08-01 20:32:35,63,62.7,24.773,dongdaegu,1,1,True,target_available_at_arrival,available_count>0 at panel tick nearest as_of+tmap_eta,tmap_routes
PIS00553,2026-08-01 05:39:28,2026-08-01 05:57:28,2026-08-01 05:59:31,18,17.6,3.52,dongdaegu,11,11,True,target_available_at_arrival,available_count>0 at panel tick nearest as_of+tmap_eta,tmap_routes
PI740229,2026-07-31 19:45:35,2026-07-31 19:51:35,2026-07-31 19:55:36,6,5.5,0.716,dongdaegu,1,1,True,target_available_at_arrival,available_count>0 at panel tick nearest as_of+tmap_eta,tmap_routes
PI203015,2026-07-23 12:52:33,2026-07-23 13:22:33,2026-07-23 13:22:44,30,29.5,8.23,dongdaegu,1,1,True,target_available_at_arrival,available_count>0 at panel tick nearest as_of+tmap_eta,tmap_routes
PW014349,2026-08-01 03:49:19,2026-08-01 04:06:19,2026-08-01 04:09:20,17,16.6,2.081,dongdaegu,3,3,True,target_available_at_arrival,available_count>0 at panel tick nearest as_of+tmap_eta,tmap_routes
ME24B142,2026-08-02 08:07:14,2026-08-02 08:42:14,2026-08-02 08:47:19,35,35.0,11.205,dongdaegu,1,1,True,target_available_at_arrival,available_count>0 at panel tick nearest as_of+tmap_eta,tmap_routes
PI740249,2026-08-05 14:11:48,2026-08-05 14:35:48,2026-08-05 14:41:52,24,23.7,5.418,dongdaegu,2,2,True,target_available_at_arrival,available_count>0 at panel tick nearest as_of+tmap_eta,tmap_routes
PC000206,2026-08-02 13:28:10,2026-08-02 14:05:10,2026-08-02 14:08:15,37,37.4,11.796,dongdaegu,1,1,True,target_available_at_arrival,available_count>0 at panel tick nearest as_of+tmap_eta,tmap_routes
HW000702,2026-07-31 13:53:02,2026-07-31 14:46:02,2026-07-31 14:53:12,53,53.2,25.508,dongdaegu,1,1,True,target_available_at_arrival,available_count>0 at panel tick nearest as_of+tmap_eta,tmap_routes
ME184070,2026-07-30 11:25:13,2026-07-30 11:50:13,2026-07-30 11:55:17,25,25.3,8.197,dongdaegu,1,1,True,target_available_at_arrival,available_count>0 at panel tick nearest as_of+tmap_eta,tmap_routes
ST272925,2026-08-06 17:16:41,2026-08-06 17:49:41,2026-08-06 17:56:46,33,32.9,7.879,dongdaegu,1,1,True,target_available_at_arrival,available_count>0 at panel tick nearest as_of+tmap_eta,tmap_routes
CV002202,2026-07-24 11:37:35,2026-07-24 11:57:35,2026-07-24 11:57:37,20,20.3,5.522,dongdaegu,1,1,True,target_available_at_arrival,available_count>0 at panel tick nearest as_of+tmap_eta,tmap_routes
EV005066,2026-08-08 03:17:14,2026-08-08 03:40:14,2026-08-08 03:47:17,23,22.6,6.339,dongdaegu,1,1,True,target_available_at_arrival,available_count>0 at panel tick nearest as_of+tmap_eta,tmap_routes
CV002351,2026-08-01 00:06:21,2026-08-01 00:28:21,2026-08-01 00:28:56,22,22.2,6.532,dongdaegu,23,23,True,target_available_at_arrival,available_count>0 at panel tick nearest as_of+tmap_eta,tmap_routes
ME25C427,2026-07-29 14:08:37,2026-07-29 14:25:37,2026-07-29 14:28:39,17,16.9,2.432,dongdaegu,4,4,True,target_available_at_arrival,available_count>0 at panel tick nearest as_of+tmap_eta,tmap_routes
PI645107,2026-07-26 12:18:34,2026-07-26 12:55:34,2026-07-26 12:58:39,37,37.4,12.227,dongdaegu,2,2,True,target_available_at_arrival,available_count>0 at panel tick nearest as_of+tmap_eta,tmap_routes
PI740111,2026-07-25 19:24:21,2026-07-25 19:50:21,2026-07-25 19:54:25,26,25.9,5.527,dongdaegu,1,1,True,target_available_at_arrival,available_count>0 at panel tick nearest as_of+tmap_eta,tmap_routes
ST601045,2026-08-05 01:41:00,2026-08-05 02:20:00,2026-08-05 02:21:03,39,39.0,11.261,dongdaegu,11,11,True,target_available_at_arrival,available_count>0 at panel tick nearest as_of+tmap_eta,tmap_routes
CV003455,2026-08-08 10:47:44,2026-08-08 11:12:44,2026-08-08 11:17:46,25,24.9,5.418,dongdaegu,1,1,True,target_available_at_arrival,available_count>0 at panel tick nearest as_of+tmap_eta,tmap_routes
PI740172,2026-08-03 21:33:59,2026-08-03 21:41:59,2026-08-03 21:44:00,8,8.3,1.966,dongdaegu,1,1,True,target_available_at_arrival,available_count>0 at panel tick nearest as_of+tmap_eta,tmap_routes
ME24A244,2026-07-17 13:41:56,2026-07-17 14:36:56,2026-07-17 14:39:31,55,54.7,27.807,dongdaegu,2,2,True,target_available_at_arrival,available_count>0 at panel tick nearest as_of+tmap_eta,tmap_routes
CV000152,2026-07-29 09:37:59,2026-07-29 10:03:59,2026-07-29 10:08:03,26,25.8,3.903,dongdaegu,2,2,True,target_available_at_arrival,available_count>0 at panel tick nearest as_of+tmap_eta,tmap_routes
CV000039,2026-07-23 13:37:48,2026-07-23 13:54:48,2026-07-23 13:57:52,17,17.4,3.346,dongdaegu,2,2,True,target_available_at_arrival,available_count>0 at panel tick nearest as_of+tmap_eta,tmap_routes
CV003124,2026-07-26 15:49:02,2026-07-26 15:58:02,2026-07-26 15:59:05,9,8.6,0.993,dongdaegu,1,1,True,target_available_at_arrival,available_count>0 at panel tick nearest as_of+tmap_eta,tmap_routes
CV003181,2026-07-31 20:25:41,2026-07-31 20:49:41,2026-07-31 20:55:45,24,24.5,5.641,dongdaegu,1,1,True,target_available_at_arrival,available_count>0 at panel tick nearest as_of+tmap_eta,tmap_routes
CV001426,2026-07-27 03:22:31,2026-07-27 03:50:31,2026-07-27 03:52:35,28,27.9,8.018,dongdaegu,1,2,True,target_available_at_arrival,available_count>0 at panel tick nearest as_of+tmap_eta,tmap_routes
CV003698,2026-07-31 22:06:02,2026-07-31 22:54:02,2026-07-31 22:56:10,48,47.9,27.104,dongdaegu,2,2,True,target_available_at_arrival,available_count>0 at panel tick nearest as_of+tmap_eta,tmap_routes
PC000100,2026-08-02 04:56:42,2026-08-02 05:23:42,2026-08-02 05:26:45,27,27.1,6.084,dongdaegu,1,1,True,target_available_at_arrival,available_count>0 at panel tick nearest as_of+tmap_eta,tmap_routes
CV002690,2026-07-25 18:34:12,2026-07-25 19:28:12,2026-07-25 19:34:22,54,54.3,31.501,dongdaegu,1,1,True,target_available_at_arrival,available_count>0 at panel tick nearest as_of+tmap_eta,tmap_routes
ME25C169,2026-08-07 19:12:50,2026-08-07 20:02:50,2026-08-07 20:03:03,50,49.9,16.4,dongdaegu,1,1,True,target_available_at_arrival,available_count>0 at panel tick nearest as_of+tmap_eta,tmap_routes
HW000407,2026-08-01 22:52:56,2026-08-01 23:22:56,2026-08-01 23:22:59,30,29.6,10.81,dongdaegu,5,5,True,target_available_at_arrival,available_count>0 at panel tick nearest as_of+tmap_eta,tmap_routes
CV003165,2026-08-06 15:06:33,2026-08-06 15:35:33,2026-08-06 15:36:35,29,28.6,8.976,dongdaegu,1,1,True,target_available_at_arrival,available_count>0 at panel tick nearest as_of+tmap_eta,tmap_routes
ME183071,2026-07-24 07:34:07,2026-07-24 08:12:07,2026-07-24 08:14:27,38,37.8,12.564,dongdaegu,1,1,True,target_available_at_arrival,available_count>0 at panel tick nearest as_of+tmap_eta,tmap_routes
CV002069,2026-07-28 01:38:26,2026-07-28 02:08:26,2026-07-28 02:08:29,30,29.8,9.584,dongdaegu,2,2,True,target_available_at_arrival,available_count>0 at panel tick nearest as_of+tmap_eta,tmap_routes
ME21A903,2026-07-30 21:47:58,2026-07-30 22:45:58,2026-07-30 22:48:07,58,57.6,24.021,dongdaegu,4,4,True,target_available_at_arrival,available_count>0 at panel tick nearest as_of+tmap_eta,tmap_routes
CV001126,2026-08-04 07:27:02,2026-08-04 08:03:02,2026-08-04 08:07:05,36,35.9,9.85,dongdaegu,1,1,True,target_available_at_arrival,available_count>0 at panel tick nearest as_of+tmap_eta,tmap_routes
PIS00546,2026-07-28 23:03:44,2026-07-28 23:31:44,2026-07-28 23:33:50,28,28.2,9.181,dongdaegu,8,8,True,target_available_at_arrival,available_count>0 at panel tick nearest as_of+tmap_eta,tmap_routes
CV000814,2026-08-06 08:56:08,2026-08-06 09:26:08,2026-08-06 09:26:10,30,29.9,6.292,dongdaegu,1,1,True,target_available_at_arrival,available_count>0 at panel tick nearest as_of+tmap_eta,tmap_routes
PI530330,2026-08-04 13:07:27,2026-08-04 13:23:27,2026-08-04 13:27:28,16,15.8,3.38,dongdaegu,2,2,True,target_available_at_arrival,available_count>0 at panel tick nearest as_of+tmap_eta,tmap_routes
ME18C265,2026-07-25 08:20:58,2026-07-25 08:50:58,2026-07-25 08:53:43,30,30.0,11.147,dongdaegu,2,2,True,target_available_at_arrival,available_count>0 at panel tick nearest as_of+tmap_eta,tmap_routes
EV005837,2026-07-30 01:43:05,2026-07-30 02:09:05,2026-07-30 02:13:07,26,26.4,7.33,dongdaegu,2,2,True,target_available_at_arrival,available_count>0 at panel tick nearest as_of+tmap_eta,tmap_routes
JA270005,2026-08-01 09:30:09,2026-08-01 09:50:09,2026-08-01 09:50:16,20,20.5,6.034,dongdaegu,15,15,True,target_available_at_arrival,available_count>0 at panel tick nearest as_of+tmap_eta,tmap_routes
EV005350,2026-08-02 13:48:13,2026-08-02 14:27:13,2026-08-02 14:28:22,39,39.1,12.479,dongdaegu,1,0,False,target_available_at_arrival,available_count>0 at panel tick nearest as_of+tmap_eta,tmap_routes
PC001321,2026-08-01 00:38:59,2026-08-01 01:02:59,2026-08-01 01:09:03,24,24.2,8.909,dongdaegu,2,2,True,target_available_at_arrival,available_count>0 at panel tick nearest as_of+tmap_eta,tmap_routes
ST600791,2026-08-06 17:46:45,2026-08-06 18:12:45,2026-08-06 18:16:47,26,26.1,9.245,dongdaegu,3,3,True,target_available_at_arrival,available_count>0 at panel tick nearest as_of+tmap_eta,tmap_routes
CV001076,2026-07-27 13:44:23,2026-07-27 14:23:23,2026-07-27 14:24:37,39,38.6,12.457,dongdaegu,2,2,True,target_available_at_arrival,available_count>0 at panel tick nearest as_of+tmap_eta,tmap_routes
PI764798,2026-08-06 09:46:11,2026-08-06 10:09:11,2026-08-06 10:16:13,23,22.6,6.222,dongdaegu,1,1,True,target_available_at_arrival,available_count>0 at panel tick nearest as_of+tmap_eta,tmap_routes
PI740227,2026-07-31 08:52:24,2026-07-31 08:58:24,2026-07-31 09:02:26,6,6.0,0.717,dongdaegu,2,2,True,target_available_at_arrival,available_count>0 at panel tick nearest as_of+tmap_eta,tmap_routes
LU002435,2026-08-06 13:16:24,2026-08-06 13:56:24,2026-08-06 13:56:25,40,40.1,20.089,dongdaegu,2,2,True,target_available_at_arrival,available_count>0 at panel tick nearest as_of+tmap_eta,tmap_routes
SF003193,2026-07-26 03:37:13,2026-07-26 04:27:13,2026-07-26 04:27:18,50,49.9,24.795,dongdaegu,12,13,True,target_available_at_arrival,available_count>0 at panel tick nearest as_of+tmap_eta,tmap_routes
CV003146,2026-07-27 11:33:49,2026-07-27 12:18:49,2026-07-27 12:23:59,45,44.9,22.12,dongdaegu,1,1,True,target_available_at_arrival,available_count>0 at panel tick nearest as_of+tmap_eta,tmap_routes
EV005709,2026-08-01 20:32:35,2026-08-01 21:07:35,2026-08-01 21:12:44,35,34.7,9.64,dongdaegu,2,2,True,target_available_at_arrival,available_count>0 at panel tick nearest as_of+tmap_eta,tmap_routes
CV002390,2026-08-05 01:21:00,2026-08-05 01:47:00,2026-08-05 01:51:01,26,25.7,8.182,dongdaegu,2,2,True,target_available_at_arrival,available_count>0 at panel tick nearest as_of+tmap_eta,tmap_routes
CV000543,2026-08-02 09:27:25,2026-08-02 09:37:25,2026-08-02 09:37:26,10,10.2,1.51,dongdaegu,1,1,True,target_available_at_arrival,available_count>0 at panel tick nearest as_of+tmap_eta,tmap_routes
PI740664,2026-08-06 12:16:19,2026-08-06 12:55:19,2026-08-06 12:56:21,39,39.1,12.199,dongdaegu,2,2,True,target_available_at_arrival,available_count>0 at panel tick nearest as_of+tmap_eta,tmap_routes
EV003987,2026-07-29 06:27:06,2026-07-29 07:00:06,2026-07-29 07:07:12,33,32.6,10.296,dongdaegu,5,6,True,target_available_at_arrival,available_count>0 at panel tick nearest as_of+tmap_eta,tmap_routes
ME183067,2026-08-07 14:32:17,2026-08-07 14:57:17,2026-08-07 15:02:19,25,24.9,5.762,dongdaegu,1,1,True,target_available_at_arrival,available_count>0 at panel tick nearest as_of+tmap_eta,tmap_routes
CV002393,2026-07-23 13:17:43,2026-07-23 13:51:43,2026-07-23 13:52:51,34,33.7,13.337,dongdaegu,2,2,True,target_available_at_arrival,available_count>0 at panel tick nearest as_of+tmap_eta,tmap_routes
CV003276,2026-08-08 20:58:35,2026-08-08 21:35:35,2026-08-08 21:38:38,37,36.8,7.574,dongdaegu,2,1,True,target_available_at_arrival,available_count>0 at panel tick nearest as_of+tmap_eta,tmap_routes
NT100596,2026-07-30 13:25:42,2026-07-30 13:54:42,2026-07-30 13:55:52,29,29.2,9.485,dongdaegu,1,1,True,target_available_at_arrival,available_count>0 at panel tick nearest as_of+tmap_eta,tmap_routes
CV001895,2026-08-08 16:28:08,2026-08-08 16:44:08,2026-08-08 16:48:13,16,15.8,3.244,dongdaegu,2,1,True,target_available_at_arrival,available_count>0 at panel tick nearest as_of+tmap_eta,tmap_routes
CV004326,2026-07-28 00:18:19,2026-07-28 01:05:19,2026-07-28 01:08:23,47,47.1,21.479,dongdaegu,1,1,True,target_available_at_arrival,available_count>0 at panel tick nearest as_of+tmap_eta,tmap_routes
EV008152,2026-07-27 03:52:35,2026-07-27 04:18:35,2026-07-27 04:22:39,26,25.8,7.784,dongdaegu,3,3,True,target_available_at_arrival,available_count>0 at panel tick nearest as_of+tmap_eta,tmap_routes
CV002394,2026-07-23 05:23:48,2026-07-23 05:56:48,2026-07-23 05:58:57,33,33.3,13.237,dongdaegu,2,2,True,target_available_at_arrival,available_count>0 at panel tick nearest as_of+tmap_eta,tmap_routes
ST600663,2026-07-29 05:56:57,2026-07-29 06:32:57,2026-07-29 06:37:08,36,35.8,17.637,dongdaegu,2,2,True,target_available_at_arrival,available_count>0 at panel tick nearest as_of+tmap_eta,tmap_routes
EV005511,2026-08-02 11:27:45,2026-08-02 12:15:45,2026-08-02 12:17:53,48,47.6,13.5,dongdaegu,2,2,True,target_available_at_arrival,available_count>0 at panel tick nearest as_of+tmap_eta,tmap_routes
PIS00598,2026-07-27 22:16:12,2026-07-27 22:50:12,2026-07-27 22:56:16,34,34.3,11.532,dongdaegu,2,1,True,target_available_at_arrival,available_count>0 at panel tick nearest as_of+tmap_eta,tmap_routes
GS000031,2026-08-01 00:28:56,2026-08-01 00:48:56,2026-08-01 00:49:02,20,19.6,4.359,dongdaegu,2,2,True,target_available_at_arrival,available_count>0 at panel tick nearest as_of+tmap_eta,tmap_routes
PIS00587,2026-08-06 23:37:19,2026-08-07 00:18:19,2026-08-07 00:21:15,41,41.0,14.991,dongdaegu,8,8,True,target_available_at_arrival,available_count>0 at panel tick nearest as_of+tmap_eta,tmap_routes
LU003651,2026-08-05 11:31:39,2026-08-05 12:28:39,2026-08-05 12:31:42,57,57.2,26.562,dongdaegu,5,5,True,target_available_at_arrival,available_count>0 at panel tick nearest as_of+tmap_eta,tmap_routes
PI530330,2026-08-01 14:51:29,2026-08-01 15:07:29,2026-08-01 15:11:31,16,15.8,3.38,dongdaegu,1,1,True,target_available_at_arrival,available_count>0 at panel tick nearest as_of+tmap_eta,tmap_routes
HW000695,2026-08-05 01:31:00,2026-08-05 02:04:00,2026-08-05 02:11:02,33,32.6,7.975,dongdaegu,1,1,True,target_available_at_arrival,available_count>0 at panel tick nearest as_of+tmap_eta,tmap_routes
DC530009,2026-07-26 03:37:13,2026-07-26 04:13:13,2026-07-26 04:17:17,36,36.1,8.473,dongdaegu,5,6,True,target_available_at_arrival,available_count>0 at panel tick nearest as_of+tmap_eta,tmap_routes
CV000512,2026-07-29 00:36:12,2026-07-29 00:56:12,2026-07-29 00:56:14,20,20.0,5.082,dongdaegu,1,1,True,target_available_at_arrival,available_count>0 at panel tick nearest as_of+tmap_eta,tmap_routes
CV000549,2026-07-24 07:44:14,2026-07-24 08:06:14,2026-07-24 08:09:21,22,21.9,5.425,dongdaegu,1,1,True,target_available_at_arrival,available_count>0 at panel tick nearest as_of+tmap_eta,tmap_routes
CU530011,2026-07-30 00:42:59,2026-07-30 00:58:59,2026-07-30 01:03:01,16,15.6,2.998,dongdaegu,19,19,True,target_available_at_arrival,available_count>0 at panel tick nearest as_of+tmap_eta,tmap_routes
ME25C170,2026-08-08 09:27:37,2026-08-08 09:56:37,2026-08-08 09:57:38,29,28.6,8.088,dongdaegu,1,1,True,target_available_at_arrival,available_count>0 at panel tick nearest as_of+tmap_eta,tmap_routes
CV002188,2026-08-04 13:17:28,2026-08-04 13:42:28,2026-08-04 13:47:29,25,25.1,6.932,dongdaegu,2,2,True,target_available_at_arrival,available_count>0 at panel tick nearest as_of+tmap_eta,tmap_routes
PI530304,2026-07-30 03:13:15,2026-07-30 03:19:15,2026-07-30 03:23:20,6,6.5,0.55,dongdaegu,1,1,True,target_available_at_arrival,available_count>0 at panel tick nearest as_of+tmap_eta,tmap_routes
SF000231,2026-08-03 08:02:19,2026-08-03 08:26:19,2026-08-03 08:32:20,24,23.5,3.866,dongdaegu,1,1,True,target_available_at_arrival,available_count>0 at panel tick nearest as_of+tmap_eta,tmap_routes
JA270007,2026-08-08 02:17:11,2026-08-08 02:31:11,2026-08-08 02:37:12,14,13.6,2.937,dongdaegu,3,3,True,target_available_at_arrival,available_count>0 at panel tick nearest as_of+tmap_eta,tmap_routes
ME183070,2026-07-31 20:25:41,2026-07-31 21:14:41,2026-07-31 21:15:53,49,49.1,29.79,dongdaegu,1,1,True,target_available_at_arrival,available_count>0 at panel tick nearest as_of+tmap_eta,tmap_routes
CV002150,2026-08-05 22:22:28,2026-08-05 22:52:28,2026-08-05 22:52:29,30,30.4,11.163,dongdaegu,1,2,True,target_available_at_arrival,available_count>0 at panel tick nearest as_of+tmap_eta,tmap_routes
KP004864,2026-07-29 00:46:13,2026-07-29 01:05:13,2026-07-29 01:06:15,19,18.9,4.039,dongdaegu,2,2,True,target_available_at_arrival,available_count>0 at panel tick nearest as_of+tmap_eta,tmap_routes
KE000420,2026-08-07 18:32:47,2026-08-07 18:49:47,2026-08-07 18:52:48,17,17.2,3.19,dongdaegu,1,1,True,target_available_at_arrival,available_count>0 at panel tick nearest as_of+tmap_eta,tmap_routes
CV003090,2026-07-31 18:35:14,2026-07-31 19:23:14,2026-07-31 19:25:32,48,48.2,11.633,dongdaegu,1,1,True,target_available_at_arrival,available_count>0 at panel tick nearest as_of+tmap_eta,tmap_routes
CV001396,2026-08-02 22:29:27,2026-08-02 22:39:27,2026-08-02 22:39:28,10,10.2,0.829,dongdaegu,1,1,True,target_available_at_arrival,available_count>0 at panel tick nearest as_of+tmap_eta,tmap_routes
CV000906,2026-08-06 17:56:46,2026-08-06 18:04:46,2026-08-06 18:06:46,8,7.7,1.201,dongdaegu,1,1,True,target_available_at_arrival,available_count>0 at panel tick nearest as_of+tmap_eta,tmap_routes
KP005834,2026-08-01 21:22:45,2026-08-01 22:05:45,2026-08-01 22:12:51,43,42.9,21.13,dongdaegu,1,1,True,target_available_at_arrival,available_count>0 at panel tick nearest as_of+tmap_eta,tmap_routes
EV016325,2026-07-31 21:05:52,2026-07-31 21:20:52,2026-07-31 21:25:54,15,15.2,3.142,dongdaegu,1,1,True,target_available_at_arrival,available_count>0 at panel tick nearest as_of+tmap_eta,tmap_routes
CV003445,2026-08-06 22:07:15,2026-08-06 22:23:15,2026-08-06 22:27:16,16,16.4,3.24,dongdaegu,3,3,True,target_available_at_arrival,available_count>0 at panel tick nearest as_of+tmap_eta,tmap_routes
CV004296,2026-07-29 23:10:22,2026-07-29 23:43:22,2026-07-29 23:50:30,33,32.6,16.54,dongdaegu,1,1,True,target_available_at_arrival,available_count>0 at panel tick nearest as_of+tmap_eta,tmap_routes
CV000810,2026-07-31 12:52:56,2026-07-31 13:08:56,2026-07-31 13:12:58,16,15.9,3.65,dongdaegu,1,1,True,target_available_at_arrival,available_count>0 at panel tick nearest as_of+tmap_eta,tmap_routes
PI740628,2026-08-02 16:38:39,2026-08-02 17:04:39,2026-08-02 17:08:43,26,26.1,8.918,dongdaegu,1,1,True,target_available_at_arrival,available_count>0 at panel tick nearest as_of+tmap_eta,tmap_routes
CV003086,2026-07-28 04:28:44,2026-07-28 04:51:44,2026-07-28 04:58:50,23,23.3,3.897,dongdaegu,1,1,True,target_available_at_arrival,available_count>0 at panel tick nearest as_of+tmap_eta,tmap_routes
CV003565,2026-08-04 11:27:23,2026-08-04 11:54:23,2026-08-04 11:57:24,27,26.6,7.173,dongdaegu,3,3,True,target_available_at_arrival,available_count>0 at panel tick nearest as_of+tmap_eta,tmap_routes
PC001547,2026-07-27 21:06:03,2026-07-27 21:36:03,2026-07-27 21:36:07,30,29.9,9.605,dongdaegu,1,1,True,target_available_at_arrival,available_count>0 at panel tick nearest as_of+tmap_eta,tmap_routes
EV006614,2026-07-25 21:14:36,2026-07-25 21:52:36,2026-07-25 21:54:41,38,37.6,13.391,dongdaegu,1,1,True,target_available_at_arrival,available_count>0 at panel tick nearest as_of+tmap_eta,tmap_routes
ST272924,2026-07-19 18:01:29,2026-07-19 18:43:29,2026-07-19 18:46:35,42,41.6,11.724,dongdaegu,3,3,True,target_available_at_arrival,available_count>0 at panel tick nearest as_of+tmap_eta,tmap_routes
PI530331,2026-07-23 10:31:10,2026-07-23 10:52:10,2026-07-23 10:56:34,21,20.6,4.729,dongdaegu,4,4,True,target_available_at_arrival,available_count>0 at panel tick nearest as_of+tmap_eta,tmap_routes
PI202986,2026-07-29 15:28:49,2026-07-29 15:41:49,2026-07-29 15:48:51,13,13.3,2.019,dongdaegu,3,3,True,target_available_at_arrival,available_count>0 at panel tick nearest as_of+tmap_eta,tmap_routes
CV001894,2026-08-01 19:42:24,2026-08-01 19:59:24,2026-08-01 20:02:28,17,16.7,3.567,dongdaegu,1,1,True,target_available_at_arrival,available_count>0 at panel tick nearest as_of+tmap_eta,tmap_routes
SF001858,2026-08-06 20:06:55,2026-08-06 20:30:55,2026-08-06 20:37:02,24,23.6,4.76,dongdaegu,5,4,True,target_available_at_arrival,available_count>0 at panel tick nearest as_of+tmap_eta,tmap_routes
CV002690,2026-08-03 22:44:05,2026-08-03 23:38:05,2026-08-03 23:44:08,54,54.3,31.501,dongdaegu,3,3,True,target_available_at_arrival,available_count>0 at panel tick nearest as_of+tmap_eta,tmap_routes
CV000502,2026-08-07 22:53:22,2026-08-07 23:27:22,2026-08-07 23:33:24,34,34.3,9.78,dongdaegu,1,1,True,target_available_at_arrival,available_count>0 at panel tick nearest as_of+tmap_eta,tmap_routes
CV003132,2026-07-26 01:06:51,2026-07-26 01:39:51,2026-07-26 01:46:58,33,32.7,11.251,dongdaegu,1,1,True,target_available_at_arrival,available_count>0 at panel tick nearest as_of+tmap_eta,tmap_routes
ME23B186,2026-07-27 18:25:16,2026-07-27 18:42:16,2026-07-27 18:45:22,17,16.9,2.531,dongdaegu,1,1,True,target_available_at_arrival,available_count>0 at panel tick nearest as_of+tmap_eta,tmap_routes
PI740250,2026-07-31 14:03:04,2026-07-31 14:27:04,2026-07-31 14:33:10,24,23.5,5.437,dongdaegu,1,1,True,target_available_at_arrival,available_count>0 at panel tick nearest as_of+tmap_eta,tmap_routes
KP004798,2026-08-05 08:41:21,2026-08-05 08:48:21,2026-08-05 08:51:21,7,7.4,1.273,dongdaegu,2,2,True,target_available_at_arrival,available_count>0 at panel tick nearest as_of+tmap_eta,tmap_routes
EV005267,2026-08-04 19:47:53,2026-08-04 20:17:53,2026-08-04 20:17:54,30,29.6,10.5,dongdaegu,1,1,True,target_available_at_arrival,available_count>0 at panel tick nearest as_of+tmap_eta,tmap_routes
ME18C172,2026-08-07 01:51:18,2026-08-07 02:10:18,2026-08-07 02:11:19,19,18.7,3.773,dongdaegu,1,1,True,target_available_at_arrival,available_count>0 at panel tick nearest as_of+tmap_eta,tmap_routes
KE000385,2026-08-02 15:18:28,2026-08-02 15:45:28,2026-08-02 15:48:33,27,27.1,10.449,dongdaegu,2,2,True,target_available_at_arrival,available_count>0 at panel tick nearest as_of+tmap_eta,tmap_routes
CV001971,2026-07-28 07:19:09,2026-07-28 07:33:09,2026-07-28 07:39:13,14,14.4,3.104,dongdaegu,1,1,True,target_available_at_arrival,available_count>0 at panel tick nearest as_of+tmap_eta,tmap_routes
NT101301,2026-08-01 03:29:17,2026-08-01 04:15:17,2026-08-01 04:19:22,46,46.0,23.701,dongdaegu,2,2,True,target_available_at_arrival,available_count>0 at panel tick nearest as_of+tmap_eta,tmap_routes
AM900026,2026-08-03 06:32:12,2026-08-03 07:00:12,2026-08-03 07:02:13,28,27.8,9.43,dongdaegu,3,3,True,target_available_at_arrival,available_count>0 at panel tick nearest as_of+tmap_eta,tmap_routes
CV003428,2026-07-28 23:33:50,2026-07-28 23:52:50,2026-07-28 23:53:52,19,18.9,3.756,dongdaegu,1,1,True,target_available_at_arrival,available_count>0 at panel tick nearest as_of+tmap_eta,tmap_routes
KL002459,2026-08-04 03:36:52,2026-08-04 03:50:52,2026-08-04 03:56:53,14,13.9,1.914,dongdaegu,10,10,True,target_available_at_arrival,available_count>0 at panel tick nearest as_of+tmap_eta,tmap_routes
CV002862,2026-08-03 05:42:10,2026-08-03 06:37:10,2026-08-03 06:42:12,55,55.1,31.788,dongdaegu,1,1,True,target_available_at_arrival,available_count>0 at panel tick nearest as_of+tmap_eta,tmap_routes
ME18C147,2026-07-28 16:32:17,2026-07-28 17:38:17,2026-07-28 17:42:34,66,65.8,31.609,dongdaegu,1,1,True,target_available_at_arrival,available_count>0 at panel tick nearest as_of+tmap_eta,tmap_routes
HE230028,2026-07-28 04:48:46,2026-07-28 05:15:46,2026-07-28 05:18:53,27,27.1,5.998,dongdaegu,2,2,True,target_available_at_arrival,available_count>0 at panel tick nearest as_of+tmap_eta,tmap_routes
EV005709,2026-07-23 10:56:34,2026-07-23 11:31:34,2026-07-23 11:31:57,35,34.7,9.64,dongdaegu,1,1,True,target_available_at_arrival,available_count>0 at panel tick nearest as_of+tmap_eta,tmap_routes
CV003088,2026-08-07 21:13:12,2026-08-07 21:33:12,2026-08-07 21:33:15,20,19.9,6.027,dongdaegu,1,1,True,target_available_at_arrival,available_count>0 at panel tick nearest as_of+tmap_eta,tmap_routes
ST271708,2026-07-26 06:57:39,2026-07-26 07:25:39,2026-07-26 07:27:42,28,27.9,6.624,dongdaegu,6,6,True,target_available_at_arrival,available_count>0 at panel tick nearest as_of+tmap_eta,tmap_routes
CV002139,2026-08-02 06:06:49,2026-08-02 06:19:49,2026-08-02 06:26:57,13,12.8,2.192,dongdaegu,2,2,True,target_available_at_arrival,available_count>0 at panel tick nearest as_of+tmap_eta,tmap_routes
KE000540,2026-08-08 01:27:06,2026-08-08 01:37:06,2026-08-08 01:37:06,10,10.2,1.469,dongdaegu,2,2,True,target_available_at_arrival,available_count>0 at panel tick nearest as_of+tmap_eta,tmap_routes
ME24B144,2026-07-23 04:58:42,2026-07-23 05:51:42,2026-07-23 05:53:56,53,53.4,31.05,dongdaegu,1,1,True,target_available_at_arrival,available_count>0 at panel tick nearest as_of+tmap_eta,tmap_routes
CV004134,2026-07-30 13:35:43,2026-07-30 13:52:43,2026-07-30 13:55:52,17,17.2,6.562,dongdaegu,5,5,True,target_available_at_arrival,available_count>0 at panel tick nearest as_of+tmap_eta,tmap_routes
DC530003,2026-07-24 06:13:36,2026-07-24 06:32:36,2026-07-24 06:33:43,19,18.8,3.965,dongdaegu,3,3,True,target_available_at_arrival,available_count>0 at panel tick nearest as_of+tmap_eta,tmap_routes
CV003286,2026-08-05 16:51:59,2026-08-05 17:26:59,2026-08-05 17:32:02,35,35.0,7.378,dongdaegu,2,2,True,target_available_at_arrival,available_count>0 at panel tick nearest as_of+tmap_eta,tmap_routes
EV006284,2026-08-04 13:27:28,2026-08-04 13:47:28,2026-08-04 13:47:29,20,19.6,1.837,dongdaegu,1,1,True,target_available_at_arrival,available_count>0 at panel tick nearest as_of+tmap_eta,tmap_routes
CV003698,2026-07-31 08:22:20,2026-07-31 09:10:20,2026-07-31 09:12:27,48,47.9,27.104,dongdaegu,2,0,False,target_available_at_arrival,available_count>0 at panel tick nearest as_of+tmap_eta,tmap_routes
CV002298,2026-08-01 04:29:22,2026-08-01 04:59:22,2026-08-01 04:59:25,30,29.6,11.989,dongdaegu,2,2,True,target_available_at_arrival,available_count>0 at panel tick nearest as_of+tmap_eta,tmap_routes
CV000535,2026-08-07 04:51:27,2026-08-07 05:05:27,2026-08-07 05:11:28,14,13.6,2.312,dongdaegu,1,1,True,target_available_at_arrival,available_count>0 at panel tick nearest as_of+tmap_eta,tmap_routes
DC530020,2026-07-21 16:12:48,2026-07-21 16:35:48,2026-07-21 16:42:51,23,23.2,4.562,dongdaegu,1,1,True,target_available_at_arrival,available_count>0 at panel tick nearest as_of+tmap_eta,tmap_routes
KP004005,2026-08-08 08:57:35,2026-08-08 09:24:35,2026-08-08 09:27:37,27,27.1,6.364,dongdaegu,2,2,True,target_available_at_arrival,available_count>0 at panel tick nearest as_of+tmap_eta,tmap_routes
CV001605,2026-08-04 01:56:47,2026-08-04 02:25:47,2026-08-04 02:26:49,29,29.2,7.17,dongdaegu,2,2,True,target_available_at_arrival,available_count>0 at panel tick nearest as_of+tmap_eta,tmap_routes
CV001600,2026-08-02 20:59:19,2026-08-02 21:23:19,2026-08-02 21:29:22,24,23.9,7.151,dongdaegu,2,2,True,target_available_at_arrival,available_count>0 at panel tick nearest as_of+tmap_eta,tmap_routes
CV001580,2026-07-27 05:32:45,2026-07-27 05:52:45,2026-07-27 05:52:47,20,19.6,3.217,dongdaegu,2,2,True,target_available_at_arrival,available_count>0 at panel tick nearest as_of+tmap_eta,tmap_routes
ST272607,2026-07-28 09:59:46,2026-07-28 10:18:46,2026-07-28 10:19:48,19,19.4,4.399,dongdaegu,1,1,True,target_available_at_arrival,available_count>0 at panel tick nearest as_of+tmap_eta,tmap_routes
LU002435,2026-07-23 14:48:04,2026-07-23 15:28:04,2026-07-23 15:28:28,40,40.1,20.089,dongdaegu,1,1,True,target_available_at_arrival,available_count>0 at panel tick nearest as_of+tmap_eta,tmap_routes
KL002700,2026-07-29 05:06:51,2026-07-29 05:24:51,2026-07-29 05:26:52,18,17.7,3.558,dongdaegu,1,1,True,target_available_at_arrival,available_count>0 at panel tick nearest as_of+tmap_eta,tmap_routes
CV003185,2026-08-05 05:01:08,2026-08-05 05:31:08,2026-08-05 05:31:09,30,30.1,9.788,dongdaegu,7,7,True,target_available_at_arrival,available_count>0 at panel tick nearest as_of+tmap_eta,tmap_routes
NX000019,2026-07-27 20:25:50,2026-07-27 20:50:50,2026-07-27 20:56:01,25,25.0,5.726,dongdaegu,1,1,True,target_available_at_arrival,available_count>0 at panel tick nearest as_of+tmap_eta,tmap_routes
ME19C143,2026-08-06 08:26:02,2026-08-06 09:21:02,2026-08-06 09:26:10,55,54.7,26.56,dongdaegu,1,1,True,target_available_at_arrival,available_count>0 at panel tick nearest as_of+tmap_eta,tmap_routes
PI740372,2026-07-26 05:57:29,2026-07-26 06:24:29,2026-07-26 06:27:36,27,27.0,8.013,dongdaegu,1,1,True,target_available_at_arrival,available_count>0 at panel tick nearest as_of+tmap_eta,tmap_routes
CV001635,2026-07-24 05:43:22,2026-07-24 06:21:22,2026-07-24 06:23:41,38,37.6,10.026,dongdaegu,2,2,True,target_available_at_arrival,available_count>0 at panel tick nearest as_of+tmap_eta,tmap_routes
CV002201,2026-08-03 16:02:52,2026-08-03 16:26:52,2026-08-03 16:32:57,24,23.6,6.784,dongdaegu,3,3,True,target_available_at_arrival,available_count>0 at panel tick nearest as_of+tmap_eta,tmap_routes
EV008582,2026-08-07 16:42:34,2026-08-07 17:11:34,2026-08-07 17:12:36,29,29.0,8.492,dongdaegu,1,1,True,target_available_at_arrival,available_count>0 at panel tick nearest as_of+tmap_eta,tmap_routes
PI740280,2026-08-03 10:12:31,2026-08-03 10:35:31,2026-08-03 10:42:32,23,23.1,6.214,dongdaegu,2,2,True,target_available_at_arrival,available_count>0 at panel tick nearest as_of+tmap_eta,tmap_routes
ST271708,2026-07-27 07:53:20,2026-07-27 08:21:20,2026-07-27 08:23:24,28,27.9,6.624,dongdaegu,5,5,True,target_available_at_arrival,available_count>0 at panel tick nearest as_of+tmap_eta,tmap_routes
PIS00599,2026-07-28 01:38:26,2026-07-28 02:14:26,2026-07-28 02:18:30,36,35.7,12.543,dongdaegu,5,5,True,target_available_at_arrival,available_count>0 at panel tick nearest as_of+tmap_eta,tmap_routes
BNBN0584,2026-08-06 09:26:10,2026-08-06 09:52:10,2026-08-06 09:56:12,26,26.1,5.553,dongdaegu,4,4,True,target_available_at_arrival,available_count>0 at panel tick nearest as_of+tmap_eta,tmap_routes
EV005966,2026-08-03 11:52:37,2026-08-03 12:37:37,2026-08-03 12:42:40,45,44.7,15.17,dongdaegu,3,3,True,target_available_at_arrival,available_count>0 at panel tick nearest as_of+tmap_eta,tmap_routes
CV002181,2026-07-28 03:58:40,2026-07-28 04:34:40,2026-07-28 04:38:46,36,35.9,10.517,dongdaegu,5,5,True,target_available_at_arrival,available_count>0 at panel tick nearest as_of+tmap_eta,tmap_routes
EV005229,2026-08-05 15:11:53,2026-08-05 15:29:53,2026-08-05 15:31:54,18,17.8,3.927,dongdaegu,2,2,True,target_available_at_arrival,available_count>0 at panel tick nearest as_of+tmap_eta,tmap_routes
CV002144,2026-07-26 23:00:02,2026-07-26 23:45:02,2026-07-26 23:50:07,45,44.6,9.399,dongdaegu,3,1,True,target_available_at_arrival,available_count>0 at panel tick nearest as_of+tmap_eta,tmap_routes
PC001513,2026-07-27 03:52:35,2026-07-27 04:09:35,2026-07-27 04:12:38,17,16.9,2.629,dongdaegu,5,5,True,target_available_at_arrival,available_count>0 at panel tick nearest as_of+tmap_eta,tmap_routes
KP006964,2026-07-28 08:59:37,2026-07-28 09:53:37,2026-07-28 09:59:46,54,54.0,31.044,dongdaegu,1,1,True,target_available_at_arrival,available_count>0 at panel tick nearest as_of+tmap_eta,tmap_routes
SF003012,2026-07-23 08:50:19,2026-07-23 09:32:19,2026-07-23 09:35:44,42,41.5,15.002,dongdaegu,7,6,True,target_available_at_arrival,available_count>0 at panel tick nearest as_of+tmap_eta,tmap_routes
PI740229,2026-08-02 08:47:19,2026-08-02 08:53:19,2026-08-02 08:57:20,6,5.5,0.716,dongdaegu,1,1,True,target_available_at_arrival,available_count>0 at panel tick nearest as_of+tmap_eta,tmap_routes
PI764798,2026-07-31 19:15:30,2026-07-31 19:38:30,2026-07-31 19:45:35,23,22.6,6.222,dongdaegu,2,2,True,target_available_at_arrival,available_count>0 at panel tick nearest as_of+tmap_eta,tmap_routes
TDP00010,2026-08-07 18:42:48,2026-08-07 19:00:48,2026-08-07 19:02:49,18,17.7,2.955,dongdaegu,14,13,True,target_available_at_arrival,available_count>0 at panel tick nearest as_of+tmap_eta,tmap_routes
IN053082,2026-08-08 12:17:51,2026-08-08 12:56:51,2026-08-08 12:57:53,39,39.1,13.086,dongdaegu,15,16,True,target_available_at_arrival,available_count>0 at panel tick nearest as_of+tmap_eta,tmap_routes
PW015039,2026-07-23 03:58:23,2026-07-23 04:25:23,2026-07-23 04:28:33,27,27.1,7.757,dongdaegu,1,1,True,target_available_at_arrival,available_count>0 at panel tick nearest as_of+tmap_eta,tmap_routes
NT100108,2026-08-02 16:58:42,2026-08-02 17:27:42,2026-08-02 17:28:46,29,29.3,10.825,dongdaegu,1,1,True,target_available_at_arrival,available_count>0 at panel tick nearest as_of+tmap_eta,tmap_routes
ST272921,2026-08-05 02:01:01,2026-08-05 02:37:01,2026-08-05 02:41:03,36,36.5,13.409,dongdaegu,1,1,True,target_available_at_arrival,available_count>0 at panel tick nearest as_of+tmap_eta,tmap_routes
PW000305,2026-07-31 10:22:37,2026-07-31 10:46:37,2026-07-31 10:52:40,24,24.1,5.361,dongdaegu,1,1,True,target_available_at_arrival,available_count>0 at panel tick nearest as_of+tmap_eta,tmap_routes
NT100595,2026-08-03 05:12:07,2026-08-03 05:41:07,2026-08-03 05:42:10,29,29.3,9.579,dongdaegu,2,2,True,target_available_at_arrival,available_count>0 at panel tick nearest as_of+tmap_eta,tmap_routes
CV000219,2026-08-04 11:47:24,2026-08-04 12:24:24,2026-08-04 12:27:25,37,37.2,14.875,dongdaegu,1,1,True,target_available_at_arrival,available_count>0 at panel tick nearest as_of+tmap_eta,tmap_routes
PIS00546,2026-08-06 13:16:24,2026-08-06 13:44:24,2026-08-06 13:46:25,28,28.2,9.181,dongdaegu,5,5,True,target_available_at_arrival,available_count>0 at panel tick nearest as_of+tmap_eta,tmap_routes
PI740701,2026-08-01 11:50:42,2026-08-01 12:27:42,2026-08-01 12:30:52,37,37.4,10.492,dongdaegu,1,1,True,target_available_at_arrival,available_count>0 at panel tick nearest as_of+tmap_eta,tmap_routes
HW000494,2026-07-25 23:24:53,2026-07-25 23:51:53,2026-07-25 23:54:57,27,26.6,7.426,dongdaegu,1,1,True,target_available_at_arrival,available_count>0 at panel tick nearest as_of+tmap_eta,tmap_routes
CV001605,2026-07-31 06:31:41,2026-07-31 07:00:41,2026-07-31 07:01:47,29,29.2,7.17,dongdaegu,2,2,True,target_available_at_arrival,available_count>0 at panel tick nearest as_of+tmap_eta,tmap_routes
LU002365,2026-08-09 02:33:06,2026-08-09 03:03:06,2026-08-09 03:03:07,30,30.5,8.144,dongdaegu,2,2,True,target_available_at_arrival,available_count>0 at panel tick nearest as_of+tmap_eta,tmap_routes
ME19F412,2026-07-23 12:12:17,2026-07-23 13:06:17,2026-07-23 13:07:41,54,54.5,32.172,dongdaegu,2,2,True,target_available_at_arrival,available_count>0 at panel tick nearest as_of+tmap_eta,tmap_routes
EV007657,2026-08-03 17:53:46,2026-08-03 18:33:46,2026-08-03 18:33:49,40,39.7,10.96,dongdaegu,1,1,True,target_available_at_arrival,available_count>0 at panel tick nearest as_of+tmap_eta,tmap_routes
AM900026,2026-07-31 18:15:10,2026-07-31 18:43:10,2026-07-31 18:45:19,28,27.8,9.43,dongdaegu,2,2,True,target_available_at_arrival,available_count>0 at panel tick nearest as_of+tmap_eta,tmap_routes
PI740066,2026-07-31 12:32:51,2026-07-31 12:47:51,2026-07-31 12:52:56,15,15.3,3.027,dongdaegu,2,2,True,target_available_at_arrival,available_count>0 at panel tick nearest as_of+tmap_eta,tmap_routes
TS271405,2026-07-30 08:04:17,2026-07-30 08:22:17,2026-07-30 08:24:20,18,17.6,3.579,dongdaegu,1,1,True,target_available_at_arrival,available_count>0 at panel tick nearest as_of+tmap_eta,tmap_routes
CV000816,2026-08-05 09:51:25,2026-08-05 10:27:25,2026-08-05 10:31:33,36,35.7,10.475,dongdaegu,1,1,True,target_available_at_arrival,available_count>0 at panel tick nearest as_of+tmap_eta,tmap_routes
CV004339,2026-07-31 18:45:19,2026-07-31 19:11:19,2026-07-31 19:15:30,26,26.2,7.956,dongdaegu,2,2,True,target_available_at_arrival,available_count>0 at panel tick nearest as_of+tmap_eta,tmap_routes
PI740349,2026-08-03 05:12:07,2026-08-03 06:02:07,2026-08-03 06:02:11,50,50.5,27.821,dongdaegu,1,1,True,target_available_at_arrival,available_count>0 at panel tick nearest as_of+tmap_eta,tmap_routes
TS271405,2026-08-05 15:31:54,2026-08-05 15:49:54,2026-08-05 15:51:56,18,17.6,3.579,dongdaegu,1,1,True,target_available_at_arrival,available_count>0 at panel tick nearest as_of+tmap_eta,tmap_routes
CV004104,2026-08-05 10:41:33,2026-08-05 11:00:33,2026-08-05 11:01:34,19,19.3,7.318,dongdaegu,15,14,True,target_available_at_arrival,available_count>0 at panel tick nearest as_of+tmap_eta,tmap_routes
KP002189,2026-07-21 14:12:00,2026-07-21 14:27:00,2026-07-21 14:32:07,15,15.4,3.325,dongdaegu,1,1,True,target_available_at_arrival,available_count>0 at panel tick nearest as_of+tmap_eta,tmap_routes
LU100685,2026-08-01 21:42:47,2026-08-01 21:58:47,2026-08-01 22:02:50,16,16.5,3.566,dongdaegu,1,2,True,target_available_at_arrival,available_count>0 at panel tick nearest as_of+tmap_eta,tmap_routes
CV000507,2026-08-08 13:17:54,2026-08-08 13:53:54,2026-08-08 13:57:56,36,35.7,7.788,dongdaegu,1,1,True,target_available_at_arrival,available_count>0 at panel tick nearest as_of+tmap_eta,tmap_routes
RE000181,2026-08-09 00:53:00,2026-08-09 01:19:00,2026-08-09 01:23:01,26,25.7,4.925,dongdaegu,2,2,True,target_available_at_arrival,available_count>0 at panel tick nearest as_of+tmap_eta,tmap_routes
PI000126,2026-08-06 02:15:46,2026-08-06 02:52:46,2026-08-06 02:55:47,37,36.9,10.677,dongdaegu,2,2,True,target_available_at_arrival,available_count>0 at panel tick nearest as_of+tmap_eta,tmap_routes
KE000245,2026-08-01 23:33:00,2026-08-02 00:00:00,2026-08-02 00:03:03,27,26.6,7.893,dongdaegu,2,2,True,target_available_at_arrival,available_count>0 at panel tick nearest as_of+tmap_eta,tmap_routes
DC530029,2026-07-24 06:58:56,2026-07-24 07:43:56,2026-07-24 07:44:14,45,44.9,12.015,dongdaegu,2,2,True,target_available_at_arrival,available_count>0 at panel tick nearest as_of+tmap_eta,tmap_routes
KP000240,2026-08-07 13:32:14,2026-08-07 14:26:14,2026-08-07 14:32:17,54,53.8,25.79,dongdaegu,2,2,True,target_available_at_arrival,available_count>0 at panel tick nearest as_of+tmap_eta,tmap_routes
CV003454,2026-07-21 22:33:11,2026-07-21 22:49:11,2026-07-21 22:53:13,16,16.1,3.323,dongdaegu,1,1,True,target_available_at_arrival,available_count>0 at panel tick nearest as_of+tmap_eta,tmap_routes
CV002033,2026-07-30 04:23:33,2026-07-30 04:57:33,2026-07-30 05:03:40,34,33.9,10.471,dongdaegu,1,1,True,target_available_at_arrival,available_count>0 at panel tick nearest as_of+tmap_eta,tmap_routes
HE230028,2026-08-07 23:03:22,2026-08-07 23:30:22,2026-08-07 23:33:24,27,27.1,5.998,dongdaegu,2,2,True,target_available_at_arrival,available_count>0 at panel tick nearest as_of+tmap_eta,tmap_routes
HW000488,2026-08-03 08:32:20,2026-08-03 09:02:20,2026-08-03 09:02:24,30,30.4,8.065,dongdaegu,1,1,True,target_available_at_arrival,available_count>0 at panel tick nearest as_of+tmap_eta,tmap_routes
KP003780,2026-07-29 18:59:37,2026-07-29 19:36:37,2026-07-29 19:39:43,37,37.2,9.349,dongdaegu,1,1,True,target_available_at_arrival,available_count>0 at panel tick nearest as_of+tmap_eta,tmap_routes
SF002605,2026-07-27 00:52:18,2026-07-27 01:26:18,2026-07-27 01:32:22,34,33.8,8.579,dongdaegu,2,2,True,target_available_at_arrival,available_count>0 at panel tick nearest as_of+tmap_eta,tmap_routes
CV000195,2026-08-01 02:19:09,2026-08-01 02:49:09,2026-08-01 02:49:12,30,29.9,9.211,dongdaegu,1,1,True,target_available_at_arrival,available_count>0 at panel tick nearest as_of+tmap_eta,tmap_routes
ME183071,2026-07-27 10:23:41,2026-07-27 11:01:41,2026-07-27 11:03:46,38,37.8,12.564,dongdaegu,1,1,True,target_available_at_arrival,available_count>0 at panel tick nearest as_of+tmap_eta,tmap_routes
CV003080,2026-07-23 01:57:57,2026-07-23 02:53:57,2026-07-23 02:58:11,56,56.0,32.563,dongdaegu,1,1,True,target_available_at_arrival,available_count>0 at panel tick nearest as_of+tmap_eta,tmap_routes
CV004482,2026-07-26 11:58:32,2026-07-26 12:43:32,2026-07-26 12:48:38,45,45.4,13.03,dongdaegu,3,3,True,target_available_at_arrival,available_count>0 at panel tick nearest as_of+tmap_eta,tmap_routes
PW014349,2026-08-07 12:42:09,2026-08-07 12:59:09,2026-08-07 13:02:12,17,16.6,2.081,dongdaegu,2,2,True,target_available_at_arrival,available_count>0 at panel tick nearest as_of+tmap_eta,tmap_routes
CV001601,2026-07-26 02:37:03,2026-07-26 03:15:03,2026-07-26 03:17:07,38,38.1,7.168,dongdaegu,2,2,True,target_available_at_arrival,available_count>0 at panel tick nearest as_of+tmap_eta,tmap_routes
CV003066,2026-07-23 10:01:03,2026-07-23 10:41:03,2026-07-23 10:41:27,40,39.9,11.512,dongdaegu,1,0,False,target_available_at_arrival,available_count>0 at panel tick nearest as_of+tmap_eta,tmap_routes
HM710014,2026-07-28 04:28:44,2026-07-28 05:05:44,2026-07-28 05:08:51,37,37.1,6.887,dongdaegu,4,4,True,target_available_at_arrival,available_count>0 at panel tick nearest as_of+tmap_eta,tmap_routes
CV001121,2026-07-24 06:28:42,2026-07-24 06:58:42,2026-07-24 06:58:56,30,29.7,8.333,dongdaegu,1,1,True,target_available_at_arrival,available_count>0 at panel tick nearest as_of+tmap_eta,tmap_routes
PI530086,2026-07-26 20:39:42,2026-07-26 21:34:42,2026-07-26 21:39:51,55,55.4,26.06,dongdaegu,1,1,True,target_available_at_arrival,available_count>0 at panel tick nearest as_of+tmap_eta,tmap_routes
EV005964,2026-07-27 04:12:38,2026-07-27 04:57:38,2026-07-27 05:02:43,45,44.7,15.164,dongdaegu,1,1,True,target_available_at_arrival,available_count>0 at panel tick nearest as_of+tmap_eta,tmap_routes
EV006228,2026-08-04 10:47:16,2026-08-04 11:25:16,2026-08-04 11:27:23,38,37.6,13.391,dongdaegu,1,1,True,target_available_at_arrival,available_count>0 at panel tick nearest as_of+tmap_eta,tmap_routes
ME183067,2026-07-29 23:20:23,2026-07-29 23:45:23,2026-07-29 23:50:30,25,24.9,5.762,dongdaegu,1,1,True,target_available_at_arrival,available_count>0 at panel tick nearest as_of+tmap_eta,tmap_routes
LU001877,2026-08-02 21:39:23,2026-08-02 22:08:23,2026-08-02 22:09:26,29,29.3,9.229,dongdaegu,7,7,True,target_available_at_arrival,available_count>0 at panel tick nearest as_of+tmap_eta,tmap_routes
SF002932,2026-08-01 19:02:18,2026-08-01 19:18:18,2026-08-01 19:22:20,16,16.3,3.712,dongdaegu,3,3,True,target_available_at_arrival,available_count>0 at panel tick nearest as_of+tmap_eta,tmap_routes
PI752996,2026-08-07 22:23:20,2026-08-07 22:43:20,2026-08-07 22:43:21,20,19.7,3.143,dongdaegu,1,1,True,target_available_at_arrival,available_count>0 at panel tick nearest as_of+tmap_eta,tmap_routes
CV003459,2026-07-23 00:00:44,2026-07-23 00:21:44,2026-07-23 00:22:34,21,21.4,4.11,dongdaegu,2,2,True,target_available_at_arrival,available_count>0 at panel tick nearest as_of+tmap_eta,tmap_routes
EV006617,2026-08-02 00:15:55,2026-08-02 00:53:55,2026-08-02 00:56:01,38,37.6,13.391,dongdaegu,1,1,True,target_available_at_arrival,available_count>0 at panel tick nearest as_of+tmap_eta,tmap_routes
ST271709,2026-07-31 12:22:49,2026-07-31 12:51:49,2026-07-31 12:52:56,29,28.9,7.971,dongdaegu,2,2,True,target_available_at_arrival,available_count>0 at panel tick nearest as_of+tmap_eta,tmap_routes
ME184070,2026-08-04 17:37:44,2026-08-04 18:02:44,2026-08-04 18:07:46,25,25.3,8.197,dongdaegu,1,1,True,target_available_at_arrival,available_count>0 at panel tick nearest as_of+tmap_eta,tmap_routes
CV003283,2026-07-26 22:09:55,2026-07-26 22:43:55,2026-07-26 22:50:00,34,33.9,8.36,dongdaegu,1,2,True,target_available_at_arrival,available_count>0 at panel tick nearest as_of+tmap_eta,tmap_routes
LU001036,2026-07-29 12:18:25,2026-07-29 13:04:25,2026-07-29 13:08:31,46,46.2,15.687,dongdaegu,3,4,True,target_available_at_arrival,available_count>0 at panel tick nearest as_of+tmap_eta,tmap_routes
EV006228,2026-07-29 10:18:04,2026-07-29 10:56:04,2026-07-29 10:58:09,38,37.6,13.391,dongdaegu,1,1,True,target_available_at_arrival,available_count>0 at panel tick nearest as_of+tmap_eta,tmap_routes
CV000670,2026-07-23 14:33:01,2026-07-23 15:07:01,2026-07-23 15:08:22,34,34.3,10.214,dongdaegu,1,1,True,target_available_at_arrival,available_count>0 at panel tick nearest as_of+tmap_eta,tmap_routes
EV004402,2026-08-02 00:46:00,2026-08-02 01:23:00,2026-08-02 01:26:08,37,37.4,11.986,dongdaegu,2,3,True,target_available_at_arrival,available_count>0 at panel tick nearest as_of+tmap_eta,tmap_routes
EV008138,2026-07-23 10:56:34,2026-07-23 11:16:34,2026-07-23 11:16:43,20,19.9,1.724,dongdaegu,3,3,True,target_available_at_arrival,available_count>0 at panel tick nearest as_of+tmap_eta,tmap_routes
CV001398,2026-07-23 06:49:15,2026-07-23 07:30:15,2026-07-23 07:34:27,41,40.6,13.29,dongdaegu,3,3,True,target_available_at_arrival,available_count>0 at panel tick nearest as_of+tmap_eta,tmap_routes
CV000906,2026-07-26 10:18:13,2026-07-26 10:26:13,2026-07-26 10:28:14,8,7.7,1.201,dongdaegu,1,0,False,target_available_at_arrival,available_count>0 at panel tick nearest as_of+tmap_eta,tmap_routes
CV003063,2026-08-06 06:35:55,2026-08-06 07:13:55,2026-08-06 07:15:57,38,38.4,10.075,dongdaegu,1,1,True,target_available_at_arrival,available_count>0 at panel tick nearest as_of+tmap_eta,tmap_routes
CV002048,2026-08-05 17:32:02,2026-08-05 18:10:02,2026-08-05 18:12:07,38,37.7,10.255,dongdaegu,2,1,True,target_available_at_arrival,available_count>0 at panel tick nearest as_of+tmap_eta,tmap_routes
ST271709,2026-07-23 02:33:06,2026-07-23 03:02:06,2026-07-23 03:03:11,29,28.9,7.971,dongdaegu,1,1,True,target_available_at_arrival,available_count>0 at panel tick nearest as_of+tmap_eta,tmap_routes
CV002951,2026-08-07 11:22:05,2026-08-07 12:12:05,2026-08-07 12:12:07,50,49.6,39.256,dongdaegu,2,2,True,target_available_at_arrival,available_count>0 at panel tick nearest as_of+tmap_eta,tmap_routes
PIH00737,2026-07-31 21:05:52,2026-07-31 21:33:52,2026-07-31 21:35:56,28,28.1,9.346,dongdaegu,8,7,True,target_available_at_arrival,available_count>0 at panel tick nearest as_of+tmap_eta,tmap_routes
ME183068,2026-07-18 20:51:15,2026-07-18 21:15:15,2026-07-18 21:21:16,24,23.9,7.001,dongdaegu,1,1,True,target_available_at_arrival,available_count>0 at panel tick nearest as_of+tmap_eta,tmap_routes
CV003464,2026-08-07 19:53:03,2026-08-07 20:20:03,2026-08-07 20:23:07,27,27.0,5.866,dongdaegu,2,1,True,target_available_at_arrival,available_count>0 at panel tick nearest as_of+tmap_eta,tmap_routes
CV002358,2026-07-24 03:07:10,2026-07-24 03:18:10,2026-07-24 03:22:12,11,10.9,1.402,dongdaegu,2,2,True,target_available_at_arrival,available_count>0 at panel tick nearest as_of+tmap_eta,tmap_routes
CV001124,2026-07-22 16:50:42,2026-07-22 17:30:42,2026-07-22 17:31:23,40,40.4,13.358,dongdaegu,1,1,True,target_available_at_arrival,available_count>0 at panel tick nearest as_of+tmap_eta,tmap_routes
ME183067,2026-08-07 08:31:47,2026-08-07 08:56:47,2026-08-07 09:01:51,25,24.9,5.762,dongdaegu,1,1,True,target_available_at_arrival,available_count>0 at panel tick nearest as_of+tmap_eta,tmap_routes
PW012390,2026-08-04 01:26:43,2026-08-04 01:52:43,2026-08-04 01:56:47,26,26.0,8.161,dongdaegu,1,1,True,target_available_at_arrival,available_count>0 at panel tick nearest as_of+tmap_eta,tmap_routes
ST272925,2026-08-06 07:15:57,2026-08-06 07:48:57,2026-08-06 07:56:00,33,32.9,7.879,dongdaegu,1,1,True,target_available_at_arrival,available_count>0 at panel tick nearest as_of+tmap_eta,tmap_routes
LU002435,2026-08-05 06:11:11,2026-08-05 06:51:11,2026-08-05 06:51:14,40,40.1,20.089,dongdaegu,2,2,True,target_available_at_arrival,available_count>0 at panel tick nearest as_of+tmap_eta,tmap_routes
CV002072,2026-08-02 19:59:12,2026-08-02 20:19:12,2026-08-02 20:19:14,20,20.2,4.511,dongdaegu,1,1,True,target_available_at_arrival,available_count>0 at panel tick nearest as_of+tmap_eta,tmap_routes
EV006497,2026-07-23 14:33:01,2026-07-23 15:12:01,2026-07-23 15:13:24,39,39.0,10.915,dongdaegu,1,1,True,target_available_at_arrival,available_count>0 at panel tick nearest as_of+tmap_eta,tmap_routes
EV000654,2026-07-24 02:21:59,2026-07-24 02:42:59,2026-07-24 02:47:07,21,21.3,6.241,dongdaegu,1,1,True,target_available_at_arrival,available_count>0 at panel tick nearest as_of+tmap_eta,tmap_routes
KL002459,2026-08-05 06:11:11,2026-08-05 06:25:11,2026-08-05 06:31:12,14,13.9,1.914,dongdaegu,8,8,True,target_available_at_arrival,available_count>0 at panel tick nearest as_of+tmap_eta,tmap_routes
JA270006,2026-08-08 17:58:19,2026-08-08 18:12:19,2026-08-08 18:18:22,14,14.1,2.934,dongdaegu,8,8,True,target_available_at_arrival,available_count>0 at panel tick nearest as_of+tmap_eta,tmap_routes
AZ100020,2026-08-07 17:12:36,2026-08-07 17:25:36,2026-08-07 17:32:38,13,13.0,1.321,dongdaegu,1,2,True,target_available_at_arrival,available_count>0 at panel tick nearest as_of+tmap_eta,tmap_routes
PI808200,2026-07-18 21:36:17,2026-07-18 22:14:17,2026-07-18 22:21:20,38,37.5,11.167,dongdaegu,2,2,True,target_available_at_arrival,available_count>0 at panel tick nearest as_of+tmap_eta,tmap_routes
DC530001,2026-08-06 12:36:20,2026-08-06 13:12:20,2026-08-06 13:16:24,36,35.9,10.361,dongdaegu,6,6,True,target_available_at_arrival,available_count>0 at panel tick nearest as_of+tmap_eta,tmap_routes
CV000512,2026-07-27 01:02:19,2026-07-27 01:22:19,2026-07-27 01:22:21,20,20.0,5.082,dongdaegu,1,1,True,target_available_at_arrival,available_count>0 at panel tick nearest as_of+tmap_eta,tmap_routes
LU100103,2026-08-05 23:12:30,2026-08-05 23:49:30,2026-08-05 23:52:32,37,36.6,8.479,dongdaegu,1,1,True,target_available_at_arrival,available_count>0 at panel tick nearest as_of+tmap_eta,tmap_routes
CV001626,2026-07-31 07:42:04,2026-07-31 08:30:04,2026-07-31 08:32:22,48,48.5,14.505,dongdaegu,2,2,True,target_available_at_arrival,available_count>0 at panel tick nearest as_of+tmap_eta,tmap_routes
PW015154,2026-08-05 17:12:00,2026-08-05 17:32:00,2026-08-05 17:32:02,20,20.5,5.59,dongdaegu,1,1,True,target_available_at_arrival,available_count>0 at panel tick nearest as_of+tmap_eta,tmap_routes
DC530016,2026-08-04 16:37:40,2026-08-04 17:23:40,2026-08-04 17:27:43,46,46.0,9.407,dongdaegu,1,0,False,target_available_at_arrival,available_count>0 at panel tick nearest as_of+tmap_eta,tmap_routes
PI740140,2026-08-08 21:58:39,2026-08-08 22:28:39,2026-08-08 22:28:42,30,30.1,9.429,dongdaegu,1,1,True,target_available_at_arrival,available_count>0 at panel tick nearest as_of+tmap_eta,tmap_routes
EV006220,2026-08-05 02:01:01,2026-08-05 02:39:01,2026-08-05 02:41:03,38,37.6,13.391,dongdaegu,1,1,True,target_available_at_arrival,available_count>0 at panel tick nearest as_of+tmap_eta,tmap_routes
EV007837,2026-07-23 14:43:03,2026-07-23 15:09:03,2026-07-23 15:13:24,26,25.9,3.73,dongdaegu,3,3,True,target_available_at_arrival,available_count>0 at panel tick nearest as_of+tmap_eta,tmap_routes
EV002287,2026-08-07 03:41:22,2026-08-07 04:17:22,2026-08-07 04:21:26,36,36.3,7.344,dongdaegu,1,1,True,target_available_at_arrival,available_count>0 at panel tick nearest as_of+tmap_eta,tmap_routes
ME183053,2026-07-25 08:14:07,2026-07-25 08:51:07,2026-07-25 08:53:43,37,36.9,10.152,dongdaegu,1,1,True,target_available_at_arrival,available_count>0 at panel tick nearest as_of+tmap_eta,tmap_routes
ME22C1A1,2026-07-23 06:49:15,2026-07-23 07:35:15,2026-07-23 07:39:31,46,46.4,10.157,dongdaegu,1,1,True,target_available_at_arrival,available_count>0 at panel tick nearest as_of+tmap_eta,tmap_routes
CV000665,2026-07-31 05:11:24,2026-07-31 05:40:24,2026-07-31 05:41:35,29,29.3,6.294,dongdaegu,3,3,True,target_available_at_arrival,available_count>0 at panel tick nearest as_of+tmap_eta,tmap_routes
CV000658,2026-08-03 22:34:05,2026-08-03 23:04:05,2026-08-03 23:04:07,30,29.7,11.549,dongdaegu,2,2,True,target_available_at_arrival,available_count>0 at panel tick nearest as_of+tmap_eta,tmap_routes
ME183068,2026-08-02 03:16:29,2026-08-02 03:40:29,2026-08-02 03:46:34,24,23.9,7.001,dongdaegu,1,1,True,target_available_at_arrival,available_count>0 at panel tick nearest as_of+tmap_eta,tmap_routes
CV002347,2026-08-07 12:02:07,2026-08-07 12:26:07,2026-08-07 12:32:08,24,24.2,9.135,dongdaegu,4,4,True,target_available_at_arrival,available_count>0 at panel tick nearest as_of+tmap_eta,tmap_routes
CV003136,2026-07-23 12:22:26,2026-07-23 12:50:26,2026-07-23 12:52:33,28,28.2,8.505,dongdaegu,1,0,False,target_available_at_arrival,available_count>0 at panel tick nearest as_of+tmap_eta,tmap_routes
PI530033,2026-08-02 05:26:45,2026-08-02 05:46:45,2026-08-02 05:46:47,20,20.4,4.625,dongdaegu,1,1,True,target_available_at_arrival,available_count>0 at panel tick nearest as_of+tmap_eta,tmap_routes
CV003559,2026-07-29 02:46:31,2026-07-29 03:03:31,2026-07-29 03:06:32,17,16.7,2.572,dongdaegu,1,1,True,target_available_at_arrival,available_count>0 at panel tick nearest as_of+tmap_eta,tmap_routes
PI808200,2026-07-23 08:45:08,2026-07-23 09:23:08,2026-07-23 09:25:42,38,37.5,11.167,dongdaegu,2,3,True,target_available_at_arrival,available_count>0 at panel tick nearest as_of+tmap_eta,tmap_routes
CV000219,2026-07-30 13:35:43,2026-07-30 14:12:43,2026-07-30 14:15:57,37,37.2,14.875,dongdaegu,1,1,True,target_available_at_arrival,available_count>0 at panel tick nearest as_of+tmap_eta,tmap_routes
HM000722,2026-08-05 17:52:03,2026-08-05 18:42:03,2026-08-05 18:42:09,50,49.6,13.089,dongdaegu,10,8,True,target_available_at_arrival,available_count>0 at panel tick nearest as_of+tmap_eta,tmap_routes
CV000818,2026-08-04 04:56:55,2026-08-04 05:33:55,2026-08-04 05:36:56,37,37.1,11.9,dongdaegu,1,1,True,target_available_at_arrival,available_count>0 at panel tick nearest as_of+tmap_eta,tmap_routes
HW000508,2026-08-04 22:18:05,2026-08-04 22:48:05,2026-08-04 22:48:06,30,30.0,7.629,dongdaegu,2,2,True,target_available_at_arrival,available_count>0 at panel tick nearest as_of+tmap_eta,tmap_routes
PC001338,2026-08-08 00:27:03,2026-08-08 00:47:03,2026-08-08 00:47:04,20,20.1,4.064,dongdaegu,1,1,True,target_available_at_arrival,available_count>0 at panel tick nearest as_of+tmap_eta,tmap_routes
ME20C187,2026-08-02 03:56:34,2026-08-02 04:51:34,2026-08-02 04:56:42,55,54.6,26.572,dongdaegu,1,1,True,target_available_at_arrival,available_count>0 at panel tick nearest as_of+tmap_eta,tmap_routes
CV003140,2026-07-27 10:13:40,2026-07-27 10:57:40,2026-07-27 11:03:46,44,44.4,15.17,dongdaegu,1,1,True,target_available_at_arrival,available_count>0 at panel tick nearest as_of+tmap_eta,tmap_routes
CV000565,2026-07-28 11:50:19,2026-07-28 12:50:19,2026-07-28 12:50:56,60,59.7,25.661,dongdaegu,3,4,True,target_available_at_arrival,available_count>0 at panel tick nearest as_of+tmap_eta,tmap_routes
ME18C177,2026-07-23 02:33:06,2026-07-23 03:30:06,2026-07-23 03:33:19,57,57.1,32.73,dongdaegu,1,1,True,target_available_at_arrival,available_count>0 at panel tick nearest as_of+tmap_eta,tmap_routes
PI808200,2026-07-24 20:29:23,2026-07-24 21:07:23,2026-07-24 21:09:32,38,37.5,11.167,dongdaegu,3,2,True,target_available_at_arrival,available_count>0 at panel tick nearest as_of+tmap_eta,tmap_routes
ST601237,2026-07-28 05:48:58,2026-07-28 06:04:58,2026-07-28 06:09:00,16,16.1,3.81,dongdaegu,2,2,True,target_available_at_arrival,available_count>0 at panel tick nearest as_of+tmap_eta,tmap_routes
HE240383,2026-07-25 13:14:42,2026-07-25 14:17:42,2026-07-25 14:24:54,63,62.8,24.74,dongdaegu,1,1,True,target_available_at_arrival,available_count>0 at panel tick nearest as_of+tmap_eta,tmap_routes
PI740349,2026-08-06 14:26:27,2026-08-06 15:16:27,2026-08-06 15:16:34,50,50.5,27.821,dongdaegu,2,2,True,target_available_at_arrival,available_count>0 at panel tick nearest as_of+tmap_eta,tmap_routes
CV003482,2026-07-29 00:36:12,2026-07-29 01:02:12,2026-07-29 01:06:15,26,25.5,4.456,dongdaegu,4,4,True,target_available_at_arrival,available_count>0 at panel tick nearest as_of+tmap_eta,tmap_routes
PI306067,2026-08-09 06:13:16,2026-08-09 06:40:16,2026-08-09 06:43:17,27,27.0,9.229,dongdaegu,2,2,True,target_available_at_arrival,available_count>0 at panel tick nearest as_of+tmap_eta,tmap_routes
HE240382,2026-07-23 09:05:36,2026-07-23 10:08:36,2026-07-23 10:11:05,63,62.7,24.773,dongdaegu,1,0,False,target_available_at_arrival,available_count>0 at panel tick nearest as_of+tmap_eta,tmap_routes
BNBN0591,2026-08-01 14:21:20,2026-08-01 14:54:20,2026-08-01 15:01:30,33,33.3,12.601,dongdaegu,1,1,True,target_available_at_arrival,available_count>0 at panel tick nearest as_of+tmap_eta,tmap_routes
CV002348,2026-07-31 18:55:21,2026-07-31 19:40:21,2026-07-31 19:45:35,45,45.2,15.52,dongdaegu,7,8,True,target_available_at_arrival,available_count>0 at panel tick nearest as_of+tmap_eta,tmap_routes
SF003198,2026-07-24 11:37:35,2026-07-24 12:03:35,2026-07-24 12:07:38,26,26.4,10.221,dongdaegu,3,3,True,target_available_at_arrival,available_count>0 at panel tick nearest as_of+tmap_eta,tmap_routes
EV008882,2026-07-27 05:52:47,2026-07-27 06:22:47,2026-07-27 06:22:56,30,30.1,10.5,dongdaegu,1,1,True,target_available_at_arrival,available_count>0 at panel tick nearest as_of+tmap_eta,tmap_routes
CV004555,2026-07-23 10:21:08,2026-07-23 10:41:08,2026-07-23 10:41:27,20,19.8,3.775,dongdaegu,2,2,True,target_available_at_arrival,available_count>0 at panel tick nearest as_of+tmap_eta,tmap_routes
DC530025,2026-07-28 09:59:46,2026-07-28 10:18:46,2026-07-28 10:19:48,19,18.8,3.852,dongdaegu,3,3,True,target_available_at_arrival,available_count>0 at panel tick nearest as_of+tmap_eta,tmap_routes
DC530025,2026-08-08 11:57:49,2026-08-08 12:16:49,2026-08-08 12:17:51,19,18.8,3.852,dongdaegu,3,3,True,target_available_at_arrival,available_count>0 at panel tick nearest as_of+tmap_eta,tmap_routes
HY000912,2026-08-05 16:01:56,2026-08-05 16:25:56,2026-08-05 16:31:58,24,23.5,6.608,dongdaegu,8,8,True,target_available_at_arrival,available_count>0 at panel tick nearest as_of+tmap_eta,tmap_routes
SF003055,2026-07-19 19:46:39,2026-07-19 20:00:39,2026-07-19 20:01:40,14,14.1,3.101,dongdaegu,2,2,True,target_available_at_arrival,available_count>0 at panel tick nearest as_of+tmap_eta,tmap_routes
EV002287,2026-08-02 16:38:39,2026-08-02 17:14:39,2026-08-02 17:18:45,36,36.3,7.344,dongdaegu,1,1,True,target_available_at_arrival,available_count>0 at panel tick nearest as_of+tmap_eta,tmap_routes
PI740231,2026-08-01 18:02:06,2026-08-01 18:08:06,2026-08-01 18:12:11,6,5.8,0.622,dongdaegu,1,1,True,target_available_at_arrival,available_count>0 at panel tick nearest as_of+tmap_eta,tmap_routes
CV000562,2026-07-22 22:05:13,2026-07-22 22:19:13,2026-07-22 22:20:17,14,14.0,1.777,dongdaegu,2,2,True,target_available_at_arrival,available_count>0 at panel tick nearest as_of+tmap_eta,tmap_routes
CV003282,2026-08-01 14:11:19,2026-08-01 14:44:19,2026-08-01 14:51:29,33,33.1,8.239,dongdaegu,1,1,True,target_available_at_arrival,available_count>0 at panel tick nearest as_of+tmap_eta,tmap_routes
CV002570,2026-08-05 09:01:22,2026-08-05 09:21:22,2026-08-05 09:21:23,20,19.7,3.538,dongdaegu,4,3,True,target_available_at_arrival,available_count>0 at panel tick nearest as_of+tmap_eta,tmap_routes
PC001162,2026-07-23 10:21:08,2026-07-23 11:19:08,2026-07-23 11:21:55,58,57.5,26.099,dongdaegu,1,1,True,target_available_at_arrival,available_count>0 at panel tick nearest as_of+tmap_eta,tmap_routes
PI203015,2026-08-04 06:06:58,2026-08-04 06:36:58,2026-08-04 06:36:59,30,29.5,8.23,dongdaegu,1,1,True,target_available_at_arrival,available_count>0 at panel tick nearest as_of+tmap_eta,tmap_routes
CV004690,2026-08-08 03:47:17,2026-08-08 04:35:17,2026-08-08 04:37:18,48,47.5,12.082,dongdaegu,7,7,True,target_available_at_arrival,available_count>0 at panel tick nearest as_of+tmap_eta,tmap_routes
ST601139,2026-08-06 08:56:08,2026-08-06 09:23:08,2026-08-06 09:26:10,27,27.2,4.663,dongdaegu,4,4,True,target_available_at_arrival,available_count>0 at panel tick nearest as_of+tmap_eta,tmap_routes
PIH00737,2026-08-03 00:21:55,2026-08-03 00:49:55,2026-08-03 00:51:56,28,28.1,9.346,dongdaegu,5,5,True,target_available_at_arrival,available_count>0 at panel tick nearest as_of+tmap_eta,tmap_routes
PI740598,2026-07-30 16:06:42,2026-07-30 16:24:42,2026-07-30 16:26:45,18,17.8,3.853,dongdaegu,1,1,True,target_available_at_arrival,available_count>0 at panel tick nearest as_of+tmap_eta,tmap_routes
NT101301,2026-08-01 03:09:14,2026-08-01 03:55:14,2026-08-01 03:59:20,46,46.0,23.701,dongdaegu,2,2,True,target_available_at_arrival,available_count>0 at panel tick nearest as_of+tmap_eta,tmap_routes
CV001123,2026-07-26 21:29:49,2026-07-26 22:09:49,2026-07-26 22:09:55,40,40.0,13.364,dongdaegu,1,1,True,target_available_at_arrival,available_count>0 at panel tick nearest as_of+tmap_eta,tmap_routes
TS271407,2026-08-08 11:17:46,2026-08-08 11:27:46,2026-08-08 11:27:48,10,10.3,1.646,dongdaegu,3,3,True,target_available_at_arrival,available_count>0 at panel tick nearest as_of+tmap_eta,tmap_routes
EV007837,2026-07-23 05:53:56,2026-07-23 06:19:56,2026-07-23 06:24:02,26,25.9,3.73,dongdaegu,1,1,True,target_available_at_arrival,available_count>0 at panel tick nearest as_of+tmap_eta,tmap_routes
CV003124,2026-07-28 03:58:40,2026-07-28 04:07:40,2026-07-28 04:08:41,9,8.6,0.993,dongdaegu,1,1,True,target_available_at_arrival,available_count>0 at panel tick nearest as_of+tmap_eta,tmap_routes
PW012854,2026-07-30 07:24:10,2026-07-30 07:44:10,2026-07-30 07:44:14,20,20.1,3.411,dongdaegu,2,2,True,target_available_at_arrival,available_count>0 at panel tick nearest as_of+tmap_eta,tmap_routes
EV005514,2026-08-01 06:59:42,2026-08-01 07:49:42,2026-08-01 07:49:50,50,50.2,13.655,dongdaegu,1,1,True,target_available_at_arrival,available_count>0 at panel tick nearest as_of+tmap_eta,tmap_routes
LU003651,2026-08-05 17:12:00,2026-08-05 18:09:00,2026-08-05 18:12:07,57,57.2,26.562,dongdaegu,5,5,True,target_available_at_arrival,available_count>0 at panel tick nearest as_of+tmap_eta,tmap_routes
PL032044,2026-07-30 20:07:41,2026-07-30 20:20:41,2026-07-30 20:27:46,13,12.6,5.088,dongdaegu,1,1,True,target_available_at_arrival,available_count>0 at panel tick nearest as_of+tmap_eta,tmap_routes
SF000799,2026-08-07 13:22:13,2026-08-07 13:32:13,2026-08-07 13:32:14,10,9.7,1.781,dongdaegu,3,3,True,target_available_at_arrival,available_count>0 at panel tick nearest as_of+tmap_eta,tmap_routes
CV000891,2026-08-03 23:44:08,2026-08-04 00:43:08,2026-08-04 00:46:42,59,58.9,26.194,dongdaegu,3,3,True,target_available_at_arrival,available_count>0 at panel tick nearest as_of+tmap_eta,tmap_routes
CV001895,2026-08-02 11:37:47,2026-08-02 11:53:47,2026-08-02 11:57:51,16,15.8,3.244,dongdaegu,2,2,True,target_available_at_arrival,available_count>0 at panel tick nearest as_of+tmap_eta,tmap_routes
CV001636,2026-08-05 19:02:10,2026-08-05 19:40:10,2026-08-05 19:42:19,38,37.9,9.77,dongdaegu,2,2,True,target_available_at_arrival,available_count>0 at panel tick nearest as_of+tmap_eta,tmap_routes
CV002371,2026-08-03 09:22:26,2026-08-03 09:52:26,2026-08-03 09:52:30,30,29.7,7.719,dongdaegu,2,2,True,target_available_at_arrival,available_count>0 at panel tick nearest as_of+tmap_eta,tmap_routes
HY001080,2026-08-01 01:59:08,2026-08-01 02:53:08,2026-08-01 02:59:13,54,54.1,26.412,dongdaegu,1,1,True,target_available_at_arrival,available_count>0 at panel tick nearest as_of+tmap_eta,tmap_routes
KP005312,2026-07-23 11:01:35,2026-07-23 11:44:35,2026-07-23 11:47:12,43,42.9,26.365,dongdaegu,2,1,True,target_available_at_arrival,available_count>0 at panel tick nearest as_of+tmap_eta,tmap_routes
CV000502,2026-08-04 11:57:24,2026-08-04 12:31:24,2026-08-04 12:37:26,34,34.3,9.78,dongdaegu,1,0,False,target_available_at_arrival,available_count>0 at panel tick nearest as_of+tmap_eta,tmap_routes
CV003041,2026-07-30 14:15:57,2026-07-30 14:39:57,2026-07-30 14:46:08,24,24.3,7.564,dongdaegu,16,15,True,target_available_at_arrival,available_count>0 at panel tick nearest as_of+tmap_eta,tmap_routes
PI530328,2026-07-28 15:42:04,2026-07-28 16:25:04,2026-07-28 16:32:17,43,42.9,10.026,dongdaegu,1,1,True,target_available_at_arrival,available_count>0 at panel tick nearest as_of+tmap_eta,tmap_routes
JA270011,2026-07-27 14:34:38,2026-07-27 14:57:38,2026-07-27 15:04:42,23,22.9,5.105,dongdaegu,7,6,True,target_available_at_arrival,available_count>0 at panel tick nearest as_of+tmap_eta,tmap_routes
CV003447,2026-08-04 21:48:03,2026-08-04 22:14:03,2026-08-04 22:18:05,26,25.9,5.885,dongdaegu,1,1,True,target_available_at_arrival,available_count>0 at panel tick nearest as_of+tmap_eta,tmap_routes
CV001264,2026-08-08 02:47:13,2026-08-08 03:41:13,2026-08-08 03:47:17,54,54.4,27.511,dongdaegu,3,3,True,target_available_at_arrival,available_count>0 at panel tick nearest as_of+tmap_eta,tmap_routes
ME22C252,2026-07-22 10:59:32,2026-07-22 11:27:32,2026-07-22 11:29:43,28,28.4,5.748,dongdaegu,2,2,True,target_available_at_arrival,available_count>0 at panel tick nearest as_of+tmap_eta,tmap_routes
CV003072,2026-07-27 18:35:20,2026-07-27 18:53:20,2026-07-27 18:55:23,18,17.8,3.667,dongdaegu,1,1,True,target_available_at_arrival,available_count>0 at panel tick nearest as_of+tmap_eta,tmap_routes
CV001241,2026-07-25 08:06:17,2026-07-25 08:28:17,2026-07-25 08:33:40,22,22.0,3.71,dongdaegu,1,1,True,target_available_at_arrival,available_count>0 at panel tick nearest as_of+tmap_eta,tmap_routes
PL033630,2026-08-07 01:21:17,2026-08-07 01:37:17,2026-08-07 01:41:18,16,15.7,2.058,dongdaegu,1,1,True,target_available_at_arrival,available_count>0 at panel tick nearest as_of+tmap_eta,tmap_routes
LU002365,2026-08-08 19:18:30,2026-08-08 19:48:30,2026-08-08 19:48:32,30,30.5,8.144,dongdaegu,2,2,True,target_available_at_arrival,available_count>0 at panel tick nearest as_of+tmap_eta,tmap_routes
CV001646,2026-08-08 13:27:54,2026-08-08 13:55:54,2026-08-08 13:57:56,28,28.5,6.755,dongdaegu,1,2,True,target_available_at_arrival,available_count>0 at panel tick nearest as_of+tmap_eta,tmap_routes
ME19X430,2026-07-30 20:07:41,2026-07-30 20:25:41,2026-07-30 20:27:46,18,17.6,4.834,dongdaegu,6,6,True,target_available_at_arrival,available_count>0 at panel tick nearest as_of+tmap_eta,tmap_routes
HM001574,2026-07-23 12:27:28,2026-07-23 12:45:28,2026-07-23 12:47:32,18,17.6,1.66,dongdaegu,1,1,True,target_available_at_arrival,available_count>0 at panel tick nearest as_of+tmap_eta,tmap_routes
ST271401,2026-07-25 12:44:38,2026-07-25 13:09:38,2026-07-25 13:14:42,25,24.8,8.995,dongdaegu,2,2,True,target_available_at_arrival,available_count>0 at panel tick nearest as_of+tmap_eta,tmap_routes
PI740776,2026-08-06 13:46:25,2026-08-06 14:03:25,2026-08-06 14:06:26,17,17.4,3.523,dongdaegu,2,2,True,target_available_at_arrival,available_count>0 at panel tick nearest as_of+tmap_eta,tmap_routes
PC001576,2026-08-01 21:02:40,2026-08-01 21:51:40,2026-08-01 21:52:49,49,49.2,14.77,dongdaegu,4,3,True,target_available_at_arrival,available_count>0 at panel tick nearest as_of+tmap_eta,tmap_routes
EV007837,2026-08-01 16:11:47,2026-08-01 16:37:47,2026-08-01 16:41:55,26,25.9,3.73,dongdaegu,5,4,True,target_available_at_arrival,available_count>0 at panel tick nearest as_of+tmap_eta,tmap_routes
EV005514,2026-08-08 01:17:05,2026-08-08 02:07:05,2026-08-08 02:07:09,50,50.2,13.655,dongdaegu,1,1,True,target_available_at_arrival,available_count>0 at panel tick nearest as_of+tmap_eta,tmap_routes
CV002973,2026-07-24 04:48:06,2026-07-24 05:32:06,2026-07-24 05:33:19,44,44.3,17.838,dongdaegu,4,4,True,target_available_at_arrival,available_count>0 at panel tick nearest as_of+tmap_eta,tmap_routes
CV000512,2026-07-23 06:24:02,2026-07-23 06:44:02,2026-07-23 06:44:14,20,20.0,5.082,dongdaegu,1,1,True,target_available_at_arrival,available_count>0 at panel tick nearest as_of+tmap_eta,tmap_routes
KP000235,2026-08-07 05:51:31,2026-08-07 06:04:31,2026-08-07 06:11:32,13,13.3,2.71,dongdaegu,1,1,True,target_available_at_arrival,available_count>0 at panel tick nearest as_of+tmap_eta,tmap_routes
CV001941,2026-08-08 08:47:34,2026-08-08 09:01:34,2026-08-08 09:07:35,14,14.5,2.314,dongdaegu,1,1,True,target_available_at_arrival,available_count>0 at panel tick nearest as_of+tmap_eta,tmap_routes
EV012379,2026-08-02 18:18:53,2026-08-02 18:45:53,2026-08-02 18:48:58,27,27.3,8.408,dongdaegu,4,3,True,target_available_at_arrival,available_count>0 at panel tick nearest as_of+tmap_eta,tmap_routes
ME22D1C0,2026-08-06 13:06:21,2026-08-06 13:31:21,2026-08-06 13:36:25,25,24.9,8.86,dongdaegu,1,1,True,target_available_at_arrival,available_count>0 at panel tick nearest as_of+tmap_eta,tmap_routes
CV001308,2026-07-30 04:43:35,2026-07-30 05:29:35,2026-07-30 05:33:43,46,46.1,16.696,dongdaegu,4,4,True,target_available_at_arrival,available_count>0 at panel tick nearest as_of+tmap_eta,tmap_routes
CV003716,2026-07-23 07:24:24,2026-07-23 08:12:24,2026-07-23 08:14:46,48,48.1,26.925,dongdaegu,1,2,True,target_available_at_arrival,available_count>0 at panel tick nearest as_of+tmap_eta,tmap_routes
CV002014,2026-08-05 14:31:51,2026-08-05 15:07:51,2026-08-05 15:11:53,36,35.5,11.855,dongdaegu,1,1,True,target_available_at_arrival,available_count>0 at panel tick nearest as_of+tmap_eta,tmap_routes
PI740664,2026-08-08 06:37:25,2026-08-08 07:16:25,2026-08-08 07:17:27,39,39.1,12.199,dongdaegu,2,2,True,target_available_at_arrival,available_count>0 at panel tick nearest as_of+tmap_eta,tmap_routes
NT000053,2026-08-06 05:15:52,2026-08-06 05:50:52,2026-08-06 05:55:54,35,35.0,11.924,dongdaegu,2,2,True,target_available_at_arrival,available_count>0 at panel tick nearest as_of+tmap_eta,tmap_routes
AZ100021,2026-07-27 14:24:37,2026-07-27 14:54:37,2026-07-27 14:54:41,30,29.5,8.226,dongdaegu,1,1,True,target_available_at_arrival,available_count>0 at panel tick nearest as_of+tmap_eta,tmap_routes
SF002354,2026-07-30 18:27:22,2026-07-30 18:51:22,2026-07-30 18:57:30,24,23.6,4.76,dongdaegu,2,2,True,target_available_at_arrival,available_count>0 at panel tick nearest as_of+tmap_eta,tmap_routes
ME18C260,2026-07-28 10:49:55,2026-07-28 11:04:55,2026-07-28 11:09:58,15,14.7,3.117,dongdaegu,2,2,True,target_available_at_arrival,available_count>0 at panel tick nearest as_of+tmap_eta,tmap_routes
CV002995,2026-08-04 18:47:48,2026-08-04 19:11:48,2026-08-04 19:17:50,24,24.1,4.399,dongdaegu,2,2,True,target_available_at_arrival,available_count>0 at panel tick nearest as_of+tmap_eta,tmap_routes
CV003141,2026-07-28 12:10:21,2026-07-28 12:57:21,2026-07-28 13:01:09,47,46.7,21.256,dongdaegu,1,1,True,target_available_at_arrival,available_count>0 at panel tick nearest as_of+tmap_eta,tmap_routes
CV004336,2026-08-03 18:33:49,2026-08-03 19:13:49,2026-08-03 19:13:51,40,40.0,13.158,dongdaegu,9,9,True,target_available_at_arrival,available_count>0 at panel tick nearest as_of+tmap_eta,tmap_routes
SF000126,2026-08-08 10:17:42,2026-08-08 10:54:42,2026-08-08 10:57:44,37,36.6,14.214,dongdaegu,1,1,True,target_available_at_arrival,available_count>0 at panel tick nearest as_of+tmap_eta,tmap_routes
HY000896,2026-08-06 23:27:19,2026-08-07 00:00:19,2026-08-07 00:07:22,33,32.8,9.291,dongdaegu,6,6,True,target_available_at_arrival,available_count>0 at panel tick nearest as_of+tmap_eta,tmap_routes
PW801141,2026-08-06 00:35:42,2026-08-06 00:45:42,2026-08-06 00:45:42,10,10.1,0.9,dongdaegu,2,2,True,target_available_at_arrival,available_count>0 at panel tick nearest as_of+tmap_eta,tmap_routes
DC530025,2026-07-30 22:28:05,2026-07-30 22:47:05,2026-07-30 22:48:07,19,18.8,3.852,dongdaegu,1,1,True,target_available_at_arrival,available_count>0 at panel tick nearest as_of+tmap_eta,tmap_routes
PI740113,2026-07-30 05:03:40,2026-07-30 05:27:40,2026-07-30 05:33:43,24,23.8,5.523,dongdaegu,2,2,True,target_available_at_arrival,available_count>0 at panel tick nearest as_of+tmap_eta,tmap_routes
HW000499,2026-08-02 15:48:33,2026-08-02 16:17:33,2026-08-02 16:18:38,29,29.0,8.153,dongdaegu,1,1,True,target_available_at_arrival,available_count>0 at panel tick nearest as_of+tmap_eta,tmap_routes
ME22C251,2026-08-06 00:35:42,2026-08-06 01:03:42,2026-08-06 01:05:43,28,27.9,8.298,dongdaegu,1,1,True,target_available_at_arrival,available_count>0 at panel tick nearest as_of+tmap_eta,tmap_routes
CV002358,2026-07-23 00:27:35,2026-07-23 00:38:35,2026-07-23 00:42:39,11,10.9,1.402,dongdaegu,2,2,True,target_available_at_arrival,available_count>0 at panel tick nearest as_of+tmap_eta,tmap_routes
KP004864,2026-08-07 02:31:20,2026-08-07 02:50:20,2026-08-07 02:51:21,19,18.9,4.039,dongdaegu,2,2,True,target_available_at_arrival,available_count>0 at panel tick nearest as_of+tmap_eta,tmap_routes
CV003098,2026-07-17 17:54:45,2026-07-17 18:03:45,2026-07-17 18:09:46,9,9.0,1.042,dongdaegu,1,1,True,target_available_at_arrival,available_count>0 at panel tick nearest as_of+tmap_eta,tmap_routes
CV002033,2026-07-25 12:24:36,2026-07-25 12:58:36,2026-07-25 13:04:41,34,33.9,10.471,dongdaegu,1,1,True,target_available_at_arrival,available_count>0 at panel tick nearest as_of+tmap_eta,tmap_routes
PC000305,2026-07-23 02:33:06,2026-07-23 03:06:06,2026-07-23 03:08:12,33,32.8,9.814,dongdaegu,2,2,True,target_available_at_arrival,available_count>0 at panel tick nearest as_of+tmap_eta,tmap_routes
TS272301,2026-08-03 11:02:33,2026-08-03 11:21:33,2026-08-03 11:22:36,19,19.3,3.204,dongdaegu,1,1,True,target_available_at_arrival,available_count>0 at panel tick nearest as_of+tmap_eta,tmap_routes
CV001973,2026-08-01 02:19:09,2026-08-01 02:27:09,2026-08-01 02:29:10,8,8.0,1.02,dongdaegu,2,2,True,target_available_at_arrival,available_count>0 at panel tick nearest as_of+tmap_eta,tmap_routes
CV002014,2026-07-23 03:13:13,2026-07-23 03:49:13,2026-07-23 03:53:22,36,35.5,11.855,dongdaegu,1,1,True,target_available_at_arrival,available_count>0 at panel tick nearest as_of+tmap_eta,tmap_routes
ME19E216,2026-07-27 20:15:49,2026-07-27 21:00:49,2026-07-27 21:06:03,45,45.4,21.152,dongdaegu,1,1,True,target_available_at_arrival,available_count>0 at panel tick nearest as_of+tmap_eta,tmap_routes
PIS00579,2026-08-05 01:21:00,2026-08-05 01:46:00,2026-08-05 01:51:01,25,24.8,8.567,dongdaegu,8,8,True,target_available_at_arrival,available_count>0 at panel tick nearest as_of+tmap_eta,tmap_routes
CV003573,2026-07-21 15:32:26,2026-07-21 15:49:26,2026-07-21 15:52:34,17,17.1,2.711,dongdaegu,2,2,True,target_available_at_arrival,available_count>0 at panel tick nearest as_of+tmap_eta,tmap_routes
EV003987,2026-07-27 00:42:18,2026-07-27 01:15:18,2026-07-27 01:22:21,33,32.6,10.296,dongdaegu,1,1,True,target_available_at_arrival,available_count>0 at panel tick nearest as_of+tmap_eta,tmap_routes
CV002238,2026-08-02 08:47:19,2026-08-02 09:31:19,2026-08-02 09:37:26,44,44.1,12.969,dongdaegu,4,5,True,target_available_at_arrival,available_count>0 at panel tick nearest as_of+tmap_eta,tmap_routes
CV001969,2026-08-03 14:52:48,2026-08-03 15:22:48,2026-08-03 15:22:50,30,29.9,6.01,dongdaegu,1,0,False,target_available_at_arrival,available_count>0 at panel tick nearest as_of+tmap_eta,tmap_routes
CV003464,2026-07-31 05:01:22,2026-07-31 05:28:22,2026-07-31 05:31:34,27,27.0,5.866,dongdaegu,3,3,True,target_available_at_arrival,available_count>0 at panel tick nearest as_of+tmap_eta,tmap_routes
PIS00556,2026-08-07 04:01:25,2026-08-07 04:28:25,2026-08-07 04:31:26,27,27.3,6.618,dongdaegu,3,3,True,target_available_at_arrival,available_count>0 at panel tick nearest as_of+tmap_eta,tmap_routes
CV003077,2026-07-31 03:21:04,2026-07-31 03:48:04,2026-07-31 03:51:14,27,26.6,8.273,dongdaegu,1,1,True,target_available_at_arrival,available_count>0 at panel tick nearest as_of+tmap_eta,tmap_routes
CV000561,2026-08-08 11:27:48,2026-08-08 11:47:48,2026-08-08 11:47:49,20,20.5,3.796,dongdaegu,2,2,True,target_available_at_arrival,available_count>0 at panel tick nearest as_of+tmap_eta,tmap_routes
CV000537,2026-07-24 02:06:56,2026-07-24 02:34:56,2026-07-24 02:37:05,28,27.6,5.369,dongdaegu,1,1,True,target_available_at_arrival,available_count>0 at panel tick nearest as_of+tmap_eta,tmap_routes
CV003450,2026-07-24 04:43:05,2026-07-24 04:58:05,2026-07-24 04:58:11,15,14.7,2.789,dongdaegu,1,1,True,target_available_at_arrival,available_count>0 at panel tick nearest as_of+tmap_eta,tmap_routes
CV000678,2026-08-07 01:51:18,2026-08-07 02:49:18,2026-08-07 02:51:21,58,58.0,26.591,dongdaegu,4,4,True,target_available_at_arrival,available_count>0 at panel tick nearest as_of+tmap_eta,tmap_routes
ST601225,2026-07-30 05:23:42,2026-07-30 05:33:42,2026-07-30 05:33:43,10,9.8,1.871,dongdaegu,1,1,True,target_available_at_arrival,available_count>0 at panel tick nearest as_of+tmap_eta,tmap_routes
ST601440,2026-07-29 06:37:08,2026-07-29 06:56:08,2026-07-29 06:57:11,19,18.7,3.878,dongdaegu,1,1,True,target_available_at_arrival,available_count>0 at panel tick nearest as_of+tmap_eta,tmap_routes
PI530305,2026-08-05 16:21:57,2026-08-05 17:06:57,2026-08-05 17:12:00,45,45.4,19.208,dongdaegu,2,2,True,target_available_at_arrival,available_count>0 at panel tick nearest as_of+tmap_eta,tmap_routes
SF001858,2026-08-01 15:31:34,2026-08-01 15:55:34,2026-08-01 16:01:38,24,23.6,4.76,dongdaegu,3,3,True,target_available_at_arrival,available_count>0 at panel tick nearest as_of+tmap_eta,tmap_routes
ME24B142,2026-07-30 00:53:00,2026-07-30 01:28:00,2026-07-30 01:33:04,35,35.0,11.205,dongdaegu,1,1,True,target_available_at_arrival,available_count>0 at panel tick nearest as_of+tmap_eta,tmap_routes
PI740111,2026-07-25 22:24:46,2026-07-25 22:50:46,2026-07-25 22:54:49,26,25.9,5.527,dongdaegu,1,1,True,target_available_at_arrival,available_count>0 at panel tick nearest as_of+tmap_eta,tmap_routes
KL002703,2026-07-31 08:32:22,2026-07-31 08:59:22,2026-07-31 09:02:26,27,27.1,9.036,dongdaegu,1,1,True,target_available_at_arrival,available_count>0 at panel tick nearest as_of+tmap_eta,tmap_routes
PI000131,2026-08-07 20:43:08,2026-08-07 21:23:08,2026-08-07 21:23:13,40,40.1,11.728,dongdaegu,1,1,True,target_available_at_arrival,available_count>0 at panel tick nearest as_of+tmap_eta,tmap_routes
PI740722,2026-08-06 17:06:41,2026-08-06 17:22:41,2026-08-06 17:26:42,16,16.4,2.83,dongdaegu,2,1,True,target_available_at_arrival,available_count>0 at panel tick nearest as_of+tmap_eta,tmap_routes
PI690013,2026-07-28 23:13:45,2026-07-28 23:49:45,2026-07-28 23:53:52,36,36.5,13.527,dongdaegu,18,18,True,target_available_at_arrival,available_count>0 at panel tick nearest as_of+tmap_eta,tmap_routes
PI750081,2026-08-01 09:30:09,2026-08-01 10:13:09,2026-08-01 10:20:29,43,43.2,12.902,dongdaegu,2,2,True,target_available_at_arrival,available_count>0 at panel tick nearest as_of+tmap_eta,tmap_routes
PC001965,2026-08-02 06:06:49,2026-08-02 06:20:49,2026-08-02 06:26:57,14,14.5,2.68,dongdaegu,3,3,True,target_available_at_arrival,available_count>0 at panel tick nearest as_of+tmap_eta,tmap_routes
ST600663,2026-07-30 01:43:05,2026-07-30 02:19:05,2026-07-30 02:23:08,36,35.8,17.637,dongdaegu,2,2,True,target_available_at_arrival,available_count>0 at panel tick nearest as_of+tmap_eta,tmap_routes
EV005710,2026-08-07 03:01:21,2026-08-07 03:36:21,2026-08-07 03:41:22,35,34.8,9.721,dongdaegu,3,3,True,target_available_at_arrival,available_count>0 at panel tick nearest as_of+tmap_eta,tmap_routes
CV000502,2026-07-26 12:28:35,2026-07-26 13:02:35,2026-07-26 13:08:40,34,34.3,9.78,dongdaegu,1,0,False,target_available_at_arrival,available_count>0 at panel tick nearest as_of+tmap_eta,tmap_routes
CV003205,2026-08-07 23:33:24,2026-08-08 00:30:24,2026-08-08 00:37:04,57,56.8,25.455,dongdaegu,4,4,True,target_available_at_arrival,available_count>0 at panel tick nearest as_of+tmap_eta,tmap_routes
CV002014,2026-08-08 04:17:18,2026-08-08 04:53:18,2026-08-08 04:57:19,36,35.5,11.855,dongdaegu,2,2,True,target_available_at_arrival,available_count>0 at panel tick nearest as_of+tmap_eta,tmap_routes
IN053060,2026-08-02 08:17:15,2026-08-02 08:33:15,2026-08-02 08:37:18,16,16.1,1.214,dongdaegu,2,2,True,target_available_at_arrival,available_count>0 at panel tick nearest as_of+tmap_eta,tmap_routes
PI122336,2026-07-29 18:19:27,2026-07-29 19:02:27,2026-07-29 19:09:38,43,43.4,15.158,dongdaegu,1,1,True,target_available_at_arrival,available_count>0 at panel tick nearest as_of+tmap_eta,tmap_routes
ME23B115,2026-08-07 12:32:08,2026-08-07 13:08:08,2026-08-07 13:12:12,36,35.7,7.443,dongdaegu,1,1,True,target_available_at_arrival,available_count>0 at panel tick nearest as_of+tmap_eta,tmap_routes
ME19C130,2026-07-29 00:16:11,2026-07-29 01:23:11,2026-07-29 01:26:17,67,66.8,43.953,dongdaegu,1,1,True,target_available_at_arrival,available_count>0 at panel tick nearest as_of+tmap_eta,tmap_routes
EV006188,2026-07-27 02:02:25,2026-07-27 02:36:25,2026-07-27 02:42:28,34,33.5,9.44,dongdaegu,1,1,True,target_available_at_arrival,available_count>0 at panel tick nearest as_of+tmap_eta,tmap_routes
KP003779,2026-08-02 19:39:06,2026-08-02 20:19:06,2026-08-02 20:19:14,40,40.5,17.466,dongdaegu,1,1,True,target_available_at_arrival,available_count>0 at panel tick nearest as_of+tmap_eta,tmap_routes
CV001906,2026-07-29 13:38:34,2026-07-29 14:08:34,2026-07-29 14:08:37,30,29.6,8.24,dongdaegu,2,2,True,target_available_at_arrival,available_count>0 at panel tick nearest as_of+tmap_eta,tmap_routes
CV000560,2026-07-27 07:53:20,2026-07-27 08:08:20,2026-07-27 08:13:23,15,14.9,3.632,dongdaegu,1,1,True,target_available_at_arrival,available_count>0 at panel tick nearest as_of+tmap_eta,tmap_routes
EV004924,2026-07-26 09:08:05,2026-07-26 09:55:05,2026-07-26 09:58:11,47,46.7,9.487,dongdaegu,2,2,True,target_available_at_arrival,available_count>0 at panel tick nearest as_of+tmap_eta,tmap_routes
EV005193,2026-08-09 00:42:59,2026-08-09 01:17:59,2026-08-09 01:23:01,35,35.0,9.715,dongdaegu,1,1,True,target_available_at_arrival,available_count>0 at panel tick nearest as_of+tmap_eta,tmap_routes
ME19E139,2026-07-23 01:42:54,2026-07-23 02:49:54,2026-07-23 02:53:10,67,66.8,33.463,dongdaegu,1,1,True,target_available_at_arrival,available_count>0 at panel tick nearest as_of+tmap_eta,tmap_routes
HW000477,2026-08-03 01:11:57,2026-08-03 01:31:57,2026-08-03 01:31:58,20,20.0,3.203,dongdaegu,2,2,True,target_available_at_arrival,available_count>0 at panel tick nearest as_of+tmap_eta,tmap_routes
KP003786,2026-07-28 12:20:36,2026-07-28 12:37:36,2026-07-28 12:40:49,17,17.2,3.39,dongdaegu,2,2,True,target_available_at_arrival,available_count>0 at panel tick nearest as_of+tmap_eta,tmap_routes
PI530286,2026-08-02 03:16:29,2026-08-02 03:44:29,2026-08-02 03:46:34,28,28.1,7.492,dongdaegu,1,1,True,target_available_at_arrival,available_count>0 at panel tick nearest as_of+tmap_eta,tmap_routes
CV003571,2026-07-22 23:55:43,2026-07-23 00:12:43,2026-07-23 00:17:33,17,17.4,2.6,dongdaegu,1,1,True,target_available_at_arrival,available_count>0 at panel tick nearest as_of+tmap_eta,tmap_routes
ST271110,2026-07-25 14:55:02,2026-07-25 15:10:02,2026-07-25 15:11:26,15,14.9,3.321,dongdaegu,1,1,True,target_available_at_arrival,available_count>0 at panel tick nearest as_of+tmap_eta,tmap_routes
CV001123,2026-08-04 22:58:07,2026-08-04 23:38:07,2026-08-04 23:38:08,40,40.0,13.364,dongdaegu,1,1,True,target_available_at_arrival,available_count>0 at panel tick nearest as_of+tmap_eta,tmap_routes
SF003166,2026-08-06 01:55:45,2026-08-06 02:11:45,2026-08-06 02:15:46,16,16.0,1.377,dongdaegu,1,1,True,target_available_at_arrival,available_count>0 at panel tick nearest as_of+tmap_eta,tmap_routes
CV004555,2026-07-23 09:40:51,2026-07-23 10:00:51,2026-07-23 10:01:03,20,19.8,3.775,dongdaegu,2,2,True,target_available_at_arrival,available_count>0 at panel tick nearest as_of+tmap_eta,tmap_routes
CV004339,2026-07-31 08:52:24,2026-07-31 09:18:24,2026-07-31 09:22:29,26,26.2,7.956,dongdaegu,1,1,True,target_available_at_arrival,available_count>0 at panel tick nearest as_of+tmap_eta,tmap_routes
ME22D1C0,2026-07-28 10:09:47,2026-07-28 10:34:47,2026-07-28 10:39:54,25,24.9,8.86,dongdaegu,1,1,True,target_available_at_arrival,available_count>0 at panel tick nearest as_of+tmap_eta,tmap_routes
LU003223,2026-07-31 18:05:08,2026-07-31 18:19:08,2026-07-31 18:25:12,14,13.5,2.302,dongdaegu,2,2,True,target_available_at_arrival,available_count>0 at panel tick nearest as_of+tmap_eta,tmap_routes
CV003458,2026-07-29 08:37:42,2026-07-29 09:00:42,2026-07-29 09:07:55,23,23.1,5.357,dongdaegu,1,1,True,target_available_at_arrival,available_count>0 at panel tick nearest as_of+tmap_eta,tmap_routes
CV003450,2026-07-24 12:07:38,2026-07-24 12:22:38,2026-07-24 12:27:45,15,14.7,2.789,dongdaegu,3,2,True,target_available_at_arrival,available_count>0 at panel tick nearest as_of+tmap_eta,tmap_routes
PI753881,2026-07-27 19:55:43,2026-07-27 20:13:43,2026-07-27 20:15:49,18,18.1,5.485,dongdaegu,2,2,True,target_available_at_arrival,available_count>0 at panel tick nearest as_of+tmap_eta,tmap_routes
CV003133,2026-08-04 23:18:07,2026-08-04 23:51:07,2026-08-04 23:58:09,33,33.2,8.22,dongdaegu,1,1,True,target_available_at_arrival,available_count>0 at panel tick nearest as_of+tmap_eta,tmap_routes
ST272925,2026-08-06 04:55:52,2026-08-06 05:28:52,2026-08-06 05:35:53,33,32.9,7.879,dongdaegu,1,1,True,target_available_at_arrival,available_count>0 at panel tick nearest as_of+tmap_eta,tmap_routes
SF002258,2026-07-30 15:36:38,2026-07-30 15:52:38,2026-07-30 15:56:41,16,15.8,2.742,dongdaegu,1,1,True,target_available_at_arrival,available_count>0 at panel tick nearest as_of+tmap_eta,tmap_routes
EV005269,2026-07-22 10:19:25,2026-07-22 10:49:25,2026-07-22 10:49:31,30,29.6,10.474,dongdaegu,1,1,True,target_available_at_arrival,available_count>0 at panel tick nearest as_of+tmap_eta,tmap_routes
SF001110,2026-07-27 19:05:30,2026-07-27 19:29:30,2026-07-27 19:35:39,24,24.3,4.267,dongdaegu,1,1,True,target_available_at_arrival,available_count>0 at panel tick nearest as_of+tmap_eta,tmap_routes
PI764798,2026-08-03 03:12:02,2026-08-03 03:35:02,2026-08-03 03:42:03,23,22.6,6.222,dongdaegu,1,1,True,target_available_at_arrival,available_count>0 at panel tick nearest as_of+tmap_eta,tmap_routes
ME23A218,2026-08-01 21:02:40,2026-08-01 21:19:40,2026-08-01 21:22:45,17,17.0,2.221,dongdaegu,2,2,True,target_available_at_arrival,available_count>0 at panel tick nearest as_of+tmap_eta,tmap_routes
CV003096,2026-07-20 16:35:52,2026-07-20 17:05:52,2026-07-20 17:05:54,30,30.5,6.455,dongdaegu,1,1,True,target_available_at_arrival,available_count>0 at panel tick nearest as_of+tmap_eta,tmap_routes
ME19W401,2026-08-01 02:19:09,2026-08-01 03:13:09,2026-08-01 03:19:16,54,53.5,31.956,dongdaegu,6,6,True,target_available_at_arrival,available_count>0 at panel tick nearest as_of+tmap_eta,tmap_routes
CV003097,2026-08-06 13:36:25,2026-08-06 13:52:25,2026-08-06 13:56:25,16,16.4,2.12,dongdaegu,1,1,True,target_available_at_arrival,available_count>0 at panel tick nearest as_of+tmap_eta,tmap_routes
PI730006,2026-08-04 10:27:15,2026-08-04 10:34:15,2026-08-04 10:37:16,7,7.0,0.797,dongdaegu,2,2,True,target_available_at_arrival,available_count>0 at panel tick nearest as_of+tmap_eta,tmap_routes
ME20C288,2026-08-01 07:19:45,2026-08-01 07:48:45,2026-08-01 07:49:50,29,29.1,9.321,dongdaegu,2,2,True,target_available_at_arrival,available_count>0 at panel tick nearest as_of+tmap_eta,tmap_routes
DC530001,2026-08-08 18:28:25,2026-08-08 19:04:25,2026-08-08 19:08:29,36,35.9,10.361,dongdaegu,6,6,True,target_available_at_arrival,available_count>0 at panel tick nearest as_of+tmap_eta,tmap_routes
CV000896,2026-08-07 20:13:04,2026-08-07 20:57:04,2026-08-07 21:03:11,44,43.9,9.703,dongdaegu,17,17,True,target_available_at_arrival,available_count>0 at panel tick nearest as_of+tmap_eta,tmap_routes
CU530008,2026-08-07 21:53:16,2026-08-07 22:22:16,2026-08-07 22:23:20,29,29.1,9.81,dongdaegu,2,2,True,target_available_at_arrival,available_count>0 at panel tick nearest as_of+tmap_eta,tmap_routes
ME19E138,2026-07-31 12:42:52,2026-07-31 13:42:52,2026-07-31 13:43:01,60,59.6,35.136,dongdaegu,1,1,True,target_available_at_arrival,available_count>0 at panel tick nearest as_of+tmap_eta,tmap_routes
CV003484,2026-07-26 02:07:00,2026-07-26 02:53:00,2026-07-26 02:57:05,46,46.3,10.238,dongdaegu,1,1,True,target_available_at_arrival,available_count>0 at panel tick nearest as_of+tmap_eta,tmap_routes
DC530021,2026-07-20 15:30:38,2026-07-20 15:55:38,2026-07-20 15:55:45,25,24.7,3.799,dongdaegu,1,1,True,target_available_at_arrival,available_count>0 at panel tick nearest as_of+tmap_eta,tmap_routes
ME25C427,2026-07-29 04:06:40,2026-07-29 04:23:40,2026-07-29 04:26:42,17,16.9,2.432,dongdaegu,4,4,True,target_available_at_arrival,available_count>0 at panel tick nearest as_of+tmap_eta,tmap_routes
KL001745,2026-07-24 07:08:58,2026-07-24 07:58:58,2026-07-24 07:59:18,50,49.8,17.158,dongdaegu,1,1,True,target_available_at_arrival,available_count>0 at panel tick nearest as_of+tmap_eta,tmap_routes
HY000896,2026-08-05 23:42:32,2026-08-06 00:15:32,2026-08-06 00:15:41,33,32.8,9.291,dongdaegu,6,6,True,target_available_at_arrival,available_count>0 at panel tick nearest as_of+tmap_eta,tmap_routes
CV001297,2026-08-02 01:56:15,2026-08-02 02:14:15,2026-08-02 02:16:18,18,17.7,4.389,dongdaegu,1,1,True,target_available_at_arrival,available_count>0 at panel tick nearest as_of+tmap_eta,tmap_routes
PW015140,2026-08-06 08:26:02,2026-08-06 08:39:02,2026-08-06 08:46:06,13,13.0,4.192,dongdaegu,2,2,True,target_available_at_arrival,available_count>0 at panel tick nearest as_of+tmap_eta,tmap_routes
PIS00567,2026-08-08 00:57:04,2026-08-08 01:11:04,2026-08-08 01:17:05,14,14.4,5.298,dongdaegu,1,1,True,target_available_at_arrival,available_count>0 at panel tick nearest as_of+tmap_eta,tmap_routes
KE000420,2026-07-30 04:53:36,2026-07-30 05:10:36,2026-07-30 05:13:41,17,17.2,3.19,dongdaegu,1,1,True,target_available_at_arrival,available_count>0 at panel tick nearest as_of+tmap_eta,tmap_routes
SF000283,2026-08-09 01:43:02,2026-08-09 02:21:02,2026-08-09 02:23:05,38,37.6,13.786,dongdaegu,10,10,True,target_available_at_arrival,available_count>0 at panel tick nearest as_of+tmap_eta,tmap_routes
EP230165,2026-08-06 02:45:47,2026-08-06 03:19:47,2026-08-06 03:25:48,34,34.1,11.583,dongdaegu,2,2,True,target_available_at_arrival,available_count>0 at panel tick nearest as_of+tmap_eta,tmap_routes
ME21E401,2026-07-31 04:41:20,2026-07-31 05:34:20,2026-07-31 05:41:35,53,52.7,31.252,dongdaegu,1,1,True,target_available_at_arrival,available_count>0 at panel tick nearest as_of+tmap_eta,tmap_routes
EV012413,2026-07-28 05:08:51,2026-07-28 05:38:51,2026-07-28 05:38:57,30,29.9,6.418,dongdaegu,3,3,True,target_available_at_arrival,available_count>0 at panel tick nearest as_of+tmap_eta,tmap_routes
PI740208,2026-08-02 05:36:46,2026-08-02 06:21:46,2026-08-02 06:26:57,45,45.0,15.233,dongdaegu,1,1,True,target_available_at_arrival,available_count>0 at panel tick nearest as_of+tmap_eta,tmap_routes
ME19C404,2026-07-23 09:35:44,2026-07-23 10:00:44,2026-07-23 10:01:03,25,25.1,5.074,dongdaegu,4,4,True,target_available_at_arrival,available_count>0 at panel tick nearest as_of+tmap_eta,tmap_routes
CV003136,2026-07-31 03:21:04,2026-07-31 03:49:04,2026-07-31 03:51:14,28,28.2,8.505,dongdaegu,1,1,True,target_available_at_arrival,available_count>0 at panel tick nearest as_of+tmap_eta,tmap_routes
SF003268,2026-08-05 15:51:56,2026-08-05 16:09:56,2026-08-05 16:11:57,18,17.6,3.734,dongdaegu,1,1,True,target_available_at_arrival,available_count>0 at panel tick nearest as_of+tmap_eta,tmap_routes
PI740208,2026-08-06 07:05:57,2026-08-06 07:50:57,2026-08-06 07:56:00,45,45.0,15.233,dongdaegu,1,1,True,target_available_at_arrival,available_count>0 at panel tick nearest as_of+tmap_eta,tmap_routes
CV001635,2026-07-23 08:40:06,2026-07-23 09:18:06,2026-07-23 09:20:40,38,37.6,10.026,dongdaegu,1,1,True,target_available_at_arrival,available_count>0 at panel tick nearest as_of+tmap_eta,tmap_routes
PI783362,2026-08-04 03:26:52,2026-08-04 03:49:52,2026-08-04 03:56:53,23,23.0,7.919,dongdaegu,1,1,True,target_available_at_arrival,available_count>0 at panel tick nearest as_of+tmap_eta,tmap_routes
CV000891,2026-07-23 06:29:05,2026-07-23 07:28:05,2026-07-23 07:29:25,59,58.9,26.194,dongdaegu,2,2,True,target_available_at_arrival,available_count>0 at panel tick nearest as_of+tmap_eta,tmap_routes
CV003570,2026-08-05 17:22:01,2026-08-05 17:39:01,2026-08-05 17:42:03,17,17.3,2.175,dongdaegu,1,1,True,target_available_at_arrival,available_count>0 at panel tick nearest as_of+tmap_eta,tmap_routes
ME23B186,2026-07-28 20:53:22,2026-07-28 21:10:22,2026-07-28 21:13:25,17,16.9,2.531,dongdaegu,1,1,True,target_available_at_arrival,available_count>0 at panel tick nearest as_of+tmap_eta,tmap_routes
ST600663,2026-07-23 12:52:33,2026-07-23 13:28:33,2026-07-23 13:32:47,36,35.8,17.637,dongdaegu,2,2,True,target_available_at_arrival,available_count>0 at panel tick nearest as_of+tmap_eta,tmap_routes
ME19C404,2026-08-01 18:02:06,2026-08-01 18:27:06,2026-08-01 18:32:14,25,25.1,5.074,dongdaegu,3,1,True,target_available_at_arrival,available_count>0 at panel tick nearest as_of+tmap_eta,tmap_routes
EV005269,2026-08-03 23:24:08,2026-08-03 23:54:08,2026-08-03 23:54:09,30,29.6,10.474,dongdaegu,3,3,True,target_available_at_arrival,available_count>0 at panel tick nearest as_of+tmap_eta,tmap_routes
CV002144,2026-07-30 12:25:20,2026-07-30 13:10:20,2026-07-30 13:15:39,45,44.6,9.399,dongdaegu,2,2,True,target_available_at_arrival,available_count>0 at panel tick nearest as_of+tmap_eta,tmap_routes
PI530033,2026-08-03 07:32:15,2026-08-03 07:52:15,2026-08-03 07:52:18,20,20.4,4.625,dongdaegu,1,1,True,target_available_at_arrival,available_count>0 at panel tick nearest as_of+tmap_eta,tmap_routes
CV003089,2026-08-06 15:36:35,2026-08-06 16:11:35,2026-08-06 16:16:38,35,35.2,10.526,dongdaegu,1,1,True,target_available_at_arrival,available_count>0 at panel tick nearest as_of+tmap_eta,tmap_routes
PI740066,2026-07-27 03:22:31,2026-07-27 03:37:31,2026-07-27 03:42:33,15,15.3,3.027,dongdaegu,1,1,True,target_available_at_arrival,available_count>0 at panel tick nearest as_of+tmap_eta,tmap_routes
KP003779,2026-08-01 15:21:33,2026-08-01 16:01:33,2026-08-01 16:01:38,40,40.5,17.466,dongdaegu,1,1,True,target_available_at_arrival,available_count>0 at panel tick nearest as_of+tmap_eta,tmap_routes
DC530009,2026-07-23 01:52:56,2026-07-23 02:28:56,2026-07-23 02:33:06,36,36.1,8.473,dongdaegu,6,6,True,target_available_at_arrival,available_count>0 at panel tick nearest as_of+tmap_eta,tmap_routes
EV008139,2026-08-06 09:46:11,2026-08-06 10:06:11,2026-08-06 10:06:12,20,19.9,1.726,dongdaegu,2,2,True,target_available_at_arrival,available_count>0 at panel tick nearest as_of+tmap_eta,tmap_routes
EV004924,2026-08-06 13:56:25,2026-08-06 14:43:25,2026-08-06 14:46:28,47,46.7,9.487,dongdaegu,2,2,True,target_available_at_arrival,available_count>0 at panel tick nearest as_of+tmap_eta,tmap_routes
SF003065,2026-08-07 01:01:17,2026-08-07 01:17:17,2026-08-07 01:21:17,16,15.7,3.983,dongdaegu,4,4,True,target_available_at_arrival,available_count>0 at panel tick nearest as_of+tmap_eta,tmap_routes
ME18C230,2026-08-01 03:29:17,2026-08-01 04:23:17,2026-08-01 04:29:22,54,54.0,40.041,dongdaegu,2,2,True,target_available_at_arrival,available_count>0 at panel tick nearest as_of+tmap_eta,tmap_routes
ST600335,2026-08-04 12:57:27,2026-08-04 13:03:27,2026-08-04 13:07:27,6,6.3,0.045,dongdaegu,2,2,True,target_available_at_arrival,available_count>0 at panel tick nearest as_of+tmap_eta,tmap_routes
CV000985,2026-08-07 05:11:28,2026-08-07 05:56:28,2026-08-07 06:01:32,45,44.6,13.107,dongdaegu,2,2,True,target_available_at_arrival,available_count>0 at panel tick nearest as_of+tmap_eta,tmap_routes
CV000810,2026-08-01 10:10:28,2026-08-01 10:26:28,2026-08-01 10:30:30,16,15.9,3.65,dongdaegu,1,1,True,target_available_at_arrival,available_count>0 at panel tick nearest as_of+tmap_eta,tmap_routes
KE000387,2026-07-23 07:29:25,2026-07-23 07:56:25,2026-07-23 07:59:39,27,26.9,10.294,dongdaegu,1,1,True,target_available_at_arrival,available_count>0 at panel tick nearest as_of+tmap_eta,tmap_routes
CV002620,2026-07-26 04:57:22,2026-07-26 05:31:22,2026-07-26 05:37:26,34,34.0,8.562,dongdaegu,1,1,True,target_available_at_arrival,available_count>0 at panel tick nearest as_of+tmap_eta,tmap_routes
PW801250,2026-07-23 07:49:35,2026-07-23 08:10:35,2026-07-23 08:14:46,21,21.0,6.03,dongdaegu,2,2,True,target_available_at_arrival,available_count>0 at panel tick nearest as_of+tmap_eta,tmap_routes
PI740282,2026-07-21 10:21:04,2026-07-21 10:44:04,2026-07-21 10:51:17,23,23.3,6.255,dongdaegu,1,1,True,target_available_at_arrival,available_count>0 at panel tick nearest as_of+tmap_eta,tmap_routes
CV004698,2026-07-29 08:27:41,2026-07-29 08:45:41,2026-07-29 08:47:43,18,18.4,2.885,dongdaegu,2,2,True,target_available_at_arrival,available_count>0 at panel tick nearest as_of+tmap_eta,tmap_routes
EV003741,2026-08-07 11:02:04,2026-08-07 11:32:04,2026-08-07 11:32:05,30,29.6,8.772,dongdaegu,1,1,True,target_available_at_arrival,available_count>0 at panel tick nearest as_of+tmap_eta,tmap_routes
CV001264,2026-07-31 15:44:34,2026-07-31 16:38:34,2026-07-31 16:44:52,54,54.4,27.511,dongdaegu,1,1,True,target_available_at_arrival,available_count>0 at panel tick nearest as_of+tmap_eta,tmap_routes
ME19C404,2026-07-22 15:20:24,2026-07-22 15:45:24,2026-07-22 15:50:34,25,25.1,5.074,dongdaegu,4,4,True,target_available_at_arrival,available_count>0 at panel tick nearest as_of+tmap_eta,tmap_routes
PC001345,2026-07-30 22:48:07,2026-07-30 23:02:07,2026-07-30 23:08:09,14,13.8,1.875,dongdaegu,1,1,True,target_available_at_arrival,available_count>0 at panel tick nearest as_of+tmap_eta,tmap_routes
SF003193,2026-07-27 00:42:18,2026-07-27 01:32:18,2026-07-27 01:32:22,50,49.9,24.795,dongdaegu,12,11,True,target_available_at_arrival,available_count>0 at panel tick nearest as_of+tmap_eta,tmap_routes
CV004556,2026-07-29 12:28:26,2026-07-29 13:16:26,2026-07-29 13:18:32,48,47.5,15.257,dongdaegu,1,1,True,target_available_at_arrival,available_count>0 at panel tick nearest as_of+tmap_eta,tmap_routes
CV002072,2026-08-04 19:27:51,2026-08-04 19:47:51,2026-08-04 19:47:53,20,20.2,4.511,dongdaegu,1,1,True,target_available_at_arrival,available_count>0 at panel tick nearest as_of+tmap_eta,tmap_routes
CV000507,2026-07-30 23:28:11,2026-07-31 00:04:11,2026-07-31 00:08:15,36,35.7,7.788,dongdaegu,1,1,True,target_available_at_arrival,available_count>0 at panel tick nearest as_of+tmap_eta,tmap_routes
CV003137,2026-07-31 21:45:57,2026-07-31 22:45:57,2026-07-31 22:46:08,60,60.1,26.029,dongdaegu,4,4,True,target_available_at_arrival,available_count>0 at panel tick nearest as_of+tmap_eta,tmap_routes
PI000131,2026-07-26 23:20:05,2026-07-27 00:00:05,2026-07-27 00:00:08,40,40.1,11.728,dongdaegu,1,1,True,target_available_at_arrival,available_count>0 at panel tick nearest as_of+tmap_eta,tmap_routes
PC000554,2026-07-24 07:24:05,2026-07-24 08:22:05,2026-07-24 08:26:54,58,58.1,26.015,dongdaegu,1,1,True,target_available_at_arrival,available_count>0 at panel tick nearest as_of+tmap_eta,tmap_routes
SF001284,2026-07-30 05:23:42,2026-07-30 05:42:42,2026-07-30 05:43:44,19,18.6,3.943,dongdaegu,2,2,True,target_available_at_arrival,available_count>0 at panel tick nearest as_of+tmap_eta,tmap_routes
CV000149,2026-07-26 17:49:19,2026-07-26 18:26:19,2026-07-26 18:29:24,37,36.7,13.425,dongdaegu,1,1,True,target_available_at_arrival,available_count>0 at panel tick nearest as_of+tmap_eta,tmap_routes
PI530275,2026-08-05 13:31:46,2026-08-05 13:55:46,2026-08-05 14:01:47,24,24.2,7.702,dongdaegu,3,3,True,target_available_at_arrival,available_count>0 at panel tick nearest as_of+tmap_eta,tmap_routes
TDP00010,2026-07-30 10:44:59,2026-07-30 11:02:59,2026-07-30 11:05:01,18,17.7,2.955,dongdaegu,13,13,True,target_available_at_arrival,available_count>0 at panel tick nearest as_of+tmap_eta,tmap_routes
CV001491,2026-07-24 21:29:34,2026-07-24 21:53:34,2026-07-24 21:59:38,24,24.3,7.173,dongdaegu,2,2,True,target_available_at_arrival,available_count>0 at panel tick nearest as_of+tmap_eta,tmap_routes
ME183069,2026-07-26 06:17:35,2026-07-26 06:41:35,2026-07-26 06:47:38,24,23.8,4.237,dongdaegu,1,1,True,target_available_at_arrival,available_count>0 at panel tick nearest as_of+tmap_eta,tmap_routes
BNBN0721,2026-07-26 04:47:20,2026-07-26 05:12:20,2026-07-26 05:17:23,25,25.2,6.457,dongdaegu,1,1,True,target_available_at_arrival,available_count>0 at panel tick nearest as_of+tmap_eta,tmap_routes
DC530024,2026-07-31 10:22:37,2026-07-31 10:41:37,2026-07-31 10:42:39,19,18.9,3.851,dongdaegu,3,3,True,target_available_at_arrival,available_count>0 at panel tick nearest as_of+tmap_eta,tmap_routes
CV000535,2026-08-02 11:17:44,2026-08-02 11:31:44,2026-08-02 11:37:47,14,13.6,2.312,dongdaegu,1,1,True,target_available_at_arrival,available_count>0 at panel tick nearest as_of+tmap_eta,tmap_routes
CV001488,2026-07-27 13:14:14,2026-07-27 13:44:14,2026-07-27 13:44:23,30,30.3,7.059,dongdaegu,2,0,False,target_available_at_arrival,available_count>0 at panel tick nearest as_of+tmap_eta,tmap_routes
PC001513,2026-07-30 14:36:07,2026-07-30 14:53:07,2026-07-30 14:56:24,17,16.9,2.629,dongdaegu,9,9,True,target_available_at_arrival,available_count>0 at panel tick nearest as_of+tmap_eta,tmap_routes
PI740262,2026-08-03 15:22:50,2026-08-03 16:05:50,2026-08-03 16:12:52,43,42.8,15.204,dongdaegu,1,1,True,target_available_at_arrival,available_count>0 at panel tick nearest as_of+tmap_eta,tmap_routes
CV003458,2026-07-31 06:51:46,2026-07-31 07:14:46,2026-07-31 07:22:02,23,23.1,5.357,dongdaegu,1,1,True,target_available_at_arrival,available_count>0 at panel tick nearest as_of+tmap_eta,tmap_routes
PI740287,2026-08-09 03:23:08,2026-08-09 03:41:08,2026-08-09 03:43:08,18,18.2,2.761,dongdaegu,1,1,True,target_available_at_arrival,available_count>0 at panel tick nearest as_of+tmap_eta,tmap_routes
KP000238,2026-08-08 13:17:54,2026-08-08 13:47:54,2026-08-08 13:47:56,30,29.6,6.864,dongdaegu,3,3,True,target_available_at_arrival,available_count>0 at panel tick nearest as_of+tmap_eta,tmap_routes
CV003483,2026-08-05 17:52:03,2026-08-05 18:20:03,2026-08-05 18:22:08,28,28.1,6.301,dongdaegu,1,0,False,target_available_at_arrival,available_count>0 at panel tick nearest as_of+tmap_eta,tmap_routes
PIH00573,2026-08-04 07:27:02,2026-08-04 07:47:02,2026-08-04 07:47:04,20,20.4,3.842,dongdaegu,2,2,True,target_available_at_arrival,available_count>0 at panel tick nearest as_of+tmap_eta,tmap_routes
PI740743,2026-07-31 18:25:12,2026-07-31 18:42:12,2026-07-31 18:45:19,17,17.4,3.623,dongdaegu,2,2,True,target_available_at_arrival,available_count>0 at panel tick nearest as_of+tmap_eta,tmap_routes
CV003076,2026-07-26 03:17:07,2026-07-26 03:45:07,2026-07-26 03:47:14,28,27.8,6.202,dongdaegu,1,1,True,target_available_at_arrival,available_count>0 at panel tick nearest as_of+tmap_eta,tmap_routes
CV002069,2026-08-09 01:33:02,2026-08-09 02:03:02,2026-08-09 02:03:03,30,29.8,9.584,dongdaegu,2,2,True,target_available_at_arrival,available_count>0 at panel tick nearest as_of+tmap_eta,tmap_routes
CV000540,2026-07-22 15:00:22,2026-07-22 15:24:22,2026-07-22 15:30:31,24,24.5,6.65,dongdaegu,1,1,True,target_available_at_arrival,available_count>0 at panel tick nearest as_of+tmap_eta,tmap_routes
CV002570,2026-08-06 22:37:16,2026-08-06 22:57:16,2026-08-06 22:57:17,20,19.7,3.538,dongdaegu,3,3,True,target_available_at_arrival,available_count>0 at panel tick nearest as_of+tmap_eta,tmap_routes
CV004690,2026-08-05 22:02:27,2026-08-05 22:50:27,2026-08-05 22:52:29,48,47.5,12.082,dongdaegu,6,6,True,target_available_at_arrival,available_count>0 at panel tick nearest as_of+tmap_eta,tmap_routes
ME19X405,2026-07-29 14:58:45,2026-07-29 15:14:45,2026-07-29 15:18:47,16,15.6,1.87,dongdaegu,6,6,True,target_available_at_arrival,available_count>0 at panel tick nearest as_of+tmap_eta,tmap_routes
PI530312,2026-07-27 00:00:08,2026-07-27 00:28:08,2026-07-27 00:32:17,28,27.7,5.4,dongdaegu,3,3,True,target_available_at_arrival,available_count>0 at panel tick nearest as_of+tmap_eta,tmap_routes
NT101559,2026-07-21 14:42:18,2026-07-21 15:06:18,2026-07-21 15:12:22,24,24.4,7.069,dongdaegu,1,1,True,target_available_at_arrival,available_count>0 at panel tick nearest as_of+tmap_eta,tmap_routes
ME22C251,2026-07-31 17:04:57,2026-07-31 17:32:57,2026-07-31 17:35:04,28,27.9,8.298,dongdaegu,1,1,True,target_available_at_arrival,available_count>0 at panel tick nearest as_of+tmap_eta,tmap_routes
BNBN0721,2026-07-30 18:47:28,2026-07-30 19:12:28,2026-07-30 19:17:33,25,25.2,6.457,dongdaegu,1,1,True,target_available_at_arrival,available_count>0 at panel tick nearest as_of+tmap_eta,tmap_routes
ME19E161,2026-08-03 10:52:33,2026-08-03 11:11:33,2026-08-03 11:12:35,19,18.7,1.98,dongdaegu,1,1,True,target_available_at_arrival,available_count>0 at panel tick nearest as_of+tmap_eta,tmap_routes
DC530003,2026-07-23 03:43:21,2026-07-23 04:02:21,2026-07-23 04:03:26,19,18.8,3.965,dongdaegu,4,4,True,target_available_at_arrival,available_count>0 at panel tick nearest as_of+tmap_eta,tmap_routes
ST271708,2026-07-29 02:26:29,2026-07-29 02:54:29,2026-07-29 02:56:32,28,27.9,6.624,dongdaegu,5,5,True,target_available_at_arrival,available_count>0 at panel tick nearest as_of+tmap_eta,tmap_routes
ST277109,2026-08-04 07:37:03,2026-08-04 08:13:03,2026-08-04 08:17:06,36,35.6,12.799,dongdaegu,2,2,True,target_available_at_arrival,available_count>0 at panel tick nearest as_of+tmap_eta,tmap_routes
CV000151,2026-08-07 06:01:32,2026-08-07 06:30:32,2026-08-07 06:31:33,29,28.6,6.223,dongdaegu,1,1,True,target_available_at_arrival,available_count>0 at panel tick nearest as_of+tmap_eta,tmap_routes
KL002550,2026-07-29 12:18:25,2026-07-29 12:46:25,2026-07-29 12:48:29,28,28.0,9.113,dongdaegu,4,4,True,target_available_at_arrival,available_count>0 at panel tick nearest as_of+tmap_eta,tmap_routes
PW015039,2026-07-27 16:55:02,2026-07-27 17:22:02,2026-07-27 17:25:06,27,27.1,7.757,dongdaegu,2,2,True,target_available_at_arrival,available_count>0 at panel tick nearest as_of+tmap_eta,tmap_routes
CV003444,2026-07-24 10:07:16,2026-07-24 10:35:16,2026-07-24 10:37:25,28,28.1,8.078,dongdaegu,1,1,True,target_available_at_arrival,available_count>0 at panel tick nearest as_of+tmap_eta,tmap_routes
NX000023,2026-08-09 00:08:50,2026-08-09 00:27:50,2026-08-09 00:32:57,19,19.4,5.588,dongdaegu,2,2,True,target_available_at_arrival,available_count>0 at panel tick nearest as_of+tmap_eta,tmap_routes
KP000235,2026-08-07 07:11:35,2026-08-07 07:24:35,2026-08-07 07:31:38,13,13.3,2.71,dongdaegu,1,1,True,target_available_at_arrival,available_count>0 at panel tick nearest as_of+tmap_eta,tmap_routes
ME20C182,2026-07-26 14:48:53,2026-07-26 15:17:53,2026-07-26 15:18:58,29,28.9,5.93,dongdaegu,1,1,True,target_available_at_arrival,available_count>0 at panel tick nearest as_of+tmap_eta,tmap_routes
JA270005,2026-07-28 06:39:04,2026-07-28 06:59:04,2026-07-28 06:59:06,20,20.5,6.034,dongdaegu,12,12,True,target_available_at_arrival,available_count>0 at panel tick nearest as_of+tmap_eta,tmap_routes
CV000194,2026-08-04 00:46:42,2026-08-04 01:35:42,2026-08-04 01:36:46,49,48.9,17.248,dongdaegu,1,1,True,target_available_at_arrival,available_count>0 at panel tick nearest as_of+tmap_eta,tmap_routes
KE000548,2026-08-06 15:26:34,2026-08-06 15:31:34,2026-08-06 15:36:35,5,4.6,0.685,dongdaegu,3,3,True,target_available_at_arrival,available_count>0 at panel tick nearest as_of+tmap_eta,tmap_routes
CV003086,2026-07-31 06:01:38,2026-07-31 06:24:38,2026-07-31 06:31:41,23,23.3,3.897,dongdaegu,1,1,True,target_available_at_arrival,available_count>0 at panel tick nearest as_of+tmap_eta,tmap_routes
CV000512,2026-08-01 16:21:48,2026-08-01 16:41:48,2026-08-01 16:41:55,20,20.0,5.082,dongdaegu,1,1,True,target_available_at_arrival,available_count>0 at panel tick nearest as_of+tmap_eta,tmap_routes
CU530008,2026-07-30 15:56:41,2026-07-30 16:25:41,2026-07-30 16:26:45,29,29.1,9.81,dongdaegu,6,4,True,target_available_at_arrival,available_count>0 at panel tick nearest as_of+tmap_eta,tmap_routes
CV002389,2026-07-28 14:21:16,2026-07-28 14:48:16,2026-07-28 14:51:36,27,26.9,8.258,dongdaegu,1,1,True,target_available_at_arrival,available_count>0 at panel tick nearest as_of+tmap_eta,tmap_routes
KP005834,2026-07-28 18:43:00,2026-07-28 19:26:00,2026-07-28 19:33:12,43,42.9,21.13,dongdaegu,1,1,True,target_available_at_arrival,available_count>0 at panel tick nearest as_of+tmap_eta,tmap_routes
CV000152,2026-07-30 05:23:42,2026-07-30 05:49:42,2026-07-30 05:53:45,26,25.8,3.903,dongdaegu,2,2,True,target_available_at_arrival,available_count>0 at panel tick nearest as_of+tmap_eta,tmap_routes
ME24B144,2026-08-01 11:10:38,2026-08-01 12:03:38,2026-08-01 12:10:44,53,53.4,31.05,dongdaegu,1,1,True,target_available_at_arrival,available_count>0 at panel tick nearest as_of+tmap_eta,tmap_routes
CV000478,2026-08-01 04:59:25,2026-08-01 05:43:25,2026-08-01 05:49:29,44,44.0,17.313,dongdaegu,1,1,True,target_available_at_arrival,available_count>0 at panel tick nearest as_of+tmap_eta,tmap_routes
ME19C403,2026-08-08 09:07:35,2026-08-08 09:33:35,2026-08-08 09:37:37,26,26.0,8.922,dongdaegu,1,3,True,target_available_at_arrival,available_count>0 at panel tick nearest as_of+tmap_eta,tmap_routes
CV002107,2026-08-02 13:48:13,2026-08-02 14:11:13,2026-08-02 14:18:17,23,22.6,2.375,dongdaegu,1,1,True,target_available_at_arrival,available_count>0 at panel tick nearest as_of+tmap_eta,tmap_routes
CV002048,2026-08-03 18:23:48,2026-08-03 19:01:48,2026-08-03 19:03:50,38,37.7,10.255,dongdaegu,3,2,True,target_available_at_arrival,available_count>0 at panel tick nearest as_of+tmap_eta,tmap_routes
HE240384,2026-08-01 08:29:57,2026-08-01 09:32:57,2026-08-01 09:40:15,63,62.7,24.739,dongdaegu,1,2,True,target_available_at_arrival,available_count>0 at panel tick nearest as_of+tmap_eta,tmap_routes
PI700099,2026-07-26 15:08:56,2026-07-26 15:42:56,2026-07-26 15:49:02,34,33.5,11.076,dongdaegu,1,1,True,target_available_at_arrival,available_count>0 at panel tick nearest as_of+tmap_eta,tmap_routes
CV001242,2026-07-29 16:28:58,2026-07-29 17:07:58,2026-07-29 17:09:16,39,38.9,13.135,dongdaegu,5,6,True,target_available_at_arrival,available_count>0 at panel tick nearest as_of+tmap_eta,tmap_routes
AM900026,2026-08-03 13:52:45,2026-08-03 14:20:45,2026-08-03 14:22:47,28,27.8,9.43,dongdaegu,3,3,True,target_available_at_arrival,available_count>0 at panel tick nearest as_of+tmap_eta,tmap_routes
KP000234,2026-07-26 21:19:48,2026-07-26 21:59:48,2026-07-26 21:59:54,40,39.9,13.48,dongdaegu,2,2,True,target_available_at_arrival,available_count>0 at panel tick nearest as_of+tmap_eta,tmap_routes
CV003485,2026-08-06 16:56:40,2026-08-06 17:44:40,2026-08-06 17:46:45,48,48.2,16.03,dongdaegu,3,3,True,target_available_at_arrival,available_count>0 at panel tick nearest as_of+tmap_eta,tmap_routes
CV001632,2026-07-22 15:40:33,2026-07-22 16:08:33,2026-07-22 16:10:37,28,27.8,8.198,dongdaegu,2,2,True,target_available_at_arrival,available_count>0 at panel tick nearest as_of+tmap_eta,tmap_routes
EV005349,2026-08-02 04:16:37,2026-08-02 04:55:37,2026-08-02 04:56:42,39,39.3,12.559,dongdaegu,4,4,True,target_available_at_arrival,available_count>0 at panel tick nearest as_of+tmap_eta,tmap_routes
CV000565,2026-08-05 19:32:14,2026-08-05 20:32:14,2026-08-05 20:32:22,60,59.7,25.661,dongdaegu,4,4,True,target_available_at_arrival,available_count>0 at panel tick nearest as_of+tmap_eta,tmap_routes
CV000194,2026-08-01 05:09:26,2026-08-01 05:58:26,2026-08-01 05:59:31,49,48.9,17.248,dongdaegu,1,1,True,target_available_at_arrival,available_count>0 at panel tick nearest as_of+tmap_eta,tmap_routes
CV000542,2026-08-08 16:08:07,2026-08-08 16:18:07,2026-08-08 16:18:07,10,9.8,2.222,dongdaegu,1,1,True,target_available_at_arrival,available_count>0 at panel tick nearest as_of+tmap_eta,tmap_routes
HE001033,2026-08-04 09:07:09,2026-08-04 09:33:09,2026-08-04 09:37:11,26,26.1,6.663,dongdaegu,1,1,True,target_available_at_arrival,available_count>0 at panel tick nearest as_of+tmap_eta,tmap_routes
NT101228,2026-08-08 23:28:49,2026-08-08 23:53:49,2026-08-08 23:58:50,25,25.2,6.875,dongdaegu,3,3,True,target_available_at_arrival,available_count>0 at panel tick nearest as_of+tmap_eta,tmap_routes
BNBN0494,2026-08-07 00:51:16,2026-08-07 01:51:16,2026-08-07 01:51:18,60,60.3,26.273,dongdaegu,3,3,True,target_available_at_arrival,available_count>0 at panel tick nearest as_of+tmap_eta,tmap_routes
PI530292,2026-08-04 08:57:08,2026-08-04 09:10:08,2026-08-04 09:17:10,13,13.1,3.081,dongdaegu,1,1,True,target_available_at_arrival,available_count>0 at panel tick nearest as_of+tmap_eta,tmap_routes
CV001906,2026-07-25 13:34:47,2026-07-25 14:04:47,2026-07-25 14:04:52,30,29.6,8.24,dongdaegu,2,2,True,target_available_at_arrival,available_count>0 at panel tick nearest as_of+tmap_eta,tmap_routes
EC270009,2026-08-04 20:57:59,2026-08-04 21:45:59,2026-08-04 21:48:03,48,48.2,12.61,dongdaegu,6,6,True,target_available_at_arrival,available_count>0 at panel tick nearest as_of+tmap_eta,tmap_routes
PI530313,2026-08-08 02:27:12,2026-08-08 03:05:12,2026-08-08 03:07:13,38,37.9,13.333,dongdaegu,1,1,True,target_available_at_arrival,available_count>0 at panel tick nearest as_of+tmap_eta,tmap_routes
ME18C257,2026-08-03 03:12:02,2026-08-03 04:09:02,2026-08-03 04:12:04,57,57.2,24.092,dongdaegu,2,2,True,target_available_at_arrival,available_count>0 at panel tick nearest as_of+tmap_eta,tmap_routes
EV003987,2026-08-02 15:08:27,2026-08-02 15:41:27,2026-08-02 15:48:33,33,32.6,10.296,dongdaegu,5,5,True,target_available_at_arrival,available_count>0 at panel tick nearest as_of+tmap_eta,tmap_routes
CV002115,2026-07-24 03:17:12,2026-07-24 03:47:12,2026-07-24 03:47:21,30,29.8,9.615,dongdaegu,2,2,True,target_available_at_arrival,available_count>0 at panel tick nearest as_of+tmap_eta,tmap_routes
EV006614,2026-07-23 08:09:42,2026-07-23 08:47:42,2026-07-23 08:50:19,38,37.6,13.391,dongdaegu,1,1,True,target_available_at_arrival,available_count>0 at panel tick nearest as_of+tmap_eta,tmap_routes
PW000305,2026-08-01 08:50:02,2026-08-01 09:14:02,2026-08-01 09:20:08,24,24.1,5.361,dongdaegu,1,1,True,target_available_at_arrival,available_count>0 at panel tick nearest as_of+tmap_eta,tmap_routes
BE241251,2026-07-28 14:11:15,2026-07-28 14:56:15,2026-07-28 15:01:37,45,44.8,26.34,dongdaegu,1,2,True,target_available_at_arrival,available_count>0 at panel tick nearest as_of+tmap_eta,tmap_routes
EV005962,2026-08-08 04:47:19,2026-08-08 05:32:19,2026-08-08 05:37:23,45,45.3,15.129,dongdaegu,1,1,True,target_available_at_arrival,available_count>0 at panel tick nearest as_of+tmap_eta,tmap_routes
CV002689,2026-08-07 16:22:33,2026-08-07 17:16:33,2026-08-07 17:22:37,54,54.3,31.501,dongdaegu,5,5,True,target_available_at_arrival,available_count>0 at panel tick nearest as_of+tmap_eta,tmap_routes
SF001849,2026-08-07 01:21:17,2026-08-07 01:36:17,2026-08-07 01:41:18,15,15.4,1.463,dongdaegu,3,3,True,target_available_at_arrival,available_count>0 at panel tick nearest as_of+tmap_eta,tmap_routes
PI530319,2026-08-06 09:16:09,2026-08-06 09:40:09,2026-08-06 09:46:11,24,24.1,8.34,dongdaegu,1,1,True,target_available_at_arrival,available_count>0 at panel tick nearest as_of+tmap_eta,tmap_routes
EV006185,2026-07-23 12:22:26,2026-07-23 12:53:26,2026-07-23 12:57:37,31,30.9,9.33,dongdaegu,1,1,True,target_available_at_arrival,available_count>0 at panel tick nearest as_of+tmap_eta,tmap_routes
CV003485,2026-08-08 01:47:06,2026-08-08 02:35:06,2026-08-08 02:37:12,48,48.2,16.03,dongdaegu,3,3,True,target_available_at_arrival,available_count>0 at panel tick nearest as_of+tmap_eta,tmap_routes
CV003081,2026-08-02 22:09:26,2026-08-02 22:26:26,2026-08-02 22:29:27,17,16.7,3.222,dongdaegu,1,1,True,target_available_at_arrival,available_count>0 at panel tick nearest as_of+tmap_eta,tmap_routes
PIS00594,2026-08-08 20:58:35,2026-08-08 21:35:35,2026-08-08 21:38:38,37,37.1,13.531,dongdaegu,18,19,True,target_available_at_arrival,available_count>0 at panel tick nearest as_of+tmap_eta,tmap_routes
ME21B1D2,2026-07-29 22:50:19,2026-07-29 23:44:19,2026-07-29 23:50:30,54,53.8,30.781,dongdaegu,1,1,True,target_available_at_arrival,available_count>0 at panel tick nearest as_of+tmap_eta,tmap_routes
CV004108,2026-08-07 02:41:20,2026-08-07 02:55:20,2026-08-07 03:01:21,14,13.9,2.65,dongdaegu,2,2,True,target_available_at_arrival,available_count>0 at panel tick nearest as_of+tmap_eta,tmap_routes
CV003258,2026-08-01 20:02:28,2026-08-01 20:56:28,2026-08-01 21:02:40,54,53.9,40.599,dongdaegu,4,4,True,target_available_at_arrival,available_count>0 at panel tick nearest as_of+tmap_eta,tmap_routes
ME22C251,2026-07-23 11:31:57,2026-07-23 11:59:57,2026-07-23 12:02:15,28,27.9,8.298,dongdaegu,2,1,True,target_available_at_arrival,available_count>0 at panel tick nearest as_of+tmap_eta,tmap_routes
PI740241,2026-08-08 13:57:56,2026-08-08 14:11:56,2026-08-08 14:17:59,14,13.5,2.053,dongdaegu,1,1,True,target_available_at_arrival,available_count>0 at panel tick nearest as_of+tmap_eta,tmap_routes
SF002913,2026-07-31 13:22:59,2026-07-31 13:37:59,2026-07-31 13:43:01,15,15.2,3.084,dongdaegu,4,4,True,target_available_at_arrival,available_count>0 at panel tick nearest as_of+tmap_eta,tmap_routes
CV004134,2026-07-25 18:24:11,2026-07-25 18:41:11,2026-07-25 18:44:13,17,17.2,6.562,dongdaegu,6,5,True,target_available_at_arrival,available_count>0 at panel tick nearest as_of+tmap_eta,tmap_routes
CV001492,2026-07-29 12:18:25,2026-07-29 13:12:25,2026-07-29 13:18:32,54,54.3,30.993,dongdaegu,2,2,True,target_available_at_arrival,available_count>0 at panel tick nearest as_of+tmap_eta,tmap_routes
CV000039,2026-07-30 14:36:07,2026-07-30 14:53:07,2026-07-30 14:56:24,17,17.4,3.346,dongdaegu,2,2,True,target_available_at_arrival,available_count>0 at panel tick nearest as_of+tmap_eta,tmap_routes
NT100596,2026-07-30 18:07:09,2026-07-30 18:36:09,2026-07-30 18:37:27,29,29.2,9.485,dongdaegu,1,1,True,target_available_at_arrival,available_count>0 at panel tick nearest as_of+tmap_eta,tmap_routes
HE240382,2026-07-24 16:28:27,2026-07-24 17:31:27,2026-07-24 17:38:44,63,62.7,24.773,dongdaegu,1,2,True,target_available_at_arrival,available_count>0 at panel tick nearest as_of+tmap_eta,tmap_routes
KE001518,2026-08-06 20:57:05,2026-08-06 21:47:05,2026-08-06 21:47:14,50,50.4,31.245,dongdaegu,1,1,True,target_available_at_arrival,available_count>0 at panel tick nearest as_of+tmap_eta,tmap_routes
PI740352,2026-08-04 13:17:28,2026-08-04 14:07:28,2026-08-04 14:07:30,50,49.7,27.831,dongdaegu,1,1,True,target_available_at_arrival,available_count>0 at panel tick nearest as_of+tmap_eta,tmap_routes
CV002951,2026-08-05 14:01:47,2026-08-05 14:51:47,2026-08-05 14:51:52,50,49.6,39.256,dongdaegu,2,1,True,target_available_at_arrival,available_count>0 at panel tick nearest as_of+tmap_eta,tmap_routes
JA270006,2026-08-02 14:28:22,2026-08-02 14:42:22,2026-08-02 14:48:25,14,14.1,2.934,dongdaegu,7,5,True,target_available_at_arrival,available_count>0 at panel tick nearest as_of+tmap_eta,tmap_routes
CV000154,2026-07-27 02:42:28,2026-07-27 03:17:28,2026-07-27 03:22:31,35,35.4,11.631,dongdaegu,2,2,True,target_available_at_arrival,available_count>0 at panel tick nearest as_of+tmap_eta,tmap_routes
EBSSBILL,2026-08-06 03:45:49,2026-08-06 04:04:49,2026-08-06 04:05:50,19,18.9,2.758,dongdaegu,1,1,True,target_available_at_arrival,available_count>0 at panel tick nearest as_of+tmap_eta,tmap_routes
PIS00579,2026-08-06 05:25:53,2026-08-06 05:50:53,2026-08-06 05:55:54,25,24.8,8.567,dongdaegu,8,8,True,target_available_at_arrival,available_count>0 at panel tick nearest as_of+tmap_eta,tmap_routes
CV001426,2026-08-03 08:52:21,2026-08-03 09:20:21,2026-08-03 09:22:26,28,27.9,8.018,dongdaegu,2,2,True,target_available_at_arrival,available_count>0 at panel tick nearest as_of+tmap_eta,tmap_routes
PI067893,2026-07-21 17:13:07,2026-07-21 17:28:07,2026-07-21 17:33:16,15,15.2,2.28,dongdaegu,1,1,True,target_available_at_arrival,available_count>0 at panel tick nearest as_of+tmap_eta,tmap_routes
CV002995,2026-07-20 17:00:53,2026-07-20 17:24:53,2026-07-20 17:25:56,24,24.1,4.399,dongdaegu,1,1,True,target_available_at_arrival,available_count>0 at panel tick nearest as_of+tmap_eta,tmap_routes
ME18C230,2026-07-29 06:57:11,2026-07-29 07:51:11,2026-07-29 07:57:27,54,54.0,40.041,dongdaegu,1,1,True,target_available_at_arrival,available_count>0 at panel tick nearest as_of+tmap_eta,tmap_routes
ME18C258,2026-08-07 18:22:45,2026-08-07 18:42:45,2026-08-07 18:42:48,20,19.5,4.374,dongdaegu,2,2,True,target_available_at_arrival,available_count>0 at panel tick nearest as_of+tmap_eta,tmap_routes
ME20C182,2026-08-07 08:21:44,2026-08-07 08:50:44,2026-08-07 08:51:48,29,28.9,5.93,dongdaegu,1,1,True,target_available_at_arrival,available_count>0 at panel tick nearest as_of+tmap_eta,tmap_routes
EV005229,2026-08-05 01:31:00,2026-08-05 01:49:00,2026-08-05 01:51:01,18,17.8,3.927,dongdaegu,1,1,True,target_available_at_arrival,available_count>0 at panel tick nearest as_of+tmap_eta,tmap_routes
PI530278,2026-07-30 00:12:57,2026-07-30 01:08:57,2026-07-30 01:13:02,56,55.5,26.206,dongdaegu,6,7,True,target_available_at_arrival,available_count>0 at panel tick nearest as_of+tmap_eta,tmap_routes
KE000419,2026-07-28 17:22:32,2026-07-28 17:39:32,2026-07-28 17:42:34,17,17.1,3.231,dongdaegu,1,0,False,target_available_at_arrival,available_count>0 at panel tick nearest as_of+tmap_eta,tmap_routes
CV003104,2026-08-04 11:17:18,2026-08-04 11:57:18,2026-08-04 11:57:24,40,40.1,9.697,dongdaegu,3,3,True,target_available_at_arrival,available_count>0 at panel tick nearest as_of+tmap_eta,tmap_routes
EV003703,2026-07-23 08:45:08,2026-07-23 09:11:08,2026-07-23 09:15:39,26,25.8,7.845,dongdaegu,1,1,True,target_available_at_arrival,available_count>0 at panel tick nearest as_of+tmap_eta,tmap_routes
EV008719,2026-08-08 04:47:19,2026-08-08 05:16:19,2026-08-08 05:17:22,29,29.2,8.45,dongdaegu,1,1,True,target_available_at_arrival,available_count>0 at panel tick nearest as_of+tmap_eta,tmap_routes
KP005834,2026-08-02 02:36:24,2026-08-02 03:19:24,2026-08-02 03:26:30,43,42.9,21.13,dongdaegu,1,1,True,target_available_at_arrival,available_count>0 at panel tick nearest as_of+tmap_eta,tmap_routes
PI700382,2026-08-03 09:32:27,2026-08-03 09:50:27,2026-08-03 09:52:30,18,17.7,1.24,dongdaegu,1,1,True,target_available_at_arrival,available_count>0 at panel tick nearest as_of+tmap_eta,tmap_routes
EV012379,2026-07-31 09:02:26,2026-07-31 09:29:26,2026-07-31 09:32:31,27,27.3,8.408,dongdaegu,5,5,True,target_available_at_arrival,available_count>0 at panel tick nearest as_of+tmap_eta,tmap_routes
PI306072,2026-08-03 10:52:33,2026-08-03 11:26:33,2026-08-03 11:32:36,34,33.8,10.535,dongdaegu,2,2,True,target_available_at_arrival,available_count>0 at panel tick nearest as_of+tmap_eta,tmap_routes
PI770811,2026-08-04 20:47:56,2026-08-04 21:07:56,2026-08-04 21:07:59,20,19.5,3.036,dongdaegu,2,2,True,target_available_at_arrival,available_count>0 at panel tick nearest as_of+tmap_eta,tmap_routes
CV000979,2026-07-26 08:48:03,2026-07-26 09:07:03,2026-07-26 09:08:05,19,19.1,5.333,dongdaegu,1,1,True,target_available_at_arrival,available_count>0 at panel tick nearest as_of+tmap_eta,tmap_routes
PI530284,2026-07-26 20:39:42,2026-07-26 21:36:42,2026-07-26 21:39:51,57,57.4,25.643,dongdaegu,3,3,True,target_available_at_arrival,available_count>0 at panel tick nearest as_of+tmap_eta,tmap_routes
PL032044,2026-07-28 05:18:53,2026-07-28 05:31:53,2026-07-28 05:38:57,13,12.6,5.088,dongdaegu,1,1,True,target_available_at_arrival,available_count>0 at panel tick nearest as_of+tmap_eta,tmap_routes
EV005065,2026-08-06 08:06:00,2026-08-06 08:29:00,2026-08-06 08:36:05,23,22.7,6.241,dongdaegu,3,3,True,target_available_at_arrival,available_count>0 at panel tick nearest as_of+tmap_eta,tmap_routes
ME181303,2026-08-03 00:21:55,2026-08-03 00:58:55,2026-08-03 01:01:57,37,37.1,12.615,dongdaegu,1,1,True,target_available_at_arrival,available_count>0 at panel tick nearest as_of+tmap_eta,tmap_routes
KP005834,2026-07-29 08:37:42,2026-07-29 09:20:42,2026-07-29 09:27:57,43,42.9,21.13,dongdaegu,1,1,True,target_available_at_arrival,available_count>0 at panel tick nearest as_of+tmap_eta,tmap_routes
ME23B186,2026-07-28 23:33:50,2026-07-28 23:50:50,2026-07-28 23:53:52,17,16.9,2.531,dongdaegu,1,1,True,target_available_at_arrival,available_count>0 at panel tick nearest as_of+tmap_eta,tmap_routes
ME19C130,2026-08-03 11:12:35,2026-08-03 12:19:35,2026-08-03 12:22:39,67,66.8,43.953,dongdaegu,1,1,True,target_available_at_arrival,available_count>0 at panel tick nearest as_of+tmap_eta,tmap_routes
ME22C250,2026-07-28 06:19:01,2026-07-28 07:16:01,2026-07-28 07:19:09,57,57.1,24.108,dongdaegu,2,2,True,target_available_at_arrival,available_count>0 at panel tick nearest as_of+tmap_eta,tmap_routes
CG000066,2026-07-28 17:32:33,2026-07-28 18:20:33,2026-07-28 18:22:54,48,47.6,23.032,dongdaegu,1,1,True,target_available_at_arrival,available_count>0 at panel tick nearest as_of+tmap_eta,tmap_routes
CV003463,2026-08-05 20:32:22,2026-08-05 20:46:22,2026-08-05 20:52:23,14,13.8,2.782,dongdaegu,1,1,True,target_available_at_arrival,available_count>0 at panel tick nearest as_of+tmap_eta,tmap_routes
ME18C259,2026-08-05 09:21:23,2026-08-05 09:45:23,2026-08-05 09:51:25,24,23.8,6.576,dongdaegu,2,2,True,target_available_at_arrival,available_count>0 at panel tick nearest as_of+tmap_eta,tmap_routes
SF000279,2026-08-04 02:26:49,2026-08-04 02:44:49,2026-08-04 02:46:50,18,18.1,4.008,dongdaegu,3,3,True,target_available_at_arrival,available_count>0 at panel tick nearest as_of+tmap_eta,tmap_routes
HM710014,2026-08-08 12:57:53,2026-08-08 13:34:53,2026-08-08 13:37:55,37,37.1,6.887,dongdaegu,3,3,True,target_available_at_arrival,available_count>0 at panel tick nearest as_of+tmap_eta,tmap_routes
PIS00580,2026-07-28 19:53:15,2026-07-28 20:08:15,2026-07-28 20:13:17,15,15.2,2.833,dongdaegu,3,2,True,target_available_at_arrival,available_count>0 at panel tick nearest as_of+tmap_eta,tmap_routes
PIS00538,2026-08-09 00:08:50,2026-08-09 00:25:50,2026-08-09 00:32:57,17,17.2,2.96,dongdaegu,4,4,True,target_available_at_arrival,available_count>0 at panel tick nearest as_of+tmap_eta,tmap_routes
CV000560,2026-08-03 16:02:52,2026-08-03 16:17:52,2026-08-03 16:22:57,15,14.9,3.632,dongdaegu,2,2,True,target_available_at_arrival,available_count>0 at panel tick nearest as_of+tmap_eta,tmap_routes
BNBN0586,2026-07-26 07:07:40,2026-07-26 07:45:40,2026-07-26 07:47:51,38,38.5,10.312,dongdaegu,2,2,True,target_available_at_arrival,available_count>0 at panel tick nearest as_of+tmap_eta,tmap_routes
SF003187,2026-07-26 09:38:08,2026-07-26 10:08:08,2026-07-26 10:08:12,30,29.6,9.475,dongdaegu,1,1,True,target_available_at_arrival,available_count>0 at panel tick nearest as_of+tmap_eta,tmap_routes
ME19X413,2026-07-22 22:25:18,2026-07-22 22:59:18,2026-07-22 23:00:24,34,34.4,11.991,dongdaegu,5,5,True,target_available_at_arrival,available_count>0 at panel tick nearest as_of+tmap_eta,tmap_routes
CV002956,2026-08-03 18:53:50,2026-08-03 19:16:50,2026-08-03 19:23:52,23,23.3,7.169,dongdaegu,1,0,False,target_available_at_arrival,available_count>0 at panel tick nearest as_of+tmap_eta,tmap_routes
PI530285,2026-07-29 10:58:09,2026-07-29 11:26:09,2026-07-29 11:28:14,28,28.2,6.939,dongdaegu,1,1,True,target_available_at_arrival,available_count>0 at panel tick nearest as_of+tmap_eta,tmap_routes
HE192131,2026-08-07 12:42:09,2026-08-07 13:00:09,2026-08-07 13:02:12,18,17.5,2.483,dongdaegu,2,2,True,target_available_at_arrival,available_count>0 at panel tick nearest as_of+tmap_eta,tmap_routes
CV000658,2026-08-05 13:31:46,2026-08-05 14:01:46,2026-08-05 14:01:47,30,29.7,11.549,dongdaegu,1,1,True,target_available_at_arrival,available_count>0 at panel tick nearest as_of+tmap_eta,tmap_routes
HE230028,2026-08-05 14:41:52,2026-08-05 15:08:52,2026-08-05 15:11:53,27,27.1,5.998,dongdaegu,2,2,True,target_available_at_arrival,available_count>0 at panel tick nearest as_of+tmap_eta,tmap_routes
PI121974,2026-08-02 17:08:43,2026-08-02 17:25:43,2026-08-02 17:28:46,17,16.7,3.199,dongdaegu,6,6,True,target_available_at_arrival,available_count>0 at panel tick nearest as_of+tmap_eta,tmap_routes
CV003283,2026-07-27 07:23:12,2026-07-27 07:57:12,2026-07-27 08:03:22,34,33.9,8.36,dongdaegu,2,1,True,target_available_at_arrival,available_count>0 at panel tick nearest as_of+tmap_eta,tmap_routes
PI750081,2026-08-01 11:00:34,2026-08-01 11:43:34,2026-08-01 11:50:42,43,43.2,12.902,dongdaegu,2,2,True,target_available_at_arrival,available_count>0 at panel tick nearest as_of+tmap_eta,tmap_routes
PI763257,2026-07-30 00:32:58,2026-07-30 00:51:58,2026-07-30 00:53:00,19,19.3,6.215,dongdaegu,1,1,True,target_available_at_arrival,available_count>0 at panel tick nearest as_of+tmap_eta,tmap_routes
PI740096,2026-08-08 06:57:26,2026-08-08 07:20:26,2026-08-08 07:27:28,23,23.4,7.899,dongdaegu,1,1,True,target_available_at_arrival,available_count>0 at panel tick nearest as_of+tmap_eta,tmap_routes
CV003446,2026-07-24 16:58:31,2026-07-24 17:24:31,2026-07-24 17:28:43,26,25.6,6.06,dongdaegu,1,1,True,target_available_at_arrival,available_count>0 at panel tick nearest as_of+tmap_eta,tmap_routes
CV003107,2026-08-03 02:01:59,2026-08-03 02:31:59,2026-08-03 02:32:00,30,29.6,7.548,dongdaegu,1,1,True,target_available_at_arrival,available_count>0 at panel tick nearest as_of+tmap_eta,tmap_routes
EV012412,2026-07-27 09:33:36,2026-07-27 10:03:36,2026-07-27 10:03:39,30,29.9,6.418,dongdaegu,4,4,True,target_available_at_arrival,available_count>0 at panel tick nearest as_of+tmap_eta,tmap_routes
EC270009,2026-08-08 07:17:27,2026-08-08 08:05:27,2026-08-08 08:07:32,48,48.2,12.61,dongdaegu,3,3,True,target_available_at_arrival,available_count>0 at panel tick nearest as_of+tmap_eta,tmap_routes
HW000692,2026-07-30 19:07:31,2026-07-30 19:15:31,2026-07-30 19:17:33,8,8.3,1.603,dongdaegu,1,1,True,target_available_at_arrival,available_count>0 at panel tick nearest as_of+tmap_eta,tmap_routes
EV005229,2026-08-03 02:42:00,2026-08-03 03:00:00,2026-08-03 03:02:01,18,17.8,3.927,dongdaegu,3,3,True,target_available_at_arrival,available_count>0 at panel tick nearest as_of+tmap_eta,tmap_routes
EV005229,2026-07-23 07:54:38,2026-07-23 08:12:38,2026-07-23 08:14:46,18,17.8,3.927,dongdaegu,3,3,True,target_available_at_arrival,available_count>0 at panel tick nearest as_of+tmap_eta,tmap_routes
HE001131,2026-07-29 16:59:14,2026-07-29 17:18:14,2026-07-29 17:19:18,19,18.6,3.1,dongdaegu,11,12,True,target_available_at_arrival,available_count>0 at panel tick nearest as_of+tmap_eta,tmap_routes
PIS00599,2026-08-05 20:52:23,2026-08-05 21:28:23,2026-08-05 21:32:25,36,35.7,12.543,dongdaegu,20,20,True,target_available_at_arrival,available_count>0 at panel tick nearest as_of+tmap_eta,tmap_routes
CV000564,2026-07-28 04:58:50,2026-07-28 05:42:50,2026-07-28 05:48:58,44,43.5,12.857,dongdaegu,1,1,True,target_available_at_arrival,available_count>0 at panel tick nearest as_of+tmap_eta,tmap_routes
PI740699,2026-08-08 13:07:53,2026-08-08 13:45:53,2026-08-08 13:47:56,38,37.5,10.472,dongdaegu,2,2,True,target_available_at_arrival,available_count>0 at panel tick nearest as_of+tmap_eta,tmap_routes
PI747199,2026-08-08 08:07:32,2026-08-08 08:34:32,2026-08-08 08:37:33,27,27.3,5.386,dongdaegu,3,3,True,target_available_at_arrival,available_count>0 at panel tick nearest as_of+tmap_eta,tmap_routes
SF002922,2026-08-04 22:48:06,2026-08-04 23:04:06,2026-08-04 23:08:07,16,15.8,2.058,dongdaegu,2,2,True,target_available_at_arrival,available_count>0 at panel tick nearest as_of+tmap_eta,tmap_routes
CV001768,2026-08-03 04:32:05,2026-08-03 05:25:05,2026-08-03 05:32:08,53,53.0,25.977,dongdaegu,9,9,True,target_available_at_arrival,available_count>0 at panel tick nearest as_of+tmap_eta,tmap_routes
KE001517,2026-07-29 09:27:57,2026-07-29 09:54:57,2026-07-29 09:58:02,27,27.4,6.394,dongdaegu,1,1,True,target_available_at_arrival,available_count>0 at panel tick nearest as_of+tmap_eta,tmap_routes
CV003088,2026-08-01 13:51:17,2026-08-01 14:11:17,2026-08-01 14:11:19,20,19.9,6.027,dongdaegu,1,1,True,target_available_at_arrival,available_count>0 at panel tick nearest as_of+tmap_eta,tmap_routes
HE000883,2026-07-28 18:53:01,2026-07-28 19:22:01,2026-07-28 19:23:10,29,29.2,9.221,dongdaegu,19,19,True,target_available_at_arrival,available_count>0 at panel tick nearest as_of+tmap_eta,tmap_routes
PI306105,2026-07-27 00:52:18,2026-07-27 01:05:18,2026-07-27 01:12:20,13,13.3,2.325,dongdaegu,3,3,True,target_available_at_arrival,available_count>0 at panel tick nearest as_of+tmap_eta,tmap_routes
PI773847,2026-08-06 15:06:33,2026-08-06 15:26:33,2026-08-06 15:26:34,20,19.5,3.895,dongdaegu,2,2,True,target_available_at_arrival,available_count>0 at panel tick nearest as_of+tmap_eta,tmap_routes
ME184069,2026-07-24 12:07:38,2026-07-24 12:25:38,2026-07-24 12:27:45,18,18.1,3.348,dongdaegu,1,1,True,target_available_at_arrival,available_count>0 at panel tick nearest as_of+tmap_eta,tmap_routes
DC530024,2026-07-31 22:16:04,2026-07-31 22:35:04,2026-07-31 22:36:07,19,18.9,3.851,dongdaegu,3,3,True,target_available_at_arrival,available_count>0 at panel tick nearest as_of+tmap_eta,tmap_routes
PI530305,2026-08-02 23:19:32,2026-08-03 00:04:32,2026-08-03 00:09:34,45,45.4,19.208,dongdaegu,2,2,True,target_available_at_arrival,available_count>0 at panel tick nearest as_of+tmap_eta,tmap_routes
ME18C173,2026-08-06 09:26:10,2026-08-06 09:46:10,2026-08-06 09:46:11,20,19.8,4.372,dongdaegu,1,0,False,target_available_at_arrival,available_count>0 at panel tick nearest as_of+tmap_eta,tmap_routes
NT100596,2026-08-07 11:32:05,2026-08-07 12:01:05,2026-08-07 12:02:07,29,29.2,9.485,dongdaegu,2,2,True,target_available_at_arrival,available_count>0 at panel tick nearest as_of+tmap_eta,tmap_routes
PIH00573,2026-08-01 13:41:16,2026-08-01 14:01:16,2026-08-01 14:01:18,20,20.4,3.842,dongdaegu,2,2,True,target_available_at_arrival,available_count>0 at panel tick nearest as_of+tmap_eta,tmap_routes
CV002069,2026-08-08 21:48:38,2026-08-08 22:18:38,2026-08-08 22:18:42,30,29.8,9.584,dongdaegu,2,2,True,target_available_at_arrival,available_count>0 at panel tick nearest as_of+tmap_eta,tmap_routes
PIS00579,2026-07-17 19:54:52,2026-07-17 20:19:52,2026-07-17 20:24:53,25,24.8,8.567,dongdaegu,1,1,True,target_available_at_arrival,available_count>0 at panel tick nearest as_of+tmap_eta,tmap_routes
ME18C263,2026-08-07 07:51:40,2026-08-07 08:45:40,2026-08-07 08:51:48,54,54.1,25.684,dongdaegu,2,2,True,target_available_at_arrival,available_count>0 at panel tick nearest as_of+tmap_eta,tmap_routes
PW801141,2026-07-23 12:12:17,2026-07-23 12:22:17,2026-07-23 12:22:26,10,10.1,0.9,dongdaegu,1,1,True,target_available_at_arrival,available_count>0 at panel tick nearest as_of+tmap_eta,tmap_routes
DC530016,2026-08-07 12:52:09,2026-08-07 13:38:09,2026-08-07 13:42:14,46,46.0,9.407,dongdaegu,1,2,True,target_available_at_arrival,available_count>0 at panel tick nearest as_of+tmap_eta,tmap_routes
CV003148,2026-08-03 23:54:09,2026-08-04 00:23:09,2026-08-04 00:26:41,29,29.4,10.43,dongdaegu,1,0,False,target_available_at_arrival,available_count>0 at panel tick nearest as_of+tmap_eta,tmap_routes
CU530012,2026-08-03 21:54:00,2026-08-03 22:31:00,2026-08-03 22:34:05,37,36.8,12.536,dongdaegu,25,25,True,target_available_at_arrival,available_count>0 at panel tick nearest as_of+tmap_eta,tmap_routes
CV000558,2026-07-29 13:38:34,2026-07-29 13:45:34,2026-07-29 13:48:35,7,7.2,1.25,dongdaegu,1,1,True,target_available_at_arrival,available_count>0 at panel tick nearest as_of+tmap_eta,tmap_routes
ME22D245,2026-07-17 20:24:53,2026-07-17 21:17:53,2026-07-17 21:24:59,53,52.6,40.49,dongdaegu,2,2,True,target_available_at_arrival,available_count>0 at panel tick nearest as_of+tmap_eta,tmap_routes
ME21C219,2026-08-05 12:31:42,2026-08-05 13:01:42,2026-08-05 13:01:43,30,29.5,9.814,dongdaegu,2,2,True,target_available_at_arrival,available_count>0 at panel tick nearest as_of+tmap_eta,tmap_routes
PC000552,2026-08-03 01:51:58,2026-08-03 02:06:58,2026-08-03 02:11:59,15,14.8,2.52,dongdaegu,1,1,True,target_available_at_arrival,available_count>0 at panel tick nearest as_of+tmap_eta,tmap_routes
CV003571,2026-07-24 18:59:07,2026-07-24 19:16:07,2026-07-24 19:19:10,17,17.4,2.6,dongdaegu,1,1,True,target_available_at_arrival,available_count>0 at panel tick nearest as_of+tmap_eta,tmap_routes
ME18C258,2026-07-24 00:26:25,2026-07-24 00:46:25,2026-07-24 00:46:34,20,19.5,4.374,dongdaegu,2,2,True,target_available_at_arrival,available_count>0 at panel tick nearest as_of+tmap_eta,tmap_routes
EV005268,2026-08-06 10:36:13,2026-08-06 11:06:13,2026-08-06 11:06:15,30,29.6,10.5,dongdaegu,3,3,True,target_available_at_arrival,available_count>0 at panel tick nearest as_of+tmap_eta,tmap_routes
BNBN0494,2026-07-28 05:58:59,2026-07-28 06:58:59,2026-07-28 06:59:06,60,60.3,26.273,dongdaegu,3,3,True,target_available_at_arrival,available_count>0 at panel tick nearest as_of+tmap_eta,tmap_routes
CV000149,2026-08-07 08:21:44,2026-08-07 08:58:44,2026-08-07 09:01:51,37,36.7,13.425,dongdaegu,1,1,True,target_available_at_arrival,available_count>0 at panel tick nearest as_of+tmap_eta,tmap_routes
ME183070,2026-08-04 18:57:49,2026-08-04 19:46:49,2026-08-04 19:47:53,49,49.1,29.79,dongdaegu,1,1,True,target_available_at_arrival,available_count>0 at panel tick nearest as_of+tmap_eta,tmap_routes
DC530015,2026-07-29 19:49:48,2026-07-29 20:36:48,2026-07-29 20:39:56,47,46.8,9.409,dongdaegu,1,1,True,target_available_at_arrival,available_count>0 at panel tick nearest as_of+tmap_eta,tmap_routes
CV003122,2026-08-08 23:18:49,2026-08-08 23:37:49,2026-08-08 23:38:49,19,19.2,1.934,dongdaegu,1,1,True,target_available_at_arrival,available_count>0 at panel tick nearest as_of+tmap_eta,tmap_routes
CV000478,2026-07-28 21:53:32,2026-07-28 22:37:32,2026-07-28 22:43:41,44,44.0,17.313,dongdaegu,1,1,True,target_available_at_arrival,available_count>0 at panel tick nearest as_of+tmap_eta,tmap_routes
EO000079,2026-07-30 10:44:59,2026-07-30 11:01:59,2026-07-30 11:05:01,17,17.4,3.431,dongdaegu,1,1,True,target_available_at_arrival,available_count>0 at panel tick nearest as_of+tmap_eta,tmap_routes
ME25C427,2026-07-28 20:03:16,2026-07-28 20:20:16,2026-07-28 20:23:19,17,16.9,2.432,dongdaegu,4,4,True,target_available_at_arrival,available_count>0 at panel tick nearest as_of+tmap_eta,tmap_routes
ME25C172,2026-08-02 01:46:10,2026-08-02 02:02:10,2026-08-02 02:06:16,16,15.6,2.366,dongdaegu,1,1,True,target_available_at_arrival,available_count>0 at panel tick nearest as_of+tmap_eta,tmap_routes
PI740172,2026-08-06 16:16:38,2026-08-06 16:24:38,2026-08-06 16:26:38,8,8.3,1.966,dongdaegu,2,2,True,target_available_at_arrival,available_count>0 at panel tick nearest as_of+tmap_eta,tmap_routes
PIS00549,2026-08-06 08:46:06,2026-08-06 09:21:06,2026-08-06 09:26:10,35,34.7,10.454,dongdaegu,3,3,True,target_available_at_arrival,available_count>0 at panel tick nearest as_of+tmap_eta,tmap_routes
ME23B114,2026-08-05 03:11:04,2026-08-05 03:38:04,2026-08-05 03:41:05,27,27.2,5.505,dongdaegu,1,1,True,target_available_at_arrival,available_count>0 at panel tick nearest as_of+tmap_eta,tmap_routes
HW000702,2026-08-08 23:08:48,2026-08-09 00:01:48,2026-08-09 00:08:50,53,53.2,25.508,dongdaegu,1,1,True,target_available_at_arrival,available_count>0 at panel tick nearest as_of+tmap_eta,tmap_routes
CV001464,2026-08-05 02:01:01,2026-08-05 02:27:01,2026-08-05 02:31:03,26,26.3,7.512,dongdaegu,2,2,True,target_available_at_arrival,available_count>0 at panel tick nearest as_of+tmap_eta,tmap_routes
ME184067,2026-08-04 04:06:53,2026-08-04 04:21:53,2026-08-04 04:26:54,15,15.3,2.615,dongdaegu,1,1,True,target_available_at_arrival,available_count>0 at panel tick nearest as_of+tmap_eta,tmap_routes
SF002922,2026-08-05 16:51:59,2026-08-05 17:07:59,2026-08-05 17:12:00,16,15.8,2.058,dongdaegu,3,3,True,target_available_at_arrival,available_count>0 at panel tick nearest as_of+tmap_eta,tmap_routes
ME18C173,2026-07-22 23:25:38,2026-07-22 23:45:38,2026-07-22 23:45:41,20,19.8,4.372,dongdaegu,1,1,True,target_available_at_arrival,available_count>0 at panel tick nearest as_of+tmap_eta,tmap_routes
CV002072,2026-08-06 16:16:38,2026-08-06 16:36:38,2026-08-06 16:36:39,20,20.2,4.511,dongdaegu,1,1,True,target_available_at_arrival,available_count>0 at panel tick nearest as_of+tmap_eta,tmap_routes
CV004606,2026-07-28 21:03:24,2026-07-28 21:37:24,2026-07-28 21:43:30,34,34.1,11.021,dongdaegu,1,1,True,target_available_at_arrival,available_count>0 at panel tick nearest as_of+tmap_eta,tmap_routes
PIH00515,2026-07-28 13:41:12,2026-07-28 14:00:12,2026-07-28 14:01:15,19,19.0,3.766,dongdaegu,1,1,True,target_available_at_arrival,available_count>0 at panel tick nearest as_of+tmap_eta,tmap_routes
PIH01792,2026-07-29 18:19:27,2026-07-29 18:29:27,2026-07-29 18:29:28,10,10.1,0.893,dongdaegu,4,4,True,target_available_at_arrival,available_count>0 at panel tick nearest as_of+tmap_eta,tmap_routes
PI530305,2026-07-31 02:20:55,2026-07-31 03:05:55,2026-07-31 03:11:03,45,45.4,19.208,dongdaegu,2,2,True,target_available_at_arrival,available_count>0 at panel tick nearest as_of+tmap_eta,tmap_routes
HE230028,2026-08-07 21:43:16,2026-08-07 22:10:16,2026-08-07 22:13:19,27,27.1,5.998,dongdaegu,2,2,True,target_available_at_arrival,available_count>0 at panel tick nearest as_of+tmap_eta,tmap_routes
PI740208,2026-08-08 00:37:04,2026-08-08 01:22:04,2026-08-08 01:27:06,45,45.0,15.233,dongdaegu,1,1,True,target_available_at_arrival,available_count>0 at panel tick nearest as_of+tmap_eta,tmap_routes
CV003084,2026-08-02 13:48:13,2026-08-02 14:31:13,2026-08-02 14:38:23,43,43.2,12.141,dongdaegu,1,0,False,target_available_at_arrival,available_count>0 at panel tick nearest as_of+tmap_eta,tmap_routes
PW010211,2026-07-29 19:29:42,2026-07-29 20:43:42,2026-07-29 20:50:00,74,74.0,30.326,dongdaegu,1,1,True,target_available_at_arrival,available_count>0 at panel tick nearest as_of+tmap_eta,tmap_routes
PC001965,2026-07-28 06:19:01,2026-07-28 06:33:01,2026-07-28 06:39:04,14,14.5,2.68,dongdaegu,2,2,True,target_available_at_arrival,available_count>0 at panel tick nearest as_of+tmap_eta,tmap_routes
ME183054,2026-07-22 11:09:40,2026-07-22 12:02:40,2026-07-22 12:09:48,53,53.0,31.309,dongdaegu,1,1,True,target_available_at_arrival,available_count>0 at panel tick nearest as_of+tmap_eta,tmap_routes
CV001710,2026-08-02 11:57:51,2026-08-02 12:35:51,2026-08-02 12:37:59,38,37.7,9.1,dongdaegu,1,1,True,target_available_at_arrival,available_count>0 at panel tick nearest as_of+tmap_eta,tmap_routes
CV000555,2026-07-24 00:31:29,2026-07-24 00:41:29,2026-07-24 00:41:33,10,9.6,1.415,dongdaegu,1,1,True,target_available_at_arrival,available_count>0 at panel tick nearest as_of+tmap_eta,tmap_routes
IN053010,2026-08-01 05:59:31,2026-08-01 06:22:31,2026-08-01 06:29:39,23,22.9,5.478,dongdaegu,5,5,True,target_available_at_arrival,available_count>0 at panel tick nearest as_of+tmap_eta,tmap_routes
CV002390,2026-07-25 14:34:58,2026-07-25 15:00:58,2026-07-25 15:05:07,26,25.7,8.182,dongdaegu,1,2,True,target_available_at_arrival,available_count>0 at panel tick nearest as_of+tmap_eta,tmap_routes
CV001396,2026-08-04 21:38:03,2026-08-04 21:48:03,2026-08-04 21:48:03,10,10.2,0.829,dongdaegu,1,1,True,target_available_at_arrival,available_count>0 at panel tick nearest as_of+tmap_eta,tmap_routes
PI530086,2026-08-08 17:08:16,2026-08-08 18:03:16,2026-08-08 18:08:22,55,55.4,26.06,dongdaegu,1,1,True,target_available_at_arrival,available_count>0 at panel tick nearest as_of+tmap_eta,tmap_routes
CV000502,2026-08-01 08:39:58,2026-08-01 09:13:58,2026-08-01 09:20:08,34,34.3,9.78,dongdaegu,1,1,True,target_available_at_arrival,available_count>0 at panel tick nearest as_of+tmap_eta,tmap_routes
CV003237,2026-07-27 15:24:46,2026-07-27 15:51:46,2026-07-27 15:54:52,27,27.1,8.007,dongdaegu,1,1,True,target_available_at_arrival,available_count>0 at panel tick nearest as_of+tmap_eta,tmap_routes
PI306072,2026-08-09 04:43:11,2026-08-09 05:17:11,2026-08-09 05:23:14,34,33.8,10.535,dongdaegu,3,3,True,target_available_at_arrival,available_count>0 at panel tick nearest as_of+tmap_eta,tmap_routes
EV005513,2026-07-23 11:26:56,2026-07-23 12:17:56,2026-07-23 12:22:26,51,51.1,13.516,dongdaegu,1,1,True,target_available_at_arrival,available_count>0 at panel tick nearest as_of+tmap_eta,tmap_routes
CV001906,2026-07-28 10:29:53,2026-07-28 10:59:53,2026-07-28 10:59:56,30,29.6,8.24,dongdaegu,2,2,True,target_available_at_arrival,available_count>0 at panel tick nearest as_of+tmap_eta,tmap_routes
KP000240,2026-08-02 07:17:02,2026-08-02 08:11:02,2026-08-02 08:17:15,54,53.8,25.79,dongdaegu,2,2,True,target_available_at_arrival,available_count>0 at panel tick nearest as_of+tmap_eta,tmap_routes
PI645405,2026-08-02 11:27:45,2026-08-02 12:03:45,2026-08-02 12:07:52,36,35.8,12.364,dongdaegu,4,4,True,target_available_at_arrival,available_count>0 at panel tick nearest as_of+tmap_eta,tmap_routes
IN053044,2026-07-18 21:06:15,2026-07-18 21:46:15,2026-07-18 21:51:18,40,40.2,13.147,dongdaegu,4,5,True,target_available_at_arrival,available_count>0 at panel tick nearest as_of+tmap_eta,tmap_routes
PI740374,2026-07-27 06:32:57,2026-07-27 06:59:57,2026-07-27 07:03:02,27,27.0,8.019,dongdaegu,1,1,True,target_available_at_arrival,available_count>0 at panel tick nearest as_of+tmap_eta,tmap_routes
CV003455,2026-07-30 13:35:43,2026-07-30 14:00:43,2026-07-30 14:05:56,25,24.9,5.418,dongdaegu,1,1,True,target_available_at_arrival,available_count>0 at panel tick nearest as_of+tmap_eta,tmap_routes
KL001847,2026-07-30 03:13:15,2026-07-30 03:30:15,2026-07-30 03:33:21,17,17.4,3.371,dongdaegu,2,2,True,target_available_at_arrival,available_count>0 at panel tick nearest as_of+tmap_eta,tmap_routes
ST272607,2026-07-30 09:24:36,2026-07-30 09:43:36,2026-07-30 09:44:38,19,19.4,4.399,dongdaegu,1,1,True,target_available_at_arrival,available_count>0 at panel tick nearest as_of+tmap_eta,tmap_routes
CV003098,2026-07-31 16:24:46,2026-07-31 16:33:46,2026-07-31 16:34:51,9,9.0,1.042,dongdaegu,1,1,True,target_available_at_arrival,available_count>0 at panel tick nearest as_of+tmap_eta,tmap_routes
CV003084,2026-07-27 06:42:58,2026-07-27 07:25:58,2026-07-27 07:33:17,43,43.2,12.141,dongdaegu,1,1,True,target_available_at_arrival,available_count>0 at panel tick nearest as_of+tmap_eta,tmap_routes
ME23A218,2026-07-24 12:17:39,2026-07-24 12:34:39,2026-07-24 12:37:46,17,17.0,2.221,dongdaegu,2,2,True,target_available_at_arrival,available_count>0 at panel tick nearest as_of+tmap_eta,tmap_routes
BE241250,2026-07-24 02:27:00,2026-07-24 03:21:00,2026-07-24 03:22:12,54,54.0,26.162,dongdaegu,1,1,True,target_available_at_arrival,available_count>0 at panel tick nearest as_of+tmap_eta,tmap_routes
ME24B207,2026-07-24 01:21:48,2026-07-24 01:52:48,2026-07-24 01:56:54,31,30.9,10.75,dongdaegu,2,2,True,target_available_at_arrival,available_count>0 at panel tick nearest as_of+tmap_eta,tmap_routes
PI690013,2026-07-21 13:21:40,2026-07-21 13:57:40,2026-07-21 14:01:59,36,36.5,13.527,dongdaegu,1,2,True,target_available_at_arrival,available_count>0 at panel tick nearest as_of+tmap_eta,tmap_routes
CU530004,2026-08-04 17:07:42,2026-08-04 17:17:42,2026-08-04 17:17:43,10,9.6,1.543,dongdaegu,4,4,True,target_available_at_arrival,available_count>0 at panel tick nearest as_of+tmap_eta,tmap_routes
CV003465,2026-08-08 07:37:28,2026-08-08 08:07:28,2026-08-08 08:07:32,30,30.4,9.002,dongdaegu,1,1,True,target_available_at_arrival,available_count>0 at panel tick nearest as_of+tmap_eta,tmap_routes
CU530008,2026-07-27 02:12:25,2026-07-27 02:41:25,2026-07-27 02:42:28,29,29.1,9.81,dongdaegu,5,5,True,target_available_at_arrival,available_count>0 at panel tick nearest as_of+tmap_eta,tmap_routes
NT100108,2026-08-03 02:11:59,2026-08-03 02:40:59,2026-08-03 02:42:00,29,29.3,10.825,dongdaegu,1,1,True,target_available_at_arrival,available_count>0 at panel tick nearest as_of+tmap_eta,tmap_routes
EV005230,2026-07-30 01:33:04,2026-07-30 01:51:04,2026-07-30 01:53:05,18,17.8,3.927,dongdaegu,2,2,True,target_available_at_arrival,available_count>0 at panel tick nearest as_of+tmap_eta,tmap_routes
PI740572,2026-08-08 11:57:49,2026-08-08 12:17:49,2026-08-08 12:17:51,20,19.7,4.587,dongdaegu,2,2,True,target_available_at_arrival,available_count>0 at panel tick nearest as_of+tmap_eta,tmap_routes
CV001208,2026-08-05 10:11:30,2026-08-05 10:51:30,2026-08-05 10:51:34,40,40.1,7.766,dongdaegu,1,1,True,target_available_at_arrival,available_count>0 at panel tick nearest as_of+tmap_eta,tmap_routes
CV001544,2026-07-26 15:08:56,2026-07-26 15:36:56,2026-07-26 15:39:01,28,27.6,7.249,dongdaegu,2,2,True,target_available_at_arrival,available_count>0 at panel tick nearest as_of+tmap_eta,tmap_routes
HW000492,2026-08-06 18:56:50,2026-08-06 19:20:50,2026-08-06 19:26:52,24,23.9,5.958,dongdaegu,2,2,True,target_available_at_arrival,available_count>0 at panel tick nearest as_of+tmap_eta,tmap_routes
PC001839,2026-07-30 13:35:43,2026-07-30 13:58:43,2026-07-30 14:05:56,23,23.3,6.246,dongdaegu,2,2,True,target_available_at_arrival,available_count>0 at panel tick nearest as_of+tmap_eta,tmap_routes
PIS00549,2026-07-28 16:22:13,2026-07-28 16:57:13,2026-07-28 17:02:21,35,34.7,10.454,dongdaegu,4,4,True,target_available_at_arrival,available_count>0 at panel tick nearest as_of+tmap_eta,tmap_routes
KE000230,2026-07-24 00:36:30,2026-07-24 01:08:30,2026-07-24 01:11:46,32,32.1,10.495,dongdaegu,1,1,True,target_available_at_arrival,available_count>0 at panel tick nearest as_of+tmap_eta,tmap_routes
CV003065,2026-08-05 15:01:53,2026-08-05 15:31:53,2026-08-05 15:31:54,30,29.5,12.376,dongdaegu,1,1,True,target_available_at_arrival,available_count>0 at panel tick nearest as_of+tmap_eta,tmap_routes
PC000548,2026-07-26 18:19:23,2026-07-26 18:29:23,2026-07-26 18:29:24,10,10.1,1.643,dongdaegu,5,5,True,target_available_at_arrival,available_count>0 at panel tick nearest as_of+tmap_eta,tmap_routes
CV004339,2026-08-04 17:47:44,2026-08-04 18:13:44,2026-08-04 18:17:46,26,26.2,7.956,dongdaegu,2,2,True,target_available_at_arrival,available_count>0 at panel tick nearest as_of+tmap_eta,tmap_routes
CV002203,2026-07-21 14:52:19,2026-07-21 15:27:19,2026-07-21 15:32:26,35,35.2,13.714,dongdaegu,2,2,True,target_available_at_arrival,available_count>0 at panel tick nearest as_of+tmap_eta,tmap_routes
ME181302,2026-07-31 07:42:04,2026-07-31 08:30:04,2026-07-31 08:32:22,48,47.9,13.111,dongdaegu,1,1,True,target_available_at_arrival,available_count>0 at panel tick nearest as_of+tmap_eta,tmap_routes
KP005266,2026-07-31 02:30:56,2026-07-31 02:46:56,2026-07-31 02:51:01,16,16.3,3.409,dongdaegu,2,2,True,target_available_at_arrival,available_count>0 at panel tick nearest as_of+tmap_eta,tmap_routes
ME19E139,2026-08-02 22:19:27,2026-08-02 23:26:27,2026-08-02 23:29:32,67,66.8,33.463,dongdaegu,1,1,True,target_available_at_arrival,available_count>0 at panel tick nearest as_of+tmap_eta,tmap_routes
CV004108,2026-07-26 15:08:56,2026-07-26 15:22:56,2026-07-26 15:28:59,14,13.9,2.65,dongdaegu,1,1,True,target_available_at_arrival,available_count>0 at panel tick nearest as_of+tmap_eta,tmap_routes
ME23B113,2026-07-27 02:22:26,2026-07-27 03:16:26,2026-07-27 03:22:31,54,54.4,40.695,dongdaegu,1,1,True,target_available_at_arrival,available_count>0 at panel tick nearest as_of+tmap_eta,tmap_routes
PI770811,2026-08-04 22:18:05,2026-08-04 22:38:05,2026-08-04 22:38:06,20,19.5,3.036,dongdaegu,2,2,True,target_available_at_arrival,available_count>0 at panel tick nearest as_of+tmap_eta,tmap_routes
CV003454,2026-07-29 05:26:52,2026-07-29 05:42:52,2026-07-29 05:46:56,16,16.1,3.323,dongdaegu,2,2,True,target_available_at_arrival,available_count>0 at panel tick nearest as_of+tmap_eta,tmap_routes
KP000234,2026-08-04 01:56:47,2026-08-04 02:36:47,2026-08-04 02:36:50,40,39.9,13.48,dongdaegu,2,2,True,target_available_at_arrival,available_count>0 at panel tick nearest as_of+tmap_eta,tmap_routes
ST601140,2026-08-05 07:41:17,2026-08-05 08:18:17,2026-08-05 08:21:20,37,37.3,12.538,dongdaegu,4,4,True,target_available_at_arrival,available_count>0 at panel tick nearest as_of+tmap_eta,tmap_routes
CV001637,2026-08-07 19:12:50,2026-08-07 19:50:50,2026-08-07 19:53:03,38,38.4,17.352,dongdaegu,1,1,True,target_available_at_arrival,available_count>0 at panel tick nearest as_of+tmap_eta,tmap_routes
CV003040,2026-07-29 09:27:57,2026-07-29 09:52:57,2026-07-29 09:58:02,25,24.9,7.898,dongdaegu,7,7,True,target_available_at_arrival,available_count>0 at panel tick nearest as_of+tmap_eta,tmap_routes
PI747199,2026-08-06 09:16:09,2026-08-06 09:43:09,2026-08-06 09:46:11,27,27.3,5.386,dongdaegu,3,3,True,target_available_at_arrival,available_count>0 at panel tick nearest as_of+tmap_eta,tmap_routes
PI747158,2026-08-05 17:02:00,2026-08-05 17:39:00,2026-08-05 17:42:03,37,37.3,11.696,dongdaegu,2,2,True,target_available_at_arrival,available_count>0 at panel tick nearest as_of+tmap_eta,tmap_routes
EV007657,2026-07-25 14:24:54,2026-07-25 15:04:54,2026-07-25 15:05:07,40,39.7,10.96,dongdaegu,1,1,True,target_available_at_arrival,available_count>0 at panel tick nearest as_of+tmap_eta,tmap_routes
CV004550,2026-07-29 03:56:39,2026-07-29 04:20:39,2026-07-29 04:26:42,24,24.4,3.14,dongdaegu,1,1,True,target_available_at_arrival,available_count>0 at panel tick nearest as_of+tmap_eta,tmap_routes
PW012368,2026-08-08 14:38:01,2026-08-08 15:06:01,2026-08-08 15:08:03,28,28.5,10.054,dongdaegu,2,2,True,target_available_at_arrival,available_count>0 at panel tick nearest as_of+tmap_eta,tmap_routes
PI764798,2026-08-08 07:07:27,2026-08-08 07:30:27,2026-08-08 07:37:28,23,22.6,6.222,dongdaegu,2,2,True,target_available_at_arrival,available_count>0 at panel tick nearest as_of+tmap_eta,tmap_routes
CV000146,2026-07-29 14:08:37,2026-07-29 14:28:37,2026-07-29 14:28:39,20,19.5,3.384,dongdaegu,1,1,True,target_available_at_arrival,available_count>0 at panel tick nearest as_of+tmap_eta,tmap_routes
CV002202,2026-08-04 02:16:49,2026-08-04 02:36:49,2026-08-04 02:36:50,20,20.3,5.522,dongdaegu,2,2,True,target_available_at_arrival,available_count>0 at panel tick nearest as_of+tmap_eta,tmap_routes
CV003127,2026-08-09 01:13:01,2026-08-09 01:43:01,2026-08-09 01:43:02,30,29.6,6.467,dongdaegu,1,1,True,target_available_at_arrival,available_count>0 at panel tick nearest as_of+tmap_eta,tmap_routes
CV002995,2026-08-08 16:18:07,2026-08-08 16:42:07,2026-08-08 16:48:13,24,24.1,4.399,dongdaegu,2,2,True,target_available_at_arrival,available_count>0 at panel tick nearest as_of+tmap_eta,tmap_routes
ME19C227,2026-07-28 10:59:56,2026-07-28 11:52:56,2026-07-28 12:00:20,53,53.1,26.623,dongdaegu,2,1,True,target_available_at_arrival,available_count>0 at panel tick nearest as_of+tmap_eta,tmap_routes
SF002354,2026-07-29 13:38:34,2026-07-29 14:02:34,2026-07-29 14:08:37,24,23.6,4.76,dongdaegu,2,2,True,target_available_at_arrival,available_count>0 at panel tick nearest as_of+tmap_eta,tmap_routes
CV000513,2026-08-06 12:46:20,2026-08-06 13:09:20,2026-08-06 13:16:24,23,22.8,3.906,dongdaegu,1,1,True,target_available_at_arrival,available_count>0 at panel tick nearest as_of+tmap_eta,tmap_routes
SF002471,2026-08-04 14:47:32,2026-08-04 15:20:32,2026-08-04 15:27:35,33,32.8,12.4,dongdaegu,1,1,True,target_available_at_arrival,available_count>0 at panel tick nearest as_of+tmap_eta,tmap_routes
CV001544,2026-07-24 14:28:06,2026-07-24 14:56:06,2026-07-24 14:58:15,28,27.6,7.249,dongdaegu,2,2,True,target_available_at_arrival,available_count>0 at panel tick nearest as_of+tmap_eta,tmap_routes
DC530009,2026-08-02 07:47:08,2026-08-02 08:23:08,2026-08-02 08:27:16,36,36.1,8.473,dongdaegu,10,10,True,target_available_at_arrival,available_count>0 at panel tick nearest as_of+tmap_eta,tmap_routes
CV003142,2026-08-09 01:13:01,2026-08-09 01:56:01,2026-08-09 02:03:03,43,43.4,19.606,dongdaegu,1,1,True,target_available_at_arrival,available_count>0 at panel tick nearest as_of+tmap_eta,tmap_routes
PC001576,2026-08-04 06:06:58,2026-08-04 06:55:58,2026-08-04 06:57:00,49,49.2,14.77,dongdaegu,1,2,True,target_available_at_arrival,available_count>0 at panel tick nearest as_of+tmap_eta,tmap_routes
CV002237,2026-08-02 12:48:02,2026-08-02 13:17:02,2026-08-02 13:18:05,29,29.3,9.265,dongdaegu,3,3,True,target_available_at_arrival,available_count>0 at panel tick nearest as_of+tmap_eta,tmap_routes
HM710121,2026-08-05 19:42:19,2026-08-05 20:02:19,2026-08-05 20:02:20,20,20.1,3.305,dongdaegu,1,1,True,target_available_at_arrival,available_count>0 at panel tick nearest as_of+tmap_eta,tmap_routes
CV001885,2026-08-03 02:52:01,2026-08-03 03:32:01,2026-08-03 03:32:03,40,39.5,13.367,dongdaegu,3,3,True,target_available_at_arrival,available_count>0 at panel tick nearest as_of+tmap_eta,tmap_routes
ST600335,2026-08-06 11:36:17,2026-08-06 11:42:17,2026-08-06 11:46:17,6,6.3,0.045,dongdaegu,3,3,True,target_available_at_arrival,available_count>0 at panel tick nearest as_of+tmap_eta,tmap_routes
KP005267,2026-07-21 10:41:09,2026-07-21 11:01:09,2026-07-21 11:01:19,20,19.9,3.393,dongdaegu,1,1,True,target_available_at_arrival,available_count>0 at panel tick nearest as_of+tmap_eta,tmap_routes
PI530315,2026-07-31 00:08:15,2026-07-31 00:20:15,2026-07-31 00:20:43,12,11.5,2.172,dongdaegu,1,1,True,target_available_at_arrival,available_count>0 at panel tick nearest as_of+tmap_eta,tmap_routes
ME18C263,2026-08-02 12:07:52,2026-08-02 13:01:52,2026-08-02 13:08:04,54,54.1,25.684,dongdaegu,2,2,True,target_available_at_arrival,available_count>0 at panel tick nearest as_of+tmap_eta,tmap_routes
ME184070,2026-07-28 09:09:38,2026-07-28 09:34:38,2026-07-28 09:39:42,25,25.3,8.197,dongdaegu,1,1,True,target_available_at_arrival,available_count>0 at panel tick nearest as_of+tmap_eta,tmap_routes
CV000807,2026-07-18 21:21:16,2026-07-18 21:32:16,2026-07-18 21:36:17,11,10.9,1.76,dongdaegu,1,1,True,target_available_at_arrival,available_count>0 at panel tick nearest as_of+tmap_eta,tmap_routes
HE240384,2026-08-07 10:11:57,2026-08-07 11:14:57,2026-08-07 11:22:05,63,62.7,24.739,dongdaegu,2,2,True,target_available_at_arrival,available_count>0 at panel tick nearest as_of+tmap_eta,tmap_routes
CV001396,2026-08-03 00:31:55,2026-08-03 00:41:55,2026-08-03 00:41:56,10,10.2,0.829,dongdaegu,1,1,True,target_available_at_arrival,available_count>0 at panel tick nearest as_of+tmap_eta,tmap_routes
HE230028,2026-08-08 17:48:18,2026-08-08 18:15:18,2026-08-08 18:18:22,27,27.1,5.998,dongdaegu,2,2,True,target_available_at_arrival,available_count>0 at panel tick nearest as_of+tmap_eta,tmap_routes
EC270004,2026-08-05 19:32:14,2026-08-05 19:48:14,2026-08-05 19:52:19,16,15.7,3.318,dongdaegu,4,4,True,target_available_at_arrival,available_count>0 at panel tick nearest as_of+tmap_eta,tmap_routes
PI203015,2026-07-31 13:43:01,2026-07-31 14:13:01,2026-07-31 14:13:05,30,29.5,8.23,dongdaegu,1,1,True,target_available_at_arrival,available_count>0 at panel tick nearest as_of+tmap_eta,tmap_routes
HE230028,2026-07-23 14:38:02,2026-07-23 15:05:02,2026-07-23 15:08:22,27,27.1,5.998,dongdaegu,1,2,True,target_available_at_arrival,available_count>0 at panel tick nearest as_of+tmap_eta,tmap_routes
CV004086,2026-08-02 08:07:14,2026-08-02 08:43:14,2026-08-02 08:47:19,36,35.9,8.3,dongdaegu,11,11,True,target_available_at_arrival,available_count>0 at panel tick nearest as_of+tmap_eta,tmap_routes
IN053072,2026-07-22 16:00:36,2026-07-22 16:26:36,2026-07-22 16:30:39,26,25.9,8.457,dongdaegu,7,7,True,target_available_at_arrival,available_count>0 at panel tick nearest as_of+tmap_eta,tmap_routes
CV004614,2026-07-28 09:39:42,2026-07-28 10:24:42,2026-07-28 10:29:53,45,45.3,12.103,dongdaegu,3,3,True,target_available_at_arrival,available_count>0 at panel tick nearest as_of+tmap_eta,tmap_routes
CV002144,2026-08-01 14:31:26,2026-08-01 15:16:26,2026-08-01 15:21:33,45,44.6,9.399,dongdaegu,3,3,True,target_available_at_arrival,available_count>0 at panel tick nearest as_of+tmap_eta,tmap_routes
CV003284,2026-07-27 17:25:06,2026-07-27 18:01:06,2026-07-27 18:05:13,36,35.6,8.37,dongdaegu,1,1,True,target_available_at_arrival,available_count>0 at panel tick nearest as_of+tmap_eta,tmap_routes
LU100907,2026-08-06 02:25:46,2026-08-06 02:41:46,2026-08-06 02:45:47,16,15.8,3.485,dongdaegu,3,3,True,target_available_at_arrival,available_count>0 at panel tick nearest as_of+tmap_eta,tmap_routes
CV001221,2026-08-08 00:03:25,2026-08-08 00:21:25,2026-08-08 00:27:03,18,17.6,3.387,dongdaegu,10,10,True,target_available_at_arrival,available_count>0 at panel tick nearest as_of+tmap_eta,tmap_routes
ST600399,2026-08-07 21:03:11,2026-08-07 22:00:11,2026-08-07 22:03:19,57,57.3,23.048,dongdaegu,5,6,True,target_available_at_arrival,available_count>0 at panel tick nearest as_of+tmap_eta,tmap_routes
CV002203,2026-08-05 22:52:29,2026-08-05 23:27:29,2026-08-05 23:32:31,35,35.2,13.714,dongdaegu,4,4,True,target_available_at_arrival,available_count>0 at panel tick nearest as_of+tmap_eta,tmap_routes
CV004699,2026-08-03 22:54:06,2026-08-03 23:10:06,2026-08-03 23:14:07,16,15.8,4.103,dongdaegu,6,6,True,target_available_at_arrival,available_count>0 at panel tick nearest as_of+tmap_eta,tmap_routes
IN053073,2026-08-05 19:02:10,2026-08-05 19:22:10,2026-08-05 19:22:14,20,20.5,4.346,dongdaegu,16,16,True,target_available_at_arrival,available_count>0 at panel tick nearest as_of+tmap_eta,tmap_routes
KP004512,2026-07-30 00:12:57,2026-07-30 01:05:57,2026-07-30 01:13:02,53,52.8,33.739,dongdaegu,1,1,True,target_available_at_arrival,available_count>0 at panel tick nearest as_of+tmap_eta,tmap_routes
CV004326,2026-08-01 16:31:54,2026-08-01 17:18:54,2026-08-01 17:22:00,47,47.1,21.479,dongdaegu,2,2,True,target_available_at_arrival,available_count>0 at panel tick nearest as_of+tmap_eta,tmap_routes
SF003193,2026-07-28 00:18:19,2026-07-28 01:08:19,2026-07-28 01:08:23,50,49.9,24.795,dongdaegu,15,15,True,target_available_at_arrival,available_count>0 at panel tick nearest as_of+tmap_eta,tmap_routes
DC530009,2026-07-29 23:10:22,2026-07-29 23:46:22,2026-07-29 23:50:30,36,36.1,8.473,dongdaegu,8,8,True,target_available_at_arrival,available_count>0 at panel tick nearest as_of+tmap_eta,tmap_routes
CV001632,2026-07-24 04:43:05,2026-07-24 05:11:05,2026-07-24 05:13:15,28,27.8,8.198,dongdaegu,1,1,True,target_available_at_arrival,available_count>0 at panel tick nearest as_of+tmap_eta,tmap_routes
PIH00573,2026-08-08 00:27:03,2026-08-08 00:47:03,2026-08-08 00:47:04,20,20.4,3.842,dongdaegu,1,1,True,target_available_at_arrival,available_count>0 at panel tick nearest as_of+tmap_eta,tmap_routes
IN053044,2026-08-07 15:02:19,2026-08-07 15:42:19,2026-08-07 15:42:31,40,40.2,13.147,dongdaegu,5,5,True,target_available_at_arrival,available_count>0 at panel tick nearest as_of+tmap_eta,tmap_routes
ME19C227,2026-08-08 21:58:39,2026-08-08 22:51:39,2026-08-08 22:58:48,53,53.1,26.623,dongdaegu,1,1,True,target_available_at_arrival,available_count>0 at panel tick nearest as_of+tmap_eta,tmap_routes
PI530293,2026-08-02 18:28:54,2026-08-02 18:54:54,2026-08-02 18:58:59,26,26.1,6.024,dongdaegu,2,2,True,target_available_at_arrival,available_count>0 at panel tick nearest as_of+tmap_eta,tmap_routes
CV004134,2026-08-08 09:17:36,2026-08-08 09:34:36,2026-08-08 09:37:37,17,17.2,6.562,dongdaegu,6,5,True,target_available_at_arrival,available_count>0 at panel tick nearest as_of+tmap_eta,tmap_routes
ME20C287,2026-07-24 01:46:53,2026-07-24 02:07:53,2026-07-24 02:11:57,21,21.0,5.262,dongdaegu,2,2,True,target_available_at_arrival,available_count>0 at panel tick nearest as_of+tmap_eta,tmap_routes
CV004464,2026-07-31 20:45:44,2026-07-31 21:09:44,2026-07-31 21:15:53,24,23.7,8.761,dongdaegu,4,4,True,target_available_at_arrival,available_count>0 at panel tick nearest as_of+tmap_eta,tmap_routes
ME20C285,2026-08-07 14:02:15,2026-08-07 14:49:15,2026-08-07 14:52:18,47,46.9,14.657,dongdaegu,2,2,True,target_available_at_arrival,available_count>0 at panel tick nearest as_of+tmap_eta,tmap_routes
CV001779,2026-08-03 14:52:48,2026-08-03 15:48:48,2026-08-03 15:52:51,56,55.6,14.536,dongdaegu,4,4,True,target_available_at_arrival,available_count>0 at panel tick nearest as_of+tmap_eta,tmap_routes
CV002048,2026-07-19 13:00:55,2026-07-19 13:38:55,2026-07-19 13:46:05,38,37.7,10.255,dongdaegu,2,2,True,target_available_at_arrival,available_count>0 at panel tick nearest as_of+tmap_eta,tmap_routes
EO000005,2026-07-28 00:48:21,2026-07-28 01:26:21,2026-07-28 01:28:25,38,38.0,9.744,dongdaegu,2,2,True,target_available_at_arrival,available_count>0 at panel tick nearest as_of+tmap_eta,tmap_routes
ME18C264,2026-07-17 20:39:54,2026-07-17 21:07:54,2026-07-17 21:09:58,28,27.7,8.834,dongdaegu,2,2,True,target_available_at_arrival,available_count>0 at panel tick nearest as_of+tmap_eta,tmap_routes
PW015100,2026-08-06 21:47:14,2026-08-06 22:17:14,2026-08-06 22:17:15,30,30.1,5.782,dongdaegu,1,1,True,target_available_at_arrival,available_count>0 at panel tick nearest as_of+tmap_eta,tmap_routes
DC530001,2026-07-25 13:04:41,2026-07-25 13:40:41,2026-07-25 13:44:48,36,35.9,10.361,dongdaegu,1,1,True,target_available_at_arrival,available_count>0 at panel tick nearest as_of+tmap_eta,tmap_routes
CV003462,2026-07-23 03:58:23,2026-07-23 04:14:23,2026-07-23 04:18:30,16,15.9,3.351,dongdaegu,1,1,True,target_available_at_arrival,available_count>0 at panel tick nearest as_of+tmap_eta,tmap_routes
EV006220,2026-07-29 22:00:13,2026-07-29 22:38:13,2026-07-29 22:40:18,38,37.6,13.391,dongdaegu,1,1,True,target_available_at_arrival,available_count>0 at panel tick nearest as_of+tmap_eta,tmap_routes
CV002995,2026-08-01 14:51:29,2026-08-01 15:15:29,2026-08-01 15:21:33,24,24.1,4.399,dongdaegu,2,2,True,target_available_at_arrival,available_count>0 at panel tick nearest as_of+tmap_eta,tmap_routes
KP003786,2026-08-08 12:37:52,2026-08-08 12:54:52,2026-08-08 12:57:53,17,17.2,3.39,dongdaegu,2,2,True,target_available_at_arrival,available_count>0 at panel tick nearest as_of+tmap_eta,tmap_routes
CU530006,2026-08-08 13:27:54,2026-08-08 13:44:54,2026-08-08 13:47:56,17,17.2,4.121,dongdaegu,11,11,True,target_available_at_arrival,available_count>0 at panel tick nearest as_of+tmap_eta,tmap_routes
HE001131,2026-07-30 08:54:25,2026-07-30 09:13:25,2026-07-30 09:14:34,19,18.6,3.1,dongdaegu,13,13,True,target_available_at_arrival,available_count>0 at panel tick nearest as_of+tmap_eta,tmap_routes
CV002155,2026-08-05 16:21:57,2026-08-05 17:11:57,2026-08-05 17:12:00,50,49.6,23.361,dongdaegu,1,2,True,target_available_at_arrival,available_count>0 at panel tick nearest as_of+tmap_eta,tmap_routes
PW015042,2026-07-31 14:33:10,2026-07-31 14:57:10,2026-07-31 15:03:19,24,23.8,6.666,dongdaegu,2,2,True,target_available_at_arrival,available_count>0 at panel tick nearest as_of+tmap_eta,tmap_routes
ME18C262,2026-07-25 08:08:04,2026-07-25 09:11:04,2026-07-25 09:13:47,63,62.9,23.487,dongdaegu,2,2,True,target_available_at_arrival,available_count>0 at panel tick nearest as_of+tmap_eta,tmap_routes
PC001965,2026-08-03 07:02:13,2026-08-03 07:16:13,2026-08-03 07:22:14,14,14.5,2.68,dongdaegu,2,2,True,target_available_at_arrival,available_count>0 at panel tick nearest as_of+tmap_eta,tmap_routes
ME25C428,2026-07-24 17:18:35,2026-07-24 17:37:35,2026-07-24 17:38:44,19,18.8,3.899,dongdaegu,4,3,True,target_available_at_arrival,available_count>0 at panel tick nearest as_of+tmap_eta,tmap_routes
CV003081,2026-07-30 08:24:20,2026-07-30 08:41:20,2026-07-30 08:44:23,17,16.7,3.222,dongdaegu,1,1,True,target_available_at_arrival,available_count>0 at panel tick nearest as_of+tmap_eta,tmap_routes
ME183077,2026-08-05 09:41:24,2026-08-05 10:47:24,2026-08-05 10:51:34,66,65.8,23.536,dongdaegu,1,1,True,target_available_at_arrival,available_count>0 at panel tick nearest as_of+tmap_eta,tmap_routes
ST601269,2026-08-05 14:21:49,2026-08-05 14:31:49,2026-08-05 14:31:51,10,9.6,1.345,dongdaegu,1,0,False,target_available_at_arrival,available_count>0 at panel tick nearest as_of+tmap_eta,tmap_routes
IN053074,2026-07-27 10:53:45,2026-07-27 11:13:45,2026-07-27 11:13:47,20,20.2,3.77,dongdaegu,13,13,True,target_available_at_arrival,available_count>0 at panel tick nearest as_of+tmap_eta,tmap_routes
PI740598,2026-07-26 04:47:20,2026-07-26 05:05:20,2026-07-26 05:07:22,18,17.8,3.853,dongdaegu,1,1,True,target_available_at_arrival,available_count>0 at panel tick nearest as_of+tmap_eta,tmap_routes
CV002347,2026-07-31 07:12:00,2026-07-31 07:36:00,2026-07-31 07:42:04,24,24.2,9.135,dongdaegu,4,4,True,target_available_at_arrival,available_count>0 at panel tick nearest as_of+tmap_eta,tmap_routes
PI000253,2026-07-27 17:55:11,2026-07-27 18:25:11,2026-07-27 18:25:16,30,30.3,7.574,dongdaegu,1,1,True,target_available_at_arrival,available_count>0 at panel tick nearest as_of+tmap_eta,tmap_routes
PC001255,2026-08-07 17:52:43,2026-08-07 18:12:43,2026-08-07 18:12:44,20,20.3,3.165,dongdaegu,1,1,True,target_available_at_arrival,available_count>0 at panel tick nearest as_of+tmap_eta,tmap_routes
CV001590,2026-07-29 06:27:06,2026-07-29 07:06:06,2026-07-29 07:07:12,39,39.0,13.429,dongdaegu,4,4,True,target_available_at_arrival,available_count>0 at panel tick nearest as_of+tmap_eta,tmap_routes
ME19X430,2026-08-01 08:39:58,2026-08-01 08:57:58,2026-08-01 09:00:04,18,17.6,4.834,dongdaegu,6,6,True,target_available_at_arrival,available_count>0 at panel tick nearest as_of+tmap_eta,tmap_routes
SF002642,2026-07-29 22:00:13,2026-07-29 22:14:13,2026-07-29 22:20:16,14,13.8,2.135,dongdaegu,2,2,True,target_available_at_arrival,available_count>0 at panel tick nearest as_of+tmap_eta,tmap_routes
CV000813,2026-07-25 23:04:50,2026-07-25 23:24:50,2026-07-25 23:24:53,20,20.0,2.739,dongdaegu,1,1,True,target_available_at_arrival,available_count>0 at panel tick nearest as_of+tmap_eta,tmap_routes
CV003455,2026-07-22 14:50:17,2026-07-22 15:15:17,2026-07-22 15:20:24,25,24.9,5.418,dongdaegu,1,1,True,target_available_at_arrival,available_count>0 at panel tick nearest as_of+tmap_eta,tmap_routes
ME22D1C0,2026-07-22 21:50:10,2026-07-22 22:15:10,2026-07-22 22:15:15,25,24.9,8.86,dongdaegu,1,1,True,target_available_at_arrival,available_count>0 at panel tick nearest as_of+tmap_eta,tmap_routes
CV001885,2026-07-26 10:48:19,2026-07-26 11:28:19,2026-07-26 11:28:26,40,39.5,13.367,dongdaegu,4,4,True,target_available_at_arrival,available_count>0 at panel tick nearest as_of+tmap_eta,tmap_routes
CV003465,2026-08-06 04:45:51,2026-08-06 05:15:51,2026-08-06 05:15:52,30,30.4,9.002,dongdaegu,1,1,True,target_available_at_arrival,available_count>0 at panel tick nearest as_of+tmap_eta,tmap_routes
PI740662,2026-07-27 20:05:44,2026-07-27 20:22:44,2026-07-27 20:25:50,17,17.1,4.512,dongdaegu,1,1,True,target_available_at_arrival,available_count>0 at panel tick nearest as_of+tmap_eta,tmap_routes
CV003158,2026-07-29 19:09:38,2026-07-29 19:55:38,2026-07-29 19:59:51,46,46.5,15.819,dongdaegu,1,1,True,target_available_at_arrival,available_count>0 at panel tick nearest as_of+tmap_eta,tmap_routes
CV003572,2026-07-31 09:42:32,2026-07-31 10:12:32,2026-07-31 10:12:36,30,29.8,4.927,dongdaegu,1,1,True,target_available_at_arrival,available_count>0 at panel tick nearest as_of+tmap_eta,tmap_routes
CV000555,2026-08-07 11:32:05,2026-08-07 11:42:05,2026-08-07 11:42:06,10,9.6,1.415,dongdaegu,1,1,True,target_available_at_arrival,available_count>0 at panel tick nearest as_of+tmap_eta,tmap_routes
L3004610,2026-07-30 16:26:45,2026-07-30 16:54:45,2026-07-30 16:56:48,28,27.6,6.755,dongdaegu,1,1,True,target_available_at_arrival,available_count>0 at panel tick nearest as_of+tmap_eta,tmap_routes
PI306105,2026-08-05 03:41:05,2026-08-05 03:54:05,2026-08-05 04:01:06,13,13.3,2.325,dongdaegu,5,5,True,target_available_at_arrival,available_count>0 at panel tick nearest as_of+tmap_eta,tmap_routes
PI740349,2026-08-02 04:56:42,2026-08-02 05:46:42,2026-08-02 05:46:47,50,50.5,27.821,dongdaegu,1,1,True,target_available_at_arrival,available_count>0 at panel tick nearest as_of+tmap_eta,tmap_routes
CV001076,2026-08-08 11:47:49,2026-08-08 12:26:49,2026-08-08 12:27:51,39,38.6,12.457,dongdaegu,2,2,True,target_available_at_arrival,available_count>0 at panel tick nearest as_of+tmap_eta,tmap_routes
PI740628,2026-07-28 11:20:07,2026-07-28 11:46:07,2026-07-28 11:50:19,26,26.1,8.918,dongdaegu,1,1,True,target_available_at_arrival,available_count>0 at panel tick nearest as_of+tmap_eta,tmap_routes
HE240281,2026-07-31 17:04:57,2026-07-31 18:07:57,2026-07-31 18:15:10,63,63.2,24.883,dongdaegu,11,11,True,target_available_at_arrival,available_count>0 at panel tick nearest as_of+tmap_eta,tmap_routes
SF002471,2026-08-08 05:37:23,2026-08-08 06:10:23,2026-08-08 06:17:24,33,32.8,12.4,dongdaegu,1,1,True,target_available_at_arrival,available_count>0 at panel tick nearest as_of+tmap_eta,tmap_routes
EV005228,2026-07-24 17:28:43,2026-07-24 17:46:43,2026-07-24 17:48:46,18,17.8,3.927,dongdaegu,1,1,True,target_available_at_arrival,available_count>0 at panel tick nearest as_of+tmap_eta,tmap_routes
ME22D1C0,2026-07-27 11:53:56,2026-07-27 12:18:56,2026-07-27 12:23:59,25,24.9,8.86,dongdaegu,1,1,True,target_available_at_arrival,available_count>0 at panel tick nearest as_of+tmap_eta,tmap_routes
PI530328,2026-07-29 06:37:08,2026-07-29 07:20:08,2026-07-29 07:27:19,43,42.9,10.026,dongdaegu,1,1,True,target_available_at_arrival,available_count>0 at panel tick nearest as_of+tmap_eta,tmap_routes
PI723157,2026-07-23 06:03:57,2026-07-23 06:34:57,2026-07-23 06:39:07,31,30.9,9.533,dongdaegu,1,1,True,target_available_at_arrival,available_count>0 at panel tick nearest as_of+tmap_eta,tmap_routes
PI530312,2026-07-31 19:15:30,2026-07-31 19:43:30,2026-07-31 19:45:35,28,27.7,5.4,dongdaegu,3,3,True,target_available_at_arrival,available_count>0 at panel tick nearest as_of+tmap_eta,tmap_routes
PC000306,2026-07-23 12:42:31,2026-07-23 13:21:31,2026-07-23 13:22:44,39,39.1,12.302,dongdaegu,4,4,True,target_available_at_arrival,available_count>0 at panel tick nearest as_of+tmap_eta,tmap_routes
PI740227,2026-08-05 23:42:32,2026-08-05 23:48:32,2026-08-05 23:52:32,6,6.0,0.717,dongdaegu,1,1,True,target_available_at_arrival,available_count>0 at panel tick nearest as_of+tmap_eta,tmap_routes
PI747158,2026-07-29 05:26:52,2026-07-29 06:03:52,2026-07-29 06:06:58,37,37.3,11.696,dongdaegu,1,1,True,target_available_at_arrival,available_count>0 at panel tick nearest as_of+tmap_eta,tmap_routes
ME22C1A4,2026-07-22 22:20:17,2026-07-22 23:10:17,2026-07-22 23:10:34,50,49.7,23.023,dongdaegu,1,1,True,target_available_at_arrival,available_count>0 at panel tick nearest as_of+tmap_eta,tmap_routes
PC001966,2026-07-22 22:25:18,2026-07-22 22:47:18,2026-07-22 22:50:23,22,22.1,3.737,dongdaegu,1,1,True,target_available_at_arrival,available_count>0 at panel tick nearest as_of+tmap_eta,tmap_routes
PIS00598,2026-07-28 21:13:25,2026-07-28 21:47:25,2026-07-28 21:53:32,34,34.3,11.532,dongdaegu,9,7,True,target_available_at_arrival,available_count>0 at panel tick nearest as_of+tmap_eta,tmap_routes
CV002570,2026-07-20 21:11:07,2026-07-20 21:31:07,2026-07-20 21:31:09,20,19.7,3.538,dongdaegu,4,3,True,target_available_at_arrival,available_count>0 at panel tick nearest as_of+tmap_eta,tmap_routes
CV002302,2026-08-05 05:01:08,2026-08-05 05:31:08,2026-08-05 05:31:09,30,29.7,11.329,dongdaegu,3,3,True,target_available_at_arrival,available_count>0 at panel tick nearest as_of+tmap_eta,tmap_routes
PI740598,2026-08-02 23:49:33,2026-08-03 00:07:33,2026-08-03 00:09:34,18,17.8,3.853,dongdaegu,1,1,True,target_available_at_arrival,available_count>0 at panel tick nearest as_of+tmap_eta,tmap_routes
HW000648,2026-07-21 13:21:40,2026-07-21 13:49:40,2026-07-21 13:51:50,28,27.5,9.134,dongdaegu,3,3,True,target_available_at_arrival,available_count>0 at panel tick nearest as_of+tmap_eta,tmap_routes
CV001318,2026-07-25 10:04:05,2026-07-25 10:32:05,2026-07-25 10:34:15,28,28.5,5.908,dongdaegu,2,2,True,target_available_at_arrival,available_count>0 at panel tick nearest as_of+tmap_eta,tmap_routes
CV001426,2026-07-23 15:13:24,2026-07-23 15:41:24,2026-07-23 15:43:31,28,27.9,8.018,dongdaegu,1,1,True,target_available_at_arrival,available_count>0 at panel tick nearest as_of+tmap_eta,tmap_routes
EC005058,2026-08-02 12:58:03,2026-08-02 13:25:03,2026-08-02 13:28:10,27,27.4,8.907,dongdaegu,1,1,True,target_available_at_arrival,available_count>0 at panel tick nearest as_of+tmap_eta,tmap_routes
CV003140,2026-08-03 20:53:57,2026-08-03 21:37:57,2026-08-03 21:44:00,44,44.4,15.17,dongdaegu,1,1,True,target_available_at_arrival,available_count>0 at panel tick nearest as_of+tmap_eta,tmap_routes
CV003077,2026-08-02 16:48:41,2026-08-02 17:15:41,2026-08-02 17:18:45,27,26.6,8.273,dongdaegu,1,1,True,target_available_at_arrival,available_count>0 at panel tick nearest as_of+tmap_eta,tmap_routes
PI000645,2026-07-26 05:17:23,2026-07-26 05:34:23,2026-07-26 05:37:26,17,17.3,3.85,dongdaegu,1,1,True,target_available_at_arrival,available_count>0 at panel tick nearest as_of+tmap_eta,tmap_routes
KP004804,2026-07-30 20:47:49,2026-07-30 21:14:49,2026-07-30 21:17:54,27,27.0,8.693,dongdaegu,2,2,True,target_available_at_arrival,available_count>0 at panel tick nearest as_of+tmap_eta,tmap_routes
PIH01804,2026-08-08 22:38:43,2026-08-08 22:56:43,2026-08-08 22:58:48,18,17.8,3.532,dongdaegu,7,7,True,target_available_at_arrival,available_count>0 at panel tick nearest as_of+tmap_eta,tmap_routes
ME18C170,2026-08-04 07:47:04,2026-08-04 08:05:04,2026-08-04 08:07:05,18,18.1,4.183,dongdaegu,1,1,True,target_available_at_arrival,available_count>0 at panel tick nearest as_of+tmap_eta,tmap_routes
CV003086,2026-08-07 10:31:58,2026-08-07 10:54:58,2026-08-07 11:02:04,23,23.3,3.897,dongdaegu,1,1,True,target_available_at_arrival,available_count>0 at panel tick nearest as_of+tmap_eta,tmap_routes
ST272921,2026-08-07 04:51:27,2026-08-07 05:27:27,2026-08-07 05:31:29,36,36.5,13.409,dongdaegu,1,1,True,target_available_at_arrival,available_count>0 at panel tick nearest as_of+tmap_eta,tmap_routes
CV000701,2026-08-08 19:28:30,2026-08-08 20:13:30,2026-08-08 20:18:33,45,44.6,14.992,dongdaegu,4,4,True,target_available_at_arrival,available_count>0 at panel tick nearest as_of+tmap_eta,tmap_routes
BNBN1180,2026-07-27 07:13:06,2026-07-27 07:49:06,2026-07-27 07:53:20,36,36.3,12.826,dongdaegu,1,1,True,target_available_at_arrival,available_count>0 at panel tick nearest as_of+tmap_eta,tmap_routes
ME183054,2026-07-25 12:54:40,2026-07-25 13:47:40,2026-07-25 13:54:50,53,53.0,31.309,dongdaegu,1,1,True,target_available_at_arrival,available_count>0 at panel tick nearest as_of+tmap_eta,tmap_routes
CV003042,2026-07-25 22:24:46,2026-07-25 23:00:46,2026-07-25 23:04:50,36,35.9,8.808,dongdaegu,1,1,True,target_available_at_arrival,available_count>0 at panel tick nearest as_of+tmap_eta,tmap_routes
PI530297,2026-07-25 08:20:23,2026-07-25 08:33:23,2026-07-25 08:33:40,13,13.1,5.211,dongdaegu,1,1,True,target_available_at_arrival,available_count>0 at panel tick nearest as_of+tmap_eta,tmap_routes
CV004714,2026-08-03 17:23:00,2026-08-03 17:49:00,2026-08-03 17:53:46,26,26.4,6.104,dongdaegu,3,3,True,target_available_at_arrival,available_count>0 at panel tick nearest as_of+tmap_eta,tmap_routes
CV001490,2026-07-23 12:12:17,2026-07-23 12:34:17,2026-07-23 12:37:30,22,21.6,3.284,dongdaegu,2,2,True,target_available_at_arrival,available_count>0 at panel tick nearest as_of+tmap_eta,tmap_routes
ME22C1A3,2026-07-30 05:33:43,2026-07-30 06:00:43,2026-07-30 06:03:46,27,27.1,6.546,dongdaegu,1,1,True,target_available_at_arrival,available_count>0 at panel tick nearest as_of+tmap_eta,tmap_routes
PIS00553,2026-08-04 02:16:49,2026-08-04 02:34:49,2026-08-04 02:36:50,18,17.6,3.52,dongdaegu,10,10,True,target_available_at_arrival,available_count>0 at panel tick nearest as_of+tmap_eta,tmap_routes
CV004464,2026-07-31 22:16:04,2026-07-31 22:40:04,2026-07-31 22:46:08,24,23.7,8.761,dongdaegu,4,4,True,target_available_at_arrival,available_count>0 at panel tick nearest as_of+tmap_eta,tmap_routes
EC270006,2026-08-08 03:57:17,2026-08-08 04:36:17,2026-08-08 04:37:18,39,39.0,10.358,dongdaegu,2,2,True,target_available_at_arrival,available_count>0 at panel tick nearest as_of+tmap_eta,tmap_routes
PI740396,2026-07-29 14:48:44,2026-07-29 15:04:44,2026-07-29 15:08:46,16,16.2,2.09,dongdaegu,1,1,True,target_available_at_arrival,available_count>0 at panel tick nearest as_of+tmap_eta,tmap_routes
KP002184,2026-08-03 07:52:18,2026-08-03 08:21:18,2026-08-03 08:22:20,29,28.6,8.977,dongdaegu,1,1,True,target_available_at_arrival,available_count>0 at panel tick nearest as_of+tmap_eta,tmap_routes
HM710121,2026-08-05 15:31:54,2026-08-05 15:51:54,2026-08-05 15:51:56,20,20.1,3.305,dongdaegu,1,1,True,target_available_at_arrival,available_count>0 at panel tick nearest as_of+tmap_eta,tmap_routes
IN053084,2026-07-23 11:47:12,2026-07-23 12:06:12,2026-07-23 12:07:16,19,18.9,5.66,dongdaegu,4,4,True,target_available_at_arrival,available_count>0 at panel tick nearest as_of+tmap_eta,tmap_routes
CV000817,2026-08-02 20:29:16,2026-08-02 20:55:16,2026-08-02 20:59:19,26,25.8,7.07,dongdaegu,1,1,True,target_available_at_arrival,available_count>0 at panel tick nearest as_of+tmap_eta,tmap_routes
CV001496,2026-08-02 16:18:38,2026-08-02 16:54:38,2026-08-02 16:58:42,36,35.9,10.455,dongdaegu,2,2,True,target_available_at_arrival,available_count>0 at panel tick nearest as_of+tmap_eta,tmap_routes
PC001255,2026-08-02 18:48:58,2026-08-02 19:08:58,2026-08-02 19:09:00,20,20.3,3.165,dongdaegu,1,1,True,target_available_at_arrival,available_count>0 at panel tick nearest as_of+tmap_eta,tmap_routes
SF003198,2026-07-21 14:52:19,2026-07-21 15:18:19,2026-07-21 15:22:23,26,26.4,10.221,dongdaegu,2,3,True,target_available_at_arrival,available_count>0 at panel tick nearest as_of+tmap_eta,tmap_routes
PI530278,2026-07-24 20:19:21,2026-07-24 21:15:21,2026-07-24 21:19:33,56,55.5,26.206,dongdaegu,6,5,True,target_available_at_arrival,available_count>0 at panel tick nearest as_of+tmap_eta,tmap_routes
PC000603,2026-08-07 07:51:40,2026-08-07 08:19:40,2026-08-07 08:21:44,28,28.1,8.922,dongdaegu,1,1,True,target_available_at_arrival,available_count>0 at panel tick nearest as_of+tmap_eta,tmap_routes
HY000896,2026-08-02 02:16:18,2026-08-02 02:49:18,2026-08-02 02:56:26,33,32.8,9.291,dongdaegu,6,6,True,target_available_at_arrival,available_count>0 at panel tick nearest as_of+tmap_eta,tmap_routes
PI645405,2026-07-31 20:45:44,2026-07-31 21:21:44,2026-07-31 21:25:54,36,35.8,12.364,dongdaegu,3,3,True,target_available_at_arrival,available_count>0 at panel tick nearest as_of+tmap_eta,tmap_routes
PI740284,2026-08-01 06:49:41,2026-08-01 07:12:41,2026-08-01 07:19:45,23,23.2,6.235,dongdaegu,1,1,True,target_available_at_arrival,available_count>0 at panel tick nearest as_of+tmap_eta,tmap_routes
PIS00553,2026-08-06 08:56:08,2026-08-06 09:14:08,2026-08-06 09:16:09,18,17.6,3.52,dongdaegu,11,10,True,target_available_at_arrival,available_count>0 at panel tick nearest as_of+tmap_eta,tmap_routes
CV001462,2026-07-24 16:08:25,2026-07-24 16:32:25,2026-07-24 16:38:28,24,23.7,5.26,dongdaegu,1,1,True,target_available_at_arrival,available_count>0 at panel tick nearest as_of+tmap_eta,tmap_routes
PW014280,2026-08-07 14:42:17,2026-08-07 15:17:17,2026-08-07 15:22:28,35,34.7,12.73,dongdaegu,4,3,True,target_available_at_arrival,available_count>0 at panel tick nearest as_of+tmap_eta,tmap_routes
CV003143,2026-07-24 18:18:58,2026-07-24 18:51:58,2026-07-24 18:59:07,33,33.0,12.115,dongdaegu,1,1,True,target_available_at_arrival,available_count>0 at panel tick nearest as_of+tmap_eta,tmap_routes
CV001972,2026-08-08 02:27:12,2026-08-08 02:43:12,2026-08-08 02:47:13,16,15.9,2.727,dongdaegu,1,1,True,target_available_at_arrival,available_count>0 at panel tick nearest as_of+tmap_eta,tmap_routes
CV003445,2026-08-01 22:52:56,2026-08-01 23:08:56,2026-08-01 23:12:58,16,16.4,3.24,dongdaegu,3,3,True,target_available_at_arrival,available_count>0 at panel tick nearest as_of+tmap_eta,tmap_routes
AM900026,2026-07-23 14:17:56,2026-07-23 14:45:56,2026-07-23 14:48:04,28,27.8,9.43,dongdaegu,1,1,True,target_available_at_arrival,available_count>0 at panel tick nearest as_of+tmap_eta,tmap_routes
PIS00555,2026-08-07 23:43:24,2026-08-08 00:01:24,2026-08-08 00:03:25,18,17.9,1.225,dongdaegu,8,8,True,target_available_at_arrival,available_count>0 at panel tick nearest as_of+tmap_eta,tmap_routes
PI740664,2026-07-31 00:40:46,2026-07-31 01:19:46,2026-07-31 01:20:49,39,39.1,12.199,dongdaegu,1,1,True,target_available_at_arrival,available_count>0 at panel tick nearest as_of+tmap_eta,tmap_routes
NT101499,2026-08-01 03:29:17,2026-08-01 04:08:17,2026-08-01 04:09:20,39,39.0,10.787,dongdaegu,1,1,True,target_available_at_arrival,available_count>0 at panel tick nearest as_of+tmap_eta,tmap_routes
CV001491,2026-07-22 17:11:04,2026-07-22 17:35:04,2026-07-22 17:41:25,24,24.3,7.173,dongdaegu,3,3,True,target_available_at_arrival,available_count>0 at panel tick nearest as_of+tmap_eta,tmap_routes
CV000152,2026-08-02 01:06:02,2026-08-02 01:32:02,2026-08-02 01:36:09,26,25.8,3.903,dongdaegu,1,1,True,target_available_at_arrival,available_count>0 at panel tick nearest as_of+tmap_eta,tmap_routes
LU100148,2026-08-08 05:17:22,2026-08-08 05:40:22,2026-08-08 05:47:23,23,23.1,7.057,dongdaegu,2,2,True,target_available_at_arrival,available_count>0 at panel tick nearest as_of+tmap_eta,tmap_routes
ME25C166,2026-07-23 02:28:05,2026-07-23 03:28:05,2026-07-23 03:28:17,60,60.5,30.627,dongdaegu,1,1,True,target_available_at_arrival,available_count>0 at panel tick nearest as_of+tmap_eta,tmap_routes
EV005193,2026-07-30 03:23:20,2026-07-30 03:58:20,2026-07-30 04:03:30,35,35.0,9.715,dongdaegu,1,1,True,target_available_at_arrival,available_count>0 at panel tick nearest as_of+tmap_eta,tmap_routes
CV003139,2026-08-08 14:58:03,2026-08-08 15:24:03,2026-08-08 15:28:04,26,26.4,8.714,dongdaegu,3,3,True,target_available_at_arrival,available_count>0 at panel tick nearest as_of+tmap_eta,tmap_routes
CV000539,2026-07-31 21:25:54,2026-07-31 21:50:54,2026-07-31 21:55:58,25,25.2,7.511,dongdaegu,1,1,True,target_available_at_arrival,available_count>0 at panel tick nearest as_of+tmap_eta,tmap_routes
CV000808,2026-07-22 22:25:18,2026-07-22 23:00:18,2026-07-22 23:00:24,35,34.9,7.273,dongdaegu,1,1,True,target_available_at_arrival,available_count>0 at panel tick nearest as_of+tmap_eta,tmap_routes
CV001906,2026-08-04 06:26:58,2026-08-04 06:56:58,2026-08-04 06:57:00,30,29.6,8.24,dongdaegu,2,2,True,target_available_at_arrival,available_count>0 at panel tick nearest as_of+tmap_eta,tmap_routes
HE000883,2026-07-20 10:59:53,2026-07-20 11:28:53,2026-07-20 11:29:54,29,29.2,9.221,dongdaegu,3,4,True,target_available_at_arrival,available_count>0 at panel tick nearest as_of+tmap_eta,tmap_routes
ME25C426,2026-07-26 13:38:44,2026-07-26 14:07:44,2026-07-26 14:08:48,29,28.7,8.088,dongdaegu,4,4,True,target_available_at_arrival,available_count>0 at panel tick nearest as_of+tmap_eta,tmap_routes
PI763257,2026-08-01 13:31:15,2026-08-01 13:50:15,2026-08-01 13:51:17,19,19.3,6.215,dongdaegu,1,1,True,target_available_at_arrival,available_count>0 at panel tick nearest as_of+tmap_eta,tmap_routes
CV004302,2026-07-26 02:57:05,2026-07-26 03:24:05,2026-07-26 03:27:10,27,27.2,6.116,dongdaegu,1,1,True,target_available_at_arrival,available_count>0 at panel tick nearest as_of+tmap_eta,tmap_routes
EV005837,2026-08-08 16:38:08,2026-08-08 17:04:08,2026-08-08 17:08:16,26,26.4,7.33,dongdaegu,2,2,True,target_available_at_arrival,available_count>0 at panel tick nearest as_of+tmap_eta,tmap_routes
CV003800,2026-08-09 00:42:59,2026-08-09 01:15:59,2026-08-09 01:23:01,33,32.6,10.802,dongdaegu,4,4,True,target_available_at_arrival,available_count>0 at panel tick nearest as_of+tmap_eta,tmap_routes
CV000501,2026-08-09 03:13:07,2026-08-09 03:36:07,2026-08-09 03:43:08,23,22.9,6.934,dongdaegu,1,1,True,target_available_at_arrival,available_count>0 at panel tick nearest as_of+tmap_eta,tmap_routes
CV001564,2026-08-02 17:28:46,2026-08-02 18:01:46,2026-08-02 18:08:52,33,32.9,9.561,dongdaegu,3,3,True,target_available_at_arrival,available_count>0 at panel tick nearest as_of+tmap_eta,tmap_routes
ME22D192,2026-07-24 11:07:28,2026-07-24 11:51:28,2026-07-24 11:57:37,44,44.5,12.379,dongdaegu,1,1,True,target_available_at_arrival,available_count>0 at panel tick nearest as_of+tmap_eta,tmap_routes
PI530277,2026-07-30 21:57:59,2026-07-30 22:34:59,2026-07-30 22:38:06,37,37.4,11.179,dongdaegu,2,2,True,target_available_at_arrival,available_count>0 at panel tick nearest as_of+tmap_eta,tmap_routes
CV003453,2026-07-31 07:42:04,2026-07-31 07:58:04,2026-07-31 08:02:10,16,16.1,3.323,dongdaegu,2,2,True,target_available_at_arrival,available_count>0 at panel tick nearest as_of+tmap_eta,tmap_routes
CV000978,2026-08-03 13:32:42,2026-08-03 13:57:42,2026-08-03 14:02:46,25,25.3,6.225,dongdaegu,5,4,True,target_available_at_arrival,available_count>0 at panel tick nearest as_of+tmap_eta,tmap_routes
JA270011,2026-07-28 15:41:42,2026-07-28 16:04:42,2026-07-28 16:12:12,23,22.9,5.105,dongdaegu,14,14,True,target_available_at_arrival,available_count>0 at panel tick nearest as_of+tmap_eta,tmap_routes
CV003064,2026-07-27 20:15:49,2026-07-27 20:43:49,2026-07-27 20:46:00,28,28.5,7.639,dongdaegu,1,1,True,target_available_at_arrival,available_count>0 at panel tick nearest as_of+tmap_eta,tmap_routes
EV006617,2026-07-26 02:07:00,2026-07-26 02:45:00,2026-07-26 02:47:04,38,37.6,13.391,dongdaegu,1,1,True,target_available_at_arrival,available_count>0 at panel tick nearest as_of+tmap_eta,tmap_routes
PI645405,2026-08-06 21:57:14,2026-08-06 22:33:14,2026-08-06 22:37:16,36,35.8,12.364,dongdaegu,4,4,True,target_available_at_arrival,available_count>0 at panel tick nearest as_of+tmap_eta,tmap_routes
CV000506,2026-07-20 10:59:53,2026-07-20 11:08:53,2026-07-20 11:14:54,9,9.0,2.041,dongdaegu,1,1,True,target_available_at_arrival,available_count>0 at panel tick nearest as_of+tmap_eta,tmap_routes
CV001208,2026-07-30 14:15:57,2026-07-30 14:55:57,2026-07-30 14:56:24,40,40.1,7.766,dongdaegu,1,1,True,target_available_at_arrival,available_count>0 at panel tick nearest as_of+tmap_eta,tmap_routes
CU530009,2026-08-09 06:03:15,2026-08-09 06:18:15,2026-08-09 06:23:16,15,15.4,3.179,dongdaegu,5,5,True,target_available_at_arrival,available_count>0 at panel tick nearest as_of+tmap_eta,tmap_routes
PI690013,2026-08-01 20:42:36,2026-08-01 21:18:36,2026-08-01 21:22:45,36,36.5,13.527,dongdaegu,17,17,True,target_available_at_arrival,available_count>0 at panel tick nearest as_of+tmap_eta,tmap_routes
CV003076,2026-08-05 20:52:23,2026-08-05 21:20:23,2026-08-05 21:22:25,28,27.8,6.202,dongdaegu,1,1,True,target_available_at_arrival,available_count>0 at panel tick nearest as_of+tmap_eta,tmap_routes
PI740288,2026-07-24 12:17:39,2026-07-24 12:35:39,2026-07-24 12:37:46,18,18.1,2.794,dongdaegu,1,1,True,target_available_at_arrival,available_count>0 at panel tick nearest as_of+tmap_eta,tmap_routes
ME19C227,2026-08-05 07:01:15,2026-08-05 07:54:15,2026-08-05 08:01:18,53,53.1,26.623,dongdaegu,2,2,True,target_available_at_arrival,available_count>0 at panel tick nearest as_of+tmap_eta,tmap_routes
EV001238,2026-07-28 12:00:20,2026-07-28 12:18:20,2026-07-28 12:20:36,18,18.4,2.831,dongdaegu,1,1,True,target_available_at_arrival,available_count>0 at panel tick nearest as_of+tmap_eta,tmap_routes
HY000979,2026-08-04 16:27:38,2026-08-04 16:41:38,2026-08-04 16:47:41,14,14.0,2.863,dongdaegu,3,3,True,target_available_at_arrival,available_count>0 at panel tick nearest as_of+tmap_eta,tmap_routes
PI121974,2026-07-24 11:47:36,2026-07-24 12:04:36,2026-07-24 12:07:38,17,16.7,3.199,dongdaegu,4,4,True,target_available_at_arrival,available_count>0 at panel tick nearest as_of+tmap_eta,tmap_routes
CV003079,2026-07-28 04:08:41,2026-07-28 04:24:41,2026-07-28 04:28:44,16,16.3,3.908,dongdaegu,1,1,True,target_available_at_arrival,available_count>0 at panel tick nearest as_of+tmap_eta,tmap_routes
CV003205,2026-07-24 14:18:04,2026-07-24 15:15:04,2026-07-24 15:18:18,57,56.8,25.455,dongdaegu,1,3,True,target_available_at_arrival,available_count>0 at panel tick nearest as_of+tmap_eta,tmap_routes
PI530277,2026-07-22 10:19:25,2026-07-22 10:56:25,2026-07-22 10:59:32,37,37.4,11.179,dongdaegu,1,1,True,target_available_at_arrival,available_count>0 at panel tick nearest as_of+tmap_eta,tmap_routes
PIS00580,2026-08-08 07:47:29,2026-08-08 08:02:29,2026-08-08 08:07:32,15,15.2,2.833,dongdaegu,12,12,True,target_available_at_arrival,available_count>0 at panel tick nearest as_of+tmap_eta,tmap_routes
CV001129,2026-07-31 21:15:53,2026-07-31 21:49:53,2026-07-31 21:55:58,34,34.5,13.349,dongdaegu,2,2,True,target_available_at_arrival,available_count>0 at panel tick nearest as_of+tmap_eta,tmap_routes
DC530002,2026-07-29 22:00:13,2026-07-29 22:20:13,2026-07-29 22:20:16,20,19.9,3.866,dongdaegu,1,1,True,target_available_at_arrival,available_count>0 at panel tick nearest as_of+tmap_eta,tmap_routes
CV001492,2026-07-26 05:07:22,2026-07-26 06:01:22,2026-07-26 06:07:30,54,54.3,30.993,dongdaegu,2,2,True,target_available_at_arrival,available_count>0 at panel tick nearest as_of+tmap_eta,tmap_routes
ME183072,2026-07-24 06:38:44,2026-07-24 07:00:44,2026-07-24 07:03:57,22,22.5,6.873,dongdaegu,1,1,True,target_available_at_arrival,available_count>0 at panel tick nearest as_of+tmap_eta,tmap_routes
ME18C264,2026-07-24 15:38:21,2026-07-24 16:06:21,2026-07-24 16:08:25,28,27.7,8.834,dongdaegu,2,2,True,target_available_at_arrival,available_count>0 at panel tick nearest as_of+tmap_eta,tmap_routes
CV003076,2026-07-26 09:38:08,2026-07-26 10:06:08,2026-07-26 10:08:12,28,27.8,6.202,dongdaegu,1,1,True,target_available_at_arrival,available_count>0 at panel tick nearest as_of+tmap_eta,tmap_routes
CV000194,2026-08-02 03:36:33,2026-08-02 04:25:33,2026-08-02 04:26:38,49,48.9,17.248,dongdaegu,1,1,True,target_available_at_arrival,available_count>0 at panel tick nearest as_of+tmap_eta,tmap_routes
CV001492,2026-07-29 22:10:14,2026-07-29 23:04:14,2026-07-29 23:10:22,54,54.3,30.993,dongdaegu,2,2,True,target_available_at_arrival,available_count>0 at panel tick nearest as_of+tmap_eta,tmap_routes
ME20C187,2026-07-28 15:42:04,2026-07-28 16:37:04,2026-07-28 16:42:18,55,54.6,26.572,dongdaegu,1,1,True,target_available_at_arrival,available_count>0 at panel tick nearest as_of+tmap_eta,tmap_routes
JA270006,2026-07-27 10:33:42,2026-07-27 10:47:42,2026-07-27 10:53:45,14,14.1,2.934,dongdaegu,8,8,True,target_available_at_arrival,available_count>0 at panel tick nearest as_of+tmap_eta,tmap_routes
NX000018,2026-07-28 13:21:10,2026-07-28 13:48:10,2026-07-28 13:51:13,27,27.1,8.327,dongdaegu,2,2,True,target_available_at_arrival,available_count>0 at panel tick nearest as_of+tmap_eta,tmap_routes
KE000386,2026-08-04 06:57:00,2026-08-04 07:24:00,2026-08-04 07:27:02,27,27.0,10.39,dongdaegu,2,2,True,target_available_at_arrival,available_count>0 at panel tick nearest as_of+tmap_eta,tmap_routes
KE000387,2026-08-06 14:56:29,2026-08-06 15:23:29,2026-08-06 15:26:34,27,26.9,10.294,dongdaegu,1,1,True,target_available_at_arrival,available_count>0 at panel tick nearest as_of+tmap_eta,tmap_routes
ST272925,2026-08-05 09:41:24,2026-08-05 10:14:24,2026-08-05 10:21:30,33,32.9,7.879,dongdaegu,2,2,True,target_available_at_arrival,available_count>0 at panel tick nearest as_of+tmap_eta,tmap_routes
KL001763,2026-08-08 00:17:03,2026-08-08 01:04:03,2026-08-08 01:07:05,47,47.2,19.423,dongdaegu,1,1,True,target_available_at_arrival,available_count>0 at panel tick nearest as_of+tmap_eta,tmap_routes
CU530007,2026-08-04 18:37:48,2026-08-04 19:03:48,2026-08-04 19:07:50,26,25.5,9.004,dongdaegu,8,7,True,target_available_at_arrival,available_count>0 at panel tick nearest as_of+tmap_eta,tmap_routes
CV003093,2026-08-03 03:52:04,2026-08-03 04:30:04,2026-08-03 04:32:05,38,37.6,9.123,dongdaegu,1,1,True,target_available_at_arrival,available_count>0 at panel tick nearest as_of+tmap_eta,tmap_routes
CV002069,2026-07-29 12:38:27,2026-07-29 13:08:27,2026-07-29 13:08:31,30,29.8,9.584,dongdaegu,2,2,True,target_available_at_arrival,available_count>0 at panel tick nearest as_of+tmap_eta,tmap_routes
ME22C253,2026-08-01 07:09:43,2026-08-01 07:43:43,2026-08-01 07:49:50,34,34.5,12.074,dongdaegu,1,2,True,target_available_at_arrival,available_count>0 at panel tick nearest as_of+tmap_eta,tmap_routes
CV003205,2026-08-05 16:11:57,2026-08-05 17:08:57,2026-08-05 17:12:00,57,56.8,25.455,dongdaegu,5,6,True,target_available_at_arrival,available_count>0 at panel tick nearest as_of+tmap_eta,tmap_routes
ST272308,2026-07-27 05:52:47,2026-07-27 06:08:47,2026-07-27 06:12:54,16,15.9,3.465,dongdaegu,1,1,True,target_available_at_arrival,available_count>0 at panel tick nearest as_of+tmap_eta,tmap_routes
PC001839,2026-07-31 06:31:41,2026-07-31 06:54:41,2026-07-31 07:01:47,23,23.3,6.246,dongdaegu,1,1,True,target_available_at_arrival,available_count>0 at panel tick nearest as_of+tmap_eta,tmap_routes
CV001894,2026-07-23 05:18:45,2026-07-23 05:35:45,2026-07-23 05:38:51,17,16.7,3.567,dongdaegu,1,1,True,target_available_at_arrival,available_count>0 at panel tick nearest as_of+tmap_eta,tmap_routes
CV000849,2026-08-06 10:36:13,2026-08-06 11:34:13,2026-08-06 11:36:17,58,58.3,26.591,dongdaegu,5,6,True,target_available_at_arrival,available_count>0 at panel tick nearest as_of+tmap_eta,tmap_routes
SF002605,2026-08-08 19:38:31,2026-08-08 20:12:31,2026-08-08 20:18:33,34,33.8,8.579,dongdaegu,4,4,True,target_available_at_arrival,available_count>0 at panel tick nearest as_of+tmap_eta,tmap_routes
ST601139,2026-08-07 05:51:31,2026-08-07 06:18:31,2026-08-07 06:21:33,27,27.2,4.663,dongdaegu,4,4,True,target_available_at_arrival,available_count>0 at panel tick nearest as_of+tmap_eta,tmap_routes
CV000980,2026-07-27 10:03:39,2026-07-27 10:36:39,2026-07-27 10:43:44,33,33.4,9.489,dongdaegu,1,1,True,target_available_at_arrival,available_count>0 at panel tick nearest as_of+tmap_eta,tmap_routes
CV003144,2026-07-23 06:19:01,2026-07-23 06:44:01,2026-07-23 06:44:14,25,24.9,8.247,dongdaegu,1,0,False,target_available_at_arrival,available_count>0 at panel tick nearest as_of+tmap_eta,tmap_routes
PI740615,2026-08-05 16:01:56,2026-08-05 16:39:56,2026-08-05 16:41:58,38,38.5,11.556,dongdaegu,1,1,True,target_available_at_arrival,available_count>0 at panel tick nearest as_of+tmap_eta,tmap_routes
EV008139,2026-07-21 12:31:28,2026-07-21 12:51:28,2026-07-21 12:51:29,20,19.9,1.726,dongdaegu,1,1,True,target_available_at_arrival,available_count>0 at panel tick nearest as_of+tmap_eta,tmap_routes
IN053044,2026-08-04 19:57:53,2026-08-04 20:37:53,2026-08-04 20:37:55,40,40.2,13.147,dongdaegu,8,9,True,target_available_at_arrival,available_count>0 at panel tick nearest as_of+tmap_eta,tmap_routes
PW012368,2026-08-05 11:21:36,2026-08-05 11:49:36,2026-08-05 11:51:40,28,28.5,10.054,dongdaegu,1,1,True,target_available_at_arrival,available_count>0 at panel tick nearest as_of+tmap_eta,tmap_routes
EO000005,2026-07-26 14:58:55,2026-07-26 15:36:55,2026-07-26 15:39:01,38,38.0,9.744,dongdaegu,2,2,True,target_available_at_arrival,available_count>0 at panel tick nearest as_of+tmap_eta,tmap_routes
PI122336,2026-07-26 16:09:06,2026-07-26 16:52:06,2026-07-26 16:59:12,43,43.4,15.158,dongdaegu,1,1,True,target_available_at_arrival,available_count>0 at panel tick nearest as_of+tmap_eta,tmap_routes
PIS00554,2026-07-30 21:57:59,2026-07-30 22:35:59,2026-07-30 22:38:06,38,38.0,11.718,dongdaegu,4,4,True,target_available_at_arrival,available_count>0 at panel tick nearest as_of+tmap_eta,tmap_routes
LU003143,2026-08-03 10:42:32,2026-08-03 11:00:32,2026-08-03 11:02:33,18,17.9,4.605,dongdaegu,3,2,True,target_available_at_arrival,available_count>0 at panel tick nearest as_of+tmap_eta,tmap_routes
ST272308,2026-07-28 17:12:31,2026-07-28 17:28:31,2026-07-28 17:32:33,16,15.9,3.465,dongdaegu,1,1,True,target_available_at_arrival,available_count>0 at panel tick nearest as_of+tmap_eta,tmap_routes
ME21C219,2026-07-22 09:59:16,2026-07-22 10:29:16,2026-07-22 10:29:26,30,29.5,9.814,dongdaegu,2,2,True,target_available_at_arrival,available_count>0 at panel tick nearest as_of+tmap_eta,tmap_routes
CV002862,2026-07-31 17:15:00,2026-07-31 18:10:00,2026-07-31 18:15:10,55,55.1,31.788,dongdaegu,1,1,True,target_available_at_arrival,available_count>0 at panel tick nearest as_of+tmap_eta,tmap_routes
CV001891,2026-08-02 19:29:03,2026-08-02 20:09:03,2026-08-02 20:09:13,40,39.5,13.333,dongdaegu,6,6,True,target_available_at_arrival,available_count>0 at panel tick nearest as_of+tmap_eta,tmap_routes
CV003258,2026-08-01 17:32:02,2026-08-01 18:26:02,2026-08-01 18:32:14,54,53.9,40.599,dongdaegu,4,4,True,target_available_at_arrival,available_count>0 at panel tick nearest as_of+tmap_eta,tmap_routes
KP000230,2026-07-26 23:00:02,2026-07-26 23:14:02,2026-07-26 23:20:05,14,13.8,2.881,dongdaegu,2,2,True,target_available_at_arrival,available_count>0 at panel tick nearest as_of+tmap_eta,tmap_routes
HE240384,2026-07-23 03:23:17,2026-07-23 04:26:17,2026-07-23 04:28:33,63,62.7,24.739,dongdaegu,1,1,True,target_available_at_arrival,available_count>0 at panel tick nearest as_of+tmap_eta,tmap_routes
AZ100022,2026-08-02 16:38:39,2026-08-02 17:36:39,2026-08-02 17:38:47,58,57.6,25.0,dongdaegu,1,1,True,target_available_at_arrival,available_count>0 at panel tick nearest as_of+tmap_eta,tmap_routes
PI740457,2026-07-31 01:20:49,2026-07-31 01:37:49,2026-07-31 01:40:51,17,16.6,4.639,dongdaegu,1,1,True,target_available_at_arrival,available_count>0 at panel tick nearest as_of+tmap_eta,tmap_routes
PI530077,2026-07-29 13:58:36,2026-07-29 14:33:36,2026-07-29 14:38:43,35,35.3,11.644,dongdaegu,1,1,True,target_available_at_arrival,available_count>0 at panel tick nearest as_of+tmap_eta,tmap_routes
ST272902,2026-08-04 07:37:03,2026-08-04 08:10:03,2026-08-04 08:17:06,33,32.9,11.66,dongdaegu,1,1,True,target_available_at_arrival,available_count>0 at panel tick nearest as_of+tmap_eta,tmap_routes
CV000979,2026-08-01 12:10:44,2026-08-01 12:29:44,2026-08-01 12:30:52,19,19.1,5.333,dongdaegu,1,1,True,target_available_at_arrival,available_count>0 at panel tick nearest as_of+tmap_eta,tmap_routes
ME20C186,2026-08-03 19:23:52,2026-08-03 20:07:52,2026-08-03 20:13:55,44,44.2,22.102,dongdaegu,1,1,True,target_available_at_arrival,available_count>0 at panel tick nearest as_of+tmap_eta,tmap_routes
CV001637,2026-07-29 19:29:42,2026-07-29 20:07:42,2026-07-29 20:09:52,38,38.4,17.352,dongdaegu,1,1,True,target_available_at_arrival,available_count>0 at panel tick nearest as_of+tmap_eta,tmap_routes
PC001965,2026-08-01 08:19:55,2026-08-01 08:33:55,2026-08-01 08:39:58,14,14.5,2.68,dongdaegu,2,2,True,target_available_at_arrival,available_count>0 at panel tick nearest as_of+tmap_eta,tmap_routes
CV000657,2026-07-30 18:47:28,2026-07-30 19:07:28,2026-07-30 19:07:31,20,19.6,3.582,dongdaegu,1,1,True,target_available_at_arrival,available_count>0 at panel tick nearest as_of+tmap_eta,tmap_routes
ME21B301,2026-07-24 00:11:18,2026-07-24 00:46:18,2026-07-24 00:46:34,35,34.6,12.022,dongdaegu,2,1,True,target_available_at_arrival,available_count>0 at panel tick nearest as_of+tmap_eta,tmap_routes
PI690013,2026-08-02 19:39:06,2026-08-02 20:15:06,2026-08-02 20:19:14,36,36.5,13.527,dongdaegu,17,17,True,target_available_at_arrival,available_count>0 at panel tick nearest as_of+tmap_eta,tmap_routes
EV000673,2026-08-02 18:38:56,2026-08-02 19:36:56,2026-08-02 19:39:06,58,57.5,26.41,dongdaegu,1,1,True,target_available_at_arrival,available_count>0 at panel tick nearest as_of+tmap_eta,tmap_routes
CV003566,2026-08-05 14:51:52,2026-08-05 15:15:52,2026-08-05 15:21:54,24,24.4,3.698,dongdaegu,1,1,True,target_available_at_arrival,available_count>0 at panel tick nearest as_of+tmap_eta,tmap_routes
EV012413,2026-07-31 12:22:49,2026-07-31 12:52:49,2026-07-31 12:52:56,30,29.9,6.418,dongdaegu,7,7,True,target_available_at_arrival,available_count>0 at panel tick nearest as_of+tmap_eta,tmap_routes
ST271401,2026-07-27 04:12:38,2026-07-27 04:37:38,2026-07-27 04:42:41,25,24.8,8.995,dongdaegu,6,6,True,target_available_at_arrival,available_count>0 at panel tick nearest as_of+tmap_eta,tmap_routes
GS000055,2026-08-05 19:32:14,2026-08-05 20:00:14,2026-08-05 20:02:20,28,27.8,8.549,dongdaegu,2,2,True,target_available_at_arrival,available_count>0 at panel tick nearest as_of+tmap_eta,tmap_routes
ME20C183,2026-08-04 14:27:31,2026-08-04 15:02:31,2026-08-04 15:07:33,35,35.0,8.06,dongdaegu,1,1,True,target_available_at_arrival,available_count>0 at panel tick nearest as_of+tmap_eta,tmap_routes
PI530050,2026-07-26 15:49:02,2026-07-26 16:17:02,2026-07-26 16:19:07,28,27.9,5.947,dongdaegu,1,1,True,target_available_at_arrival,available_count>0 at panel tick nearest as_of+tmap_eta,tmap_routes
NT100596,2026-08-08 16:48:13,2026-08-08 17:17:13,2026-08-08 17:18:17,29,29.2,9.485,dongdaegu,2,2,True,target_available_at_arrival,available_count>0 at panel tick nearest as_of+tmap_eta,tmap_routes
HM001574,2026-07-30 00:53:00,2026-07-30 01:11:00,2026-07-30 01:13:02,18,17.6,1.66,dongdaegu,1,1,True,target_available_at_arrival,available_count>0 at panel tick nearest as_of+tmap_eta,tmap_routes
CV003565,2026-08-02 15:28:30,2026-08-02 15:55:30,2026-08-02 15:58:34,27,26.6,7.173,dongdaegu,2,1,True,target_available_at_arrival,available_count>0 at panel tick nearest as_of+tmap_eta,tmap_routes
CV003075,2026-08-04 23:38:08,2026-08-05 00:04:08,2026-08-05 00:08:10,26,26.1,8.655,dongdaegu,1,1,True,target_available_at_arrival,available_count>0 at panel tick nearest as_of+tmap_eta,tmap_routes
GS000145,2026-07-31 04:51:21,2026-07-31 05:30:21,2026-07-31 05:31:34,39,39.3,14.116,dongdaegu,2,2,True,target_available_at_arrival,available_count>0 at panel tick nearest as_of+tmap_eta,tmap_routes
EV014737,2026-08-06 11:26:16,2026-08-06 11:36:16,2026-08-06 11:36:17,10,10.3,1.868,dongdaegu,1,1,True,target_available_at_arrival,available_count>0 at panel tick nearest as_of+tmap_eta,tmap_routes
EV012414,2026-07-26 01:26:56,2026-07-26 01:56:56,2026-07-26 01:56:59,30,29.9,6.418,dongdaegu,1,1,True,target_available_at_arrival,available_count>0 at panel tick nearest as_of+tmap_eta,tmap_routes
CV003483,2026-07-18 09:20:20,2026-07-18 09:48:20,2026-07-18 09:50:21,28,28.1,6.301,dongdaegu,1,0,False,target_available_at_arrival,available_count>0 at panel tick nearest as_of+tmap_eta,tmap_routes
CV003140,2026-08-06 09:26:10,2026-08-06 10:10:10,2026-08-06 10:16:13,44,44.4,15.17,dongdaegu,1,1,True,target_available_at_arrival,available_count>0 at panel tick nearest as_of+tmap_eta,tmap_routes
TS271401,2026-08-06 16:16:38,2026-08-06 16:44:38,2026-08-06 16:46:39,28,27.8,9.449,dongdaegu,2,2,True,target_available_at_arrival,available_count>0 at panel tick nearest as_of+tmap_eta,tmap_routes
ME22C252,2026-08-04 17:47:44,2026-08-04 18:15:44,2026-08-04 18:17:46,28,28.4,5.748,dongdaegu,1,2,True,target_available_at_arrival,available_count>0 at panel tick nearest as_of+tmap_eta,tmap_routes
CV000165,2026-08-07 19:32:52,2026-08-07 19:48:52,2026-08-07 19:53:03,16,15.7,2.135,dongdaegu,5,5,True,target_available_at_arrival,available_count>0 at panel tick nearest as_of+tmap_eta,tmap_routes
PI740066,2026-08-07 16:22:33,2026-08-07 16:37:33,2026-08-07 16:42:34,15,15.3,3.027,dongdaegu,1,1,True,target_available_at_arrival,available_count>0 at panel tick nearest as_of+tmap_eta,tmap_routes
CV003129,2026-07-31 19:05:25,2026-07-31 19:38:25,2026-07-31 19:45:35,33,33.1,9.279,dongdaegu,1,1,True,target_available_at_arrival,available_count>0 at panel tick nearest as_of+tmap_eta,tmap_routes
ST600537,2026-08-07 22:43:21,2026-08-07 23:18:21,2026-08-07 23:23:23,35,35.3,8.786,dongdaegu,3,3,True,target_available_at_arrival,available_count>0 at panel tick nearest as_of+tmap_eta,tmap_routes
KP003774,2026-08-01 18:52:17,2026-08-01 19:25:17,2026-08-01 19:32:23,33,32.7,11.159,dongdaegu,1,1,True,target_available_at_arrival,available_count>0 at panel tick nearest as_of+tmap_eta,tmap_routes
CV003445,2026-07-31 04:21:19,2026-07-31 04:37:19,2026-07-31 04:41:20,16,16.4,3.24,dongdaegu,3,3,True,target_available_at_arrival,available_count>0 at panel tick nearest as_of+tmap_eta,tmap_routes
CV003560,2026-07-28 14:41:35,2026-07-28 15:37:35,2026-07-28 15:41:42,56,55.9,32.014,dongdaegu,1,1,True,target_available_at_arrival,available_count>0 at panel tick nearest as_of+tmap_eta,tmap_routes
LU002360,2026-07-26 08:17:56,2026-07-26 08:54:56,2026-07-26 08:58:04,37,37.4,13.555,dongdaegu,1,1,True,target_available_at_arrival,available_count>0 at panel tick nearest as_of+tmap_eta,tmap_routes
EV000669,2026-07-23 07:59:39,2026-07-23 08:24:39,2026-07-23 08:24:51,25,25.1,7.002,dongdaegu,1,2,True,target_available_at_arrival,available_count>0 at panel tick nearest as_of+tmap_eta,tmap_routes
CV003454,2026-08-05 01:21:00,2026-08-05 01:37:00,2026-08-05 01:41:00,16,16.1,3.323,dongdaegu,2,2,True,target_available_at_arrival,available_count>0 at panel tick nearest as_of+tmap_eta,tmap_routes
SF002642,2026-07-24 20:09:20,2026-07-24 20:23:20,2026-07-24 20:29:23,14,13.8,2.135,dongdaegu,1,1,True,target_available_at_arrival,available_count>0 at panel tick nearest as_of+tmap_eta,tmap_routes
SF002795,2026-08-05 12:41:42,2026-08-05 12:55:42,2026-08-05 13:01:43,14,14.1,4.044,dongdaegu,2,2,True,target_available_at_arrival,available_count>0 at panel tick nearest as_of+tmap_eta,tmap_routes
LU002435,2026-08-06 17:46:45,2026-08-06 18:26:45,2026-08-06 18:26:48,40,40.1,20.089,dongdaegu,1,1,True,target_available_at_arrival,available_count>0 at panel tick nearest as_of+tmap_eta,tmap_routes
CV001397,2026-07-23 11:01:35,2026-07-23 11:41:35,2026-07-23 11:41:59,40,39.9,13.598,dongdaegu,1,1,True,target_available_at_arrival,available_count>0 at panel tick nearest as_of+tmap_eta,tmap_routes
PI530033,2026-07-29 17:49:22,2026-07-29 18:09:22,2026-07-29 18:09:25,20,20.4,4.625,dongdaegu,1,1,True,target_available_at_arrival,available_count>0 at panel tick nearest as_of+tmap_eta,tmap_routes
TS472920,2026-07-31 21:55:58,2026-07-31 22:01:58,2026-07-31 22:06:02,6,6.3,0.539,dongdaegu,2,2,True,target_available_at_arrival,available_count>0 at panel tick nearest as_of+tmap_eta,tmap_routes
EC270008,2026-07-26 18:59:28,2026-07-26 19:54:28,2026-07-26 19:59:36,55,55.4,17.317,dongdaegu,4,4,True,target_available_at_arrival,available_count>0 at panel tick nearest as_of+tmap_eta,tmap_routes
ME18C172,2026-07-30 16:16:44,2026-07-30 16:35:44,2026-07-30 16:36:46,19,18.7,3.773,dongdaegu,1,1,True,target_available_at_arrival,available_count>0 at panel tick nearest as_of+tmap_eta,tmap_routes
CV001219,2026-08-07 13:02:12,2026-08-07 13:16:12,2026-08-07 13:22:13,14,14.0,2.364,dongdaegu,2,3,True,target_available_at_arrival,available_count>0 at panel tick nearest as_of+tmap_eta,tmap_routes
CV003121,2026-07-28 15:41:42,2026-07-28 16:15:42,2026-07-28 16:22:13,34,34.3,6.023,dongdaegu,1,1,True,target_available_at_arrival,available_count>0 at panel tick nearest as_of+tmap_eta,tmap_routes
CV002939,2026-07-28 10:19:48,2026-07-28 10:47:48,2026-07-28 10:49:55,28,28.3,5.851,dongdaegu,6,6,True,target_available_at_arrival,available_count>0 at panel tick nearest as_of+tmap_eta,tmap_routes
ME22D254,2026-07-27 19:25:37,2026-07-27 20:11:37,2026-07-27 20:15:49,46,46.2,13.899,dongdaegu,1,2,True,target_available_at_arrival,available_count>0 at panel tick nearest as_of+tmap_eta,tmap_routes
EV003703,2026-07-26 03:57:14,2026-07-26 04:23:14,2026-07-26 04:27:18,26,25.8,7.845,dongdaegu,2,2,True,target_available_at_arrival,available_count>0 at panel tick nearest as_of+tmap_eta,tmap_routes
CV001242,2026-08-06 13:16:24,2026-08-06 13:55:24,2026-08-06 13:56:25,39,38.9,13.135,dongdaegu,4,3,True,target_available_at_arrival,available_count>0 at panel tick nearest as_of+tmap_eta,tmap_routes
PI000253,2026-07-31 10:02:34,2026-07-31 10:32:34,2026-07-31 10:32:38,30,30.3,7.574,dongdaegu,1,1,True,target_available_at_arrival,available_count>0 at panel tick nearest as_of+tmap_eta,tmap_routes
CV002371,2026-07-31 10:02:34,2026-07-31 10:32:34,2026-07-31 10:32:38,30,29.7,7.719,dongdaegu,2,2,True,target_available_at_arrival,available_count>0 at panel tick nearest as_of+tmap_eta,tmap_routes
ME18C254,2026-07-21 10:21:04,2026-07-21 10:55:04,2026-07-21 11:01:19,34,34.3,7.296,dongdaegu,2,2,True,target_available_at_arrival,available_count>0 at panel tick nearest as_of+tmap_eta,tmap_routes
EV008582,2026-08-08 08:07:32,2026-08-08 08:36:32,2026-08-08 08:37:33,29,29.0,8.492,dongdaegu,2,2,True,target_available_at_arrival,available_count>0 at panel tick nearest as_of+tmap_eta,tmap_routes
CV003078,2026-07-18 11:05:26,2026-07-18 12:00:26,2026-07-18 12:05:34,55,54.9,26.032,dongdaegu,1,1,True,target_available_at_arrival,available_count>0 at panel tick nearest as_of+tmap_eta,tmap_routes
CV001580,2026-07-26 18:49:27,2026-07-26 19:09:27,2026-07-26 19:09:30,20,19.6,3.217,dongdaegu,2,2,True,target_available_at_arrival,available_count>0 at panel tick nearest as_of+tmap_eta,tmap_routes
CV002914,2026-08-02 22:09:26,2026-08-02 22:33:26,2026-08-02 22:39:28,24,24.4,8.623,dongdaegu,1,1,True,target_available_at_arrival,available_count>0 at panel tick nearest as_of+tmap_eta,tmap_routes
EV000669,2026-07-27 17:45:09,2026-07-27 18:10:09,2026-07-27 18:15:14,25,25.1,7.002,dongdaegu,3,3,True,target_available_at_arrival,available_count>0 at panel tick nearest as_of+tmap_eta,tmap_routes
ST271708,2026-08-04 20:27:55,2026-08-04 20:55:55,2026-08-04 20:57:59,28,27.9,6.624,dongdaegu,6,5,True,target_available_at_arrival,available_count>0 at panel tick nearest as_of+tmap_eta,tmap_routes
CV000799,2026-08-07 09:41:53,2026-08-07 10:25:53,2026-08-07 10:31:58,44,43.8,8.916,dongdaegu,1,1,True,target_available_at_arrival,available_count>0 at panel tick nearest as_of+tmap_eta,tmap_routes
ME18C173,2026-07-24 17:38:44,2026-07-24 17:58:44,2026-07-24 17:58:47,20,19.8,4.372,dongdaegu,1,1,True,target_available_at_arrival,available_count>0 at panel tick nearest as_of+tmap_eta,tmap_routes
EV006187,2026-07-28 13:01:09,2026-07-28 13:34:09,2026-07-28 13:41:12,33,32.7,9.315,dongdaegu,3,3,True,target_available_at_arrival,available_count>0 at panel tick nearest as_of+tmap_eta,tmap_routes
ME18C258,2026-07-22 12:59:55,2026-07-22 13:19:55,2026-07-22 13:19:57,20,19.5,4.374,dongdaegu,2,2,True,target_available_at_arrival,available_count>0 at panel tick nearest as_of+tmap_eta,tmap_routes
PC000553,2026-08-01 02:19:09,2026-08-01 02:36:09,2026-08-01 02:39:11,17,17.2,2.96,dongdaegu,1,1,True,target_available_at_arrival,available_count>0 at panel tick nearest as_of+tmap_eta,tmap_routes
PC000120,2026-07-30 14:15:57,2026-07-30 15:10:57,2026-07-30 15:16:36,55,55.0,24.945,dongdaegu,1,1,True,target_available_at_arrival,available_count>0 at panel tick nearest as_of+tmap_eta,tmap_routes
GS000031,2026-08-02 14:28:22,2026-08-02 14:48:22,2026-08-02 14:48:25,20,19.6,4.359,dongdaegu,2,2,True,target_available_at_arrival,available_count>0 at panel tick nearest as_of+tmap_eta,tmap_routes
ME25C172,2026-07-31 03:31:07,2026-07-31 03:47:07,2026-07-31 03:51:14,16,15.6,2.366,dongdaegu,1,1,True,target_available_at_arrival,available_count>0 at panel tick nearest as_of+tmap_eta,tmap_routes
KP003782,2026-08-06 08:36:05,2026-08-06 09:12:05,2026-08-06 09:16:09,36,36.5,8.043,dongdaegu,1,1,True,target_available_at_arrival,available_count>0 at panel tick nearest as_of+tmap_eta,tmap_routes
NT100890,2026-07-28 13:01:09,2026-07-28 13:59:09,2026-07-28 14:01:15,58,58.0,25.646,dongdaegu,2,2,True,target_available_at_arrival,available_count>0 at panel tick nearest as_of+tmap_eta,tmap_routes
CV004305,2026-07-26 18:19:23,2026-07-26 18:53:23,2026-07-26 18:59:28,34,33.9,11.326,dongdaegu,1,1,True,target_available_at_arrival,available_count>0 at panel tick nearest as_of+tmap_eta,tmap_routes
EV005191,2026-07-23 11:21:55,2026-07-23 11:56:55,2026-07-23 11:57:14,35,34.7,9.647,dongdaegu,3,3,True,target_available_at_arrival,available_count>0 at panel tick nearest as_of+tmap_eta,tmap_routes
ME20C188,2026-07-30 03:23:20,2026-07-30 03:27:20,2026-07-30 03:33:21,4,3.5,0.472,dongdaegu,1,1,True,target_available_at_arrival,available_count>0 at panel tick nearest as_of+tmap_eta,tmap_routes
ME18C260,2026-07-23 13:42:49,2026-07-23 13:57:49,2026-07-23 13:57:52,15,14.7,3.117,dongdaegu,2,2,True,target_available_at_arrival,available_count>0 at panel tick nearest as_of+tmap_eta,tmap_routes
CV002188,2026-07-29 21:40:08,2026-07-29 22:05:08,2026-07-29 22:10:14,25,25.1,6.932,dongdaegu,2,2,True,target_available_at_arrival,available_count>0 at panel tick nearest as_of+tmap_eta,tmap_routes
ME183053,2026-07-22 23:05:33,2026-07-22 23:42:33,2026-07-22 23:45:41,37,36.9,10.152,dongdaegu,1,1,True,target_available_at_arrival,available_count>0 at panel tick nearest as_of+tmap_eta,tmap_routes
PI740615,2026-08-06 02:25:46,2026-08-06 03:03:46,2026-08-06 03:05:47,38,38.5,11.556,dongdaegu,1,1,True,target_available_at_arrival,available_count>0 at panel tick nearest as_of+tmap_eta,tmap_routes
ST600791,2026-08-02 13:28:10,2026-08-02 13:54:10,2026-08-02 13:58:14,26,26.1,9.245,dongdaegu,3,3,True,target_available_at_arrival,available_count>0 at panel tick nearest as_of+tmap_eta,tmap_routes
ME18C263,2026-07-27 23:06:17,2026-07-28 00:00:17,2026-07-28 00:06:26,54,54.1,25.684,dongdaegu,2,2,True,target_available_at_arrival,available_count>0 at panel tick nearest as_of+tmap_eta,tmap_routes
ME23B113,2026-07-27 07:43:19,2026-07-27 08:37:19,2026-07-27 08:43:28,54,54.4,40.695,dongdaegu,1,1,True,target_available_at_arrival,available_count>0 at panel tick nearest as_of+tmap_eta,tmap_routes
PC000306,2026-07-19 11:30:39,2026-07-19 12:09:39,2026-07-19 12:15:50,39,39.1,12.302,dongdaegu,1,1,True,target_available_at_arrival,available_count>0 at panel tick nearest as_of+tmap_eta,tmap_routes
CV003127,2026-08-01 05:19:27,2026-08-01 05:49:27,2026-08-01 05:49:29,30,29.6,6.467,dongdaegu,1,1,True,target_available_at_arrival,available_count>0 at panel tick nearest as_of+tmap_eta,tmap_routes
CV003041,2026-07-22 13:09:57,2026-07-22 13:33:57,2026-07-22 13:40:00,24,24.3,7.564,dongdaegu,1,1,True,target_available_at_arrival,available_count>0 at panel tick nearest as_of+tmap_eta,tmap_routes
CV003450,2026-08-08 00:57:04,2026-08-08 01:12:04,2026-08-08 01:17:05,15,14.7,2.789,dongdaegu,3,3,True,target_available_at_arrival,available_count>0 at panel tick nearest as_of+tmap_eta,tmap_routes
BE482306,2026-07-30 21:17:54,2026-07-30 21:37:54,2026-07-30 21:37:57,20,20.1,3.537,dongdaegu,8,8,True,target_available_at_arrival,available_count>0 at panel tick nearest as_of+tmap_eta,tmap_routes
EC270004,2026-08-02 15:18:28,2026-08-02 15:34:28,2026-08-02 15:38:31,16,15.7,3.318,dongdaegu,4,4,True,target_available_at_arrival,available_count>0 at panel tick nearest as_of+tmap_eta,tmap_routes
TDP00010,2026-07-24 04:07:53,2026-07-24 04:25:53,2026-07-24 04:28:02,18,17.7,2.955,dongdaegu,1,1,True,target_available_at_arrival,available_count>0 at panel tick nearest as_of+tmap_eta,tmap_routes
CV003453,2026-07-26 15:18:58,2026-07-26 15:34:58,2026-07-26 15:39:01,16,16.1,3.323,dongdaegu,1,1,True,target_available_at_arrival,available_count>0 at panel tick nearest as_of+tmap_eta,tmap_routes
BNBN0586,2026-08-03 17:53:46,2026-08-03 18:31:46,2026-08-03 18:33:49,38,38.5,10.312,dongdaegu,2,2,True,target_available_at_arrival,available_count>0 at panel tick nearest as_of+tmap_eta,tmap_routes
ME183055,2026-07-25 12:44:38,2026-07-25 13:24:38,2026-07-25 13:24:43,40,40.0,13.395,dongdaegu,1,1,True,target_available_at_arrival,available_count>0 at panel tick nearest as_of+tmap_eta,tmap_routes
CV000896,2026-07-19 15:46:16,2026-07-19 16:30:16,2026-07-19 16:31:20,44,43.9,9.703,dongdaegu,4,4,True,target_available_at_arrival,available_count>0 at panel tick nearest as_of+tmap_eta,tmap_routes
PIH02017,2026-07-31 15:54:39,2026-07-31 16:34:39,2026-07-31 16:34:51,40,39.5,14.443,dongdaegu,1,1,True,target_available_at_arrival,available_count>0 at panel tick nearest as_of+tmap_eta,tmap_routes
EV005710,2026-07-30 18:47:28,2026-07-30 19:22:28,2026-07-30 19:27:34,35,34.8,9.721,dongdaegu,3,3,True,target_available_at_arrival,available_count>0 at panel tick nearest as_of+tmap_eta,tmap_routes
PC000159,2026-08-06 10:16:13,2026-08-06 11:06:13,2026-08-06 11:06:15,50,49.6,14.896,dongdaegu,1,2,True,target_available_at_arrival,available_count>0 at panel tick nearest as_of+tmap_eta,tmap_routes
ME20C186,2026-07-20 20:41:05,2026-07-20 21:25:05,2026-07-20 21:31:09,44,44.2,22.102,dongdaegu,1,1,True,target_available_at_arrival,available_count>0 at panel tick nearest as_of+tmap_eta,tmap_routes
CV001464,2026-07-28 14:01:15,2026-07-28 14:27:15,2026-07-28 14:31:34,26,26.3,7.512,dongdaegu,1,1,True,target_available_at_arrival,available_count>0 at panel tick nearest as_of+tmap_eta,tmap_routes
PI000126,2026-08-08 04:07:17,2026-08-08 04:44:17,2026-08-08 04:47:19,37,36.9,10.677,dongdaegu,2,2,True,target_available_at_arrival,available_count>0 at panel tick nearest as_of+tmap_eta,tmap_routes
HW000488,2026-08-02 21:19:22,2026-08-02 21:49:22,2026-08-02 21:49:23,30,30.4,8.065,dongdaegu,1,1,True,target_available_at_arrival,available_count>0 at panel tick nearest as_of+tmap_eta,tmap_routes
EV003987,2026-07-27 11:13:47,2026-07-27 11:46:47,2026-07-27 11:53:56,33,32.6,10.296,dongdaegu,7,7,True,target_available_at_arrival,available_count>0 at panel tick nearest as_of+tmap_eta,tmap_routes
NX000019,2026-07-24 21:29:34,2026-07-24 21:54:34,2026-07-24 21:59:38,25,25.0,5.726,dongdaegu,1,1,True,target_available_at_arrival,available_count>0 at panel tick nearest as_of+tmap_eta,tmap_routes
CV002690,2026-07-27 10:53:45,2026-07-27 11:47:45,2026-07-27 11:53:56,54,54.3,31.501,dongdaegu,3,4,True,target_available_at_arrival,available_count>0 at panel tick nearest as_of+tmap_eta,tmap_routes
CV000151,2026-08-04 18:27:47,2026-08-04 18:56:47,2026-08-04 18:57:49,29,28.6,6.223,dongdaegu,2,2,True,target_available_at_arrival,available_count>0 at panel tick nearest as_of+tmap_eta,tmap_routes
ME183068,2026-07-30 20:37:47,2026-07-30 21:01:47,2026-07-30 21:07:53,24,23.9,7.001,dongdaegu,1,1,True,target_available_at_arrival,available_count>0 at panel tick nearest as_of+tmap_eta,tmap_routes
ME19X405,2026-07-29 20:29:55,2026-07-29 20:45:55,2026-07-29 20:50:00,16,15.6,1.87,dongdaegu,6,7,True,target_available_at_arrival,available_count>0 at panel tick nearest as_of+tmap_eta,tmap_routes
SF002637,2026-08-01 16:01:38,2026-08-01 16:38:38,2026-08-01 16:41:55,37,37.1,11.013,dongdaegu,15,15,True,target_available_at_arrival,available_count>0 at panel tick nearest as_of+tmap_eta,tmap_routes
ME20C288,2026-07-22 10:39:30,2026-07-22 11:08:30,2026-07-22 11:09:40,29,29.1,9.321,dongdaegu,2,2,True,target_available_at_arrival,available_count>0 at panel tick nearest as_of+tmap_eta,tmap_routes
PC001345,2026-07-28 13:31:11,2026-07-28 13:45:11,2026-07-28 13:51:13,14,13.8,1.875,dongdaegu,6,6,True,target_available_at_arrival,available_count>0 at panel tick nearest as_of+tmap_eta,tmap_routes
ME183144,2026-07-28 19:03:03,2026-07-28 19:59:03,2026-07-28 20:03:16,56,56.2,27.909,dongdaegu,3,3,True,target_available_at_arrival,available_count>0 at panel tick nearest as_of+tmap_eta,tmap_routes
CV001589,2026-07-28 10:39:54,2026-07-28 11:03:54,2026-07-28 11:09:58,24,24.1,5.73,dongdaegu,2,2,True,target_available_at_arrival,available_count>0 at panel tick nearest as_of+tmap_eta,tmap_routes
EV005229,2026-07-25 21:14:36,2026-07-25 21:32:36,2026-07-25 21:34:39,18,17.8,3.927,dongdaegu,1,1,True,target_available_at_arrival,available_count>0 at panel tick nearest as_of+tmap_eta,tmap_routes
CV002191,2026-08-06 01:25:44,2026-08-06 02:00:44,2026-08-06 02:05:45,35,34.8,11.172,dongdaegu,1,1,True,target_available_at_arrival,available_count>0 at panel tick nearest as_of+tmap_eta,tmap_routes
ME20C414,2026-08-02 16:58:42,2026-08-02 17:51:42,2026-08-02 17:58:50,53,52.7,31.25,dongdaegu,4,4,True,target_available_at_arrival,available_count>0 at panel tick nearest as_of+tmap_eta,tmap_routes
EV006615,2026-08-01 20:42:36,2026-08-01 21:20:36,2026-08-01 21:22:45,38,37.6,13.391,dongdaegu,1,1,True,target_available_at_arrival,available_count>0 at panel tick nearest as_of+tmap_eta,tmap_routes
CV002115,2026-08-06 00:55:43,2026-08-06 01:25:43,2026-08-06 01:25:44,30,29.8,9.615,dongdaegu,4,4,True,target_available_at_arrival,available_count>0 at panel tick nearest as_of+tmap_eta,tmap_routes
EC000145,2026-07-27 11:13:47,2026-07-27 11:33:47,2026-07-27 11:33:49,20,19.7,3.897,dongdaegu,3,3,True,target_available_at_arrival,available_count>0 at panel tick nearest as_of+tmap_eta,tmap_routes
CV000537,2026-08-01 18:22:13,2026-08-01 18:50:13,2026-08-01 18:52:17,28,27.6,5.369,dongdaegu,1,1,True,target_available_at_arrival,available_count>0 at panel tick nearest as_of+tmap_eta,tmap_routes
KP002190,2026-07-27 00:12:15,2026-07-27 00:28:15,2026-07-27 00:32:17,16,15.8,3.532,dongdaegu,1,1,True,target_available_at_arrival,available_count>0 at panel tick nearest as_of+tmap_eta,tmap_routes
CV004541,2026-07-22 16:30:39,2026-07-22 16:46:39,2026-07-22 16:50:42,16,16.1,3.267,dongdaegu,4,3,True,target_available_at_arrival,available_count>0 at panel tick nearest as_of+tmap_eta,tmap_routes
TDP00009,2026-08-02 00:03:03,2026-08-02 00:24:03,2026-08-02 00:25:56,21,21.2,3.191,dongdaegu,2,2,True,target_available_at_arrival,available_count>0 at panel tick nearest as_of+tmap_eta,tmap_routes
PI740628,2026-07-29 16:49:07,2026-07-29 17:15:07,2026-07-29 17:19:18,26,26.1,8.918,dongdaegu,1,1,True,target_available_at_arrival,available_count>0 at panel tick nearest as_of+tmap_eta,tmap_routes
ME21B301,2026-07-26 20:59:45,2026-07-26 21:34:45,2026-07-26 21:39:51,35,34.6,12.022,dongdaegu,1,1,True,target_available_at_arrival,available_count>0 at panel tick nearest as_of+tmap_eta,tmap_routes
PC000330,2026-08-06 11:46:17,2026-08-06 12:00:17,2026-08-06 12:06:18,14,14.4,0.498,dongdaegu,3,3,True,target_available_at_arrival,available_count>0 at panel tick nearest as_of+tmap_eta,tmap_routes
ME183062,2026-08-05 15:51:56,2026-08-05 16:29:56,2026-08-05 16:31:58,38,38.3,13.119,dongdaegu,1,0,False,target_available_at_arrival,available_count>0 at panel tick nearest as_of+tmap_eta,tmap_routes
ME18C260,2026-07-22 21:45:08,2026-07-22 22:00:08,2026-07-22 22:00:12,15,14.7,3.117,dongdaegu,2,2,True,target_available_at_arrival,available_count>0 at panel tick nearest as_of+tmap_eta,tmap_routes
CV004302,2026-07-30 03:23:20,2026-07-30 03:50:20,2026-07-30 03:53:25,27,27.2,6.116,dongdaegu,1,1,True,target_available_at_arrival,available_count>0 at panel tick nearest as_of+tmap_eta,tmap_routes
HM710014,2026-07-24 16:38:28,2026-07-24 17:15:28,2026-07-24 17:18:35,37,37.1,6.887,dongdaegu,1,1,True,target_available_at_arrival,available_count>0 at panel tick nearest as_of+tmap_eta,tmap_routes
PI740298,2026-07-31 23:26:13,2026-07-31 23:54:13,2026-07-31 23:56:18,28,27.7,6.071,dongdaegu,1,1,True,target_available_at_arrival,available_count>0 at panel tick nearest as_of+tmap_eta,tmap_routes
CV003141,2026-07-22 22:35:20,2026-07-22 23:22:20,2026-07-22 23:25:38,47,46.7,21.256,dongdaegu,1,1,True,target_available_at_arrival,available_count>0 at panel tick nearest as_of+tmap_eta,tmap_routes
ME22C250,2026-08-06 01:55:45,2026-08-06 02:52:45,2026-08-06 02:55:47,57,57.1,24.108,dongdaegu,2,2,True,target_available_at_arrival,available_count>0 at panel tick nearest as_of+tmap_eta,tmap_routes
PW015140,2026-08-01 21:12:44,2026-08-01 21:25:44,2026-08-01 21:32:46,13,13.0,4.192,dongdaegu,2,2,True,target_available_at_arrival,available_count>0 at panel tick nearest as_of+tmap_eta,tmap_routes
PW014386,2026-08-02 17:58:50,2026-08-02 18:34:50,2026-08-02 18:38:56,36,36.5,13.227,dongdaegu,5,6,True,target_available_at_arrival,available_count>0 at panel tick nearest as_of+tmap_eta,tmap_routes
PIH01276,2026-07-27 03:12:30,2026-07-27 03:27:30,2026-07-27 03:32:32,15,15.4,3.464,dongdaegu,8,8,True,target_available_at_arrival,available_count>0 at panel tick nearest as_of+tmap_eta,tmap_routes
CV001314,2026-07-30 16:46:47,2026-07-30 17:41:47,2026-07-30 17:47:07,55,55.4,31.478,dongdaegu,1,0,False,target_available_at_arrival,available_count>0 at panel tick nearest as_of+tmap_eta,tmap_routes
PW010211,2026-07-27 04:02:36,2026-07-27 05:16:36,2026-07-27 05:22:44,74,74.0,30.326,dongdaegu,1,1,True,target_available_at_arrival,available_count>0 at panel tick nearest as_of+tmap_eta,tmap_routes
EV005229,2026-07-31 04:11:18,2026-07-31 04:29:18,2026-07-31 04:31:20,18,17.8,3.927,dongdaegu,3,3,True,target_available_at_arrival,available_count>0 at panel tick nearest as_of+tmap_eta,tmap_routes
CV001972,2026-07-23 06:39:07,2026-07-23 06:55:07,2026-07-23 06:59:17,16,15.9,2.727,dongdaegu,1,1,True,target_available_at_arrival,available_count>0 at panel tick nearest as_of+tmap_eta,tmap_routes
CV001687,2026-08-05 18:52:10,2026-08-05 19:09:10,2026-08-05 19:12:11,17,16.8,3.319,dongdaegu,1,1,True,target_available_at_arrival,available_count>0 at panel tick nearest as_of+tmap_eta,tmap_routes
KE001051,2026-07-29 06:06:58,2026-07-29 06:29:58,2026-07-29 06:37:08,23,22.6,3.639,dongdaegu,1,1,True,target_available_at_arrival,available_count>0 at panel tick nearest as_of+tmap_eta,tmap_routes
CV000151,2026-08-02 12:07:52,2026-08-02 12:36:52,2026-08-02 12:37:59,29,28.6,6.223,dongdaegu,2,2,True,target_available_at_arrival,available_count>0 at panel tick nearest as_of+tmap_eta,tmap_routes
PI740088,2026-07-23 02:48:09,2026-07-23 03:14:09,2026-07-23 03:18:15,26,26.5,9.147,dongdaegu,1,1,True,target_available_at_arrival,available_count>0 at panel tick nearest as_of+tmap_eta,tmap_routes
CV003158,2026-07-27 10:13:40,2026-07-27 10:59:40,2026-07-27 11:03:46,46,46.5,15.819,dongdaegu,1,1,True,target_available_at_arrival,available_count>0 at panel tick nearest as_of+tmap_eta,tmap_routes
CV001604,2026-07-17 20:09:52,2026-07-17 20:38:52,2026-07-17 20:39:54,29,28.8,6.963,dongdaegu,1,1,True,target_available_at_arrival,available_count>0 at panel tick nearest as_of+tmap_eta,tmap_routes
CV003258,2026-08-03 03:32:03,2026-08-03 04:26:03,2026-08-03 04:32:05,54,53.9,40.599,dongdaegu,6,6,True,target_available_at_arrival,available_count>0 at panel tick nearest as_of+tmap_eta,tmap_routes
KP000234,2026-07-27 00:00:08,2026-07-27 00:40:08,2026-07-27 00:42:18,40,39.9,13.48,dongdaegu,2,2,True,target_available_at_arrival,available_count>0 at panel tick nearest as_of+tmap_eta,tmap_routes
CV000502,2026-07-23 03:03:11,2026-07-23 03:37:11,2026-07-23 03:38:20,34,34.3,9.78,dongdaegu,1,1,True,target_available_at_arrival,available_count>0 at panel tick nearest as_of+tmap_eta,tmap_routes
CV000509,2026-08-08 18:38:25,2026-08-08 18:51:25,2026-08-08 18:58:27,13,13.3,2.583,dongdaegu,1,1,True,target_available_at_arrival,available_count>0 at panel tick nearest as_of+tmap_eta,tmap_routes
SF002471,2026-07-31 00:30:44,2026-07-31 01:03:44,2026-07-31 01:10:48,33,32.8,12.4,dongdaegu,1,1,True,target_available_at_arrival,available_count>0 at panel tick nearest as_of+tmap_eta,tmap_routes
HW000553,2026-07-27 20:35:51,2026-07-27 20:51:51,2026-07-27 20:56:01,16,16.5,3.974,dongdaegu,1,1,True,target_available_at_arrival,available_count>0 at panel tick nearest as_of+tmap_eta,tmap_routes
KE000386,2026-07-29 07:17:13,2026-07-29 07:44:13,2026-07-29 07:47:23,27,27.0,10.39,dongdaegu,2,2,True,target_available_at_arrival,available_count>0 at panel tick nearest as_of+tmap_eta,tmap_routes
PI740261,2026-08-04 00:04:09,2026-08-04 00:46:09,2026-08-04 00:46:42,42,42.4,15.189,dongdaegu,1,1,True,target_available_at_arrival,available_count>0 at panel tick nearest as_of+tmap_eta,tmap_routes
CV000982,2026-07-28 08:39:34,2026-07-28 09:05:34,2026-07-28 09:09:38,26,25.6,7.243,dongdaegu,1,1,True,target_available_at_arrival,available_count>0 at panel tick nearest as_of+tmap_eta,tmap_routes
HY000130,2026-07-29 06:57:11,2026-07-29 07:25:11,2026-07-29 07:27:19,28,28.1,9.534,dongdaegu,1,1,True,target_available_at_arrival,available_count>0 at panel tick nearest as_of+tmap_eta,tmap_routes
CV004698,2026-08-05 12:51:43,2026-08-05 13:09:43,2026-08-05 13:11:44,18,18.4,2.885,dongdaegu,1,2,True,target_available_at_arrival,available_count>0 at panel tick nearest as_of+tmap_eta,tmap_routes
PI530305,2026-07-29 22:00:13,2026-07-29 22:45:13,2026-07-29 22:50:19,45,45.4,19.208,dongdaegu,2,2,True,target_available_at_arrival,available_count>0 at panel tick nearest as_of+tmap_eta,tmap_routes
ME25C277,2026-07-18 10:05:21,2026-07-18 10:44:21,2026-07-18 10:50:25,39,39.4,11.416,dongdaegu,2,2,True,target_available_at_arrival,available_count>0 at panel tick nearest as_of+tmap_eta,tmap_routes
HW000695,2026-08-07 03:21:22,2026-08-07 03:54:22,2026-08-07 04:01:25,33,32.6,7.975,dongdaegu,1,3,True,target_available_at_arrival,available_count>0 at panel tick nearest as_of+tmap_eta,tmap_routes
ST271704,2026-08-02 23:29:32,2026-08-02 23:58:32,2026-08-02 23:59:33,29,29.4,7.17,dongdaegu,1,1,True,target_available_at_arrival,available_count>0 at panel tick nearest as_of+tmap_eta,tmap_routes
KP000234,2026-08-01 10:50:33,2026-08-01 11:30:33,2026-08-01 11:30:40,40,39.9,13.48,dongdaegu,2,2,True,target_available_at_arrival,available_count>0 at panel tick nearest as_of+tmap_eta,tmap_routes
CV001627,2026-08-04 17:27:43,2026-08-04 18:06:43,2026-08-04 18:07:46,39,39.0,13.103,dongdaegu,2,1,True,target_available_at_arrival,available_count>0 at panel tick nearest as_of+tmap_eta,tmap_routes
EO000005,2026-08-05 17:42:03,2026-08-05 18:20:03,2026-08-05 18:22:08,38,38.0,9.744,dongdaegu,2,2,True,target_available_at_arrival,available_count>0 at panel tick nearest as_of+tmap_eta,tmap_routes
CV000538,2026-07-28 23:23:48,2026-07-28 23:57:48,2026-07-29 00:03:53,34,34.5,6.499,dongdaegu,1,1,True,target_available_at_arrival,available_count>0 at panel tick nearest as_of+tmap_eta,tmap_routes
PW000790,2026-08-08 20:08:33,2026-08-08 20:22:33,2026-08-08 20:28:34,14,13.7,2.43,dongdaegu,1,1,True,target_available_at_arrival,available_count>0 at panel tick nearest as_of+tmap_eta,tmap_routes
HE001131,2026-07-31 11:02:41,2026-07-31 11:21:41,2026-07-31 11:22:43,19,18.6,3.1,dongdaegu,13,13,True,target_available_at_arrival,available_count>0 at panel tick nearest as_of+tmap_eta,tmap_routes
KP004852,2026-08-07 12:12:07,2026-08-07 12:49:07,2026-08-07 12:52:09,37,36.9,12.656,dongdaegu,1,1,True,target_available_at_arrival,available_count>0 at panel tick nearest as_of+tmap_eta,tmap_routes
ME18C178,2026-07-27 22:46:15,2026-07-27 23:06:15,2026-07-27 23:06:17,20,20.5,5.293,dongdaegu,1,1,True,target_available_at_arrival,available_count>0 at panel tick nearest as_of+tmap_eta,tmap_routes
ME19E161,2026-07-24 05:08:14,2026-07-24 05:27:14,2026-07-24 05:28:18,19,18.7,1.98,dongdaegu,1,1,True,target_available_at_arrival,available_count>0 at panel tick nearest as_of+tmap_eta,tmap_routes
CV001589,2026-08-04 22:48:06,2026-08-04 23:12:06,2026-08-04 23:18:07,24,24.1,5.73,dongdaegu,2,2,True,target_available_at_arrival,available_count>0 at panel tick nearest as_of+tmap_eta,tmap_routes
CV003136,2026-08-03 03:22:02,2026-08-03 03:50:02,2026-08-03 03:52:04,28,28.2,8.505,dongdaegu,1,1,True,target_available_at_arrival,available_count>0 at panel tick nearest as_of+tmap_eta,tmap_routes
ME19C289,2026-07-23 07:59:39,2026-07-23 08:53:39,2026-07-23 08:55:20,54,54.2,41.292,dongdaegu,2,2,True,target_available_at_arrival,available_count>0 at panel tick nearest as_of+tmap_eta,tmap_routes
EV006617,2026-08-05 08:21:20,2026-08-05 08:59:20,2026-08-05 09:01:22,38,37.6,13.391,dongdaegu,1,1,True,target_available_at_arrival,available_count>0 at panel tick nearest as_of+tmap_eta,tmap_routes
PIS00598,2026-08-08 00:37:04,2026-08-08 01:11:04,2026-08-08 01:17:05,34,34.3,11.532,dongdaegu,1,1,True,target_available_at_arrival,available_count>0 at panel tick nearest as_of+tmap_eta,tmap_routes
CV003276,2026-07-25 19:14:19,2026-07-25 19:51:19,2026-07-25 19:54:25,37,36.8,7.574,dongdaegu,2,2,True,target_available_at_arrival,available_count>0 at panel tick nearest as_of+tmap_eta,tmap_routes
ME18C265,2026-07-20 09:29:43,2026-07-20 09:59:43,2026-07-20 09:59:44,30,30.0,11.147,dongdaegu,1,2,True,target_available_at_arrival,available_count>0 at panel tick nearest as_of+tmap_eta,tmap_routes
CV001002,2026-07-24 17:38:44,2026-07-24 17:56:44,2026-07-24 17:58:47,18,17.5,3.402,dongdaegu,3,3,True,target_available_at_arrival,available_count>0 at panel tick nearest as_of+tmap_eta,tmap_routes
CV002253,2026-08-01 00:18:55,2026-08-01 01:04:55,2026-08-01 01:09:03,46,46.0,21.152,dongdaegu,14,14,True,target_available_at_arrival,available_count>0 at panel tick nearest as_of+tmap_eta,tmap_routes
CV000556,2026-07-27 14:04:28,2026-07-27 14:44:28,2026-07-27 14:44:40,40,40.5,11.691,dongdaegu,1,0,False,target_available_at_arrival,available_count>0 at panel tick nearest as_of+tmap_eta,tmap_routes
EC005057,2026-08-08 05:17:22,2026-08-08 05:44:22,2026-08-08 05:47:23,27,27.3,8.896,dongdaegu,1,1,True,target_available_at_arrival,available_count>0 at panel tick nearest as_of+tmap_eta,tmap_routes
ME183057,2026-08-05 05:41:10,2026-08-05 06:18:10,2026-08-05 06:21:11,37,36.6,11.781,dongdaegu,1,1,True,target_available_at_arrival,available_count>0 at panel tick nearest as_of+tmap_eta,tmap_routes
ST277109,2026-08-07 03:31:22,2026-08-07 04:07:22,2026-08-07 04:11:25,36,35.6,12.799,dongdaegu,2,2,True,target_available_at_arrival,available_count>0 at panel tick nearest as_of+tmap_eta,tmap_routes
PI121974,2026-07-27 06:32:57,2026-07-27 06:49:57,2026-07-27 06:53:01,17,16.7,3.199,dongdaegu,9,9,True,target_available_at_arrival,available_count>0 at panel tick nearest as_of+tmap_eta,tmap_routes
CV003040,2026-07-24 16:08:25,2026-07-24 16:33:25,2026-07-24 16:38:28,25,24.9,7.898,dongdaegu,4,3,True,target_available_at_arrival,available_count>0 at panel tick nearest as_of+tmap_eta,tmap_routes
BE482306,2026-08-06 00:35:42,2026-08-06 00:55:42,2026-08-06 00:55:43,20,20.1,3.537,dongdaegu,8,8,True,target_available_at_arrival,available_count>0 at panel tick nearest as_of+tmap_eta,tmap_routes
PI740140,2026-08-08 22:08:41,2026-08-08 22:38:41,2026-08-08 22:38:43,30,30.1,9.429,dongdaegu,1,1,True,target_available_at_arrival,available_count>0 at panel tick nearest as_of+tmap_eta,tmap_routes
SF002258,2026-08-03 07:32:15,2026-08-03 07:48:15,2026-08-03 07:52:18,16,15.8,2.742,dongdaegu,1,1,True,target_available_at_arrival,available_count>0 at panel tick nearest as_of+tmap_eta,tmap_routes
ME20C183,2026-07-24 02:52:07,2026-07-24 03:27:07,2026-07-24 03:27:13,35,35.0,8.06,dongdaegu,1,1,True,target_available_at_arrival,available_count>0 at panel tick nearest as_of+tmap_eta,tmap_routes
BNBN0721,2026-08-06 13:16:24,2026-08-06 13:41:24,2026-08-06 13:46:25,25,25.2,6.457,dongdaegu,1,1,True,target_available_at_arrival,available_count>0 at panel tick nearest as_of+tmap_eta,tmap_routes
SF003187,2026-08-02 23:19:32,2026-08-02 23:49:32,2026-08-02 23:49:33,30,29.6,9.475,dongdaegu,6,6,True,target_available_at_arrival,available_count>0 at panel tick nearest as_of+tmap_eta,tmap_routes
PI700382,2026-07-30 13:35:43,2026-07-30 13:53:43,2026-07-30 13:55:52,18,17.7,1.24,dongdaegu,1,1,True,target_available_at_arrival,available_count>0 at panel tick nearest as_of+tmap_eta,tmap_routes
LU002365,2026-07-26 04:17:17,2026-07-26 04:47:17,2026-07-26 04:47:20,30,30.5,8.144,dongdaegu,1,1,True,target_available_at_arrival,available_count>0 at panel tick nearest as_of+tmap_eta,tmap_routes
KE000246,2026-07-18 15:05:43,2026-07-18 15:32:43,2026-07-18 15:35:45,27,26.6,7.893,dongdaegu,1,1,True,target_available_at_arrival,available_count>0 at panel tick nearest as_of+tmap_eta,tmap_routes
ST272925,2026-08-05 08:21:20,2026-08-05 08:54:20,2026-08-05 09:01:22,33,32.9,7.879,dongdaegu,2,2,True,target_available_at_arrival,available_count>0 at panel tick nearest as_of+tmap_eta,tmap_routes
ME183054,2026-08-09 05:43:15,2026-08-09 06:36:15,2026-08-09 06:43:17,53,53.0,31.309,dongdaegu,1,0,False,target_available_at_arrival,available_count>0 at panel tick nearest as_of+tmap_eta,tmap_routes
KE001517,2026-08-05 04:51:08,2026-08-05 05:18:08,2026-08-05 05:21:09,27,27.4,6.394,dongdaegu,1,1,True,target_available_at_arrival,available_count>0 at panel tick nearest as_of+tmap_eta,tmap_routes
CV002516,2026-07-31 22:16:04,2026-07-31 23:16:04,2026-07-31 23:16:12,60,59.5,26.011,dongdaegu,3,3,True,target_available_at_arrival,available_count>0 at panel tick nearest as_of+tmap_eta,tmap_routes
PIS00553,2026-08-08 15:48:05,2026-08-08 16:06:05,2026-08-08 16:08:07,18,17.6,3.52,dongdaegu,10,10,True,target_available_at_arrival,available_count>0 at panel tick nearest as_of+tmap_eta,tmap_routes
CV003716,2026-07-30 00:32:58,2026-07-30 01:20:58,2026-07-30 01:23:03,48,48.1,26.925,dongdaegu,5,5,True,target_available_at_arrival,available_count>0 at panel tick nearest as_of+tmap_eta,tmap_routes
CV000195,2026-07-30 09:34:37,2026-07-30 10:04:37,2026-07-30 10:04:44,30,29.9,9.211,dongdaegu,1,1,True,target_available_at_arrival,available_count>0 at panel tick nearest as_of+tmap_eta,tmap_routes
ME18C178,2026-08-01 01:59:08,2026-08-01 02:19:08,2026-08-01 02:19:09,20,20.5,5.293,dongdaegu,1,1,True,target_available_at_arrival,available_count>0 at panel tick nearest as_of+tmap_eta,tmap_routes
CV002689,2026-08-04 20:17:54,2026-08-04 21:11:54,2026-08-04 21:18:00,54,54.3,31.501,dongdaegu,5,5,True,target_available_at_arrival,available_count>0 at panel tick nearest as_of+tmap_eta,tmap_routes
PW000293,2026-08-06 02:25:46,2026-08-06 02:40:46,2026-08-06 02:45:47,15,14.7,1.056,dongdaegu,1,2,True,target_available_at_arrival,available_count>0 at panel tick nearest as_of+tmap_eta,tmap_routes
JA270006,2026-07-29 16:39:06,2026-07-29 16:53:06,2026-07-29 16:59:14,14,14.1,2.934,dongdaegu,9,9,True,target_available_at_arrival,available_count>0 at panel tick nearest as_of+tmap_eta,tmap_routes
SF000584,2026-08-07 10:41:58,2026-08-07 11:11:58,2026-08-07 11:12:04,30,30.2,10.541,dongdaegu,7,7,True,target_available_at_arrival,available_count>0 at panel tick nearest as_of+tmap_eta,tmap_routes
CV001223,2026-07-28 04:58:50,2026-07-28 05:23:50,2026-07-28 05:28:57,25,24.8,7.045,dongdaegu,2,2,True,target_available_at_arrival,available_count>0 at panel tick nearest as_of+tmap_eta,tmap_routes
CV003150,2026-08-04 00:46:42,2026-08-04 01:14:42,2026-08-04 01:16:43,28,28.1,8.577,dongdaegu,1,1,True,target_available_at_arrival,available_count>0 at panel tick nearest as_of+tmap_eta,tmap_routes
HE240512,2026-08-02 11:07:43,2026-08-02 11:36:43,2026-08-02 11:37:47,29,29.2,9.227,dongdaegu,4,4,True,target_available_at_arrival,available_count>0 at panel tick nearest as_of+tmap_eta,tmap_routes
CU530006,2026-08-08 05:17:22,2026-08-08 05:34:22,2026-08-08 05:37:23,17,17.2,4.121,dongdaegu,10,10,True,target_available_at_arrival,available_count>0 at panel tick nearest as_of+tmap_eta,tmap_routes
CV004551,2026-08-01 12:20:51,2026-08-01 13:14:51,2026-08-01 13:21:14,54,54.2,40.076,dongdaegu,2,2,True,target_available_at_arrival,available_count>0 at panel tick nearest as_of+tmap_eta,tmap_routes
ME20C186,2026-07-27 13:44:23,2026-07-27 14:28:23,2026-07-27 14:34:38,44,44.2,22.102,dongdaegu,1,1,True,target_available_at_arrival,available_count>0 at panel tick nearest as_of+tmap_eta,tmap_routes
SF001849,2026-08-01 22:42:55,2026-08-01 22:57:55,2026-08-01 23:02:57,15,15.4,1.463,dongdaegu,2,2,True,target_available_at_arrival,available_count>0 at panel tick nearest as_of+tmap_eta,tmap_routes
CV000152,2026-08-06 13:56:25,2026-08-06 14:22:25,2026-08-06 14:26:27,26,25.8,3.903,dongdaegu,2,2,True,target_available_at_arrival,available_count>0 at panel tick nearest as_of+tmap_eta,tmap_routes
HE000883,2026-08-03 00:31:55,2026-08-03 01:00:55,2026-08-03 01:01:57,29,29.2,9.221,dongdaegu,20,20,True,target_available_at_arrival,available_count>0 at panel tick nearest as_of+tmap_eta,tmap_routes
CV003445,2026-08-03 01:21:57,2026-08-03 01:37:57,2026-08-03 01:41:58,16,16.4,3.24,dongdaegu,1,1,True,target_available_at_arrival,available_count>0 at panel tick nearest as_of+tmap_eta,tmap_routes
PIS00553,2026-07-31 21:35:56,2026-07-31 21:53:56,2026-07-31 21:55:58,18,17.6,3.52,dongdaegu,11,11,True,target_available_at_arrival,available_count>0 at panel tick nearest as_of+tmap_eta,tmap_routes
CV000599,2026-08-08 14:17:59,2026-08-08 14:42:59,2026-08-08 14:48:01,25,25.4,7.913,dongdaegu,2,2,True,target_available_at_arrival,available_count>0 at panel tick nearest as_of+tmap_eta,tmap_routes
CV001779,2026-08-07 20:13:04,2026-08-07 21:09:04,2026-08-07 21:13:12,56,55.6,14.536,dongdaegu,4,4,True,target_available_at_arrival,available_count>0 at panel tick nearest as_of+tmap_eta,tmap_routes
KP000235,2026-07-20 15:00:32,2026-07-20 15:13:32,2026-07-20 15:15:35,13,13.3,2.71,dongdaegu,1,1,True,target_available_at_arrival,available_count>0 at panel tick nearest as_of+tmap_eta,tmap_routes
CV001904,2026-07-26 07:57:52,2026-07-26 08:21:52,2026-07-26 08:27:57,24,23.9,6.982,dongdaegu,2,2,True,target_available_at_arrival,available_count>0 at panel tick nearest as_of+tmap_eta,tmap_routes
KP002189,2026-08-03 13:22:42,2026-08-03 13:37:42,2026-08-03 13:42:43,15,15.4,3.325,dongdaegu,2,2,True,target_available_at_arrival,available_count>0 at panel tick nearest as_of+tmap_eta,tmap_routes
CV001605,2026-08-08 19:08:29,2026-08-08 19:37:29,2026-08-08 19:38:31,29,29.2,7.17,dongdaegu,2,2,True,target_available_at_arrival,available_count>0 at panel tick nearest as_of+tmap_eta,tmap_routes
PW014280,2026-07-30 10:55:00,2026-07-30 11:30:00,2026-07-30 11:35:14,35,34.7,12.73,dongdaegu,3,3,True,target_available_at_arrival,available_count>0 at panel tick nearest as_of+tmap_eta,tmap_routes
JA270011,2026-08-05 16:11:57,2026-08-05 16:34:57,2026-08-05 16:41:58,23,22.9,5.105,dongdaegu,29,29,True,target_available_at_arrival,available_count>0 at panel tick nearest as_of+tmap_eta,tmap_routes
ME19X413,2026-08-04 16:47:41,2026-08-04 17:21:41,2026-08-04 17:27:43,34,34.4,11.991,dongdaegu,4,4,True,target_available_at_arrival,available_count>0 at panel tick nearest as_of+tmap_eta,tmap_routes
PI530282,2026-08-03 04:42:06,2026-08-03 05:08:06,2026-08-03 05:12:07,26,25.9,4.171,dongdaegu,3,3,True,target_available_at_arrival,available_count>0 at panel tick nearest as_of+tmap_eta,tmap_routes
CV001241,2026-07-23 11:31:57,2026-07-23 11:53:57,2026-07-23 11:57:14,22,22.0,3.71,dongdaegu,2,2,True,target_available_at_arrival,available_count>0 at panel tick nearest as_of+tmap_eta,tmap_routes
JA270006,2026-07-26 15:39:01,2026-07-26 15:53:01,2026-07-26 15:59:05,14,14.1,2.934,dongdaegu,6,6,True,target_available_at_arrival,available_count>0 at panel tick nearest as_of+tmap_eta,tmap_routes
ST272921,2026-08-02 05:46:47,2026-08-02 06:22:47,2026-08-02 06:26:57,36,36.5,13.409,dongdaegu,1,1,True,target_available_at_arrival,available_count>0 at panel tick nearest as_of+tmap_eta,tmap_routes
CV004116,2026-07-23 08:55:20,2026-07-23 09:08:20,2026-07-23 09:10:37,13,13.2,2.245,dongdaegu,2,2,True,target_available_at_arrival,available_count>0 at panel tick nearest as_of+tmap_eta,tmap_routes
CV001632,2026-08-06 01:15:43,2026-08-06 01:43:43,2026-08-06 01:45:45,28,27.8,8.198,dongdaegu,3,3,True,target_available_at_arrival,available_count>0 at panel tick nearest as_of+tmap_eta,tmap_routes
CV002348,2026-07-31 23:16:12,2026-08-01 00:01:12,2026-08-01 00:06:21,45,45.2,15.52,dongdaegu,7,7,True,target_available_at_arrival,available_count>0 at panel tick nearest as_of+tmap_eta,tmap_routes
ME19C404,2026-07-19 11:45:40,2026-07-19 12:10:40,2026-07-19 12:15:50,25,25.1,5.074,dongdaegu,3,3,True,target_available_at_arrival,available_count>0 at panel tick nearest as_of+tmap_eta,tmap_routes
CV004714,2026-08-02 11:57:51,2026-08-02 12:23:51,2026-08-02 12:27:58,26,26.4,6.104,dongdaegu,3,3,True,target_available_at_arrival,available_count>0 at panel tick nearest as_of+tmap_eta,tmap_routes
HW000648,2026-08-01 21:52:49,2026-08-01 22:20:49,2026-08-01 22:22:52,28,27.5,9.134,dongdaegu,3,3,True,target_available_at_arrival,available_count>0 at panel tick nearest as_of+tmap_eta,tmap_routes
CV000507,2026-07-27 04:32:40,2026-07-27 05:08:40,2026-07-27 05:12:44,36,35.7,7.788,dongdaegu,1,1,True,target_available_at_arrival,available_count>0 at panel tick nearest as_of+tmap_eta,tmap_routes
CV001242,2026-08-01 20:42:36,2026-08-01 21:21:36,2026-08-01 21:22:45,39,38.9,13.135,dongdaegu,7,6,True,target_available_at_arrival,available_count>0 at panel tick nearest as_of+tmap_eta,tmap_routes
ME183062,2026-07-27 08:03:22,2026-07-27 08:41:22,2026-07-27 08:43:28,38,38.3,13.119,dongdaegu,1,1,True,target_available_at_arrival,available_count>0 at panel tick nearest as_of+tmap_eta,tmap_routes
CV003463,2026-07-28 05:18:53,2026-07-28 05:32:53,2026-07-28 05:38:57,14,13.8,2.782,dongdaegu,1,1,True,target_available_at_arrival,available_count>0 at panel tick nearest as_of+tmap_eta,tmap_routes
CV003455,2026-07-26 23:50:07,2026-07-27 00:15:07,2026-07-27 00:22:16,25,24.9,5.418,dongdaegu,1,0,False,target_available_at_arrival,available_count>0 at panel tick nearest as_of+tmap_eta,tmap_routes
JA270011,2026-07-26 03:47:14,2026-07-26 04:10:14,2026-07-26 04:17:17,23,22.9,5.105,dongdaegu,5,5,True,target_available_at_arrival,available_count>0 at panel tick nearest as_of+tmap_eta,tmap_routes
CV001632,2026-08-04 16:17:37,2026-08-04 16:45:37,2026-08-04 16:47:41,28,27.8,8.198,dongdaegu,2,2,True,target_available_at_arrival,available_count>0 at panel tick nearest as_of+tmap_eta,tmap_routes
CV000478,2026-08-03 00:41:56,2026-08-03 01:25:56,2026-08-03 01:31:58,44,44.0,17.313,dongdaegu,1,1,True,target_available_at_arrival,available_count>0 at panel tick nearest as_of+tmap_eta,tmap_routes
ME18C261,2026-07-24 16:58:31,2026-07-24 17:51:31,2026-07-24 17:58:47,53,53.0,31.983,dongdaegu,2,2,True,target_available_at_arrival,available_count>0 at panel tick nearest as_of+tmap_eta,tmap_routes
KP010627,2026-08-03 03:12:02,2026-08-03 03:30:02,2026-08-03 03:32:03,18,17.9,3.676,dongdaegu,2,2,True,target_available_at_arrival,available_count>0 at panel tick nearest as_of+tmap_eta,tmap_routes
ME19F260,2026-08-04 04:56:55,2026-08-04 06:02:55,2026-08-04 06:06:58,66,65.9,37.257,dongdaegu,2,2,True,target_available_at_arrival,available_count>0 at panel tick nearest as_of+tmap_eta,tmap_routes
CV002253,2026-08-07 19:32:52,2026-08-07 20:18:52,2026-08-07 20:23:07,46,46.0,21.152,dongdaegu,16,16,True,target_available_at_arrival,available_count>0 at panel tick nearest as_of+tmap_eta,tmap_routes
EV012412,2026-07-31 17:25:02,2026-07-31 17:55:02,2026-07-31 17:55:07,30,29.9,6.418,dongdaegu,4,4,True,target_available_at_arrival,available_count>0 at panel tick nearest as_of+tmap_eta,tmap_routes
ME184068,2026-07-28 14:21:16,2026-07-28 14:55:16,2026-07-28 15:01:37,34,34.5,7.153,dongdaegu,1,1,True,target_available_at_arrival,available_count>0 at panel tick nearest as_of+tmap_eta,tmap_routes
CV003064,2026-07-24 09:37:13,2026-07-24 10:05:13,2026-07-24 10:07:16,28,28.5,7.639,dongdaegu,1,0,False,target_available_at_arrival,available_count>0 at panel tick nearest as_of+tmap_eta,tmap_routes
SF002583,2026-08-08 07:47:29,2026-08-08 08:31:29,2026-08-08 08:37:33,44,44.5,9.471,dongdaegu,3,3,True,target_available_at_arrival,available_count>0 at panel tick nearest as_of+tmap_eta,tmap_routes
CV003103,2026-08-07 10:31:58,2026-08-07 11:11:58,2026-08-07 11:12:04,40,39.7,8.056,dongdaegu,1,1,True,target_available_at_arrival,available_count>0 at panel tick nearest as_of+tmap_eta,tmap_routes
CV000783,2026-08-08 14:17:59,2026-08-08 14:47:59,2026-08-08 14:48:01,30,30.1,9.004,dongdaegu,2,2,True,target_available_at_arrival,available_count>0 at panel tick nearest as_of+tmap_eta,tmap_routes
CV004606,2026-08-08 00:17:03,2026-08-08 00:51:03,2026-08-08 00:57:04,34,34.1,11.021,dongdaegu,1,1,True,target_available_at_arrival,available_count>0 at panel tick nearest as_of+tmap_eta,tmap_routes
CV000513,2026-07-25 08:08:39,2026-07-25 08:31:39,2026-07-25 08:33:40,23,22.8,3.906,dongdaegu,1,1,True,target_available_at_arrival,available_count>0 at panel tick nearest as_of+tmap_eta,tmap_routes
CV004326,2026-07-28 07:39:13,2026-07-28 08:26:13,2026-07-28 08:29:24,47,47.1,21.479,dongdaegu,1,0,False,target_available_at_arrival,available_count>0 at panel tick nearest as_of+tmap_eta,tmap_routes
ME23B113,2026-07-26 05:37:26,2026-07-26 06:31:26,2026-07-26 06:37:37,54,54.4,40.695,dongdaegu,1,1,True,target_available_at_arrival,available_count>0 at panel tick nearest as_of+tmap_eta,tmap_routes
EV007658,2026-08-04 20:17:54,2026-08-04 20:57:54,2026-08-04 20:57:59,40,39.7,10.959,dongdaegu,1,1,True,target_available_at_arrival,available_count>0 at panel tick nearest as_of+tmap_eta,tmap_routes
KP010627,2026-08-01 20:12:32,2026-08-01 20:30:32,2026-08-01 20:32:35,18,17.9,3.676,dongdaegu,2,2,True,target_available_at_arrival,available_count>0 at panel tick nearest as_of+tmap_eta,tmap_routes
CV000808,2026-07-22 11:59:46,2026-07-22 12:34:46,2026-07-22 12:39:51,35,34.9,7.273,dongdaegu,1,1,True,target_available_at_arrival,available_count>0 at panel tick nearest as_of+tmap_eta,tmap_routes
CV001635,2026-08-01 13:21:14,2026-08-01 13:59:14,2026-08-01 14:01:18,38,37.6,10.026,dongdaegu,1,1,True,target_available_at_arrival,available_count>0 at panel tick nearest as_of+tmap_eta,tmap_routes
CV004302,2026-07-22 22:40:21,2026-07-22 23:07:21,2026-07-22 23:10:34,27,27.2,6.116,dongdaegu,1,1,True,target_available_at_arrival,available_count>0 at panel tick nearest as_of+tmap_eta,tmap_routes
EC000412,2026-07-29 18:59:37,2026-07-29 19:25:37,2026-07-29 19:29:42,26,25.9,5.039,dongdaegu,1,1,True,target_available_at_arrival,available_count>0 at panel tick nearest as_of+tmap_eta,tmap_routes
ME18C258,2026-07-22 22:50:23,2026-07-22 23:10:23,2026-07-22 23:10:34,20,19.5,4.374,dongdaegu,2,2,True,target_available_at_arrival,available_count>0 at panel tick nearest as_of+tmap_eta,tmap_routes
PIS00546,2026-07-30 13:15:39,2026-07-30 13:43:39,2026-07-30 13:45:44,28,28.2,9.181,dongdaegu,7,8,True,target_available_at_arrival,available_count>0 at panel tick nearest as_of+tmap_eta,tmap_routes
CV001636,2026-07-29 04:06:40,2026-07-29 04:44:40,2026-07-29 04:46:47,38,37.9,9.77,dongdaegu,2,2,True,target_available_at_arrival,available_count>0 at panel tick nearest as_of+tmap_eta,tmap_routes
DC530015,2026-08-03 18:13:47,2026-08-03 19:00:47,2026-08-03 19:03:50,47,46.8,9.409,dongdaegu,1,1,True,target_available_at_arrival,available_count>0 at panel tick nearest as_of+tmap_eta,tmap_routes
CV004736,2026-08-07 10:21:57,2026-08-07 11:18:57,2026-08-07 11:22:05,57,57.4,24.095,dongdaegu,2,1,True,target_available_at_arrival,available_count>0 at panel tick nearest as_of+tmap_eta,tmap_routes
KP004864,2026-07-28 09:59:46,2026-07-28 10:18:46,2026-07-28 10:19:48,19,18.9,4.039,dongdaegu,2,2,True,target_available_at_arrival,available_count>0 at panel tick nearest as_of+tmap_eta,tmap_routes
DC530002,2026-07-23 02:43:08,2026-07-23 03:03:08,2026-07-23 03:03:11,20,19.9,3.866,dongdaegu,6,6,True,target_available_at_arrival,available_count>0 at panel tick nearest as_of+tmap_eta,tmap_routes
CV001076,2026-07-25 09:44:02,2026-07-25 10:23:02,2026-07-25 10:24:09,39,38.6,12.457,dongdaegu,1,1,True,target_available_at_arrival,available_count>0 at panel tick nearest as_of+tmap_eta,tmap_routes
CV001967,2026-07-25 18:54:15,2026-07-25 19:13:15,2026-07-25 19:14:19,19,19.4,3.176,dongdaegu,2,2,True,target_available_at_arrival,available_count>0 at panel tick nearest as_of+tmap_eta,tmap_routes
CV001129,2026-08-04 07:07:00,2026-08-04 07:41:00,2026-08-04 07:47:04,34,34.5,13.349,dongdaegu,2,2,True,target_available_at_arrival,available_count>0 at panel tick nearest as_of+tmap_eta,tmap_routes
PI121974,2026-07-23 05:58:57,2026-07-23 06:15:57,2026-07-23 06:19:01,17,16.7,3.199,dongdaegu,6,6,True,target_available_at_arrival,available_count>0 at panel tick nearest as_of+tmap_eta,tmap_routes
LU003651,2026-07-29 07:27:19,2026-07-29 08:24:19,2026-07-29 08:27:41,57,57.2,26.562,dongdaegu,2,2,True,target_available_at_arrival,available_count>0 at panel tick nearest as_of+tmap_eta,tmap_routes
PI740457,2026-07-31 06:21:40,2026-07-31 06:38:40,2026-07-31 06:41:45,17,16.6,4.639,dongdaegu,1,1,True,target_available_at_arrival,available_count>0 at panel tick nearest as_of+tmap_eta,tmap_routes
HM710121,2026-07-24 21:19:33,2026-07-24 21:39:33,2026-07-24 21:39:36,20,20.1,3.305,dongdaegu,1,1,True,target_available_at_arrival,available_count>0 at panel tick nearest as_of+tmap_eta,tmap_routes
ME21E401,2026-07-22 21:38:30,2026-07-22 22:31:30,2026-07-22 22:35:20,53,52.7,31.252,dongdaegu,2,2,True,target_available_at_arrival,available_count>0 at panel tick nearest as_of+tmap_eta,tmap_routes
PI740287,2026-08-04 16:37:40,2026-08-04 16:55:40,2026-08-04 16:57:42,18,18.2,2.761,dongdaegu,1,1,True,target_available_at_arrival,available_count>0 at panel tick nearest as_of+tmap_eta,tmap_routes
ME25C277,2026-07-27 04:32:40,2026-07-27 05:11:40,2026-07-27 05:12:44,39,39.4,11.416,dongdaegu,2,2,True,target_available_at_arrival,available_count>0 at panel tick nearest as_of+tmap_eta,tmap_routes
CV003455,2026-07-26 20:59:45,2026-07-26 21:24:45,2026-07-26 21:29:49,25,24.9,5.418,dongdaegu,1,1,True,target_available_at_arrival,available_count>0 at panel tick nearest as_of+tmap_eta,tmap_routes
CV003119,2026-08-07 08:21:44,2026-08-07 08:59:44,2026-08-07 09:01:51,38,37.5,7.142,dongdaegu,3,3,True,target_available_at_arrival,available_count>0 at panel tick nearest as_of+tmap_eta,tmap_routes
KE000246,2026-07-23 14:07:54,2026-07-23 14:34:54,2026-07-23 14:38:02,27,26.6,7.893,dongdaegu,2,2,True,target_available_at_arrival,available_count>0 at panel tick nearest as_of+tmap_eta,tmap_routes
PW014386,2026-08-06 13:06:21,2026-08-06 13:42:21,2026-08-06 13:46:25,36,36.5,13.227,dongdaegu,10,10,True,target_available_at_arrival,available_count>0 at panel tick nearest as_of+tmap_eta,tmap_routes
SF002637,2026-07-25 17:54:07,2026-07-25 18:31:07,2026-07-25 18:34:12,37,37.1,11.013,dongdaegu,4,3,True,target_available_at_arrival,available_count>0 at panel tick nearest as_of+tmap_eta,tmap_routes
KL002459,2026-08-02 07:07:01,2026-08-02 07:21:01,2026-08-02 07:27:06,14,13.9,1.914,dongdaegu,8,9,True,target_available_at_arrival,available_count>0 at panel tick nearest as_of+tmap_eta,tmap_routes
CV001941,2026-08-02 10:07:33,2026-08-02 10:21:33,2026-08-02 10:27:35,14,14.5,2.314,dongdaegu,1,0,False,target_available_at_arrival,available_count>0 at panel tick nearest as_of+tmap_eta,tmap_routes
ME18C147,2026-07-22 22:50:23,2026-07-22 23:56:23,2026-07-23 00:00:44,66,65.8,31.609,dongdaegu,1,1,True,target_available_at_arrival,available_count>0 at panel tick nearest as_of+tmap_eta,tmap_routes
LU001081,2026-08-01 03:09:14,2026-08-01 03:37:14,2026-08-01 03:39:18,28,27.6,6.307,dongdaegu,2,2,True,target_available_at_arrival,available_count>0 at panel tick nearest as_of+tmap_eta,tmap_routes
PI530287,2026-08-03 05:52:10,2026-08-03 06:16:10,2026-08-03 06:22:12,24,24.2,7.048,dongdaegu,1,1,True,target_available_at_arrival,available_count>0 at panel tick nearest as_of+tmap_eta,tmap_routes
CV004482,2026-07-27 16:24:55,2026-07-27 17:09:55,2026-07-27 17:15:05,45,45.4,13.03,dongdaegu,3,3,True,target_available_at_arrival,available_count>0 at panel tick nearest as_of+tmap_eta,tmap_routes
ME183069,2026-07-28 15:41:42,2026-07-28 16:05:42,2026-07-28 16:12:12,24,23.8,4.237,dongdaegu,1,0,False,target_available_at_arrival,available_count>0 at panel tick nearest as_of+tmap_eta,tmap_routes
SF002746,2026-08-09 03:03:07,2026-08-09 03:19:07,2026-08-09 03:23:08,16,15.8,2.055,dongdaegu,27,27,True,target_available_at_arrival,available_count>0 at panel tick nearest as_of+tmap_eta,tmap_routes
CU530006,2026-08-03 23:24:08,2026-08-03 23:41:08,2026-08-03 23:44:08,17,17.2,4.121,dongdaegu,8,7,True,target_available_at_arrival,available_count>0 at panel tick nearest as_of+tmap_eta,tmap_routes
EV008233,2026-08-02 10:07:33,2026-08-02 10:40:33,2026-08-02 10:47:40,33,32.8,9.184,dongdaegu,1,1,True,target_available_at_arrival,available_count>0 at panel tick nearest as_of+tmap_eta,tmap_routes
KP010627,2026-07-26 13:08:40,2026-07-26 13:26:40,2026-07-26 13:28:43,18,17.9,3.676,dongdaegu,1,1,True,target_available_at_arrival,available_count>0 at panel tick nearest as_of+tmap_eta,tmap_routes
CV003124,2026-07-23 08:34:55,2026-07-23 08:43:55,2026-07-23 08:45:08,9,8.6,0.993,dongdaegu,1,1,True,target_available_at_arrival,available_count>0 at panel tick nearest as_of+tmap_eta,tmap_routes
KP003782,2026-07-29 13:18:32,2026-07-29 13:54:32,2026-07-29 13:58:36,36,36.5,8.043,dongdaegu,1,1,True,target_available_at_arrival,available_count>0 at panel tick nearest as_of+tmap_eta,tmap_routes
KP004857,2026-07-22 20:44:38,2026-07-22 21:16:38,2026-07-22 21:17:05,32,31.5,5.172,dongdaegu,1,1,True,target_available_at_arrival,available_count>0 at panel tick nearest as_of+tmap_eta,tmap_routes
ME181302,2026-08-07 22:53:22,2026-08-07 23:41:22,2026-08-07 23:43:24,48,47.9,13.111,dongdaegu,1,1,True,target_available_at_arrival,available_count>0 at panel tick nearest as_of+tmap_eta,tmap_routes
ST600399,2026-08-01 00:49:02,2026-08-01 01:46:02,2026-08-01 01:49:07,57,57.3,23.048,dongdaegu,5,4,True,target_available_at_arrival,available_count>0 at panel tick nearest as_of+tmap_eta,tmap_routes
ME19Y406,2026-08-08 08:27:33,2026-08-08 08:30:33,2026-08-08 08:37:33,3,2.6,0.183,dongdaegu,4,4,True,target_available_at_arrival,available_count>0 at panel tick nearest as_of+tmap_eta,tmap_routes
KE000354,2026-08-07 02:01:19,2026-08-07 02:18:19,2026-08-07 02:21:20,17,16.6,4.132,dongdaegu,1,1,True,target_available_at_arrival,available_count>0 at panel tick nearest as_of+tmap_eta,tmap_routes
ME18C177,2026-07-31 12:42:52,2026-07-31 13:39:52,2026-07-31 13:43:01,57,57.1,32.73,dongdaegu,1,1,True,target_available_at_arrival,available_count>0 at panel tick nearest as_of+tmap_eta,tmap_routes
ME21B262,2026-07-24 13:07:49,2026-07-24 14:00:49,2026-07-24 14:08:02,53,52.9,43.182,dongdaegu,2,1,True,target_available_at_arrival,available_count>0 at panel tick nearest as_of+tmap_eta,tmap_routes
PI740598,2026-07-29 02:56:32,2026-07-29 03:14:32,2026-07-29 03:16:33,18,17.8,3.853,dongdaegu,1,1,True,target_available_at_arrival,available_count>0 at panel tick nearest as_of+tmap_eta,tmap_routes
PW015051,2026-07-25 22:54:49,2026-07-25 23:09:49,2026-07-25 23:14:51,15,14.8,2.673,dongdaegu,1,1,True,target_available_at_arrival,available_count>0 at panel tick nearest as_of+tmap_eta,tmap_routes
PI752996,2026-08-01 04:39:23,2026-08-01 04:59:23,2026-08-01 04:59:25,20,19.7,3.143,dongdaegu,1,1,True,target_available_at_arrival,available_count>0 at panel tick nearest as_of+tmap_eta,tmap_routes
CV000831,2026-08-04 14:07:30,2026-08-04 14:17:30,2026-08-04 14:17:31,10,9.9,0.571,dongdaegu,2,2,True,target_available_at_arrival,available_count>0 at panel tick nearest as_of+tmap_eta,tmap_routes
PI740455,2026-07-23 15:08:22,2026-07-23 15:25:22,2026-07-23 15:28:28,17,17.0,4.517,dongdaegu,1,1,True,target_available_at_arrival,available_count>0 at panel tick nearest as_of+tmap_eta,tmap_routes
PIS00553,2026-07-23 00:37:36,2026-07-23 00:55:36,2026-07-23 00:57:41,18,17.6,3.52,dongdaegu,2,2,True,target_available_at_arrival,available_count>0 at panel tick nearest as_of+tmap_eta,tmap_routes
ME18C171,2026-07-27 10:53:45,2026-07-27 11:17:45,2026-07-27 11:23:48,24,23.6,4.864,dongdaegu,1,1,True,target_available_at_arrival,available_count>0 at panel tick nearest as_of+tmap_eta,tmap_routes
CV003129,2026-08-06 02:55:47,2026-08-06 03:28:47,2026-08-06 03:35:49,33,33.1,9.279,dongdaegu,1,1,True,target_available_at_arrival,available_count>0 at panel tick nearest as_of+tmap_eta,tmap_routes
PI730038,2026-07-31 14:13:05,2026-07-31 15:06:05,2026-07-31 15:13:20,53,52.9,33.46,dongdaegu,2,2,True,target_available_at_arrival,available_count>0 at panel tick nearest as_of+tmap_eta,tmap_routes
EV012414,2026-08-08 13:07:53,2026-08-08 13:37:53,2026-08-08 13:37:55,30,29.9,6.418,dongdaegu,1,1,True,target_available_at_arrival,available_count>0 at panel tick nearest as_of+tmap_eta,tmap_routes
LU003143,2026-07-31 22:56:10,2026-07-31 23:14:10,2026-07-31 23:16:12,18,17.9,4.605,dongdaegu,3,3,True,target_available_at_arrival,available_count>0 at panel tick nearest as_of+tmap_eta,tmap_routes
KE001052,2026-07-28 23:43:51,2026-07-28 23:58:51,2026-07-29 00:03:53,15,14.6,2.759,dongdaegu,1,1,True,target_available_at_arrival,available_count>0 at panel tick nearest as_of+tmap_eta,tmap_routes
PI740280,2026-07-25 13:04:41,2026-07-25 13:27:41,2026-07-25 13:34:47,23,23.1,6.214,dongdaegu,1,1,True,target_available_at_arrival,available_count>0 at panel tick nearest as_of+tmap_eta,tmap_routes
ME19C227,2026-08-07 23:43:24,2026-08-08 00:36:24,2026-08-08 00:37:04,53,53.1,26.623,dongdaegu,2,2,True,target_available_at_arrival,available_count>0 at panel tick nearest as_of+tmap_eta,tmap_routes
PW801190,2026-08-08 16:18:07,2026-08-08 17:12:07,2026-08-08 17:18:17,54,54.1,25.446,dongdaegu,4,4,True,target_available_at_arrival,available_count>0 at panel tick nearest as_of+tmap_eta,tmap_routes
KP002184,2026-08-08 04:47:19,2026-08-08 05:16:19,2026-08-08 05:17:22,29,28.6,8.977,dongdaegu,1,1,True,target_available_at_arrival,available_count>0 at panel tick nearest as_of+tmap_eta,tmap_routes
KP000237,2026-07-23 12:12:17,2026-07-23 12:36:17,2026-07-23 12:37:30,24,24.5,3.358,dongdaegu,1,1,True,target_available_at_arrival,available_count>0 at panel tick nearest as_of+tmap_eta,tmap_routes
LU002360,2026-07-27 20:25:50,2026-07-27 21:02:50,2026-07-27 21:06:03,37,37.4,13.555,dongdaegu,1,1,True,target_available_at_arrival,available_count>0 at panel tick nearest as_of+tmap_eta,tmap_routes
CV000818,2026-07-31 05:41:35,2026-07-31 06:18:35,2026-07-31 06:21:40,37,37.1,11.9,dongdaegu,1,1,True,target_available_at_arrival,available_count>0 at panel tick nearest as_of+tmap_eta,tmap_routes
PC001345,2026-08-06 19:36:53,2026-08-06 19:50:53,2026-08-06 19:56:54,14,13.8,1.875,dongdaegu,4,4,True,target_available_at_arrival,available_count>0 at panel tick nearest as_of+tmap_eta,tmap_routes
HE230047,2026-08-04 20:37:55,2026-08-04 21:30:55,2026-08-04 21:38:03,53,53.4,38.877,dongdaegu,2,2,True,target_available_at_arrival,available_count>0 at panel tick nearest as_of+tmap_eta,tmap_routes
CV004464,2026-07-27 14:34:38,2026-07-27 14:58:38,2026-07-27 15:04:42,24,23.7,8.761,dongdaegu,4,4,True,target_available_at_arrival,available_count>0 at panel tick nearest as_of+tmap_eta,tmap_routes
ME18C175,2026-07-24 00:01:27,2026-07-24 00:33:27,2026-07-24 00:36:30,32,32.1,6.519,dongdaegu,1,1,True,target_available_at_arrival,available_count>0 at panel tick nearest as_of+tmap_eta,tmap_routes
PC000330,2026-08-04 10:07:14,2026-08-04 10:21:14,2026-08-04 10:27:15,14,14.4,0.498,dongdaegu,3,3,True,target_available_at_arrival,available_count>0 at panel tick nearest as_of+tmap_eta,tmap_routes
PI740231,2026-08-06 19:56:54,2026-08-06 20:02:54,2026-08-06 20:06:55,6,5.8,0.622,dongdaegu,1,1,True,target_available_at_arrival,available_count>0 at panel tick nearest as_of+tmap_eta,tmap_routes
ME19X405,2026-07-26 15:39:01,2026-07-26 15:55:01,2026-07-26 15:59:05,16,15.6,1.87,dongdaegu,7,6,True,target_available_at_arrival,available_count>0 at panel tick nearest as_of+tmap_eta,tmap_routes
CV000902,2026-08-01 06:09:31,2026-08-01 06:47:31,2026-08-01 06:49:41,38,38.4,6.795,dongdaegu,1,1,True,target_available_at_arrival,available_count>0 at panel tick nearest as_of+tmap_eta,tmap_routes
ME18C230,2026-07-17 14:24:30,2026-07-17 15:18:30,2026-07-17 15:24:35,54,54.0,40.041,dongdaegu,2,2,True,target_available_at_arrival,available_count>0 at panel tick nearest as_of+tmap_eta,tmap_routes
CV001779,2026-07-29 16:18:57,2026-07-29 17:14:57,2026-07-29 17:19:18,56,55.6,14.536,dongdaegu,4,4,True,target_available_at_arrival,available_count>0 at panel tick nearest as_of+tmap_eta,tmap_routes
PI530277,2026-07-28 05:48:58,2026-07-28 06:25:58,2026-07-28 06:29:02,37,37.4,11.179,dongdaegu,5,5,True,target_available_at_arrival,available_count>0 at panel tick nearest as_of+tmap_eta,tmap_routes
EV005192,2026-07-27 17:35:07,2026-07-27 18:10:07,2026-07-27 18:15:14,35,34.8,9.708,dongdaegu,2,2,True,target_available_at_arrival,available_count>0 at panel tick nearest as_of+tmap_eta,tmap_routes
CV000808,2026-08-08 20:58:35,2026-08-08 21:33:35,2026-08-08 21:38:38,35,34.9,7.273,dongdaegu,1,1,True,target_available_at_arrival,available_count>0 at panel tick nearest as_of+tmap_eta,tmap_routes
CV003141,2026-08-05 20:52:23,2026-08-05 21:39:23,2026-08-05 21:42:26,47,46.7,21.256,dongdaegu,2,2,True,target_available_at_arrival,available_count>0 at panel tick nearest as_of+tmap_eta,tmap_routes
HW000508,2026-07-23 09:30:43,2026-07-23 10:00:43,2026-07-23 10:01:03,30,30.0,7.629,dongdaegu,1,1,True,target_available_at_arrival,available_count>0 at panel tick nearest as_of+tmap_eta,tmap_routes
CV003801,2026-07-25 14:04:52,2026-07-25 14:41:52,2026-07-25 14:44:59,37,36.6,12.36,dongdaegu,1,1,True,target_available_at_arrival,available_count>0 at panel tick nearest as_of+tmap_eta,tmap_routes
PI740524,2026-07-31 08:12:11,2026-07-31 08:26:11,2026-07-31 08:32:22,14,14.4,2.794,dongdaegu,4,4,True,target_available_at_arrival,available_count>0 at panel tick nearest as_of+tmap_eta,tmap_routes
NT101504,2026-07-30 22:18:02,2026-07-30 22:43:02,2026-07-30 22:48:07,25,24.7,9.04,dongdaegu,1,1,True,target_available_at_arrival,available_count>0 at panel tick nearest as_of+tmap_eta,tmap_routes
CV003560,2026-08-03 13:32:42,2026-08-03 14:28:42,2026-08-03 14:32:47,56,55.9,32.014,dongdaegu,1,1,True,target_available_at_arrival,available_count>0 at panel tick nearest as_of+tmap_eta,tmap_routes
CV004104,2026-08-04 13:57:30,2026-08-04 14:16:30,2026-08-04 14:17:31,19,19.3,7.318,dongdaegu,15,15,True,target_available_at_arrival,available_count>0 at panel tick nearest as_of+tmap_eta,tmap_routes
JA270005,2026-08-08 20:38:34,2026-08-08 20:58:34,2026-08-08 20:58:35,20,20.5,6.034,dongdaegu,19,18,True,target_available_at_arrival,available_count>0 at panel tick nearest as_of+tmap_eta,tmap_routes
LU002365,2026-08-06 01:55:45,2026-08-06 02:25:45,2026-08-06 02:25:46,30,30.5,8.144,dongdaegu,1,1,True,target_available_at_arrival,available_count>0 at panel tick nearest as_of+tmap_eta,tmap_routes
PI730096,2026-08-05 21:42:26,2026-08-05 22:37:26,2026-08-05 22:42:29,55,55.4,30.015,dongdaegu,1,1,True,target_available_at_arrival,available_count>0 at panel tick nearest as_of+tmap_eta,tmap_routes
PW012357,2026-08-01 15:21:33,2026-08-01 15:54:33,2026-08-01 16:01:38,33,33.0,11.743,dongdaegu,1,1,True,target_available_at_arrival,available_count>0 at panel tick nearest as_of+tmap_eta,tmap_routes
KP005873,2026-07-27 15:54:52,2026-07-27 16:19:52,2026-07-27 16:24:55,25,24.6,5.454,dongdaegu,1,1,True,target_available_at_arrival,available_count>0 at panel tick nearest as_of+tmap_eta,tmap_routes
EV003741,2026-08-02 11:47:49,2026-08-02 12:17:49,2026-08-02 12:17:53,30,29.6,8.772,dongdaegu,1,1,True,target_available_at_arrival,available_count>0 at panel tick nearest as_of+tmap_eta,tmap_routes
ME22D254,2026-08-06 05:55:54,2026-08-06 06:41:54,2026-08-06 06:45:56,46,46.2,13.899,dongdaegu,1,2,True,target_available_at_arrival,available_count>0 at panel tick nearest as_of+tmap_eta,tmap_routes
DC530016,2026-08-03 01:21:57,2026-08-03 02:07:57,2026-08-03 02:11:59,46,46.0,9.407,dongdaegu,1,1,True,target_available_at_arrival,available_count>0 at panel tick nearest as_of+tmap_eta,tmap_routes
PI530297,2026-07-26 06:57:39,2026-07-26 07:10:39,2026-07-26 07:17:41,13,13.1,5.211,dongdaegu,1,1,True,target_available_at_arrival,available_count>0 at panel tick nearest as_of+tmap_eta,tmap_routes
CV003258,2026-07-28 20:53:22,2026-07-28 21:47:22,2026-07-28 21:53:32,54,53.9,40.599,dongdaegu,4,4,True,target_available_at_arrival,available_count>0 at panel tick nearest as_of+tmap_eta,tmap_routes
CV002144,2026-08-08 12:57:53,2026-08-08 13:42:53,2026-08-08 13:47:56,45,44.6,9.399,dongdaegu,2,2,True,target_available_at_arrival,available_count>0 at panel tick nearest as_of+tmap_eta,tmap_routes
PIS00556,2026-07-28 17:22:32,2026-07-28 17:49:32,2026-07-28 17:52:36,27,27.3,6.618,dongdaegu,1,2,True,target_available_at_arrival,available_count>0 at panel tick nearest as_of+tmap_eta,tmap_routes
LU003147,2026-08-02 07:27:06,2026-08-02 07:47:06,2026-08-02 07:47:08,20,20.1,6.413,dongdaegu,3,3,True,target_available_at_arrival,available_count>0 at panel tick nearest as_of+tmap_eta,tmap_routes
KE001333,2026-07-26 02:27:02,2026-07-26 02:53:02,2026-07-26 02:57:05,26,25.9,7.435,dongdaegu,1,1,True,target_available_at_arrival,available_count>0 at panel tick nearest as_of+tmap_eta,tmap_routes
CV000560,2026-08-03 13:52:45,2026-08-03 14:07:45,2026-08-03 14:12:46,15,14.9,3.632,dongdaegu,2,2,True,target_available_at_arrival,available_count>0 at panel tick nearest as_of+tmap_eta,tmap_routes
PC000330,2026-08-04 05:06:55,2026-08-04 05:20:55,2026-08-04 05:26:56,14,14.4,0.498,dongdaegu,4,4,True,target_available_at_arrival,available_count>0 at panel tick nearest as_of+tmap_eta,tmap_routes
CV003124,2026-07-23 05:33:50,2026-07-23 05:42:50,2026-07-23 05:43:54,9,8.6,0.993,dongdaegu,2,2,True,target_available_at_arrival,available_count>0 at panel tick nearest as_of+tmap_eta,tmap_routes
PC001576,2026-08-08 23:18:49,2026-08-09 00:07:49,2026-08-09 00:08:50,49,49.2,14.77,dongdaegu,4,3,True,target_available_at_arrival,available_count>0 at panel tick nearest as_of+tmap_eta,tmap_routes
PI740349,2026-07-29 15:58:52,2026-07-29 16:48:52,2026-07-29 16:49:07,50,50.5,27.821,dongdaegu,2,2,True,target_available_at_arrival,available_count>0 at panel tick nearest as_of+tmap_eta,tmap_routes
ST600274,2026-08-04 02:26:49,2026-08-04 03:01:49,2026-08-04 03:06:51,35,35.3,17.509,dongdaegu,1,1,True,target_available_at_arrival,available_count>0 at panel tick nearest as_of+tmap_eta,tmap_routes
CV004086,2026-08-07 07:01:35,2026-08-07 07:37:35,2026-08-07 07:41:39,36,35.9,8.3,dongdaegu,10,10,True,target_available_at_arrival,available_count>0 at panel tick nearest as_of+tmap_eta,tmap_routes
PI800355,2026-07-23 12:17:18,2026-07-23 13:15:18,2026-07-23 13:17:43,58,57.5,42.32,dongdaegu,2,1,True,target_available_at_arrival,available_count>0 at panel tick nearest as_of+tmap_eta,tmap_routes
CV000539,2026-07-27 08:53:30,2026-07-27 09:18:30,2026-07-27 09:23:34,25,25.2,7.511,dongdaegu,1,1,True,target_available_at_arrival,available_count>0 at panel tick nearest as_of+tmap_eta,tmap_routes
LU003651,2026-07-31 13:43:01,2026-07-31 14:40:01,2026-07-31 14:43:11,57,57.2,26.562,dongdaegu,3,3,True,target_available_at_arrival,available_count>0 at panel tick nearest as_of+tmap_eta,tmap_routes
CV003093,2026-08-08 09:47:38,2026-08-08 10:25:38,2026-08-08 10:27:43,38,37.6,9.123,dongdaegu,1,1,True,target_available_at_arrival,available_count>0 at panel tick nearest as_of+tmap_eta,tmap_routes
CV001706,2026-07-17 17:39:44,2026-07-17 18:34:44,2026-07-17 18:39:47,55,54.8,26.617,dongdaegu,1,2,True,target_available_at_arrival,available_count>0 at panel tick nearest as_of+tmap_eta,tmap_routes
CV001223,2026-08-08 07:07:27,2026-08-08 07:32:27,2026-08-08 07:37:28,25,24.8,7.045,dongdaegu,2,2,True,target_available_at_arrival,available_count>0 at panel tick nearest as_of+tmap_eta,tmap_routes
PI740229,2026-07-30 17:57:08,2026-07-30 18:03:08,2026-07-30 18:07:09,6,5.5,0.716,dongdaegu,1,1,True,target_available_at_arrival,available_count>0 at panel tick nearest as_of+tmap_eta,tmap_routes
ME22C252,2026-07-31 16:24:46,2026-07-31 16:52:46,2026-07-31 16:54:53,28,28.4,5.748,dongdaegu,1,2,True,target_available_at_arrival,available_count>0 at panel tick nearest as_of+tmap_eta,tmap_routes
PIS00599,2026-08-02 06:36:58,2026-08-02 07:12:58,2026-08-02 07:17:02,36,35.7,12.543,dongdaegu,12,14,True,target_available_at_arrival,available_count>0 at panel tick nearest as_of+tmap_eta,tmap_routes
RE000154,2026-07-27 03:02:30,2026-07-27 03:26:30,2026-07-27 03:32:32,24,24.5,8.606,dongdaegu,2,2,True,target_available_at_arrival,available_count>0 at panel tick nearest as_of+tmap_eta,tmap_routes
CV001564,2026-07-23 01:22:46,2026-07-23 01:55:46,2026-07-23 01:57:57,33,32.9,9.561,dongdaegu,1,1,True,target_available_at_arrival,available_count>0 at panel tick nearest as_of+tmap_eta,tmap_routes
JA270004,2026-08-03 07:32:15,2026-08-03 08:05:15,2026-08-03 08:12:19,33,32.8,10.493,dongdaegu,10,8,True,target_available_at_arrival,available_count>0 at panel tick nearest as_of+tmap_eta,tmap_routes
NX000019,2026-07-31 15:23:21,2026-07-31 15:48:21,2026-07-31 15:54:39,25,25.0,5.726,dongdaegu,1,1,True,target_available_at_arrival,available_count>0 at panel tick nearest as_of+tmap_eta,tmap_routes
ME21B301,2026-07-27 01:32:22,2026-07-27 02:07:22,2026-07-27 02:12:25,35,34.6,12.022,dongdaegu,2,2,True,target_available_at_arrival,available_count>0 at panel tick nearest as_of+tmap_eta,tmap_routes
ME19C404,2026-08-05 11:11:35,2026-08-05 11:36:35,2026-08-05 11:41:39,25,25.1,5.074,dongdaegu,4,3,True,target_available_at_arrival,available_count>0 at panel tick nearest as_of+tmap_eta,tmap_routes
ST277109,2026-08-07 06:11:32,2026-08-07 06:47:32,2026-08-07 06:51:34,36,35.6,12.799,dongdaegu,2,2,True,target_available_at_arrival,available_count>0 at panel tick nearest as_of+tmap_eta,tmap_routes
PIH02046,2026-07-30 18:17:11,2026-07-30 18:44:11,2026-07-30 18:47:28,27,27.3,9.361,dongdaegu,1,1,True,target_available_at_arrival,available_count>0 at panel tick nearest as_of+tmap_eta,tmap_routes
EV013752,2026-08-08 01:27:06,2026-08-08 01:41:06,2026-08-08 01:47:06,14,14.4,2.436,dongdaegu,1,1,True,target_available_at_arrival,available_count>0 at panel tick nearest as_of+tmap_eta,tmap_routes
ST601337,2026-08-02 14:18:17,2026-08-02 14:37:17,2026-08-02 14:38:23,19,18.7,4.492,dongdaegu,9,9,True,target_available_at_arrival,available_count>0 at panel tick nearest as_of+tmap_eta,tmap_routes
CV000195,2026-07-28 23:53:52,2026-07-29 00:23:52,2026-07-29 00:26:12,30,29.9,9.211,dongdaegu,1,1,True,target_available_at_arrival,available_count>0 at panel tick nearest as_of+tmap_eta,tmap_routes
CV002393,2026-07-23 11:36:58,2026-07-23 12:10:58,2026-07-23 12:12:17,34,33.7,13.337,dongdaegu,2,2,True,target_available_at_arrival,available_count>0 at panel tick nearest as_of+tmap_eta,tmap_routes
EV004924,2026-07-28 17:42:34,2026-07-28 18:29:34,2026-07-28 18:32:58,47,46.7,9.487,dongdaegu,2,2,True,target_available_at_arrival,available_count>0 at panel tick nearest as_of+tmap_eta,tmap_routes
CV004699,2026-08-05 15:41:55,2026-08-05 15:57:55,2026-08-05 16:01:56,16,15.8,4.103,dongdaegu,6,6,True,target_available_at_arrival,available_count>0 at panel tick nearest as_of+tmap_eta,tmap_routes
DC530014,2026-07-23 01:52:56,2026-07-23 02:18:56,2026-07-23 02:23:04,26,25.7,4.392,dongdaegu,8,8,True,target_available_at_arrival,available_count>0 at panel tick nearest as_of+tmap_eta,tmap_routes
SF002258,2026-08-04 08:57:08,2026-08-04 09:13:08,2026-08-04 09:17:10,16,15.8,2.742,dongdaegu,1,1,True,target_available_at_arrival,available_count>0 at panel tick nearest as_of+tmap_eta,tmap_routes
CV004326,2026-08-05 02:51:04,2026-08-05 03:38:04,2026-08-05 03:41:05,47,47.1,21.479,dongdaegu,2,2,True,target_available_at_arrival,available_count>0 at panel tick nearest as_of+tmap_eta,tmap_routes
CV003041,2026-07-26 23:20:05,2026-07-26 23:44:05,2026-07-26 23:50:07,24,24.3,7.564,dongdaegu,8,8,True,target_available_at_arrival,available_count>0 at panel tick nearest as_of+tmap_eta,tmap_routes
CV004296,2026-08-04 06:16:58,2026-08-04 06:49:58,2026-08-04 06:57:00,33,32.6,16.54,dongdaegu,1,1,True,target_available_at_arrival,available_count>0 at panel tick nearest as_of+tmap_eta,tmap_routes
CV003104,2026-08-07 14:22:16,2026-08-07 15:02:16,2026-08-07 15:02:19,40,40.1,9.697,dongdaegu,2,2,True,target_available_at_arrival,available_count>0 at panel tick nearest as_of+tmap_eta,tmap_routes
DYME2012,2026-08-04 06:16:58,2026-08-04 06:52:58,2026-08-04 06:57:00,36,36.5,7.491,dongdaegu,1,1,True,target_available_at_arrival,available_count>0 at panel tick nearest as_of+tmap_eta,tmap_routes
BNBN0721,2026-07-29 22:40:18,2026-07-29 23:05:18,2026-07-29 23:10:22,25,25.2,6.457,dongdaegu,1,1,True,target_available_at_arrival,available_count>0 at panel tick nearest as_of+tmap_eta,tmap_routes
TDP00010,2026-07-31 05:11:24,2026-07-31 05:29:24,2026-07-31 05:31:34,18,17.7,2.955,dongdaegu,15,15,True,target_available_at_arrival,available_count>0 at panel tick nearest as_of+tmap_eta,tmap_routes
KL002465,2026-07-24 04:07:53,2026-07-24 04:39:53,2026-07-24 04:43:05,32,31.9,8.764,dongdaegu,7,8,True,target_available_at_arrival,available_count>0 at panel tick nearest as_of+tmap_eta,tmap_routes
PC001513,2026-07-26 08:48:03,2026-07-26 09:05:03,2026-07-26 09:08:05,17,16.9,2.629,dongdaegu,5,5,True,target_available_at_arrival,available_count>0 at panel tick nearest as_of+tmap_eta,tmap_routes
EV005065,2026-07-24 19:19:10,2026-07-24 19:42:10,2026-07-24 19:49:15,23,22.7,6.241,dongdaegu,1,1,True,target_available_at_arrival,available_count>0 at panel tick nearest as_of+tmap_eta,tmap_routes
CV003461,2026-08-03 06:42:12,2026-08-03 07:11:12,2026-08-03 07:12:14,29,28.9,8.566,dongdaegu,2,2,True,target_available_at_arrival,available_count>0 at panel tick nearest as_of+tmap_eta,tmap_routes
PIS00555,2026-07-28 12:00:20,2026-07-28 12:18:20,2026-07-28 12:20:36,18,17.9,1.225,dongdaegu,1,1,True,target_available_at_arrival,available_count>0 at panel tick nearest as_of+tmap_eta,tmap_routes
PIS00598,2026-08-01 18:52:17,2026-08-01 19:26:17,2026-08-01 19:32:23,34,34.3,11.532,dongdaegu,14,13,True,target_available_at_arrival,available_count>0 at panel tick nearest as_of+tmap_eta,tmap_routes
CU530001,2026-08-08 12:37:52,2026-08-08 13:11:52,2026-08-08 13:17:54,34,33.8,11.393,dongdaegu,1,1,True,target_available_at_arrival,available_count>0 at panel tick nearest as_of+tmap_eta,tmap_routes
PC000132,2026-07-23 10:26:09,2026-07-23 10:46:09,2026-07-23 10:46:30,20,20.3,6.481,dongdaegu,1,2,True,target_available_at_arrival,available_count>0 at panel tick nearest as_of+tmap_eta,tmap_routes
CV001767,2026-08-04 22:28:05,2026-08-04 23:03:05,2026-08-04 23:08:07,35,35.3,7.264,dongdaegu,1,3,True,target_available_at_arrival,available_count>0 at panel tick nearest as_of+tmap_eta,tmap_routes
CV003117,2026-08-06 16:56:40,2026-08-06 17:45:40,2026-08-06 17:46:45,49,48.7,17.255,dongdaegu,1,0,False,target_available_at_arrival,available_count>0 at panel tick nearest as_of+tmap_eta,tmap_routes
ME21B262,2026-07-28 00:38:20,2026-07-28 01:31:20,2026-07-28 01:38:26,53,52.9,43.182,dongdaegu,2,2,True,target_available_at_arrival,available_count>0 at panel tick nearest as_of+tmap_eta,tmap_routes
CV003452,2026-08-01 09:20:08,2026-08-01 09:47:08,2026-08-01 09:50:16,27,27.4,5.606,dongdaegu,1,1,True,target_available_at_arrival,available_count>0 at panel tick nearest as_of+tmap_eta,tmap_routes
CU530007,2026-08-05 07:41:17,2026-08-05 08:07:17,2026-08-05 08:11:19,26,25.5,9.004,dongdaegu,9,9,True,target_available_at_arrival,available_count>0 at panel tick nearest as_of+tmap_eta,tmap_routes
CV002372,2026-08-01 08:19:55,2026-08-01 08:48:55,2026-08-01 08:50:02,29,29.2,8.209,dongdaegu,1,1,True,target_available_at_arrival,available_count>0 at panel tick nearest as_of+tmap_eta,tmap_routes
LU003223,2026-07-29 21:20:05,2026-07-29 21:34:05,2026-07-29 21:40:08,14,13.5,2.302,dongdaegu,2,2,True,target_available_at_arrival,available_count>0 at panel tick nearest as_of+tmap_eta,tmap_routes
PW015051,2026-07-27 00:52:18,2026-07-27 01:07:18,2026-07-27 01:12:20,15,14.8,2.673,dongdaegu,1,1,True,target_available_at_arrival,available_count>0 at panel tick nearest as_of+tmap_eta,tmap_routes
HM710014,2026-07-31 21:55:58,2026-07-31 22:32:58,2026-07-31 22:36:07,37,37.1,6.887,dongdaegu,3,3,True,target_available_at_arrival,available_count>0 at panel tick nearest as_of+tmap_eta,tmap_routes
HE240383,2026-07-28 00:28:19,2026-07-28 01:31:19,2026-07-28 01:38:26,63,62.8,24.74,dongdaegu,4,4,True,target_available_at_arrival,available_count>0 at panel tick nearest as_of+tmap_eta,tmap_routes
KL001763,2026-08-08 14:58:03,2026-08-08 15:45:03,2026-08-08 15:48:05,47,47.2,19.423,dongdaegu,1,1,True,target_available_at_arrival,available_count>0 at panel tick nearest as_of+tmap_eta,tmap_routes
PW000293,2026-08-06 20:57:05,2026-08-06 21:12:05,2026-08-06 21:17:09,15,14.7,1.056,dongdaegu,2,2,True,target_available_at_arrival,available_count>0 at panel tick nearest as_of+tmap_eta,tmap_routes
ME19X413,2026-07-25 22:54:49,2026-07-25 23:28:49,2026-07-25 23:34:55,34,34.4,11.991,dongdaegu,5,5,True,target_available_at_arrival,available_count>0 at panel tick nearest as_of+tmap_eta,tmap_routes
VTE00004,2026-07-25 22:54:49,2026-07-25 23:11:49,2026-07-25 23:14:51,17,16.6,2.011,dongdaegu,1,1,True,target_available_at_arrival,available_count>0 at panel tick nearest as_of+tmap_eta,tmap_routes
KP005266,2026-07-27 20:15:49,2026-07-27 20:31:49,2026-07-27 20:35:51,16,16.3,3.409,dongdaegu,1,1,True,target_available_at_arrival,available_count>0 at panel tick nearest as_of+tmap_eta,tmap_routes
ST600335,2026-08-03 18:43:49,2026-08-03 18:49:49,2026-08-03 18:53:50,6,6.3,0.045,dongdaegu,2,2,True,target_available_at_arrival,available_count>0 at panel tick nearest as_of+tmap_eta,tmap_routes
CV003445,2026-08-02 21:39:23,2026-08-02 21:55:23,2026-08-02 21:59:26,16,16.4,3.24,dongdaegu,3,3,True,target_available_at_arrival,available_count>0 at panel tick nearest as_of+tmap_eta,tmap_routes
L3004610,2026-08-06 09:06:09,2026-08-06 09:34:09,2026-08-06 09:36:10,28,27.6,6.755,dongdaegu,1,1,True,target_available_at_arrival,available_count>0 at panel tick nearest as_of+tmap_eta,tmap_routes
CV003076,2026-08-09 03:33:08,2026-08-09 04:01:08,2026-08-09 04:03:09,28,27.8,6.202,dongdaegu,1,1,True,target_available_at_arrival,available_count>0 at panel tick nearest as_of+tmap_eta,tmap_routes
PI750081,2026-07-23 12:27:28,2026-07-23 13:10:28,2026-07-23 13:12:42,43,43.2,12.902,dongdaegu,1,1,True,target_available_at_arrival,available_count>0 at panel tick nearest as_of+tmap_eta,tmap_routes
CV003119,2026-08-03 17:43:45,2026-08-03 18:21:45,2026-08-03 18:23:48,38,37.5,7.142,dongdaegu,4,4,True,target_available_at_arrival,available_count>0 at panel tick nearest as_of+tmap_eta,tmap_routes
CV003072,2026-07-21 11:11:21,2026-07-21 11:29:21,2026-07-21 11:31:23,18,17.8,3.667,dongdaegu,1,1,True,target_available_at_arrival,available_count>0 at panel tick nearest as_of+tmap_eta,tmap_routes
CV000506,2026-07-26 20:49:44,2026-07-26 20:58:44,2026-07-26 20:59:45,9,9.0,2.041,dongdaegu,1,1,True,target_available_at_arrival,available_count>0 at panel tick nearest as_of+tmap_eta,tmap_routes
PI530294,2026-07-24 11:27:30,2026-07-24 11:42:30,2026-07-24 11:47:36,15,14.9,2.628,dongdaegu,1,1,True,target_available_at_arrival,available_count>0 at panel tick nearest as_of+tmap_eta,tmap_routes
PI530275,2026-08-06 06:05:54,2026-08-06 06:29:54,2026-08-06 06:35:55,24,24.2,7.702,dongdaegu,4,4,True,target_available_at_arrival,available_count>0 at panel tick nearest as_of+tmap_eta,tmap_routes
ME25C428,2026-07-28 00:48:21,2026-07-28 01:07:21,2026-07-28 01:08:23,19,18.8,3.899,dongdaegu,4,4,True,target_available_at_arrival,available_count>0 at panel tick nearest as_of+tmap_eta,tmap_routes
NT100656,2026-08-05 15:21:54,2026-08-05 15:37:54,2026-08-05 15:41:55,16,16.0,1.994,dongdaegu,1,1,True,target_available_at_arrival,available_count>0 at panel tick nearest as_of+tmap_eta,tmap_routes
LU100968,2026-07-22 14:30:11,2026-07-22 14:43:11,2026-07-22 14:50:17,13,12.8,0.497,dongdaegu,2,2,True,target_available_at_arrival,available_count>0 at panel tick nearest as_of+tmap_eta,tmap_routes
CV003065,2026-07-30 21:17:54,2026-07-30 21:47:54,2026-07-30 21:47:58,30,29.5,12.376,dongdaegu,2,2,True,target_available_at_arrival,available_count>0 at panel tick nearest as_of+tmap_eta,tmap_routes
PI721980,2026-08-01 12:50:59,2026-08-01 13:05:59,2026-08-01 13:11:02,15,14.7,3.613,dongdaegu,3,3,True,target_available_at_arrival,available_count>0 at panel tick nearest as_of+tmap_eta,tmap_routes
IN053010,2026-08-05 21:02:23,2026-08-05 21:25:23,2026-08-05 21:32:25,23,22.9,5.478,dongdaegu,4,4,True,target_available_at_arrival,available_count>0 at panel tick nearest as_of+tmap_eta,tmap_routes
ME183070,2026-07-23 14:38:02,2026-07-23 15:27:02,2026-07-23 15:28:28,49,49.1,29.79,dongdaegu,1,1,True,target_available_at_arrival,available_count>0 at panel tick nearest as_of+tmap_eta,tmap_routes
PC001345,2026-07-25 09:23:56,2026-07-25 09:37:56,2026-07-25 09:44:02,14,13.8,1.875,dongdaegu,2,2,True,target_available_at_arrival,available_count>0 at panel tick nearest as_of+tmap_eta,tmap_routes
ME20C187,2026-08-06 21:07:07,2026-08-06 22:02:07,2026-08-06 22:07:15,55,54.6,26.572,dongdaegu,1,1,True,target_available_at_arrival,available_count>0 at panel tick nearest as_of+tmap_eta,tmap_routes
PW801141,2026-08-08 16:18:07,2026-08-08 16:28:07,2026-08-08 16:28:08,10,10.1,0.9,dongdaegu,1,1,True,target_available_at_arrival,available_count>0 at panel tick nearest as_of+tmap_eta,tmap_routes
KL002703,2026-08-02 01:56:15,2026-08-02 02:23:15,2026-08-02 02:26:19,27,27.1,9.036,dongdaegu,1,1,True,target_available_at_arrival,available_count>0 at panel tick nearest as_of+tmap_eta,tmap_routes
CV002302,2026-07-23 14:02:53,2026-07-23 14:32:53,2026-07-23 14:33:01,30,29.7,11.329,dongdaegu,2,2,True,target_available_at_arrival,available_count>0 at panel tick nearest as_of+tmap_eta,tmap_routes
ME25C171,2026-07-30 23:28:11,2026-07-30 23:45:11,2026-07-30 23:48:13,17,16.6,2.432,dongdaegu,1,1,True,target_available_at_arrival,available_count>0 at panel tick nearest as_of+tmap_eta,tmap_routes
CV000146,2026-08-04 14:37:32,2026-08-04 14:57:32,2026-08-04 14:57:33,20,19.5,3.384,dongdaegu,2,2,True,target_available_at_arrival,available_count>0 at panel tick nearest as_of+tmap_eta,tmap_routes
PC001965,2026-07-23 06:03:57,2026-07-23 06:17:57,2026-07-23 06:19:01,14,14.5,2.68,dongdaegu,2,2,True,target_available_at_arrival,available_count>0 at panel tick nearest as_of+tmap_eta,tmap_routes
CV003042,2026-07-31 05:51:37,2026-07-31 06:27:37,2026-07-31 06:31:41,36,35.9,8.808,dongdaegu,2,2,True,target_available_at_arrival,available_count>0 at panel tick nearest as_of+tmap_eta,tmap_routes
CV001555,2026-07-23 13:22:44,2026-07-23 14:12:44,2026-07-23 14:12:55,50,49.7,14.36,dongdaegu,4,4,True,target_available_at_arrival,available_count>0 at panel tick nearest as_of+tmap_eta,tmap_routes
CV003445,2026-07-22 08:49:08,2026-07-22 09:05:08,2026-07-22 09:09:11,16,16.4,3.24,dongdaegu,1,1,True,target_available_at_arrival,available_count>0 at panel tick nearest as_of+tmap_eta,tmap_routes
HW000497,2026-08-03 07:02:13,2026-08-03 07:26:13,2026-08-03 07:32:15,24,24.1,4.737,dongdaegu,2,2,True,target_available_at_arrival,available_count>0 at panel tick nearest as_of+tmap_eta,tmap_routes
HW000610,2026-08-05 21:42:26,2026-08-05 22:16:26,2026-08-05 22:22:28,34,34.3,9.051,dongdaegu,2,2,True,target_available_at_arrival,available_count>0 at panel tick nearest as_of+tmap_eta,tmap_routes
ME21A903,2026-08-02 06:36:58,2026-08-02 07:34:58,2026-08-02 07:37:07,58,57.6,24.021,dongdaegu,4,4,True,target_available_at_arrival,available_count>0 at panel tick nearest as_of+tmap_eta,tmap_routes
NT101295,2026-08-06 02:05:45,2026-08-06 02:22:45,2026-08-06 02:25:46,17,17.2,6.908,dongdaegu,1,1,True,target_available_at_arrival,available_count>0 at panel tick nearest as_of+tmap_eta,tmap_routes
PI740722,2026-07-28 08:49:35,2026-07-28 09:05:35,2026-07-28 09:09:38,16,16.4,2.83,dongdaegu,2,2,True,target_available_at_arrival,available_count>0 at panel tick nearest as_of+tmap_eta,tmap_routes
CV004336,2026-07-26 13:18:42,2026-07-26 13:58:42,2026-07-26 13:58:46,40,40.0,13.158,dongdaegu,1,1,True,target_available_at_arrival,available_count>0 at panel tick nearest as_of+tmap_eta,tmap_routes
SF002643,2026-08-09 06:53:19,2026-08-09 07:16:19,2026-08-09 07:23:21,23,23.0,5.063,dongdaegu,7,7,True,target_available_at_arrival,available_count>0 at panel tick nearest as_of+tmap_eta,tmap_routes
PI530284,2026-07-26 18:19:23,2026-07-26 19:16:23,2026-07-26 19:19:31,57,57.4,25.643,dongdaegu,3,3,True,target_available_at_arrival,available_count>0 at panel tick nearest as_of+tmap_eta,tmap_routes
ME22D254,2026-08-06 15:36:35,2026-08-06 16:22:35,2026-08-06 16:26:38,46,46.2,13.899,dongdaegu,2,2,True,target_available_at_arrival,available_count>0 at panel tick nearest as_of+tmap_eta,tmap_routes
PW014386,2026-07-30 21:27:55,2026-07-30 22:03:55,2026-07-30 22:08:00,36,36.5,13.227,dongdaegu,2,2,True,target_available_at_arrival,available_count>0 at panel tick nearest as_of+tmap_eta,tmap_routes
ST601097,2026-08-05 03:21:05,2026-08-05 03:47:05,2026-08-05 03:51:06,26,25.5,5.493,dongdaegu,2,2,True,target_available_at_arrival,available_count>0 at panel tick nearest as_of+tmap_eta,tmap_routes
PI740262,2026-07-27 08:43:28,2026-07-27 09:26:28,2026-07-27 09:33:36,43,42.8,15.204,dongdaegu,1,1,True,target_available_at_arrival,available_count>0 at panel tick nearest as_of+tmap_eta,tmap_routes
EV005962,2026-08-03 21:13:58,2026-08-03 21:58:58,2026-08-03 22:04:03,45,45.3,15.129,dongdaegu,2,2,True,target_available_at_arrival,available_count>0 at panel tick nearest as_of+tmap_eta,tmap_routes
CV003237,2026-08-08 11:47:49,2026-08-08 12:14:49,2026-08-08 12:17:51,27,27.1,8.007,dongdaegu,1,1,True,target_available_at_arrival,available_count>0 at panel tick nearest as_of+tmap_eta,tmap_routes
KE000385,2026-07-28 11:30:08,2026-07-28 11:57:08,2026-07-28 12:00:20,27,27.1,10.449,dongdaegu,1,1,True,target_available_at_arrival,available_count>0 at panel tick nearest as_of+tmap_eta,tmap_routes
PI753881,2026-08-07 23:03:22,2026-08-07 23:21:22,2026-08-07 23:23:23,18,18.1,5.485,dongdaegu,3,3,True,target_available_at_arrival,available_count>0 at panel tick nearest as_of+tmap_eta,tmap_routes
ME183144,2026-07-23 03:03:11,2026-07-23 03:59:11,2026-07-23 04:03:26,56,56.2,27.909,dongdaegu,3,3,True,target_available_at_arrival,available_count>0 at panel tick nearest as_of+tmap_eta,tmap_routes
KP004512,2026-07-30 03:43:21,2026-07-30 04:36:21,2026-07-30 04:43:35,53,52.8,33.739,dongdaegu,1,1,True,target_available_at_arrival,available_count>0 at panel tick nearest as_of+tmap_eta,tmap_routes
AZ100020,2026-08-05 21:52:26,2026-08-05 22:05:26,2026-08-05 22:12:27,13,13.0,1.321,dongdaegu,3,3,True,target_available_at_arrival,available_count>0 at panel tick nearest as_of+tmap_eta,tmap_routes
PI740149,2026-07-29 03:56:39,2026-07-29 04:14:39,2026-07-29 04:16:41,18,17.5,3.784,dongdaegu,1,1,True,target_available_at_arrival,available_count>0 at panel tick nearest as_of+tmap_eta,tmap_routes
EV007655,2026-07-23 08:24:51,2026-07-23 08:53:51,2026-07-23 08:55:20,29,29.4,8.407,dongdaegu,2,2,True,target_available_at_arrival,available_count>0 at panel tick nearest as_of+tmap_eta,tmap_routes
SF002932,2026-07-21 14:32:07,2026-07-21 14:48:07,2026-07-21 14:52:19,16,16.3,3.712,dongdaegu,1,1,True,target_available_at_arrival,available_count>0 at panel tick nearest as_of+tmap_eta,tmap_routes
CV000149,2026-08-08 12:57:53,2026-08-08 13:34:53,2026-08-08 13:37:55,37,36.7,13.425,dongdaegu,1,1,True,target_available_at_arrival,available_count>0 at panel tick nearest as_of+tmap_eta,tmap_routes
PI740250,2026-08-06 21:37:13,2026-08-06 22:01:13,2026-08-06 22:07:15,24,23.5,5.437,dongdaegu,1,1,True,target_available_at_arrival,available_count>0 at panel tick nearest as_of+tmap_eta,tmap_routes
EO000079,2026-07-30 19:27:34,2026-07-30 19:44:34,2026-07-30 19:47:37,17,17.4,3.431,dongdaegu,2,2,True,target_available_at_arrival,available_count>0 at panel tick nearest as_of+tmap_eta,tmap_routes
HE230028,2026-07-27 06:53:01,2026-07-27 07:20:01,2026-07-27 07:23:12,27,27.1,5.998,dongdaegu,2,2,True,target_available_at_arrival,available_count>0 at panel tick nearest as_of+tmap_eta,tmap_routes
ME20C182,2026-08-08 18:08:22,2026-08-08 18:37:22,2026-08-08 18:38:25,29,28.9,5.93,dongdaegu,1,1,True,target_available_at_arrival,available_count>0 at panel tick nearest as_of+tmap_eta,tmap_routes
CV001646,2026-08-03 04:42:06,2026-08-03 05:10:06,2026-08-03 05:12:07,28,28.5,6.755,dongdaegu,2,2,True,target_available_at_arrival,available_count>0 at panel tick nearest as_of+tmap_eta,tmap_routes
SF001110,2026-07-28 22:53:42,2026-07-28 23:17:42,2026-07-28 23:23:48,24,24.3,4.267,dongdaegu,1,1,True,target_available_at_arrival,available_count>0 at panel tick nearest as_of+tmap_eta,tmap_routes
CV003786,2026-08-05 16:21:57,2026-08-05 16:45:57,2026-08-05 16:51:59,24,23.6,4.545,dongdaegu,11,11,True,target_available_at_arrival,available_count>0 at panel tick nearest as_of+tmap_eta,tmap_routes
ME23B113,2026-07-29 21:20:05,2026-07-29 22:14:05,2026-07-29 22:20:16,54,54.4,40.695,dongdaegu,1,1,True,target_available_at_arrival,available_count>0 at panel tick nearest as_of+tmap_eta,tmap_routes
KL002550,2026-08-04 12:17:25,2026-08-04 12:45:25,2026-08-04 12:47:26,28,28.0,9.113,dongdaegu,4,4,True,target_available_at_arrival,available_count>0 at panel tick nearest as_of+tmap_eta,tmap_routes
IN053043,2026-08-01 07:39:49,2026-08-01 08:05:49,2026-08-01 08:09:54,26,26.2,7.385,dongdaegu,1,2,True,target_available_at_arrival,available_count>0 at panel tick nearest as_of+tmap_eta,tmap_routes
ME22C252,2026-07-24 12:37:46,2026-07-24 13:05:46,2026-07-24 13:07:49,28,28.4,5.748,dongdaegu,1,1,True,target_available_at_arrival,available_count>0 at panel tick nearest as_of+tmap_eta,tmap_routes
EV006185,2026-07-23 09:56:02,2026-07-23 10:27:02,2026-07-23 10:31:10,31,30.9,9.33,dongdaegu,2,2,True,target_available_at_arrival,available_count>0 at panel tick nearest as_of+tmap_eta,tmap_routes
EV005349,2026-07-27 02:52:29,2026-07-27 03:31:29,2026-07-27 03:32:32,39,39.3,12.559,dongdaegu,1,1,True,target_available_at_arrival,available_count>0 at panel tick nearest as_of+tmap_eta,tmap_routes
CV003134,2026-07-23 13:37:48,2026-07-23 13:55:48,2026-07-23 13:57:52,18,18.1,3.658,dongdaegu,1,1,True,target_available_at_arrival,available_count>0 at panel tick nearest as_of+tmap_eta,tmap_routes
CV001885,2026-08-04 21:07:59,2026-08-04 21:47:59,2026-08-04 21:48:03,40,39.5,13.367,dongdaegu,3,4,True,target_available_at_arrival,available_count>0 at panel tick nearest as_of+tmap_eta,tmap_routes
PI067893,2026-07-28 15:31:41,2026-07-28 15:46:41,2026-07-28 15:52:09,15,15.2,2.28,dongdaegu,1,1,True,target_available_at_arrival,available_count>0 at panel tick nearest as_of+tmap_eta,tmap_routes
CV002191,2026-07-28 08:59:37,2026-07-28 09:34:37,2026-07-28 09:39:42,35,34.8,11.172,dongdaegu,1,1,True,target_available_at_arrival,available_count>0 at panel tick nearest as_of+tmap_eta,tmap_routes
CV000558,2026-07-28 12:10:21,2026-07-28 12:17:21,2026-07-28 12:20:36,7,7.2,1.25,dongdaegu,1,1,True,target_available_at_arrival,available_count>0 at panel tick nearest as_of+tmap_eta,tmap_routes
ME25C171,2026-07-24 01:16:47,2026-07-24 01:33:47,2026-07-24 01:36:50,17,16.6,2.432,dongdaegu,1,1,True,target_available_at_arrival,available_count>0 at panel tick nearest as_of+tmap_eta,tmap_routes
CV003084,2026-07-29 22:40:18,2026-07-29 23:23:18,2026-07-29 23:30:24,43,43.2,12.141,dongdaegu,1,1,True,target_available_at_arrival,available_count>0 at panel tick nearest as_of+tmap_eta,tmap_routes
SF002746,2026-08-01 00:59:02,2026-08-01 01:15:02,2026-08-01 01:19:04,16,15.8,2.055,dongdaegu,4,4,True,target_available_at_arrival,available_count>0 at panel tick nearest as_of+tmap_eta,tmap_routes
CV000151,2026-08-05 18:12:07,2026-08-05 18:41:07,2026-08-05 18:42:09,29,28.6,6.223,dongdaegu,1,2,True,target_available_at_arrival,available_count>0 at panel tick nearest as_of+tmap_eta,tmap_routes
SF002637,2026-07-21 10:21:04,2026-07-21 10:58:04,2026-07-21 11:01:19,37,37.1,11.013,dongdaegu,1,1,True,target_available_at_arrival,available_count>0 at panel tick nearest as_of+tmap_eta,tmap_routes
PIH01629,2026-08-07 21:43:16,2026-08-07 22:23:16,2026-08-07 22:23:20,40,40.0,12.216,dongdaegu,1,1,True,target_available_at_arrival,available_count>0 at panel tick nearest as_of+tmap_eta,tmap_routes
ME21C219,2026-07-19 12:00:43,2026-07-19 12:30:43,2026-07-19 12:30:50,30,29.5,9.814,dongdaegu,2,2,True,target_available_at_arrival,available_count>0 at panel tick nearest as_of+tmap_eta,tmap_routes
CU530004,2026-07-29 19:39:43,2026-07-29 19:49:43,2026-07-29 19:49:48,10,9.6,1.543,dongdaegu,5,5,True,target_available_at_arrival,available_count>0 at panel tick nearest as_of+tmap_eta,tmap_routes
CV000515,2026-07-28 01:18:24,2026-07-28 01:36:24,2026-07-28 01:38:26,18,18.2,3.761,dongdaegu,1,1,True,target_available_at_arrival,available_count>0 at panel tick nearest as_of+tmap_eta,tmap_routes
ME24B144,2026-07-29 03:26:35,2026-07-29 04:19:35,2026-07-29 04:26:42,53,53.4,31.05,dongdaegu,1,1,True,target_available_at_arrival,available_count>0 at panel tick nearest as_of+tmap_eta,tmap_routes
CV001638,2026-08-01 13:31:15,2026-08-01 14:09:15,2026-08-01 14:11:19,38,37.8,9.78,dongdaegu,1,1,True,target_available_at_arrival,available_count>0 at panel tick nearest as_of+tmap_eta,tmap_routes
CV003283,2026-07-31 02:40:57,2026-07-31 03:14:57,2026-07-31 03:21:04,34,33.9,8.36,dongdaegu,3,3,True,target_available_at_arrival,available_count>0 at panel tick nearest as_of+tmap_eta,tmap_routes
ME184069,2026-07-27 08:33:27,2026-07-27 08:51:27,2026-07-27 08:53:30,18,18.1,3.348,dongdaegu,1,1,True,target_available_at_arrival,available_count>0 at panel tick nearest as_of+tmap_eta,tmap_routes
CV000321,2026-07-24 03:42:20,2026-07-24 03:59:20,2026-07-24 04:02:51,17,17.2,4.756,dongdaegu,1,1,True,target_available_at_arrival,available_count>0 at panel tick nearest as_of+tmap_eta,tmap_routes
CV000599,2026-08-04 22:18:05,2026-08-04 22:43:05,2026-08-04 22:48:06,25,25.4,7.913,dongdaegu,2,2,True,target_available_at_arrival,available_count>0 at panel tick nearest as_of+tmap_eta,tmap_routes
EV008719,2026-07-24 19:39:13,2026-07-24 20:08:13,2026-07-24 20:09:20,29,29.2,8.45,dongdaegu,1,1,True,target_available_at_arrival,available_count>0 at panel tick nearest as_of+tmap_eta,tmap_routes
KP003780,2026-08-03 17:43:45,2026-08-03 18:20:45,2026-08-03 18:23:48,37,37.2,9.349,dongdaegu,1,1,True,target_available_at_arrival,available_count>0 at panel tick nearest as_of+tmap_eta,tmap_routes
HM000722,2026-07-28 20:53:22,2026-07-28 21:43:22,2026-07-28 21:43:30,50,49.6,13.089,dongdaegu,11,11,True,target_available_at_arrival,available_count>0 at panel tick nearest as_of+tmap_eta,tmap_routes
ME18C255,2026-07-26 03:37:13,2026-07-26 04:07:13,2026-07-26 04:07:16,30,29.8,8.943,dongdaegu,2,2,True,target_available_at_arrival,available_count>0 at panel tick nearest as_of+tmap_eta,tmap_routes
ME19X404,2026-07-30 07:24:10,2026-07-30 07:48:10,2026-07-30 07:54:16,24,23.7,7.894,dongdaegu,5,5,True,target_available_at_arrival,available_count>0 at panel tick nearest as_of+tmap_eta,tmap_routes
PI000645,2026-07-26 09:08:05,2026-07-26 09:25:05,2026-07-26 09:28:07,17,17.3,3.85,dongdaegu,1,1,True,target_available_at_arrival,available_count>0 at panel tick nearest as_of+tmap_eta,tmap_routes
EV013929,2026-08-02 03:16:29,2026-08-02 03:50:29,2026-08-02 03:56:34,34,34.1,9.214,dongdaegu,1,1,True,target_available_at_arrival,available_count>0 at panel tick nearest as_of+tmap_eta,tmap_routes
HW000646,2026-07-29 20:39:56,2026-07-29 21:06:56,2026-07-29 21:10:04,27,27.0,5.569,dongdaegu,1,1,True,target_available_at_arrival,available_count>0 at panel tick nearest as_of+tmap_eta,tmap_routes
EV008162,2026-07-29 19:59:51,2026-07-29 20:36:51,2026-07-29 20:39:56,37,37.1,10.275,dongdaegu,1,1,True,target_available_at_arrival,available_count>0 at panel tick nearest as_of+tmap_eta,tmap_routes
PIS00791,2026-08-05 21:02:23,2026-08-05 21:18:23,2026-08-05 21:22:25,16,15.7,2.355,dongdaegu,6,6,True,target_available_at_arrival,available_count>0 at panel tick nearest as_of+tmap_eta,tmap_routes
KE000359,2026-08-07 23:03:22,2026-08-07 23:49:22,2026-08-07 23:53:25,46,46.5,15.594,dongdaegu,3,3,True,target_available_at_arrival,available_count>0 at panel tick nearest as_of+tmap_eta,tmap_routes
ST600399,2026-07-25 18:24:11,2026-07-25 19:21:11,2026-07-25 19:24:21,57,57.3,23.048,dongdaegu,3,1,True,target_available_at_arrival,available_count>0 at panel tick nearest as_of+tmap_eta,tmap_routes
ME18C172,2026-08-09 01:53:02,2026-08-09 02:12:02,2026-08-09 02:13:05,19,18.7,3.773,dongdaegu,1,1,True,target_available_at_arrival,available_count>0 at panel tick nearest as_of+tmap_eta,tmap_routes
SF002746,2026-07-26 12:38:36,2026-07-26 12:54:36,2026-07-26 12:58:39,16,15.8,2.055,dongdaegu,1,1,True,target_available_at_arrival,available_count>0 at panel tick nearest as_of+tmap_eta,tmap_routes
ME18C255,2026-08-07 21:23:13,2026-08-07 21:53:13,2026-08-07 21:53:16,30,29.8,8.943,dongdaegu,2,2,True,target_available_at_arrival,available_count>0 at panel tick nearest as_of+tmap_eta,tmap_routes
ME18C230,2026-08-01 16:21:48,2026-08-01 17:15:48,2026-08-01 17:22:00,54,54.0,40.041,dongdaegu,2,1,True,target_available_at_arrival,available_count>0 at panel tick nearest as_of+tmap_eta,tmap_routes
ME18C260,2026-08-06 09:36:10,2026-08-06 09:51:10,2026-08-06 09:56:12,15,14.7,3.117,dongdaegu,2,2,True,target_available_at_arrival,available_count>0 at panel tick nearest as_of+tmap_eta,tmap_routes
JA270006,2026-08-07 04:31:26,2026-08-07 04:45:26,2026-08-07 04:51:27,14,14.1,2.934,dongdaegu,9,9,True,target_available_at_arrival,available_count>0 at panel tick nearest as_of+tmap_eta,tmap_routes
CV003454,2026-07-31 15:03:19,2026-07-31 15:19:19,2026-07-31 15:23:21,16,16.1,3.323,dongdaegu,2,2,True,target_available_at_arrival,available_count>0 at panel tick nearest as_of+tmap_eta,tmap_routes
CV000978,2026-08-08 10:37:43,2026-08-08 11:02:43,2026-08-08 11:07:45,25,25.3,6.225,dongdaegu,5,5,True,target_available_at_arrival,available_count>0 at panel tick nearest as_of+tmap_eta,tmap_routes
ME18C257,2026-08-07 19:53:03,2026-08-07 20:50:03,2026-08-07 20:53:09,57,57.2,24.092,dongdaegu,2,2,True,target_available_at_arrival,available_count>0 at panel tick nearest as_of+tmap_eta,tmap_routes
HE230028,2026-08-01 08:19:55,2026-08-01 08:46:55,2026-08-01 08:50:02,27,27.1,5.998,dongdaegu,1,2,True,target_available_at_arrival,available_count>0 at panel tick nearest as_of+tmap_eta,tmap_routes
CV001894,2026-07-23 09:10:37,2026-07-23 09:27:37,2026-07-23 09:30:43,17,16.7,3.567,dongdaegu,1,1,True,target_available_at_arrival,available_count>0 at panel tick nearest as_of+tmap_eta,tmap_routes
CV000406,2026-08-05 07:01:15,2026-08-05 07:36:15,2026-08-05 07:41:17,35,35.3,7.809,dongdaegu,1,1,True,target_available_at_arrival,available_count>0 at panel tick nearest as_of+tmap_eta,tmap_routes
ME25C169,2026-07-28 15:41:42,2026-07-28 16:31:42,2026-07-28 16:32:17,50,49.9,16.4,dongdaegu,1,1,True,target_available_at_arrival,available_count>0 at panel tick nearest as_of+tmap_eta,tmap_routes
KP000402,2026-08-05 12:21:41,2026-08-05 12:54:41,2026-08-05 13:01:43,33,32.6,11.034,dongdaegu,2,2,True,target_available_at_arrival,available_count>0 at panel tick nearest as_of+tmap_eta,tmap_routes
ME181303,2026-07-28 10:49:55,2026-07-28 11:26:55,2026-07-28 11:30:08,37,37.1,12.615,dongdaegu,1,1,True,target_available_at_arrival,available_count>0 at panel tick nearest as_of+tmap_eta,tmap_routes
ME25C166,2026-07-27 17:25:06,2026-07-27 18:25:06,2026-07-27 18:25:16,60,60.5,30.627,dongdaegu,1,1,True,target_available_at_arrival,available_count>0 at panel tick nearest as_of+tmap_eta,tmap_routes
PI740298,2026-07-27 15:54:52,2026-07-27 16:22:52,2026-07-27 16:24:55,28,27.7,6.071,dongdaegu,1,1,True,target_available_at_arrival,available_count>0 at panel tick nearest as_of+tmap_eta,tmap_routes
LU002386,2026-07-31 09:22:29,2026-07-31 09:58:29,2026-07-31 10:02:34,36,35.8,8.682,dongdaegu,3,3,True,target_available_at_arrival,available_count>0 at panel tick nearest as_of+tmap_eta,tmap_routes
ME25C276,2026-08-03 03:22:02,2026-08-03 04:20:02,2026-08-03 04:22:05,58,58.0,30.689,dongdaegu,2,2,True,target_available_at_arrival,available_count>0 at panel tick nearest as_of+tmap_eta,tmap_routes
CV004302,2026-08-04 01:26:43,2026-08-04 01:53:43,2026-08-04 01:56:47,27,27.2,6.116,dongdaegu,1,1,True,target_available_at_arrival,available_count>0 at panel tick nearest as_of+tmap_eta,tmap_routes
CV002012,2026-08-08 01:37:06,2026-08-08 02:11:06,2026-08-08 02:17:11,34,33.6,10.327,dongdaegu,1,1,True,target_available_at_arrival,available_count>0 at panel tick nearest as_of+tmap_eta,tmap_routes
KP004798,2026-07-29 15:58:52,2026-07-29 16:05:52,2026-07-29 16:08:53,7,7.4,1.273,dongdaegu,2,2,True,target_available_at_arrival,available_count>0 at panel tick nearest as_of+tmap_eta,tmap_routes
ME18C229,2026-08-07 04:41:26,2026-08-07 05:34:26,2026-08-07 05:41:31,53,52.9,43.083,dongdaegu,2,2,True,target_available_at_arrival,available_count>0 at panel tick nearest as_of+tmap_eta,tmap_routes
CV002390,2026-07-28 21:13:25,2026-07-28 21:39:25,2026-07-28 21:43:30,26,25.7,8.182,dongdaegu,1,1,True,target_available_at_arrival,available_count>0 at panel tick nearest as_of+tmap_eta,tmap_routes
BNBN0721,2026-07-27 09:43:37,2026-07-27 10:08:37,2026-07-27 10:13:40,25,25.2,6.457,dongdaegu,1,1,True,target_available_at_arrival,available_count>0 at panel tick nearest as_of+tmap_eta,tmap_routes
IN053073,2026-07-26 12:08:33,2026-07-26 12:28:33,2026-07-26 12:28:35,20,20.5,4.346,dongdaegu,12,13,True,target_available_at_arrival,available_count>0 at panel tick nearest as_of+tmap_eta,tmap_routes
CV002973,2026-07-24 04:58:11,2026-07-24 05:42:11,2026-07-24 05:43:22,44,44.3,17.838,dongdaegu,4,4,True,target_available_at_arrival,available_count>0 at panel tick nearest as_of+tmap_eta,tmap_routes
CV003148,2026-07-24 19:29:12,2026-07-24 19:58:12,2026-07-24 19:59:18,29,29.4,10.43,dongdaegu,1,0,False,target_available_at_arrival,available_count>0 at panel tick nearest as_of+tmap_eta,tmap_routes
CV001627,2026-07-19 15:46:16,2026-07-19 16:25:16,2026-07-19 16:31:20,39,39.0,13.103,dongdaegu,1,1,True,target_available_at_arrival,available_count>0 at panel tick nearest as_of+tmap_eta,tmap_routes
SF000611,2026-08-03 21:33:59,2026-08-03 21:42:59,2026-08-03 21:44:00,9,9.2,1.794,dongdaegu,6,6,True,target_available_at_arrival,available_count>0 at panel tick nearest as_of+tmap_eta,tmap_routes
PW015176,2026-07-23 15:08:22,2026-07-23 15:30:22,2026-07-23 15:33:29,22,22.5,5.545,dongdaegu,1,1,True,target_available_at_arrival,available_count>0 at panel tick nearest as_of+tmap_eta,tmap_routes
JA270004,2026-07-24 15:58:23,2026-07-24 16:31:23,2026-07-24 16:38:28,33,32.8,10.493,dongdaegu,2,2,True,target_available_at_arrival,available_count>0 at panel tick nearest as_of+tmap_eta,tmap_routes
CV002914,2026-07-28 06:29:02,2026-07-28 06:53:02,2026-07-28 06:59:06,24,24.4,8.623,dongdaegu,1,1,True,target_available_at_arrival,available_count>0 at panel tick nearest as_of+tmap_eta,tmap_routes
CV002394,2026-07-28 00:18:19,2026-07-28 00:51:19,2026-07-28 00:58:22,33,33.3,13.237,dongdaegu,4,4,True,target_available_at_arrival,available_count>0 at panel tick nearest as_of+tmap_eta,tmap_routes
PI740435,2026-08-04 18:57:49,2026-08-04 19:35:49,2026-08-04 19:37:52,38,37.5,11.158,dongdaegu,2,2,True,target_available_at_arrival,available_count>0 at panel tick nearest as_of+tmap_eta,tmap_routes
CV003763,2026-08-02 21:59:26,2026-08-02 22:39:26,2026-08-02 22:39:28,40,40.0,9.438,dongdaegu,4,4,True,target_available_at_arrival,available_count>0 at panel tick nearest as_of+tmap_eta,tmap_routes
PC000296,2026-08-04 03:46:52,2026-08-04 04:03:52,2026-08-04 04:06:53,17,16.9,3.783,dongdaegu,2,2,True,target_available_at_arrival,available_count>0 at panel tick nearest as_of+tmap_eta,tmap_routes
CV001126,2026-08-05 16:01:56,2026-08-05 16:37:56,2026-08-05 16:41:58,36,35.9,9.85,dongdaegu,1,1,True,target_available_at_arrival,available_count>0 at panel tick nearest as_of+tmap_eta,tmap_routes
DC530029,2026-08-02 20:29:16,2026-08-02 21:14:16,2026-08-02 21:19:22,45,44.9,12.015,dongdaegu,3,3,True,target_available_at_arrival,available_count>0 at panel tick nearest as_of+tmap_eta,tmap_routes
CV000560,2026-08-07 17:12:36,2026-08-07 17:27:36,2026-08-07 17:32:38,15,14.9,3.632,dongdaegu,3,3,True,target_available_at_arrival,available_count>0 at panel tick nearest as_of+tmap_eta,tmap_routes
CV001710,2026-07-26 20:19:40,2026-07-26 20:57:40,2026-07-26 20:59:45,38,37.7,9.1,dongdaegu,1,1,True,target_available_at_arrival,available_count>0 at panel tick nearest as_of+tmap_eta,tmap_routes
NT100656,2026-08-07 10:41:58,2026-08-07 10:57:58,2026-08-07 11:02:04,16,16.0,1.994,dongdaegu,1,1,True,target_available_at_arrival,available_count>0 at panel tick nearest as_of+tmap_eta,tmap_routes
EV005966,2026-08-01 08:50:02,2026-08-01 09:35:02,2026-08-01 09:40:15,45,44.7,15.17,dongdaegu,2,2,True,target_available_at_arrival,available_count>0 at panel tick nearest as_of+tmap_eta,tmap_routes
ME23B186,2026-07-25 10:34:15,2026-07-25 10:51:15,2026-07-25 10:54:19,17,16.9,2.531,dongdaegu,1,0,False,target_available_at_arrival,available_count>0 at panel tick nearest as_of+tmap_eta,tmap_routes
TS271401,2026-07-23 11:52:13,2026-07-23 12:20:13,2026-07-23 12:22:26,28,27.8,9.449,dongdaegu,1,1,True,target_available_at_arrival,available_count>0 at panel tick nearest as_of+tmap_eta,tmap_routes
CV003137,2026-07-29 11:08:11,2026-07-29 12:08:11,2026-07-29 12:08:24,60,60.1,26.029,dongdaegu,2,4,True,target_available_at_arrival,available_count>0 at panel tick nearest as_of+tmap_eta,tmap_routes
CV001779,2026-07-29 00:46:13,2026-07-29 01:42:13,2026-07-29 01:46:18,56,55.6,14.536,dongdaegu,4,4,True,target_available_at_arrival,available_count>0 at panel tick nearest as_of+tmap_eta,tmap_routes
HE000883,2026-07-28 02:48:33,2026-07-28 03:17:33,2026-07-28 03:18:35,29,29.2,9.221,dongdaegu,21,21,True,target_available_at_arrival,available_count>0 at panel tick nearest as_of+tmap_eta,tmap_routes
PI740243,2026-08-08 12:57:53,2026-08-08 13:10:53,2026-08-08 13:17:54,13,12.8,1.975,dongdaegu,1,1,True,target_available_at_arrival,available_count>0 at panel tick nearest as_of+tmap_eta,tmap_routes
CV002298,2026-07-28 00:18:19,2026-07-28 00:48:19,2026-07-28 00:48:21,30,29.6,11.989,dongdaegu,2,2,True,target_available_at_arrival,available_count>0 at panel tick nearest as_of+tmap_eta,tmap_routes
KP002190,2026-08-01 18:12:11,2026-08-01 18:28:11,2026-08-01 18:32:14,16,15.8,3.532,dongdaegu,1,1,True,target_available_at_arrival,available_count>0 at panel tick nearest as_of+tmap_eta,tmap_routes
CV003109,2026-07-28 09:09:38,2026-07-28 09:48:38,2026-07-28 09:49:45,39,39.0,11.168,dongdaegu,1,1,True,target_available_at_arrival,available_count>0 at panel tick nearest as_of+tmap_eta,tmap_routes
PI730030,2026-08-02 06:06:49,2026-08-02 06:42:49,2026-08-02 06:46:59,36,35.6,12.645,dongdaegu,2,2,True,target_available_at_arrival,available_count>0 at panel tick nearest as_of+tmap_eta,tmap_routes
PI530280,2026-07-23 00:47:40,2026-07-23 01:14:40,2026-07-23 01:17:45,27,26.6,8.385,dongdaegu,1,0,False,target_available_at_arrival,available_count>0 at panel tick nearest as_of+tmap_eta,tmap_routes
CV004336,2026-07-30 08:04:17,2026-07-30 08:44:17,2026-07-30 08:44:23,40,40.0,13.158,dongdaegu,9,9,True,target_available_at_arrival,available_count>0 at panel tick nearest as_of+tmap_eta,tmap_routes
SF002638,2026-08-07 04:31:26,2026-08-07 04:46:26,2026-08-07 04:51:27,15,14.9,2.122,dongdaegu,6,6,True,target_available_at_arrival,available_count>0 at panel tick nearest as_of+tmap_eta,tmap_routes
PI714349,2026-08-05 23:52:32,2026-08-06 00:24:32,2026-08-06 00:25:41,32,31.6,10.545,dongdaegu,2,2,True,target_available_at_arrival,available_count>0 at panel tick nearest as_of+tmap_eta,tmap_routes
ME178137,2026-08-02 20:09:13,2026-08-02 21:06:13,2026-08-02 21:09:21,57,57.0,22.407,dongdaegu,2,2,True,target_available_at_arrival,available_count>0 at panel tick nearest as_of+tmap_eta,tmap_routes
LU100103,2026-07-23 11:47:12,2026-07-23 12:24:12,2026-07-23 12:27:28,37,36.6,8.479,dongdaegu,2,2,True,target_available_at_arrival,available_count>0 at panel tick nearest as_of+tmap_eta,tmap_routes
CV002956,2026-08-01 09:00:04,2026-08-01 09:23:04,2026-08-01 09:30:09,23,23.3,7.169,dongdaegu,1,1,True,target_available_at_arrival,available_count>0 at panel tick nearest as_of+tmap_eta,tmap_routes
CV004482,2026-08-02 08:07:14,2026-08-02 08:52:14,2026-08-02 08:57:20,45,45.4,13.03,dongdaegu,6,7,True,target_available_at_arrival,available_count>0 at panel tick nearest as_of+tmap_eta,tmap_routes
PC000100,2026-07-26 18:29:24,2026-07-26 18:56:24,2026-07-26 18:59:28,27,27.1,6.084,dongdaegu,1,1,True,target_available_at_arrival,available_count>0 at panel tick nearest as_of+tmap_eta,tmap_routes
CU530007,2026-07-28 13:01:09,2026-07-28 13:27:09,2026-07-28 13:31:11,26,25.5,9.004,dongdaegu,10,8,True,target_available_at_arrival,available_count>0 at panel tick nearest as_of+tmap_eta,tmap_routes
PI740250,2026-08-08 09:17:36,2026-08-08 09:41:36,2026-08-08 09:47:38,24,23.5,5.437,dongdaegu,3,3,True,target_available_at_arrival,available_count>0 at panel tick nearest as_of+tmap_eta,tmap_routes
HW000396,2026-07-29 01:26:17,2026-07-29 02:03:17,2026-07-29 02:06:21,37,36.6,9.132,dongdaegu,1,1,True,target_available_at_arrival,available_count>0 at panel tick nearest as_of+tmap_eta,tmap_routes
PIH00516,2026-08-06 06:25:55,2026-08-06 06:49:55,2026-08-06 06:55:56,24,23.8,5.397,dongdaegu,1,1,True,target_available_at_arrival,available_count>0 at panel tick nearest as_of+tmap_eta,tmap_routes
BNBN0721,2026-07-26 14:48:53,2026-07-26 15:13:53,2026-07-26 15:18:58,25,25.2,6.457,dongdaegu,1,1,True,target_available_at_arrival,available_count>0 at panel tick nearest as_of+tmap_eta,tmap_routes
SF002795,2026-08-04 09:27:10,2026-08-04 09:41:10,2026-08-04 09:47:11,14,14.1,4.044,dongdaegu,3,3,True,target_available_at_arrival,available_count>0 at panel tick nearest as_of+tmap_eta,tmap_routes
HE240512,2026-07-28 02:18:30,2026-07-28 02:47:30,2026-07-28 02:48:33,29,29.2,9.227,dongdaegu,4,4,True,target_available_at_arrival,available_count>0 at panel tick nearest as_of+tmap_eta,tmap_routes
CV000985,2026-08-06 18:26:48,2026-08-06 19:11:48,2026-08-06 19:16:52,45,44.6,13.107,dongdaegu,2,2,True,target_available_at_arrival,available_count>0 at panel tick nearest as_of+tmap_eta,tmap_routes
CV004318,2026-07-30 12:25:20,2026-07-30 12:59:20,2026-07-30 13:05:26,34,34.0,7.925,dongdaegu,5,7,True,target_available_at_arrival,available_count>0 at panel tick nearest as_of+tmap_eta,tmap_routes
CV003286,2026-08-08 10:07:39,2026-08-08 10:42:39,2026-08-08 10:47:44,35,35.0,7.378,dongdaegu,2,1,True,target_available_at_arrival,available_count>0 at panel tick nearest as_of+tmap_eta,tmap_routes
PW000789,2026-07-28 15:21:39,2026-07-28 15:45:39,2026-07-28 15:52:09,24,24.5,9.182,dongdaegu,1,1,True,target_available_at_arrival,available_count>0 at panel tick nearest as_of+tmap_eta,tmap_routes
PC001839,2026-08-03 23:34:08,2026-08-03 23:57:08,2026-08-04 00:04:09,23,23.3,6.246,dongdaegu,2,2,True,target_available_at_arrival,available_count>0 at panel tick nearest as_of+tmap_eta,tmap_routes
PIS00565,2026-07-24 06:43:45,2026-07-24 07:07:45,2026-07-24 07:08:58,24,24.1,9.01,dongdaegu,1,1,True,target_available_at_arrival,available_count>0 at panel tick nearest as_of+tmap_eta,tmap_routes
EV008720,2026-07-29 04:26:42,2026-07-29 04:55:42,2026-07-29 04:56:50,29,29.0,8.593,dongdaegu,1,1,True,target_available_at_arrival,available_count>0 at panel tick nearest as_of+tmap_eta,tmap_routes
LU002365,2026-08-01 11:30:40,2026-08-01 12:00:40,2026-08-01 12:00:43,30,30.5,8.144,dongdaegu,1,1,True,target_available_at_arrival,available_count>0 at panel tick nearest as_of+tmap_eta,tmap_routes
CV003122,2026-08-04 14:27:31,2026-08-04 14:46:31,2026-08-04 14:47:32,19,19.2,1.934,dongdaegu,1,1,True,target_available_at_arrival,available_count>0 at panel tick nearest as_of+tmap_eta,tmap_routes
EV005961,2026-07-24 15:58:23,2026-07-24 16:44:23,2026-07-24 16:48:30,46,45.5,15.14,dongdaegu,3,3,True,target_available_at_arrival,available_count>0 at panel tick nearest as_of+tmap_eta,tmap_routes
CV001646,2026-07-29 09:58:02,2026-07-29 10:26:02,2026-07-29 10:28:05,28,28.5,6.755,dongdaegu,2,2,True,target_available_at_arrival,available_count>0 at panel tick nearest as_of+tmap_eta,tmap_routes
KP000235,2026-08-03 05:22:07,2026-08-03 05:35:07,2026-08-03 05:42:10,13,13.3,2.71,dongdaegu,1,1,True,target_available_at_arrival,available_count>0 at panel tick nearest as_of+tmap_eta,tmap_routes
ME21B262,2026-08-05 05:41:10,2026-08-05 06:34:10,2026-08-05 06:41:14,53,52.9,43.182,dongdaegu,2,1,True,target_available_at_arrival,available_count>0 at panel tick nearest as_of+tmap_eta,tmap_routes
CV000503,2026-07-29 21:20:05,2026-07-29 21:53:05,2026-07-29 22:00:13,33,32.9,10.327,dongdaegu,2,2,True,target_available_at_arrival,available_count>0 at panel tick nearest as_of+tmap_eta,tmap_routes
PI722615,2026-08-02 08:07:14,2026-08-02 08:25:14,2026-08-02 08:27:16,18,18.3,3.033,dongdaegu,8,8,True,target_available_at_arrival,available_count>0 at panel tick nearest as_of+tmap_eta,tmap_routes
HE000883,2026-07-26 13:08:40,2026-07-26 13:37:40,2026-07-26 13:38:44,29,29.2,9.221,dongdaegu,15,13,True,target_available_at_arrival,available_count>0 at panel tick nearest as_of+tmap_eta,tmap_routes
PI740096,2026-07-24 19:19:10,2026-07-24 19:42:10,2026-07-24 19:49:15,23,23.4,7.899,dongdaegu,1,1,True,target_available_at_arrival,available_count>0 at panel tick nearest as_of+tmap_eta,tmap_routes
PC001839,2026-08-03 17:53:46,2026-08-03 18:16:46,2026-08-03 18:23:48,23,23.3,6.246,dongdaegu,2,2,True,target_available_at_arrival,available_count>0 at panel tick nearest as_of+tmap_eta,tmap_routes
HM000722,2026-07-31 22:46:08,2026-07-31 23:36:08,2026-07-31 23:36:15,50,49.6,13.089,dongdaegu,16,16,True,target_available_at_arrival,available_count>0 at panel tick nearest as_of+tmap_eta,tmap_routes
LU100968,2026-08-06 06:45:56,2026-08-06 06:58:56,2026-08-06 07:05:57,13,12.8,0.497,dongdaegu,1,1,True,target_available_at_arrival,available_count>0 at panel tick nearest as_of+tmap_eta,tmap_routes
PW014973,2026-07-31 08:12:11,2026-07-31 08:31:11,2026-07-31 08:32:22,19,18.7,5.5,dongdaegu,1,1,True,target_available_at_arrival,available_count>0 at panel tick nearest as_of+tmap_eta,tmap_routes
ME181302,2026-08-01 09:20:08,2026-08-01 10:08:08,2026-08-01 10:10:28,48,47.9,13.111,dongdaegu,1,1,True,target_available_at_arrival,available_count>0 at panel tick nearest as_of+tmap_eta,tmap_routes
PW015051,2026-07-24 17:28:43,2026-07-24 17:43:43,2026-07-24 17:48:46,15,14.8,2.673,dongdaegu,1,1,True,target_available_at_arrival,available_count>0 at panel tick nearest as_of+tmap_eta,tmap_routes
PI740088,2026-07-30 00:42:59,2026-07-30 01:08:59,2026-07-30 01:13:02,26,26.5,9.147,dongdaegu,2,2,True,target_available_at_arrival,available_count>0 at panel tick nearest as_of+tmap_eta,tmap_routes
KL002700,2026-08-03 04:22:05,2026-08-03 04:40:05,2026-08-03 04:42:06,18,17.7,3.558,dongdaegu,1,1,True,target_available_at_arrival,available_count>0 at panel tick nearest as_of+tmap_eta,tmap_routes
KP010445,2026-08-01 23:12:58,2026-08-01 23:26:58,2026-08-01 23:33:00,14,13.8,2.285,dongdaegu,1,1,True,target_available_at_arrival,available_count>0 at panel tick nearest as_of+tmap_eta,tmap_routes
ME20C184,2026-07-23 03:13:13,2026-07-23 03:44:13,2026-07-23 03:48:21,31,30.6,9.593,dongdaegu,1,1,True,target_available_at_arrival,available_count>0 at panel tick nearest as_of+tmap_eta,tmap_routes
CV003479,2026-08-02 10:37:39,2026-08-02 11:00:39,2026-08-02 11:07:43,23,22.6,6.788,dongdaegu,1,1,True,target_available_at_arrival,available_count>0 at panel tick nearest as_of+tmap_eta,tmap_routes
CV002862,2026-08-01 17:01:58,2026-08-01 17:56:58,2026-08-01 18:02:06,55,55.1,31.788,dongdaegu,1,1,True,target_available_at_arrival,available_count>0 at panel tick nearest as_of+tmap_eta,tmap_routes
CV001646,2026-07-24 17:08:34,2026-07-24 17:36:34,2026-07-24 17:38:44,28,28.5,6.755,dongdaegu,2,1,True,target_available_at_arrival,available_count>0 at panel tick nearest as_of+tmap_eta,tmap_routes
BNBN0494,2026-08-06 13:36:25,2026-08-06 14:36:25,2026-08-06 14:36:28,60,60.3,26.273,dongdaegu,3,3,True,target_available_at_arrival,available_count>0 at panel tick nearest as_of+tmap_eta,tmap_routes
DC530007,2026-08-07 18:02:44,2026-08-07 18:45:44,2026-08-07 18:52:48,43,42.9,8.561,dongdaegu,2,2,True,target_available_at_arrival,available_count>0 at panel tick nearest as_of+tmap_eta,tmap_routes
SF002213,2026-08-08 01:37:06,2026-08-08 02:32:06,2026-08-08 02:37:12,55,54.8,26.185,dongdaegu,1,1,True,target_available_at_arrival,available_count>0 at panel tick nearest as_of+tmap_eta,tmap_routes
ME25C426,2026-07-30 14:36:07,2026-07-30 15:05:07,2026-07-30 15:06:25,29,28.7,8.088,dongdaegu,3,3,True,target_available_at_arrival,available_count>0 at panel tick nearest as_of+tmap_eta,tmap_routes
CV000616,2026-07-23 03:13:13,2026-07-23 03:37:13,2026-07-23 03:38:20,24,24.3,3.502,dongdaegu,1,1,True,target_available_at_arrival,available_count>0 at panel tick nearest as_of+tmap_eta,tmap_routes
CV003133,2026-08-07 23:03:22,2026-08-07 23:36:22,2026-08-07 23:43:24,33,33.2,8.22,dongdaegu,1,1,True,target_available_at_arrival,available_count>0 at panel tick nearest as_of+tmap_eta,tmap_routes
CV001634,2026-08-03 16:42:58,2026-08-03 17:17:58,2026-08-03 17:23:00,35,35.1,9.858,dongdaegu,1,0,False,target_available_at_arrival,available_count>0 at panel tick nearest as_of+tmap_eta,tmap_routes
CU530008,2026-08-01 10:30:30,2026-08-01 10:59:30,2026-08-01 11:00:34,29,29.1,9.81,dongdaegu,5,5,True,target_available_at_arrival,available_count>0 at panel tick nearest as_of+tmap_eta,tmap_routes
KE000246,2026-07-31 04:21:19,2026-07-31 04:48:19,2026-07-31 04:51:21,27,26.6,7.893,dongdaegu,1,1,True,target_available_at_arrival,available_count>0 at panel tick nearest as_of+tmap_eta,tmap_routes
CU530006,2026-07-23 14:43:03,2026-07-23 15:00:03,2026-07-23 15:03:20,17,17.2,4.121,dongdaegu,3,3,True,target_available_at_arrival,available_count>0 at panel tick nearest as_of+tmap_eta,tmap_routes
EV006187,2026-07-27 22:26:13,2026-07-27 22:59:13,2026-07-27 23:06:17,33,32.7,9.315,dongdaegu,3,3,True,target_available_at_arrival,available_count>0 at panel tick nearest as_of+tmap_eta,tmap_routes
CV001464,2026-08-02 21:49:23,2026-08-02 22:15:23,2026-08-02 22:19:27,26,26.3,7.512,dongdaegu,2,2,True,target_available_at_arrival,available_count>0 at panel tick nearest as_of+tmap_eta,tmap_routes
CV000224,2026-08-01 20:22:34,2026-08-01 20:40:34,2026-08-01 20:42:36,18,17.5,3.322,dongdaegu,3,3,True,target_available_at_arrival,available_count>0 at panel tick nearest as_of+tmap_eta,tmap_routes
CV004296,2026-07-31 16:24:46,2026-07-31 16:57:46,2026-07-31 17:04:57,33,32.6,16.54,dongdaegu,1,1,True,target_available_at_arrival,available_count>0 at panel tick nearest as_of+tmap_eta,tmap_routes
PI530287,2026-07-28 14:21:16,2026-07-28 14:45:16,2026-07-28 14:51:36,24,24.2,7.048,dongdaegu,1,1,True,target_available_at_arrival,available_count>0 at panel tick nearest as_of+tmap_eta,tmap_routes
ME181302,2026-07-21 14:52:19,2026-07-21 15:40:19,2026-07-21 15:42:33,48,47.9,13.111,dongdaegu,1,1,True,target_available_at_arrival,available_count>0 at panel tick nearest as_of+tmap_eta,tmap_routes
ME18C258,2026-08-06 06:05:54,2026-08-06 06:25:54,2026-08-06 06:25:55,20,19.5,4.374,dongdaegu,2,2,True,target_available_at_arrival,available_count>0 at panel tick nearest as_of+tmap_eta,tmap_routes
EV005267,2026-07-23 15:08:22,2026-07-23 15:38:22,2026-07-23 15:38:30,30,29.6,10.5,dongdaegu,3,3,True,target_available_at_arrival,available_count>0 at panel tick nearest as_of+tmap_eta,tmap_routes
PI530295,2026-08-02 07:17:02,2026-08-02 07:30:02,2026-08-02 07:37:07,13,13.2,2.981,dongdaegu,1,1,True,target_available_at_arrival,available_count>0 at panel tick nearest as_of+tmap_eta,tmap_routes
CV000565,2026-08-07 00:41:16,2026-08-07 01:41:16,2026-08-07 01:41:18,60,59.7,25.661,dongdaegu,3,3,True,target_available_at_arrival,available_count>0 at panel tick nearest as_of+tmap_eta,tmap_routes
CV000506,2026-08-06 14:46:28,2026-08-06 14:55:28,2026-08-06 14:56:29,9,9.0,2.041,dongdaegu,1,1,True,target_available_at_arrival,available_count>0 at panel tick nearest as_of+tmap_eta,tmap_routes
ME22C252,2026-07-29 00:03:53,2026-07-29 00:31:53,2026-07-29 00:36:12,28,28.4,5.748,dongdaegu,2,2,True,target_available_at_arrival,available_count>0 at panel tick nearest as_of+tmap_eta,tmap_routes
CV003123,2026-08-08 03:47:17,2026-08-08 03:55:17,2026-08-08 03:57:17,8,8.5,0.332,dongdaegu,4,4,True,target_available_at_arrival,available_count>0 at panel tick nearest as_of+tmap_eta,tmap_routes
EC270008,2026-08-04 22:38:06,2026-08-04 23:33:06,2026-08-04 23:38:08,55,55.4,17.317,dongdaegu,5,5,True,target_available_at_arrival,available_count>0 at panel tick nearest as_of+tmap_eta,tmap_routes
EV012412,2026-07-24 14:38:07,2026-07-24 15:08:07,2026-07-24 15:08:16,30,29.9,6.418,dongdaegu,3,3,True,target_available_at_arrival,available_count>0 at panel tick nearest as_of+tmap_eta,tmap_routes
ME18C260,2026-08-03 02:42:00,2026-08-03 02:57:00,2026-08-03 03:02:01,15,14.7,3.117,dongdaegu,2,2,True,target_available_at_arrival,available_count>0 at panel tick nearest as_of+tmap_eta,tmap_routes
CI0F0003,2026-08-02 07:07:01,2026-08-02 07:52:01,2026-08-02 07:57:09,45,44.6,12.526,dongdaegu,1,1,True,target_available_at_arrival,available_count>0 at panel tick nearest as_of+tmap_eta,tmap_routes
CV003763,2026-08-07 22:23:20,2026-08-07 23:03:20,2026-08-07 23:03:22,40,40.0,9.438,dongdaegu,4,4,True,target_available_at_arrival,available_count>0 at panel tick nearest as_of+tmap_eta,tmap_routes
PC001839,2026-07-30 14:05:56,2026-07-30 14:28:56,2026-07-30 14:36:07,23,23.3,6.246,dongdaegu,2,2,True,target_available_at_arrival,available_count>0 at panel tick nearest as_of+tmap_eta,tmap_routes
PI540413,2026-07-24 20:09:20,2026-07-24 21:07:20,2026-07-24 21:09:32,58,58.1,26.276,dongdaegu,5,5,True,target_available_at_arrival,available_count>0 at panel tick nearest as_of+tmap_eta,tmap_routes
CV002048,2026-07-22 22:20:17,2026-07-22 22:58:17,2026-07-22 23:00:24,38,37.7,10.255,dongdaegu,1,1,True,target_available_at_arrival,available_count>0 at panel tick nearest as_of+tmap_eta,tmap_routes
CV003097,2026-07-31 04:31:20,2026-07-31 04:47:20,2026-07-31 04:51:21,16,16.4,2.12,dongdaegu,2,2,True,target_available_at_arrival,available_count>0 at panel tick nearest as_of+tmap_eta,tmap_routes
SF002746,2026-08-01 14:11:19,2026-08-01 14:27:19,2026-08-01 14:31:26,16,15.8,2.055,dongdaegu,4,4,True,target_available_at_arrival,available_count>0 at panel tick nearest as_of+tmap_eta,tmap_routes
CV003286,2026-08-08 03:57:17,2026-08-08 04:32:17,2026-08-08 04:37:18,35,35.0,7.378,dongdaegu,2,2,True,target_available_at_arrival,available_count>0 at panel tick nearest as_of+tmap_eta,tmap_routes
CV001941,2026-07-23 10:51:33,2026-07-23 11:05:33,2026-07-23 11:06:41,14,14.5,2.314,dongdaegu,1,0,False,target_available_at_arrival,available_count>0 at panel tick nearest as_of+tmap_eta,tmap_routes
EO000079,2026-08-01 14:11:19,2026-08-01 14:28:19,2026-08-01 14:31:26,17,17.4,3.431,dongdaegu,1,1,True,target_available_at_arrival,available_count>0 at panel tick nearest as_of+tmap_eta,tmap_routes
PIS00599,2026-07-24 16:08:25,2026-07-24 16:44:25,2026-07-24 16:48:30,36,35.7,12.543,dongdaegu,18,17,True,target_available_at_arrival,available_count>0 at panel tick nearest as_of+tmap_eta,tmap_routes
NX000020,2026-07-26 11:18:25,2026-07-26 11:56:25,2026-07-26 11:58:32,38,38.5,10.142,dongdaegu,1,1,True,target_available_at_arrival,available_count>0 at panel tick nearest as_of+tmap_eta,tmap_routes
PIH01276,2026-07-25 19:04:18,2026-07-25 19:19:18,2026-07-25 19:24:21,15,15.4,3.464,dongdaegu,8,8,True,target_available_at_arrival,available_count>0 at panel tick nearest as_of+tmap_eta,tmap_routes
ST272921,2026-07-31 09:12:27,2026-07-31 09:48:27,2026-07-31 09:52:33,36,36.5,13.409,dongdaegu,1,1,True,target_available_at_arrival,available_count>0 at panel tick nearest as_of+tmap_eta,tmap_routes
JA270007,2026-08-07 19:22:51,2026-08-07 19:36:51,2026-08-07 19:43:02,14,13.6,2.937,dongdaegu,3,3,True,target_available_at_arrival,available_count>0 at panel tick nearest as_of+tmap_eta,tmap_routes
ST600336,2026-07-25 18:24:11,2026-07-25 18:30:11,2026-07-25 18:34:12,6,6.3,0.045,dongdaegu,2,2,True,target_available_at_arrival,available_count>0 at panel tick nearest as_of+tmap_eta,tmap_routes
EV013929,2026-08-02 14:38:23,2026-08-02 15:12:23,2026-08-02 15:18:28,34,34.1,9.214,dongdaegu,1,1,True,target_available_at_arrival,available_count>0 at panel tick nearest as_of+tmap_eta,tmap_routes
CV003463,2026-08-06 18:06:46,2026-08-06 18:20:46,2026-08-06 18:26:48,14,13.8,2.782,dongdaegu,1,1,True,target_available_at_arrival,available_count>0 at panel tick nearest as_of+tmap_eta,tmap_routes
PI740239,2026-07-31 20:05:38,2026-07-31 20:20:38,2026-07-31 20:25:41,15,14.8,2.101,dongdaegu,2,2,True,target_available_at_arrival,available_count>0 at panel tick nearest as_of+tmap_eta,tmap_routes
CV002069,2026-08-02 00:03:03,2026-08-02 00:33:03,2026-08-02 00:35:57,30,29.8,9.584,dongdaegu,2,2,True,target_available_at_arrival,available_count>0 at panel tick nearest as_of+tmap_eta,tmap_routes
KE001333,2026-07-31 14:43:11,2026-07-31 15:09:11,2026-07-31 15:13:20,26,25.9,7.435,dongdaegu,1,1,True,target_available_at_arrival,available_count>0 at panel tick nearest as_of+tmap_eta,tmap_routes
HY001080,2026-08-06 12:36:20,2026-08-06 13:30:20,2026-08-06 13:36:25,54,54.1,26.412,dongdaegu,2,2,True,target_available_at_arrival,available_count>0 at panel tick nearest as_of+tmap_eta,tmap_routes
CV001493,2026-07-31 14:53:12,2026-07-31 15:27:12,2026-07-31 15:33:23,34,33.5,10.19,dongdaegu,4,4,True,target_available_at_arrival,available_count>0 at panel tick nearest as_of+tmap_eta,tmap_routes
PI530290,2026-08-01 01:29:05,2026-08-01 01:57:05,2026-08-01 01:59:08,28,28.5,5.483,dongdaegu,2,2,True,target_available_at_arrival,available_count>0 at panel tick nearest as_of+tmap_eta,tmap_routes
CV002131,2026-08-04 18:37:48,2026-08-04 18:47:48,2026-08-04 18:47:48,10,9.8,1.371,dongdaegu,1,1,True,target_available_at_arrival,available_count>0 at panel tick nearest as_of+tmap_eta,tmap_routes
HM000121,2026-07-23 13:27:45,2026-07-23 13:38:45,2026-07-23 13:42:49,11,11.2,2.193,dongdaegu,2,2,True,target_available_at_arrival,available_count>0 at panel tick nearest as_of+tmap_eta,tmap_routes
CV004318,2026-07-24 12:57:48,2026-07-24 13:31:48,2026-07-24 13:37:53,34,34.0,7.925,dongdaegu,2,2,True,target_available_at_arrival,available_count>0 at panel tick nearest as_of+tmap_eta,tmap_routes
ME181302,2026-07-31 19:35:33,2026-07-31 20:23:33,2026-07-31 20:25:41,48,47.9,13.111,dongdaegu,1,1,True,target_available_at_arrival,available_count>0 at panel tick nearest as_of+tmap_eta,tmap_routes
EC005058,2026-07-31 06:21:40,2026-07-31 06:48:40,2026-07-31 06:51:46,27,27.4,8.907,dongdaegu,1,1,True,target_available_at_arrival,available_count>0 at panel tick nearest as_of+tmap_eta,tmap_routes
PIS00556,2026-08-03 03:02:01,2026-08-03 03:29:01,2026-08-03 03:32:03,27,27.3,6.618,dongdaegu,3,3,True,target_available_at_arrival,available_count>0 at panel tick nearest as_of+tmap_eta,tmap_routes
ME18C257,2026-07-24 07:39:08,2026-07-24 08:36:08,2026-07-24 08:36:56,57,57.2,24.092,dongdaegu,2,2,True,target_available_at_arrival,available_count>0 at panel tick nearest as_of+tmap_eta,tmap_routes
ST271704,2026-08-01 15:11:31,2026-08-01 15:40:31,2026-08-01 15:41:35,29,29.4,7.17,dongdaegu,1,1,True,target_available_at_arrival,available_count>0 at panel tick nearest as_of+tmap_eta,tmap_routes
CV002115,2026-08-07 21:13:12,2026-08-07 21:43:12,2026-08-07 21:43:16,30,29.8,9.615,dongdaegu,4,4,True,target_available_at_arrival,available_count>0 at panel tick nearest as_of+tmap_eta,tmap_routes
EC270004,2026-08-07 20:23:07,2026-08-07 20:39:07,2026-08-07 20:43:08,16,15.7,3.318,dongdaegu,4,4,True,target_available_at_arrival,available_count>0 at panel tick nearest as_of+tmap_eta,tmap_routes
CV000224,2026-08-01 11:20:39,2026-08-01 11:38:39,2026-08-01 11:40:41,18,17.5,3.322,dongdaegu,2,2,True,target_available_at_arrival,available_count>0 at panel tick nearest as_of+tmap_eta,tmap_routes
CV000510,2026-08-09 01:43:02,2026-08-09 02:00:02,2026-08-09 02:03:03,17,16.9,3.721,dongdaegu,4,4,True,target_available_at_arrival,available_count>0 at panel tick nearest as_of+tmap_eta,tmap_routes
ST271709,2026-07-23 15:08:22,2026-07-23 15:37:22,2026-07-23 15:38:30,29,28.9,7.971,dongdaegu,2,2,True,target_available_at_arrival,available_count>0 at panel tick nearest as_of+tmap_eta,tmap_routes
DC530016,2026-08-01 11:10:38,2026-08-01 11:56:38,2026-08-01 12:00:43,46,46.0,9.407,dongdaegu,1,1,True,target_available_at_arrival,available_count>0 at panel tick nearest as_of+tmap_eta,tmap_routes
ME183053,2026-08-03 13:42:43,2026-08-03 14:19:43,2026-08-03 14:22:47,37,36.9,10.152,dongdaegu,1,1,True,target_available_at_arrival,available_count>0 at panel tick nearest as_of+tmap_eta,tmap_routes
ME23B114,2026-08-03 04:42:06,2026-08-03 05:09:06,2026-08-03 05:12:07,27,27.2,5.505,dongdaegu,1,1,True,target_available_at_arrival,available_count>0 at panel tick nearest as_of+tmap_eta,tmap_routes
KP000401,2026-08-02 15:58:34,2026-08-02 16:16:34,2026-08-02 16:18:38,18,18.3,3.635,dongdaegu,2,2,True,target_available_at_arrival,available_count>0 at panel tick nearest as_of+tmap_eta,tmap_routes
CV000534,2026-07-30 15:36:38,2026-07-30 16:02:38,2026-07-30 16:06:42,26,25.5,4.946,dongdaegu,1,0,False,target_available_at_arrival,available_count>0 at panel tick nearest as_of+tmap_eta,tmap_routes
ME21B301,2026-07-27 08:33:27,2026-07-27 09:08:27,2026-07-27 09:13:33,35,34.6,12.022,dongdaegu,1,2,True,target_available_at_arrival,available_count>0 at panel tick nearest as_of+tmap_eta,tmap_routes
PI740534,2026-07-23 07:39:31,2026-07-23 08:21:31,2026-07-23 08:24:51,42,42.3,12.826,dongdaegu,3,5,True,target_available_at_arrival,available_count>0 at panel tick nearest as_of+tmap_eta,tmap_routes
CV002203,2026-08-04 04:36:54,2026-08-04 05:11:54,2026-08-04 05:16:56,35,35.2,13.714,dongdaegu,4,4,True,target_available_at_arrival,available_count>0 at panel tick nearest as_of+tmap_eta,tmap_routes
EV006220,2026-07-30 14:05:56,2026-07-30 14:43:56,2026-07-30 14:46:08,38,37.6,13.391,dongdaegu,1,1,True,target_available_at_arrival,available_count>0 at panel tick nearest as_of+tmap_eta,tmap_routes
CV003079,2026-07-21 13:21:40,2026-07-21 13:37:40,2026-07-21 13:41:49,16,16.3,3.908,dongdaegu,1,1,True,target_available_at_arrival,available_count>0 at panel tick nearest as_of+tmap_eta,tmap_routes
CV003110,2026-08-09 04:53:11,2026-08-09 05:27:11,2026-08-09 05:33:14,34,34.0,10.462,dongdaegu,1,1,True,target_available_at_arrival,available_count>0 at panel tick nearest as_of+tmap_eta,tmap_routes
AZ100023,2026-07-24 13:17:51,2026-07-24 13:41:51,2026-07-24 13:47:56,24,23.6,5.362,dongdaegu,1,1,True,target_available_at_arrival,available_count>0 at panel tick nearest as_of+tmap_eta,tmap_routes
CV004464,2026-07-23 10:26:09,2026-07-23 10:50:09,2026-07-23 10:51:33,24,23.7,8.761,dongdaegu,1,3,True,target_available_at_arrival,available_count>0 at panel tick nearest as_of+tmap_eta,tmap_routes
CV003482,2026-07-23 13:02:39,2026-07-23 13:28:39,2026-07-23 13:32:47,26,25.5,4.456,dongdaegu,3,1,True,target_available_at_arrival,available_count>0 at panel tick nearest as_of+tmap_eta,tmap_routes
CV004464,2026-07-18 20:21:11,2026-07-18 20:45:11,2026-07-18 20:51:15,24,23.7,8.761,dongdaegu,3,3,True,target_available_at_arrival,available_count>0 at panel tick nearest as_of+tmap_eta,tmap_routes
CV003716,2026-08-07 01:51:18,2026-08-07 02:39:18,2026-08-07 02:41:20,48,48.1,26.925,dongdaegu,5,5,True,target_available_at_arrival,available_count>0 at panel tick nearest as_of+tmap_eta,tmap_routes
SF001284,2026-07-29 23:10:22,2026-07-29 23:29:22,2026-07-29 23:30:24,19,18.6,3.943,dongdaegu,2,2,True,target_available_at_arrival,available_count>0 at panel tick nearest as_of+tmap_eta,tmap_routes
CV003150,2026-07-28 19:23:10,2026-07-28 19:51:10,2026-07-28 19:53:15,28,28.1,8.577,dongdaegu,1,1,True,target_available_at_arrival,available_count>0 at panel tick nearest as_of+tmap_eta,tmap_routes
SF000611,2026-08-07 20:33:07,2026-08-07 20:42:07,2026-08-07 20:43:08,9,9.2,1.794,dongdaegu,48,48,True,target_available_at_arrival,available_count>0 at panel tick nearest as_of+tmap_eta,tmap_routes
CU530006,2026-08-03 05:02:06,2026-08-03 05:19:06,2026-08-03 05:22:07,17,17.2,4.121,dongdaegu,9,9,True,target_available_at_arrival,available_count>0 at panel tick nearest as_of+tmap_eta,tmap_routes
CV002115,2026-08-08 23:38:49,2026-08-09 00:08:49,2026-08-09 00:08:50,30,29.8,9.615,dongdaegu,4,4,True,target_available_at_arrival,available_count>0 at panel tick nearest as_of+tmap_eta,tmap_routes
NT101931,2026-07-27 02:32:27,2026-07-27 03:10:27,2026-07-27 03:12:30,38,37.5,9.161,dongdaegu,1,1,True,target_available_at_arrival,available_count>0 at panel tick nearest as_of+tmap_eta,tmap_routes
HW000646,2026-07-28 23:53:52,2026-07-29 00:20:52,2026-07-29 00:26:12,27,27.0,5.569,dongdaegu,1,1,True,target_available_at_arrival,available_count>0 at panel tick nearest as_of+tmap_eta,tmap_routes
PI530290,2026-07-23 05:58:57,2026-07-23 06:26:57,2026-07-23 06:29:05,28,28.5,5.483,dongdaegu,1,1,True,target_available_at_arrival,available_count>0 at panel tick nearest as_of+tmap_eta,tmap_routes
NT100890,2026-07-30 15:26:37,2026-07-30 16:24:37,2026-07-30 16:26:45,58,58.0,25.646,dongdaegu,3,3,True,target_available_at_arrival,available_count>0 at panel tick nearest as_of+tmap_eta,tmap_routes
NX000024,2026-07-28 14:41:35,2026-07-28 15:00:35,2026-07-28 15:01:37,19,19.2,5.643,dongdaegu,5,5,True,target_available_at_arrival,available_count>0 at panel tick nearest as_of+tmap_eta,tmap_routes
PI740311,2026-08-07 11:12:04,2026-08-07 11:29:04,2026-08-07 11:32:05,17,17.3,2.985,dongdaegu,1,1,True,target_available_at_arrival,available_count>0 at panel tick nearest as_of+tmap_eta,tmap_routes
CV000547,2026-08-02 13:08:04,2026-08-02 13:27:04,2026-08-02 13:28:10,19,18.8,4.043,dongdaegu,1,1,True,target_available_at_arrival,available_count>0 at panel tick nearest as_of+tmap_eta,tmap_routes
EV006497,2026-08-08 17:48:18,2026-08-08 18:27:18,2026-08-08 18:28:25,39,39.0,10.915,dongdaegu,3,3,True,target_available_at_arrival,available_count>0 at panel tick nearest as_of+tmap_eta,tmap_routes
CV000831,2026-07-25 14:14:53,2026-07-25 14:24:53,2026-07-25 14:24:54,10,9.9,0.571,dongdaegu,1,1,True,target_available_at_arrival,available_count>0 at panel tick nearest as_of+tmap_eta,tmap_routes
EV016325,2026-08-06 17:36:44,2026-08-06 17:51:44,2026-08-06 17:56:46,15,15.2,3.142,dongdaegu,1,1,True,target_available_at_arrival,available_count>0 at panel tick nearest as_of+tmap_eta,tmap_routes
ME25C276,2026-08-03 22:24:04,2026-08-03 23:22:04,2026-08-03 23:24:08,58,58.0,30.689,dongdaegu,2,2,True,target_available_at_arrival,available_count>0 at panel tick nearest as_of+tmap_eta,tmap_routes
CU530006,2026-08-08 10:27:43,2026-08-08 10:44:43,2026-08-08 10:47:44,17,17.2,4.121,dongdaegu,12,12,True,target_available_at_arrival,available_count>0 at panel tick nearest as_of+tmap_eta,tmap_routes
ME19D216,2026-07-25 09:03:46,2026-07-25 09:26:46,2026-07-25 09:34:00,23,22.9,4.76,dongdaegu,2,2,True,target_available_at_arrival,available_count>0 at panel tick nearest as_of+tmap_eta,tmap_routes
PIH01276,2026-08-06 12:06:18,2026-08-06 12:21:18,2026-08-06 12:26:19,15,15.4,3.464,dongdaegu,17,18,True,target_available_at_arrival,available_count>0 at panel tick nearest as_of+tmap_eta,tmap_routes
PI740435,2026-07-23 10:46:30,2026-07-23 11:24:30,2026-07-23 11:26:56,38,37.5,11.158,dongdaegu,1,1,True,target_available_at_arrival,available_count>0 at panel tick nearest as_of+tmap_eta,tmap_routes
ME183053,2026-07-29 15:48:51,2026-07-29 16:25:51,2026-07-29 16:28:58,37,36.9,10.152,dongdaegu,1,1,True,target_available_at_arrival,available_count>0 at panel tick nearest as_of+tmap_eta,tmap_routes
CV001635,2026-07-28 01:18:24,2026-07-28 01:56:24,2026-07-28 01:58:28,38,37.6,10.026,dongdaegu,1,1,True,target_available_at_arrival,available_count>0 at panel tick nearest as_of+tmap_eta,tmap_routes
PI530294,2026-08-02 04:46:40,2026-08-02 05:01:40,2026-08-02 05:06:43,15,14.9,2.628,dongdaegu,1,1,True,target_available_at_arrival,available_count>0 at panel tick nearest as_of+tmap_eta,tmap_routes
LU100689,2026-08-02 22:19:27,2026-08-02 23:15:27,2026-08-02 23:19:32,56,56.1,25.94,dongdaegu,2,2,True,target_available_at_arrival,available_count>0 at panel tick nearest as_of+tmap_eta,tmap_routes
CV001767,2026-07-25 09:44:02,2026-07-25 10:19:02,2026-07-25 10:24:09,35,35.3,7.264,dongdaegu,1,0,False,target_available_at_arrival,available_count>0 at panel tick nearest as_of+tmap_eta,tmap_routes
CI0F0001,2026-08-04 17:37:44,2026-08-04 18:00:44,2026-08-04 18:07:46,23,22.9,3.818,dongdaegu,1,1,True,target_available_at_arrival,available_count>0 at panel tick nearest as_of+tmap_eta,tmap_routes
KP002184,2026-08-03 21:33:59,2026-08-03 22:02:59,2026-08-03 22:04:03,29,28.6,8.977,dongdaegu,1,1,True,target_available_at_arrival,available_count>0 at panel tick nearest as_of+tmap_eta,tmap_routes
KP006964,2026-08-04 20:57:59,2026-08-04 21:51:59,2026-08-04 21:58:03,54,54.0,31.044,dongdaegu,1,1,True,target_available_at_arrival,available_count>0 at panel tick nearest as_of+tmap_eta,tmap_routes
SF003193,2026-08-04 17:07:42,2026-08-04 17:57:42,2026-08-04 17:57:45,50,49.9,24.795,dongdaegu,31,31,True,target_available_at_arrival,available_count>0 at panel tick nearest as_of+tmap_eta,tmap_routes
PI740250,2026-07-28 07:09:07,2026-07-28 07:33:07,2026-07-28 07:39:13,24,23.5,5.437,dongdaegu,1,1,True,target_available_at_arrival,available_count>0 at panel tick nearest as_of+tmap_eta,tmap_routes
CV002390,2026-08-03 23:44:08,2026-08-04 00:10:08,2026-08-04 00:16:41,26,25.7,8.182,dongdaegu,2,2,True,target_available_at_arrival,available_count>0 at panel tick nearest as_of+tmap_eta,tmap_routes
ME21B198,2026-08-02 08:37:18,2026-08-02 08:57:18,2026-08-02 08:57:20,20,20.2,2.393,dongdaegu,1,1,True,target_available_at_arrival,available_count>0 at panel tick nearest as_of+tmap_eta,tmap_routes
ME23A218,2026-07-31 02:20:55,2026-07-31 02:37:55,2026-07-31 02:40:57,17,17.0,2.221,dongdaegu,2,2,True,target_available_at_arrival,available_count>0 at panel tick nearest as_of+tmap_eta,tmap_routes
ME19C404,2026-08-03 06:52:13,2026-08-03 07:17:13,2026-08-03 07:22:14,25,25.1,5.074,dongdaegu,3,4,True,target_available_at_arrival,available_count>0 at panel tick nearest as_of+tmap_eta,tmap_routes
CV000805,2026-08-03 01:21:57,2026-08-03 01:58:57,2026-08-03 02:01:59,37,37.2,9.03,dongdaegu,1,1,True,target_available_at_arrival,available_count>0 at panel tick nearest as_of+tmap_eta,tmap_routes
ME25C172,2026-08-06 08:16:01,2026-08-06 08:32:01,2026-08-06 08:36:05,16,15.6,2.366,dongdaegu,1,1,True,target_available_at_arrival,available_count>0 at panel tick nearest as_of+tmap_eta,tmap_routes
PI530319,2026-08-05 22:52:29,2026-08-05 23:16:29,2026-08-05 23:22:31,24,24.1,8.34,dongdaegu,1,1,True,target_available_at_arrival,available_count>0 at panel tick nearest as_of+tmap_eta,tmap_routes
EV013753,2026-08-06 18:26:48,2026-08-06 18:54:48,2026-08-06 18:56:50,28,27.8,9.492,dongdaegu,1,1,True,target_available_at_arrival,available_count>0 at panel tick nearest as_of+tmap_eta,tmap_routes
CV001623,2026-07-24 17:48:46,2026-07-24 18:21:46,2026-07-24 18:29:00,33,33.0,8.52,dongdaegu,1,1,True,target_available_at_arrival,available_count>0 at panel tick nearest as_of+tmap_eta,tmap_routes
ME183077,2026-07-31 21:35:56,2026-07-31 22:41:56,2026-07-31 22:46:08,66,65.8,23.536,dongdaegu,1,1,True,target_available_at_arrival,available_count>0 at panel tick nearest as_of+tmap_eta,tmap_routes
CV002346,2026-08-05 09:41:24,2026-08-05 09:57:24,2026-08-05 10:01:25,16,15.5,2.801,dongdaegu,1,2,True,target_available_at_arrival,available_count>0 at panel tick nearest as_of+tmap_eta,tmap_routes
CV003256,2026-07-27 15:44:48,2026-07-27 16:48:48,2026-07-27 16:55:02,64,63.8,32.189,dongdaegu,11,10,True,target_available_at_arrival,available_count>0 at panel tick nearest as_of+tmap_eta,tmap_routes
EV003703,2026-08-02 20:59:19,2026-08-02 21:25:19,2026-08-02 21:29:22,26,25.8,7.845,dongdaegu,1,1,True,target_available_at_arrival,available_count>0 at panel tick nearest as_of+tmap_eta,tmap_routes
PIS00580,2026-08-03 17:23:00,2026-08-03 17:38:00,2026-08-03 17:43:45,15,15.2,2.833,dongdaegu,9,9,True,target_available_at_arrival,available_count>0 at panel tick nearest as_of+tmap_eta,tmap_routes
CV000543,2026-08-08 22:58:48,2026-08-08 23:08:48,2026-08-08 23:08:48,10,10.2,1.51,dongdaegu,1,1,True,target_available_at_arrival,available_count>0 at panel tick nearest as_of+tmap_eta,tmap_routes
PC001338,2026-07-24 05:58:25,2026-07-24 06:18:25,2026-07-24 06:18:37,20,20.1,4.064,dongdaegu,5,6,True,target_available_at_arrival,available_count>0 at panel tick nearest as_of+tmap_eta,tmap_routes
KE000359,2026-08-04 00:26:41,2026-08-04 01:12:41,2026-08-04 01:16:43,46,46.5,15.594,dongdaegu,3,3,True,target_available_at_arrival,available_count>0 at panel tick nearest as_of+tmap_eta,tmap_routes
SF002583,2026-07-29 08:27:41,2026-07-29 09:11:41,2026-07-29 09:17:56,44,44.5,9.471,dongdaegu,3,3,True,target_available_at_arrival,available_count>0 at panel tick nearest as_of+tmap_eta,tmap_routes
CV001113,2026-07-23 03:43:21,2026-07-23 04:15:21,2026-07-23 04:18:30,32,31.7,8.852,dongdaegu,1,1,True,target_available_at_arrival,available_count>0 at panel tick nearest as_of+tmap_eta,tmap_routes
ME183055,2026-07-26 09:38:08,2026-07-26 10:18:08,2026-07-26 10:18:13,40,40.0,13.395,dongdaegu,1,1,True,target_available_at_arrival,available_count>0 at panel tick nearest as_of+tmap_eta,tmap_routes
CV003286,2026-08-04 14:17:31,2026-08-04 14:52:31,2026-08-04 14:57:33,35,35.0,7.378,dongdaegu,2,2,True,target_available_at_arrival,available_count>0 at panel tick nearest as_of+tmap_eta,tmap_routes
NT101554,2026-08-01 11:20:39,2026-08-01 11:53:39,2026-08-01 12:00:43,33,33.0,9.405,dongdaegu,2,2,True,target_available_at_arrival,available_count>0 at panel tick nearest as_of+tmap_eta,tmap_routes
PW012390,2026-08-06 13:06:21,2026-08-06 13:32:21,2026-08-06 13:36:25,26,26.0,8.161,dongdaegu,1,1,True,target_available_at_arrival,available_count>0 at panel tick nearest as_of+tmap_eta,tmap_routes
CV001002,2026-07-28 17:52:36,2026-07-28 18:10:36,2026-07-28 18:12:53,18,17.5,3.402,dongdaegu,3,3,True,target_available_at_arrival,available_count>0 at panel tick nearest as_of+tmap_eta,tmap_routes
KP005267,2026-07-28 23:23:48,2026-07-28 23:43:48,2026-07-28 23:43:51,20,19.9,3.393,dongdaegu,1,1,True,target_available_at_arrival,available_count>0 at panel tick nearest as_of+tmap_eta,tmap_routes
ME18C147,2026-07-27 02:22:26,2026-07-27 03:28:26,2026-07-27 03:32:32,66,65.8,31.609,dongdaegu,1,1,True,target_available_at_arrival,available_count>0 at panel tick nearest as_of+tmap_eta,tmap_routes
CV003450,2026-07-28 13:21:10,2026-07-28 13:36:10,2026-07-28 13:41:12,15,14.7,2.789,dongdaegu,2,2,True,target_available_at_arrival,available_count>0 at panel tick nearest as_of+tmap_eta,tmap_routes
LU003223,2026-08-04 05:16:56,2026-08-04 05:30:56,2026-08-04 05:36:56,14,13.5,2.302,dongdaegu,2,2,True,target_available_at_arrival,available_count>0 at panel tick nearest as_of+tmap_eta,tmap_routes
EV008884,2026-07-25 21:54:41,2026-07-25 22:24:41,2026-07-25 22:24:46,30,29.9,10.451,dongdaegu,1,1,True,target_available_at_arrival,available_count>0 at panel tick nearest as_of+tmap_eta,tmap_routes
CV003444,2026-07-27 12:23:59,2026-07-27 12:51:59,2026-07-27 12:54:07,28,28.1,8.078,dongdaegu,1,1,True,target_available_at_arrival,available_count>0 at panel tick nearest as_of+tmap_eta,tmap_routes
BE241250,2026-08-02 14:18:17,2026-08-02 15:12:17,2026-08-02 15:18:28,54,54.0,26.162,dongdaegu,1,1,True,target_available_at_arrival,available_count>0 at panel tick nearest as_of+tmap_eta,tmap_routes
PI530305,2026-07-30 21:37:57,2026-07-30 22:22:57,2026-07-30 22:28:05,45,45.4,19.208,dongdaegu,2,2,True,target_available_at_arrival,available_count>0 at panel tick nearest as_of+tmap_eta,tmap_routes
SF001285,2026-08-04 13:17:28,2026-08-04 14:01:28,2026-08-04 14:07:30,44,44.5,9.471,dongdaegu,12,12,True,target_available_at_arrival,available_count>0 at panel tick nearest as_of+tmap_eta,tmap_routes
CV000542,2026-07-17 20:09:52,2026-07-17 20:19:52,2026-07-17 20:24:53,10,9.8,2.222,dongdaegu,1,1,True,target_available_at_arrival,available_count>0 at panel tick nearest as_of+tmap_eta,tmap_routes
ME19X404,2026-07-25 14:14:53,2026-07-25 14:38:53,2026-07-25 14:44:59,24,23.7,7.894,dongdaegu,6,6,True,target_available_at_arrival,available_count>0 at panel tick nearest as_of+tmap_eta,tmap_routes
ME25C173,2026-08-07 13:32:14,2026-08-07 13:46:14,2026-08-07 13:52:15,14,14.0,2.896,dongdaegu,1,1,True,target_available_at_arrival,available_count>0 at panel tick nearest as_of+tmap_eta,tmap_routes
PIH01900,2026-08-06 01:45:45,2026-08-06 02:00:45,2026-08-06 02:05:45,15,15.4,2.819,dongdaegu,1,1,True,target_available_at_arrival,available_count>0 at panel tick nearest as_of+tmap_eta,tmap_routes
PI740282,2026-07-30 13:25:42,2026-07-30 13:48:42,2026-07-30 13:55:52,23,23.3,6.255,dongdaegu,1,1,True,target_available_at_arrival,available_count>0 at panel tick nearest as_of+tmap_eta,tmap_routes
CV003286,2026-08-06 08:46:06,2026-08-06 09:21:06,2026-08-06 09:26:10,35,35.0,7.378,dongdaegu,1,1,True,target_available_at_arrival,available_count>0 at panel tick nearest as_of+tmap_eta,tmap_routes
PI000129,2026-07-27 23:16:18,2026-07-27 23:42:18,2026-07-27 23:46:22,26,25.7,6.621,dongdaegu,2,2,True,target_available_at_arrival,available_count>0 at panel tick nearest as_of+tmap_eta,tmap_routes
ST271709,2026-07-31 11:12:42,2026-07-31 11:41:42,2026-07-31 11:42:45,29,28.9,7.971,dongdaegu,2,2,True,target_available_at_arrival,available_count>0 at panel tick nearest as_of+tmap_eta,tmap_routes
CV002940,2026-07-27 08:03:22,2026-07-27 08:48:22,2026-07-27 08:53:30,45,44.8,18.996,dongdaegu,2,3,True,target_available_at_arrival,available_count>0 at panel tick nearest as_of+tmap_eta,tmap_routes
KE001011,2026-08-07 13:12:12,2026-08-07 13:42:12,2026-08-07 13:42:14,30,29.5,5.032,dongdaegu,1,1,True,target_available_at_arrival,available_count>0 at panel tick nearest as_of+tmap_eta,tmap_routes
PI540413,2026-08-05 16:31:58,2026-08-05 17:29:58,2026-08-05 17:32:02,58,58.1,26.276,dongdaegu,6,6,True,target_available_at_arrival,available_count>0 at panel tick nearest as_of+tmap_eta,tmap_routes
CV000539,2026-08-03 16:52:59,2026-08-03 17:17:59,2026-08-03 17:23:00,25,25.2,7.511,dongdaegu,1,1,True,target_available_at_arrival,available_count>0 at panel tick nearest as_of+tmap_eta,tmap_routes
KP005267,2026-08-07 18:22:45,2026-08-07 18:42:45,2026-08-07 18:42:48,20,19.9,3.393,dongdaegu,1,1,True,target_available_at_arrival,available_count>0 at panel tick nearest as_of+tmap_eta,tmap_routes
TS271401,2026-07-24 12:47:47,2026-07-24 13:15:47,2026-07-24 13:17:51,28,27.8,9.449,dongdaegu,1,0,False,target_available_at_arrival,available_count>0 at panel tick nearest as_of+tmap_eta,tmap_routes
HE240382,2026-07-31 14:23:09,2026-07-31 15:26:09,2026-07-31 15:33:23,63,62.7,24.773,dongdaegu,1,1,True,target_available_at_arrival,available_count>0 at panel tick nearest as_of+tmap_eta,tmap_routes
SF001002,2026-08-04 00:04:09,2026-08-04 00:26:09,2026-08-04 00:26:41,22,21.8,3.147,dongdaegu,1,1,True,target_available_at_arrival,available_count>0 at panel tick nearest as_of+tmap_eta,tmap_routes
CV001495,2026-07-24 18:39:04,2026-07-24 19:32:04,2026-07-24 19:39:13,53,53.3,26.138,dongdaegu,2,2,True,target_available_at_arrival,available_count>0 at panel tick nearest as_of+tmap_eta,tmap_routes
EV005710,2026-08-08 15:38:05,2026-08-08 16:13:05,2026-08-08 16:18:07,35,34.8,9.721,dongdaegu,3,3,True,target_available_at_arrival,available_count>0 at panel tick nearest as_of+tmap_eta,tmap_routes
CV003123,2026-07-23 14:48:04,2026-07-23 14:56:04,2026-07-23 14:58:19,8,8.5,0.332,dongdaegu,3,3,True,target_available_at_arrival,available_count>0 at panel tick nearest as_of+tmap_eta,tmap_routes
NX000023,2026-08-02 23:19:32,2026-08-02 23:38:32,2026-08-02 23:39:33,19,19.4,5.588,dongdaegu,2,2,True,target_available_at_arrival,available_count>0 at panel tick nearest as_of+tmap_eta,tmap_routes
CV000519,2026-07-29 23:30:24,2026-07-29 23:56:24,2026-07-30 00:00:31,26,25.8,5.074,dongdaegu,1,1,True,target_available_at_arrival,available_count>0 at panel tick nearest as_of+tmap_eta,tmap_routes
EV005432,2026-07-31 08:22:20,2026-07-31 09:01:20,2026-07-31 09:02:26,39,39.4,9.3,dongdaegu,2,2,True,target_available_at_arrival,available_count>0 at panel tick nearest as_of+tmap_eta,tmap_routes
ME24A244,2026-08-07 14:02:15,2026-08-07 14:57:15,2026-08-07 15:02:19,55,54.7,27.807,dongdaegu,2,2,True,target_available_at_arrival,available_count>0 at panel tick nearest as_of+tmap_eta,tmap_routes
CV003458,2026-07-27 11:53:56,2026-07-27 12:16:56,2026-07-27 12:23:59,23,23.1,5.357,dongdaegu,1,1,True,target_available_at_arrival,available_count>0 at panel tick nearest as_of+tmap_eta,tmap_routes
CV001545,2026-08-04 14:57:33,2026-08-04 15:45:33,2026-08-04 15:47:36,48,48.1,22.949,dongdaegu,2,2,True,target_available_at_arrival,available_count>0 at panel tick nearest as_of+tmap_eta,tmap_routes
PI530314,2026-07-31 03:21:04,2026-07-31 04:15:04,2026-07-31 04:21:19,54,54.5,39.869,dongdaegu,2,2,True,target_available_at_arrival,available_count>0 at panel tick nearest as_of+tmap_eta,tmap_routes
CV003076,2026-08-07 12:12:07,2026-08-07 12:40:07,2026-08-07 12:42:09,28,27.8,6.202,dongdaegu,1,1,True,target_available_at_arrival,available_count>0 at panel tick nearest as_of+tmap_eta,tmap_routes
KE000548,2026-07-24 08:16:52,2026-07-24 08:21:52,2026-07-24 08:26:54,5,4.6,0.685,dongdaegu,1,1,True,target_available_at_arrival,available_count>0 at panel tick nearest as_of+tmap_eta,tmap_routes
PI740666,2026-08-08 08:07:32,2026-08-08 08:46:32,2026-08-08 08:47:34,39,39.1,12.214,dongdaegu,1,1,True,target_available_at_arrival,available_count>0 at panel tick nearest as_of+tmap_eta,tmap_routes
PC001965,2026-07-27 23:16:18,2026-07-27 23:30:18,2026-07-27 23:36:21,14,14.5,2.68,dongdaegu,2,2,True,target_available_at_arrival,available_count>0 at panel tick nearest as_of+tmap_eta,tmap_routes
PI530290,2026-08-05 05:31:09,2026-08-05 05:59:09,2026-08-05 06:01:10,28,28.5,5.483,dongdaegu,1,1,True,target_available_at_arrival,available_count>0 at panel tick nearest as_of+tmap_eta,tmap_routes
LU100907,2026-08-03 21:44:00,2026-08-03 22:00:00,2026-08-03 22:04:03,16,15.8,3.485,dongdaegu,3,3,True,target_available_at_arrival,available_count>0 at panel tick nearest as_of+tmap_eta,tmap_routes
CV003144,2026-07-29 18:39:33,2026-07-29 19:04:33,2026-07-29 19:09:38,25,24.9,8.247,dongdaegu,3,3,True,target_available_at_arrival,available_count>0 at panel tick nearest as_of+tmap_eta,tmap_routes
CV001123,2026-07-23 05:18:45,2026-07-23 05:58:45,2026-07-23 05:58:57,40,40.0,13.364,dongdaegu,1,1,True,target_available_at_arrival,available_count>0 at panel tick nearest as_of+tmap_eta,tmap_routes
ME183065,2026-07-24 14:58:15,2026-07-24 15:32:15,2026-07-24 15:38:21,34,34.4,10.368,dongdaegu,1,1,True,target_available_at_arrival,available_count>0 at panel tick nearest as_of+tmap_eta,tmap_routes
KP005644,2026-08-08 07:07:27,2026-08-08 07:20:27,2026-08-08 07:27:28,13,12.8,1.502,dongdaegu,2,2,True,target_available_at_arrival,available_count>0 at panel tick nearest as_of+tmap_eta,tmap_routes
CV002163,2026-07-27 21:46:08,2026-07-27 22:13:08,2026-07-27 22:16:12,27,26.6,6.988,dongdaegu,8,8,True,target_available_at_arrival,available_count>0 at panel tick nearest as_of+tmap_eta,tmap_routes
CV002952,2026-08-04 23:38:08,2026-08-05 00:29:08,2026-08-05 00:30:58,51,50.7,33.64,dongdaegu,2,2,True,target_available_at_arrival,available_count>0 at panel tick nearest as_of+tmap_eta,tmap_routes
CV001493,2026-07-31 21:15:53,2026-07-31 21:49:53,2026-07-31 21:55:58,34,33.5,10.19,dongdaegu,4,4,True,target_available_at_arrival,available_count>0 at panel tick nearest as_of+tmap_eta,tmap_routes
KL002700,2026-07-27 07:13:06,2026-07-27 07:31:06,2026-07-27 07:33:17,18,17.7,3.558,dongdaegu,1,1,True,target_available_at_arrival,available_count>0 at panel tick nearest as_of+tmap_eta,tmap_routes
CV001462,2026-08-03 22:04:03,2026-08-03 22:28:03,2026-08-03 22:34:05,24,23.7,5.26,dongdaegu,2,2,True,target_available_at_arrival,available_count>0 at panel tick nearest as_of+tmap_eta,tmap_routes
HE001033,2026-07-31 15:44:34,2026-07-31 16:10:34,2026-07-31 16:14:42,26,26.1,6.663,dongdaegu,1,1,True,target_available_at_arrival,available_count>0 at panel tick nearest as_of+tmap_eta,tmap_routes
ME24A248,2026-07-25 07:51:55,2026-07-25 08:52:55,2026-07-25 08:53:43,61,61.2,23.606,dongdaegu,2,2,True,target_available_at_arrival,available_count>0 at panel tick nearest as_of+tmap_eta,tmap_routes
PI740068,2026-07-23 15:13:24,2026-07-23 15:29:24,2026-07-23 15:33:29,16,16.2,3.016,dongdaegu,2,2,True,target_available_at_arrival,available_count>0 at panel tick nearest as_of+tmap_eta,tmap_routes
PC001338,2026-08-04 09:27:10,2026-08-04 09:47:10,2026-08-04 09:47:11,20,20.1,4.064,dongdaegu,10,10,True,target_available_at_arrival,available_count>0 at panel tick nearest as_of+tmap_eta,tmap_routes
PW000293,2026-07-30 00:53:00,2026-07-30 01:08:00,2026-07-30 01:13:02,15,14.7,1.056,dongdaegu,1,1,True,target_available_at_arrival,available_count>0 at panel tick nearest as_of+tmap_eta,tmap_routes
EV008162,2026-08-03 20:53:57,2026-08-03 21:30:57,2026-08-03 21:33:59,37,37.1,10.275,dongdaegu,1,0,False,target_available_at_arrival,available_count>0 at panel tick nearest as_of+tmap_eta,tmap_routes
NX000023,2026-07-28 16:12:12,2026-07-28 16:31:12,2026-07-28 16:32:17,19,19.4,5.588,dongdaegu,2,2,True,target_available_at_arrival,available_count>0 at panel tick nearest as_of+tmap_eta,tmap_routes
EV006615,2026-07-28 22:53:42,2026-07-28 23:31:42,2026-07-28 23:33:50,38,37.6,13.391,dongdaegu,1,0,False,target_available_at_arrival,available_count>0 at panel tick nearest as_of+tmap_eta,tmap_routes
CV001127,2026-07-23 03:08:12,2026-07-23 03:29:12,2026-07-23 03:33:19,21,21.1,5.384,dongdaegu,2,2,True,target_available_at_arrival,available_count>0 at panel tick nearest as_of+tmap_eta,tmap_routes
ST600335,2026-07-30 16:26:45,2026-07-30 16:32:45,2026-07-30 16:36:46,6,6.3,0.045,dongdaegu,3,3,True,target_available_at_arrival,available_count>0 at panel tick nearest as_of+tmap_eta,tmap_routes
CV003084,2026-08-06 17:36:44,2026-08-06 18:19:44,2026-08-06 18:26:48,43,43.2,12.141,dongdaegu,1,1,True,target_available_at_arrival,available_count>0 at panel tick nearest as_of+tmap_eta,tmap_routes
CV000504,2026-08-06 17:56:46,2026-08-06 18:24:46,2026-08-06 18:26:48,28,28.4,8.106,dongdaegu,2,2,True,target_available_at_arrival,available_count>0 at panel tick nearest as_of+tmap_eta,tmap_routes
HE240382,2026-07-26 18:59:28,2026-07-26 20:02:28,2026-07-26 20:09:38,63,62.7,24.773,dongdaegu,1,1,True,target_available_at_arrival,available_count>0 at panel tick nearest as_of+tmap_eta,tmap_routes
BNBN0721,2026-07-30 11:35:14,2026-07-30 12:00:14,2026-07-30 12:05:18,25,25.2,6.457,dongdaegu,1,1,True,target_available_at_arrival,available_count>0 at panel tick nearest as_of+tmap_eta,tmap_routes
PI747199,2026-08-05 17:02:00,2026-08-05 17:29:00,2026-08-05 17:32:02,27,27.3,5.386,dongdaegu,3,3,True,target_available_at_arrival,available_count>0 at panel tick nearest as_of+tmap_eta,tmap_routes
PI740349,2026-08-07 11:52:06,2026-08-07 12:42:06,2026-08-07 12:42:09,50,50.5,27.821,dongdaegu,1,2,True,target_available_at_arrival,available_count>0 at panel tick nearest as_of+tmap_eta,tmap_routes
PW801190,2026-08-01 01:49:07,2026-08-01 02:43:07,2026-08-01 02:49:12,54,54.1,25.446,dongdaegu,4,4,True,target_available_at_arrival,available_count>0 at panel tick nearest as_of+tmap_eta,tmap_routes
CV003560,2026-08-02 16:58:42,2026-08-02 17:54:42,2026-08-02 17:58:50,56,55.9,32.014,dongdaegu,1,1,True,target_available_at_arrival,available_count>0 at panel tick nearest as_of+tmap_eta,tmap_routes
ST600399,2026-07-28 00:58:22,2026-07-28 01:55:22,2026-07-28 01:58:28,57,57.3,23.048,dongdaegu,4,4,True,target_available_at_arrival,available_count>0 at panel tick nearest as_of+tmap_eta,tmap_routes
CV002069,2026-07-23 13:07:41,2026-07-23 13:37:41,2026-07-23 13:37:48,30,29.8,9.584,dongdaegu,1,1,True,target_available_at_arrival,available_count>0 at panel tick nearest as_of+tmap_eta,tmap_routes
AZ100007,2026-08-09 04:43:11,2026-08-09 05:07:11,2026-08-09 05:13:12,24,23.6,5.362,dongdaegu,1,1,True,target_available_at_arrival,available_count>0 at panel tick nearest as_of+tmap_eta,tmap_routes
EV005961,2026-08-03 17:43:45,2026-08-03 18:29:45,2026-08-03 18:33:49,46,45.5,15.14,dongdaegu,4,4,True,target_available_at_arrival,available_count>0 at panel tick nearest as_of+tmap_eta,tmap_routes
ME20C182,2026-07-26 20:19:40,2026-07-26 20:48:40,2026-07-26 20:49:44,29,28.9,5.93,dongdaegu,1,1,True,target_available_at_arrival,available_count>0 at panel tick nearest as_of+tmap_eta,tmap_routes
CV001678,2026-07-18 21:51:18,2026-07-18 22:30:18,2026-07-18 22:36:21,39,39.3,11.521,dongdaegu,2,2,True,target_available_at_arrival,available_count>0 at panel tick nearest as_of+tmap_eta,tmap_routes
CV001491,2026-07-29 23:30:24,2026-07-29 23:54:24,2026-07-30 00:00:31,24,24.3,7.173,dongdaegu,4,4,True,target_available_at_arrival,available_count>0 at panel tick nearest as_of+tmap_eta,tmap_routes
CV002115,2026-08-05 05:01:08,2026-08-05 05:31:08,2026-08-05 05:31:09,30,29.8,9.615,dongdaegu,3,3,True,target_available_at_arrival,available_count>0 at panel tick nearest as_of+tmap_eta,tmap_routes
ST601225,2026-07-28 07:49:17,2026-07-28 07:59:17,2026-07-28 07:59:18,10,9.8,1.871,dongdaegu,2,2,True,target_available_at_arrival,available_count>0 at panel tick nearest as_of+tmap_eta,tmap_routes
NT101228,2026-08-06 22:57:17,2026-08-06 23:22:17,2026-08-06 23:27:19,25,25.2,6.875,dongdaegu,2,2,True,target_available_at_arrival,available_count>0 at panel tick nearest as_of+tmap_eta,tmap_routes
ME183065,2026-07-24 00:36:30,2026-07-24 01:10:30,2026-07-24 01:11:46,34,34.4,10.368,dongdaegu,1,1,True,target_available_at_arrival,available_count>0 at panel tick nearest as_of+tmap_eta,tmap_routes
HM000722,2026-08-05 15:51:56,2026-08-05 16:41:56,2026-08-05 16:41:58,50,49.6,13.089,dongdaegu,13,10,True,target_available_at_arrival,available_count>0 at panel tick nearest as_of+tmap_eta,tmap_routes
CV001906,2026-07-26 16:39:09,2026-07-26 17:09:09,2026-07-26 17:09:13,30,29.6,8.24,dongdaegu,3,1,True,target_available_at_arrival,available_count>0 at panel tick nearest as_of+tmap_eta,tmap_routes
PI000126,2026-07-30 17:27:04,2026-07-30 18:04:04,2026-07-30 18:07:09,37,36.9,10.677,dongdaegu,2,2,True,target_available_at_arrival,available_count>0 at panel tick nearest as_of+tmap_eta,tmap_routes
CV002389,2026-07-31 17:04:57,2026-07-31 17:31:57,2026-07-31 17:35:04,27,26.9,8.258,dongdaegu,1,1,True,target_available_at_arrival,available_count>0 at panel tick nearest as_of+tmap_eta,tmap_routes
PIH00153,2026-08-07 11:12:04,2026-08-07 11:48:04,2026-08-07 11:52:06,36,35.6,10.821,dongdaegu,8,8,True,target_available_at_arrival,available_count>0 at panel tick nearest as_of+tmap_eta,tmap_routes
ME19C130,2026-07-28 17:12:31,2026-07-28 18:19:31,2026-07-28 18:22:54,67,66.8,43.953,dongdaegu,1,1,True,target_available_at_arrival,available_count>0 at panel tick nearest as_of+tmap_eta,tmap_routes
PW014349,2026-08-05 21:22:25,2026-08-05 21:39:25,2026-08-05 21:42:26,17,16.6,2.081,dongdaegu,3,3,True,target_available_at_arrival,available_count>0 at panel tick nearest as_of+tmap_eta,tmap_routes
PI530286,2026-07-18 16:20:47,2026-07-18 16:48:47,2026-07-18 16:50:49,28,28.1,7.492,dongdaegu,1,1,True,target_available_at_arrival,available_count>0 at panel tick nearest as_of+tmap_eta,tmap_routes
ME19C130,2026-07-29 10:28:05,2026-07-29 11:35:05,2026-07-29 11:38:15,67,66.8,43.953,dongdaegu,1,1,True,target_available_at_arrival,available_count>0 at panel tick nearest as_of+tmap_eta,tmap_routes
CV000799,2026-07-31 22:56:10,2026-07-31 23:40:10,2026-07-31 23:46:16,44,43.8,8.916,dongdaegu,1,1,True,target_available_at_arrival,available_count>0 at panel tick nearest as_of+tmap_eta,tmap_routes
KRC10088,2026-08-03 19:13:51,2026-08-03 19:49:51,2026-08-03 19:53:54,36,36.4,11.942,dongdaegu,1,1,True,target_available_at_arrival,available_count>0 at panel tick nearest as_of+tmap_eta,tmap_routes
DC530024,2026-08-06 02:05:45,2026-08-06 02:24:45,2026-08-06 02:25:46,19,18.9,3.851,dongdaegu,3,3,True,target_available_at_arrival,available_count>0 at panel tick nearest as_of+tmap_eta,tmap_routes
CV004555,2026-07-27 22:56:16,2026-07-27 23:16:16,2026-07-27 23:16:18,20,19.8,3.775,dongdaegu,1,2,True,target_available_at_arrival,available_count>0 at panel tick nearest as_of+tmap_eta,tmap_routes
CV000665,2026-08-03 19:53:54,2026-08-03 20:22:54,2026-08-03 20:23:56,29,29.3,6.294,dongdaegu,3,3,True,target_available_at_arrival,available_count>0 at panel tick nearest as_of+tmap_eta,tmap_routes
CV003146,2026-08-06 00:45:42,2026-08-06 01:30:42,2026-08-06 01:35:44,45,44.9,22.12,dongdaegu,1,1,True,target_available_at_arrival,available_count>0 at panel tick nearest as_of+tmap_eta,tmap_routes
CV000985,2026-07-26 02:57:05,2026-07-26 03:42:05,2026-07-26 03:47:14,45,44.6,13.107,dongdaegu,3,3,True,target_available_at_arrival,available_count>0 at panel tick nearest as_of+tmap_eta,tmap_routes
KP003777,2026-08-06 03:45:49,2026-08-06 03:59:49,2026-08-06 04:05:50,14,13.6,3.777,dongdaegu,1,1,True,target_available_at_arrival,available_count>0 at panel tick nearest as_of+tmap_eta,tmap_routes
CV001314,2026-07-31 00:40:46,2026-07-31 01:35:46,2026-07-31 01:40:51,55,55.4,31.478,dongdaegu,2,2,True,target_available_at_arrival,available_count>0 at panel tick nearest as_of+tmap_eta,tmap_routes
PI122336,2026-07-28 01:28:25,2026-07-28 02:11:25,2026-07-28 02:18:30,43,43.4,15.158,dongdaegu,1,1,True,target_available_at_arrival,available_count>0 at panel tick nearest as_of+tmap_eta,tmap_routes
PI740140,2026-07-31 05:41:35,2026-07-31 06:11:35,2026-07-31 06:11:39,30,30.1,9.429,dongdaegu,2,2,True,target_available_at_arrival,available_count>0 at panel tick nearest as_of+tmap_eta,tmap_routes
TS272902,2026-07-30 14:36:07,2026-07-30 15:04:07,2026-07-30 15:06:25,28,28.4,9.806,dongdaegu,2,2,True,target_available_at_arrival,available_count>0 at panel tick nearest as_of+tmap_eta,tmap_routes
CV002087,2026-08-05 03:21:05,2026-08-05 03:35:05,2026-08-05 03:41:05,14,14.4,1.77,dongdaegu,1,1,True,target_available_at_arrival,available_count>0 at panel tick nearest as_of+tmap_eta,tmap_routes
LU001877,2026-07-28 22:53:42,2026-07-28 23:22:42,2026-07-28 23:23:48,29,29.3,9.229,dongdaegu,6,6,True,target_available_at_arrival,available_count>0 at panel tick nearest as_of+tmap_eta,tmap_routes
PI530300,2026-08-03 19:23:52,2026-08-03 19:46:52,2026-08-03 19:53:54,23,23.2,6.203,dongdaegu,1,1,True,target_available_at_arrival,available_count>0 at panel tick nearest as_of+tmap_eta,tmap_routes
AZ100021,2026-07-22 15:40:33,2026-07-22 16:10:33,2026-07-22 16:10:37,30,29.5,8.226,dongdaegu,1,2,True,target_available_at_arrival,available_count>0 at panel tick nearest as_of+tmap_eta,tmap_routes
CV000535,2026-07-28 08:29:24,2026-07-28 08:43:24,2026-07-28 08:49:35,14,13.6,2.312,dongdaegu,1,0,False,target_available_at_arrival,available_count>0 at panel tick nearest as_of+tmap_eta,tmap_routes
KL001763,2026-08-01 15:31:34,2026-08-01 16:18:34,2026-08-01 16:21:48,47,47.2,19.423,dongdaegu,1,1,True,target_available_at_arrival,available_count>0 at panel tick nearest as_of+tmap_eta,tmap_routes
AZ100019,2026-08-07 14:02:15,2026-08-07 14:31:15,2026-08-07 14:32:17,29,28.9,6.805,dongdaegu,2,3,True,target_available_at_arrival,available_count>0 at panel tick nearest as_of+tmap_eta,tmap_routes
PI530292,2026-08-06 06:45:56,2026-08-06 06:58:56,2026-08-06 07:05:57,13,13.1,3.081,dongdaegu,4,4,True,target_available_at_arrival,available_count>0 at panel tick nearest as_of+tmap_eta,tmap_routes
CV001426,2026-08-04 17:27:43,2026-08-04 17:55:43,2026-08-04 17:57:45,28,27.9,8.018,dongdaegu,2,2,True,target_available_at_arrival,available_count>0 at panel tick nearest as_of+tmap_eta,tmap_routes
PI730006,2026-07-31 14:33:10,2026-07-31 14:40:10,2026-07-31 14:43:11,7,7.0,0.797,dongdaegu,2,2,True,target_available_at_arrival,available_count>0 at panel tick nearest as_of+tmap_eta,tmap_routes
CV001969,2026-08-07 02:31:20,2026-08-07 03:01:20,2026-08-07 03:01:21,30,29.9,6.01,dongdaegu,1,1,True,target_available_at_arrival,available_count>0 at panel tick nearest as_of+tmap_eta,tmap_routes
ME19W401,2026-07-28 02:58:34,2026-07-28 03:52:34,2026-07-28 03:58:40,54,53.5,31.956,dongdaegu,8,8,True,target_available_at_arrival,available_count>0 at panel tick nearest as_of+tmap_eta,tmap_routes
KP005833,2026-07-26 18:09:22,2026-07-26 19:02:22,2026-07-26 19:09:30,53,53.4,23.9,dongdaegu,1,1,True,target_available_at_arrival,available_count>0 at panel tick nearest as_of+tmap_eta,tmap_routes
KP010445,2026-08-04 23:18:07,2026-08-04 23:32:07,2026-08-04 23:38:08,14,13.8,2.285,dongdaegu,2,2,True,target_available_at_arrival,available_count>0 at panel tick nearest as_of+tmap_eta,tmap_routes
PI000237,2026-07-30 20:37:47,2026-07-30 21:06:47,2026-07-30 21:07:53,29,29.1,6.673,dongdaegu,1,1,True,target_available_at_arrival,available_count>0 at panel tick nearest as_of+tmap_eta,tmap_routes
CV001971,2026-07-30 00:42:59,2026-07-30 00:56:59,2026-07-30 01:03:01,14,14.4,3.104,dongdaegu,1,1,True,target_available_at_arrival,available_count>0 at panel tick nearest as_of+tmap_eta,tmap_routes
SF002471,2026-08-07 14:42:17,2026-08-07 15:15:17,2026-08-07 15:22:28,33,32.8,12.4,dongdaegu,1,1,True,target_available_at_arrival,available_count>0 at panel tick nearest as_of+tmap_eta,tmap_routes
ME183067,2026-08-01 18:12:11,2026-08-01 18:37:11,2026-08-01 18:42:15,25,24.9,5.762,dongdaegu,1,1,True,target_available_at_arrival,available_count>0 at panel tick nearest as_of+tmap_eta,tmap_routes
PI740149,2026-07-29 15:28:49,2026-07-29 15:46:49,2026-07-29 15:48:51,18,17.5,3.784,dongdaegu,2,2,True,target_available_at_arrival,available_count>0 at panel tick nearest as_of+tmap_eta,tmap_routes
PI740524,2026-07-22 09:19:12,2026-07-22 09:33:12,2026-07-22 09:39:15,14,14.4,2.794,dongdaegu,2,2,True,target_available_at_arrival,available_count>0 at panel tick nearest as_of+tmap_eta,tmap_routes
CV000979,2026-08-08 22:38:43,2026-08-08 22:57:43,2026-08-08 22:58:48,19,19.1,5.333,dongdaegu,1,1,True,target_available_at_arrival,available_count>0 at panel tick nearest as_of+tmap_eta,tmap_routes
ME183068,2026-07-26 13:18:42,2026-07-26 13:42:42,2026-07-26 13:48:45,24,23.9,7.001,dongdaegu,1,0,False,target_available_at_arrival,available_count>0 at panel tick nearest as_of+tmap_eta,tmap_routes
EV005193,2026-08-04 18:27:47,2026-08-04 19:02:47,2026-08-04 19:07:50,35,35.0,9.715,dongdaegu,3,3,True,target_available_at_arrival,available_count>0 at panel tick nearest as_of+tmap_eta,tmap_routes
ME22C1A4,2026-07-22 10:19:25,2026-07-22 11:09:25,2026-07-22 11:09:40,50,49.7,23.023,dongdaegu,1,1,True,target_available_at_arrival,available_count>0 at panel tick nearest as_of+tmap_eta,tmap_routes
ST600274,2026-08-03 03:32:03,2026-08-03 04:07:03,2026-08-03 04:12:04,35,35.3,17.509,dongdaegu,1,1,True,target_available_at_arrival,available_count>0 at panel tick nearest as_of+tmap_eta,tmap_routes
HM000722,2026-08-06 05:15:52,2026-08-06 06:05:52,2026-08-06 06:05:54,50,49.6,13.089,dongdaegu,7,7,True,target_available_at_arrival,available_count>0 at panel tick nearest as_of+tmap_eta,tmap_routes
CV004555,2026-08-04 16:07:37,2026-08-04 16:27:37,2026-08-04 16:27:38,20,19.8,3.775,dongdaegu,2,2,True,target_available_at_arrival,available_count>0 at panel tick nearest as_of+tmap_eta,tmap_routes
CV003159,2026-07-21 14:22:01,2026-07-21 14:57:01,2026-07-21 15:02:20,35,34.7,13.603,dongdaegu,1,1,True,target_available_at_arrival,available_count>0 at panel tick nearest as_of+tmap_eta,tmap_routes
CV002099,2026-07-28 14:31:34,2026-07-28 15:00:34,2026-07-28 15:01:37,29,28.6,9.096,dongdaegu,3,3,True,target_available_at_arrival,available_count>0 at panel tick nearest as_of+tmap_eta,tmap_routes
KP000230,2026-07-26 07:17:41,2026-07-26 07:31:41,2026-07-26 07:37:45,14,13.8,2.881,dongdaegu,2,2,True,target_available_at_arrival,available_count>0 at panel tick nearest as_of+tmap_eta,tmap_routes
CV001555,2026-08-02 21:29:22,2026-08-02 22:19:22,2026-08-02 22:19:27,50,49.7,14.36,dongdaegu,4,4,True,target_available_at_arrival,available_count>0 at panel tick nearest as_of+tmap_eta,tmap_routes
ST272606,2026-07-27 21:26:06,2026-07-27 21:41:06,2026-07-27 21:46:08,15,14.8,1.237,dongdaegu,4,4,True,target_available_at_arrival,available_count>0 at panel tick nearest as_of+tmap_eta,tmap_routes
PI530278,2026-07-25 19:54:25,2026-07-25 20:50:25,2026-07-25 20:54:34,56,55.5,26.206,dongdaegu,3,3,True,target_available_at_arrival,available_count>0 at panel tick nearest as_of+tmap_eta,tmap_routes
SF003055,2026-07-27 09:53:38,2026-07-27 10:07:38,2026-07-27 10:13:40,14,14.1,3.101,dongdaegu,2,2,True,target_available_at_arrival,available_count>0 at panel tick nearest as_of+tmap_eta,tmap_routes
PI000645,2026-08-07 16:12:33,2026-08-07 16:29:33,2026-08-07 16:32:34,17,17.3,3.85,dongdaegu,1,1,True,target_available_at_arrival,available_count>0 at panel tick nearest as_of+tmap_eta,tmap_routes
CV003452,2026-08-08 11:57:49,2026-08-08 12:24:49,2026-08-08 12:27:51,27,27.4,5.606,dongdaegu,1,1,True,target_available_at_arrival,available_count>0 at panel tick nearest as_of+tmap_eta,tmap_routes
CV000985,2026-08-05 20:22:21,2026-08-05 21:07:21,2026-08-05 21:12:24,45,44.6,13.107,dongdaegu,3,3,True,target_available_at_arrival,available_count>0 at panel tick nearest as_of+tmap_eta,tmap_routes
CV004108,2026-07-28 02:58:34,2026-07-28 03:12:34,2026-07-28 03:18:35,14,13.9,2.65,dongdaegu,2,2,True,target_available_at_arrival,available_count>0 at panel tick nearest as_of+tmap_eta,tmap_routes
CV000750,2026-07-28 01:48:27,2026-07-28 02:48:27,2026-07-28 02:48:33,60,60.4,26.025,dongdaegu,5,5,True,target_available_at_arrival,available_count>0 at panel tick nearest as_of+tmap_eta,tmap_routes
PI740374,2026-08-02 20:49:18,2026-08-02 21:16:18,2026-08-02 21:19:22,27,27.0,8.019,dongdaegu,1,1,True,target_available_at_arrival,available_count>0 at panel tick nearest as_of+tmap_eta,tmap_routes
EV000654,2026-07-24 03:12:11,2026-07-24 03:33:11,2026-07-24 03:37:19,21,21.3,6.241,dongdaegu,1,1,True,target_available_at_arrival,available_count>0 at panel tick nearest as_of+tmap_eta,tmap_routes
PIH00556,2026-08-07 18:32:47,2026-08-07 19:05:47,2026-08-07 19:12:50,33,33.0,8.546,dongdaegu,1,1,True,target_available_at_arrival,available_count>0 at panel tick nearest as_of+tmap_eta,tmap_routes
ME25C173,2026-07-30 03:43:21,2026-07-30 03:57:21,2026-07-30 04:03:30,14,14.0,2.896,dongdaegu,1,1,True,target_available_at_arrival,available_count>0 at panel tick nearest as_of+tmap_eta,tmap_routes
EV013999,2026-08-03 01:01:57,2026-08-03 01:31:57,2026-08-03 01:31:58,30,30.4,9.549,dongdaegu,1,1,True,target_available_at_arrival,available_count>0 at panel tick nearest as_of+tmap_eta,tmap_routes
ME183057,2026-07-21 12:31:28,2026-07-21 13:08:28,2026-07-21 13:11:39,37,36.6,11.781,dongdaegu,1,1,True,target_available_at_arrival,available_count>0 at panel tick nearest as_of+tmap_eta,tmap_routes
CV001123,2026-08-06 16:36:39,2026-08-06 17:16:39,2026-08-06 17:16:41,40,40.0,13.364,dongdaegu,1,1,True,target_available_at_arrival,available_count>0 at panel tick nearest as_of+tmap_eta,tmap_routes
CV003084,2026-07-27 18:55:23,2026-07-27 19:38:23,2026-07-27 19:45:42,43,43.2,12.141,dongdaegu,1,1,True,target_available_at_arrival,available_count>0 at panel tick nearest as_of+tmap_eta,tmap_routes
HW000407,2026-08-07 12:02:07,2026-08-07 12:32:07,2026-08-07 12:32:08,30,29.6,10.81,dongdaegu,5,5,True,target_available_at_arrival,available_count>0 at panel tick nearest as_of+tmap_eta,tmap_routes
CV003042,2026-08-06 19:46:54,2026-08-06 20:22:54,2026-08-06 20:26:56,36,35.9,8.808,dongdaegu,1,1,True,target_available_at_arrival,available_count>0 at panel tick nearest as_of+tmap_eta,tmap_routes
ME19D114,2026-08-05 17:22:01,2026-08-05 18:11:01,2026-08-05 18:12:07,49,48.6,28.839,dongdaegu,1,1,True,target_available_at_arrival,available_count>0 at panel tick nearest as_of+tmap_eta,tmap_routes
KE000230,2026-07-24 02:47:07,2026-07-24 03:19:07,2026-07-24 03:22:12,32,32.1,10.495,dongdaegu,1,1,True,target_available_at_arrival,available_count>0 at panel tick nearest as_of+tmap_eta,tmap_routes
EV005230,2026-08-06 22:17:15,2026-08-06 22:35:15,2026-08-06 22:37:16,18,17.8,3.927,dongdaegu,1,0,False,target_available_at_arrival,available_count>0 at panel tick nearest as_of+tmap_eta,tmap_routes
EV005838,2026-08-08 05:47:23,2026-08-08 06:13:23,2026-08-08 06:17:24,26,25.7,7.322,dongdaegu,2,2,True,target_available_at_arrival,available_count>0 at panel tick nearest as_of+tmap_eta,tmap_routes
PC001965,2026-07-25 23:44:56,2026-07-25 23:58:56,2026-07-26 00:04:58,14,14.5,2.68,dongdaegu,3,3,True,target_available_at_arrival,available_count>0 at panel tick nearest as_of+tmap_eta,tmap_routes
CV001601,2026-08-09 04:23:10,2026-08-09 05:01:10,2026-08-09 05:03:11,38,38.1,7.168,dongdaegu,1,2,True,target_available_at_arrival,available_count>0 at panel tick nearest as_of+tmap_eta,tmap_routes
ME183062,2026-07-27 08:33:27,2026-07-27 09:11:27,2026-07-27 09:13:33,38,38.3,13.119,dongdaegu,1,1,True,target_available_at_arrival,available_count>0 at panel tick nearest as_of+tmap_eta,tmap_routes
SF003193,2026-07-28 20:43:21,2026-07-28 21:33:21,2026-07-28 21:33:29,50,49.9,24.795,dongdaegu,16,17,True,target_available_at_arrival,available_count>0 at panel tick nearest as_of+tmap_eta,tmap_routes
CV003093,2026-08-03 08:22:20,2026-08-03 09:00:20,2026-08-03 09:02:24,38,37.6,9.123,dongdaegu,1,1,True,target_available_at_arrival,available_count>0 at panel tick nearest as_of+tmap_eta,tmap_routes
KE000354,2026-08-06 02:35:46,2026-08-06 02:52:46,2026-08-06 02:55:47,17,16.6,4.132,dongdaegu,3,3,True,target_available_at_arrival,available_count>0 at panel tick nearest as_of+tmap_eta,tmap_routes
ME184070,2026-07-29 00:56:14,2026-07-29 01:21:14,2026-07-29 01:26:17,25,25.3,8.197,dongdaegu,1,1,True,target_available_at_arrival,available_count>0 at panel tick nearest as_of+tmap_eta,tmap_routes
PI530310,2026-08-02 15:28:30,2026-08-02 15:53:30,2026-08-02 15:58:34,25,25.0,7.513,dongdaegu,2,2,True,target_available_at_arrival,available_count>0 at panel tick nearest as_of+tmap_eta,tmap_routes
CV003565,2026-08-03 19:53:54,2026-08-03 20:20:54,2026-08-03 20:23:56,27,26.6,7.173,dongdaegu,3,3,True,target_available_at_arrival,available_count>0 at panel tick nearest as_of+tmap_eta,tmap_routes
KP003777,2026-07-31 09:42:32,2026-07-31 09:56:32,2026-07-31 10:02:34,14,13.6,3.777,dongdaegu,1,1,True,target_available_at_arrival,available_count>0 at panel tick nearest as_of+tmap_eta,tmap_routes
CV001127,2026-07-23 03:38:20,2026-07-23 03:59:20,2026-07-23 04:03:26,21,21.1,5.384,dongdaegu,2,2,True,target_available_at_arrival,available_count>0 at panel tick nearest as_of+tmap_eta,tmap_routes
CV003128,2026-07-28 04:18:42,2026-07-28 04:47:42,2026-07-28 04:48:46,29,28.9,5.462,dongdaegu,1,1,True,target_available_at_arrival,available_count>0 at panel tick nearest as_of+tmap_eta,tmap_routes
ME183054,2026-07-25 14:04:52,2026-07-25 14:57:52,2026-07-25 15:05:07,53,53.0,31.309,dongdaegu,1,1,True,target_available_at_arrival,available_count>0 at panel tick nearest as_of+tmap_eta,tmap_routes
PI805002,2026-07-27 00:32:17,2026-07-27 00:52:17,2026-07-27 00:52:18,20,19.7,6.751,dongdaegu,2,2,True,target_available_at_arrival,available_count>0 at panel tick nearest as_of+tmap_eta,tmap_routes
CV004674,2026-07-31 16:04:41,2026-07-31 16:24:41,2026-07-31 16:24:46,20,20.3,3.596,dongdaegu,1,1,True,target_available_at_arrival,available_count>0 at panel tick nearest as_of+tmap_eta,tmap_routes
CV001264,2026-08-06 04:55:52,2026-08-06 05:49:52,2026-08-06 05:55:54,54,54.4,27.511,dongdaegu,3,3,True,target_available_at_arrival,available_count>0 at panel tick nearest as_of+tmap_eta,tmap_routes
SF002605,2026-08-03 21:03:58,2026-08-03 21:37:58,2026-08-03 21:44:00,34,33.8,8.579,dongdaegu,3,3,True,target_available_at_arrival,available_count>0 at panel tick nearest as_of+tmap_eta,tmap_routes
PI753881,2026-07-21 11:31:23,2026-07-21 11:49:23,2026-07-21 11:51:24,18,18.1,5.485,dongdaegu,1,1,True,target_available_at_arrival,available_count>0 at panel tick nearest as_of+tmap_eta,tmap_routes
IN053073,2026-08-06 23:57:22,2026-08-07 00:17:22,2026-08-07 00:21:15,20,20.5,4.346,dongdaegu,13,13,True,target_available_at_arrival,available_count>0 at panel tick nearest as_of+tmap_eta,tmap_routes
DC530016,2026-08-04 00:36:42,2026-08-04 01:22:42,2026-08-04 01:26:43,46,46.0,9.407,dongdaegu,1,1,True,target_available_at_arrival,available_count>0 at panel tick nearest as_of+tmap_eta,tmap_routes
ME18C177,2026-08-02 09:27:25,2026-08-02 10:24:25,2026-08-02 10:27:35,57,57.1,32.73,dongdaegu,1,1,True,target_available_at_arrival,available_count>0 at panel tick nearest as_of+tmap_eta,tmap_routes
ME18C229,2026-08-06 04:35:51,2026-08-06 05:28:51,2026-08-06 05:35:53,53,52.9,43.083,dongdaegu,2,2,True,target_available_at_arrival,available_count>0 at panel tick nearest as_of+tmap_eta,tmap_routes
PI690013,2026-08-06 19:56:54,2026-08-06 20:32:54,2026-08-06 20:37:02,36,36.5,13.527,dongdaegu,17,18,True,target_available_at_arrival,available_count>0 at panel tick nearest as_of+tmap_eta,tmap_routes
ME18C257,2026-07-21 09:41:00,2026-07-21 10:38:00,2026-07-21 10:41:09,57,57.2,24.092,dongdaegu,1,1,True,target_available_at_arrival,available_count>0 at panel tick nearest as_of+tmap_eta,tmap_routes
EV005433,2026-07-24 14:48:14,2026-07-24 15:27:14,2026-07-24 15:28:19,39,39.4,9.3,dongdaegu,2,2,True,target_available_at_arrival,available_count>0 at panel tick nearest as_of+tmap_eta,tmap_routes
ME19Z223,2026-08-07 00:07:22,2026-08-07 00:39:22,2026-08-07 00:41:16,32,31.6,11.045,dongdaegu,2,2,True,target_available_at_arrival,available_count>0 at panel tick nearest as_of+tmap_eta,tmap_routes
TS271102,2026-07-29 10:38:06,2026-07-29 11:02:06,2026-07-29 11:08:11,24,24.1,4.27,dongdaegu,1,0,False,target_available_at_arrival,available_count>0 at panel tick nearest as_of+tmap_eta,tmap_routes
EV012411,2026-08-07 12:52:09,2026-08-07 13:22:09,2026-08-07 13:22:13,30,29.9,6.418,dongdaegu,2,2,True,target_available_at_arrival,available_count>0 at panel tick nearest as_of+tmap_eta,tmap_routes
EV006229,2026-07-23 14:22:57,2026-07-23 15:00:57,2026-07-23 15:03:20,38,37.6,13.391,dongdaegu,1,1,True,target_available_at_arrival,available_count>0 at panel tick nearest as_of+tmap_eta,tmap_routes
PC000132,2026-07-28 09:59:46,2026-07-28 10:19:46,2026-07-28 10:19:48,20,20.3,6.481,dongdaegu,2,3,True,target_available_at_arrival,available_count>0 at panel tick nearest as_of+tmap_eta,tmap_routes
CV001124,2026-08-08 16:58:13,2026-08-08 17:38:13,2026-08-08 17:38:18,40,40.4,13.358,dongdaegu,1,1,True,target_available_at_arrival,available_count>0 at panel tick nearest as_of+tmap_eta,tmap_routes
IN053074,2026-07-31 10:32:38,2026-07-31 10:52:38,2026-07-31 10:52:40,20,20.2,3.77,dongdaegu,9,10,True,target_available_at_arrival,available_count>0 at panel tick nearest as_of+tmap_eta,tmap_routes
CV000507,2026-07-24 05:08:14,2026-07-24 05:44:14,2026-07-24 05:48:23,36,35.7,7.788,dongdaegu,1,1,True,target_available_at_arrival,available_count>0 at panel tick nearest as_of+tmap_eta,tmap_routes
EV008163,2026-07-29 01:06:15,2026-07-29 01:44:15,2026-07-29 01:46:18,38,37.7,10.328,dongdaegu,1,1,True,target_available_at_arrival,available_count>0 at panel tick nearest as_of+tmap_eta,tmap_routes
PI530310,2026-08-04 15:27:35,2026-08-04 15:52:35,2026-08-04 15:57:36,25,25.0,7.513,dongdaegu,2,2,True,target_available_at_arrival,available_count>0 at panel tick nearest as_of+tmap_eta,tmap_routes
SF002945,2026-08-04 07:17:01,2026-08-04 07:52:01,2026-08-04 07:57:04,35,35.4,13.642,dongdaegu,1,1,True,target_available_at_arrival,available_count>0 at panel tick nearest as_of+tmap_eta,tmap_routes
CV002348,2026-08-05 02:21:03,2026-08-05 03:06:03,2026-08-05 03:11:04,45,45.2,15.52,dongdaegu,8,8,True,target_available_at_arrival,available_count>0 at panel tick nearest as_of+tmap_eta,tmap_routes
CI0F0001,2026-07-26 20:09:38,2026-07-26 20:32:38,2026-07-26 20:39:42,23,22.9,3.818,dongdaegu,1,1,True,target_available_at_arrival,available_count>0 at panel tick nearest as_of+tmap_eta,tmap_routes
CV000811,2026-07-30 16:26:45,2026-07-30 16:55:45,2026-07-30 16:56:48,29,29.1,8.544,dongdaegu,1,0,False,target_available_at_arrival,available_count>0 at panel tick nearest as_of+tmap_eta,tmap_routes
LU100903,2026-07-31 05:21:26,2026-07-31 05:55:26,2026-07-31 06:01:38,34,34.4,7.952,dongdaegu,1,1,True,target_available_at_arrival,available_count>0 at panel tick nearest as_of+tmap_eta,tmap_routes
PI750070,2026-07-24 15:38:21,2026-07-24 15:56:21,2026-07-24 15:58:23,18,18.3,3.62,dongdaegu,3,3,True,target_available_at_arrival,available_count>0 at panel tick nearest as_of+tmap_eta,tmap_routes
CV004550,2026-07-30 19:27:34,2026-07-30 19:51:34,2026-07-30 19:57:39,24,24.4,3.14,dongdaegu,1,1,True,target_available_at_arrival,available_count>0 at panel tick nearest as_of+tmap_eta,tmap_routes
CV000658,2026-08-07 09:01:51,2026-08-07 09:31:51,2026-08-07 09:31:52,30,29.7,11.549,dongdaegu,1,2,True,target_available_at_arrival,available_count>0 at panel tick nearest as_of+tmap_eta,tmap_routes
PW014650,2026-07-23 03:18:15,2026-07-23 03:39:15,2026-07-23 03:43:21,21,20.8,3.326,dongdaegu,1,1,True,target_available_at_arrival,available_count>0 at panel tick nearest as_of+tmap_eta,tmap_routes
CV004482,2026-08-06 07:15:57,2026-08-06 08:00:57,2026-08-06 08:06:00,45,45.4,13.03,dongdaegu,6,6,True,target_available_at_arrival,available_count>0 at panel tick nearest as_of+tmap_eta,tmap_routes
ST272902,2026-08-04 02:36:50,2026-08-04 03:09:50,2026-08-04 03:16:51,33,32.9,11.66,dongdaegu,1,1,True,target_available_at_arrival,available_count>0 at panel tick nearest as_of+tmap_eta,tmap_routes
PI740298,2026-08-05 04:01:06,2026-08-05 04:29:06,2026-08-05 04:31:07,28,27.7,6.071,dongdaegu,1,1,True,target_available_at_arrival,available_count>0 at panel tick nearest as_of+tmap_eta,tmap_routes
CV003276,2026-07-20 16:55:53,2026-07-20 17:32:53,2026-07-20 17:35:57,37,36.8,7.574,dongdaegu,2,1,True,target_available_at_arrival,available_count>0 at panel tick nearest as_of+tmap_eta,tmap_routes
PI740066,2026-07-27 04:02:36,2026-07-27 04:17:36,2026-07-27 04:22:39,15,15.3,3.027,dongdaegu,1,1,True,target_available_at_arrival,available_count>0 at panel tick nearest as_of+tmap_eta,tmap_routes
CI0F0003,2026-08-02 12:07:52,2026-08-02 12:52:52,2026-08-02 12:58:03,45,44.6,12.526,dongdaegu,1,1,True,target_available_at_arrival,available_count>0 at panel tick nearest as_of+tmap_eta,tmap_routes
KP002184,2026-08-05 10:01:25,2026-08-05 10:30:25,2026-08-05 10:31:33,29,28.6,8.977,dongdaegu,1,1,True,target_available_at_arrival,available_count>0 at panel tick nearest as_of+tmap_eta,tmap_routes
IN053073,2026-08-07 14:52:18,2026-08-07 15:12:18,2026-08-07 15:12:27,20,20.5,4.346,dongdaegu,13,13,True,target_available_at_arrival,available_count>0 at panel tick nearest as_of+tmap_eta,tmap_routes
ME19C289,2026-07-28 06:39:04,2026-07-28 07:33:04,2026-07-28 07:39:13,54,54.2,41.292,dongdaegu,2,2,True,target_available_at_arrival,available_count>0 at panel tick nearest as_of+tmap_eta,tmap_routes
KP000230,2026-08-04 09:27:10,2026-08-04 09:41:10,2026-08-04 09:47:11,14,13.8,2.881,dongdaegu,2,2,True,target_available_at_arrival,available_count>0 at panel tick nearest as_of+tmap_eta,tmap_routes
ME18C254,2026-07-29 00:46:13,2026-07-29 01:20:13,2026-07-29 01:26:17,34,34.3,7.296,dongdaegu,2,2,True,target_available_at_arrival,available_count>0 at panel tick nearest as_of+tmap_eta,tmap_routes
ME19C130,2026-07-28 01:08:23,2026-07-28 02:15:23,2026-07-28 02:18:30,67,66.8,43.953,dongdaegu,1,1,True,target_available_at_arrival,available_count>0 at panel tick nearest as_of+tmap_eta,tmap_routes
KE000540,2026-07-31 15:03:19,2026-07-31 15:13:19,2026-07-31 15:13:20,10,10.2,1.469,dongdaegu,2,2,True,target_available_at_arrival,available_count>0 at panel tick nearest as_of+tmap_eta,tmap_routes
CV002203,2026-08-03 11:52:37,2026-08-03 12:27:37,2026-08-03 12:32:39,35,35.2,13.714,dongdaegu,4,4,True,target_available_at_arrival,available_count>0 at panel tick nearest as_of+tmap_eta,tmap_routes
DC530002,2026-08-02 02:56:26,2026-08-02 03:16:26,2026-08-02 03:16:29,20,19.9,3.866,dongdaegu,4,4,True,target_available_at_arrival,available_count>0 at panel tick nearest as_of+tmap_eta,tmap_routes
NT101559,2026-08-05 00:30:58,2026-08-05 00:54:58,2026-08-05 01:00:59,24,24.4,7.069,dongdaegu,2,2,True,target_available_at_arrival,available_count>0 at panel tick nearest as_of+tmap_eta,tmap_routes
PI747158,2026-07-31 13:12:58,2026-07-31 13:49:58,2026-07-31 13:53:02,37,37.3,11.696,dongdaegu,2,2,True,target_available_at_arrival,available_count>0 at panel tick nearest as_of+tmap_eta,tmap_routes
PIS00594,2026-08-04 10:27:15,2026-08-04 11:04:15,2026-08-04 11:07:17,37,37.1,13.531,dongdaegu,27,28,True,target_available_at_arrival,available_count>0 at panel tick nearest as_of+tmap_eta,tmap_routes
CV002940,2026-07-26 10:58:21,2026-07-26 11:43:21,2026-07-26 11:48:31,45,44.8,18.996,dongdaegu,2,3,True,target_available_at_arrival,available_count>0 at panel tick nearest as_of+tmap_eta,tmap_routes
SF001858,2026-07-23 07:49:35,2026-07-23 08:13:35,2026-07-23 08:14:46,24,23.6,4.76,dongdaegu,1,1,True,target_available_at_arrival,available_count>0 at panel tick nearest as_of+tmap_eta,tmap_routes
CV003089,2026-07-23 09:00:25,2026-07-23 09:35:25,2026-07-23 09:35:44,35,35.2,10.526,dongdaegu,1,1,True,target_available_at_arrival,available_count>0 at panel tick nearest as_of+tmap_eta,tmap_routes
KP010445,2026-08-05 15:31:54,2026-08-05 15:45:54,2026-08-05 15:51:56,14,13.8,2.285,dongdaegu,2,2,True,target_available_at_arrival,available_count>0 at panel tick nearest as_of+tmap_eta,tmap_routes
HW000695,2026-08-03 19:23:52,2026-08-03 19:56:52,2026-08-03 20:03:54,33,32.6,7.975,dongdaegu,1,1,True,target_available_at_arrival,available_count>0 at panel tick nearest as_of+tmap_eta,tmap_routes
KE001402,2026-07-28 10:49:55,2026-07-28 11:09:55,2026-07-28 11:09:58,20,20.4,3.742,dongdaegu,1,1,True,target_available_at_arrival,available_count>0 at panel tick nearest as_of+tmap_eta,tmap_routes
CV000562,2026-08-04 03:36:52,2026-08-04 03:50:52,2026-08-04 03:56:53,14,14.0,1.777,dongdaegu,2,2,True,target_available_at_arrival,available_count>0 at panel tick nearest as_of+tmap_eta,tmap_routes
KE001011,2026-07-22 16:40:40,2026-07-22 17:10:40,2026-07-22 17:11:04,30,29.5,5.032,dongdaegu,2,2,True,target_available_at_arrival,available_count>0 at panel tick nearest as_of+tmap_eta,tmap_routes
CV003284,2026-07-31 10:22:37,2026-07-31 10:58:37,2026-07-31 11:02:41,36,35.6,8.37,dongdaegu,1,1,True,target_available_at_arrival,available_count>0 at panel tick nearest as_of+tmap_eta,tmap_routes
CV001242,2026-08-01 19:52:26,2026-08-01 20:31:26,2026-08-01 20:32:35,39,38.9,13.135,dongdaegu,7,7,True,target_available_at_arrival,available_count>0 at panel tick nearest as_of+tmap_eta,tmap_routes
CV000817,2026-08-05 06:01:10,2026-08-05 06:27:10,2026-08-05 06:31:12,26,25.8,7.07,dongdaegu,1,1,True,target_available_at_arrival,available_count>0 at panel tick nearest as_of+tmap_eta,tmap_routes
SF002932,2026-07-29 09:27:57,2026-07-29 09:43:57,2026-07-29 09:48:00,16,16.3,3.712,dongdaegu,3,3,True,target_available_at_arrival,available_count>0 at panel tick nearest as_of+tmap_eta,tmap_routes
PIS00599,2026-07-27 01:12:20,2026-07-27 01:48:20,2026-07-27 01:52:24,36,35.7,12.543,dongdaegu,12,12,True,target_available_at_arrival,available_count>0 at panel tick nearest as_of+tmap_eta,tmap_routes
CV003103,2026-07-30 05:03:40,2026-07-30 05:43:40,2026-07-30 05:43:44,40,39.7,8.056,dongdaegu,1,1,True,target_available_at_arrival,available_count>0 at panel tick nearest as_of+tmap_eta,tmap_routes
SF002213,2026-08-07 17:52:43,2026-08-07 18:47:43,2026-08-07 18:52:48,55,54.8,26.185,dongdaegu,1,1,True,target_available_at_arrival,available_count>0 at panel tick nearest as_of+tmap_eta,tmap_routes
KL002459,2026-08-06 12:26:19,2026-08-06 12:40:19,2026-08-06 12:46:20,14,13.9,1.914,dongdaegu,10,10,True,target_available_at_arrival,available_count>0 at panel tick nearest as_of+tmap_eta,tmap_routes
CV001768,2026-07-23 04:58:42,2026-07-23 05:51:42,2026-07-23 05:53:56,53,53.0,25.977,dongdaegu,6,6,True,target_available_at_arrival,available_count>0 at panel tick nearest as_of+tmap_eta,tmap_routes
ME22C252,2026-07-21 21:02:55,2026-07-21 21:30:55,2026-07-21 21:33:02,28,28.4,5.748,dongdaegu,1,0,False,target_available_at_arrival,available_count>0 at panel tick nearest as_of+tmap_eta,tmap_routes
CV001496,2026-08-03 07:02:13,2026-08-03 07:38:13,2026-08-03 07:42:17,36,35.9,10.455,dongdaegu,2,2,True,target_available_at_arrival,available_count>0 at panel tick nearest as_of+tmap_eta,tmap_routes
CV001687,2026-08-04 15:57:36,2026-08-04 16:14:36,2026-08-04 16:17:37,17,16.8,3.319,dongdaegu,1,1,True,target_available_at_arrival,available_count>0 at panel tick nearest as_of+tmap_eta,tmap_routes
ST600537,2026-08-02 11:17:44,2026-08-02 11:52:44,2026-08-02 11:57:51,35,35.3,8.786,dongdaegu,3,3,True,target_available_at_arrival,available_count>0 at panel tick nearest as_of+tmap_eta,tmap_routes
CV003104,2026-07-24 07:03:57,2026-07-24 07:43:57,2026-07-24 07:44:14,40,40.1,9.697,dongdaegu,2,2,True,target_available_at_arrival,available_count>0 at panel tick nearest as_of+tmap_eta,tmap_routes
ST271709,2026-07-31 08:02:10,2026-07-31 08:31:10,2026-07-31 08:32:22,29,28.9,7.971,dongdaegu,2,2,True,target_available_at_arrival,available_count>0 at panel tick nearest as_of+tmap_eta,tmap_routes
ME19X404,2026-07-23 07:54:38,2026-07-23 08:18:38,2026-07-23 08:19:50,24,23.7,7.894,dongdaegu,6,6,True,target_available_at_arrival,available_count>0 at panel tick nearest as_of+tmap_eta,tmap_routes
KP000238,2026-07-18 12:50:36,2026-07-18 13:20:36,2026-07-18 13:20:38,30,29.6,6.864,dongdaegu,1,1,True,target_available_at_arrival,available_count>0 at panel tick nearest as_of+tmap_eta,tmap_routes
CV000783,2026-08-01 16:51:56,2026-08-01 17:21:56,2026-08-01 17:22:00,30,30.1,9.004,dongdaegu,1,0,False,target_available_at_arrival,available_count>0 at panel tick nearest as_of+tmap_eta,tmap_routes
EV012553,2026-07-23 14:43:03,2026-07-23 15:29:03,2026-07-23 15:33:29,46,46.4,8.666,dongdaegu,1,1,True,target_available_at_arrival,available_count>0 at panel tick nearest as_of+tmap_eta,tmap_routes
ME19W401,2026-07-31 14:53:12,2026-07-31 15:47:12,2026-07-31 15:54:39,54,53.5,31.956,dongdaegu,6,6,True,target_available_at_arrival,available_count>0 at panel tick nearest as_of+tmap_eta,tmap_routes
CV000515,2026-08-02 00:25:56,2026-08-02 00:43:56,2026-08-02 00:46:00,18,18.2,3.761,dongdaegu,1,1,True,target_available_at_arrival,available_count>0 at panel tick nearest as_of+tmap_eta,tmap_routes
PIS00588,2026-07-19 18:31:32,2026-07-19 19:26:32,2026-07-19 19:31:38,55,55.0,9.555,dongdaegu,2,2,True,target_available_at_arrival,available_count>0 at panel tick nearest as_of+tmap_eta,tmap_routes
BNBN0494,2026-08-06 03:15:48,2026-08-06 04:15:48,2026-08-06 04:15:50,60,60.3,26.273,dongdaegu,2,3,True,target_available_at_arrival,available_count>0 at panel tick nearest as_of+tmap_eta,tmap_routes
CV001706,2026-07-24 09:07:09,2026-07-24 10:02:09,2026-07-24 10:07:16,55,54.8,26.617,dongdaegu,2,2,True,target_available_at_arrival,available_count>0 at panel tick nearest as_of+tmap_eta,tmap_routes
CV003146,2026-08-02 10:07:33,2026-08-02 10:52:33,2026-08-02 10:57:42,45,44.9,22.12,dongdaegu,1,1,True,target_available_at_arrival,available_count>0 at panel tick nearest as_of+tmap_eta,tmap_routes
PC000553,2026-08-08 20:58:35,2026-08-08 21:15:35,2026-08-08 21:18:37,17,17.2,2.96,dongdaegu,1,1,True,target_available_at_arrival,available_count>0 at panel tick nearest as_of+tmap_eta,tmap_routes
SF002605,2026-08-08 00:37:04,2026-08-08 01:11:04,2026-08-08 01:17:05,34,33.8,8.579,dongdaegu,4,4,True,target_available_at_arrival,available_count>0 at panel tick nearest as_of+tmap_eta,tmap_routes
KP008088,2026-08-01 22:12:51,2026-08-01 22:58:51,2026-08-01 23:02:57,46,46.3,14.849,dongdaegu,1,1,True,target_available_at_arrival,available_count>0 at panel tick nearest as_of+tmap_eta,tmap_routes
RE000181,2026-08-06 17:16:41,2026-08-06 17:42:41,2026-08-06 17:46:45,26,25.7,4.925,dongdaegu,2,2,True,target_available_at_arrival,available_count>0 at panel tick nearest as_of+tmap_eta,tmap_routes
CV003081,2026-07-29 23:20:23,2026-07-29 23:37:23,2026-07-29 23:40:29,17,16.7,3.222,dongdaegu,1,1,True,target_available_at_arrival,available_count>0 at panel tick nearest as_of+tmap_eta,tmap_routes
ME18C261,2026-07-17 14:09:28,2026-07-17 15:02:28,2026-07-17 15:09:34,53,53.0,31.983,dongdaegu,2,2,True,target_available_at_arrival,available_count>0 at panel tick nearest as_of+tmap_eta,tmap_routes
PI203015,2026-08-02 05:06:43,2026-08-02 05:36:43,2026-08-02 05:36:46,30,29.5,8.23,dongdaegu,1,1,True,target_available_at_arrival,available_count>0 at panel tick nearest as_of+tmap_eta,tmap_routes
CV000808,2026-07-24 01:26:49,2026-07-24 02:01:49,2026-07-24 02:01:55,35,34.9,7.273,dongdaegu,1,1,True,target_available_at_arrival,available_count>0 at panel tick nearest as_of+tmap_eta,tmap_routes
PC000100,2026-07-30 21:07:53,2026-07-30 21:34:53,2026-07-30 21:37:57,27,27.1,6.084,dongdaegu,1,1,True,target_available_at_arrival,available_count>0 at panel tick nearest as_of+tmap_eta,tmap_routes
EV006617,2026-07-22 13:19:57,2026-07-22 13:57:57,2026-07-22 14:00:03,38,37.6,13.391,dongdaegu,1,1,True,target_available_at_arrival,available_count>0 at panel tick nearest as_of+tmap_eta,tmap_routes
PIH00556,2026-08-06 04:05:50,2026-08-06 04:38:50,2026-08-06 04:45:51,33,33.0,8.546,dongdaegu,1,1,True,target_available_at_arrival,available_count>0 at panel tick nearest as_of+tmap_eta,tmap_routes
KP003774,2026-08-07 07:11:35,2026-08-07 07:44:35,2026-08-07 07:51:40,33,32.7,11.159,dongdaegu,1,1,True,target_available_at_arrival,available_count>0 at panel tick nearest as_of+tmap_eta,tmap_routes
ST601240,2026-07-30 11:45:16,2026-07-30 12:08:16,2026-07-30 12:15:19,23,22.6,6.109,dongdaegu,2,2,True,target_available_at_arrival,available_count>0 at panel tick nearest as_of+tmap_eta,tmap_routes
PI700651,2026-08-06 05:25:53,2026-08-06 05:42:53,2026-08-06 05:45:53,17,17.4,3.421,dongdaegu,4,4,True,target_available_at_arrival,available_count>0 at panel tick nearest as_of+tmap_eta,tmap_routes
ME183065,2026-08-04 10:57:17,2026-08-04 11:31:17,2026-08-04 11:37:23,34,34.4,10.368,dongdaegu,1,1,True,target_available_at_arrival,available_count>0 at panel tick nearest as_of+tmap_eta,tmap_routes
CV001707,2026-07-23 06:14:00,2026-07-23 06:35:00,2026-07-23 06:39:07,21,20.9,4.367,dongdaegu,1,1,True,target_available_at_arrival,available_count>0 at panel tick nearest as_of+tmap_eta,tmap_routes
PI800355,2026-07-29 01:56:20,2026-07-29 02:54:20,2026-07-29 02:56:32,58,57.5,42.32,dongdaegu,4,4,True,target_available_at_arrival,available_count>0 at panel tick nearest as_of+tmap_eta,tmap_routes
KE001516,2026-07-30 01:13:02,2026-07-30 01:37:02,2026-07-30 01:43:05,24,24.1,7.653,dongdaegu,1,1,True,target_available_at_arrival,available_count>0 at panel tick nearest as_of+tmap_eta,tmap_routes
ST277108,2026-07-31 17:15:00,2026-07-31 18:04:00,2026-07-31 18:05:08,49,48.7,23.022,dongdaegu,1,1,True,target_available_at_arrival,available_count>0 at panel tick nearest as_of+tmap_eta,tmap_routes
HD000070,2026-07-27 05:12:44,2026-07-27 05:55:44,2026-07-27 06:02:51,43,42.7,8.427,dongdaegu,1,1,True,target_available_at_arrival,available_count>0 at panel tick nearest as_of+tmap_eta,tmap_routes
EV012411,2026-08-06 00:45:42,2026-08-06 01:15:42,2026-08-06 01:15:43,30,29.9,6.418,dongdaegu,1,1,True,target_available_at_arrival,available_count>0 at panel tick nearest as_of+tmap_eta,tmap_routes
ME22C252,2026-08-05 12:31:42,2026-08-05 12:59:42,2026-08-05 13:01:43,28,28.4,5.748,dongdaegu,1,2,True,target_available_at_arrival,available_count>0 at panel tick nearest as_of+tmap_eta,tmap_routes
ME21B198,2026-08-08 02:17:11,2026-08-08 02:37:11,2026-08-08 02:37:12,20,20.2,2.393,dongdaegu,1,1,True,target_available_at_arrival,available_count>0 at panel tick nearest as_of+tmap_eta,tmap_routes
ME21A910,2026-07-23 12:02:15,2026-07-23 12:43:15,2026-07-23 12:47:32,41,40.9,23.827,dongdaegu,1,1,True,target_available_at_arrival,available_count>0 at panel tick nearest as_of+tmap_eta,tmap_routes
PI530275,2026-08-04 22:28:05,2026-08-04 22:52:05,2026-08-04 22:58:07,24,24.2,7.702,dongdaegu,3,3,True,target_available_at_arrival,available_count>0 at panel tick nearest as_of+tmap_eta,tmap_routes
PI740396,2026-08-04 15:47:36,2026-08-04 16:03:36,2026-08-04 16:07:37,16,16.2,2.09,dongdaegu,2,2,True,target_available_at_arrival,available_count>0 at panel tick nearest as_of+tmap_eta,tmap_routes
CV003256,2026-08-01 09:20:08,2026-08-01 10:24:08,2026-08-01 10:30:30,64,63.8,32.189,dongdaegu,10,11,True,target_available_at_arrival,available_count>0 at panel tick nearest as_of+tmap_eta,tmap_routes
CV000678,2026-08-07 18:32:47,2026-08-07 19:30:47,2026-08-07 19:32:52,58,58.0,26.591,dongdaegu,6,6,True,target_available_at_arrival,available_count>0 at panel tick nearest as_of+tmap_eta,tmap_routes
KE000386,2026-08-04 04:46:55,2026-08-04 05:13:55,2026-08-04 05:16:56,27,27.0,10.39,dongdaegu,2,2,True,target_available_at_arrival,available_count>0 at panel tick nearest as_of+tmap_eta,tmap_routes
PI764798,2026-08-06 21:17:09,2026-08-06 21:40:09,2026-08-06 21:47:14,23,22.6,6.222,dongdaegu,1,1,True,target_available_at_arrival,available_count>0 at panel tick nearest as_of+tmap_eta,tmap_routes
ME18C229,2026-07-21 11:01:19,2026-07-21 11:54:19,2026-07-21 12:01:25,53,52.9,43.083,dongdaegu,2,2,True,target_available_at_arrival,available_count>0 at panel tick nearest as_of+tmap_eta,tmap_routes
PI780101,2026-08-04 17:17:43,2026-08-04 17:42:43,2026-08-04 17:47:44,25,24.6,6.622,dongdaegu,2,2,True,target_available_at_arrival,available_count>0 at panel tick nearest as_of+tmap_eta,tmap_routes
CV004326,2026-07-24 19:59:18,2026-07-24 20:46:18,2026-07-24 20:49:27,47,47.1,21.479,dongdaegu,1,1,True,target_available_at_arrival,available_count>0 at panel tick nearest as_of+tmap_eta,tmap_routes
CV001605,2026-08-07 06:31:33,2026-08-07 07:00:33,2026-08-07 07:01:35,29,29.2,7.17,dongdaegu,1,1,True,target_available_at_arrival,available_count>0 at panel tick nearest as_of+tmap_eta,tmap_routes
EV008138,2026-07-28 05:48:58,2026-07-28 06:08:58,2026-07-28 06:09:00,20,19.9,1.724,dongdaegu,1,1,True,target_available_at_arrival,available_count>0 at panel tick nearest as_of+tmap_eta,tmap_routes
DC530003,2026-08-04 00:46:42,2026-08-04 01:05:42,2026-08-04 01:06:43,19,18.8,3.965,dongdaegu,4,4,True,target_available_at_arrival,available_count>0 at panel tick nearest as_of+tmap_eta,tmap_routes
ME18C178,2026-07-24 13:47:56,2026-07-24 14:07:56,2026-07-24 14:08:02,20,20.5,5.293,dongdaegu,1,1,True,target_available_at_arrival,available_count>0 at panel tick nearest as_of+tmap_eta,tmap_routes
PI740668,2026-08-04 08:37:07,2026-08-04 09:06:07,2026-08-04 09:07:09,29,29.1,10.335,dongdaegu,1,1,True,target_available_at_arrival,available_count>0 at panel tick nearest as_of+tmap_eta,tmap_routes
ME18C229,2026-08-08 16:48:13,2026-08-08 17:41:13,2026-08-08 17:48:18,53,52.9,43.083,dongdaegu,2,2,True,target_available_at_arrival,available_count>0 at panel tick nearest as_of+tmap_eta,tmap_routes
PI530271,2026-08-06 09:56:12,2026-08-06 10:20:12,2026-08-06 10:26:13,24,24.5,6.422,dongdaegu,5,5,True,target_available_at_arrival,available_count>0 at panel tick nearest as_of+tmap_eta,tmap_routes
EV005193,2026-07-27 19:55:43,2026-07-27 20:30:43,2026-07-27 20:35:51,35,35.0,9.715,dongdaegu,3,3,True,target_available_at_arrival,available_count>0 at panel tick nearest as_of+tmap_eta,tmap_routes
CV001129,2026-08-02 13:08:04,2026-08-02 13:42:04,2026-08-02 13:48:13,34,34.5,13.349,dongdaegu,2,1,True,target_available_at_arrival,available_count>0 at panel tick nearest as_of+tmap_eta,tmap_routes
CV001323,2026-07-31 00:20:43,2026-07-31 00:23:43,2026-07-31 00:30:44,3,2.7,0.18,dongdaegu,4,4,True,target_available_at_arrival,available_count>0 at panel tick nearest as_of+tmap_eta,tmap_routes
NX000019,2026-08-08 06:57:26,2026-08-08 07:22:26,2026-08-08 07:27:28,25,25.0,5.726,dongdaegu,1,1,True,target_available_at_arrival,available_count>0 at panel tick nearest as_of+tmap_eta,tmap_routes
ME22C253,2026-08-01 05:29:28,2026-08-01 06:03:28,2026-08-01 06:09:31,34,34.5,12.074,dongdaegu,1,1,True,target_available_at_arrival,available_count>0 at panel tick nearest as_of+tmap_eta,tmap_routes
EV012379,2026-08-03 05:32:08,2026-08-03 05:59:08,2026-08-03 06:02:11,27,27.3,8.408,dongdaegu,3,3,True,target_available_at_arrival,available_count>0 at panel tick nearest as_of+tmap_eta,tmap_routes
ST601237,2026-08-08 06:27:25,2026-08-08 06:43:25,2026-08-08 06:47:26,16,16.1,3.81,dongdaegu,2,2,True,target_available_at_arrival,available_count>0 at panel tick nearest as_of+tmap_eta,tmap_routes
ST600663,2026-07-24 08:04:20,2026-07-24 08:40:20,2026-07-24 08:46:58,36,35.8,17.637,dongdaegu,1,2,True,target_available_at_arrival,available_count>0 at panel tick nearest as_of+tmap_eta,tmap_routes
SF000323,2026-07-31 20:45:44,2026-07-31 21:24:44,2026-07-31 21:25:54,39,39.2,19.36,dongdaegu,1,1,True,target_available_at_arrival,available_count>0 at panel tick nearest as_of+tmap_eta,tmap_routes
CV003150,2026-08-08 02:37:12,2026-08-08 03:05:12,2026-08-08 03:07:13,28,28.1,8.577,dongdaegu,1,1,True,target_available_at_arrival,available_count>0 at panel tick nearest as_of+tmap_eta,tmap_routes
SF002258,2026-07-31 19:55:36,2026-07-31 20:11:36,2026-07-31 20:15:40,16,15.8,2.742,dongdaegu,1,1,True,target_available_at_arrival,available_count>0 at panel tick nearest as_of+tmap_eta,tmap_routes
CV002914,2026-07-27 07:53:20,2026-07-27 08:17:20,2026-07-27 08:23:24,24,24.4,8.623,dongdaegu,1,1,True,target_available_at_arrival,available_count>0 at panel tick nearest as_of+tmap_eta,tmap_routes
CV004491,2026-08-04 18:47:48,2026-08-04 19:15:48,2026-08-04 19:17:50,28,28.4,5.02,dongdaegu,1,1,True,target_available_at_arrival,available_count>0 at panel tick nearest as_of+tmap_eta,tmap_routes
CV003129,2026-08-07 12:12:07,2026-08-07 12:45:07,2026-08-07 12:52:09,33,33.1,9.279,dongdaegu,1,1,True,target_available_at_arrival,available_count>0 at panel tick nearest as_of+tmap_eta,tmap_routes
KE000540,2026-08-07 18:52:48,2026-08-07 19:02:48,2026-08-07 19:02:49,10,10.2,1.469,dongdaegu,2,2,True,target_available_at_arrival,available_count>0 at panel tick nearest as_of+tmap_eta,tmap_routes
KP002187,2026-07-25 15:53:48,2026-07-25 16:03:48,2026-07-25 16:03:49,10,9.7,1.643,dongdaegu,2,2,True,target_available_at_arrival,available_count>0 at panel tick nearest as_of+tmap_eta,tmap_routes
CV004134,2026-07-23 07:29:25,2026-07-23 07:46:25,2026-07-23 07:49:35,17,17.2,6.562,dongdaegu,3,3,True,target_available_at_arrival,available_count>0 at panel tick nearest as_of+tmap_eta,tmap_routes
CV003040,2026-08-02 09:17:22,2026-08-02 09:42:22,2026-08-02 09:47:28,25,24.9,7.898,dongdaegu,6,6,True,target_available_at_arrival,available_count>0 at panel tick nearest as_of+tmap_eta,tmap_routes
HM001574,2026-07-25 20:24:29,2026-07-25 20:42:29,2026-07-25 20:44:32,18,17.6,1.66,dongdaegu,1,1,True,target_available_at_arrival,available_count>0 at panel tick nearest as_of+tmap_eta,tmap_routes
ME183067,2026-08-04 06:57:00,2026-08-04 07:22:00,2026-08-04 07:27:02,25,24.9,5.762,dongdaegu,1,1,True,target_available_at_arrival,available_count>0 at panel tick nearest as_of+tmap_eta,tmap_routes
PI740454,2026-07-29 11:38:15,2026-07-29 11:57:15,2026-07-29 11:58:22,19,19.2,4.511,dongdaegu,1,1,True,target_available_at_arrival,available_count>0 at panel tick nearest as_of+tmap_eta,tmap_routes
CV002394,2026-07-26 03:57:14,2026-07-26 04:30:14,2026-07-26 04:37:19,33,33.3,13.237,dongdaegu,2,2,True,target_available_at_arrival,available_count>0 at panel tick nearest as_of+tmap_eta,tmap_routes
CV001627,2026-07-22 14:00:03,2026-07-22 14:39:03,2026-07-22 14:40:16,39,39.0,13.103,dongdaegu,1,2,True,target_available_at_arrival,available_count>0 at panel tick nearest as_of+tmap_eta,tmap_routes
EV005961,2026-08-04 10:27:15,2026-08-04 11:13:15,2026-08-04 11:17:18,46,45.5,15.14,dongdaegu,4,4,True,target_available_at_arrival,available_count>0 at panel tick nearest as_of+tmap_eta,tmap_routes
ST600399,2026-08-01 03:09:14,2026-08-01 04:06:14,2026-08-01 04:09:20,57,57.3,23.048,dongdaegu,6,6,True,target_available_at_arrival,available_count>0 at panel tick nearest as_of+tmap_eta,tmap_routes
KP002181,2026-07-26 20:39:42,2026-07-26 21:12:42,2026-07-26 21:19:48,33,33.0,12.761,dongdaegu,1,1,True,target_available_at_arrival,available_count>0 at panel tick nearest as_of+tmap_eta,tmap_routes
CV003140,2026-08-01 02:19:09,2026-08-01 03:03:09,2026-08-01 03:09:14,44,44.4,15.17,dongdaegu,1,1,True,target_available_at_arrival,available_count>0 at panel tick nearest as_of+tmap_eta,tmap_routes
ME181303,2026-07-23 05:18:45,2026-07-23 05:55:45,2026-07-23 05:58:57,37,37.1,12.615,dongdaegu,1,1,True,target_available_at_arrival,available_count>0 at panel tick nearest as_of+tmap_eta,tmap_routes
IN053044,2026-07-29 15:08:46,2026-07-29 15:48:46,2026-07-29 15:48:51,40,40.2,13.147,dongdaegu,12,12,True,target_available_at_arrival,available_count>0 at panel tick nearest as_of+tmap_eta,tmap_routes
DC530009,2026-07-24 11:47:36,2026-07-24 12:23:36,2026-07-24 12:27:45,36,36.1,8.473,dongdaegu,7,7,True,target_available_at_arrival,available_count>0 at panel tick nearest as_of+tmap_eta,tmap_routes
CV003483,2026-07-27 12:23:59,2026-07-27 12:51:59,2026-07-27 12:54:07,28,28.1,6.301,dongdaegu,1,1,True,target_available_at_arrival,available_count>0 at panel tick nearest as_of+tmap_eta,tmap_routes
CV003093,2026-07-31 07:01:47,2026-07-31 07:39:47,2026-07-31 07:42:04,38,37.6,9.123,dongdaegu,1,1,True,target_available_at_arrival,available_count>0 at panel tick nearest as_of+tmap_eta,tmap_routes
ME19C130,2026-07-30 06:23:57,2026-07-30 07:30:57,2026-07-30 07:34:13,67,66.8,43.953,dongdaegu,1,1,True,target_available_at_arrival,available_count>0 at panel tick nearest as_of+tmap_eta,tmap_routes
CV001606,2026-08-07 12:32:08,2026-08-07 13:01:08,2026-08-07 13:02:12,29,29.0,7.584,dongdaegu,2,2,True,target_available_at_arrival,available_count>0 at panel tick nearest as_of+tmap_eta,tmap_routes
ST277108,2026-07-31 19:45:35,2026-07-31 20:34:35,2026-07-31 20:35:42,49,48.7,23.022,dongdaegu,1,1,True,target_available_at_arrival,available_count>0 at panel tick nearest as_of+tmap_eta,tmap_routes
EV006187,2026-07-30 19:07:31,2026-07-30 19:40:31,2026-07-30 19:47:37,33,32.7,9.315,dongdaegu,3,3,True,target_available_at_arrival,available_count>0 at panel tick nearest as_of+tmap_eta,tmap_routes
CV000321,2026-08-06 12:46:20,2026-08-06 13:03:20,2026-08-06 13:06:21,17,17.2,4.756,dongdaegu,1,1,True,target_available_at_arrival,available_count>0 at panel tick nearest as_of+tmap_eta,tmap_routes
ST271708,2026-08-03 09:42:29,2026-08-03 10:10:29,2026-08-03 10:12:31,28,27.9,6.624,dongdaegu,5,5,True,target_available_at_arrival,available_count>0 at panel tick nearest as_of+tmap_eta,tmap_routes
HE240281,2026-07-26 16:19:07,2026-07-26 17:22:07,2026-07-26 17:29:16,63,63.2,24.883,dongdaegu,2,2,True,target_available_at_arrival,available_count>0 at panel tick nearest as_of+tmap_eta,tmap_routes
PC001513,2026-07-23 11:31:57,2026-07-23 11:48:57,2026-07-23 11:52:13,17,16.9,2.629,dongdaegu,5,5,True,target_available_at_arrival,available_count>0 at panel tick nearest as_of+tmap_eta,tmap_routes
PI530307,2026-08-08 22:18:42,2026-08-08 22:43:42,2026-08-08 22:48:45,25,24.8,6.538,dongdaegu,1,1,True,target_available_at_arrival,available_count>0 at panel tick nearest as_of+tmap_eta,tmap_routes
CV000151,2026-07-23 02:02:58,2026-07-23 02:31:58,2026-07-23 02:33:06,29,28.6,6.223,dongdaegu,1,1,True,target_available_at_arrival,available_count>0 at panel tick nearest as_of+tmap_eta,tmap_routes
CV002516,2026-08-02 11:07:43,2026-08-02 12:07:43,2026-08-02 12:07:52,60,59.5,26.011,dongdaegu,3,2,True,target_available_at_arrival,available_count>0 at panel tick nearest as_of+tmap_eta,tmap_routes
PI530312,2026-08-05 11:21:36,2026-08-05 11:49:36,2026-08-05 11:51:40,28,27.7,5.4,dongdaegu,3,3,True,target_available_at_arrival,available_count>0 at panel tick nearest as_of+tmap_eta,tmap_routes
PIH01804,2026-07-29 12:18:25,2026-07-29 12:36:25,2026-07-29 12:38:27,18,17.8,3.532,dongdaegu,8,8,True,target_available_at_arrival,available_count>0 at panel tick nearest as_of+tmap_eta,tmap_routes
ME22C250,2026-08-04 09:07:09,2026-08-04 10:04:09,2026-08-04 10:07:14,57,57.1,24.108,dongdaegu,1,2,True,target_available_at_arrival,available_count>0 at panel tick nearest as_of+tmap_eta,tmap_routes
CV002302,2026-07-24 20:29:23,2026-07-24 20:59:23,2026-07-24 20:59:30,30,29.7,11.329,dongdaegu,3,3,True,target_available_at_arrival,available_count>0 at panel tick nearest as_of+tmap_eta,tmap_routes
PI740349,2026-07-31 20:45:44,2026-07-31 21:35:44,2026-07-31 21:35:56,50,50.5,27.821,dongdaegu,1,1,True,target_available_at_arrival,available_count>0 at panel tick nearest as_of+tmap_eta,tmap_routes
DC530005,2026-08-07 07:31:38,2026-08-07 07:57:38,2026-08-07 08:01:40,26,25.8,4.529,dongdaegu,1,1,True,target_available_at_arrival,available_count>0 at panel tick nearest as_of+tmap_eta,tmap_routes
KP002189,2026-07-25 22:04:43,2026-07-25 22:19:43,2026-07-25 22:24:46,15,15.4,3.325,dongdaegu,1,1,True,target_available_at_arrival,available_count>0 at panel tick nearest as_of+tmap_eta,tmap_routes
PI764798,2026-07-22 13:09:57,2026-07-22 13:32:57,2026-07-22 13:40:00,23,22.6,6.222,dongdaegu,1,1,True,target_available_at_arrival,available_count>0 at panel tick nearest as_of+tmap_eta,tmap_routes
ME20C182,2026-07-29 01:36:17,2026-07-29 02:05:17,2026-07-29 02:06:21,29,28.9,5.93,dongdaegu,1,1,True,target_available_at_arrival,available_count>0 at panel tick nearest as_of+tmap_eta,tmap_routes
PW015041,2026-08-05 09:21:23,2026-08-05 09:49:23,2026-08-05 09:51:25,28,27.8,5.95,dongdaegu,2,2,True,target_available_at_arrival,available_count>0 at panel tick nearest as_of+tmap_eta,tmap_routes
CV004510,2026-08-06 01:05:43,2026-08-06 01:34:43,2026-08-06 01:35:44,29,29.4,6.162,dongdaegu,1,1,True,target_available_at_arrival,available_count>0 at panel tick nearest as_of+tmap_eta,tmap_routes
CV001223,2026-08-07 04:21:26,2026-08-07 04:46:26,2026-08-07 04:51:27,25,24.8,7.045,dongdaegu,2,2,True,target_available_at_arrival,available_count>0 at panel tick nearest as_of+tmap_eta,tmap_routes
EV005228,2026-07-25 19:14:19,2026-07-25 19:32:19,2026-07-25 19:34:22,18,17.8,3.927,dongdaegu,1,1,True,target_available_at_arrival,available_count>0 at panel tick nearest as_of+tmap_eta,tmap_routes
CV001969,2026-08-06 15:06:33,2026-08-06 15:36:33,2026-08-06 15:36:35,30,29.9,6.01,dongdaegu,1,1,True,target_available_at_arrival,available_count>0 at panel tick nearest as_of+tmap_eta,tmap_routes
EV004402,2026-08-02 02:56:26,2026-08-02 03:33:26,2026-08-02 03:36:33,37,37.4,11.986,dongdaegu,2,2,True,target_available_at_arrival,available_count>0 at panel tick nearest as_of+tmap_eta,tmap_routes
CV003159,2026-07-21 12:31:28,2026-07-21 13:06:28,2026-07-21 13:11:39,35,34.7,13.603,dongdaegu,1,1,True,target_available_at_arrival,available_count>0 at panel tick nearest as_of+tmap_eta,tmap_routes
PIS00579,2026-08-06 01:05:43,2026-08-06 01:30:43,2026-08-06 01:35:44,25,24.8,8.567,dongdaegu,8,8,True,target_available_at_arrival,available_count>0 at panel tick nearest as_of+tmap_eta,tmap_routes
JA270005,2026-08-08 14:38:01,2026-08-08 14:58:01,2026-08-08 14:58:03,20,20.5,6.034,dongdaegu,18,18,True,target_available_at_arrival,available_count>0 at panel tick nearest as_of+tmap_eta,tmap_routes
EV005065,2026-08-06 05:35:53,2026-08-06 05:58:53,2026-08-06 06:05:54,23,22.7,6.241,dongdaegu,2,2,True,target_available_at_arrival,available_count>0 at panel tick nearest as_of+tmap_eta,tmap_routes
CV003461,2026-07-27 15:34:47,2026-07-27 16:03:47,2026-07-27 16:04:53,29,28.9,8.566,dongdaegu,1,1,True,target_available_at_arrival,available_count>0 at panel tick nearest as_of+tmap_eta,tmap_routes
PIH02017,2026-08-05 06:01:10,2026-08-05 06:41:10,2026-08-05 06:41:14,40,39.5,14.443,dongdaegu,1,1,True,target_available_at_arrival,available_count>0 at panel tick nearest as_of+tmap_eta,tmap_routes
CV001223,2026-08-05 17:52:03,2026-08-05 18:17:03,2026-08-05 18:22:08,25,24.8,7.045,dongdaegu,2,2,True,target_available_at_arrival,available_count>0 at panel tick nearest as_of+tmap_eta,tmap_routes
ME184068,2026-07-31 19:55:36,2026-07-31 20:29:36,2026-07-31 20:35:42,34,34.5,7.153,dongdaegu,1,1,True,target_available_at_arrival,available_count>0 at panel tick nearest as_of+tmap_eta,tmap_routes
HM710062,2026-07-29 16:39:06,2026-07-29 16:59:06,2026-07-29 16:59:14,20,20.1,2.189,dongdaegu,2,2,True,target_available_at_arrival,available_count>0 at panel tick nearest as_of+tmap_eta,tmap_routes
PI530292,2026-07-28 21:13:25,2026-07-28 21:26:25,2026-07-28 21:33:29,13,13.1,3.081,dongdaegu,2,1,True,target_available_at_arrival,available_count>0 at panel tick nearest as_of+tmap_eta,tmap_routes
PC000442,2026-08-02 00:25:56,2026-08-02 00:52:56,2026-08-02 00:56:01,27,27.2,5.475,dongdaegu,1,1,True,target_available_at_arrival,available_count>0 at panel tick nearest as_of+tmap_eta,tmap_routes
NT101503,2026-07-28 17:42:34,2026-07-28 18:07:34,2026-07-28 18:12:53,25,24.9,9.063,dongdaegu,1,1,True,target_available_at_arrival,available_count>0 at panel tick nearest as_of+tmap_eta,tmap_routes
CV000512,2026-07-28 23:43:51,2026-07-29 00:03:51,2026-07-29 00:03:53,20,20.0,5.082,dongdaegu,1,1,True,target_available_at_arrival,available_count>0 at panel tick nearest as_of+tmap_eta,tmap_routes
PI645107,2026-08-05 00:40:58,2026-08-05 01:17:58,2026-08-05 01:21:00,37,37.4,12.227,dongdaegu,3,3,True,target_available_at_arrival,available_count>0 at panel tick nearest as_of+tmap_eta,tmap_routes
PW000224,2026-08-05 04:41:07,2026-08-05 05:21:07,2026-08-05 05:21:09,40,40.0,9.145,dongdaegu,2,2,True,target_available_at_arrival,available_count>0 at panel tick nearest as_of+tmap_eta,tmap_routes
ME19Y406,2026-08-05 21:22:25,2026-08-05 21:25:25,2026-08-05 21:32:25,3,2.6,0.183,dongdaegu,4,4,True,target_available_at_arrival,available_count>0 at panel tick nearest as_of+tmap_eta,tmap_routes
PI740263,2026-07-31 03:31:07,2026-07-31 04:14:07,2026-07-31 04:21:19,43,43.4,15.153,dongdaegu,1,1,True,target_available_at_arrival,available_count>0 at panel tick nearest as_of+tmap_eta,tmap_routes
CV003158,2026-07-27 17:55:11,2026-07-27 18:41:11,2026-07-27 18:45:22,46,46.5,15.819,dongdaegu,1,1,True,target_available_at_arrival,available_count>0 at panel tick nearest as_of+tmap_eta,tmap_routes
PI750070,2026-07-24 10:57:27,2026-07-24 11:15:27,2026-07-24 11:17:29,18,18.3,3.62,dongdaegu,3,3,True,target_available_at_arrival,available_count>0 at panel tick nearest as_of+tmap_eta,tmap_routes
ME183070,2026-08-04 04:46:55,2026-08-04 05:35:55,2026-08-04 05:36:56,49,49.1,29.79,dongdaegu,1,1,True,target_available_at_arrival,available_count>0 at panel tick nearest as_of+tmap_eta,tmap_routes
CV002163,2026-08-03 17:02:59,2026-08-03 17:29:59,2026-08-03 17:33:43,27,26.6,6.988,dongdaegu,8,8,True,target_available_at_arrival,available_count>0 at panel tick nearest as_of+tmap_eta,tmap_routes
PIS00561,2026-08-05 09:31:24,2026-08-05 09:59:24,2026-08-05 10:01:25,28,27.8,9.974,dongdaegu,8,8,True,target_available_at_arrival,available_count>0 at panel tick nearest as_of+tmap_eta,tmap_routes
CV004463,2026-07-18 11:50:33,2026-07-18 12:31:33,2026-07-18 12:35:35,41,40.7,10.877,dongdaegu,1,2,True,target_available_at_arrival,available_count>0 at panel tick nearest as_of+tmap_eta,tmap_routes
EV008138,2026-08-05 11:01:34,2026-08-05 11:21:34,2026-08-05 11:21:36,20,19.9,1.724,dongdaegu,2,2,True,target_available_at_arrival,available_count>0 at panel tick nearest as_of+tmap_eta,tmap_routes
ME18C229,2026-07-31 15:44:34,2026-07-31 16:37:34,2026-07-31 16:44:52,53,52.9,43.083,dongdaegu,1,1,True,target_available_at_arrival,available_count>0 at panel tick nearest as_of+tmap_eta,tmap_routes
CV003076,2026-08-02 01:46:10,2026-08-02 02:14:10,2026-08-02 02:16:18,28,27.8,6.202,dongdaegu,1,1,True,target_available_at_arrival,available_count>0 at panel tick nearest as_of+tmap_eta,tmap_routes
ME22C1A2,2026-07-25 17:54:07,2026-07-25 18:33:07,2026-07-25 18:34:12,39,39.2,13.424,dongdaegu,1,0,False,target_available_at_arrival,available_count>0 at panel tick nearest as_of+tmap_eta,tmap_routes
PI740264,2026-08-05 15:41:55,2026-08-05 16:25:55,2026-08-05 16:31:58,44,43.5,15.169,dongdaegu,1,1,True,target_available_at_arrival,available_count>0 at panel tick nearest as_of+tmap_eta,tmap_routes
CV003484,2026-07-24 07:44:14,2026-07-24 08:30:14,2026-07-24 08:36:56,46,46.3,10.238,dongdaegu,1,1,True,target_available_at_arrival,available_count>0 at panel tick nearest as_of+tmap_eta,tmap_routes
ME22C1A2,2026-07-18 13:35:39,2026-07-18 14:14:39,2026-07-18 14:20:41,39,39.2,13.424,dongdaegu,1,1,True,target_available_at_arrival,available_count>0 at panel tick nearest as_of+tmap_eta,tmap_routes
CV003276,2026-07-26 11:48:31,2026-07-26 12:25:31,2026-07-26 12:28:35,37,36.8,7.574,dongdaegu,2,2,True,target_available_at_arrival,available_count>0 at panel tick nearest as_of+tmap_eta,tmap_routes
CV001601,2026-08-02 07:07:01,2026-08-02 07:45:01,2026-08-02 07:47:08,38,38.1,7.168,dongdaegu,1,1,True,target_available_at_arrival,available_count>0 at panel tick nearest as_of+tmap_eta,tmap_routes
CV002150,2026-07-31 14:23:09,2026-07-31 14:53:09,2026-07-31 14:53:12,30,30.4,11.163,dongdaegu,2,1,True,target_available_at_arrival,available_count>0 at panel tick nearest as_of+tmap_eta,tmap_routes
ME21B301,2026-07-30 16:56:48,2026-07-30 17:31:48,2026-07-30 17:37:06,35,34.6,12.022,dongdaegu,3,3,True,target_available_at_arrival,available_count>0 at panel tick nearest as_of+tmap_eta,tmap_routes
ME25C276,2026-08-02 01:56:15,2026-08-02 02:54:15,2026-08-02 02:56:26,58,58.0,30.689,dongdaegu,2,2,True,target_available_at_arrival,available_count>0 at panel tick nearest as_of+tmap_eta,tmap_routes
ME23B113,2026-07-28 19:13:08,2026-07-28 20:07:08,2026-07-28 20:13:17,54,54.4,40.695,dongdaegu,1,1,True,target_available_at_arrival,available_count>0 at panel tick nearest as_of+tmap_eta,tmap_routes
ME183062,2026-07-26 12:58:39,2026-07-26 13:36:39,2026-07-26 13:38:44,38,38.3,13.119,dongdaegu,1,1,True,target_available_at_arrival,available_count>0 at panel tick nearest as_of+tmap_eta,tmap_routes
PI783362,2026-07-24 06:48:50,2026-07-24 07:11:50,2026-07-24 07:14:02,23,23.0,7.919,dongdaegu,1,1,True,target_available_at_arrival,available_count>0 at panel tick nearest as_of+tmap_eta,tmap_routes
CV004134,2026-08-04 10:17:15,2026-08-04 10:34:15,2026-08-04 10:37:16,17,17.2,6.562,dongdaegu,6,6,True,target_available_at_arrival,available_count>0 at panel tick nearest as_of+tmap_eta,tmap_routes
PI740374,2026-08-03 06:42:12,2026-08-03 07:09:12,2026-08-03 07:12:14,27,27.0,8.019,dongdaegu,1,2,True,target_available_at_arrival,available_count>0 at panel tick nearest as_of+tmap_eta,tmap_routes
ST272902,2026-08-06 16:56:40,2026-08-06 17:29:40,2026-08-06 17:36:44,33,32.9,11.66,dongdaegu,1,1,True,target_available_at_arrival,available_count>0 at panel tick nearest as_of+tmap_eta,tmap_routes
ME25C168,2026-08-09 05:53:15,2026-08-09 06:36:15,2026-08-09 06:43:17,43,42.7,12.324,dongdaegu,1,1,True,target_available_at_arrival,available_count>0 at panel tick nearest as_of+tmap_eta,tmap_routes
EV005838,2026-07-25 18:44:13,2026-07-25 19:10:13,2026-07-25 19:14:19,26,25.7,7.322,dongdaegu,1,1,True,target_available_at_arrival,available_count>0 at panel tick nearest as_of+tmap_eta,tmap_routes
JA270011,2026-08-01 20:02:28,2026-08-01 20:25:28,2026-08-01 20:32:35,23,22.9,5.105,dongdaegu,23,23,True,target_available_at_arrival,available_count>0 at panel tick nearest as_of+tmap_eta,tmap_routes
CV001646,2026-08-03 19:43:53,2026-08-03 20:11:53,2026-08-03 20:13:55,28,28.5,6.755,dongdaegu,2,2,True,target_available_at_arrival,available_count>0 at panel tick nearest as_of+tmap_eta,tmap_routes
PI740572,2026-07-31 07:52:08,2026-07-31 08:12:08,2026-07-31 08:12:11,20,19.7,4.587,dongdaegu,1,1,True,target_available_at_arrival,available_count>0 at panel tick nearest as_of+tmap_eta,tmap_routes
CV001894,2026-07-24 07:24:05,2026-07-24 07:41:05,2026-07-24 07:44:14,17,16.7,3.567,dongdaegu,1,1,True,target_available_at_arrival,available_count>0 at panel tick nearest as_of+tmap_eta,tmap_routes
CV001242,2026-07-31 04:51:21,2026-07-31 05:30:21,2026-07-31 05:31:34,39,38.9,13.135,dongdaegu,7,7,True,target_available_at_arrival,available_count>0 at panel tick nearest as_of+tmap_eta,tmap_routes
CV004086,2026-08-08 04:27:18,2026-08-08 05:03:18,2026-08-08 05:07:22,36,35.9,8.3,dongdaegu,11,11,True,target_available_at_arrival,available_count>0 at panel tick nearest as_of+tmap_eta,tmap_routes
ST271708,2026-08-02 00:46:00,2026-08-02 01:14:00,2026-08-02 01:16:03,28,27.9,6.624,dongdaegu,6,6,True,target_available_at_arrival,available_count>0 at panel tick nearest as_of+tmap_eta,tmap_routes
KP003777,2026-08-03 05:02:06,2026-08-03 05:16:06,2026-08-03 05:22:07,14,13.6,3.777,dongdaegu,1,1,True,target_available_at_arrival,available_count>0 at panel tick nearest as_of+tmap_eta,tmap_routes
CV004116,2026-07-31 06:51:46,2026-07-31 07:04:46,2026-07-31 07:12:00,13,13.2,2.245,dongdaegu,10,10,True,target_available_at_arrival,available_count>0 at panel tick nearest as_of+tmap_eta,tmap_routes
CV001626,2026-07-26 17:29:16,2026-07-26 18:17:16,2026-07-26 18:19:23,48,48.5,14.505,dongdaegu,1,1,True,target_available_at_arrival,available_count>0 at panel tick nearest as_of+tmap_eta,tmap_routes
PI530037,2026-08-03 18:43:49,2026-08-03 19:06:49,2026-08-03 19:13:51,23,23.0,8.181,dongdaegu,1,1,True,target_available_at_arrival,available_count>0 at panel tick nearest as_of+tmap_eta,tmap_routes
ST271705,2026-08-02 14:58:26,2026-08-02 15:22:26,2026-08-02 15:28:30,24,24.4,6.552,dongdaegu,1,1,True,target_available_at_arrival,available_count>0 at panel tick nearest as_of+tmap_eta,tmap_routes
LU002365,2026-07-26 19:59:36,2026-07-26 20:29:36,2026-07-26 20:29:41,30,30.5,8.144,dongdaegu,1,1,True,target_available_at_arrival,available_count>0 at panel tick nearest as_of+tmap_eta,tmap_routes
PI122336,2026-08-09 04:43:11,2026-08-09 05:26:11,2026-08-09 05:33:14,43,43.4,15.158,dongdaegu,1,1,True,target_available_at_arrival,available_count>0 at panel tick nearest as_of+tmap_eta,tmap_routes
CV003128,2026-08-06 03:15:48,2026-08-06 03:44:48,2026-08-06 03:45:49,29,28.9,5.462,dongdaegu,1,1,True,target_available_at_arrival,available_count>0 at panel tick nearest as_of+tmap_eta,tmap_routes
ME183065,2026-08-07 22:23:20,2026-08-07 22:57:20,2026-08-07 23:03:22,34,34.4,10.368,dongdaegu,1,1,True,target_available_at_arrival,available_count>0 at panel tick nearest as_of+tmap_eta,tmap_routes
CV000783,2026-08-05 19:42:19,2026-08-05 20:12:19,2026-08-05 20:12:21,30,30.1,9.004,dongdaegu,1,1,True,target_available_at_arrival,available_count>0 at panel tick nearest as_of+tmap_eta,tmap_routes
SF003268,2026-08-04 12:37:26,2026-08-04 12:55:26,2026-08-04 12:57:27,18,17.6,3.734,dongdaegu,1,1,True,target_available_at_arrival,available_count>0 at panel tick nearest as_of+tmap_eta,tmap_routes
CV001488,2026-08-07 04:01:25,2026-08-07 04:31:25,2026-08-07 04:31:26,30,30.3,7.059,dongdaegu,2,2,True,target_available_at_arrival,available_count>0 at panel tick nearest as_of+tmap_eta,tmap_routes
PI740664,2026-08-07 13:12:12,2026-08-07 13:51:12,2026-08-07 13:52:15,39,39.1,12.199,dongdaegu,2,2,True,target_available_at_arrival,available_count>0 at panel tick nearest as_of+tmap_eta,tmap_routes
CV000799,2026-08-05 17:22:01,2026-08-05 18:06:01,2026-08-05 18:12:07,44,43.8,8.916,dongdaegu,1,1,True,target_available_at_arrival,available_count>0 at panel tick nearest as_of+tmap_eta,tmap_routes
EV013753,2026-08-07 02:11:19,2026-08-07 02:39:19,2026-08-07 02:41:20,28,27.8,9.492,dongdaegu,1,1,True,target_available_at_arrival,available_count>0 at panel tick nearest as_of+tmap_eta,tmap_routes
ME19C227,2026-07-18 19:21:07,2026-07-18 20:14:07,2026-07-18 20:21:11,53,53.1,26.623,dongdaegu,1,1,True,target_available_at_arrival,available_count>0 at panel tick nearest as_of+tmap_eta,tmap_routes
ME18C254,2026-07-24 17:58:47,2026-07-24 18:32:47,2026-07-24 18:39:04,34,34.3,7.296,dongdaegu,2,1,True,target_available_at_arrival,available_count>0 at panel tick nearest as_of+tmap_eta,tmap_routes
EV005838,2026-08-01 11:30:40,2026-08-01 11:56:40,2026-08-01 12:00:43,26,25.7,7.322,dongdaegu,1,1,True,target_available_at_arrival,available_count>0 at panel tick nearest as_of+tmap_eta,tmap_routes
CV001601,2026-08-03 11:22:36,2026-08-03 12:00:36,2026-08-03 12:02:38,38,38.1,7.168,dongdaegu,2,0,False,target_available_at_arrival,available_count>0 at panel tick nearest as_of+tmap_eta,tmap_routes
EV008883,2026-08-05 11:41:39,2026-08-05 12:11:39,2026-08-05 12:11:41,30,30.1,10.528,dongdaegu,1,1,True,target_available_at_arrival,available_count>0 at panel tick nearest as_of+tmap_eta,tmap_routes
ME22C253,2026-08-08 13:07:53,2026-08-08 13:41:53,2026-08-08 13:47:56,34,34.5,12.074,dongdaegu,2,1,True,target_available_at_arrival,available_count>0 at panel tick nearest as_of+tmap_eta,tmap_routes
CV003099,2026-07-23 03:33:19,2026-07-23 04:04:19,2026-07-23 04:08:27,31,30.6,8.693,dongdaegu,1,1,True,target_available_at_arrival,available_count>0 at panel tick nearest as_of+tmap_eta,tmap_routes
ME183064,2026-07-27 00:00:08,2026-07-27 00:29:08,2026-07-27 00:32:17,29,29.2,9.767,dongdaegu,1,1,True,target_available_at_arrival,available_count>0 at panel tick nearest as_of+tmap_eta,tmap_routes
PI740701,2026-07-31 13:53:02,2026-07-31 14:30:02,2026-07-31 14:33:10,37,37.4,10.492,dongdaegu,2,2,True,target_available_at_arrival,available_count>0 at panel tick nearest as_of+tmap_eta,tmap_routes
ME18C172,2026-08-06 12:46:20,2026-08-06 13:05:20,2026-08-06 13:06:21,19,18.7,3.773,dongdaegu,1,1,True,target_available_at_arrival,available_count>0 at panel tick nearest as_of+tmap_eta,tmap_routes
EV007654,2026-08-07 14:42:17,2026-08-07 15:11:17,2026-08-07 15:12:27,29,29.4,8.407,dongdaegu,3,3,True,target_available_at_arrival,available_count>0 at panel tick nearest as_of+tmap_eta,tmap_routes
PI530300,2026-08-07 04:01:25,2026-08-07 04:24:25,2026-08-07 04:31:26,23,23.2,6.203,dongdaegu,1,1,True,target_available_at_arrival,available_count>0 at panel tick nearest as_of+tmap_eta,tmap_routes
CV002087,2026-07-29 01:46:18,2026-07-29 02:00:18,2026-07-29 02:06:21,14,14.4,1.77,dongdaegu,2,2,True,target_available_at_arrival,available_count>0 at panel tick nearest as_of+tmap_eta,tmap_routes
PI740664,2026-07-30 18:57:30,2026-07-30 19:36:30,2026-07-30 19:37:36,39,39.1,12.199,dongdaegu,1,1,True,target_available_at_arrival,available_count>0 at panel tick nearest as_of+tmap_eta,tmap_routes
KP005644,2026-07-27 04:52:42,2026-07-27 05:05:42,2026-07-27 05:12:44,13,12.8,1.502,dongdaegu,4,4,True,target_available_at_arrival,available_count>0 at panel tick nearest as_of+tmap_eta,tmap_routes
PI740287,2026-07-30 10:44:59,2026-07-30 11:02:59,2026-07-30 11:05:01,18,18.2,2.761,dongdaegu,1,1,True,target_available_at_arrival,available_count>0 at panel tick nearest as_of+tmap_eta,tmap_routes
ME18C147,2026-07-27 10:13:40,2026-07-27 11:19:40,2026-07-27 11:23:48,66,65.8,31.609,dongdaegu,1,1,True,target_available_at_arrival,available_count>0 at panel tick nearest as_of+tmap_eta,tmap_routes
PW015140,2026-08-02 05:26:45,2026-08-02 05:39:45,2026-08-02 05:46:47,13,13.0,4.192,dongdaegu,2,2,True,target_available_at_arrival,available_count>0 at panel tick nearest as_of+tmap_eta,tmap_routes
KE001051,2026-08-08 09:37:37,2026-08-08 10:00:37,2026-08-08 10:07:39,23,22.6,3.639,dongdaegu,1,1,True,target_available_at_arrival,available_count>0 at panel tick nearest as_of+tmap_eta,tmap_routes
CV002099,2026-07-26 13:58:46,2026-07-26 14:27:46,2026-07-26 14:28:51,29,28.6,9.096,dongdaegu,3,2,True,target_available_at_arrival,available_count>0 at panel tick nearest as_of+tmap_eta,tmap_routes
RE000154,2026-08-07 01:11:17,2026-08-07 01:35:17,2026-08-07 01:41:18,24,24.5,8.606,dongdaegu,3,3,True,target_available_at_arrival,available_count>0 at panel tick nearest as_of+tmap_eta,tmap_routes
BNBN1180,2026-07-31 01:50:52,2026-07-31 02:26:52,2026-07-31 02:30:56,36,36.3,12.826,dongdaegu,2,2,True,target_available_at_arrival,available_count>0 at panel tick nearest as_of+tmap_eta,tmap_routes
ST601240,2026-08-07 15:22:28,2026-08-07 15:45:28,2026-08-07 15:52:32,23,22.6,6.109,dongdaegu,2,2,True,target_available_at_arrival,available_count>0 at panel tick nearest as_of+tmap_eta,tmap_routes
PI740298,2026-08-06 14:06:26,2026-08-06 14:34:26,2026-08-06 14:36:28,28,27.7,6.071,dongdaegu,1,1,True,target_available_at_arrival,available_count>0 at panel tick nearest as_of+tmap_eta,tmap_routes
PI740140,2026-08-07 07:31:38,2026-08-07 08:01:38,2026-08-07 08:01:40,30,30.1,9.429,dongdaegu,3,3,True,target_available_at_arrival,available_count>0 at panel tick nearest as_of+tmap_eta,tmap_routes
HW000692,2026-07-31 16:14:42,2026-07-31 16:22:42,2026-07-31 16:24:46,8,8.3,1.603,dongdaegu,2,2,True,target_available_at_arrival,available_count>0 at panel tick nearest as_of+tmap_eta,tmap_routes
PC000132,2026-08-06 00:35:42,2026-08-06 00:55:42,2026-08-06 00:55:43,20,20.3,6.481,dongdaegu,2,2,True,target_available_at_arrival,available_count>0 at panel tick nearest as_of+tmap_eta,tmap_routes
CV003136,2026-07-31 02:10:54,2026-07-31 02:38:54,2026-07-31 02:40:57,28,28.2,8.505,dongdaegu,1,1,True,target_available_at_arrival,available_count>0 at panel tick nearest as_of+tmap_eta,tmap_routes
EC270009,2026-08-02 10:07:33,2026-08-02 10:55:33,2026-08-02 10:57:42,48,48.2,12.61,dongdaegu,6,6,True,target_available_at_arrival,available_count>0 at panel tick nearest as_of+tmap_eta,tmap_routes
EV008883,2026-08-02 08:47:19,2026-08-02 09:17:19,2026-08-02 09:17:22,30,30.1,10.528,dongdaegu,1,1,True,target_available_at_arrival,available_count>0 at panel tick nearest as_of+tmap_eta,tmap_routes
ME22C250,2026-07-23 10:51:33,2026-07-23 11:48:33,2026-07-23 11:52:13,57,57.1,24.108,dongdaegu,2,2,True,target_available_at_arrival,available_count>0 at panel tick nearest as_of+tmap_eta,tmap_routes
CV003040,2026-08-07 13:32:14,2026-08-07 13:57:14,2026-08-07 14:02:15,25,24.9,7.898,dongdaegu,6,5,True,target_available_at_arrival,available_count>0 at panel tick nearest as_of+tmap_eta,tmap_routes
CV003146,2026-08-06 04:05:50,2026-08-06 04:50:50,2026-08-06 04:55:52,45,44.9,22.12,dongdaegu,1,1,True,target_available_at_arrival,available_count>0 at panel tick nearest as_of+tmap_eta,tmap_routes
EV014736,2026-08-08 16:38:08,2026-08-08 16:48:08,2026-08-08 16:48:13,10,10.3,1.868,dongdaegu,1,1,True,target_available_at_arrival,available_count>0 at panel tick nearest as_of+tmap_eta,tmap_routes
CV003082,2026-08-05 15:41:55,2026-08-05 16:10:55,2026-08-05 16:11:57,29,29.1,6.499,dongdaegu,1,1,True,target_available_at_arrival,available_count>0 at panel tick nearest as_of+tmap_eta,tmap_routes
BE241250,2026-08-07 07:21:38,2026-08-07 08:15:38,2026-08-07 08:21:44,54,54.0,26.162,dongdaegu,2,2,True,target_available_at_arrival,available_count>0 at panel tick nearest as_of+tmap_eta,tmap_routes
KP002190,2026-08-02 06:06:49,2026-08-02 06:22:49,2026-08-02 06:26:57,16,15.8,3.532,dongdaegu,1,1,True,target_available_at_arrival,available_count>0 at panel tick nearest as_of+tmap_eta,tmap_routes
PIS00594,2026-08-08 11:47:49,2026-08-08 12:24:49,2026-08-08 12:27:51,37,37.1,13.531,dongdaegu,27,26,True,target_available_at_arrival,available_count>0 at panel tick nearest as_of+tmap_eta,tmap_routes
CV001768,2026-07-18 19:06:06,2026-07-18 19:59:06,2026-07-18 20:06:10,53,53.0,25.977,dongdaegu,2,2,True,target_available_at_arrival,available_count>0 at panel tick nearest as_of+tmap_eta,tmap_routes
PI730006,2026-08-04 01:06:43,2026-08-04 01:13:43,2026-08-04 01:16:43,7,7.0,0.797,dongdaegu,2,2,True,target_available_at_arrival,available_count>0 at panel tick nearest as_of+tmap_eta,tmap_routes
CV000799,2026-08-09 05:13:12,2026-08-09 05:57:12,2026-08-09 06:03:15,44,43.8,8.916,dongdaegu,1,1,True,target_available_at_arrival,available_count>0 at panel tick nearest as_of+tmap_eta,tmap_routes
PI530310,2026-08-01 23:12:58,2026-08-01 23:37:58,2026-08-01 23:43:01,25,25.0,7.513,dongdaegu,2,2,True,target_available_at_arrival,available_count>0 at panel tick nearest as_of+tmap_eta,tmap_routes
EV008719,2026-08-04 01:06:43,2026-08-04 01:35:43,2026-08-04 01:36:46,29,29.2,8.45,dongdaegu,2,2,True,target_available_at_arrival,available_count>0 at panel tick nearest as_of+tmap_eta,tmap_routes
CV003121,2026-07-31 03:41:13,2026-07-31 04:15:13,2026-07-31 04:21:19,34,34.3,6.023,dongdaegu,1,1,True,target_available_at_arrival,available_count>0 at panel tick nearest as_of+tmap_eta,tmap_routes
HW000494,2026-08-05 00:30:58,2026-08-05 00:57:58,2026-08-05 01:00:59,27,26.6,7.426,dongdaegu,1,1,True,target_available_at_arrival,available_count>0 at panel tick nearest as_of+tmap_eta,tmap_routes
CV002995,2026-08-01 14:31:26,2026-08-01 14:55:26,2026-08-01 15:01:30,24,24.1,4.399,dongdaegu,2,2,True,target_available_at_arrival,available_count>0 at panel tick nearest as_of+tmap_eta,tmap_routes
CV002390,2026-08-02 14:38:23,2026-08-02 15:04:23,2026-08-02 15:08:27,26,25.7,8.182,dongdaegu,2,2,True,target_available_at_arrival,available_count>0 at panel tick nearest as_of+tmap_eta,tmap_routes
PIH01804,2026-07-30 11:05:01,2026-07-30 11:23:01,2026-07-30 11:25:13,18,17.8,3.532,dongdaegu,10,10,True,target_available_at_arrival,available_count>0 at panel tick nearest as_of+tmap_eta,tmap_routes
NT101504,2026-07-27 22:46:15,2026-07-27 23:11:15,2026-07-27 23:16:18,25,24.7,9.04,dongdaegu,1,1,True,target_available_at_arrival,available_count>0 at panel tick nearest as_of+tmap_eta,tmap_routes
PI740241,2026-07-27 10:53:45,2026-07-27 11:07:45,2026-07-27 11:13:47,14,13.5,2.053,dongdaegu,1,1,True,target_available_at_arrival,available_count>0 at panel tick nearest as_of+tmap_eta,tmap_routes
CV003800,2026-07-27 19:25:37,2026-07-27 19:58:37,2026-07-27 20:05:44,33,32.6,10.802,dongdaegu,4,4,True,target_available_at_arrival,available_count>0 at panel tick nearest as_of+tmap_eta,tmap_routes
CV000503,2026-07-28 17:22:32,2026-07-28 17:55:32,2026-07-28 18:02:41,33,32.9,10.327,dongdaegu,2,2,True,target_available_at_arrival,available_count>0 at panel tick nearest as_of+tmap_eta,tmap_routes
CV003075,2026-07-26 00:04:58,2026-07-26 00:30:58,2026-07-26 00:36:49,26,26.1,8.655,dongdaegu,1,1,True,target_available_at_arrival,available_count>0 at panel tick nearest as_of+tmap_eta,tmap_routes
ME19W401,2026-07-23 13:37:48,2026-07-23 14:31:48,2026-07-23 14:33:01,54,53.5,31.956,dongdaegu,8,6,True,target_available_at_arrival,available_count>0 at panel tick nearest as_of+tmap_eta,tmap_routes
KP004804,2026-08-04 20:17:54,2026-08-04 20:44:54,2026-08-04 20:47:56,27,27.0,8.693,dongdaegu,3,3,True,target_available_at_arrival,available_count>0 at panel tick nearest as_of+tmap_eta,tmap_routes
SF001284,2026-07-31 03:51:14,2026-07-31 04:10:14,2026-07-31 04:11:18,19,18.6,3.943,dongdaegu,2,2,True,target_available_at_arrival,available_count>0 at panel tick nearest as_of+tmap_eta,tmap_routes
ME18C254,2026-07-25 12:34:37,2026-07-25 13:08:37,2026-07-25 13:14:42,34,34.3,7.296,dongdaegu,2,2,True,target_available_at_arrival,available_count>0 at panel tick nearest as_of+tmap_eta,tmap_routes
LU100689,2026-08-02 04:36:39,2026-08-02 05:32:39,2026-08-02 05:36:46,56,56.1,25.94,dongdaegu,2,2,True,target_available_at_arrival,available_count>0 at panel tick nearest as_of+tmap_eta,tmap_routes
ME25C427,2026-08-01 03:49:19,2026-08-01 04:06:19,2026-08-01 04:09:20,17,16.9,2.432,dongdaegu,4,4,True,target_available_at_arrival,available_count>0 at panel tick nearest as_of+tmap_eta,tmap_routes
CV000513,2026-07-30 07:54:16,2026-07-30 08:17:16,2026-07-30 08:24:20,23,22.8,3.906,dongdaegu,1,1,True,target_available_at_arrival,available_count>0 at panel tick nearest as_of+tmap_eta,tmap_routes
SF003198,2026-08-05 23:22:31,2026-08-05 23:48:31,2026-08-05 23:52:32,26,26.4,10.221,dongdaegu,3,3,True,target_available_at_arrival,available_count>0 at panel tick nearest as_of+tmap_eta,tmap_routes
EV007655,2026-08-02 06:16:57,2026-08-02 06:45:57,2026-08-02 06:46:59,29,29.4,8.407,dongdaegu,2,2,True,target_available_at_arrival,available_count>0 at panel tick nearest as_of+tmap_eta,tmap_routes
CV004134,2026-07-28 00:38:20,2026-07-28 00:55:20,2026-07-28 00:58:22,17,17.2,6.562,dongdaegu,6,6,True,target_available_at_arrival,available_count>0 at panel tick nearest as_of+tmap_eta,tmap_routes
DC530009,2026-08-06 01:45:45,2026-08-06 02:21:45,2026-08-06 02:25:46,36,36.1,8.473,dongdaegu,8,8,True,target_available_at_arrival,available_count>0 at panel tick nearest as_of+tmap_eta,tmap_routes
CV004556,2026-07-29 09:48:00,2026-07-29 10:36:00,2026-07-29 10:38:06,48,47.5,15.257,dongdaegu,2,2,True,target_available_at_arrival,available_count>0 at panel tick nearest as_of+tmap_eta,tmap_routes
EV008234,2026-07-29 15:18:47,2026-07-29 15:52:47,2026-07-29 15:58:52,34,33.6,9.097,dongdaegu,3,3,True,target_available_at_arrival,available_count>0 at panel tick nearest as_of+tmap_eta,tmap_routes
NT101301,2026-08-03 04:32:05,2026-08-03 05:18:05,2026-08-03 05:22:07,46,46.0,23.701,dongdaegu,2,2,True,target_available_at_arrival,available_count>0 at panel tick nearest as_of+tmap_eta,tmap_routes
PI530310,2026-08-07 10:41:58,2026-08-07 11:06:58,2026-08-07 11:12:04,25,25.0,7.513,dongdaegu,1,1,True,target_available_at_arrival,available_count>0 at panel tick nearest as_of+tmap_eta,tmap_routes
PC001255,2026-08-06 05:05:52,2026-08-06 05:25:52,2026-08-06 05:25:53,20,20.3,3.165,dongdaegu,1,1,True,target_available_at_arrival,available_count>0 at panel tick nearest as_of+tmap_eta,tmap_routes
PI690013,2026-08-08 17:08:16,2026-08-08 17:44:16,2026-08-08 17:48:18,36,36.5,13.527,dongdaegu,23,23,True,target_available_at_arrival,available_count>0 at panel tick nearest as_of+tmap_eta,tmap_routes
KP004864,2026-07-29 13:18:32,2026-07-29 13:37:32,2026-07-29 13:38:34,19,18.9,4.039,dongdaegu,2,2,True,target_available_at_arrival,available_count>0 at panel tick nearest as_of+tmap_eta,tmap_routes
CV001318,2026-07-31 11:42:45,2026-07-31 12:10:45,2026-07-31 12:12:48,28,28.5,5.908,dongdaegu,2,2,True,target_available_at_arrival,available_count>0 at panel tick nearest as_of+tmap_eta,tmap_routes
CV002188,2026-08-05 00:40:58,2026-08-05 01:05:58,2026-08-05 01:10:59,25,25.1,6.932,dongdaegu,2,2,True,target_available_at_arrival,available_count>0 at panel tick nearest as_of+tmap_eta,tmap_routes
KP000401,2026-07-30 05:33:43,2026-07-30 05:51:43,2026-07-30 05:53:45,18,18.3,3.635,dongdaegu,3,3,True,target_available_at_arrival,available_count>0 at panel tick nearest as_of+tmap_eta,tmap_routes
CV002951,2026-07-22 11:19:42,2026-07-22 12:09:42,2026-07-22 12:09:48,50,49.6,39.256,dongdaegu,1,1,True,target_available_at_arrival,available_count>0 at panel tick nearest as_of+tmap_eta,tmap_routes
HY000912,2026-08-05 10:01:25,2026-08-05 10:25:25,2026-08-05 10:31:33,24,23.5,6.608,dongdaegu,7,7,True,target_available_at_arrival,available_count>0 at panel tick nearest as_of+tmap_eta,tmap_routes
ME25C427,2026-07-26 00:56:51,2026-07-26 01:13:51,2026-07-26 01:16:55,17,16.9,2.432,dongdaegu,4,4,True,target_available_at_arrival,available_count>0 at panel tick nearest as_of+tmap_eta,tmap_routes
CV003185,2026-08-02 04:16:37,2026-08-02 04:46:37,2026-08-02 04:46:40,30,30.1,9.788,dongdaegu,7,7,True,target_available_at_arrival,available_count>0 at panel tick nearest as_of+tmap_eta,tmap_routes
BNBN1092,2026-07-30 11:25:13,2026-07-30 12:20:13,2026-07-30 12:25:20,55,55.2,26.589,dongdaegu,8,7,True,target_available_at_arrival,available_count>0 at panel tick nearest as_of+tmap_eta,tmap_routes
CV000805,2026-08-08 09:27:37,2026-08-08 10:04:37,2026-08-08 10:07:39,37,37.2,9.03,dongdaegu,1,1,True,target_available_at_arrival,available_count>0 at panel tick nearest as_of+tmap_eta,tmap_routes
KP000230,2026-08-03 02:11:59,2026-08-03 02:25:59,2026-08-03 02:32:00,14,13.8,2.881,dongdaegu,2,2,True,target_available_at_arrival,available_count>0 at panel tick nearest as_of+tmap_eta,tmap_routes
EC005057,2026-08-08 09:07:35,2026-08-08 09:34:35,2026-08-08 09:37:37,27,27.3,8.896,dongdaegu,1,1,True,target_available_at_arrival,available_count>0 at panel tick nearest as_of+tmap_eta,tmap_routes
PI740088,2026-08-01 04:39:23,2026-08-01 05:05:23,2026-08-01 05:09:26,26,26.5,9.147,dongdaegu,1,1,True,target_available_at_arrival,available_count>0 at panel tick nearest as_of+tmap_eta,tmap_routes
HW000466,2026-08-06 03:25:48,2026-08-06 04:25:48,2026-08-06 04:25:50,60,60.4,25.938,dongdaegu,1,1,True,target_available_at_arrival,available_count>0 at panel tick nearest as_of+tmap_eta,tmap_routes
PW012368,2026-08-02 21:59:26,2026-08-02 22:27:26,2026-08-02 22:29:27,28,28.5,10.054,dongdaegu,1,1,True,target_available_at_arrival,available_count>0 at panel tick nearest as_of+tmap_eta,tmap_routes
EV008139,2026-07-27 15:24:46,2026-07-27 15:44:46,2026-07-27 15:44:48,20,19.9,1.726,dongdaegu,2,2,True,target_available_at_arrival,available_count>0 at panel tick nearest as_of+tmap_eta,tmap_routes
PI530285,2026-08-07 18:52:48,2026-08-07 19:20:48,2026-08-07 19:22:51,28,28.2,6.939,dongdaegu,1,1,True,target_available_at_arrival,available_count>0 at panel tick nearest as_of+tmap_eta,tmap_routes
SF003193,2026-07-24 07:34:07,2026-07-24 08:24:07,2026-07-24 08:26:54,50,49.9,24.795,dongdaegu,12,12,True,target_available_at_arrival,available_count>0 at panel tick nearest as_of+tmap_eta,tmap_routes
CV000665,2026-07-24 21:09:32,2026-07-24 21:38:32,2026-07-24 21:39:36,29,29.3,6.294,dongdaegu,1,1,True,target_available_at_arrival,available_count>0 at panel tick nearest as_of+tmap_eta,tmap_routes
PI780101,2026-08-04 09:57:14,2026-08-04 10:22:14,2026-08-04 10:27:15,25,24.6,6.622,dongdaegu,2,2,True,target_available_at_arrival,available_count>0 at panel tick nearest as_of+tmap_eta,tmap_routes
CV004302,2026-08-07 06:01:32,2026-08-07 06:28:32,2026-08-07 06:31:33,27,27.2,6.116,dongdaegu,1,1,True,target_available_at_arrival,available_count>0 at panel tick nearest as_of+tmap_eta,tmap_routes
HM000698,2026-08-01 22:42:55,2026-08-01 23:40:55,2026-08-01 23:43:01,58,58.5,38.332,dongdaegu,1,1,True,target_available_at_arrival,available_count>0 at panel tick nearest as_of+tmap_eta,tmap_routes
CV001580,2026-07-31 05:01:22,2026-07-31 05:21:22,2026-07-31 05:21:26,20,19.6,3.217,dongdaegu,2,2,True,target_available_at_arrival,available_count>0 at panel tick nearest as_of+tmap_eta,tmap_routes
EV005709,2026-07-28 12:20:36,2026-07-28 12:55:36,2026-07-28 13:01:09,35,34.7,9.64,dongdaegu,1,1,True,target_available_at_arrival,available_count>0 at panel tick nearest as_of+tmap_eta,tmap_routes
CV000567,2026-07-28 10:39:54,2026-07-28 11:08:54,2026-07-28 11:09:58,29,28.6,4.444,dongdaegu,1,1,True,target_available_at_arrival,available_count>0 at panel tick nearest as_of+tmap_eta,tmap_routes
PW012854,2026-08-07 16:42:34,2026-08-07 17:02:34,2026-08-07 17:02:36,20,20.1,3.411,dongdaegu,4,4,True,target_available_at_arrival,available_count>0 at panel tick nearest as_of+tmap_eta,tmap_routes
CV000113,2026-08-01 12:30:52,2026-08-01 12:48:52,2026-08-01 12:50:59,18,17.9,3.891,dongdaegu,3,3,True,target_available_at_arrival,available_count>0 at panel tick nearest as_of+tmap_eta,tmap_routes
SF003198,2026-08-02 12:37:59,2026-08-02 13:03:59,2026-08-02 13:08:04,26,26.4,10.221,dongdaegu,4,4,True,target_available_at_arrival,available_count>0 at panel tick nearest as_of+tmap_eta,tmap_routes
ST272308,2026-08-03 09:42:29,2026-08-03 09:58:29,2026-08-03 10:02:30,16,15.9,3.465,dongdaegu,3,3,True,target_available_at_arrival,available_count>0 at panel tick nearest as_of+tmap_eta,tmap_routes
ST272920,2026-07-18 14:50:43,2026-07-18 15:20:43,2026-07-18 15:20:44,30,30.1,11.05,dongdaegu,1,1,True,target_available_at_arrival,available_count>0 at panel tick nearest as_of+tmap_eta,tmap_routes
TS271402,2026-08-04 20:17:54,2026-08-04 20:30:54,2026-08-04 20:37:55,13,12.8,1.473,dongdaegu,1,1,True,target_available_at_arrival,available_count>0 at panel tick nearest as_of+tmap_eta,tmap_routes
PIH01804,2026-07-24 20:49:27,2026-07-24 21:07:27,2026-07-24 21:09:32,18,17.8,3.532,dongdaegu,6,6,True,target_available_at_arrival,available_count>0 at panel tick nearest as_of+tmap_eta,tmap_routes
TDP00010,2026-07-28 10:29:53,2026-07-28 10:47:53,2026-07-28 10:49:55,18,17.7,2.955,dongdaegu,12,12,True,target_available_at_arrival,available_count>0 at panel tick nearest as_of+tmap_eta,tmap_routes
CV001545,2026-07-26 03:27:10,2026-07-26 04:15:10,2026-07-26 04:17:17,48,48.1,22.949,dongdaegu,2,0,False,target_available_at_arrival,available_count>0 at panel tick nearest as_of+tmap_eta,tmap_routes
ST601225,2026-08-07 02:51:21,2026-08-07 03:01:21,2026-08-07 03:01:21,10,9.8,1.871,dongdaegu,2,2,True,target_available_at_arrival,available_count>0 at panel tick nearest as_of+tmap_eta,tmap_routes
PIS00597,2026-07-31 10:52:40,2026-07-31 11:09:40,2026-07-31 11:12:42,17,16.9,4.131,dongdaegu,7,7,True,target_available_at_arrival,available_count>0 at panel tick nearest as_of+tmap_eta,tmap_routes
PI740437,2026-07-30 17:17:00,2026-07-30 17:55:00,2026-07-30 17:57:08,38,37.5,11.182,dongdaegu,2,1,True,target_available_at_arrival,available_count>0 at panel tick nearest as_of+tmap_eta,tmap_routes
SF000977,2026-08-08 08:47:34,2026-08-08 09:00:34,2026-08-08 09:07:35,13,13.4,2.21,dongdaegu,6,6,True,target_available_at_arrival,available_count>0 at panel tick nearest as_of+tmap_eta,tmap_routes
ME19X405,2026-08-04 23:08:07,2026-08-04 23:24:07,2026-08-04 23:28:08,16,15.6,1.87,dongdaegu,7,7,True,target_available_at_arrival,available_count>0 at panel tick nearest as_of+tmap_eta,tmap_routes
HW000695,2026-08-03 09:22:26,2026-08-03 09:55:26,2026-08-03 10:02:30,33,32.6,7.975,dongdaegu,1,0,False,target_available_at_arrival,available_count>0 at panel tick nearest as_of+tmap_eta,tmap_routes
NH270001,2026-08-08 03:57:17,2026-08-08 04:50:17,2026-08-08 04:57:19,53,52.7,39.287,dongdaegu,2,2,True,target_available_at_arrival,available_count>0 at panel tick nearest as_of+tmap_eta,tmap_routes
BNBN0591,2026-07-28 13:21:10,2026-07-28 13:54:10,2026-07-28 14:01:15,33,33.3,12.601,dongdaegu,1,1,True,target_available_at_arrival,available_count>0 at panel tick nearest as_of+tmap_eta,tmap_routes
PI202438,2026-08-04 13:57:30,2026-08-04 14:22:30,2026-08-04 14:27:31,25,24.6,6.768,dongdaegu,4,4,True,target_available_at_arrival,available_count>0 at panel tick nearest as_of+tmap_eta,tmap_routes
KE001517,2026-07-18 09:50:21,2026-07-18 10:17:21,2026-07-18 10:20:24,27,27.4,6.394,dongdaegu,1,1,True,target_available_at_arrival,available_count>0 at panel tick nearest as_of+tmap_eta,tmap_routes
EV005269,2026-07-31 18:35:14,2026-07-31 19:05:14,2026-07-31 19:05:25,30,29.6,10.474,dongdaegu,4,4,True,target_available_at_arrival,available_count>0 at panel tick nearest as_of+tmap_eta,tmap_routes
EV007654,2026-07-28 07:19:09,2026-07-28 07:48:09,2026-07-28 07:49:17,29,29.4,8.407,dongdaegu,2,2,True,target_available_at_arrival,available_count>0 at panel tick nearest as_of+tmap_eta,tmap_routes
CV000194,2026-07-28 11:20:07,2026-07-28 12:09:07,2026-07-28 12:10:21,49,48.9,17.248,dongdaegu,1,1,True,target_available_at_arrival,available_count>0 at panel tick nearest as_of+tmap_eta,tmap_routes
CV004482,2026-07-24 20:09:20,2026-07-24 20:54:20,2026-07-24 20:59:30,45,45.4,13.03,dongdaegu,3,3,True,target_available_at_arrival,available_count>0 at panel tick nearest as_of+tmap_eta,tmap_routes
CV001343,2026-08-04 11:47:24,2026-08-04 12:15:24,2026-08-04 12:17:25,28,28.3,6.858,dongdaegu,1,0,False,target_available_at_arrival,available_count>0 at panel tick nearest as_of+tmap_eta,tmap_routes
JA270007,2026-07-29 07:27:19,2026-07-29 07:41:19,2026-07-29 07:47:23,14,13.6,2.937,dongdaegu,3,3,True,target_available_at_arrival,available_count>0 at panel tick nearest as_of+tmap_eta,tmap_routes
CV002516,2026-07-26 23:40:06,2026-07-27 00:40:06,2026-07-27 00:42:18,60,59.5,26.011,dongdaegu,3,3,True,target_available_at_arrival,available_count>0 at panel tick nearest as_of+tmap_eta,tmap_routes
ME19X404,2026-07-26 02:07:00,2026-07-26 02:31:00,2026-07-26 02:37:03,24,23.7,7.894,dongdaegu,6,6,True,target_available_at_arrival,available_count>0 at panel tick nearest as_of+tmap_eta,tmap_routes
CU530011,2026-07-20 16:45:53,2026-07-20 17:01:53,2026-07-20 17:05:54,16,15.6,2.998,dongdaegu,5,5,True,target_available_at_arrival,available_count>0 at panel tick nearest as_of+tmap_eta,tmap_routes
KE001051,2026-08-08 04:57:19,2026-08-08 05:20:19,2026-08-08 05:27:22,23,22.6,3.639,dongdaegu,1,1,True,target_available_at_arrival,available_count>0 at panel tick nearest as_of+tmap_eta,tmap_routes
ST277109,2026-07-28 17:42:34,2026-07-28 18:18:34,2026-07-28 18:22:54,36,35.6,12.799,dongdaegu,2,2,True,target_available_at_arrival,available_count>0 at panel tick nearest as_of+tmap_eta,tmap_routes
CV003716,2026-07-26 18:19:23,2026-07-26 19:07:23,2026-07-26 19:09:30,48,48.1,26.925,dongdaegu,1,1,True,target_available_at_arrival,available_count>0 at panel tick nearest as_of+tmap_eta,tmap_routes
SF001285,2026-07-30 01:13:02,2026-07-30 01:57:02,2026-07-30 02:03:06,44,44.5,9.471,dongdaegu,9,9,True,target_available_at_arrival,available_count>0 at panel tick nearest as_of+tmap_eta,tmap_routes
CV003485,2026-07-31 01:10:48,2026-07-31 01:58:48,2026-07-31 02:00:53,48,48.2,16.03,dongdaegu,3,3,True,target_available_at_arrival,available_count>0 at panel tick nearest as_of+tmap_eta,tmap_routes
CV000891,2026-07-31 02:00:53,2026-07-31 02:59:53,2026-07-31 03:01:02,59,58.9,26.194,dongdaegu,2,2,True,target_available_at_arrival,available_count>0 at panel tick nearest as_of+tmap_eta,tmap_routes
CV002048,2026-08-05 02:41:03,2026-08-05 03:19:03,2026-08-05 03:21:05,38,37.7,10.255,dongdaegu,3,1,True,target_available_at_arrival,available_count>0 at panel tick nearest as_of+tmap_eta,tmap_routes
CV001594,2026-08-06 19:36:53,2026-08-06 20:02:53,2026-08-06 20:06:55,26,25.9,6.561,dongdaegu,1,1,True,target_available_at_arrival,available_count>0 at panel tick nearest as_of+tmap_eta,tmap_routes
PC000553,2026-08-07 15:32:29,2026-08-07 15:49:29,2026-08-07 15:52:32,17,17.2,2.96,dongdaegu,1,1,True,target_available_at_arrival,available_count>0 at panel tick nearest as_of+tmap_eta,tmap_routes
CV000146,2026-08-01 15:41:35,2026-08-01 16:01:35,2026-08-01 16:01:38,20,19.5,3.384,dongdaegu,1,1,True,target_available_at_arrival,available_count>0 at panel tick nearest as_of+tmap_eta,tmap_routes
PI740088,2026-07-29 14:28:39,2026-07-29 14:54:39,2026-07-29 14:58:45,26,26.5,9.147,dongdaegu,3,3,True,target_available_at_arrival,available_count>0 at panel tick nearest as_of+tmap_eta,tmap_routes
PI306105,2026-07-28 07:39:13,2026-07-28 07:52:13,2026-07-28 07:59:18,13,13.3,2.325,dongdaegu,6,6,True,target_available_at_arrival,available_count>0 at panel tick nearest as_of+tmap_eta,tmap_routes
EV006617,2026-07-17 18:24:46,2026-07-17 19:02:46,2026-07-17 19:09:50,38,37.6,13.391,dongdaegu,1,1,True,target_available_at_arrival,available_count>0 at panel tick nearest as_of+tmap_eta,tmap_routes
CV004701,2026-07-30 02:33:09,2026-07-30 02:39:09,2026-07-30 02:43:10,6,5.9,0.675,dongdaegu,3,3,True,target_available_at_arrival,available_count>0 at panel tick nearest as_of+tmap_eta,tmap_routes
EV005066,2026-08-08 20:18:33,2026-08-08 20:41:33,2026-08-08 20:48:35,23,22.6,6.339,dongdaegu,1,1,True,target_available_at_arrival,available_count>0 at panel tick nearest as_of+tmap_eta,tmap_routes
PW801141,2026-07-23 12:52:33,2026-07-23 13:02:33,2026-07-23 13:02:39,10,10.1,0.9,dongdaegu,1,1,True,target_available_at_arrival,available_count>0 at panel tick nearest as_of+tmap_eta,tmap_routes
CV003560,2026-08-04 04:16:53,2026-08-04 05:12:53,2026-08-04 05:16:56,56,55.9,32.014,dongdaegu,1,1,True,target_available_at_arrival,available_count>0 at panel tick nearest as_of+tmap_eta,tmap_routes
PI740252,2026-07-22 10:49:31,2026-07-22 11:13:31,2026-07-22 11:19:42,24,24.0,5.429,dongdaegu,1,0,False,target_available_at_arrival,available_count>0 at panel tick nearest as_of+tmap_eta,tmap_routes
ME183064,2026-07-17 21:09:58,2026-07-17 21:38:58,2026-07-17 21:40:00,29,29.2,9.767,dongdaegu,1,1,True,target_available_at_arrival,available_count>0 at panel tick nearest as_of+tmap_eta,tmap_routes
PW000789,2026-08-03 16:02:52,2026-08-03 16:26:52,2026-08-03 16:32:57,24,24.5,9.182,dongdaegu,1,1,True,target_available_at_arrival,available_count>0 at panel tick nearest as_of+tmap_eta,tmap_routes
CV004134,2026-07-21 14:32:07,2026-07-21 14:49:07,2026-07-21 14:52:19,17,17.2,6.562,dongdaegu,4,4,True,target_available_at_arrival,available_count>0 at panel tick nearest as_of+tmap_eta,tmap_routes
CV001264,2026-08-08 02:17:11,2026-08-08 03:11:11,2026-08-08 03:17:14,54,54.4,27.511,dongdaegu,3,3,True,target_available_at_arrival,available_count>0 at panel tick nearest as_of+tmap_eta,tmap_routes
CV001627,2026-08-04 12:57:27,2026-08-04 13:36:27,2026-08-04 13:37:29,39,39.0,13.103,dongdaegu,2,2,True,target_available_at_arrival,available_count>0 at panel tick nearest as_of+tmap_eta,tmap_routes
BE482306,2026-08-07 23:13:23,2026-08-07 23:33:23,2026-08-07 23:33:24,20,20.1,3.537,dongdaegu,9,10,True,target_available_at_arrival,available_count>0 at panel tick nearest as_of+tmap_eta,tmap_routes
PI121974,2026-07-29 02:56:32,2026-07-29 03:13:32,2026-07-29 03:16:33,17,16.7,3.199,dongdaegu,9,9,True,target_available_at_arrival,available_count>0 at panel tick nearest as_of+tmap_eta,tmap_routes
PIS00546,2026-08-07 05:31:29,2026-08-07 05:59:29,2026-08-07 06:01:32,28,28.2,9.181,dongdaegu,11,11,True,target_available_at_arrival,available_count>0 at panel tick nearest as_of+tmap_eta,tmap_routes
CV002115,2026-07-30 03:23:20,2026-07-30 03:53:20,2026-07-30 03:53:25,30,29.8,9.615,dongdaegu,4,4,True,target_available_at_arrival,available_count>0 at panel tick nearest as_of+tmap_eta,tmap_routes
PI530077,2026-08-07 15:22:28,2026-08-07 15:57:28,2026-08-07 16:02:32,35,35.3,11.644,dongdaegu,1,1,True,target_available_at_arrival,available_count>0 at panel tick nearest as_of+tmap_eta,tmap_routes
ME19C143,2026-07-23 09:00:25,2026-07-23 09:55:25,2026-07-23 09:56:02,55,54.7,26.56,dongdaegu,1,1,True,target_available_at_arrival,available_count>0 at panel tick nearest as_of+tmap_eta,tmap_routes
CV002689,2026-07-30 06:34:00,2026-07-30 07:28:00,2026-07-30 07:34:13,54,54.3,31.501,dongdaegu,5,5,True,target_available_at_arrival,available_count>0 at panel tick nearest as_of+tmap_eta,tmap_routes
KP002189,2026-08-02 15:08:27,2026-08-02 15:23:27,2026-08-02 15:28:30,15,15.4,3.325,dongdaegu,2,2,True,target_available_at_arrival,available_count>0 at panel tick nearest as_of+tmap_eta,tmap_routes
CV000562,2026-07-28 14:31:34,2026-07-28 14:45:34,2026-07-28 14:51:36,14,14.0,1.777,dongdaegu,2,2,True,target_available_at_arrival,available_count>0 at panel tick nearest as_of+tmap_eta,tmap_routes
CV002155,2026-07-29 22:00:13,2026-07-29 22:50:13,2026-07-29 22:50:19,50,49.6,23.361,dongdaegu,2,2,True,target_available_at_arrival,available_count>0 at panel tick nearest as_of+tmap_eta,tmap_routes
NT100890,2026-07-29 06:06:58,2026-07-29 07:04:58,2026-07-29 07:07:12,58,58.0,25.646,dongdaegu,2,2,True,target_available_at_arrival,available_count>0 at panel tick nearest as_of+tmap_eta,tmap_routes
EV005961,2026-08-01 08:50:02,2026-08-01 09:36:02,2026-08-01 09:40:15,46,45.5,15.14,dongdaegu,5,5,True,target_available_at_arrival,available_count>0 at panel tick nearest as_of+tmap_eta,tmap_routes
CV004464,2026-07-30 20:07:41,2026-07-30 20:31:41,2026-07-30 20:37:47,24,23.7,8.761,dongdaegu,3,4,True,target_available_at_arrival,available_count>0 at panel tick nearest as_of+tmap_eta,tmap_routes
BE241250,2026-07-25 07:59:04,2026-07-25 08:53:04,2026-07-25 08:53:43,54,54.0,26.162,dongdaegu,1,1,True,target_available_at_arrival,available_count>0 at panel tick nearest as_of+tmap_eta,tmap_routes
ME183068,2026-08-04 03:46:52,2026-08-04 04:10:52,2026-08-04 04:16:53,24,23.9,7.001,dongdaegu,1,1,True,target_available_at_arrival,available_count>0 at panel tick nearest as_of+tmap_eta,tmap_routes
CV001124,2026-08-01 23:53:02,2026-08-02 00:33:02,2026-08-02 00:35:57,40,40.4,13.358,dongdaegu,1,1,True,target_available_at_arrival,available_count>0 at panel tick nearest as_of+tmap_eta,tmap_routes
EV008163,2026-07-26 14:58:55,2026-07-26 15:36:55,2026-07-26 15:39:01,38,37.7,10.328,dongdaegu,2,2,True,target_available_at_arrival,available_count>0 at panel tick nearest as_of+tmap_eta,tmap_routes
CV001124,2026-07-31 11:52:46,2026-07-31 12:32:46,2026-07-31 12:32:51,40,40.4,13.358,dongdaegu,1,1,True,target_available_at_arrival,available_count>0 at panel tick nearest as_of+tmap_eta,tmap_routes
ME20C186,2026-07-23 07:24:24,2026-07-23 08:08:24,2026-07-23 08:09:42,44,44.2,22.102,dongdaegu,1,1,True,target_available_at_arrival,available_count>0 at panel tick nearest as_of+tmap_eta,tmap_routes
PI540413,2026-07-28 21:53:32,2026-07-28 22:51:32,2026-07-28 22:53:42,58,58.1,26.276,dongdaegu,6,6,True,target_available_at_arrival,available_count>0 at panel tick nearest as_of+tmap_eta,tmap_routes
NT100890,2026-07-22 12:59:55,2026-07-22 13:57:55,2026-07-22 14:00:03,58,58.0,25.646,dongdaegu,1,1,True,target_available_at_arrival,available_count>0 at panel tick nearest as_of+tmap_eta,tmap_routes
CV000896,2026-08-09 02:23:05,2026-08-09 03:07:05,2026-08-09 03:13:07,44,43.9,9.703,dongdaegu,18,19,True,target_available_at_arrival,available_count>0 at panel tick nearest as_of+tmap_eta,tmap_routes
CV000896,2026-08-02 13:08:04,2026-08-02 13:52:04,2026-08-02 13:58:14,44,43.9,9.703,dongdaegu,15,14,True,target_available_at_arrival,available_count>0 at panel tick nearest as_of+tmap_eta,tmap_routes
PI740455,2026-08-02 11:37:47,2026-08-02 11:54:47,2026-08-02 11:57:51,17,17.0,4.517,dongdaegu,1,1,True,target_available_at_arrival,available_count>0 at panel tick nearest as_of+tmap_eta,tmap_routes
CV003464,2026-08-04 18:07:46,2026-08-04 18:34:46,2026-08-04 18:37:48,27,27.0,5.866,dongdaegu,4,3,True,target_available_at_arrival,available_count>0 at panel tick nearest as_of+tmap_eta,tmap_routes
ME18C260,2026-08-08 21:58:39,2026-08-08 22:13:39,2026-08-08 22:18:42,15,14.7,3.117,dongdaegu,2,2,True,target_available_at_arrival,available_count>0 at panel tick nearest as_of+tmap_eta,tmap_routes
ME20C182,2026-08-07 16:22:33,2026-08-07 16:51:33,2026-08-07 16:52:35,29,28.9,5.93,dongdaegu,1,1,True,target_available_at_arrival,available_count>0 at panel tick nearest as_of+tmap_eta,tmap_routes
ME24B144,2026-07-25 20:24:29,2026-07-25 21:17:29,2026-07-25 21:24:38,53,53.4,31.05,dongdaegu,1,1,True,target_available_at_arrival,available_count>0 at panel tick nearest as_of+tmap_eta,tmap_routes
ME22C1A3,2026-07-17 19:09:50,2026-07-17 19:36:50,2026-07-17 19:39:51,27,27.1,6.546,dongdaegu,1,1,True,target_available_at_arrival,available_count>0 at panel tick nearest as_of+tmap_eta,tmap_routes
ST601225,2026-07-23 01:52:56,2026-07-23 02:02:56,2026-07-23 02:02:58,10,9.8,1.871,dongdaegu,1,1,True,target_available_at_arrival,available_count>0 at panel tick nearest as_of+tmap_eta,tmap_routes
EV012414,2026-08-04 17:17:43,2026-08-04 17:47:43,2026-08-04 17:47:44,30,29.9,6.418,dongdaegu,3,3,True,target_available_at_arrival,available_count>0 at panel tick nearest as_of+tmap_eta,tmap_routes
ST601269,2026-08-02 05:46:47,2026-08-02 05:56:47,2026-08-02 05:56:48,10,9.6,1.345,dongdaegu,1,1,True,target_available_at_arrival,available_count>0 at panel tick nearest as_of+tmap_eta,tmap_routes
HW000648,2026-07-26 07:07:40,2026-07-26 07:35:40,2026-07-26 07:37:45,28,27.5,9.134,dongdaegu,1,2,True,target_available_at_arrival,available_count>0 at panel tick nearest as_of+tmap_eta,tmap_routes
ME25C425,2026-07-19 16:46:21,2026-07-19 17:42:21,2026-07-19 17:46:26,56,55.8,26.688,dongdaegu,4,4,True,target_available_at_arrival,available_count>0 at panel tick nearest as_of+tmap_eta,tmap_routes
LU001081,2026-07-28 11:50:19,2026-07-28 12:18:19,2026-07-28 12:20:36,28,27.6,6.307,dongdaegu,2,2,True,target_available_at_arrival,available_count>0 at panel tick nearest as_of+tmap_eta,tmap_routes
SF003187,2026-07-29 20:29:55,2026-07-29 20:59:55,2026-07-29 21:00:01,30,29.6,9.475,dongdaegu,4,4,True,target_available_at_arrival,available_count>0 at panel tick nearest as_of+tmap_eta,tmap_routes
KE001046,2026-08-06 10:56:15,2026-08-06 11:15:15,2026-08-06 11:16:16,19,19.2,4.181,dongdaegu,1,1,True,target_available_at_arrival,available_count>0 at panel tick nearest as_of+tmap_eta,tmap_routes
ME20C288,2026-07-22 21:02:00,2026-07-22 21:31:00,2026-07-22 21:38:30,29,29.1,9.321,dongdaegu,2,2,True,target_available_at_arrival,available_count>0 at panel tick nearest as_of+tmap_eta,tmap_routes
CV000543,2026-07-31 08:02:10,2026-07-31 08:12:10,2026-07-31 08:12:11,10,10.2,1.51,dongdaegu,1,1,True,target_available_at_arrival,available_count>0 at panel tick nearest as_of+tmap_eta,tmap_routes
KE000354,2026-07-31 00:20:43,2026-07-31 00:37:43,2026-07-31 00:40:46,17,16.6,4.132,dongdaegu,2,3,True,target_available_at_arrival,available_count>0 at panel tick nearest as_of+tmap_eta,tmap_routes
DO000034,2026-08-04 23:58:09,2026-08-05 00:29:09,2026-08-05 00:30:58,31,30.6,5.891,dongdaegu,1,1,True,target_available_at_arrival,available_count>0 at panel tick nearest as_of+tmap_eta,tmap_routes
GS000145,2026-07-23 06:54:16,2026-07-23 07:33:16,2026-07-23 07:34:27,39,39.3,14.116,dongdaegu,1,1,True,target_available_at_arrival,available_count>0 at panel tick nearest as_of+tmap_eta,tmap_routes
PI202986,2026-08-05 14:51:52,2026-08-05 15:04:52,2026-08-05 15:11:53,13,13.3,2.019,dongdaegu,2,1,True,target_available_at_arrival,available_count>0 at panel tick nearest as_of+tmap_eta,tmap_routes
PIS00567,2026-08-05 04:31:07,2026-08-05 04:45:07,2026-08-05 04:51:08,14,14.4,5.298,dongdaegu,1,1,True,target_available_at_arrival,available_count>0 at panel tick nearest as_of+tmap_eta,tmap_routes
EV008582,2026-07-23 02:28:05,2026-07-23 02:57:05,2026-07-23 02:58:11,29,29.0,8.492,dongdaegu,1,1,True,target_available_at_arrival,available_count>0 at panel tick nearest as_of+tmap_eta,tmap_routes
IN053072,2026-07-23 01:52:56,2026-07-23 02:18:56,2026-07-23 02:23:04,26,25.9,8.457,dongdaegu,2,2,True,target_available_at_arrival,available_count>0 at panel tick nearest as_of+tmap_eta,tmap_routes
LU003732,2026-07-22 21:02:00,2026-07-22 21:57:00,2026-07-22 22:00:12,55,54.8,25.143,dongdaegu,1,1,True,target_available_at_arrival,available_count>0 at panel tick nearest as_of+tmap_eta,tmap_routes
PIS00580,2026-07-28 22:03:35,2026-07-28 22:18:35,2026-07-28 22:23:39,15,15.2,2.833,dongdaegu,2,3,True,target_available_at_arrival,available_count>0 at panel tick nearest as_of+tmap_eta,tmap_routes
LU001561,2026-07-31 02:30:56,2026-07-31 02:34:56,2026-07-31 02:40:57,4,4.5,0.671,dongdaegu,4,4,True,target_available_at_arrival,available_count>0 at panel tick nearest as_of+tmap_eta,tmap_routes
CV001646,2026-08-02 07:07:01,2026-08-02 07:35:01,2026-08-02 07:37:07,28,28.5,6.755,dongdaegu,2,2,True,target_available_at_arrival,available_count>0 at panel tick nearest as_of+tmap_eta,tmap_routes
CV003090,2026-08-05 06:41:14,2026-08-05 07:29:14,2026-08-05 07:31:17,48,48.2,11.633,dongdaegu,1,1,True,target_available_at_arrival,available_count>0 at panel tick nearest as_of+tmap_eta,tmap_routes
CV004253,2026-08-09 01:53:02,2026-08-09 02:47:02,2026-08-09 02:53:07,54,53.6,40.474,dongdaegu,2,2,True,target_available_at_arrival,available_count>0 at panel tick nearest as_of+tmap_eta,tmap_routes
DC530002,2026-08-06 09:16:09,2026-08-06 09:36:09,2026-08-06 09:36:10,20,19.9,3.866,dongdaegu,6,6,True,target_available_at_arrival,available_count>0 at panel tick nearest as_of+tmap_eta,tmap_routes
CV002973,2026-08-04 12:37:26,2026-08-04 13:21:26,2026-08-04 13:27:28,44,44.3,17.838,dongdaegu,6,6,True,target_available_at_arrival,available_count>0 at panel tick nearest as_of+tmap_eta,tmap_routes
PI740086,2026-07-29 21:10:04,2026-07-29 21:36:04,2026-07-29 21:40:08,26,26.5,9.134,dongdaegu,1,1,True,target_available_at_arrival,available_count>0 at panel tick nearest as_of+tmap_eta,tmap_routes
ST600336,2026-08-08 22:18:42,2026-08-08 22:24:42,2026-08-08 22:28:42,6,6.3,0.045,dongdaegu,5,5,True,target_available_at_arrival,available_count>0 at panel tick nearest as_of+tmap_eta,tmap_routes
EC004338,2026-08-02 01:06:02,2026-08-02 01:40:02,2026-08-02 01:46:10,34,34.1,11.583,dongdaegu,5,5,True,target_available_at_arrival,available_count>0 at panel tick nearest as_of+tmap_eta,tmap_routes
EV013999,2026-08-09 01:33:02,2026-08-09 02:03:02,2026-08-09 02:03:03,30,30.4,9.549,dongdaegu,1,1,True,target_available_at_arrival,available_count>0 at panel tick nearest as_of+tmap_eta,tmap_routes
ME24B208,2026-07-23 07:09:20,2026-07-23 08:02:20,2026-07-23 08:04:41,53,52.7,24.633,dongdaegu,1,2,True,target_available_at_arrival,available_count>0 at panel tick nearest as_of+tmap_eta,tmap_routes
ME25C167,2026-07-23 08:40:06,2026-07-23 09:26:06,2026-07-23 09:30:43,46,45.9,9.64,dongdaegu,1,1,True,target_available_at_arrival,available_count>0 at panel tick nearest as_of+tmap_eta,tmap_routes
CV003064,2026-07-23 00:07:26,2026-07-23 00:35:26,2026-07-23 00:37:36,28,28.5,7.639,dongdaegu,1,1,True,target_available_at_arrival,available_count>0 at panel tick nearest as_of+tmap_eta,tmap_routes
CV001967,2026-08-07 10:41:58,2026-08-07 11:00:58,2026-08-07 11:02:04,19,19.4,3.176,dongdaegu,1,2,True,target_available_at_arrival,available_count>0 at panel tick nearest as_of+tmap_eta,tmap_routes
PI306072,2026-07-26 17:09:13,2026-07-26 17:43:13,2026-07-26 17:49:19,34,33.8,10.535,dongdaegu,1,3,True,target_available_at_arrival,available_count>0 at panel tick nearest as_of+tmap_eta,tmap_routes
PI000129,2026-07-22 14:00:03,2026-07-22 14:26:03,2026-07-22 14:30:11,26,25.7,6.621,dongdaegu,1,1,True,target_available_at_arrival,available_count>0 at panel tick nearest as_of+tmap_eta,tmap_routes
CV000899,2026-07-26 00:16:47,2026-07-26 00:23:47,2026-07-26 00:26:48,7,6.7,0.393,dongdaegu,1,1,True,target_available_at_arrival,available_count>0 at panel tick nearest as_of+tmap_eta,tmap_routes
HE230047,2026-08-01 10:30:30,2026-08-01 11:23:30,2026-08-01 11:30:40,53,53.4,38.877,dongdaegu,2,2,True,target_available_at_arrival,available_count>0 at panel tick nearest as_of+tmap_eta,tmap_routes
ME18C265,2026-07-19 15:16:15,2026-07-19 15:46:15,2026-07-19 15:46:16,30,30.0,11.147,dongdaegu,2,2,True,target_available_at_arrival,available_count>0 at panel tick nearest as_of+tmap_eta,tmap_routes
PI740146,2026-08-07 09:11:51,2026-08-07 09:36:51,2026-08-07 09:41:53,25,24.8,6.541,dongdaegu,2,2,True,target_available_at_arrival,available_count>0 at panel tick nearest as_of+tmap_eta,tmap_routes
CV001601,2026-07-29 18:29:28,2026-07-29 19:07:28,2026-07-29 19:09:38,38,38.1,7.168,dongdaegu,1,1,True,target_available_at_arrival,available_count>0 at panel tick nearest as_of+tmap_eta,tmap_routes
EV006497,2026-08-06 05:25:53,2026-08-06 06:04:53,2026-08-06 06:05:54,39,39.0,10.915,dongdaegu,4,4,True,target_available_at_arrival,available_count>0 at panel tick nearest as_of+tmap_eta,tmap_routes
SF003193,2026-08-04 10:07:14,2026-08-04 10:57:14,2026-08-04 10:57:17,50,49.9,24.795,dongdaegu,31,32,True,target_available_at_arrival,available_count>0 at panel tick nearest as_of+tmap_eta,tmap_routes
CV004690,2026-07-28 15:41:42,2026-07-28 16:29:42,2026-07-28 16:32:17,48,47.5,12.082,dongdaegu,7,7,True,target_available_at_arrival,available_count>0 at panel tick nearest as_of+tmap_eta,tmap_routes
DC530014,2026-08-04 21:58:03,2026-08-04 22:24:03,2026-08-04 22:28:05,26,25.7,4.392,dongdaegu,1,3,True,target_available_at_arrival,available_count>0 at panel tick nearest as_of+tmap_eta,tmap_routes
CV001973,2026-08-08 08:17:32,2026-08-08 08:25:32,2026-08-08 08:27:33,8,8.0,1.02,dongdaegu,2,1,True,target_available_at_arrival,available_count>0 at panel tick nearest as_of+tmap_eta,tmap_routes
ME18C265,2026-08-05 13:41:46,2026-08-05 14:11:46,2026-08-05 14:11:48,30,30.0,11.147,dongdaegu,2,2,True,target_available_at_arrival,available_count>0 at panel tick nearest as_of+tmap_eta,tmap_routes
PI530082,2026-08-02 18:28:54,2026-08-02 18:42:54,2026-08-02 18:48:58,14,14.2,2.347,dongdaegu,1,1,True,target_available_at_arrival,available_count>0 at panel tick nearest as_of+tmap_eta,tmap_routes
UP491145,2026-08-08 17:28:17,2026-08-08 17:55:17,2026-08-08 17:58:19,27,26.8,8.306,dongdaegu,1,1,True,target_available_at_arrival,available_count>0 at panel tick nearest as_of+tmap_eta,tmap_routes
CV003066,2026-07-31 03:51:14,2026-07-31 04:31:14,2026-07-31 04:31:20,40,39.9,11.512,dongdaegu,1,1,True,target_available_at_arrival,available_count>0 at panel tick nearest as_of+tmap_eta,tmap_routes
CU530009,2026-07-30 16:16:44,2026-07-30 16:31:44,2026-07-30 16:36:46,15,15.4,3.179,dongdaegu,5,5,True,target_available_at_arrival,available_count>0 at panel tick nearest as_of+tmap_eta,tmap_routes
SBSB0019,2026-08-01 08:39:58,2026-08-01 09:15:58,2026-08-01 09:20:08,36,36.1,13.307,dongdaegu,1,1,True,target_available_at_arrival,available_count>0 at panel tick nearest as_of+tmap_eta,tmap_routes
CV000678,2026-07-27 12:34:05,2026-07-27 13:32:05,2026-07-27 13:34:22,58,58.0,26.591,dongdaegu,6,6,True,target_available_at_arrival,available_count>0 at panel tick nearest as_of+tmap_eta,tmap_routes
PI701108,2026-07-31 12:32:51,2026-07-31 13:02:51,2026-07-31 13:02:57,30,30.1,9.416,dongdaegu,3,3,True,target_available_at_arrival,available_count>0 at panel tick nearest as_of+tmap_eta,tmap_routes
PI740291,2026-08-08 04:27:18,2026-08-08 04:45:18,2026-08-08 04:47:19,18,18.4,2.827,dongdaegu,1,1,True,target_available_at_arrival,available_count>0 at panel tick nearest as_of+tmap_eta,tmap_routes
DC530016,2026-08-06 12:56:21,2026-08-06 13:42:21,2026-08-06 13:46:25,46,46.0,9.407,dongdaegu,3,3,True,target_available_at_arrival,available_count>0 at panel tick nearest as_of+tmap_eta,tmap_routes
CV001971,2026-07-27 11:03:46,2026-07-27 11:17:46,2026-07-27 11:23:48,14,14.4,3.104,dongdaegu,1,1,True,target_available_at_arrival,available_count>0 at panel tick nearest as_of+tmap_eta,tmap_routes
CV001971,2026-07-23 10:16:07,2026-07-23 10:30:07,2026-07-23 10:31:10,14,14.4,3.104,dongdaegu,1,1,True,target_available_at_arrival,available_count>0 at panel tick nearest as_of+tmap_eta,tmap_routes
CV003559,2026-08-02 11:57:51,2026-08-02 12:14:51,2026-08-02 12:17:53,17,16.7,2.572,dongdaegu,1,0,False,target_available_at_arrival,available_count>0 at panel tick nearest as_of+tmap_eta,tmap_routes
CV000896,2026-08-05 19:42:19,2026-08-05 20:26:19,2026-08-05 20:32:22,44,43.9,9.703,dongdaegu,18,19,True,target_available_at_arrival,available_count>0 at panel tick nearest as_of+tmap_eta,tmap_routes
PW012368,2026-07-27 19:45:42,2026-07-27 20:13:42,2026-07-27 20:15:49,28,28.5,10.054,dongdaegu,2,2,True,target_available_at_arrival,available_count>0 at panel tick nearest as_of+tmap_eta,tmap_routes
CV002034,2026-08-03 18:43:49,2026-08-03 19:18:49,2026-08-03 19:23:52,35,35.0,10.495,dongdaegu,2,2,True,target_available_at_arrival,available_count>0 at panel tick nearest as_of+tmap_eta,tmap_routes
ME25C278,2026-08-06 01:25:44,2026-08-06 01:43:44,2026-08-06 01:45:45,18,18.5,3.795,dongdaegu,2,2,True,target_available_at_arrival,available_count>0 at panel tick nearest as_of+tmap_eta,tmap_routes
HY000130,2026-08-05 23:32:31,2026-08-06 00:00:31,2026-08-06 00:02:32,28,28.1,9.534,dongdaegu,1,1,True,target_available_at_arrival,available_count>0 at panel tick nearest as_of+tmap_eta,tmap_routes
IN053069,2026-08-02 16:58:42,2026-08-02 17:21:42,2026-08-02 17:28:46,23,23.0,4.503,dongdaegu,19,19,True,target_available_at_arrival,available_count>0 at panel tick nearest as_of+tmap_eta,tmap_routes
CV000809,2026-07-20 17:00:53,2026-07-20 17:12:53,2026-07-20 17:15:53,12,12.5,2.562,dongdaegu,1,1,True,target_available_at_arrival,available_count>0 at panel tick nearest as_of+tmap_eta,tmap_routes
CV002203,2026-07-30 08:34:22,2026-07-30 09:09:22,2026-07-30 09:14:34,35,35.2,13.714,dongdaegu,3,3,True,target_available_at_arrival,available_count>0 at panel tick nearest as_of+tmap_eta,tmap_routes
PI718662,2026-08-09 05:13:12,2026-08-09 05:20:12,2026-08-09 05:23:14,7,7.3,1.737,dongdaegu,1,1,True,target_available_at_arrival,available_count>0 at panel tick nearest as_of+tmap_eta,tmap_routes
NH270001,2026-07-24 06:48:50,2026-07-24 07:41:50,2026-07-24 07:44:14,53,52.7,39.287,dongdaegu,2,2,True,target_available_at_arrival,available_count>0 at panel tick nearest as_of+tmap_eta,tmap_routes
DC530016,2026-07-31 09:42:32,2026-07-31 10:28:32,2026-07-31 10:32:38,46,46.0,9.407,dongdaegu,3,3,True,target_available_at_arrival,available_count>0 at panel tick nearest as_of+tmap_eta,tmap_routes
ME18C177,2026-07-24 06:33:43,2026-07-24 07:30:43,2026-07-24 07:34:07,57,57.1,32.73,dongdaegu,1,1,True,target_available_at_arrival,available_count>0 at panel tick nearest as_of+tmap_eta,tmap_routes
CV002202,2026-07-28 02:18:30,2026-07-28 02:38:30,2026-07-28 02:38:32,20,20.3,5.522,dongdaegu,2,2,True,target_available_at_arrival,available_count>0 at panel tick nearest as_of+tmap_eta,tmap_routes
ME183065,2026-07-23 04:48:38,2026-07-23 05:22:38,2026-07-23 05:23:48,34,34.4,10.368,dongdaegu,1,1,True,target_available_at_arrival,available_count>0 at panel tick nearest as_of+tmap_eta,tmap_routes
LU001036,2026-08-04 08:47:08,2026-08-04 09:33:08,2026-08-04 09:37:11,46,46.2,15.687,dongdaegu,2,2,True,target_available_at_arrival,available_count>0 at panel tick nearest as_of+tmap_eta,tmap_routes
CV001895,2026-08-01 14:51:29,2026-08-01 15:07:29,2026-08-01 15:11:31,16,15.8,3.244,dongdaegu,2,1,True,target_available_at_arrival,available_count>0 at panel tick nearest as_of+tmap_eta,tmap_routes
PI530286,2026-08-02 04:36:39,2026-08-02 05:04:39,2026-08-02 05:06:43,28,28.1,7.492,dongdaegu,1,1,True,target_available_at_arrival,available_count>0 at panel tick nearest as_of+tmap_eta,tmap_routes
KE000386,2026-08-03 23:34:08,2026-08-04 00:01:08,2026-08-04 00:04:09,27,27.0,10.39,dongdaegu,2,2,True,target_available_at_arrival,available_count>0 at panel tick nearest as_of+tmap_eta,tmap_routes
CV001626,2026-07-31 05:01:22,2026-07-31 05:49:22,2026-07-31 05:51:37,48,48.5,14.505,dongdaegu,2,2,True,target_available_at_arrival,available_count>0 at panel tick nearest as_of+tmap_eta,tmap_routes
CI0F0005,2026-07-30 14:25:58,2026-07-30 15:15:58,2026-07-30 15:16:36,50,50.2,35.436,dongdaegu,13,13,True,target_available_at_arrival,available_count>0 at panel tick nearest as_of+tmap_eta,tmap_routes
CV001544,2026-07-26 01:36:57,2026-07-26 02:04:57,2026-07-26 02:07:00,28,27.6,7.249,dongdaegu,1,1,True,target_available_at_arrival,available_count>0 at panel tick nearest as_of+tmap_eta,tmap_routes
PW015042,2026-07-25 17:44:06,2026-07-25 18:08:06,2026-07-25 18:14:10,24,23.8,6.666,dongdaegu,1,1,True,target_available_at_arrival,available_count>0 at panel tick nearest as_of+tmap_eta,tmap_routes
CG000066,2026-07-30 07:54:16,2026-07-30 08:42:16,2026-07-30 08:44:23,48,47.6,23.032,dongdaegu,1,1,True,target_available_at_arrival,available_count>0 at panel tick nearest as_of+tmap_eta,tmap_routes
SF003193,2026-08-07 07:51:40,2026-08-07 08:41:40,2026-08-07 08:41:47,50,49.9,24.795,dongdaegu,34,34,True,target_available_at_arrival,available_count>0 at panel tick nearest as_of+tmap_eta,tmap_routes
CV003133,2026-07-30 11:55:17,2026-07-30 12:28:17,2026-07-30 12:35:22,33,33.2,8.22,dongdaegu,1,1,True,target_available_at_arrival,available_count>0 at panel tick nearest as_of+tmap_eta,tmap_routes
PC000296,2026-08-07 01:11:17,2026-08-07 01:28:17,2026-08-07 01:31:18,17,16.9,3.783,dongdaegu,2,2,True,target_available_at_arrival,available_count>0 at panel tick nearest as_of+tmap_eta,tmap_routes
NT100595,2026-07-23 14:38:02,2026-07-23 15:07:02,2026-07-23 15:08:22,29,29.3,9.579,dongdaegu,1,1,True,target_available_at_arrival,available_count>0 at panel tick nearest as_of+tmap_eta,tmap_routes
NT101504,2026-07-28 07:49:17,2026-07-28 08:14:17,2026-07-28 08:19:21,25,24.7,9.04,dongdaegu,1,1,True,target_available_at_arrival,available_count>0 at panel tick nearest as_of+tmap_eta,tmap_routes
IN053010,2026-08-09 02:23:05,2026-08-09 02:46:05,2026-08-09 02:53:07,23,22.9,5.478,dongdaegu,9,9,True,target_available_at_arrival,available_count>0 at panel tick nearest as_of+tmap_eta,tmap_routes
ST601240,2026-08-03 04:42:06,2026-08-03 05:05:06,2026-08-03 05:12:07,23,22.6,6.109,dongdaegu,2,2,True,target_available_at_arrival,available_count>0 at panel tick nearest as_of+tmap_eta,tmap_routes
CV003185,2026-08-07 10:52:03,2026-08-07 11:22:03,2026-08-07 11:22:05,30,30.1,9.788,dongdaegu,4,4,True,target_available_at_arrival,available_count>0 at panel tick nearest as_of+tmap_eta,tmap_routes
PIH00519,2026-07-30 15:36:38,2026-07-30 15:46:38,2026-07-30 15:46:40,10,10.4,1.897,dongdaegu,1,1,True,target_available_at_arrival,available_count>0 at panel tick nearest as_of+tmap_eta,tmap_routes
NT101508,2026-08-02 09:47:28,2026-08-02 10:20:28,2026-08-02 10:27:35,33,32.9,10.835,dongdaegu,1,1,True,target_available_at_arrival,available_count>0 at panel tick nearest as_of+tmap_eta,tmap_routes
CV002914,2026-07-30 20:27:46,2026-07-30 20:51:46,2026-07-30 20:57:50,24,24.4,8.623,dongdaegu,1,0,False,target_available_at_arrival,available_count>0 at panel tick nearest as_of+tmap_eta,tmap_routes
BE241250,2026-08-06 13:56:25,2026-08-06 14:50:25,2026-08-06 14:56:29,54,54.0,26.162,dongdaegu,2,1,True,target_available_at_arrival,available_count>0 at panel tick nearest as_of+tmap_eta,tmap_routes
PI770811,2026-07-31 22:26:06,2026-07-31 22:46:06,2026-07-31 22:46:08,20,19.5,3.036,dongdaegu,2,2,True,target_available_at_arrival,available_count>0 at panel tick nearest as_of+tmap_eta,tmap_routes
CV000555,2026-08-04 20:37:55,2026-08-04 20:47:55,2026-08-04 20:47:56,10,9.6,1.415,dongdaegu,1,1,True,target_available_at_arrival,available_count>0 at panel tick nearest as_of+tmap_eta,tmap_routes
EV006186,2026-07-23 12:07:16,2026-07-23 12:38:16,2026-07-23 12:42:31,31,31.4,9.483,dongdaegu,2,2,True,target_available_at_arrival,available_count>0 at panel tick nearest as_of+tmap_eta,tmap_routes
CV004491,2026-08-04 05:36:56,2026-08-04 06:04:56,2026-08-04 06:06:58,28,28.4,5.02,dongdaegu,1,1,True,target_available_at_arrival,available_count>0 at panel tick nearest as_of+tmap_eta,tmap_routes
ME24B143,2026-07-20 16:55:53,2026-07-20 17:29:53,2026-07-20 17:30:54,34,34.0,10.369,dongdaegu,1,1,True,target_available_at_arrival,available_count>0 at panel tick nearest as_of+tmap_eta,tmap_routes
CV002048,2026-07-29 17:29:20,2026-07-29 18:07:20,2026-07-29 18:09:25,38,37.7,10.255,dongdaegu,2,3,True,target_available_at_arrival,available_count>0 at panel tick nearest as_of+tmap_eta,tmap_routes
CV003117,2026-08-03 07:42:17,2026-08-03 08:31:17,2026-08-03 08:32:20,49,48.7,17.255,dongdaegu,1,1,True,target_available_at_arrival,available_count>0 at panel tick nearest as_of+tmap_eta,tmap_routes
ST601269,2026-08-01 20:02:28,2026-08-01 20:12:28,2026-08-01 20:12:32,10,9.6,1.345,dongdaegu,1,1,True,target_available_at_arrival,available_count>0 at panel tick nearest as_of+tmap_eta,tmap_routes
LU000912,2026-08-01 20:32:35,2026-08-01 20:41:35,2026-08-01 20:42:36,9,8.7,1.659,dongdaegu,1,1,True,target_available_at_arrival,available_count>0 at panel tick nearest as_of+tmap_eta,tmap_routes
PI740628,2026-07-29 10:48:07,2026-07-29 11:14:07,2026-07-29 11:18:12,26,26.1,8.918,dongdaegu,1,1,True,target_available_at_arrival,available_count>0 at panel tick nearest as_of+tmap_eta,tmap_routes
EV008582,2026-08-07 04:01:25,2026-08-07 04:30:25,2026-08-07 04:31:26,29,29.0,8.492,dongdaegu,2,2,True,target_available_at_arrival,available_count>0 at panel tick nearest as_of+tmap_eta,tmap_routes
PW014280,2026-07-29 15:28:49,2026-07-29 16:03:49,2026-07-29 16:08:53,35,34.7,12.73,dongdaegu,2,3,True,target_available_at_arrival,available_count>0 at panel tick nearest as_of+tmap_eta,tmap_routes
CV003450,2026-08-08 17:38:18,2026-08-08 17:53:18,2026-08-08 17:58:19,15,14.7,2.789,dongdaegu,4,4,True,target_available_at_arrival,available_count>0 at panel tick nearest as_of+tmap_eta,tmap_routes
RE000181,2026-08-09 00:32:57,2026-08-09 00:58:57,2026-08-09 01:03:00,26,25.7,4.925,dongdaegu,2,2,True,target_available_at_arrival,available_count>0 at panel tick nearest as_of+tmap_eta,tmap_routes
CV002973,2026-08-02 18:58:59,2026-08-02 19:42:59,2026-08-02 19:49:09,44,44.3,17.838,dongdaegu,6,6,True,target_available_at_arrival,available_count>0 at panel tick nearest as_of+tmap_eta,tmap_routes
CV000982,2026-07-26 18:59:28,2026-07-26 19:25:28,2026-07-26 19:29:32,26,25.6,7.243,dongdaegu,1,1,True,target_available_at_arrival,available_count>0 at panel tick nearest as_of+tmap_eta,tmap_routes
CV003452,2026-08-01 02:09:09,2026-08-01 02:36:09,2026-08-01 02:39:11,27,27.4,5.606,dongdaegu,1,1,True,target_available_at_arrival,available_count>0 at panel tick nearest as_of+tmap_eta,tmap_routes
ME181302,2026-07-25 08:13:31,2026-07-25 09:01:31,2026-07-25 09:03:46,48,47.9,13.111,dongdaegu,1,1,True,target_available_at_arrival,available_count>0 at panel tick nearest as_of+tmap_eta,tmap_routes
PI740662,2026-08-01 23:02:57,2026-08-01 23:19:57,2026-08-01 23:22:59,17,17.1,4.512,dongdaegu,1,1,True,target_available_at_arrival,available_count>0 at panel tick nearest as_of+tmap_eta,tmap_routes
HY000979,2026-07-28 19:53:15,2026-07-28 20:07:15,2026-07-28 20:13:17,14,14.0,2.863,dongdaegu,1,1,True,target_available_at_arrival,available_count>0 at panel tick nearest as_of+tmap_eta,tmap_routes
ME24B143,2026-08-06 09:56:12,2026-08-06 10:30:12,2026-08-06 10:36:13,34,34.0,10.369,dongdaegu,1,1,True,target_available_at_arrival,available_count>0 at panel tick nearest as_of+tmap_eta,tmap_routes
CV002951,2026-08-09 05:33:14,2026-08-09 06:23:14,2026-08-09 06:23:16,50,49.6,39.256,dongdaegu,2,2,True,target_available_at_arrival,available_count>0 at panel tick nearest as_of+tmap_eta,tmap_routes
TS271401,2026-08-06 00:55:43,2026-08-06 01:23:43,2026-08-06 01:25:44,28,27.8,9.449,dongdaegu,3,3,True,target_available_at_arrival,available_count>0 at panel tick nearest as_of+tmap_eta,tmap_routes
PI530319,2026-08-05 23:12:30,2026-08-05 23:36:30,2026-08-05 23:42:32,24,24.1,8.34,dongdaegu,1,1,True,target_available_at_arrival,available_count>0 at panel tick nearest as_of+tmap_eta,tmap_routes
HM710121,2026-07-31 04:01:17,2026-07-31 04:21:17,2026-07-31 04:21:19,20,20.1,3.305,dongdaegu,1,1,True,target_available_at_arrival,available_count>0 at panel tick nearest as_of+tmap_eta,tmap_routes
CV000811,2026-08-04 15:17:34,2026-08-04 15:46:34,2026-08-04 15:47:36,29,29.1,8.544,dongdaegu,1,1,True,target_available_at_arrival,available_count>0 at panel tick nearest as_of+tmap_eta,tmap_routes
JA270011,2026-08-01 13:21:14,2026-08-01 13:44:14,2026-08-01 13:51:17,23,22.9,5.105,dongdaegu,25,25,True,target_available_at_arrival,available_count>0 at panel tick nearest as_of+tmap_eta,tmap_routes
EV012379,2026-07-30 21:07:53,2026-07-30 21:34:53,2026-07-30 21:37:57,27,27.3,8.408,dongdaegu,5,5,True,target_available_at_arrival,available_count>0 at panel tick nearest as_of+tmap_eta,tmap_routes
CV003567,2026-08-01 16:21:48,2026-08-01 16:57:48,2026-08-01 17:01:58,36,36.2,10.467,dongdaegu,1,1,True,target_available_at_arrival,available_count>0 at panel tick nearest as_of+tmap_eta,tmap_routes
PL031519,2026-07-30 21:47:58,2026-07-30 22:14:58,2026-07-30 22:18:02,27,26.8,6.055,dongdaegu,1,1,True,target_available_at_arrival,available_count>0 at panel tick nearest as_of+tmap_eta,tmap_routes
CV003185,2026-08-04 14:07:30,2026-08-04 14:37:30,2026-08-04 14:37:32,30,30.1,9.788,dongdaegu,6,4,True,target_available_at_arrival,available_count>0 at panel tick nearest as_of+tmap_eta,tmap_routes
HM710121,2026-07-26 19:19:31,2026-07-26 19:39:31,2026-07-26 19:39:34,20,20.1,3.305,dongdaegu,1,1,True,target_available_at_arrival,available_count>0 at panel tick nearest as_of+tmap_eta,tmap_routes
ME18C259,2026-08-06 00:55:43,2026-08-06 01:19:43,2026-08-06 01:25:44,24,23.8,6.576,dongdaegu,2,2,True,target_available_at_arrival,available_count>0 at panel tick nearest as_of+tmap_eta,tmap_routes
CV004606,2026-08-02 09:37:26,2026-08-02 10:11:26,2026-08-02 10:17:34,34,34.1,11.021,dongdaegu,1,1,True,target_available_at_arrival,available_count>0 at panel tick nearest as_of+tmap_eta,tmap_routes
ME22D245,2026-07-19 14:01:09,2026-07-19 14:54:09,2026-07-19 15:01:14,53,52.6,40.49,dongdaegu,2,2,True,target_available_at_arrival,available_count>0 at panel tick nearest as_of+tmap_eta,tmap_routes
PI740140,2026-08-06 12:26:19,2026-08-06 12:56:19,2026-08-06 12:56:21,30,30.1,9.429,dongdaegu,1,1,True,target_available_at_arrival,available_count>0 at panel tick nearest as_of+tmap_eta,tmap_routes
CV002238,2026-07-21 11:51:24,2026-07-21 12:35:24,2026-07-21 12:41:28,44,44.1,12.969,dongdaegu,1,1,True,target_available_at_arrival,available_count>0 at panel tick nearest as_of+tmap_eta,tmap_routes
IN053082,2026-08-07 23:03:22,2026-08-07 23:42:22,2026-08-07 23:43:24,39,39.1,13.086,dongdaegu,6,6,True,target_available_at_arrival,available_count>0 at panel tick nearest as_of+tmap_eta,tmap_routes
DC530012,2026-07-29 05:26:52,2026-07-29 05:52:52,2026-07-29 05:56:57,26,26.5,4.462,dongdaegu,6,6,True,target_available_at_arrival,available_count>0 at panel tick nearest as_of+tmap_eta,tmap_routes
EV006285,2026-07-31 18:15:10,2026-07-31 18:32:10,2026-07-31 18:35:14,17,17.3,1.863,dongdaegu,1,1,True,target_available_at_arrival,available_count>0 at panel tick nearest as_of+tmap_eta,tmap_routes
PI700664,2026-08-06 20:57:05,2026-08-06 21:14:05,2026-08-06 21:17:09,17,16.7,2.747,dongdaegu,1,1,True,target_available_at_arrival,available_count>0 at panel tick nearest as_of+tmap_eta,tmap_routes
TS472920,2026-07-28 01:28:25,2026-07-28 01:34:25,2026-07-28 01:38:26,6,6.3,0.539,dongdaegu,2,2,True,target_available_at_arrival,available_count>0 at panel tick nearest as_of+tmap_eta,tmap_routes
CV003076,2026-07-27 09:53:38,2026-07-27 10:21:38,2026-07-27 10:23:41,28,27.8,6.202,dongdaegu,1,1,True,target_available_at_arrival,available_count>0 at panel tick nearest as_of+tmap_eta,tmap_routes
PI773847,2026-08-04 01:36:46,2026-08-04 01:56:46,2026-08-04 01:56:47,20,19.5,3.895,dongdaegu,2,2,True,target_available_at_arrival,available_count>0 at panel tick nearest as_of+tmap_eta,tmap_routes
EV008582,2026-08-07 20:53:09,2026-08-07 21:22:09,2026-08-07 21:23:13,29,29.0,8.492,dongdaegu,3,3,True,target_available_at_arrival,available_count>0 at panel tick nearest as_of+tmap_eta,tmap_routes
DC530016,2026-07-26 13:48:45,2026-07-26 14:34:45,2026-07-26 14:38:52,46,46.0,9.407,dongdaegu,2,2,True,target_available_at_arrival,available_count>0 at panel tick nearest as_of+tmap_eta,tmap_routes
CV002072,2026-08-05 17:02:00,2026-08-05 17:22:00,2026-08-05 17:22:01,20,20.2,4.511,dongdaegu,1,1,True,target_available_at_arrival,available_count>0 at panel tick nearest as_of+tmap_eta,tmap_routes
PIH00519,2026-08-01 16:01:38,2026-08-01 16:11:38,2026-08-01 16:11:47,10,10.4,1.897,dongdaegu,1,1,True,target_available_at_arrival,available_count>0 at panel tick nearest as_of+tmap_eta,tmap_routes
ME20C189,2026-07-28 14:51:36,2026-07-28 15:21:36,2026-07-28 15:21:39,30,30.4,9.61,dongdaegu,1,1,True,target_available_at_arrival,available_count>0 at panel tick nearest as_of+tmap_eta,tmap_routes
PI740280,2026-07-28 08:49:35,2026-07-28 09:12:35,2026-07-28 09:19:39,23,23.1,6.214,dongdaegu,1,2,True,target_available_at_arrival,available_count>0 at panel tick nearest as_of+tmap_eta,tmap_routes
ME21B301,2026-08-08 03:27:16,2026-08-08 04:02:16,2026-08-08 04:07:17,35,34.6,12.022,dongdaegu,2,3,True,target_available_at_arrival,available_count>0 at panel tick nearest as_of+tmap_eta,tmap_routes
CV000510,2026-08-08 02:37:12,2026-08-08 02:54:12,2026-08-08 02:57:13,17,16.9,3.721,dongdaegu,3,3,True,target_available_at_arrival,available_count>0 at panel tick nearest as_of+tmap_eta,tmap_routes
PI122336,2026-07-26 13:58:46,2026-07-26 14:41:46,2026-07-26 14:48:53,43,43.4,15.158,dongdaegu,1,1,True,target_available_at_arrival,available_count>0 at panel tick nearest as_of+tmap_eta,tmap_routes
ME19E139,2026-07-20 20:31:04,2026-07-20 21:38:04,2026-07-20 21:41:09,67,66.8,33.463,dongdaegu,1,1,True,target_available_at_arrival,available_count>0 at panel tick nearest as_of+tmap_eta,tmap_routes
ME18C257,2026-07-29 03:06:32,2026-07-29 04:03:32,2026-07-29 04:06:40,57,57.2,24.092,dongdaegu,2,2,True,target_available_at_arrival,available_count>0 at panel tick nearest as_of+tmap_eta,tmap_routes
KE000548,2026-07-28 11:30:08,2026-07-28 11:35:08,2026-07-28 11:40:18,5,4.6,0.685,dongdaegu,3,3,True,target_available_at_arrival,available_count>0 at panel tick nearest as_of+tmap_eta,tmap_routes
CV001891,2026-08-01 23:02:57,2026-08-01 23:42:57,2026-08-01 23:43:01,40,39.5,13.333,dongdaegu,5,5,True,target_available_at_arrival,available_count>0 at panel tick nearest as_of+tmap_eta,tmap_routes
EV005963,2026-08-05 22:02:27,2026-08-05 22:46:27,2026-08-05 22:52:29,44,44.5,15.209,dongdaegu,1,1,True,target_available_at_arrival,available_count>0 at panel tick nearest as_of+tmap_eta,tmap_routes
CV003104,2026-08-08 07:27:28,2026-08-08 08:07:28,2026-08-08 08:07:32,40,40.1,9.697,dongdaegu,3,3,True,target_available_at_arrival,available_count>0 at panel tick nearest as_of+tmap_eta,tmap_routes
CV003482,2026-08-06 00:45:42,2026-08-06 01:11:42,2026-08-06 01:15:43,26,25.5,4.456,dongdaegu,4,4,True,target_available_at_arrival,available_count>0 at panel tick nearest as_of+tmap_eta,tmap_routes
CV000224,2026-08-09 06:53:19,2026-08-09 07:11:19,2026-08-09 07:13:20,18,17.5,3.322,dongdaegu,5,5,True,target_available_at_arrival,available_count>0 at panel tick nearest as_of+tmap_eta,tmap_routes
CV003141,2026-08-08 14:17:59,2026-08-08 15:04:59,2026-08-08 15:08:03,47,46.7,21.256,dongdaegu,2,2,True,target_available_at_arrival,available_count>0 at panel tick nearest as_of+tmap_eta,tmap_routes
ME18C172,2026-08-05 08:41:21,2026-08-05 09:00:21,2026-08-05 09:01:22,19,18.7,3.773,dongdaegu,1,1,True,target_available_at_arrival,available_count>0 at panel tick nearest as_of+tmap_eta,tmap_routes
ME19C143,2026-07-18 07:35:11,2026-07-18 08:30:11,2026-07-18 08:35:18,55,54.7,26.56,dongdaegu,1,1,True,target_available_at_arrival,available_count>0 at panel tick nearest as_of+tmap_eta,tmap_routes
LU001036,2026-08-07 12:32:08,2026-08-07 13:18:08,2026-08-07 13:22:13,46,46.2,15.687,dongdaegu,4,4,True,target_available_at_arrival,available_count>0 at panel tick nearest as_of+tmap_eta,tmap_routes
EV006497,2026-08-09 02:03:03,2026-08-09 02:42:03,2026-08-09 02:43:06,39,39.0,10.915,dongdaegu,3,3,True,target_available_at_arrival,available_count>0 at panel tick nearest as_of+tmap_eta,tmap_routes
EV005267,2026-08-01 23:22:59,2026-08-01 23:52:59,2026-08-01 23:53:02,30,29.6,10.5,dongdaegu,2,2,True,target_available_at_arrival,available_count>0 at panel tick nearest as_of+tmap_eta,tmap_routes
PI203015,2026-07-29 05:16:52,2026-07-29 05:46:52,2026-07-29 05:46:56,30,29.5,8.23,dongdaegu,1,1,True,target_available_at_arrival,available_count>0 at panel tick nearest as_of+tmap_eta,tmap_routes
CV003134,2026-08-05 06:41:14,2026-08-05 06:59:14,2026-08-05 07:01:15,18,18.1,3.658,dongdaegu,1,1,True,target_available_at_arrival,available_count>0 at panel tick nearest as_of+tmap_eta,tmap_routes
PIS00561,2026-07-20 09:14:42,2026-07-20 09:42:42,2026-07-20 09:44:44,28,27.8,9.974,dongdaegu,1,1,True,target_available_at_arrival,available_count>0 at panel tick nearest as_of+tmap_eta,tmap_routes
KP002182,2026-08-02 02:46:25,2026-08-02 03:01:25,2026-08-02 03:06:28,15,15.0,2.363,dongdaegu,4,4,True,target_available_at_arrival,available_count>0 at panel tick nearest as_of+tmap_eta,tmap_routes
PI530330,2026-08-02 10:37:39,2026-08-02 10:53:39,2026-08-02 10:57:42,16,15.8,3.38,dongdaegu,1,1,True,target_available_at_arrival,available_count>0 at panel tick nearest as_of+tmap_eta,tmap_routes
EV005838,2026-07-20 21:21:08,2026-07-20 21:47:08,2026-07-20 21:51:10,26,25.7,7.322,dongdaegu,2,2,True,target_available_at_arrival,available_count>0 at panel tick nearest as_of+tmap_eta,tmap_routes
CV000657,2026-07-30 18:37:27,2026-07-30 18:57:27,2026-07-30 18:57:30,20,19.6,3.582,dongdaegu,1,1,True,target_available_at_arrival,available_count>0 at panel tick nearest as_of+tmap_eta,tmap_routes
LU100689,2026-08-05 10:11:30,2026-08-05 11:07:30,2026-08-05 11:11:35,56,56.1,25.94,dongdaegu,1,1,True,target_available_at_arrival,available_count>0 at panel tick nearest as_of+tmap_eta,tmap_routes
LU003732,2026-07-23 13:02:39,2026-07-23 13:57:39,2026-07-23 13:57:52,55,54.8,25.143,dongdaegu,1,2,True,target_available_at_arrival,available_count>0 at panel tick nearest as_of+tmap_eta,tmap_routes
DC530008,2026-07-26 05:17:23,2026-07-26 06:00:23,2026-07-26 06:07:30,43,42.8,8.536,dongdaegu,5,5,True,target_available_at_arrival,available_count>0 at panel tick nearest as_of+tmap_eta,tmap_routes
ST601440,2026-08-06 16:46:39,2026-08-06 17:05:39,2026-08-06 17:06:41,19,18.7,3.878,dongdaegu,1,1,True,target_available_at_arrival,available_count>0 at panel tick nearest as_of+tmap_eta,tmap_routes
CG000066,2026-07-27 07:23:12,2026-07-27 08:11:12,2026-07-27 08:13:23,48,47.6,23.032,dongdaegu,1,1,True,target_available_at_arrival,available_count>0 at panel tick nearest as_of+tmap_eta,tmap_routes
PI805002,2026-07-31 15:54:39,2026-07-31 16:14:39,2026-07-31 16:14:42,20,19.7,6.751,dongdaegu,2,2,True,target_available_at_arrival,available_count>0 at panel tick nearest as_of+tmap_eta,tmap_routes
CV001491,2026-07-28 18:12:53,2026-07-28 18:36:53,2026-07-28 18:43:00,24,24.3,7.173,dongdaegu,4,4,True,target_available_at_arrival,available_count>0 at panel tick nearest as_of+tmap_eta,tmap_routes
ME20C285,2026-07-29 12:28:26,2026-07-29 13:15:26,2026-07-29 13:18:32,47,46.9,14.657,dongdaegu,2,2,True,target_available_at_arrival,available_count>0 at panel tick nearest as_of+tmap_eta,tmap_routes
RE000154,2026-08-01 09:40:15,2026-08-01 10:04:15,2026-08-01 10:10:28,24,24.5,8.606,dongdaegu,3,3,True,target_available_at_arrival,available_count>0 at panel tick nearest as_of+tmap_eta,tmap_routes
SF002605,2026-07-26 19:49:35,2026-07-26 20:23:35,2026-07-26 20:29:41,34,33.8,8.579,dongdaegu,2,1,True,target_available_at_arrival,available_count>0 at panel tick nearest as_of+tmap_eta,tmap_routes
CV000542,2026-07-24 14:38:07,2026-07-24 14:48:07,2026-07-24 14:48:14,10,9.8,2.222,dongdaegu,1,1,True,target_available_at_arrival,available_count>0 at panel tick nearest as_of+tmap_eta,tmap_routes
PIS00588,2026-07-29 16:28:58,2026-07-29 17:23:58,2026-07-29 17:29:20,55,55.0,9.555,dongdaegu,4,4,True,target_available_at_arrival,available_count>0 at panel tick nearest as_of+tmap_eta,tmap_routes
EV007654,2026-07-28 05:48:58,2026-07-28 06:17:58,2026-07-28 06:19:01,29,29.4,8.407,dongdaegu,1,2,True,target_available_at_arrival,available_count>0 at panel tick nearest as_of+tmap_eta,tmap_routes
CV002099,2026-07-21 12:11:26,2026-07-21 12:40:26,2026-07-21 12:41:28,29,28.6,9.096,dongdaegu,2,2,True,target_available_at_arrival,available_count>0 at panel tick nearest as_of+tmap_eta,tmap_routes
ME183070,2026-07-29 06:47:09,2026-07-29 07:36:09,2026-07-29 07:37:20,49,49.1,29.79,dongdaegu,1,1,True,target_available_at_arrival,available_count>0 at panel tick nearest as_of+tmap_eta,tmap_routes
CV002069,2026-08-02 04:06:37,2026-08-02 04:36:37,2026-08-02 04:36:39,30,29.8,9.584,dongdaegu,2,2,True,target_available_at_arrival,available_count>0 at panel tick nearest as_of+tmap_eta,tmap_routes
CV000810,2026-07-28 03:48:39,2026-07-28 04:04:39,2026-07-28 04:08:41,16,15.9,3.65,dongdaegu,1,1,True,target_available_at_arrival,available_count>0 at panel tick nearest as_of+tmap_eta,tmap_routes
ME19E138,2026-08-06 01:55:45,2026-08-06 02:55:45,2026-08-06 02:55:47,60,59.6,35.136,dongdaegu,1,1,True,target_available_at_arrival,available_count>0 at panel tick nearest as_of+tmap_eta,tmap_routes
KP004412,2026-07-29 12:28:26,2026-07-29 12:43:26,2026-07-29 12:48:29,15,15.3,3.322,dongdaegu,1,1,True,target_available_at_arrival,available_count>0 at panel tick nearest as_of+tmap_eta,tmap_routes
CV003566,2026-08-08 02:27:12,2026-08-08 02:51:12,2026-08-08 02:57:13,24,24.4,3.698,dongdaegu,3,3,True,target_available_at_arrival,available_count>0 at panel tick nearest as_of+tmap_eta,tmap_routes
KE001516,2026-07-29 00:46:13,2026-07-29 01:10:13,2026-07-29 01:16:16,24,24.1,7.653,dongdaegu,1,2,True,target_available_at_arrival,available_count>0 at panel tick nearest as_of+tmap_eta,tmap_routes
ME23B115,2026-07-26 07:27:42,2026-07-26 08:03:42,2026-07-26 08:07:55,36,35.7,7.443,dongdaegu,1,1,True,target_available_at_arrival,available_count>0 at panel tick nearest as_of+tmap_eta,tmap_routes
ME22C1A3,2026-08-08 04:47:19,2026-08-08 05:14:19,2026-08-08 05:17:22,27,27.1,6.546,dongdaegu,1,1,True,target_available_at_arrival,available_count>0 at panel tick nearest as_of+tmap_eta,tmap_routes
ST601225,2026-07-28 17:52:36,2026-07-28 18:02:36,2026-07-28 18:02:41,10,9.8,1.871,dongdaegu,2,2,True,target_available_at_arrival,available_count>0 at panel tick nearest as_of+tmap_eta,tmap_routes
SF002637,2026-07-27 13:54:27,2026-07-27 14:31:27,2026-07-27 14:34:38,37,37.1,11.013,dongdaegu,16,16,True,target_available_at_arrival,available_count>0 at panel tick nearest as_of+tmap_eta,tmap_routes
KP004005,2026-08-06 22:57:17,2026-08-06 23:24:17,2026-08-06 23:27:19,27,27.1,6.364,dongdaegu,1,1,True,target_available_at_arrival,available_count>0 at panel tick nearest as_of+tmap_eta,tmap_routes
HE240512,2026-08-07 15:02:19,2026-08-07 15:31:19,2026-08-07 15:32:29,29,29.2,9.227,dongdaegu,4,3,True,target_available_at_arrival,available_count>0 at panel tick nearest as_of+tmap_eta,tmap_routes
BNBN0721,2026-08-09 06:13:16,2026-08-09 06:38:16,2026-08-09 06:43:17,25,25.2,6.457,dongdaegu,1,1,True,target_available_at_arrival,available_count>0 at panel tick nearest as_of+tmap_eta,tmap_routes
ME25C167,2026-07-26 07:17:41,2026-07-26 08:03:41,2026-07-26 08:07:55,46,45.9,9.64,dongdaegu,1,1,True,target_available_at_arrival,available_count>0 at panel tick nearest as_of+tmap_eta,tmap_routes
EV005710,2026-07-27 08:13:23,2026-07-27 08:48:23,2026-07-27 08:53:30,35,34.8,9.721,dongdaegu,1,1,True,target_available_at_arrival,available_count>0 at panel tick nearest as_of+tmap_eta,tmap_routes
ME24B208,2026-07-31 06:01:38,2026-07-31 06:54:38,2026-07-31 07:01:47,53,52.7,24.633,dongdaegu,2,2,True,target_available_at_arrival,available_count>0 at panel tick nearest as_of+tmap_eta,tmap_routes
BE241250,2026-07-29 12:18:25,2026-07-29 13:12:25,2026-07-29 13:18:32,54,54.0,26.162,dongdaegu,2,1,True,target_available_at_arrival,available_count>0 at panel tick nearest as_of+tmap_eta,tmap_routes
CV003148,2026-07-29 08:37:42,2026-07-29 09:06:42,2026-07-29 09:07:55,29,29.4,10.43,dongdaegu,1,1,True,target_available_at_arrival,available_count>0 at panel tick nearest as_of+tmap_eta,tmap_routes
PIH00444,2026-08-09 02:43:06,2026-08-09 03:18:06,2026-08-09 03:23:08,35,35.1,13.597,dongdaegu,1,1,True,target_available_at_arrival,available_count>0 at panel tick nearest as_of+tmap_eta,tmap_routes
PI530314,2026-07-31 16:14:42,2026-07-31 17:08:42,2026-07-31 17:15:00,54,54.5,39.869,dongdaegu,2,2,True,target_available_at_arrival,available_count>0 at panel tick nearest as_of+tmap_eta,tmap_routes
ST601237,2026-07-27 05:52:47,2026-07-27 06:08:47,2026-07-27 06:12:54,16,16.1,3.81,dongdaegu,2,2,True,target_available_at_arrival,available_count>0 at panel tick nearest as_of+tmap_eta,tmap_routes
TDP00010,2026-08-02 10:57:42,2026-08-02 11:15:42,2026-08-02 11:17:44,18,17.7,2.955,dongdaegu,15,14,True,target_available_at_arrival,available_count>0 at panel tick nearest as_of+tmap_eta,tmap_routes
KP005769,2026-08-07 05:11:28,2026-08-07 05:41:28,2026-08-07 05:41:31,30,29.7,9.957,dongdaegu,1,1,True,target_available_at_arrival,available_count>0 at panel tick nearest as_of+tmap_eta,tmap_routes
LU001276,2026-07-26 01:06:51,2026-07-26 01:30:51,2026-07-26 01:36:57,24,23.5,6.782,dongdaegu,1,1,True,target_available_at_arrival,available_count>0 at panel tick nearest as_of+tmap_eta,tmap_routes
PI740454,2026-07-23 11:16:43,2026-07-23 11:35:43,2026-07-23 11:36:58,19,19.2,4.511,dongdaegu,1,1,True,target_available_at_arrival,available_count>0 at panel tick nearest as_of+tmap_eta,tmap_routes
EV003741,2026-08-05 14:51:52,2026-08-05 15:21:52,2026-08-05 15:21:54,30,29.6,8.772,dongdaegu,2,2,True,target_available_at_arrival,available_count>0 at panel tick nearest as_of+tmap_eta,tmap_routes
CV003461,2026-08-06 07:25:58,2026-08-06 07:54:58,2026-08-06 07:56:00,29,28.9,8.566,dongdaegu,2,2,True,target_available_at_arrival,available_count>0 at panel tick nearest as_of+tmap_eta,tmap_routes
PC001345,2026-07-30 09:24:36,2026-07-30 09:38:36,2026-07-30 09:44:38,14,13.8,1.875,dongdaegu,5,5,True,target_available_at_arrival,available_count>0 at panel tick nearest as_of+tmap_eta,tmap_routes
TDP00005,2026-08-05 01:00:59,2026-08-05 01:46:59,2026-08-05 01:51:01,46,46.4,22.772,dongdaegu,3,3,True,target_available_at_arrival,available_count>0 at panel tick nearest as_of+tmap_eta,tmap_routes
CV002087,2026-08-06 13:16:24,2026-08-06 13:30:24,2026-08-06 13:36:25,14,14.4,1.77,dongdaegu,1,1,True,target_available_at_arrival,available_count>0 at panel tick nearest as_of+tmap_eta,tmap_routes
CU530004,2026-07-29 10:08:03,2026-07-29 10:18:03,2026-07-29 10:18:04,10,9.6,1.543,dongdaegu,6,6,True,target_available_at_arrival,available_count>0 at panel tick nearest as_of+tmap_eta,tmap_routes
SF003065,2026-07-28 11:30:08,2026-07-28 11:46:08,2026-07-28 11:50:19,16,15.7,3.983,dongdaegu,1,1,True,target_available_at_arrival,available_count>0 at panel tick nearest as_of+tmap_eta,tmap_routes
CV002394,2026-07-31 12:32:51,2026-07-31 13:05:51,2026-07-31 13:12:58,33,33.3,13.237,dongdaegu,4,4,True,target_available_at_arrival,available_count>0 at panel tick nearest as_of+tmap_eta,tmap_routes
CV004698,2026-07-30 04:43:35,2026-07-30 05:01:35,2026-07-30 05:03:40,18,18.4,2.885,dongdaegu,2,2,True,target_available_at_arrival,available_count>0 at panel tick nearest as_of+tmap_eta,tmap_routes
CV004541,2026-08-05 12:01:40,2026-08-05 12:17:40,2026-08-05 12:21:41,16,16.1,3.267,dongdaegu,3,2,True,target_available_at_arrival,available_count>0 at panel tick nearest as_of+tmap_eta,tmap_routes
CV003041,2026-07-19 08:49:29,2026-07-19 09:13:29,2026-07-19 09:19:32,24,24.3,7.564,dongdaegu,1,0,False,target_available_at_arrival,available_count>0 at panel tick nearest as_of+tmap_eta,tmap_routes
CV002570,2026-07-23 11:21:55,2026-07-23 11:41:55,2026-07-23 11:41:59,20,19.7,3.538,dongdaegu,1,2,True,target_available_at_arrival,available_count>0 at panel tick nearest as_of+tmap_eta,tmap_routes
PI000129,2026-08-02 12:37:59,2026-08-02 13:03:59,2026-08-02 13:08:04,26,25.7,6.621,dongdaegu,2,2,True,target_available_at_arrival,available_count>0 at panel tick nearest as_of+tmap_eta,tmap_routes
ME25C173,2026-08-07 05:01:27,2026-08-07 05:15:27,2026-08-07 05:21:28,14,14.0,2.896,dongdaegu,1,1,True,target_available_at_arrival,available_count>0 at panel tick nearest as_of+tmap_eta,tmap_routes
DC530003,2026-08-08 17:18:17,2026-08-08 17:37:17,2026-08-08 17:38:18,19,18.8,3.965,dongdaegu,2,2,True,target_available_at_arrival,available_count>0 at panel tick nearest as_of+tmap_eta,tmap_routes
PIS00580,2026-07-20 15:45:39,2026-07-20 16:00:39,2026-07-20 16:00:48,15,15.2,2.833,dongdaegu,5,5,True,target_available_at_arrival,available_count>0 at panel tick nearest as_of+tmap_eta,tmap_routes
CV001687,2026-07-28 10:49:55,2026-07-28 11:06:55,2026-07-28 11:09:58,17,16.8,3.319,dongdaegu,1,1,True,target_available_at_arrival,available_count>0 at panel tick nearest as_of+tmap_eta,tmap_routes
CV003122,2026-08-08 05:57:24,2026-08-08 06:16:24,2026-08-08 06:17:24,19,19.2,1.934,dongdaegu,1,1,True,target_available_at_arrival,available_count>0 at panel tick nearest as_of+tmap_eta,tmap_routes
CV003041,2026-08-04 14:57:33,2026-08-04 15:21:33,2026-08-04 15:27:35,24,24.3,7.564,dongdaegu,15,15,True,target_available_at_arrival,available_count>0 at panel tick nearest as_of+tmap_eta,tmap_routes
JA270004,2026-07-27 12:44:06,2026-07-27 13:17:06,2026-07-27 13:24:19,33,32.8,10.493,dongdaegu,5,5,True,target_available_at_arrival,available_count>0 at panel tick nearest as_of+tmap_eta,tmap_routes
ME184070,2026-07-18 20:06:10,2026-07-18 20:31:10,2026-07-18 20:36:12,25,25.3,8.197,dongdaegu,1,1,True,target_available_at_arrival,available_count>0 at panel tick nearest as_of+tmap_eta,tmap_routes
EV004402,2026-08-03 13:42:43,2026-08-03 14:19:43,2026-08-03 14:22:47,37,37.4,11.986,dongdaegu,3,3,True,target_available_at_arrival,available_count>0 at panel tick nearest as_of+tmap_eta,tmap_routes
CV000701,2026-08-04 18:27:47,2026-08-04 19:12:47,2026-08-04 19:17:50,45,44.6,14.992,dongdaegu,4,3,True,target_available_at_arrival,available_count>0 at panel tick nearest as_of+tmap_eta,tmap_routes
CV003159,2026-07-23 01:22:46,2026-07-23 01:57:46,2026-07-23 01:57:57,35,34.7,13.603,dongdaegu,1,1,True,target_available_at_arrival,available_count>0 at panel tick nearest as_of+tmap_eta,tmap_routes
CV000750,2026-07-30 19:37:36,2026-07-30 20:37:36,2026-07-30 20:37:47,60,60.4,26.025,dongdaegu,5,5,True,target_available_at_arrival,available_count>0 at panel tick nearest as_of+tmap_eta,tmap_routes
EV005349,2026-08-02 10:57:42,2026-08-02 11:36:42,2026-08-02 11:37:47,39,39.3,12.559,dongdaegu,5,7,True,target_available_at_arrival,available_count>0 at panel tick nearest as_of+tmap_eta,tmap_routes
KE000548,2026-07-28 22:53:42,2026-07-28 22:58:42,2026-07-28 23:03:44,5,4.6,0.685,dongdaegu,2,2,True,target_available_at_arrival,available_count>0 at panel tick nearest as_of+tmap_eta,tmap_routes
ME19C403,2026-08-05 13:31:46,2026-08-05 13:57:46,2026-08-05 14:01:47,26,26.0,8.922,dongdaegu,4,2,True,target_available_at_arrival,available_count>0 at panel tick nearest as_of+tmap_eta,tmap_routes
SF002922,2026-08-04 05:46:57,2026-08-04 06:02:57,2026-08-04 06:06:58,16,15.8,2.058,dongdaegu,3,3,True,target_available_at_arrival,available_count>0 at panel tick nearest as_of+tmap_eta,tmap_routes
CV003237,2026-08-03 00:41:56,2026-08-03 01:08:56,2026-08-03 01:11:57,27,27.1,8.007,dongdaegu,1,1,True,target_available_at_arrival,available_count>0 at panel tick nearest as_of+tmap_eta,tmap_routes
ME183053,2026-08-04 04:46:55,2026-08-04 05:23:55,2026-08-04 05:26:56,37,36.9,10.152,dongdaegu,1,1,True,target_available_at_arrival,available_count>0 at panel tick nearest as_of+tmap_eta,tmap_routes
PC000235,2026-08-06 16:46:39,2026-08-06 16:59:39,2026-08-06 17:06:41,13,12.8,1.908,dongdaegu,5,5,True,target_available_at_arrival,available_count>0 at panel tick nearest as_of+tmap_eta,tmap_routes
CV000194,2026-07-26 19:19:31,2026-07-26 20:08:31,2026-07-26 20:09:38,49,48.9,17.248,dongdaegu,1,1,True,target_available_at_arrival,available_count>0 at panel tick nearest as_of+tmap_eta,tmap_routes
CV001464,2026-07-22 20:34:34,2026-07-22 21:00:34,2026-07-22 21:02:00,26,26.3,7.512,dongdaegu,1,2,True,target_available_at_arrival,available_count>0 at panel tick nearest as_of+tmap_eta,tmap_routes
PI530290,2026-07-29 16:39:06,2026-07-29 17:07:06,2026-07-29 17:09:16,28,28.5,5.483,dongdaegu,1,1,True,target_available_at_arrival,available_count>0 at panel tick nearest as_of+tmap_eta,tmap_routes
LU001877,2026-07-23 04:28:33,2026-07-23 04:57:33,2026-07-23 04:58:42,29,29.3,9.229,dongdaegu,1,1,True,target_available_at_arrival,available_count>0 at panel tick nearest as_of+tmap_eta,tmap_routes
PI530285,2026-08-04 08:07:05,2026-08-04 08:35:05,2026-08-04 08:37:07,28,28.2,6.939,dongdaegu,1,1,True,target_available_at_arrival,available_count>0 at panel tick nearest as_of+tmap_eta,tmap_routes
KRC10237,2026-08-07 19:32:52,2026-08-07 20:01:52,2026-08-07 20:03:03,29,29.3,9.232,dongdaegu,2,2,True,target_available_at_arrival,available_count>0 at panel tick nearest as_of+tmap_eta,tmap_routes
ME18C264,2026-08-06 05:45:53,2026-08-06 06:13:53,2026-08-06 06:15:55,28,27.7,8.834,dongdaegu,2,2,True,target_available_at_arrival,available_count>0 at panel tick nearest as_of+tmap_eta,tmap_routes
CV004699,2026-08-07 20:33:07,2026-08-07 20:49:07,2026-08-07 20:53:09,16,15.8,4.103,dongdaegu,5,5,True,target_available_at_arrival,available_count>0 at panel tick nearest as_of+tmap_eta,tmap_routes
PI306067,2026-08-05 13:51:47,2026-08-05 14:18:47,2026-08-05 14:21:49,27,27.0,9.229,dongdaegu,3,3,True,target_available_at_arrival,available_count>0 at panel tick nearest as_of+tmap_eta,tmap_routes
PIH00737,2026-07-23 13:57:52,2026-07-23 14:25:52,2026-07-23 14:27:58,28,28.1,9.346,dongdaegu,4,4,True,target_available_at_arrival,available_count>0 at panel tick nearest as_of+tmap_eta,tmap_routes
EV008234,2026-07-21 11:01:19,2026-07-21 11:35:19,2026-07-21 11:41:23,34,33.6,9.097,dongdaegu,1,1,True,target_available_at_arrival,available_count>0 at panel tick nearest as_of+tmap_eta,tmap_routes
PI530314,2026-07-31 15:54:39,2026-07-31 16:48:39,2026-07-31 16:54:53,54,54.5,39.869,dongdaegu,2,2,True,target_available_at_arrival,available_count>0 at panel tick nearest as_of+tmap_eta,tmap_routes
PI000126,2026-07-28 03:58:40,2026-07-28 04:35:40,2026-07-28 04:38:46,37,36.9,10.677,dongdaegu,1,1,True,target_available_at_arrival,available_count>0 at panel tick nearest as_of+tmap_eta,tmap_routes
PI530277,2026-07-31 18:05:08,2026-07-31 18:42:08,2026-07-31 18:45:19,37,37.4,11.179,dongdaegu,2,4,True,target_available_at_arrival,available_count>0 at panel tick nearest as_of+tmap_eta,tmap_routes
PI740415,2026-07-23 13:02:39,2026-07-23 13:23:39,2026-07-23 13:27:45,21,21.1,5.355,dongdaegu,2,2,True,target_available_at_arrival,available_count>0 at panel tick nearest as_of+tmap_eta,tmap_routes
PI740172,2026-08-04 02:46:50,2026-08-04 02:54:50,2026-08-04 02:56:50,8,8.3,1.966,dongdaegu,1,1,True,target_available_at_arrival,available_count>0 at panel tick nearest as_of+tmap_eta,tmap_routes
ST601240,2026-07-31 04:01:17,2026-07-31 04:24:17,2026-07-31 04:31:20,23,22.6,6.109,dongdaegu,2,2,True,target_available_at_arrival,available_count>0 at panel tick nearest as_of+tmap_eta,tmap_routes
PI645107,2026-08-06 13:36:25,2026-08-06 14:13:25,2026-08-06 14:16:27,37,37.4,12.227,dongdaegu,3,3,True,target_available_at_arrival,available_count>0 at panel tick nearest as_of+tmap_eta,tmap_routes
CV003483,2026-08-05 12:11:41,2026-08-05 12:39:41,2026-08-05 12:41:42,28,28.1,6.301,dongdaegu,1,1,True,target_available_at_arrival,available_count>0 at panel tick nearest as_of+tmap_eta,tmap_routes
PI540129,2026-08-06 16:46:39,2026-08-06 17:44:39,2026-08-06 17:46:45,58,57.6,25.116,dongdaegu,2,2,True,target_available_at_arrival,available_count>0 at panel tick nearest as_of+tmap_eta,tmap_routes
CV002350,2026-08-04 22:48:06,2026-08-04 23:36:06,2026-08-04 23:38:08,48,47.8,13.156,dongdaegu,2,1,True,target_available_at_arrival,available_count>0 at panel tick nearest as_of+tmap_eta,tmap_routes
PW012854,2026-07-29 02:36:30,2026-07-29 02:56:30,2026-07-29 02:56:32,20,20.1,3.411,dongdaegu,1,1,True,target_available_at_arrival,available_count>0 at panel tick nearest as_of+tmap_eta,tmap_routes
CV000478,2026-08-08 06:07:24,2026-08-08 06:51:24,2026-08-08 06:57:26,44,44.0,17.313,dongdaegu,1,1,True,target_available_at_arrival,available_count>0 at panel tick nearest as_of+tmap_eta,tmap_routes
PI530278,2026-07-23 02:23:04,2026-07-23 03:19:04,2026-07-23 03:23:17,56,55.5,26.206,dongdaegu,2,2,True,target_available_at_arrival,available_count>0 at panel tick nearest as_of+tmap_eta,tmap_routes
NX000018,2026-07-24 14:08:02,2026-07-24 14:35:02,2026-07-24 14:38:07,27,27.1,8.327,dongdaegu,2,2,True,target_available_at_arrival,available_count>0 at panel tick nearest as_of+tmap_eta,tmap_routes
CV002115,2026-07-23 11:06:41,2026-07-23 11:36:41,2026-07-23 11:36:58,30,29.8,9.615,dongdaegu,3,3,True,target_available_at_arrival,available_count>0 at panel tick nearest as_of+tmap_eta,tmap_routes
EV006187,2026-07-29 04:46:47,2026-07-29 05:19:47,2026-07-29 05:26:52,33,32.7,9.315,dongdaegu,3,3,True,target_available_at_arrival,available_count>0 at panel tick nearest as_of+tmap_eta,tmap_routes
ME24A243,2026-08-03 00:51:56,2026-08-03 01:45:56,2026-08-03 01:51:58,54,54.0,40.6,dongdaegu,2,2,True,target_available_at_arrival,available_count>0 at panel tick nearest as_of+tmap_eta,tmap_routes
PI530086,2026-08-01 03:49:19,2026-08-01 04:44:19,2026-08-01 04:49:24,55,55.4,26.06,dongdaegu,1,1,True,target_available_at_arrival,available_count>0 at panel tick nearest as_of+tmap_eta,tmap_routes
PI530282,2026-07-30 04:33:34,2026-07-30 04:59:34,2026-07-30 05:03:40,26,25.9,4.171,dongdaegu,3,3,True,target_available_at_arrival,available_count>0 at panel tick nearest as_of+tmap_eta,tmap_routes
ME25C173,2026-07-30 14:25:58,2026-07-30 14:39:58,2026-07-30 14:46:08,14,14.0,2.896,dongdaegu,1,1,True,target_available_at_arrival,available_count>0 at panel tick nearest as_of+tmap_eta,tmap_routes
CV001941,2026-08-07 14:12:16,2026-08-07 14:26:16,2026-08-07 14:32:17,14,14.5,2.314,dongdaegu,1,1,True,target_available_at_arrival,available_count>0 at panel tick nearest as_of+tmap_eta,tmap_routes
PIH02046,2026-07-27 19:45:42,2026-07-27 20:12:42,2026-07-27 20:15:49,27,27.3,9.361,dongdaegu,1,1,True,target_available_at_arrival,available_count>0 at panel tick nearest as_of+tmap_eta,tmap_routes
PI530310,2026-08-03 03:42:03,2026-08-03 04:07:03,2026-08-03 04:12:04,25,25.0,7.513,dongdaegu,2,2,True,target_available_at_arrival,available_count>0 at panel tick nearest as_of+tmap_eta,tmap_routes
KE000245,2026-08-08 05:27:22,2026-08-08 05:54:22,2026-08-08 05:57:24,27,26.6,7.893,dongdaegu,1,1,True,target_available_at_arrival,available_count>0 at panel tick nearest as_of+tmap_eta,tmap_routes
ME25C428,2026-07-23 02:38:07,2026-07-23 02:57:07,2026-07-23 02:58:11,19,18.8,3.899,dongdaegu,4,4,True,target_available_at_arrival,available_count>0 at panel tick nearest as_of+tmap_eta,tmap_routes
PC001345,2026-08-09 06:03:15,2026-08-09 06:17:15,2026-08-09 06:23:16,14,13.8,1.875,dongdaegu,2,2,True,target_available_at_arrival,available_count>0 at panel tick nearest as_of+tmap_eta,tmap_routes
ST271708,2026-08-08 17:58:19,2026-08-08 18:26:19,2026-08-08 18:28:25,28,27.9,6.624,dongdaegu,6,5,True,target_available_at_arrival,available_count>0 at panel tick nearest as_of+tmap_eta,tmap_routes
PI530292,2026-08-02 21:49:23,2026-08-02 22:02:23,2026-08-02 22:09:26,13,13.1,3.081,dongdaegu,3,3,True,target_available_at_arrival,available_count>0 at panel tick nearest as_of+tmap_eta,tmap_routes
ST601139,2026-08-02 17:58:50,2026-08-02 18:25:50,2026-08-02 18:28:54,27,27.2,4.663,dongdaegu,4,3,True,target_available_at_arrival,available_count>0 at panel tick nearest as_of+tmap_eta,tmap_routes
PW015100,2026-08-01 09:00:04,2026-08-01 09:30:04,2026-08-01 09:30:09,30,30.1,5.782,dongdaegu,1,1,True,target_available_at_arrival,available_count>0 at panel tick nearest as_of+tmap_eta,tmap_routes
DC530029,2026-07-26 10:38:15,2026-07-26 11:23:15,2026-07-26 11:28:26,45,44.9,12.015,dongdaegu,4,4,True,target_available_at_arrival,available_count>0 at panel tick nearest as_of+tmap_eta,tmap_routes
EV003858,2026-08-05 22:42:29,2026-08-05 22:52:29,2026-08-05 22:52:29,10,10.2,1.868,dongdaegu,1,1,True,target_available_at_arrival,available_count>0 at panel tick nearest as_of+tmap_eta,tmap_routes
CV004541,2026-07-28 08:59:37,2026-07-28 09:15:37,2026-07-28 09:19:39,16,16.1,3.267,dongdaegu,4,4,True,target_available_at_arrival,available_count>0 at panel tick nearest as_of+tmap_eta,tmap_routes
CV001555,2026-08-06 06:15:55,2026-08-06 07:05:55,2026-08-06 07:05:57,50,49.7,14.36,dongdaegu,4,4,True,target_available_at_arrival,available_count>0 at panel tick nearest as_of+tmap_eta,tmap_routes
CV003479,2026-07-22 13:50:02,2026-07-22 14:13:02,2026-07-22 14:20:04,23,22.6,6.788,dongdaegu,1,0,False,target_available_at_arrival,available_count>0 at panel tick nearest as_of+tmap_eta,tmap_routes
CV001264,2026-07-30 09:44:38,2026-07-30 10:38:38,2026-07-30 10:44:59,54,54.4,27.511,dongdaegu,2,3,True,target_available_at_arrival,available_count>0 at panel tick nearest as_of+tmap_eta,tmap_routes
ME18C262,2026-08-04 08:27:06,2026-08-04 09:30:06,2026-08-04 09:37:11,63,62.9,23.487,dongdaegu,2,2,True,target_available_at_arrival,available_count>0 at panel tick nearest as_of+tmap_eta,tmap_routes
PC001338,2026-07-30 11:05:01,2026-07-30 11:25:01,2026-07-30 11:25:13,20,20.1,4.064,dongdaegu,15,15,True,target_available_at_arrival,available_count>0 at panel tick nearest as_of+tmap_eta,tmap_routes
NT101554,2026-08-02 03:56:34,2026-08-02 04:29:34,2026-08-02 04:36:39,33,33.0,9.405,dongdaegu,2,2,True,target_available_at_arrival,available_count>0 at panel tick nearest as_of+tmap_eta,tmap_routes
PI700593,2026-08-08 10:37:43,2026-08-08 10:57:43,2026-08-08 10:57:44,20,20.1,4.863,dongdaegu,1,1,True,target_available_at_arrival,available_count>0 at panel tick nearest as_of+tmap_eta,tmap_routes
TS472920,2026-07-24 18:49:06,2026-07-24 18:55:06,2026-07-24 18:59:07,6,6.3,0.539,dongdaegu,1,1,True,target_available_at_arrival,available_count>0 at panel tick nearest as_of+tmap_eta,tmap_routes
PI306067,2026-08-06 15:56:36,2026-08-06 16:23:36,2026-08-06 16:26:38,27,27.0,9.229,dongdaegu,3,3,True,target_available_at_arrival,available_count>0 at panel tick nearest as_of+tmap_eta,tmap_routes
CV003284,2026-08-08 19:28:30,2026-08-08 20:04:30,2026-08-08 20:08:33,36,35.6,8.37,dongdaegu,1,1,True,target_available_at_arrival,available_count>0 at panel tick nearest as_of+tmap_eta,tmap_routes
CV000219,2026-08-05 00:08:10,2026-08-05 00:45:10,2026-08-05 00:50:59,37,37.2,14.875,dongdaegu,2,2,True,target_available_at_arrival,available_count>0 at panel tick nearest as_of+tmap_eta,tmap_routes
CV001343,2026-07-26 09:58:11,2026-07-26 10:26:11,2026-07-26 10:28:14,28,28.3,6.858,dongdaegu,1,1,True,target_available_at_arrival,available_count>0 at panel tick nearest as_of+tmap_eta,tmap_routes
CV001314,2026-07-30 10:24:52,2026-07-30 11:19:52,2026-07-30 11:25:13,55,55.4,31.478,dongdaegu,2,2,True,target_available_at_arrival,available_count>0 at panel tick nearest as_of+tmap_eta,tmap_routes
SF002913,2026-07-27 21:26:06,2026-07-27 21:41:06,2026-07-27 21:46:08,15,15.2,3.084,dongdaegu,2,2,True,target_available_at_arrival,available_count>0 at panel tick nearest as_of+tmap_eta,tmap_routes
CV000146,2026-07-30 23:28:11,2026-07-30 23:48:11,2026-07-30 23:48:13,20,19.5,3.384,dongdaegu,1,1,True,target_available_at_arrival,available_count>0 at panel tick nearest as_of+tmap_eta,tmap_routes
CV001604,2026-07-23 10:36:17,2026-07-23 11:05:17,2026-07-23 11:06:41,29,28.8,6.963,dongdaegu,2,2,True,target_available_at_arrival,available_count>0 at panel tick nearest as_of+tmap_eta,tmap_routes
EV007655,2026-08-03 06:42:12,2026-08-03 07:11:12,2026-08-03 07:12:14,29,29.4,8.407,dongdaegu,2,2,True,target_available_at_arrival,available_count>0 at panel tick nearest as_of+tmap_eta,tmap_routes
EV007654,2026-08-02 04:46:40,2026-08-02 05:15:40,2026-08-02 05:16:44,29,29.4,8.407,dongdaegu,1,1,True,target_available_at_arrival,available_count>0 at panel tick nearest as_of+tmap_eta,tmap_routes
ME25C173,2026-08-02 16:18:38,2026-08-02 16:32:38,2026-08-02 16:38:39,14,14.0,2.896,dongdaegu,1,1,True,target_available_at_arrival,available_count>0 at panel tick nearest as_of+tmap_eta,tmap_routes
CV001076,2026-07-26 12:28:35,2026-07-26 13:07:35,2026-07-26 13:08:40,39,38.6,12.457,dongdaegu,2,2,True,target_available_at_arrival,available_count>0 at panel tick nearest as_of+tmap_eta,tmap_routes
CV000560,2026-08-03 10:22:31,2026-08-03 10:37:31,2026-08-03 10:42:32,15,14.9,3.632,dongdaegu,2,2,True,target_available_at_arrival,available_count>0 at panel tick nearest as_of+tmap_eta,tmap_routes
CV000547,2026-07-22 23:45:41,2026-07-23 00:04:41,2026-07-23 00:07:26,19,18.8,4.043,dongdaegu,1,1,True,target_available_at_arrival,available_count>0 at panel tick nearest as_of+tmap_eta,tmap_routes
CV001606,2026-08-04 18:17:46,2026-08-04 18:46:46,2026-08-04 18:47:48,29,29.0,7.584,dongdaegu,2,2,True,target_available_at_arrival,available_count>0 at panel tick nearest as_of+tmap_eta,tmap_routes
IN053043,2026-08-06 08:16:01,2026-08-06 08:42:01,2026-08-06 08:46:06,26,26.2,7.385,dongdaegu,1,1,True,target_available_at_arrival,available_count>0 at panel tick nearest as_of+tmap_eta,tmap_routes
CV001426,2026-07-24 19:19:10,2026-07-24 19:47:10,2026-07-24 19:49:15,28,27.9,8.018,dongdaegu,1,1,True,target_available_at_arrival,available_count>0 at panel tick nearest as_of+tmap_eta,tmap_routes
CV003127,2026-07-27 10:53:45,2026-07-27 11:23:45,2026-07-27 11:23:48,30,29.6,6.467,dongdaegu,1,1,True,target_available_at_arrival,available_count>0 at panel tick nearest as_of+tmap_eta,tmap_routes
PI740066,2026-08-07 09:31:52,2026-08-07 09:46:52,2026-08-07 09:51:56,15,15.3,3.027,dongdaegu,2,2,True,target_available_at_arrival,available_count>0 at panel tick nearest as_of+tmap_eta,tmap_routes
ME22C253,2026-07-26 14:28:51,2026-07-26 15:02:51,2026-07-26 15:08:56,34,34.5,12.074,dongdaegu,1,1,True,target_available_at_arrival,available_count>0 at panel tick nearest as_of+tmap_eta,tmap_routes
PI530292,2026-07-31 13:02:57,2026-07-31 13:15:57,2026-07-31 13:22:59,13,13.1,3.081,dongdaegu,4,4,True,target_available_at_arrival,available_count>0 at panel tick nearest as_of+tmap_eta,tmap_routes
CV003535,2026-07-26 10:18:13,2026-07-26 10:38:13,2026-07-26 10:38:15,20,20.0,3.631,dongdaegu,5,4,True,target_available_at_arrival,available_count>0 at panel tick nearest as_of+tmap_eta,tmap_routes
PC000078,2026-07-29 21:00:01,2026-07-29 21:29:01,2026-07-29 21:30:06,29,29.2,10.193,dongdaegu,5,5,True,target_available_at_arrival,available_count>0 at panel tick nearest as_of+tmap_eta,tmap_routes
CV001308,2026-08-01 22:22:52,2026-08-01 23:08:52,2026-08-01 23:12:58,46,46.1,16.696,dongdaegu,4,4,True,target_available_at_arrival,available_count>0 at panel tick nearest as_of+tmap_eta,tmap_routes
KP005834,2026-08-02 15:08:27,2026-08-02 15:51:27,2026-08-02 15:58:34,43,42.9,21.13,dongdaegu,1,1,True,target_available_at_arrival,available_count>0 at panel tick nearest as_of+tmap_eta,tmap_routes
KP010627,2026-08-05 08:41:21,2026-08-05 08:59:21,2026-08-05 09:01:22,18,17.9,3.676,dongdaegu,2,2,True,target_available_at_arrival,available_count>0 at panel tick nearest as_of+tmap_eta,tmap_routes
PI740263,2026-07-31 09:02:26,2026-07-31 09:45:26,2026-07-31 09:52:33,43,43.4,15.153,dongdaegu,1,1,True,target_available_at_arrival,available_count>0 at panel tick nearest as_of+tmap_eta,tmap_routes
EV005962,2026-07-21 15:42:33,2026-07-21 16:27:33,2026-07-21 16:32:50,45,45.3,15.129,dongdaegu,1,1,True,target_available_at_arrival,available_count>0 at panel tick nearest as_of+tmap_eta,tmap_routes
CV003237,2026-07-29 17:29:20,2026-07-29 17:56:20,2026-07-29 17:59:24,27,27.1,8.007,dongdaegu,1,1,True,target_available_at_arrival,available_count>0 at panel tick nearest as_of+tmap_eta,tmap_routes
PI530271,2026-07-29 09:17:56,2026-07-29 09:41:56,2026-07-29 09:48:00,24,24.5,6.422,dongdaegu,2,2,True,target_available_at_arrival,available_count>0 at panel tick nearest as_of+tmap_eta,tmap_routes
NT101504,2026-07-30 05:53:45,2026-07-30 06:18:45,2026-07-30 06:23:57,25,24.7,9.04,dongdaegu,1,1,True,target_available_at_arrival,available_count>0 at panel tick nearest as_of+tmap_eta,tmap_routes
DC530002,2026-07-31 17:35:04,2026-07-31 17:55:04,2026-07-31 17:55:07,20,19.9,3.866,dongdaegu,3,2,True,target_available_at_arrival,available_count>0 at panel tick nearest as_of+tmap_eta,tmap_routes
CV000808,2026-07-24 15:38:21,2026-07-24 16:13:21,2026-07-24 16:18:26,35,34.9,7.273,dongdaegu,1,0,False,target_available_at_arrival,available_count>0 at panel tick nearest as_of+tmap_eta,tmap_routes
PI530271,2026-07-23 00:57:41,2026-07-23 01:21:41,2026-07-23 01:22:46,24,24.5,6.422,dongdaegu,1,1,True,target_available_at_arrival,available_count>0 at panel tick nearest as_of+tmap_eta,tmap_routes
PW012368,2026-08-02 19:29:03,2026-08-02 19:57:03,2026-08-02 19:59:12,28,28.5,10.054,dongdaegu,1,1,True,target_available_at_arrival,available_count>0 at panel tick nearest as_of+tmap_eta,tmap_routes
EV005065,2026-08-09 06:03:15,2026-08-09 06:26:15,2026-08-09 06:33:17,23,22.7,6.241,dongdaegu,2,2,True,target_available_at_arrival,available_count>0 at panel tick nearest as_of+tmap_eta,tmap_routes
CV002188,2026-07-23 03:33:19,2026-07-23 03:58:19,2026-07-23 03:58:23,25,25.1,6.932,dongdaegu,2,2,True,target_available_at_arrival,available_count>0 at panel tick nearest as_of+tmap_eta,tmap_routes
PI530314,2026-08-05 04:31:07,2026-08-05 05:25:07,2026-08-05 05:31:09,54,54.5,39.869,dongdaegu,2,2,True,target_available_at_arrival,available_count>0 at panel tick nearest as_of+tmap_eta,tmap_routes
CV004699,2026-08-08 01:07:05,2026-08-08 01:23:05,2026-08-08 01:27:06,16,15.8,4.103,dongdaegu,5,5,True,target_available_at_arrival,available_count>0 at panel tick nearest as_of+tmap_eta,tmap_routes
CV002203,2026-08-07 12:32:08,2026-08-07 13:07:08,2026-08-07 13:12:12,35,35.2,13.714,dongdaegu,4,3,True,target_available_at_arrival,available_count>0 at panel tick nearest as_of+tmap_eta,tmap_routes
CV001129,2026-07-29 21:40:08,2026-07-29 22:14:08,2026-07-29 22:20:16,34,34.5,13.349,dongdaegu,2,2,True,target_available_at_arrival,available_count>0 at panel tick nearest as_of+tmap_eta,tmap_routes
CV000831,2026-07-20 16:45:52,2026-07-20 16:55:52,2026-07-20 16:55:53,10,9.9,0.571,dongdaegu,2,2,True,target_available_at_arrival,available_count>0 at panel tick nearest as_of+tmap_eta,tmap_routes
EV005965,2026-07-25 10:24:09,2026-07-25 11:09:09,2026-07-25 11:14:22,45,44.7,15.12,dongdaegu,1,1,True,target_available_at_arrival,available_count>0 at panel tick nearest as_of+tmap_eta,tmap_routes
SBSB0019,2026-08-04 02:46:50,2026-08-04 03:22:50,2026-08-04 03:26:52,36,36.1,13.307,dongdaegu,1,1,True,target_available_at_arrival,available_count>0 at panel tick nearest as_of+tmap_eta,tmap_routes
CV002371,2026-08-09 06:33:17,2026-08-09 07:03:17,2026-08-09 07:03:20,30,29.7,7.719,dongdaegu,1,1,True,target_available_at_arrival,available_count>0 at panel tick nearest as_of+tmap_eta,tmap_routes
ME18C230,2026-07-25 13:04:41,2026-07-25 13:58:41,2026-07-25 14:04:52,54,54.0,40.041,dongdaegu,2,2,True,target_available_at_arrival,available_count>0 at panel tick nearest as_of+tmap_eta,tmap_routes
AZ100023,2026-07-23 05:33:50,2026-07-23 05:57:50,2026-07-23 05:58:57,24,23.6,5.362,dongdaegu,1,1,True,target_available_at_arrival,available_count>0 at panel tick nearest as_of+tmap_eta,tmap_routes
EV005229,2026-08-02 19:09:00,2026-08-02 19:27:00,2026-08-02 19:29:03,18,17.8,3.927,dongdaegu,1,1,True,target_available_at_arrival,available_count>0 at panel tick nearest as_of+tmap_eta,tmap_routes
CV004614,2026-08-02 11:07:43,2026-08-02 11:52:43,2026-08-02 11:57:51,45,45.3,12.103,dongdaegu,2,2,True,target_available_at_arrival,available_count>0 at panel tick nearest as_of+tmap_eta,tmap_routes
DC530014,2026-07-26 23:40:06,2026-07-27 00:06:06,2026-07-27 00:12:15,26,25.7,4.392,dongdaegu,6,6,True,target_available_at_arrival,available_count>0 at panel tick nearest as_of+tmap_eta,tmap_routes
CV001397,2026-08-03 11:02:33,2026-08-03 11:42:33,2026-08-03 11:42:37,40,39.9,13.598,dongdaegu,1,1,True,target_available_at_arrival,available_count>0 at panel tick nearest as_of+tmap_eta,tmap_routes
ME18C261,2026-07-28 08:09:20,2026-07-28 09:02:20,2026-07-28 09:09:38,53,53.0,31.983,dongdaegu,2,2,True,target_available_at_arrival,available_count>0 at panel tick nearest as_of+tmap_eta,tmap_routes
CV001646,2026-08-04 11:47:24,2026-08-04 12:15:24,2026-08-04 12:17:25,28,28.5,6.755,dongdaegu,2,2,True,target_available_at_arrival,available_count>0 at panel tick nearest as_of+tmap_eta,tmap_routes
PC000554,2026-08-06 08:46:06,2026-08-06 09:44:06,2026-08-06 09:46:11,58,58.1,26.015,dongdaegu,2,0,False,target_available_at_arrival,available_count>0 at panel tick nearest as_of+tmap_eta,tmap_routes
PW014650,2026-07-23 13:27:45,2026-07-23 13:48:45,2026-07-23 13:52:51,21,20.8,3.326,dongdaegu,2,2,True,target_available_at_arrival,available_count>0 at panel tick nearest as_of+tmap_eta,tmap_routes
CV000724,2026-07-28 18:53:01,2026-07-28 19:48:01,2026-07-28 19:53:15,55,54.6,32.134,dongdaegu,1,1,True,target_available_at_arrival,available_count>0 at panel tick nearest as_of+tmap_eta,tmap_routes
KP005834,2026-08-06 07:35:58,2026-08-06 08:18:58,2026-08-06 08:26:02,43,42.9,21.13,dongdaegu,1,1,True,target_available_at_arrival,available_count>0 at panel tick nearest as_of+tmap_eta,tmap_routes
ME24B142,2026-08-06 10:46:14,2026-08-06 11:21:14,2026-08-06 11:26:16,35,35.0,11.205,dongdaegu,1,1,True,target_available_at_arrival,available_count>0 at panel tick nearest as_of+tmap_eta,tmap_routes
KP000236,2026-08-03 11:32:36,2026-08-03 11:51:36,2026-08-03 11:52:37,19,18.9,4.127,dongdaegu,1,1,True,target_available_at_arrival,available_count>0 at panel tick nearest as_of+tmap_eta,tmap_routes
NT100890,2026-07-23 11:01:35,2026-07-23 11:59:35,2026-07-23 12:02:15,58,58.0,25.646,dongdaegu,2,2,True,target_available_at_arrival,available_count>0 at panel tick nearest as_of+tmap_eta,tmap_routes
SF002605,2026-08-07 14:02:15,2026-08-07 14:36:15,2026-08-07 14:42:17,34,33.8,8.579,dongdaegu,4,4,True,target_available_at_arrival,available_count>0 at panel tick nearest as_of+tmap_eta,tmap_routes
CV001489,2026-07-29 00:36:12,2026-07-29 01:11:12,2026-07-29 01:16:16,35,35.4,10.18,dongdaegu,2,2,True,target_available_at_arrival,available_count>0 at panel tick nearest as_of+tmap_eta,tmap_routes
NT101508,2026-08-06 06:25:55,2026-08-06 06:58:55,2026-08-06 07:05:57,33,32.9,10.835,dongdaegu,1,1,True,target_available_at_arrival,available_count>0 at panel tick nearest as_of+tmap_eta,tmap_routes
ME22C252,2026-08-07 07:51:40,2026-08-07 08:19:40,2026-08-07 08:21:44,28,28.4,5.748,dongdaegu,1,1,True,target_available_at_arrival,available_count>0 at panel tick nearest as_of+tmap_eta,tmap_routes
CSCS1024,2026-07-31 01:20:49,2026-07-31 01:43:49,2026-07-31 01:50:52,23,23.3,4.109,dongdaegu,1,1,True,target_available_at_arrival,available_count>0 at panel tick nearest as_of+tmap_eta,tmap_routes
EV005267,2026-08-06 10:36:13,2026-08-06 11:06:13,2026-08-06 11:06:15,30,29.6,10.5,dongdaegu,2,2,True,target_available_at_arrival,available_count>0 at panel tick nearest as_of+tmap_eta,tmap_routes
CV000899,2026-07-31 05:11:24,2026-07-31 05:18:24,2026-07-31 05:21:26,7,6.7,0.393,dongdaegu,2,2,True,target_available_at_arrival,available_count>0 at panel tick nearest as_of+tmap_eta,tmap_routes
CV000899,2026-08-08 07:17:27,2026-08-08 07:24:27,2026-08-08 07:27:28,7,6.7,0.393,dongdaegu,2,2,True,target_available_at_arrival,available_count>0 at panel tick nearest as_of+tmap_eta,tmap_routes
KE001062,2026-07-30 18:57:30,2026-07-30 19:26:30,2026-07-30 19:27:34,29,29.4,9.056,dongdaegu,1,1,True,target_available_at_arrival,available_count>0 at panel tick nearest as_of+tmap_eta,tmap_routes
ME20C288,2026-07-23 10:06:04,2026-07-23 10:35:04,2026-07-23 10:36:17,29,29.1,9.321,dongdaegu,2,2,True,target_available_at_arrival,available_count>0 at panel tick nearest as_of+tmap_eta,tmap_routes
ME18C261,2026-07-26 11:28:26,2026-07-26 12:21:26,2026-07-26 12:28:35,53,53.0,31.983,dongdaegu,2,2,True,target_available_at_arrival,available_count>0 at panel tick nearest as_of+tmap_eta,tmap_routes
ME22C193,2026-07-23 14:58:19,2026-07-23 15:49:19,2026-07-23 15:53:35,51,51.4,39.519,dongdaegu,1,1,True,target_available_at_arrival,available_count>0 at panel tick nearest as_of+tmap_eta,tmap_routes
EV008883,2026-08-09 00:32:57,2026-08-09 01:02:57,2026-08-09 01:03:00,30,30.1,10.528,dongdaegu,1,1,True,target_available_at_arrival,available_count>0 at panel tick nearest as_of+tmap_eta,tmap_routes
CV003159,2026-07-29 02:36:30,2026-07-29 03:11:30,2026-07-29 03:16:33,35,34.7,13.603,dongdaegu,1,1,True,target_available_at_arrival,available_count>0 at panel tick nearest as_of+tmap_eta,tmap_routes
CV000508,2026-07-28 06:19:01,2026-07-28 06:57:01,2026-07-28 06:59:06,38,38.4,13.599,dongdaegu,1,1,True,target_available_at_arrival,available_count>0 at panel tick nearest as_of+tmap_eta,tmap_routes
PI718662,2026-08-04 08:17:06,2026-08-04 08:24:06,2026-08-04 08:27:06,7,7.3,1.737,dongdaegu,2,2,True,target_available_at_arrival,available_count>0 at panel tick nearest as_of+tmap_eta,tmap_routes
PI306072,2026-07-26 12:38:36,2026-07-26 13:12:36,2026-07-26 13:18:42,34,33.8,10.535,dongdaegu,1,1,True,target_available_at_arrival,available_count>0 at panel tick nearest as_of+tmap_eta,tmap_routes
ME183144,2026-07-31 13:33:00,2026-07-31 14:29:00,2026-07-31 14:33:10,56,56.2,27.909,dongdaegu,3,3,True,target_available_at_arrival,available_count>0 at panel tick nearest as_of+tmap_eta,tmap_routes
KP002182,2026-07-22 12:39:51,2026-07-22 12:54:51,2026-07-22 12:59:55,15,15.0,2.363,dongdaegu,1,1,True,target_available_at_arrival,available_count>0 at panel tick nearest as_of+tmap_eta,tmap_routes
CV001566,2026-08-08 14:48:01,2026-08-08 15:05:01,2026-08-08 15:08:03,17,17.3,3.217,dongdaegu,4,4,True,target_available_at_arrival,available_count>0 at panel tick nearest as_of+tmap_eta,tmap_routes
CV000406,2026-08-02 02:06:16,2026-08-02 02:41:16,2026-08-02 02:46:25,35,35.3,7.809,dongdaegu,1,1,True,target_available_at_arrival,available_count>0 at panel tick nearest as_of+tmap_eta,tmap_routes
BE241250,2026-08-08 04:07:17,2026-08-08 05:01:17,2026-08-08 05:07:22,54,54.0,26.162,dongdaegu,2,2,True,target_available_at_arrival,available_count>0 at panel tick nearest as_of+tmap_eta,tmap_routes
CV002014,2026-07-28 04:18:42,2026-07-28 04:54:42,2026-07-28 04:58:50,36,35.5,11.855,dongdaegu,2,2,True,target_available_at_arrival,available_count>0 at panel tick nearest as_of+tmap_eta,tmap_routes
ST277202,2026-07-29 08:17:38,2026-07-29 09:05:38,2026-07-29 09:07:55,48,47.9,35.88,dongdaegu,3,3,True,target_available_at_arrival,available_count>0 at panel tick nearest as_of+tmap_eta,tmap_routes
CV001489,2026-07-23 04:43:37,2026-07-23 05:18:37,2026-07-23 05:18:45,35,35.4,10.18,dongdaegu,2,2,True,target_available_at_arrival,available_count>0 at panel tick nearest as_of+tmap_eta,tmap_routes
KP004413,2026-08-05 16:31:58,2026-08-05 17:25:58,2026-08-05 17:32:02,54,54.3,25.275,dongdaegu,2,2,True,target_available_at_arrival,available_count>0 at panel tick nearest as_of+tmap_eta,tmap_routes
EV006617,2026-07-30 16:36:46,2026-07-30 17:14:46,2026-07-30 17:17:00,38,37.6,13.391,dongdaegu,1,1,True,target_available_at_arrival,available_count>0 at panel tick nearest as_of+tmap_eta,tmap_routes
ME25C427,2026-08-02 09:27:25,2026-08-02 09:44:25,2026-08-02 09:47:28,17,16.9,2.432,dongdaegu,4,4,True,target_available_at_arrival,available_count>0 at panel tick nearest as_of+tmap_eta,tmap_routes
NT100925,2026-08-08 03:57:17,2026-08-08 04:56:17,2026-08-08 04:57:19,59,58.9,26.625,dongdaegu,1,1,True,target_available_at_arrival,available_count>0 at panel tick nearest as_of+tmap_eta,tmap_routes
NT101499,2026-07-25 19:54:25,2026-07-25 20:33:25,2026-07-25 20:34:31,39,39.0,10.787,dongdaegu,1,1,True,target_available_at_arrival,available_count>0 at panel tick nearest as_of+tmap_eta,tmap_routes
KL001990,2026-08-05 13:01:43,2026-08-05 13:19:43,2026-08-05 13:21:45,18,17.8,2.838,dongdaegu,3,3,True,target_available_at_arrival,available_count>0 at panel tick nearest as_of+tmap_eta,tmap_routes
CSCS1024,2026-08-03 01:41:58,2026-08-03 02:04:58,2026-08-03 02:11:59,23,23.3,4.109,dongdaegu,1,1,True,target_available_at_arrival,available_count>0 at panel tick nearest as_of+tmap_eta,tmap_routes
CV004353,2026-08-08 12:47:52,2026-08-08 13:35:52,2026-08-08 13:37:55,48,48.1,15.293,dongdaegu,10,10,True,target_available_at_arrival,available_count>0 at panel tick nearest as_of+tmap_eta,tmap_routes
TS271402,2026-08-07 15:02:19,2026-08-07 15:15:19,2026-08-07 15:22:28,13,12.8,1.473,dongdaegu,1,1,True,target_available_at_arrival,available_count>0 at panel tick nearest as_of+tmap_eta,tmap_routes
ME18C254,2026-08-08 12:37:52,2026-08-08 13:11:52,2026-08-08 13:17:54,34,34.3,7.296,dongdaegu,2,2,True,target_available_at_arrival,available_count>0 at panel tick nearest as_of+tmap_eta,tmap_routes
PW101126,2026-07-23 10:26:09,2026-07-23 11:01:09,2026-07-23 11:01:35,35,35.3,9.355,dongdaegu,1,1,True,target_available_at_arrival,available_count>0 at panel tick nearest as_of+tmap_eta,tmap_routes
CV000564,2026-07-28 06:59:06,2026-07-28 07:43:06,2026-07-28 07:49:17,44,43.5,12.857,dongdaegu,1,1,True,target_available_at_arrival,available_count>0 at panel tick nearest as_of+tmap_eta,tmap_routes
PI752996,2026-08-04 20:57:59,2026-08-04 21:17:59,2026-08-04 21:18:00,20,19.7,3.143,dongdaegu,1,1,True,target_available_at_arrival,available_count>0 at panel tick nearest as_of+tmap_eta,tmap_routes
EV005193,2026-07-26 06:07:30,2026-07-26 06:42:30,2026-07-26 06:47:38,35,35.0,9.715,dongdaegu,2,2,True,target_available_at_arrival,available_count>0 at panel tick nearest as_of+tmap_eta,tmap_routes
PI530086,2026-07-28 17:52:36,2026-07-28 18:47:36,2026-07-28 18:53:01,55,55.4,26.06,dongdaegu,1,1,True,target_available_at_arrival,available_count>0 at panel tick nearest as_of+tmap_eta,tmap_routes
HY001080,2026-08-05 22:22:28,2026-08-05 23:16:28,2026-08-05 23:22:31,54,54.1,26.412,dongdaegu,2,2,True,target_available_at_arrival,available_count>0 at panel tick nearest as_of+tmap_eta,tmap_routes
CV001604,2026-07-23 13:22:44,2026-07-23 13:51:44,2026-07-23 13:52:51,29,28.8,6.963,dongdaegu,2,2,True,target_available_at_arrival,available_count>0 at panel tick nearest as_of+tmap_eta,tmap_routes
ME25C276,2026-08-02 12:48:02,2026-08-02 13:46:02,2026-08-02 13:48:13,58,58.0,30.689,dongdaegu,2,2,True,target_available_at_arrival,available_count>0 at panel tick nearest as_of+tmap_eta,tmap_routes
IN053074,2026-08-02 17:38:47,2026-08-02 17:58:47,2026-08-02 17:58:50,20,20.2,3.77,dongdaegu,15,15,True,target_available_at_arrival,available_count>0 at panel tick nearest as_of+tmap_eta,tmap_routes
SF000323,2026-07-30 13:05:26,2026-07-30 13:44:26,2026-07-30 13:45:44,39,39.2,19.36,dongdaegu,1,1,True,target_available_at_arrival,available_count>0 at panel tick nearest as_of+tmap_eta,tmap_routes
CV001891,2026-07-29 21:20:05,2026-07-29 22:00:05,2026-07-29 22:00:13,40,39.5,13.333,dongdaegu,6,6,True,target_available_at_arrival,available_count>0 at panel tick nearest as_of+tmap_eta,tmap_routes
PIS00580,2026-07-23 12:42:31,2026-07-23 12:57:31,2026-07-23 12:57:37,15,15.2,2.833,dongdaegu,14,14,True,target_available_at_arrival,available_count>0 at panel tick nearest as_of+tmap_eta,tmap_routes
CV002689,2026-08-01 06:39:40,2026-08-01 07:33:40,2026-08-01 07:39:49,54,54.3,31.501,dongdaegu,5,5,True,target_available_at_arrival,available_count>0 at panel tick nearest as_of+tmap_eta,tmap_routes
CV003728,2026-08-06 17:06:41,2026-08-06 17:44:41,2026-08-06 17:46:45,38,38.5,12.942,dongdaegu,2,2,True,target_available_at_arrival,available_count>0 at panel tick nearest as_of+tmap_eta,tmap_routes
EV005349,2026-07-22 21:17:05,2026-07-22 21:56:05,2026-07-22 22:00:12,39,39.3,12.559,dongdaegu,1,1,True,target_available_at_arrival,available_count>0 at panel tick nearest as_of+tmap_eta,tmap_routes
CV001941,2026-07-30 09:14:34,2026-07-30 09:28:34,2026-07-30 09:34:37,14,14.5,2.314,dongdaegu,1,1,True,target_available_at_arrival,available_count>0 at panel tick nearest as_of+tmap_eta,tmap_routes
ME18C258,2026-08-03 00:41:56,2026-08-03 01:01:56,2026-08-03 01:01:57,20,19.5,4.374,dongdaegu,2,2,True,target_available_at_arrival,available_count>0 at panel tick nearest as_of+tmap_eta,tmap_routes
CV003105,2026-07-23 03:53:22,2026-07-23 04:25:22,2026-07-23 04:28:33,32,31.8,7.64,dongdaegu,1,1,True,target_available_at_arrival,available_count>0 at panel tick nearest as_of+tmap_eta,tmap_routes
PW000224,2026-07-23 12:52:33,2026-07-23 13:32:33,2026-07-23 13:32:47,40,40.0,9.145,dongdaegu,1,1,True,target_available_at_arrival,available_count>0 at panel tick nearest as_of+tmap_eta,tmap_routes
CV001891,2026-07-24 14:48:14,2026-07-24 15:28:14,2026-07-24 15:28:19,40,39.5,13.333,dongdaegu,4,5,True,target_available_at_arrival,available_count>0 at panel tick nearest as_of+tmap_eta,tmap_routes
NT100596,2026-08-01 20:22:34,2026-08-01 20:51:34,2026-08-01 20:52:38,29,29.2,9.485,dongdaegu,2,2,True,target_available_at_arrival,available_count>0 at panel tick nearest as_of+tmap_eta,tmap_routes
PIH01767,2026-08-05 00:08:10,2026-08-05 01:00:10,2026-08-05 01:00:59,52,51.9,23.776,dongdaegu,1,1,True,target_available_at_arrival,available_count>0 at panel tick nearest as_of+tmap_eta,tmap_routes
CV000667,2026-08-04 06:57:00,2026-08-04 07:42:00,2026-08-04 07:47:04,45,45.4,18.244,dongdaegu,1,1,True,target_available_at_arrival,available_count>0 at panel tick nearest as_of+tmap_eta,tmap_routes
ME25C169,2026-08-02 10:37:39,2026-08-02 11:27:39,2026-08-02 11:27:45,50,49.9,16.4,dongdaegu,1,1,True,target_available_at_arrival,available_count>0 at panel tick nearest as_of+tmap_eta,tmap_routes
ME24B144,2026-07-31 14:13:05,2026-07-31 15:06:05,2026-07-31 15:13:20,53,53.4,31.05,dongdaegu,1,1,True,target_available_at_arrival,available_count>0 at panel tick nearest as_of+tmap_eta,tmap_routes
PIS00791,2026-07-24 09:57:15,2026-07-24 10:13:15,2026-07-24 10:17:17,16,15.7,2.355,dongdaegu,5,5,True,target_available_at_arrival,available_count>0 at panel tick nearest as_of+tmap_eta,tmap_routes
CV001971,2026-07-29 12:18:25,2026-07-29 12:32:25,2026-07-29 12:38:27,14,14.4,3.104,dongdaegu,1,1,True,target_available_at_arrival,available_count>0 at panel tick nearest as_of+tmap_eta,tmap_routes
CV003117,2026-08-06 16:36:39,2026-08-06 17:25:39,2026-08-06 17:26:42,49,48.7,17.255,dongdaegu,1,1,True,target_available_at_arrival,available_count>0 at panel tick nearest as_of+tmap_eta,tmap_routes
HY000130,2026-08-04 19:37:52,2026-08-04 20:05:52,2026-08-04 20:07:54,28,28.1,9.534,dongdaegu,2,2,True,target_available_at_arrival,available_count>0 at panel tick nearest as_of+tmap_eta,tmap_routes
ME22C253,2026-08-04 02:56:50,2026-08-04 03:30:50,2026-08-04 03:36:52,34,34.5,12.074,dongdaegu,1,2,True,target_available_at_arrival,available_count>0 at panel tick nearest as_of+tmap_eta,tmap_routes
CV002237,2026-07-29 12:58:30,2026-07-29 13:27:30,2026-07-29 13:28:33,29,29.3,9.265,dongdaegu,3,3,True,target_available_at_arrival,available_count>0 at panel tick nearest as_of+tmap_eta,tmap_routes
PI000237,2026-07-30 23:08:09,2026-07-30 23:37:09,2026-07-30 23:38:12,29,29.1,6.673,dongdaegu,1,1,True,target_available_at_arrival,available_count>0 at panel tick nearest as_of+tmap_eta,tmap_routes
PI730096,2026-08-08 05:07:22,2026-08-08 06:02:22,2026-08-08 06:07:24,55,55.4,30.015,dongdaegu,1,1,True,target_available_at_arrival,available_count>0 at panel tick nearest as_of+tmap_eta,tmap_routes
PI740111,2026-08-03 14:02:46,2026-08-03 14:28:46,2026-08-03 14:32:47,26,25.9,5.527,dongdaegu,2,2,True,target_available_at_arrival,available_count>0 at panel tick nearest as_of+tmap_eta,tmap_routes
ST272605,2026-08-08 06:07:24,2026-08-08 06:34:24,2026-08-08 06:37:25,27,26.7,9.097,dongdaegu,1,1,True,target_available_at_arrival,available_count>0 at panel tick nearest as_of+tmap_eta,tmap_routes
CV003064,2026-07-27 21:56:10,2026-07-27 22:24:10,2026-07-27 22:26:13,28,28.5,7.639,dongdaegu,1,1,True,target_available_at_arrival,available_count>0 at panel tick nearest as_of+tmap_eta,tmap_routes
EV006497,2026-08-08 11:57:49,2026-08-08 12:36:49,2026-08-08 12:37:52,39,39.0,10.915,dongdaegu,3,3,True,target_available_at_arrival,available_count>0 at panel tick nearest as_of+tmap_eta,tmap_routes
KP000237,2026-07-20 16:45:53,2026-07-20 17:09:53,2026-07-20 17:15:53,24,24.5,3.358,dongdaegu,1,0,False,target_available_at_arrival,available_count>0 at panel tick nearest as_of+tmap_eta,tmap_routes
PIS00564,2026-07-29 22:20:16,2026-07-29 22:40:16,2026-07-29 22:40:18,20,19.6,4.027,dongdaegu,2,2,True,target_available_at_arrival,available_count>0 at panel tick nearest as_of+tmap_eta,tmap_routes
EV012379,2026-08-04 20:27:55,2026-08-04 20:54:55,2026-08-04 20:57:59,27,27.3,8.408,dongdaegu,4,4,True,target_available_at_arrival,available_count>0 at panel tick nearest as_of+tmap_eta,tmap_routes
ME23B115,2026-07-28 18:22:54,2026-07-28 18:58:54,2026-07-28 19:03:03,36,35.7,7.443,dongdaegu,1,1,True,target_available_at_arrival,available_count>0 at panel tick nearest as_of+tmap_eta,tmap_routes
ST272920,2026-08-07 15:22:28,2026-08-07 15:52:28,2026-08-07 15:52:32,30,30.1,11.05,dongdaegu,3,3,True,target_available_at_arrival,available_count>0 at panel tick nearest as_of+tmap_eta,tmap_routes
DC530020,2026-07-26 11:08:22,2026-07-26 11:31:22,2026-07-26 11:38:27,23,23.2,4.562,dongdaegu,9,9,True,target_available_at_arrival,available_count>0 at panel tick nearest as_of+tmap_eta,tmap_routes
PI740374,2026-08-06 05:25:53,2026-08-06 05:52:53,2026-08-06 05:55:54,27,27.0,8.019,dongdaegu,2,2,True,target_available_at_arrival,available_count>0 at panel tick nearest as_of+tmap_eta,tmap_routes
EP220264,2026-07-29 03:46:36,2026-07-29 04:22:36,2026-07-29 04:26:42,36,35.6,11.349,dongdaegu,1,1,True,target_available_at_arrival,available_count>0 at panel tick nearest as_of+tmap_eta,tmap_routes
PI740264,2026-07-27 05:02:43,2026-07-27 05:46:43,2026-07-27 05:52:47,44,43.5,15.169,dongdaegu,1,1,True,target_available_at_arrival,available_count>0 at panel tick nearest as_of+tmap_eta,tmap_routes
EV005267,2026-07-27 23:36:21,2026-07-28 00:06:21,2026-07-28 00:06:26,30,29.6,10.5,dongdaegu,1,1,True,target_available_at_arrival,available_count>0 at panel tick nearest as_of+tmap_eta,tmap_routes
CV002087,2026-08-07 08:41:47,2026-08-07 08:55:47,2026-08-07 09:01:51,14,14.4,1.77,dongdaegu,2,1,True,target_available_at_arrival,available_count>0 at panel tick nearest as_of+tmap_eta,tmap_routes
IN053044,2026-08-01 14:21:20,2026-08-01 15:01:20,2026-08-01 15:01:30,40,40.2,13.147,dongdaegu,10,10,True,target_available_at_arrival,available_count>0 at panel tick nearest as_of+tmap_eta,tmap_routes
ME18C262,2026-08-05 03:41:05,2026-08-05 04:44:05,2026-08-05 04:51:08,63,62.9,23.487,dongdaegu,2,2,True,target_available_at_arrival,available_count>0 at panel tick nearest as_of+tmap_eta,tmap_routes
EV005966,2026-07-24 18:18:58,2026-07-24 19:03:58,2026-07-24 19:09:08,45,44.7,15.17,dongdaegu,1,1,True,target_available_at_arrival,available_count>0 at panel tick nearest as_of+tmap_eta,tmap_routes
EV005269,2026-08-02 04:16:37,2026-08-02 04:46:37,2026-08-02 04:46:40,30,29.6,10.474,dongdaegu,2,2,True,target_available_at_arrival,available_count>0 at panel tick nearest as_of+tmap_eta,tmap_routes
KP002182,2026-07-25 21:54:41,2026-07-25 22:09:41,2026-07-25 22:14:45,15,15.0,2.363,dongdaegu,2,2,True,target_available_at_arrival,available_count>0 at panel tick nearest as_of+tmap_eta,tmap_routes
CV001885,2026-07-31 20:05:38,2026-07-31 20:45:38,2026-07-31 20:45:44,40,39.5,13.367,dongdaegu,2,3,True,target_available_at_arrival,available_count>0 at panel tick nearest as_of+tmap_eta,tmap_routes
CV004701,2026-08-07 10:41:58,2026-08-07 10:47:58,2026-08-07 10:52:03,6,5.9,0.675,dongdaegu,3,3,True,target_available_at_arrival,available_count>0 at panel tick nearest as_of+tmap_eta,tmap_routes
PI740572,2026-08-04 01:06:43,2026-08-04 01:26:43,2026-08-04 01:26:43,20,19.7,4.587,dongdaegu,2,2,True,target_available_at_arrival,available_count>0 at panel tick nearest as_of+tmap_eta,tmap_routes
CV002633,2026-08-08 04:37:18,2026-08-08 05:12:18,2026-08-08 05:17:22,35,34.9,9.916,dongdaegu,2,1,True,target_available_at_arrival,available_count>0 at panel tick nearest as_of+tmap_eta,tmap_routes
CV004253,2026-07-22 23:50:42,2026-07-23 00:44:42,2026-07-23 00:47:40,54,53.6,40.474,dongdaegu,1,1,True,target_available_at_arrival,available_count>0 at panel tick nearest as_of+tmap_eta,tmap_routes
CV004699,2026-08-03 07:02:13,2026-08-03 07:18:13,2026-08-03 07:22:14,16,15.8,4.103,dongdaegu,6,6,True,target_available_at_arrival,available_count>0 at panel tick nearest as_of+tmap_eta,tmap_routes
CV003146,2026-08-08 19:28:30,2026-08-08 20:13:30,2026-08-08 20:18:33,45,44.9,22.12,dongdaegu,1,1,True,target_available_at_arrival,available_count>0 at panel tick nearest as_of+tmap_eta,tmap_routes
CV004690,2026-07-24 11:37:35,2026-07-24 12:25:35,2026-07-24 12:27:45,48,47.5,12.082,dongdaegu,2,2,True,target_available_at_arrival,available_count>0 at panel tick nearest as_of+tmap_eta,tmap_routes
PIH02017,2026-07-31 06:11:39,2026-07-31 06:51:39,2026-07-31 06:51:46,40,39.5,14.443,dongdaegu,1,1,True,target_available_at_arrival,available_count>0 at panel tick nearest as_of+tmap_eta,tmap_routes
LU001081,2026-08-08 09:07:35,2026-08-08 09:35:35,2026-08-08 09:37:37,28,27.6,6.307,dongdaegu,1,1,True,target_available_at_arrival,available_count>0 at panel tick nearest as_of+tmap_eta,tmap_routes
CV001496,2026-08-06 02:35:46,2026-08-06 03:11:46,2026-08-06 03:15:48,36,35.9,10.455,dongdaegu,2,2,True,target_available_at_arrival,available_count>0 at panel tick nearest as_of+tmap_eta,tmap_routes
PI808200,2026-07-19 19:46:39,2026-07-19 20:24:39,2026-07-19 20:31:41,38,37.5,11.167,dongdaegu,2,2,True,target_available_at_arrival,available_count>0 at panel tick nearest as_of+tmap_eta,tmap_routes
CV000899,2026-08-06 12:56:21,2026-08-06 13:03:21,2026-08-06 13:06:21,7,6.7,0.393,dongdaegu,2,2,True,target_available_at_arrival,available_count>0 at panel tick nearest as_of+tmap_eta,tmap_routes
CV000616,2026-08-05 20:22:21,2026-08-05 20:46:21,2026-08-05 20:52:23,24,24.3,3.502,dongdaegu,1,1,True,target_available_at_arrival,available_count>0 at panel tick nearest as_of+tmap_eta,tmap_routes
CV004510,2026-07-23 02:48:09,2026-07-23 03:17:09,2026-07-23 03:18:15,29,29.4,6.162,dongdaegu,1,1,True,target_available_at_arrival,available_count>0 at panel tick nearest as_of+tmap_eta,tmap_routes
ST601337,2026-08-01 10:10:28,2026-08-01 10:29:28,2026-08-01 10:30:30,19,18.7,4.492,dongdaegu,8,8,True,target_available_at_arrival,available_count>0 at panel tick nearest as_of+tmap_eta,tmap_routes
CV002012,2026-08-06 12:56:21,2026-08-06 13:30:21,2026-08-06 13:36:25,34,33.6,10.327,dongdaegu,1,1,True,target_available_at_arrival,available_count>0 at panel tick nearest as_of+tmap_eta,tmap_routes
CV002372,2026-07-28 21:43:30,2026-07-28 22:12:30,2026-07-28 22:13:38,29,29.2,8.209,dongdaegu,2,2,True,target_available_at_arrival,available_count>0 at panel tick nearest as_of+tmap_eta,tmap_routes
ME18C230,2026-07-26 09:58:11,2026-07-26 10:52:11,2026-07-26 10:58:21,54,54.0,40.041,dongdaegu,1,2,True,target_available_at_arrival,available_count>0 at panel tick nearest as_of+tmap_eta,tmap_routes
EV007657,2026-08-08 17:08:16,2026-08-08 17:48:16,2026-08-08 17:48:18,40,39.7,10.96,dongdaegu,1,1,True,target_available_at_arrival,available_count>0 at panel tick nearest as_of+tmap_eta,tmap_routes
CV003284,2026-07-26 21:19:48,2026-07-26 21:55:48,2026-07-26 21:59:54,36,35.6,8.37,dongdaegu,1,1,True,target_available_at_arrival,available_count>0 at panel tick nearest as_of+tmap_eta,tmap_routes
ST271708,2026-08-05 23:12:30,2026-08-05 23:40:30,2026-08-05 23:42:32,28,27.9,6.624,dongdaegu,5,5,True,target_available_at_arrival,available_count>0 at panel tick nearest as_of+tmap_eta,tmap_routes
PC001547,2026-08-01 21:42:47,2026-08-01 22:12:47,2026-08-01 22:12:51,30,29.9,9.605,dongdaegu,1,1,True,target_available_at_arrival,available_count>0 at panel tick nearest as_of+tmap_eta,tmap_routes
CV000536,2026-07-30 01:23:03,2026-07-30 01:48:03,2026-07-30 01:53:05,25,24.9,4.632,dongdaegu,1,1,True,target_available_at_arrival,available_count>0 at panel tick nearest as_of+tmap_eta,tmap_routes
CV001464,2026-07-26 22:29:58,2026-07-26 22:55:58,2026-07-26 23:00:02,26,26.3,7.512,dongdaegu,2,2,True,target_available_at_arrival,available_count>0 at panel tick nearest as_of+tmap_eta,tmap_routes
EP220264,2026-08-02 04:06:37,2026-08-02 04:42:37,2026-08-02 04:46:40,36,35.6,11.349,dongdaegu,1,1,True,target_available_at_arrival,available_count>0 at panel tick nearest as_of+tmap_eta,tmap_routes
KE000385,2026-08-02 01:46:10,2026-08-02 02:13:10,2026-08-02 02:16:18,27,27.1,10.449,dongdaegu,1,1,True,target_available_at_arrival,available_count>0 at panel tick nearest as_of+tmap_eta,tmap_routes
SF000921,2026-08-07 15:12:27,2026-08-07 15:36:27,2026-08-07 15:42:31,24,24.2,6.841,dongdaegu,3,3,True,target_available_at_arrival,available_count>0 at panel tick nearest as_of+tmap_eta,tmap_routes
PI530297,2026-07-29 19:29:42,2026-07-29 19:42:42,2026-07-29 19:49:48,13,13.1,5.211,dongdaegu,2,2,True,target_available_at_arrival,available_count>0 at panel tick nearest as_of+tmap_eta,tmap_routes
KP005769,2026-08-03 18:13:47,2026-08-03 18:43:47,2026-08-03 18:43:49,30,29.7,9.957,dongdaegu,1,1,True,target_available_at_arrival,available_count>0 at panel tick nearest as_of+tmap_eta,tmap_routes
SF001858,2026-08-03 20:43:57,2026-08-03 21:07:57,2026-08-03 21:13:58,24,23.6,4.76,dongdaegu,4,4,True,target_available_at_arrival,available_count>0 at panel tick nearest as_of+tmap_eta,tmap_routes
LU001561,2026-08-04 10:17:15,2026-08-04 10:21:15,2026-08-04 10:27:15,4,4.5,0.671,dongdaegu,7,7,True,target_available_at_arrival,available_count>0 at panel tick nearest as_of+tmap_eta,tmap_routes
CV003698,2026-08-05 20:52:23,2026-08-05 21:40:23,2026-08-05 21:42:26,48,47.9,27.104,dongdaegu,1,1,True,target_available_at_arrival,available_count>0 at panel tick nearest as_of+tmap_eta,tmap_routes
PIH02017,2026-08-07 18:22:45,2026-08-07 19:02:45,2026-08-07 19:02:49,40,39.5,14.443,dongdaegu,1,1,True,target_available_at_arrival,available_count>0 at panel tick nearest as_of+tmap_eta,tmap_routes
CV001208,2026-07-27 11:53:56,2026-07-27 12:33:56,2026-07-27 12:34:05,40,40.1,7.766,dongdaegu,1,1,True,target_available_at_arrival,available_count>0 at panel tick nearest as_of+tmap_eta,tmap_routes
EV006286,2026-08-07 06:01:32,2026-08-07 06:20:32,2026-08-07 06:21:33,19,19.3,1.852,dongdaegu,1,1,True,target_available_at_arrival,available_count>0 at panel tick nearest as_of+tmap_eta,tmap_routes
ME25C278,2026-08-02 10:57:42,2026-08-02 11:15:42,2026-08-02 11:17:44,18,18.5,3.795,dongdaegu,2,2,True,target_available_at_arrival,available_count>0 at panel tick nearest as_of+tmap_eta,tmap_routes
SF001077,2026-08-06 18:26:48,2026-08-06 18:52:48,2026-08-06 18:56:50,26,25.6,8.815,dongdaegu,1,1,True,target_available_at_arrival,available_count>0 at panel tick nearest as_of+tmap_eta,tmap_routes
CV001627,2026-07-19 20:01:40,2026-07-19 20:40:40,2026-07-19 20:46:42,39,39.0,13.103,dongdaegu,1,1,True,target_available_at_arrival,available_count>0 at panel tick nearest as_of+tmap_eta,tmap_routes
PI530271,2026-08-03 21:54:00,2026-08-03 22:18:00,2026-08-03 22:24:04,24,24.5,6.422,dongdaegu,4,4,True,target_available_at_arrival,available_count>0 at panel tick nearest as_of+tmap_eta,tmap_routes
JA270008,2026-07-25 14:24:54,2026-07-25 14:44:54,2026-07-25 14:44:59,20,20.5,4.637,dongdaegu,1,2,True,target_available_at_arrival,available_count>0 at panel tick nearest as_of+tmap_eta,tmap_routes
KE001516,2026-08-07 06:51:34,2026-08-07 07:15:34,2026-08-07 07:21:38,24,24.1,7.653,dongdaegu,1,1,True,target_available_at_arrival,available_count>0 at panel tick nearest as_of+tmap_eta,tmap_routes
KL002459,2026-07-24 04:07:53,2026-07-24 04:21:53,2026-07-24 04:22:57,14,13.9,1.914,dongdaegu,6,7,True,target_available_at_arrival,available_count>0 at panel tick nearest as_of+tmap_eta,tmap_routes
DC530008,2026-08-04 17:17:43,2026-08-04 18:00:43,2026-08-04 18:07:46,43,42.8,8.536,dongdaegu,3,2,True,target_available_at_arrival,available_count>0 at panel tick nearest as_of+tmap_eta,tmap_routes
CV000985,2026-07-28 17:12:31,2026-07-28 17:57:31,2026-07-28 18:02:41,45,44.6,13.107,dongdaegu,1,2,True,target_available_at_arrival,available_count>0 at panel tick nearest as_of+tmap_eta,tmap_routes
ME24A243,2026-07-21 21:02:55,2026-07-21 21:56:55,2026-07-21 22:03:07,54,54.0,40.6,dongdaegu,2,2,True,target_available_at_arrival,available_count>0 at panel tick nearest as_of+tmap_eta,tmap_routes
TS272902,2026-08-02 18:48:58,2026-08-02 19:16:58,2026-08-02 19:19:02,28,28.4,9.806,dongdaegu,1,2,True,target_available_at_arrival,available_count>0 at panel tick nearest as_of+tmap_eta,tmap_routes
SF001285,2026-08-03 04:22:05,2026-08-03 05:06:05,2026-08-03 05:12:07,44,44.5,9.471,dongdaegu,11,11,True,target_available_at_arrival,available_count>0 at panel tick nearest as_of+tmap_eta,tmap_routes
ME22D192,2026-08-01 04:19:22,2026-08-01 05:03:22,2026-08-01 05:09:26,44,44.5,12.379,dongdaegu,1,1,True,target_available_at_arrival,available_count>0 at panel tick nearest as_of+tmap_eta,tmap_routes
CV000478,2026-07-27 14:54:41,2026-07-27 15:38:41,2026-07-27 15:44:48,44,44.0,17.313,dongdaegu,1,1,True,target_available_at_arrival,available_count>0 at panel tick nearest as_of+tmap_eta,tmap_routes
KP005644,2026-07-22 12:09:48,2026-07-22 12:22:48,2026-07-22 12:29:50,13,12.8,1.502,dongdaegu,2,2,True,target_available_at_arrival,available_count>0 at panel tick nearest as_of+tmap_eta,tmap_routes
EC270007,2026-08-07 22:23:20,2026-08-07 23:18:20,2026-08-07 23:23:23,55,55.1,17.325,dongdaegu,1,1,True,target_available_at_arrival,available_count>0 at panel tick nearest as_of+tmap_eta,tmap_routes
EP220609,2026-08-08 22:08:41,2026-08-08 22:37:41,2026-08-08 22:38:43,29,28.7,5.033,dongdaegu,2,2,True,target_available_at_arrival,available_count>0 at panel tick nearest as_of+tmap_eta,tmap_routes
HM001574,2026-07-21 13:21:40,2026-07-21 13:39:40,2026-07-21 13:41:49,18,17.6,1.66,dongdaegu,1,1,True,target_available_at_arrival,available_count>0 at panel tick nearest as_of+tmap_eta,tmap_routes
CV001171,2026-07-26 07:27:42,2026-07-26 08:00:42,2026-07-26 08:07:55,33,32.8,8.058,dongdaegu,2,2,True,target_available_at_arrival,available_count>0 at panel tick nearest as_of+tmap_eta,tmap_routes
ME21A140,2026-07-22 11:19:42,2026-07-22 12:12:42,2026-07-22 12:19:49,53,53.0,40.12,dongdaegu,1,1,True,target_available_at_arrival,available_count>0 at panel tick nearest as_of+tmap_eta,tmap_routes
CV000550,2026-07-23 01:27:47,2026-07-23 01:58:47,2026-07-23 02:02:58,31,30.7,9.121,dongdaegu,1,1,True,target_available_at_arrival,available_count>0 at panel tick nearest as_of+tmap_eta,tmap_routes
EV005964,2026-07-29 09:27:57,2026-07-29 10:12:57,2026-07-29 10:18:04,45,44.7,15.164,dongdaegu,2,2,True,target_available_at_arrival,available_count>0 at panel tick nearest as_of+tmap_eta,tmap_routes
CV001969,2026-08-06 20:37:02,2026-08-06 21:07:02,2026-08-06 21:07:07,30,29.9,6.01,dongdaegu,1,1,True,target_available_at_arrival,available_count>0 at panel tick nearest as_of+tmap_eta,tmap_routes
CV003041,2026-07-31 11:42:45,2026-07-31 12:06:45,2026-07-31 12:12:48,24,24.3,7.564,dongdaegu,13,13,True,target_available_at_arrival,available_count>0 at panel tick nearest as_of+tmap_eta,tmap_routes
PIS00546,2026-07-27 20:05:44,2026-07-27 20:33:44,2026-07-27 20:35:51,28,28.2,9.181,dongdaegu,4,4,True,target_available_at_arrival,available_count>0 at panel tick nearest as_of+tmap_eta,tmap_routes
GS000055,2026-08-01 08:29:57,2026-08-01 08:57:57,2026-08-01 09:00:04,28,27.8,8.549,dongdaegu,2,2,True,target_available_at_arrival,available_count>0 at panel tick nearest as_of+tmap_eta,tmap_routes
PI780247,2026-08-08 07:07:27,2026-08-08 07:35:27,2026-08-08 07:37:28,28,28.2,5.907,dongdaegu,1,1,True,target_available_at_arrival,available_count>0 at panel tick nearest as_of+tmap_eta,tmap_routes
KRC10237,2026-07-29 06:27:06,2026-07-29 06:56:06,2026-07-29 06:57:11,29,29.3,9.232,dongdaegu,1,1,True,target_available_at_arrival,available_count>0 at panel tick nearest as_of+tmap_eta,tmap_routes
CV003159,2026-08-06 17:06:41,2026-08-06 17:41:41,2026-08-06 17:46:45,35,34.7,13.603,dongdaegu,1,1,True,target_available_at_arrival,available_count>0 at panel tick nearest as_of+tmap_eta,tmap_routes
CV001973,2026-07-26 11:58:32,2026-07-26 12:06:32,2026-07-26 12:08:33,8,8.0,1.02,dongdaegu,2,2,True,target_available_at_arrival,available_count>0 at panel tick nearest as_of+tmap_eta,tmap_routes
PI540129,2026-08-08 12:47:52,2026-08-08 13:45:52,2026-08-08 13:47:56,58,57.6,25.116,dongdaegu,2,2,True,target_available_at_arrival,available_count>0 at panel tick nearest as_of+tmap_eta,tmap_routes
CV000906,2026-07-24 15:08:16,2026-07-24 15:16:16,2026-07-24 15:18:18,8,7.7,1.201,dongdaegu,1,1,True,target_available_at_arrival,available_count>0 at panel tick nearest as_of+tmap_eta,tmap_routes
CV001779,2026-08-09 00:22:57,2026-08-09 01:18:57,2026-08-09 01:23:01,56,55.6,14.536,dongdaegu,4,4,True,target_available_at_arrival,available_count>0 at panel tick nearest as_of+tmap_eta,tmap_routes
PW015041,2026-08-08 10:27:43,2026-08-08 10:55:43,2026-08-08 10:57:44,28,27.8,5.95,dongdaegu,3,3,True,target_available_at_arrival,available_count>0 at panel tick nearest as_of+tmap_eta,tmap_routes
KP002187,2026-07-29 23:30:24,2026-07-29 23:40:24,2026-07-29 23:40:29,10,9.7,1.643,dongdaegu,1,1,True,target_available_at_arrival,available_count>0 at panel tick nearest as_of+tmap_eta,tmap_routes
EV003741,2026-07-24 09:37:13,2026-07-24 10:07:13,2026-07-24 10:07:16,30,29.6,8.772,dongdaegu,2,2,True,target_available_at_arrival,available_count>0 at panel tick nearest as_of+tmap_eta,tmap_routes
EV005966,2026-07-25 08:06:52,2026-07-25 08:51:52,2026-07-25 08:53:43,45,44.7,15.17,dongdaegu,1,2,True,target_available_at_arrival,available_count>0 at panel tick nearest as_of+tmap_eta,tmap_routes
PC001839,2026-07-25 10:24:09,2026-07-25 10:47:09,2026-07-25 10:54:19,23,23.3,6.246,dongdaegu,1,1,True,target_available_at_arrival,available_count>0 at panel tick nearest as_of+tmap_eta,tmap_routes
PIS00561,2026-08-08 00:17:03,2026-08-08 00:45:03,2026-08-08 00:47:04,28,27.8,9.974,dongdaegu,6,6,True,target_available_at_arrival,available_count>0 at panel tick nearest as_of+tmap_eta,tmap_routes
ST600791,2026-08-08 18:08:22,2026-08-08 18:34:22,2026-08-08 18:38:25,26,26.1,9.245,dongdaegu,3,3,True,target_available_at_arrival,available_count>0 at panel tick nearest as_of+tmap_eta,tmap_routes
BE241251,2026-07-23 09:20:40,2026-07-23 10:05:40,2026-07-23 10:06:04,45,44.8,26.34,dongdaegu,2,1,True,target_available_at_arrival,available_count>0 at panel tick nearest as_of+tmap_eta,tmap_routes
EV014737,2026-08-07 09:11:51,2026-08-07 09:21:51,2026-08-07 09:21:52,10,10.3,1.868,dongdaegu,1,1,True,target_available_at_arrival,available_count>0 at panel tick nearest as_of+tmap_eta,tmap_routes
ME22C253,2026-07-31 17:45:05,2026-07-31 18:19:05,2026-07-31 18:25:12,34,34.5,12.074,dongdaegu,1,2,True,target_available_at_arrival,available_count>0 at panel tick nearest as_of+tmap_eta,tmap_routes
ME19C143,2026-08-08 15:48:05,2026-08-08 16:43:05,2026-08-08 16:48:13,55,54.7,26.56,dongdaegu,1,1,True,target_available_at_arrival,available_count>0 at panel tick nearest as_of+tmap_eta,tmap_routes
EV008882,2026-08-03 00:09:34,2026-08-03 00:39:34,2026-08-03 00:41:56,30,30.1,10.5,dongdaegu,1,1,True,target_available_at_arrival,available_count>0 at panel tick nearest as_of+tmap_eta,tmap_routes
CV000039,2026-07-30 03:13:15,2026-07-30 03:30:15,2026-07-30 03:33:21,17,17.4,3.346,dongdaegu,2,2,True,target_available_at_arrival,available_count>0 at panel tick nearest as_of+tmap_eta,tmap_routes
SF002922,2026-07-26 02:07:00,2026-07-26 02:23:00,2026-07-26 02:27:02,16,15.8,2.058,dongdaegu,1,1,True,target_available_at_arrival,available_count>0 at panel tick nearest as_of+tmap_eta,tmap_routes
SF002795,2026-07-23 01:12:44,2026-07-23 01:26:44,2026-07-23 01:27:47,14,14.1,4.044,dongdaegu,1,1,True,target_available_at_arrival,available_count>0 at panel tick nearest as_of+tmap_eta,tmap_routes
PW014386,2026-08-01 02:29:10,2026-08-01 03:05:10,2026-08-01 03:09:14,36,36.5,13.227,dongdaegu,3,3,True,target_available_at_arrival,available_count>0 at panel tick nearest as_of+tmap_eta,tmap_routes
PC000206,2026-07-31 20:55:45,2026-07-31 21:32:45,2026-07-31 21:35:56,37,37.4,11.796,dongdaegu,1,1,True,target_available_at_arrival,available_count>0 at panel tick nearest as_of+tmap_eta,tmap_routes
EV012414,2026-08-07 07:01:35,2026-08-07 07:31:35,2026-08-07 07:31:38,30,29.9,6.418,dongdaegu,2,2,True,target_available_at_arrival,available_count>0 at panel tick nearest as_of+tmap_eta,tmap_routes
NT000053,2026-08-03 07:32:15,2026-08-03 08:07:15,2026-08-03 08:12:19,35,35.0,11.924,dongdaegu,2,2,True,target_available_at_arrival,available_count>0 at panel tick nearest as_of+tmap_eta,tmap_routes
PIH01276,2026-07-27 13:34:22,2026-07-27 13:49:22,2026-07-27 13:54:27,15,15.4,3.464,dongdaegu,10,10,True,target_available_at_arrival,available_count>0 at panel tick nearest as_of+tmap_eta,tmap_routes
CV001555,2026-07-27 06:22:56,2026-07-27 07:12:56,2026-07-27 07:13:06,50,49.7,14.36,dongdaegu,4,3,True,target_available_at_arrival,available_count>0 at panel tick nearest as_of+tmap_eta,tmap_routes
KE000244,2026-07-20 16:05:46,2026-07-20 16:32:46,2026-07-20 16:35:52,27,26.6,7.893,dongdaegu,1,1,True,target_available_at_arrival,available_count>0 at panel tick nearest as_of+tmap_eta,tmap_routes
CV003484,2026-08-04 02:36:50,2026-08-04 03:22:50,2026-08-04 03:26:52,46,46.3,10.238,dongdaegu,1,1,True,target_available_at_arrival,available_count>0 at panel tick nearest as_of+tmap_eta,tmap_routes
CV000891,2026-07-25 20:04:27,2026-07-25 21:03:27,2026-07-25 21:04:35,59,58.9,26.194,dongdaegu,2,2,True,target_available_at_arrival,available_count>0 at panel tick nearest as_of+tmap_eta,tmap_routes
HW000553,2026-08-02 17:58:50,2026-08-02 18:14:50,2026-08-02 18:18:53,16,16.5,3.974,dongdaegu,1,1,True,target_available_at_arrival,available_count>0 at panel tick nearest as_of+tmap_eta,tmap_routes
DC530008,2026-07-18 14:20:41,2026-07-18 15:03:41,2026-07-18 15:05:43,43,42.8,8.536,dongdaegu,1,1,True,target_available_at_arrival,available_count>0 at panel tick nearest as_of+tmap_eta,tmap_routes
CV003185,2026-07-23 11:57:14,2026-07-23 12:27:14,2026-07-23 12:27:28,30,30.1,9.788,dongdaegu,4,5,True,target_available_at_arrival,available_count>0 at panel tick nearest as_of+tmap_eta,tmap_routes
PI740250,2026-08-01 01:59:08,2026-08-01 02:23:08,2026-08-01 02:29:10,24,23.5,5.437,dongdaegu,1,1,True,target_available_at_arrival,available_count>0 at panel tick nearest as_of+tmap_eta,tmap_routes
CV004699,2026-08-09 04:13:10,2026-08-09 04:29:10,2026-08-09 04:33:10,16,15.8,4.103,dongdaegu,5,5,True,target_available_at_arrival,available_count>0 at panel tick nearest as_of+tmap_eta,tmap_routes
CV000558,2026-08-07 14:42:17,2026-08-07 14:49:17,2026-08-07 14:52:18,7,7.2,1.25,dongdaegu,1,1,True,target_available_at_arrival,available_count>0 at panel tick nearest as_of+tmap_eta,tmap_routes
CV002087,2026-08-01 21:42:47,2026-08-01 21:56:47,2026-08-01 22:02:50,14,14.4,1.77,dongdaegu,2,2,True,target_available_at_arrival,available_count>0 at panel tick nearest as_of+tmap_eta,tmap_routes
CV001580,2026-07-28 14:11:15,2026-07-28 14:31:15,2026-07-28 14:31:34,20,19.6,3.217,dongdaegu,2,2,True,target_available_at_arrival,available_count>0 at panel tick nearest as_of+tmap_eta,tmap_routes
CV003116,2026-08-02 23:59:33,2026-08-03 00:21:33,2026-08-03 00:21:55,22,22.2,6.688,dongdaegu,1,1,True,target_available_at_arrival,available_count>0 at panel tick nearest as_of+tmap_eta,tmap_routes
CV003570,2026-07-24 10:47:26,2026-07-24 11:04:26,2026-07-24 11:07:28,17,17.3,2.175,dongdaegu,1,1,True,target_available_at_arrival,available_count>0 at panel tick nearest as_of+tmap_eta,tmap_routes
CV003159,2026-07-26 07:37:45,2026-07-26 08:12:45,2026-07-26 08:17:56,35,34.7,13.603,dongdaegu,1,1,True,target_available_at_arrival,available_count>0 at panel tick nearest as_of+tmap_eta,tmap_routes
CV000908,2026-08-07 23:53:25,2026-08-08 00:15:25,2026-08-08 00:17:03,22,21.7,6.858,dongdaegu,1,1,True,target_available_at_arrival,available_count>0 at panel tick nearest as_of+tmap_eta,tmap_routes
CV003103,2026-07-24 05:38:20,2026-07-24 06:18:20,2026-07-24 06:18:37,40,39.7,8.056,dongdaegu,1,1,True,target_available_at_arrival,available_count>0 at panel tick nearest as_of+tmap_eta,tmap_routes
CV003535,2026-08-01 15:01:30,2026-08-01 15:21:30,2026-08-01 15:21:33,20,20.0,3.631,dongdaegu,4,4,True,target_available_at_arrival,available_count>0 at panel tick nearest as_of+tmap_eta,tmap_routes
CV003132,2026-07-31 04:01:17,2026-07-31 04:34:17,2026-07-31 04:41:20,33,32.7,11.251,dongdaegu,1,1,True,target_available_at_arrival,available_count>0 at panel tick nearest as_of+tmap_eta,tmap_routes
CV001221,2026-07-28 02:28:31,2026-07-28 02:46:31,2026-07-28 02:48:33,18,17.6,3.387,dongdaegu,10,10,True,target_available_at_arrival,available_count>0 at panel tick nearest as_of+tmap_eta,tmap_routes
PI740289,2026-07-28 22:43:41,2026-07-28 23:01:41,2026-07-28 23:03:44,18,18.3,2.75,dongdaegu,1,1,True,target_available_at_arrival,available_count>0 at panel tick nearest as_of+tmap_eta,tmap_routes
PI700651,2026-07-26 09:48:10,2026-07-26 10:05:10,2026-07-26 10:08:12,17,17.4,3.421,dongdaegu,2,2,True,target_available_at_arrival,available_count>0 at panel tick nearest as_of+tmap_eta,tmap_routes
KP004800,2026-07-28 18:02:41,2026-07-28 18:57:41,2026-07-28 19:03:03,55,55.3,24.797,dongdaegu,1,1,True,target_available_at_arrival,available_count>0 at panel tick nearest as_of+tmap_eta,tmap_routes
EV006228,2026-08-03 08:22:20,2026-08-03 09:00:20,2026-08-03 09:02:24,38,37.6,13.391,dongdaegu,2,2,True,target_available_at_arrival,available_count>0 at panel tick nearest as_of+tmap_eta,tmap_routes
CV002516,2026-07-29 19:09:38,2026-07-29 20:09:38,2026-07-29 20:09:52,60,59.5,26.011,dongdaegu,2,2,True,target_available_at_arrival,available_count>0 at panel tick nearest as_of+tmap_eta,tmap_routes
ME18C172,2026-08-08 22:18:42,2026-08-08 22:37:42,2026-08-08 22:38:43,19,18.7,3.773,dongdaegu,1,1,True,target_available_at_arrival,available_count>0 at panel tick nearest as_of+tmap_eta,tmap_routes
CV002048,2026-07-29 23:00:20,2026-07-29 23:38:20,2026-07-29 23:40:29,38,37.7,10.255,dongdaegu,3,3,True,target_available_at_arrival,available_count>0 at panel tick nearest as_of+tmap_eta,tmap_routes
ME20C185,2026-08-01 15:01:30,2026-08-01 15:36:30,2026-08-01 15:41:35,35,34.6,12.087,dongdaegu,1,1,True,target_available_at_arrival,available_count>0 at panel tick nearest as_of+tmap_eta,tmap_routes
EC270008,2026-07-27 21:26:06,2026-07-27 22:21:06,2026-07-27 22:26:13,55,55.4,17.317,dongdaegu,4,4,True,target_available_at_arrival,available_count>0 at panel tick nearest as_of+tmap_eta,tmap_routes
CV003461,2026-07-27 00:12:15,2026-07-27 00:41:15,2026-07-27 00:42:18,29,28.9,8.566,dongdaegu,1,1,True,target_available_at_arrival,available_count>0 at panel tick nearest as_of+tmap_eta,tmap_routes
ME183144,2026-07-22 11:29:43,2026-07-22 12:25:43,2026-07-22 12:29:50,56,56.2,27.909,dongdaegu,3,3,True,target_available_at_arrival,available_count>0 at panel tick nearest as_of+tmap_eta,tmap_routes
PW000224,2026-08-08 17:38:18,2026-08-08 18:18:18,2026-08-08 18:18:22,40,40.0,9.145,dongdaegu,2,2,True,target_available_at_arrival,available_count>0 at panel tick nearest as_of+tmap_eta,tmap_routes
PI700664,2026-08-05 02:21:03,2026-08-05 02:38:03,2026-08-05 02:41:03,17,16.7,2.747,dongdaegu,1,1,True,target_available_at_arrival,available_count>0 at panel tick nearest as_of+tmap_eta,tmap_routes
CV001590,2026-08-04 08:17:06,2026-08-04 08:56:06,2026-08-04 08:57:08,39,39.0,13.429,dongdaegu,4,4,True,target_available_at_arrival,available_count>0 at panel tick nearest as_of+tmap_eta,tmap_routes
PI645107,2026-08-01 18:12:11,2026-08-01 18:49:11,2026-08-01 18:52:17,37,37.4,12.227,dongdaegu,3,3,True,target_available_at_arrival,available_count>0 at panel tick nearest as_of+tmap_eta,tmap_routes
KP010627,2026-08-08 03:57:17,2026-08-08 04:15:17,2026-08-08 04:17:18,18,17.9,3.676,dongdaegu,2,2,True,target_available_at_arrival,available_count>0 at panel tick nearest as_of+tmap_eta,tmap_routes
KP000237,2026-07-31 13:43:01,2026-07-31 14:07:01,2026-07-31 14:13:05,24,24.5,3.358,dongdaegu,3,3,True,target_available_at_arrival,available_count>0 at panel tick nearest as_of+tmap_eta,tmap_routes
KE001011,2026-07-24 01:01:39,2026-07-24 01:31:39,2026-07-24 01:31:49,30,29.5,5.032,dongdaegu,1,1,True,target_available_at_arrival,available_count>0 at panel tick nearest as_of+tmap_eta,tmap_routes
CV003569,2026-07-24 04:58:11,2026-07-24 05:20:11,2026-07-24 05:23:17,22,22.3,3.794,dongdaegu,1,1,True,target_available_at_arrival,available_count>0 at panel tick nearest as_of+tmap_eta,tmap_routes
NH270001,2026-07-23 07:59:39,2026-07-23 08:52:39,2026-07-23 08:55:20,53,52.7,39.287,dongdaegu,2,2,True,target_available_at_arrival,available_count>0 at panel tick nearest as_of+tmap_eta,tmap_routes
IN053074,2026-08-02 17:48:49,2026-08-02 18:08:49,2026-08-02 18:08:52,20,20.2,3.77,dongdaegu,15,15,True,target_available_at_arrival,available_count>0 at panel tick nearest as_of+tmap_eta,tmap_routes
PI740412,2026-07-23 06:19:01,2026-07-23 06:40:01,2026-07-23 06:44:14,21,21.1,5.364,dongdaegu,1,1,True,target_available_at_arrival,available_count>0 at panel tick nearest as_of+tmap_eta,tmap_routes
KE000375,2026-08-02 22:09:26,2026-08-02 22:38:26,2026-08-02 22:39:28,29,29.2,9.751,dongdaegu,2,2,True,target_available_at_arrival,available_count>0 at panel tick nearest as_of+tmap_eta,tmap_routes
CV001894,2026-07-26 08:07:55,2026-07-26 08:24:55,2026-07-26 08:27:57,17,16.7,3.567,dongdaegu,1,1,True,target_available_at_arrival,available_count>0 at panel tick nearest as_of+tmap_eta,tmap_routes
SF003065,2026-08-01 00:49:02,2026-08-01 01:05:02,2026-08-01 01:09:03,16,15.7,3.983,dongdaegu,1,1,True,target_available_at_arrival,available_count>0 at panel tick nearest as_of+tmap_eta,tmap_routes
CV000667,2026-07-31 07:12:00,2026-07-31 07:57:00,2026-07-31 08:02:10,45,45.4,18.244,dongdaegu,1,1,True,target_available_at_arrival,available_count>0 at panel tick nearest as_of+tmap_eta,tmap_routes
HW000648,2026-07-26 04:47:20,2026-07-26 05:15:20,2026-07-26 05:17:23,28,27.5,9.134,dongdaegu,1,1,True,target_available_at_arrival,available_count>0 at panel tick nearest as_of+tmap_eta,tmap_routes
CV001601,2026-07-26 04:47:20,2026-07-26 05:25:20,2026-07-26 05:27:25,38,38.1,7.168,dongdaegu,2,0,False,target_available_at_arrival,available_count>0 at panel tick nearest as_of+tmap_eta,tmap_routes
SF003065,2026-08-06 05:25:53,2026-08-06 05:41:53,2026-08-06 05:45:53,16,15.7,3.983,dongdaegu,3,3,True,target_available_at_arrival,available_count>0 at panel tick nearest as_of+tmap_eta,tmap_routes
PI530304,2026-07-24 15:18:18,2026-07-24 15:24:18,2026-07-24 15:28:19,6,6.5,0.55,dongdaegu,1,1,True,target_available_at_arrival,available_count>0 at panel tick nearest as_of+tmap_eta,tmap_routes
CV001545,2026-07-25 17:24:03,2026-07-25 18:12:03,2026-07-25 18:14:10,48,48.1,22.949,dongdaegu,1,1,True,target_available_at_arrival,available_count>0 at panel tick nearest as_of+tmap_eta,tmap_routes
CV003573,2026-08-09 02:03:03,2026-08-09 02:20:03,2026-08-09 02:23:05,17,17.1,2.711,dongdaegu,3,3,True,target_available_at_arrival,available_count>0 at panel tick nearest as_of+tmap_eta,tmap_routes
TS271402,2026-08-06 08:36:05,2026-08-06 08:49:05,2026-08-06 08:56:08,13,12.8,1.473,dongdaegu,1,1,True,target_available_at_arrival,available_count>0 at panel tick nearest as_of+tmap_eta,tmap_routes
PIS00549,2026-08-05 09:51:25,2026-08-05 10:26:25,2026-08-05 10:31:33,35,34.7,10.454,dongdaegu,1,1,True,target_available_at_arrival,available_count>0 at panel tick nearest as_of+tmap_eta,tmap_routes
ME18C263,2026-08-05 22:32:29,2026-08-05 23:26:29,2026-08-05 23:32:31,54,54.1,25.684,dongdaegu,2,2,True,target_available_at_arrival,available_count>0 at panel tick nearest as_of+tmap_eta,tmap_routes
EV003933,2026-07-23 11:21:55,2026-07-23 11:53:55,2026-07-23 11:57:14,32,32.1,10.82,dongdaegu,1,1,True,target_available_at_arrival,available_count>0 at panel tick nearest as_of+tmap_eta,tmap_routes
