collected_at,occ_mean,occ_median,lots,만차(점유 90%초과),보통(점유 70%미만),여유(점유 50%미만),혼잡(점유 90%미만)
2026-07-23 15:26:52,58.71819047619047,60.69,106,20.952380952380953,20.952380952380953,40.0,18.095238095238095
2026-07-24 14:13:22,59.522571428571425,62.96,106,24.761904761904763,18.095238095238095,40.95238095238095,16.19047619047619
2026-07-24 14:14:29,59.51361904761905,62.96,106,24.761904761904763,18.095238095238095,40.95238095238095,16.19047619047619
2026-07-24 14:17:53,59.75866666666666,62.96,106,23.809523809523807,18.095238095238095,40.0,18.095238095238095
2026-07-24 14:20:02,59.800761904761906,62.33,106,23.809523809523807,18.095238095238095,40.0,18.095238095238095
2026-07-24 14:30:03,59.77209523809523,62.96,106,23.809523809523807,19.047619047619047,39.04761904761905,18.095238095238095
2026-07-24 14:38:01,59.59628571428571,62.72,106,23.809523809523807,20.952380952380953,39.04761904761905,16.19047619047619
2026-07-24 14:40:12,59.66628571428571,62.76,106,23.809523809523807,20.0,39.04761904761905,17.142857142857142
2026-07-24 14:50:03,59.379428571428576,62.44,106,23.809523809523807,19.047619047619047,40.0,17.142857142857142
2026-07-24 15:00:03,59.11952380952381,61.52,106,21.904761904761905,20.0,39.04761904761905,19.047619047619047
2026-07-24 15:10:02,58.99304761904762,61.7,106,22.857142857142858,20.952380952380953,38.095238095238095,18.095238095238095
2026-07-24 15:20:02,59.20847619047619,62.96,106,22.857142857142858,20.0,39.04761904761905,18.095238095238095
2026-07-24 15:30:11,58.78885714285714,62.37,106,21.904761904761905,18.095238095238095,40.0,20.0
2026-07-24 15:40:03,58.57923809523809,62.5,106,20.952380952380953,15.238095238095239,41.904761904761905,21.904761904761905
2026-07-24 15:50:02,58.442190476190476,61.7,106,20.952380952380953,16.19047619047619,42.857142857142854,20.0
2026-07-24 16:00:03,58.14990476190476,62.5,106,22.857142857142858,15.238095238095239,41.904761904761905,20.0
2026-07-24 16:10:12,57.50857142857142,60.42,106,20.952380952380953,14.285714285714285,43.80952380952381,20.952380952380953
2026-07-24 16:20:02,56.84142857142857,60.69,106,17.142857142857142,13.333333333333334,43.80952380952381,25.71428571428571
2026-07-24 16:30:12,56.318285714285715,61.33,106,20.0,17.142857142857142,43.80952380952381,19.047619047619047
2026-07-24 16:40:03,56.28295238095238,59.81,106,20.0,13.333333333333334,45.714285714285715,20.952380952380953
2026-07-24 16:50:02,55.82485714285714,56.33,106,19.047619047619047,17.142857142857142,43.80952380952381,20.0
2026-07-24 17:00:11,55.11409523809523,55.72,106,17.142857142857142,16.19047619047619,45.714285714285715,20.952380952380953
2026-07-24 17:10:02,54.093428571428575,55.56,106,14.285714285714285,13.333333333333334,47.61904761904761,24.761904761904763
2026-07-24 17:20:02,53.15819047619047,50.7,106,15.238095238095239,13.333333333333334,49.523809523809526,21.904761904761905
2026-07-24 17:30:12,53.14552380952381,50.0,106,13.333333333333334,11.428571428571429,50.476190476190474,24.761904761904763
2026-07-24 17:40:02,52.63838095238095,51.43,106,13.333333333333334,14.285714285714285,48.57142857142857,23.809523809523807
2026-07-24 17:50:21,52.05952380952381,48.98,106,14.285714285714285,12.380952380952381,50.476190476190474,22.857142857142858
2026-07-24 18:00:11,50.98047619047619,47.17,106,12.380952380952381,14.285714285714285,50.476190476190474,22.857142857142858
2026-07-24 18:10:02,48.54742857142857,45.0,106,12.380952380952381,19.047619047619047,53.333333333333336,15.238095238095239
2026-07-24 18:20:02,46.95352380952381,44.9,106,10.576923076923077,21.153846153846153,53.84615384615385,14.423076923076922
2026-07-24 18:30:02,46.912190476190474,44.78,106,11.538461538461538,19.230769230769234,56.730769230769226,12.5
2026-07-24 18:40:12,47.030857142857144,44.9,106,14.423076923076922,17.307692307692307,57.692307692307686,10.576923076923077
2026-07-24 18:50:12,47.976571428571425,44.71,106,14.423076923076922,13.461538461538462,57.692307692307686,14.423076923076922
2026-07-24 19:00:02,47.73314285714286,44.44,106,15.384615384615385,11.538461538461538,58.65384615384615,14.423076923076922
2026-07-24 19:10:02,47.962095238095245,45.65,106,18.269230769230766,11.538461538461538,59.61538461538461,10.576923076923077
2026-07-24 19:20:11,48.528190476190474,44.44,106,20.192307692307693,7.6923076923076925,59.61538461538461,12.5
2026-07-24 19:30:03,48.43266666666667,44.44,106,18.269230769230766,7.6923076923076925,59.61538461538461,14.423076923076922
2026-07-24 19:40:02,48.31666666666667,43.84,106,18.269230769230766,9.615384615384617,56.730769230769226,15.384615384615385
2026-07-24 19:50:11,48.13466666666667,43.61,106,17.307692307692307,12.5,55.769230769230774,14.423076923076922
2026-07-24 20:00:02,48.09847619047619,41.75,106,17.307692307692307,12.5,55.769230769230774,14.423076923076922
2026-07-24 20:10:02,47.44057142857143,40.58,106,15.384615384615385,10.576923076923077,56.730769230769226,17.307692307692307
2026-07-24 20:20:02,46.99838095238095,39.16,106,16.346153846153847,8.653846153846153,58.65384615384615,16.346153846153847
2026-07-24 20:30:03,46.22514285714286,38.55,106,13.461538461538462,9.615384615384617,59.61538461538461,17.307692307692307
2026-07-24 20:40:12,46.07190476190476,38.25,106,12.5,9.615384615384617,59.61538461538461,18.269230769230766
2026-07-24 20:50:02,45.30952380952381,37.07,106,12.5,8.653846153846153,59.61538461538461,19.230769230769234
2026-07-24 21:00:10,44.800666666666665,37.07,106,12.5,12.5,60.57692307692307,14.423076923076922
2026-07-24 21:10:12,43.562571428571424,35.23,106,8.653846153846153,11.538461538461538,60.57692307692307,19.230769230769234
2026-07-24 21:20:02,43.241523809523805,34.18,106,9.615384615384617,11.538461538461538,61.53846153846154,17.307692307692307
2026-07-24 21:30:03,42.641047619047626,33.97,106,9.615384615384617,11.538461538461538,61.53846153846154,17.307692307692307
2026-07-24 21:40:11,42.129619047619045,33.86,106,9.70873786407767,13.592233009708737,61.165048543689316,15.53398058252427
2026-07-24 21:50:02,41.46980952380952,33.33,106,8.737864077669903,13.592233009708737,62.13592233009708,15.53398058252427
2026-07-24 22:00:02,40.987809523809524,32.84,106,8.653846153846153,13.461538461538462,62.5,15.384615384615385
2026-07-24 22:10:03,40.11857142857143,32.84,106,7.766990291262135,14.563106796116504,64.07766990291263,13.592233009708737
2026-07-24 22:20:02,39.49133333333334,30.99,106,7.766990291262135,12.62135922330097,65.0485436893204,14.563106796116504
2026-07-24 22:30:03,38.827238095238094,30.77,106,7.766990291262135,10.679611650485436,66.99029126213593,14.563106796116504
2026-07-24 22:40:02,38.092,30.77,106,6.796116504854369,13.592233009708737,67.96116504854369,11.650485436893204
2026-07-24 22:50:02,37.633047619047616,29.73,106,5.825242718446602,15.53398058252427,66.99029126213593,11.650485436893204
2026-07-24 23:00:10,37.03371428571428,30.0,106,3.8461538461538463,13.461538461538462,68.26923076923077,14.423076923076922
2026-07-24 23:10:02,36.49580952380953,30.95,106,4.807692307692308,17.307692307692307,68.26923076923077,9.615384615384617
2026-07-24 23:20:03,35.49152380952381,29.33,106,3.8461538461538463,15.384615384615385,71.15384615384616,9.615384615384617
2026-07-24 23:30:11,34.9087619047619,29.33,106,4.807692307692308,13.461538461538462,73.07692307692307,8.653846153846153
2026-07-24 23:40:02,34.42219047619047,28.99,106,3.8461538461538463,12.5,74.03846153846155,9.615384615384617
2026-07-24 23:50:02,34.24066666666667,28.99,106,3.8461538461538463,13.461538461538462,74.03846153846155,8.653846153846153
2026-07-25 00:00:10,33.721714285714285,28.65,106,3.8461538461538463,11.538461538461538,76.92307692307693,7.6923076923076925
2026-07-25 00:10:02,33.07438095238095,27.08,106,3.8461538461538463,11.538461538461538,76.92307692307693,7.6923076923076925
2026-07-25 00:20:10,32.57961904761905,27.08,106,3.8461538461538463,8.653846153846153,80.76923076923077,6.730769230769231
2026-07-25 00:30:03,32.421238095238095,27.08,106,3.8461538461538463,8.653846153846153,80.76923076923077,6.730769230769231
2026-07-25 00:40:12,32.09095238095238,27.08,106,3.8461538461538463,8.653846153846153,80.76923076923077,6.730769230769231
2026-07-25 00:50:02,31.758285714285712,26.32,106,3.8461538461538463,8.653846153846153,81.73076923076923,5.769230769230769
2026-07-25 01:00:03,31.616952380952384,26.32,106,3.8461538461538463,8.653846153846153,80.76923076923077,6.730769230769231
2026-07-25 01:10:02,31.29561904761905,25.37,106,3.8461538461538463,9.615384615384617,80.76923076923077,5.769230769230769
2026-07-25 01:20:10,30.972380952380952,25.37,106,3.8461538461538463,10.576923076923077,80.76923076923077,4.807692307692308
2026-07-25 01:30:02,30.769333333333336,25.37,106,3.8461538461538463,9.615384615384617,81.73076923076923,4.807692307692308
2026-07-25 01:40:02,30.633142857142857,25.37,106,3.8461538461538463,8.653846153846153,82.6923076923077,4.807692307692308
2026-07-25 01:50:02,30.409047619047616,25.0,106,3.8461538461538463,8.653846153846153,82.6923076923077,4.807692307692308
2026-07-25 02:00:03,30.16247619047619,23.75,106,3.8461538461538463,8.653846153846153,82.6923076923077,4.807692307692308
2026-07-25 02:10:02,30.05,23.63,106,3.8461538461538463,8.653846153846153,82.6923076923077,4.807692307692308
2026-07-25 02:20:01,29.930285714285713,23.08,106,3.8461538461538463,8.653846153846153,82.6923076923077,4.807692307692308
2026-07-25 02:30:02,29.785047619047617,21.62,106,3.8461538461538463,8.653846153846153,82.6923076923077,4.807692307692308
2026-07-25 02:40:03,29.650190476190478,21.62,106,3.8461538461538463,7.6923076923076925,83.65384615384616,4.807692307692308
2026-07-25 02:50:02,29.51085714285714,21.49,106,3.8461538461538463,7.6923076923076925,83.65384615384616,4.807692307692308
2026-07-25 03:00:12,29.487619047619045,21.31,106,3.8461538461538463,7.6923076923076925,83.65384615384616,4.807692307692308
2026-07-25 03:10:02,29.46742857142857,21.31,106,3.8461538461538463,8.653846153846153,82.6923076923077,4.807692307692308
2026-07-25 03:20:02,29.362761904761907,21.08,106,3.8461538461538463,10.576923076923077,81.73076923076923,3.8461538461538463
2026-07-25 03:30:02,29.19838095238095,21.08,106,3.8461538461538463,9.615384615384617,82.6923076923077,3.8461538461538463
2026-07-25 03:40:12,29.142952380952384,20.59,106,3.8461538461538463,10.576923076923077,81.73076923076923,3.8461538461538463
2026-07-25 03:50:02,29.145619047619046,21.08,106,4.807692307692308,9.615384615384617,81.73076923076923,3.8461538461538463
2026-07-25 04:00:03,29.211142857142857,21.05,106,4.807692307692308,8.653846153846153,82.6923076923077,3.8461538461538463
2026-07-25 04:10:12,29.23647619047619,21.08,106,4.807692307692308,8.653846153846153,82.6923076923077,3.8461538461538463
2026-07-25 04:20:10,29.10752380952381,20.97,106,4.807692307692308,7.6923076923076925,83.65384615384616,3.8461538461538463
2026-07-25 04:30:03,29.24809523809524,20.97,106,4.807692307692308,7.6923076923076925,83.65384615384616,3.8461538461538463
2026-07-25 04:40:12,29.314380952380954,21.08,106,4.807692307692308,7.6923076923076925,83.65384615384616,3.8461538461538463
2026-07-25 04:50:02,29.336380952380953,21.08,106,4.807692307692308,8.653846153846153,82.6923076923077,3.8461538461538463
2026-07-25 05:00:02,29.35752380952381,21.08,106,4.807692307692308,9.615384615384617,81.73076923076923,3.8461538461538463
2026-07-25 05:10:02,29.47533333333333,21.08,106,4.807692307692308,9.615384615384617,81.73076923076923,3.8461538461538463
2026-07-25 05:20:02,29.594761904761903,21.08,106,4.807692307692308,9.615384615384617,81.73076923076923,3.8461538461538463
2026-07-25 05:30:03,29.67209523809524,21.24,106,4.807692307692308,9.615384615384617,81.73076923076923,3.8461538461538463
2026-07-25 05:40:02,29.845333333333336,21.39,106,4.807692307692308,9.615384615384617,81.73076923076923,3.8461538461538463
2026-07-25 05:50:12,30.002857142857145,21.24,106,4.807692307692308,9.615384615384617,81.73076923076923,3.8461538461538463
2026-07-25 06:00:03,30.312666666666665,22.03,106,4.807692307692308,10.576923076923077,80.76923076923077,3.8461538461538463
2026-07-25 06:10:02,30.869238095238096,22.88,106,4.807692307692308,13.461538461538462,77.88461538461539,3.8461538461538463
2026-07-25 06:20:11,31.216571428571427,23.63,106,4.807692307692308,11.538461538461538,78.84615384615384,4.807692307692308
2026-07-25 06:30:03,31.852285714285713,23.63,106,4.807692307692308,11.538461538461538,77.88461538461539,5.769230769230769
2026-07-25 06:40:02,32.286952380952386,24.62,106,4.807692307692308,11.538461538461538,76.92307692307693,6.730769230769231
2026-07-25 06:50:01,32.57704761904762,25.0,106,4.807692307692308,10.576923076923077,77.88461538461539,6.730769230769231
2026-07-25 07:00:02,33.168,25.0,106,5.714285714285714,10.476190476190476,76.19047619047619,7.6190476190476195
2026-07-25 07:10:02,33.33619047619048,25.0,106,5.714285714285714,11.428571428571429,76.19047619047619,6.666666666666667
2026-07-25 07:20:02,33.695904761904764,25.0,106,5.714285714285714,11.428571428571429,76.19047619047619,6.666666666666667
2026-07-25 07:30:02,34.10771428571429,26.04,106,5.714285714285714,13.333333333333334,74.28571428571429,6.666666666666667
2026-07-25 07:40:02,34.478476190476194,26.04,106,5.714285714285714,15.238095238095239,73.33333333333333,5.714285714285714
2026-07-25 07:50:11,34.636761904761904,25.86,106,5.714285714285714,13.333333333333334,75.23809523809524,5.714285714285714
2026-07-25 08:00:03,34.787333333333336,23.81,106,6.666666666666667,13.333333333333334,72.38095238095238,7.6190476190476195
2026-07-25 08:10:02,35.30485714285714,23.81,106,6.666666666666667,13.333333333333334,72.38095238095238,7.6190476190476195
2026-07-25 08:20:02,35.76457142857143,26.67,106,5.714285714285714,15.238095238095239,71.42857142857143,7.6190476190476195
2026-07-25 08:30:03,36.39904761904762,26.67,106,5.714285714285714,16.19047619047619,69.52380952380952,8.571428571428571
2026-07-25 08:40:02,37.07057142857143,30.78,106,6.666666666666667,15.238095238095239,69.52380952380952,8.571428571428571
2026-07-25 08:50:01,38.407047619047624,31.54,106,6.666666666666667,13.333333333333334,68.57142857142857,11.428571428571429
2026-07-25 09:00:02,39.88990476190476,33.07,106,7.6190476190476195,14.285714285714285,66.66666666666666,11.428571428571429
2026-07-25 09:10:02,41.21152380952381,33.33,106,8.571428571428571,16.19047619047619,63.8095238095238,11.428571428571429
2026-07-25 09:20:11,42.30752380952381,34.05,106,8.571428571428571,17.142857142857142,61.904761904761905,12.380952380952381
2026-07-25 09:30:03,43.65590476190476,35.13,106,10.476190476190476,17.142857142857142,60.0,12.380952380952381
2026-07-25 09:40:02,44.448952380952385,40.0,106,11.428571428571429,18.095238095238095,60.0,10.476190476190476
2026-07-25 09:50:03,45.42714285714286,42.25,106,12.380952380952381,19.047619047619047,58.0952380952381,10.476190476190476
2026-07-25 10:00:02,46.65009523809524,46.67,106,14.285714285714285,19.047619047619047,57.14285714285714,9.523809523809524
2026-07-25 10:10:02,47.048,44.29,106,15.238095238095239,20.952380952380953,54.285714285714285,9.523809523809524
2026-07-25 10:20:02,47.560857142857145,47.31,106,15.238095238095239,26.666666666666668,52.38095238095239,5.714285714285714
2026-07-25 10:30:11,48.22819047619048,48.81,106,14.285714285714285,22.857142857142858,52.38095238095239,10.476190476190476
2026-07-25 10:40:02,49.101333333333336,49.82,106,13.333333333333334,18.095238095238095,52.38095238095239,16.19047619047619
2026-07-25 10:50:10,50.26361904761905,50.69,106,13.333333333333334,21.904761904761905,47.61904761904761,17.142857142857142
2026-07-25 11:00:02,51.11038095238095,53.42,106,14.285714285714285,26.666666666666668,43.80952380952381,15.238095238095239
2026-07-25 11:10:02,51.41085714285715,55.64,106,15.238095238095239,27.61904761904762,41.904761904761905,15.238095238095239
2026-07-25 11:20:11,52.27438095238096,56.55,106,15.238095238095239,26.666666666666668,41.904761904761905,16.19047619047619
2026-07-25 11:30:02,52.544,57.41,106,15.238095238095239,24.761904761904763,42.857142857142854,17.142857142857142
2026-07-25 11:40:12,52.88819047619048,56.55,106,16.19047619047619,22.857142857142858,43.80952380952381,17.142857142857142
2026-07-25 11:50:10,53.353047619047615,58.57,106,17.142857142857142,20.952380952380953,43.80952380952381,18.095238095238095
2026-07-25 12:00:03,53.435428571428574,58.06,106,16.19047619047619,21.904761904761905,42.857142857142854,19.047619047619047
2026-07-25 12:10:12,53.167523809523814,55.71,106,18.095238095238095,22.857142857142858,43.80952380952381,15.238095238095239
2026-07-25 12:20:12,53.45342857142857,56.25,106,18.095238095238095,25.71428571428571,42.857142857142854,13.333333333333334
2026-07-25 12:30:03,53.92819047619048,56.67,106,20.0,19.047619047619047,45.714285714285715,15.238095238095239
2026-07-25 12:40:02,53.42295238095238,55.91,106,20.0,18.095238095238095,47.61904761904761,14.285714285714285
2026-07-25 12:50:02,53.509238095238096,55.38,106,18.095238095238095,17.142857142857142,46.666666666666664,18.095238095238095
2026-07-25 13:00:03,53.16923809523809,55.06,106,18.095238095238095,18.095238095238095,46.666666666666664,17.142857142857142
2026-07-25 13:10:02,52.90571428571429,54.48,106,18.095238095238095,20.0,47.61904761904761,14.285714285714285
2026-07-25 13:20:10,53.16571428571428,53.16,106,16.19047619047619,19.047619047619047,47.61904761904761,17.142857142857142
2026-07-25 13:30:11,53.514761904761905,53.76,106,19.047619047619047,18.095238095238095,46.666666666666664,16.19047619047619
2026-07-25 13:40:03,53.07961904761905,51.43,106,19.047619047619047,15.238095238095239,49.523809523809526,16.19047619047619
2026-07-25 13:50:20,52.983619047619044,51.9,106,20.0,17.142857142857142,48.57142857142857,14.285714285714285
2026-07-25 14:00:02,53.100857142857144,53.1,106,20.0,20.0,46.666666666666664,13.333333333333334
2026-07-25 14:10:12,53.18552380952381,53.85,106,20.0,20.0,47.61904761904761,12.380952380952381
2026-07-25 14:20:02,53.299523809523805,53.42,106,20.952380952380953,15.238095238095239,48.57142857142857,15.238095238095239
2026-07-25 14:30:02,53.06476190476191,50.68,106,20.952380952380953,16.19047619047619,49.523809523809526,13.333333333333334
2026-07-25 14:40:03,52.98466666666667,49.62,106,21.904761904761905,16.19047619047619,51.42857142857142,10.476190476190476
2026-07-25 14:50:12,53.021904761904764,50.38,106,21.904761904761905,19.047619047619047,49.523809523809526,9.523809523809524
2026-07-25 15:00:02,52.81666666666667,50.34,106,21.904761904761905,19.047619047619047,49.523809523809526,9.523809523809524
2026-07-25 15:10:11,52.61971428571428,49.66,106,22.857142857142858,19.047619047619047,50.476190476190474,7.6190476190476195
2026-07-25 15:20:11,52.448571428571434,50.0,106,21.904761904761905,19.047619047619047,50.476190476190474,8.571428571428571
2026-07-25 15:30:03,52.18638095238095,49.66,106,20.0,18.095238095238095,50.476190476190474,11.428571428571429
2026-07-25 15:40:10,52.083619047619045,49.15,106,19.047619047619047,16.19047619047619,53.333333333333336,11.428571428571429
2026-07-25 15:50:02,51.621523809523815,50.0,106,18.095238095238095,19.047619047619047,51.42857142857142,11.428571428571429
2026-07-25 16:00:12,51.08733333333333,47.14,106,18.095238095238095,17.142857142857142,51.42857142857142,13.333333333333334
2026-07-25 16:10:02,50.90152380952381,49.3,106,19.047619047619047,18.095238095238095,51.42857142857142,11.428571428571429
2026-07-25 16:20:02,50.78028571428572,47.89,106,20.952380952380953,17.142857142857142,52.38095238095239,9.523809523809524
2026-07-25 16:30:11,50.56,47.14,106,18.095238095238095,17.142857142857142,52.38095238095239,12.380952380952381
2026-07-25 16:40:10,50.233999999999995,47.89,106,17.142857142857142,17.142857142857142,52.38095238095239,13.333333333333334
2026-07-25 16:50:02,49.844952380952385,47.06,106,14.285714285714285,15.238095238095239,53.333333333333336,17.142857142857142
2026-07-25 17:00:02,50.01857142857143,46.39,106,16.19047619047619,14.285714285714285,53.333333333333336,16.19047619047619
2026-07-25 17:10:10,49.837047619047624,46.58,106,15.238095238095239,15.238095238095239,55.23809523809524,14.285714285714285
2026-07-25 17:20:02,49.45990476190476,46.95,106,15.238095238095239,19.047619047619047,52.38095238095239,13.333333333333334
2026-07-25 17:30:03,49.66961904761905,48.67,106,16.19047619047619,20.0,51.42857142857142,12.380952380952381
2026-07-25 17:40:03,49.906952380952376,49.04,106,16.19047619047619,19.047619047619047,52.38095238095239,12.380952380952381
2026-07-25 17:50:12,50.126,44.44,106,17.142857142857142,15.238095238095239,52.38095238095239,15.238095238095239
2026-07-25 18:00:03,49.962,46.67,106,17.142857142857142,17.142857142857142,52.38095238095239,13.333333333333334
2026-07-25 18:10:02,49.43819047619048,46.15,106,15.238095238095239,20.952380952380953,51.42857142857142,12.380952380952381
2026-07-25 18:20:02,49.27323809523809,46.27,106,16.19047619047619,21.904761904761905,50.476190476190474,11.428571428571429
2026-07-25 18:30:03,49.466857142857144,53.12,106,14.285714285714285,20.0,49.523809523809526,16.19047619047619
2026-07-25 18:40:02,49.62019047619047,47.22,106,18.095238095238095,20.0,50.476190476190474,11.428571428571429
2026-07-25 18:50:02,49.1647619047619,47.22,106,16.19047619047619,19.047619047619047,52.38095238095239,12.380952380952381
2026-07-25 19:00:02,49.80438095238095,47.22,106,15.238095238095239,13.333333333333334,52.38095238095239,19.047619047619047
2026-07-25 19:10:02,49.56190476190476,46.58,106,15.238095238095239,13.333333333333334,52.38095238095239,19.047619047619047
2026-07-25 19:20:02,49.30885714285714,46.15,106,15.238095238095239,11.428571428571429,55.23809523809524,18.095238095238095
2026-07-25 19:30:03,48.89523809523809,46.34,106,14.285714285714285,12.380952380952381,55.23809523809524,18.095238095238095
2026-07-25 19:40:02,48.66333333333333,47.22,106,15.238095238095239,12.380952380952381,55.23809523809524,17.142857142857142
2026-07-25 19:50:02,48.52209523809523,45.83,106,15.238095238095239,12.380952380952381,54.285714285714285,18.095238095238095
2026-07-25 20:00:02,48.32114285714286,45.21,106,15.238095238095239,12.380952380952381,54.285714285714285,18.095238095238095
2026-07-25 20:10:02,48.077714285714286,43.62,106,16.19047619047619,11.428571428571429,56.19047619047619,16.19047619047619
2026-07-25 20:20:02,47.47685714285714,41.47,106,14.285714285714285,12.380952380952381,57.14285714285714,16.19047619047619
2026-07-25 20:30:03,47.002476190476195,38.46,106,15.238095238095239,12.380952380952381,58.0952380952381,14.285714285714285
2026-07-25 20:40:22,46.17590476190477,39.44,106,13.333333333333334,14.285714285714285,59.04761904761905,13.333333333333334
2026-07-25 20:50:02,45.77095238095238,40.25,106,14.285714285714285,15.238095238095239,59.04761904761905,11.428571428571429
2026-07-25 21:00:03,44.97352380952381,34.04,106,13.333333333333334,15.238095238095239,60.0,11.428571428571429
2026-07-25 21:10:02,44.55990476190476,35.21,106,13.333333333333334,15.238095238095239,60.0,11.428571428571429
2026-07-25 21:20:02,44.17123809523809,35.21,106,12.380952380952381,15.238095238095239,60.0,12.380952380952381
2026-07-25 21:30:12,43.783142857142856,33.07,106,12.380952380952381,14.285714285714285,60.952380952380956,12.380952380952381
2026-07-25 21:40:02,43.16304761904762,33.07,106,12.380952380952381,16.19047619047619,60.952380952380956,10.476190476190476
2026-07-25 21:50:11,42.582857142857144,33.86,106,12.380952380952381,16.19047619047619,61.904761904761905,9.523809523809524
2026-07-25 22:00:02,41.870380952380955,32.95,106,12.380952380952381,16.19047619047619,61.904761904761905,9.523809523809524
2026-07-25 22:10:02,40.82152380952381,32.84,106,12.380952380952381,16.19047619047619,64.76190476190476,6.666666666666667
2026-07-25 22:20:02,39.43257142857143,32.28,106,9.523809523809524,15.238095238095239,66.66666666666666,8.571428571428571
2026-07-25 22:30:02,39.15304761904762,31.5,106,9.523809523809524,16.19047619047619,66.66666666666666,7.6190476190476195
2026-07-25 22:40:02,39.17095238095238,30.99,106,10.476190476190476,15.238095238095239,67.61904761904762,6.666666666666667
2026-07-25 22:50:02,38.878095238095234,32.28,106,10.476190476190476,16.19047619047619,67.61904761904762,5.714285714285714
2026-07-25 23:00:02,38.30733333333333,30.99,106,8.571428571428571,17.142857142857142,66.66666666666666,7.6190476190476195
2026-07-25 23:10:02,37.842190476190474,30.99,106,7.6190476190476195,14.285714285714285,69.52380952380952,8.571428571428571
2026-07-25 23:20:02,37.281142857142854,30.99,106,8.571428571428571,13.333333333333334,70.47619047619048,7.6190476190476195
2026-07-25 23:30:11,37.31447619047619,30.99,106,6.666666666666667,13.333333333333334,70.47619047619048,9.523809523809524
2026-07-25 23:40:12,36.67780952380952,29.41,106,6.666666666666667,16.19047619047619,69.52380952380952,7.6190476190476195
2026-07-25 23:50:02,36.239714285714285,29.03,106,6.666666666666667,18.095238095238095,68.57142857142857,6.666666666666667
2026-07-26 00:00:02,35.81552380952381,29.17,106,6.666666666666667,17.142857142857142,69.52380952380952,6.666666666666667
2026-07-26 00:10:02,35.209809523809525,28.93,106,6.666666666666667,17.142857142857142,70.47619047619048,5.714285714285714
2026-07-26 00:20:02,34.82114285714285,28.93,106,6.666666666666667,18.095238095238095,70.47619047619048,4.761904761904762
2026-07-26 00:30:03,34.7332380952381,28.93,106,6.666666666666667,17.142857142857142,71.42857142857143,4.761904761904762
2026-07-26 00:40:02,34.49895238095238,28.12,106,6.666666666666667,15.238095238095239,73.33333333333333,4.761904761904762
2026-07-26 00:50:12,34.3532380952381,28.21,106,6.666666666666667,15.238095238095239,73.33333333333333,4.761904761904762
2026-07-26 01:00:03,34.10552380952381,28.12,106,6.666666666666667,14.285714285714285,74.28571428571429,4.761904761904762
2026-07-26 01:10:12,33.61904761904762,26.81,106,6.666666666666667,12.380952380952381,76.19047619047619,4.761904761904762
2026-07-26 01:20:02,33.352476190476196,26.47,106,6.666666666666667,13.333333333333334,76.19047619047619,3.8095238095238098
2026-07-26 01:30:02,33.225809523809524,26.45,106,6.666666666666667,13.333333333333334,76.19047619047619,3.8095238095238098
2026-07-26 01:40:11,33.185047619047616,26.25,106,6.666666666666667,13.333333333333334,76.19047619047619,3.8095238095238098
2026-07-26 01:50:01,32.89609523809524,26.32,106,6.666666666666667,11.428571428571429,78.0952380952381,3.8095238095238098
2026-07-26 02:00:02,32.68447619047619,26.32,106,6.666666666666667,11.428571428571429,78.0952380952381,3.8095238095238098
2026-07-26 02:10:02,32.544,26.47,106,6.666666666666667,11.428571428571429,78.0952380952381,3.8095238095238098
2026-07-26 02:20:12,32.426857142857145,26.32,106,6.666666666666667,10.476190476190476,79.04761904761905,3.8095238095238098
2026-07-26 02:30:11,32.19009523809524,25.81,106,6.666666666666667,10.476190476190476,79.04761904761905,3.8095238095238098
2026-07-26 02:40:02,32.175714285714285,26.32,106,6.666666666666667,10.476190476190476,79.04761904761905,3.8095238095238098
2026-07-26 02:50:02,32.080190476190474,26.32,106,6.666666666666667,11.428571428571429,79.04761904761905,2.857142857142857
2026-07-26 03:00:11,31.971714285714288,26.32,106,6.666666666666667,11.428571428571429,79.04761904761905,2.857142857142857
2026-07-26 03:10:02,31.724,25.62,106,6.666666666666667,11.428571428571429,79.04761904761905,2.857142857142857
2026-07-26 03:20:02,31.713809523809523,25.62,106,6.666666666666667,11.428571428571429,79.04761904761905,2.857142857142857
2026-07-26 03:30:03,31.577238095238098,25.62,106,6.666666666666667,11.428571428571429,79.04761904761905,2.857142857142857
2026-07-26 03:40:02,31.498571428571427,25.45,106,6.666666666666667,11.428571428571429,79.04761904761905,2.857142857142857
2026-07-26 03:50:11,31.423333333333332,25.45,106,6.666666666666667,10.476190476190476,79.04761904761905,3.8095238095238098
2026-07-26 04:00:02,31.465714285714288,25.45,106,6.666666666666667,10.476190476190476,79.04761904761905,3.8095238095238098
2026-07-26 04:10:02,31.380285714285712,25.45,106,6.666666666666667,10.476190476190476,79.04761904761905,3.8095238095238098
2026-07-26 04:20:11,31.389619047619046,25.45,106,6.666666666666667,10.476190476190476,79.04761904761905,3.8095238095238098
2026-07-26 04:30:03,31.484190476190477,25.45,106,6.666666666666667,10.476190476190476,79.04761904761905,3.8095238095238098
2026-07-26 04:40:02,31.499142857142857,25.45,106,6.666666666666667,11.428571428571429,79.04761904761905,2.857142857142857
2026-07-26 04:50:02,31.549333333333333,25.45,106,6.666666666666667,11.428571428571429,79.04761904761905,2.857142857142857
2026-07-26 05:00:02,31.649428571428572,25.45,106,6.666666666666667,11.428571428571429,79.04761904761905,2.857142857142857
2026-07-26 05:10:02,31.63104761904762,25.45,106,6.666666666666667,11.428571428571429,79.04761904761905,2.857142857142857
2026-07-26 05:20:02,31.698666666666668,25.45,106,6.666666666666667,11.428571428571429,79.04761904761905,2.857142857142857
2026-07-26 05:30:02,31.682095238095236,25.81,106,6.666666666666667,11.428571428571429,79.04761904761905,2.857142857142857
2026-07-26 05:40:02,31.777523809523807,25.81,106,6.666666666666667,11.428571428571429,78.0952380952381,3.8095238095238098
2026-07-26 05:50:02,31.959714285714284,25.81,106,6.666666666666667,12.380952380952381,77.14285714285715,3.8095238095238098
2026-07-26 06:00:10,32.17142857142857,25.81,106,6.666666666666667,12.380952380952381,77.14285714285715,3.8095238095238098
2026-07-26 06:10:02,32.37390476190476,26.47,106,6.666666666666667,12.380952380952381,77.14285714285715,3.8095238095238098
2026-07-26 06:20:01,32.762190476190476,26.47,106,6.666666666666667,13.333333333333334,77.14285714285715,2.857142857142857
2026-07-26 06:30:02,32.902,26.81,106,6.666666666666667,14.285714285714285,76.19047619047619,2.857142857142857
2026-07-26 06:40:02,32.989619047619044,26.81,106,6.666666666666667,12.380952380952381,78.0952380952381,2.857142857142857
2026-07-26 06:50:02,33.48171428571428,28.1,106,6.666666666666667,13.333333333333334,77.14285714285715,2.857142857142857
2026-07-26 07:00:02,33.87619047619047,28.1,106,6.666666666666667,15.238095238095239,75.23809523809524,2.857142857142857
2026-07-26 07:10:13,34.168571428571425,28.12,106,7.6190476190476195,15.238095238095239,74.28571428571429,2.857142857142857
2026-07-26 07:20:02,34.61180952380953,28.12,106,7.6190476190476195,18.095238095238095,71.42857142857143,2.857142857142857
2026-07-26 07:30:03,34.852476190476196,28.93,106,7.6190476190476195,18.095238095238095,71.42857142857143,2.857142857142857
2026-07-26 07:40:02,35.364761904761906,28.93,106,7.6190476190476195,18.095238095238095,70.47619047619048,3.8095238095238098
2026-07-26 07:50:12,35.898476190476195,28.93,106,7.6190476190476195,19.047619047619047,70.47619047619048,2.857142857142857
2026-07-26 08:00:02,36.02428571428572,29.66,106,7.6190476190476195,19.047619047619047,70.47619047619048,2.857142857142857
2026-07-26 08:10:02,36.36714285714286,28.81,106,8.571428571428571,18.095238095238095,70.47619047619048,2.857142857142857
2026-07-26 08:20:02,36.73923809523809,29.03,106,8.571428571428571,18.095238095238095,69.52380952380952,3.8095238095238098
2026-07-26 08:30:11,36.97428571428571,30.3,106,8.571428571428571,20.952380952380953,67.61904761904762,2.857142857142857
2026-07-26 08:40:12,37.629238095238094,30.65,106,7.6190476190476195,18.095238095238095,67.61904761904762,6.666666666666667
2026-07-26 08:50:02,38.51076190476191,31.03,106,10.476190476190476,17.142857142857142,66.66666666666666,5.714285714285714
2026-07-26 09:00:03,38.95647619047619,31.4,106,9.523809523809524,15.238095238095239,67.61904761904762,7.6190476190476195
2026-07-26 09:10:02,39.822,31.47,106,10.476190476190476,16.19047619047619,64.76190476190476,8.571428571428571
2026-07-26 09:20:02,40.63828571428572,32.84,106,11.428571428571429,15.238095238095239,64.76190476190476,8.571428571428571
2026-07-26 09:30:11,41.41247619047619,33.06,106,11.428571428571429,16.19047619047619,63.8095238095238,8.571428571428571
2026-07-26 09:40:01,42.14828571428571,33.9,106,10.476190476190476,14.285714285714285,65.71428571428571,9.523809523809524
2026-07-26 09:50:02,42.674285714285716,35.71,106,10.476190476190476,15.238095238095239,64.76190476190476,9.523809523809524
2026-07-26 10:00:13,43.55342857142857,36.54,106,11.428571428571429,16.19047619047619,60.952380952380956,11.428571428571429
2026-07-26 10:10:02,44.36380952380952,39.83,106,11.428571428571429,16.19047619047619,61.904761904761905,10.476190476190476
2026-07-26 10:20:02,44.968380952380954,39.87,106,12.380952380952381,19.047619047619047,57.14285714285714,11.428571428571429
2026-07-26 10:30:03,45.873714285714286,40.67,106,10.476190476190476,20.952380952380953,56.19047619047619,12.380952380952381
2026-07-26 10:40:02,46.34761904761905,41.07,106,11.428571428571429,19.047619047619047,55.23809523809524,14.285714285714285
2026-07-26 10:50:12,46.751714285714286,42.86,106,11.428571428571429,20.0,55.23809523809524,13.333333333333334
2026-07-26 11:00:02,47.47333333333333,43.56,106,12.380952380952381,12.380952380952381,58.0952380952381,17.142857142857142
2026-07-26 11:10:02,47.933238095238096,43.33,106,12.380952380952381,14.285714285714285,56.19047619047619,17.142857142857142
2026-07-26 11:20:12,47.93609523809524,43.9,106,14.285714285714285,15.238095238095239,54.285714285714285,16.19047619047619
2026-07-26 11:30:03,48.33371428571429,44.67,106,13.333333333333334,16.19047619047619,53.333333333333336,17.142857142857142
2026-07-26 11:40:02,48.67885714285714,44.94,106,14.285714285714285,19.047619047619047,52.38095238095239,14.285714285714285
2026-07-26 11:50:02,49.0407619047619,44.67,106,16.19047619047619,18.095238095238095,52.38095238095239,13.333333333333334
2026-07-26 12:00:02,49.26923809523809,44.0,106,16.19047619047619,18.095238095238095,52.38095238095239,13.333333333333334
2026-07-26 12:10:01,49.56333333333333,44.22,106,18.095238095238095,19.047619047619047,51.42857142857142,11.428571428571429
2026-07-26 12:20:02,49.727809523809526,43.73,106,16.19047619047619,17.142857142857142,51.42857142857142,15.238095238095239
2026-07-26 12:30:01,49.846666666666664,44.05,106,16.19047619047619,18.095238095238095,51.42857142857142,14.285714285714285
2026-07-26 12:40:02,50.61352380952381,46.43,106,17.142857142857142,17.142857142857142,51.42857142857142,14.285714285714285
2026-07-26 12:50:02,50.51009523809524,47.24,106,17.142857142857142,15.238095238095239,51.42857142857142,16.19047619047619
2026-07-26 13:00:02,50.206095238095244,46.67,106,16.19047619047619,16.19047619047619,51.42857142857142,16.19047619047619
2026-07-26 13:10:03,50.28809523809524,46.43,106,17.142857142857142,17.142857142857142,50.476190476190474,15.238095238095239
2026-07-26 13:20:02,50.50857142857142,50.0,106,20.0,16.19047619047619,50.476190476190474,13.333333333333334
2026-07-26 13:30:03,50.59685714285715,50.0,106,19.047619047619047,16.19047619047619,50.476190476190474,14.285714285714285
2026-07-26 13:40:11,50.580190476190474,48.21,106,20.952380952380953,17.142857142857142,50.476190476190474,11.428571428571429
2026-07-26 13:50:01,50.48095238095238,48.21,106,20.0,15.238095238095239,51.42857142857142,13.333333333333334
2026-07-26 14:00:12,50.600952380952386,47.89,106,19.047619047619047,13.333333333333334,52.38095238095239,15.238095238095239
2026-07-26 14:10:02,51.09990476190476,50.0,106,20.0,13.333333333333334,51.42857142857142,15.238095238095239
2026-07-26 14:20:02,51.49838095238095,49.75,106,21.904761904761905,14.285714285714285,50.476190476190474,13.333333333333334
2026-07-26 14:30:02,51.07780952380953,49.32,106,20.0,12.380952380952381,52.38095238095239,15.238095238095239
2026-07-26 14:40:02,51.17361904761905,47.33,106,20.952380952380953,9.523809523809524,54.285714285714285,15.238095238095239
2026-07-26 14:50:11,51.52466666666667,48.21,106,20.0,9.523809523809524,53.333333333333336,17.142857142857142
2026-07-26 15:00:03,51.74657142857143,47.33,106,21.904761904761905,12.380952380952381,52.38095238095239,13.333333333333334
2026-07-26 15:10:02,51.65209523809524,45.07,106,22.857142857142858,12.380952380952381,52.38095238095239,12.380952380952381
2026-07-26 15:20:10,51.42209523809524,44.33,106,20.952380952380953,12.380952380952381,52.38095238095239,14.285714285714285
2026-07-26 15:30:03,50.904666666666664,45.33,106,20.0,17.142857142857142,51.42857142857142,11.428571428571429
2026-07-26 15:40:12,50.77895238095238,46.0,106,20.952380952380953,14.285714285714285,53.333333333333336,11.428571428571429
2026-07-26 15:50:02,50.936190476190475,46.0,106,20.952380952380953,13.333333333333334,52.38095238095239,13.333333333333334
2026-07-26 16:00:03,50.42676190476191,46.0,106,19.047619047619047,15.238095238095239,53.333333333333336,12.380952380952381
2026-07-26 16:10:11,50.16771428571428,44.68,106,19.047619047619047,14.285714285714285,53.333333333333336,13.333333333333334
2026-07-26 16:20:10,49.72238095238096,45.33,106,18.095238095238095,15.238095238095239,52.38095238095239,14.285714285714285
2026-07-26 16:30:03,49.77133333333333,44.67,106,18.095238095238095,18.095238095238095,52.38095238095239,11.428571428571429
2026-07-26 16:40:02,49.0787619047619,44.36,106,15.238095238095239,16.19047619047619,53.333333333333336,15.238095238095239
2026-07-26 16:50:20,48.60914285714286,43.3,106,15.238095238095239,18.095238095238095,53.333333333333336,13.333333333333334
2026-07-26 17:00:03,48.30342857142857,44.64,106,14.285714285714285,17.142857142857142,53.333333333333336,15.238095238095239
2026-07-26 17:10:02,47.912,44.64,106,15.238095238095239,18.095238095238095,53.333333333333336,13.333333333333334
2026-07-26 17:20:02,47.079904761904764,41.94,106,13.333333333333334,16.19047619047619,55.23809523809524,15.238095238095239
2026-07-26 17:30:12,46.964190476190474,40.77,106,14.285714285714285,16.19047619047619,56.19047619047619,13.333333333333334
2026-07-26 17:40:02,46.896190476190476,40.85,106,12.380952380952381,19.047619047619047,53.333333333333336,15.238095238095239
2026-07-26 17:50:20,46.98419047619048,42.47,106,13.333333333333334,17.142857142857142,54.285714285714285,15.238095238095239
2026-07-26 18:00:11,46.831428571428575,41.94,106,13.333333333333334,20.0,54.285714285714285,12.380952380952381
2026-07-26 18:10:02,46.81038095238095,41.58,106,13.333333333333334,19.047619047619047,54.285714285714285,13.333333333333334
2026-07-26 18:20:11,46.293238095238095,43.28,106,13.333333333333334,18.095238095238095,57.14285714285714,11.428571428571429
2026-07-26 18:30:02,46.25038095238095,44.44,106,13.333333333333334,19.047619047619047,56.19047619047619,11.428571428571429
2026-07-26 18:40:02,46.061142857142855,41.58,106,13.333333333333334,19.047619047619047,56.19047619047619,11.428571428571429
2026-07-26 18:50:12,45.542476190476194,40.3,106,12.380952380952381,19.047619047619047,56.19047619047619,12.380952380952381
2026-07-26 19:00:03,45.373333333333335,38.46,106,13.333333333333334,17.142857142857142,57.14285714285714,12.380952380952381
2026-07-26 19:10:11,44.962761904761905,36.21,106,11.428571428571429,14.285714285714285,59.04761904761905,15.238095238095239
2026-07-26 19:20:11,44.89380952380953,37.5,106,15.238095238095239,16.19047619047619,59.04761904761905,9.523809523809524
2026-07-26 19:30:20,44.19285714285714,37.8,106,12.380952380952381,15.238095238095239,60.952380952380956,11.428571428571429
2026-07-26 19:40:02,43.86219047619048,37.5,106,12.380952380952381,12.380952380952381,63.8095238095238,11.428571428571429
2026-07-26 19:50:02,43.41533333333333,37.37,106,12.380952380952381,15.238095238095239,63.8095238095238,8.571428571428571
2026-07-26 20:00:03,42.791047619047625,37.7,106,11.428571428571429,14.285714285714285,63.8095238095238,10.476190476190476
2026-07-26 20:10:02,42.280857142857144,37.28,106,11.428571428571429,18.095238095238095,62.857142857142854,7.6190476190476195
2026-07-26 20:20:02,41.68371428571429,36.07,106,11.428571428571429,19.047619047619047,62.857142857142854,6.666666666666667
2026-07-26 20:30:03,41.241142857142854,34.15,106,12.380952380952381,17.142857142857142,64.76190476190476,5.714285714285714
2026-07-26 20:40:02,40.35219047619047,34.0,106,11.428571428571429,17.142857142857142,65.71428571428571,5.714285714285714
2026-07-26 20:50:10,40.168000000000006,33.44,106,10.476190476190476,15.238095238095239,65.71428571428571,8.571428571428571
2026-07-26 21:00:03,39.14704761904761,32.84,106,8.571428571428571,14.285714285714285,69.52380952380952,7.6190476190476195
2026-07-26 21:10:02,38.08676190476191,31.98,106,6.666666666666667,12.380952380952381,70.47619047619048,10.476190476190476
2026-07-26 21:20:02,37.87428571428571,30.65,106,7.6190476190476195,13.333333333333334,70.47619047619048,8.571428571428571
2026-07-26 21:30:03,37.11971428571429,30.67,106,6.666666666666667,13.333333333333334,70.47619047619048,9.523809523809524
2026-07-26 21:40:02,36.670857142857145,30.67,106,6.666666666666667,13.333333333333334,72.38095238095238,7.6190476190476195
2026-07-26 21:50:02,36.26533333333334,29.58,106,6.666666666666667,13.333333333333334,72.38095238095238,7.6190476190476195
2026-07-26 22:00:03,35.79419047619047,29.58,106,7.6190476190476195,13.333333333333334,73.33333333333333,5.714285714285714
2026-07-26 22:10:02,34.487904761904765,27.42,106,6.666666666666667,12.380952380952381,76.19047619047619,4.761904761904762
2026-07-26 22:20:02,33.96704761904762,26.87,106,4.761904761904762,13.333333333333334,75.23809523809524,6.666666666666667
2026-07-26 22:30:03,33.56714285714286,27.08,106,3.8461538461538463,12.5,75.96153846153845,7.6923076923076925
2026-07-26 22:40:02,33.30580952380952,26.09,106,3.8095238095238098,11.428571428571429,77.14285714285715,7.6190476190476195
2026-07-26 22:50:02,32.881238095238096,26.09,106,3.8095238095238098,11.428571428571429,78.0952380952381,6.666666666666667
2026-07-26 23:00:03,32.43104761904762,26.09,106,3.8095238095238098,9.523809523809524,80.0,6.666666666666667
2026-07-26 23:10:02,31.94514285714286,25.81,106,3.8095238095238098,10.476190476190476,80.0,5.714285714285714
2026-07-26 23:20:02,31.492190476190476,24.81,106,3.8095238095238098,9.523809523809524,80.95238095238095,5.714285714285714
2026-07-26 23:30:02,31.471619047619047,24.86,106,3.8095238095238098,8.571428571428571,80.95238095238095,6.666666666666667
2026-07-26 23:40:02,31.657333333333334,24.86,106,4.761904761904762,10.476190476190476,79.04761904761905,5.714285714285714
2026-07-26 23:50:02,31.550095238095235,25.56,106,4.761904761904762,9.523809523809524,80.0,5.714285714285714
2026-07-27 00:00:12,31.266952380952382,24.37,106,4.761904761904762,8.571428571428571,80.95238095238095,5.714285714285714
2026-07-27 00:10:02,31.01295238095238,24.37,106,4.761904761904762,8.571428571428571,80.95238095238095,5.714285714285714
2026-07-27 00:20:02,30.88857142857143,23.94,106,4.761904761904762,8.571428571428571,80.95238095238095,5.714285714285714
2026-07-27 00:30:13,30.803809523809523,23.94,106,4.761904761904762,8.571428571428571,80.95238095238095,5.714285714285714
2026-07-27 00:40:02,30.42838095238095,23.75,106,4.761904761904762,7.6190476190476195,81.9047619047619,5.714285714285714
2026-07-27 00:50:02,30.25733333333333,23.39,106,4.761904761904762,6.666666666666667,82.85714285714286,5.714285714285714
2026-07-27 01:00:02,30.15942857142857,23.39,106,4.761904761904762,7.6190476190476195,81.9047619047619,5.714285714285714
2026-07-27 01:10:02,29.814095238095238,22.16,106,4.761904761904762,6.666666666666667,82.85714285714286,5.714285714285714
2026-07-27 01:20:02,29.738761904761905,22.5,106,4.761904761904762,6.666666666666667,82.85714285714286,5.714285714285714
2026-07-27 01:30:03,29.589714285714287,22.41,106,4.761904761904762,6.666666666666667,82.85714285714286,5.714285714285714
2026-07-27 01:40:02,29.62457142857143,22.16,106,4.761904761904762,4.761904761904762,83.80952380952381,6.666666666666667
2026-07-27 01:50:02,29.542666666666666,22.16,106,4.761904761904762,5.714285714285714,83.80952380952381,5.714285714285714
2026-07-27 02:00:03,29.435047619047616,22.16,106,4.761904761904762,5.714285714285714,83.80952380952381,5.714285714285714
2026-07-27 02:10:02,29.373142857142856,22.16,106,4.761904761904762,5.714285714285714,83.80952380952381,5.714285714285714
2026-07-27 02:20:02,29.03304761904762,21.43,106,4.761904761904762,5.714285714285714,83.80952380952381,5.714285714285714
2026-07-27 02:30:21,29.090285714285713,21.43,106,4.761904761904762,5.714285714285714,83.80952380952381,5.714285714285714
2026-07-27 02:40:02,29.02590476190476,20.83,106,4.761904761904762,5.714285714285714,83.80952380952381,5.714285714285714
2026-07-27 02:50:02,29.00990476190476,20.83,106,4.761904761904762,5.714285714285714,83.80952380952381,5.714285714285714
2026-07-27 03:00:21,29.05647619047619,20.69,106,4.761904761904762,5.714285714285714,83.80952380952381,5.714285714285714
2026-07-27 03:10:02,29.02171428571429,20.69,106,4.761904761904762,5.714285714285714,83.80952380952381,5.714285714285714
2026-07-27 03:20:02,28.98647619047619,20.69,106,4.761904761904762,5.714285714285714,83.80952380952381,5.714285714285714
2026-07-27 03:30:03,28.925428571428572,20.69,106,4.761904761904762,5.714285714285714,83.80952380952381,5.714285714285714
2026-07-27 03:40:12,28.966666666666665,20.69,106,4.761904761904762,6.666666666666667,82.85714285714286,5.714285714285714
2026-07-27 03:50:02,28.96952380952381,20.69,106,4.761904761904762,7.6190476190476195,81.9047619047619,5.714285714285714
2026-07-27 04:00:11,29.020571428571426,20.69,106,4.761904761904762,7.6190476190476195,81.9047619047619,5.714285714285714
2026-07-27 04:10:02,29.008476190476188,20.83,106,4.761904761904762,7.6190476190476195,81.9047619047619,5.714285714285714
2026-07-27 04:20:20,29.10333333333333,20.83,106,4.761904761904762,6.666666666666667,81.9047619047619,6.666666666666667
2026-07-27 04:30:13,29.28552380952381,20.83,106,4.761904761904762,7.6190476190476195,81.9047619047619,5.714285714285714
2026-07-27 04:40:02,29.26457142857143,20.83,106,4.761904761904762,7.6190476190476195,81.9047619047619,5.714285714285714
2026-07-27 04:50:02,29.362190476190477,20.83,106,4.761904761904762,7.6190476190476195,81.9047619047619,5.714285714285714
2026-07-27 05:00:02,29.51047619047619,20.83,106,5.714285714285714,6.666666666666667,82.85714285714286,4.761904761904762
2026-07-27 05:10:02,29.630380952380953,20.83,106,6.666666666666667,6.666666666666667,82.85714285714286,3.8095238095238098
2026-07-27 05:20:12,29.73695238095238,20.83,106,6.666666666666667,6.666666666666667,82.85714285714286,3.8095238095238098
2026-07-27 05:30:03,29.89857142857143,20.83,106,6.666666666666667,8.571428571428571,82.85714285714286,1.9047619047619049
2026-07-27 05:40:02,30.08752380952381,20.83,106,6.666666666666667,8.571428571428571,81.9047619047619,2.857142857142857
2026-07-27 05:50:02,30.27704761904762,20.83,106,6.666666666666667,8.571428571428571,81.9047619047619,2.857142857142857
2026-07-27 06:00:03,30.653333333333332,22.5,106,6.666666666666667,8.571428571428571,81.9047619047619,2.857142857142857
2026-07-27 06:10:02,31.033428571428573,23.21,106,6.666666666666667,8.571428571428571,80.95238095238095,3.8095238095238098
2026-07-27 06:20:12,31.341238095238094,23.63,106,6.666666666666667,9.523809523809524,80.0,3.8095238095238098
2026-07-27 06:30:03,31.793714285714287,23.24,106,6.666666666666667,9.523809523809524,80.0,3.8095238095238098
2026-07-27 06:40:12,32.16247619047619,23.63,106,6.666666666666667,9.523809523809524,80.0,3.8095238095238098
2026-07-27 06:50:12,32.394,23.63,106,6.666666666666667,9.523809523809524,79.04761904761905,4.761904761904762
2026-07-27 07:00:02,32.03476190476191,23.63,106,5.714285714285714,11.428571428571429,79.04761904761905,3.8095238095238098
2026-07-27 07:10:10,31.91447619047619,23.63,106,5.714285714285714,12.380952380952381,78.0952380952381,3.8095238095238098
2026-07-27 07:20:11,32.14266666666666,23.87,106,5.714285714285714,13.333333333333334,76.19047619047619,4.761904761904762
2026-07-27 07:30:03,32.63276190476191,25.0,106,5.714285714285714,13.333333333333334,76.19047619047619,4.761904761904762
2026-07-27 07:40:11,33.440666666666665,26.47,106,5.714285714285714,13.333333333333334,76.19047619047619,4.761904761904762
2026-07-27 07:50:11,34.10666666666666,26.47,106,4.761904761904762,13.333333333333334,76.19047619047619,5.714285714285714
2026-07-27 08:00:03,35.03361904761905,28.32,106,4.761904761904762,12.380952380952381,75.23809523809524,7.6190476190476195
2026-07-27 08:10:20,36.48980952380952,30.42,106,5.714285714285714,14.285714285714285,73.33333333333333,6.666666666666667
2026-07-27 08:20:12,37.79895238095238,32.73,106,6.666666666666667,14.285714285714285,72.38095238095238,6.666666666666667
2026-07-27 08:30:02,39.74952380952381,37.65,106,6.666666666666667,14.285714285714285,69.52380952380952,9.523809523809524
2026-07-27 08:40:20,42.57923809523809,41.18,106,8.571428571428571,17.142857142857142,63.8095238095238,10.476190476190476
2026-07-27 08:50:12,45.35447619047619,42.86,106,9.523809523809524,20.0,57.14285714285714,13.333333333333334
2026-07-27 09:00:04,48.32952380952381,48.12,106,10.476190476190476,16.19047619047619,55.23809523809524,18.095238095238095
2026-07-27 09:10:10,49.67342857142857,49.23,106,12.380952380952381,19.047619047619047,51.42857142857142,17.142857142857142
2026-07-27 09:20:20,51.10009523809524,53.07,106,13.333333333333334,20.952380952380953,47.61904761904761,18.095238095238095
2026-07-27 09:30:03,52.28152380952381,53.05,106,15.238095238095239,20.952380952380953,46.666666666666664,17.142857142857142
2026-07-27 09:40:21,53.30380952380952,56.34,106,16.19047619047619,20.0,47.61904761904761,16.19047619047619
2026-07-27 09:50:02,53.963523809523814,56.92,106,15.238095238095239,21.904761904761905,46.666666666666664,16.19047619047619
2026-07-27 10:00:02,55.036857142857144,56.92,106,16.19047619047619,20.952380952380953,45.714285714285715,17.142857142857142
2026-07-27 10:10:10,55.72723809523809,55.29,106,17.142857142857142,20.952380952380953,45.714285714285715,16.19047619047619
2026-07-27 10:20:02,55.735904761904756,56.25,106,19.047619047619047,20.0,46.666666666666664,14.285714285714285
2026-07-27 10:30:03,56.258857142857146,56.63,106,20.0,21.904761904761905,43.80952380952381,14.285714285714285
2026-07-27 10:40:21,56.55266666666667,57.89,106,20.0,23.809523809523807,42.857142857142854,13.333333333333334
2026-07-27 10:50:02,56.760952380952375,57.75,106,21.904761904761905,24.761904761904763,41.904761904761905,11.428571428571429
2026-07-27 11:00:03,57.46742857142857,59.6,106,21.904761904761905,20.952380952380953,41.904761904761905,15.238095238095239
2026-07-27 11:10:02,57.533523809523814,60.0,106,21.904761904761905,21.904761904761905,40.95238095238095,15.238095238095239
2026-07-27 11:20:02,57.38161904761905,58.18,106,21.904761904761905,21.904761904761905,40.0,16.19047619047619
2026-07-27 11:30:03,57.766380952380956,58.54,106,20.952380952380953,22.857142857142858,40.95238095238095,15.238095238095239
2026-07-27 11:40:12,57.84390476190476,60.0,106,21.904761904761905,24.761904761904763,40.0,13.333333333333334
2026-07-27 11:50:02,58.012476190476185,59.38,106,21.904761904761905,22.857142857142858,40.0,15.238095238095239
2026-07-27 12:00:03,58.41333333333333,61.64,106,21.904761904761905,20.952380952380953,40.0,17.142857142857142
2026-07-27 12:10:20,58.15342857142857,60.98,106,20.952380952380953,24.761904761904763,38.095238095238095,16.19047619047619
2026-07-27 12:20:02,57.91619047619047,61.54,106,20.952380952380953,22.857142857142858,39.04761904761905,17.142857142857142
2026-07-27 12:30:02,58.17323809523809,60.96,106,20.952380952380953,21.904761904761905,40.0,17.142857142857142
2026-07-27 12:40:21,57.83942857142858,59.65,106,20.0,20.952380952380953,41.904761904761905,17.142857142857142
2026-07-27 12:50:11,57.59590476190476,58.86,106,19.047619047619047,20.952380952380953,40.95238095238095,19.047619047619047
2026-07-27 13:00:02,57.10704761904762,57.45,106,19.047619047619047,22.857142857142858,40.95238095238095,17.142857142857142
2026-07-27 13:10:02,57.314190476190475,59.04,106,20.952380952380953,21.904761904761905,40.95238095238095,16.19047619047619
2026-07-27 13:20:01,56.556571428571424,58.33,106,20.0,20.0,41.904761904761905,18.095238095238095
2026-07-27 13:30:02,56.62980952380953,57.83,106,20.0,18.095238095238095,43.80952380952381,18.095238095238095
2026-07-27 13:40:02,56.67038095238095,57.75,106,20.0,18.095238095238095,43.80952380952381,18.095238095238095
2026-07-27 13:50:11,56.4607619047619,57.23,106,20.0,19.047619047619047,43.80952380952381,17.142857142857142
2026-07-27 14:00:03,56.97523809523809,57.75,106,21.904761904761905,20.952380952380953,41.904761904761905,15.238095238095239
2026-07-27 14:10:02,56.94314285714285,57.75,106,21.904761904761905,20.952380952380953,41.904761904761905,15.238095238095239
2026-07-27 14:20:02,56.94590476190476,58.13,106,20.952380952380953,23.809523809523807,40.95238095238095,14.285714285714285
2026-07-27 14:30:11,57.17695238095238,57.59,106,22.857142857142858,20.952380952380953,41.904761904761905,14.285714285714285
2026-07-27 14:40:11,57.24238095238095,57.5,108,22.857142857142858,23.809523809523807,40.95238095238095,12.380952380952381
2026-07-27 14:50:02,56.25785046728972,56.96,108,26.168224299065418,22.429906542056074,42.05607476635514,9.345794392523365
2026-07-27 15:00:02,56.494579439252334,57.53,108,23.364485981308412,23.364485981308412,42.05607476635514,11.214953271028037
2026-07-27 15:10:02,55.92766355140187,56.16,108,22.429906542056074,22.429906542056074,41.1214953271028,14.018691588785046
2026-07-27 15:20:12,55.77878504672897,57.75,108,21.49532710280374,23.364485981308412,40.18691588785047,14.953271028037381
2026-07-27 15:30:03,55.53570093457944,57.61,108,21.49532710280374,21.49532710280374,42.99065420560748,14.018691588785046
2026-07-27 15:40:11,55.23242990654205,56.52,108,20.5607476635514,21.49532710280374,42.99065420560748,14.953271028037381
2026-07-27 15:50:02,55.04102803738318,57.75,108,21.49532710280374,23.364485981308412,41.1214953271028,14.018691588785046
2026-07-27 16:00:12,54.74093457943925,56.25,108,19.626168224299064,21.49532710280374,42.99065420560748,15.887850467289718
2026-07-27 16:10:02,54.20392523364486,55.76,108,19.626168224299064,23.364485981308412,42.99065420560748,14.018691588785046
2026-07-27 16:20:12,54.03130841121496,57.75,108,18.69158878504673,23.364485981308412,43.925233644859816,14.018691588785046
2026-07-27 16:30:02,53.640654205607476,56.34,108,16.822429906542055,23.364485981308412,43.925233644859816,15.887850467289718
2026-07-27 16:40:02,53.24186915887851,54.17,108,17.75700934579439,21.49532710280374,45.794392523364486,14.953271028037381
2026-07-27 16:50:02,52.778224299065414,52.94,108,17.75700934579439,24.299065420560748,45.794392523364486,12.149532710280374
2026-07-27 17:00:11,52.64822429906542,54.12,108,15.887850467289718,21.49532710280374,46.728971962616825,15.887850467289718
2026-07-27 17:10:02,51.802803738317756,52.83,108,16.822429906542055,22.429906542056074,47.66355140186916,13.084112149532709
2026-07-27 17:20:02,51.185887850467296,52.67,108,15.887850467289718,20.5607476635514,48.598130841121495,14.953271028037381
2026-07-27 17:30:12,51.03056074766356,50.0,108,15.887850467289718,18.69158878504673,50.467289719626166,14.953271028037381
2026-07-27 17:40:02,50.34990654205607,49.0,108,14.953271028037381,17.75700934579439,51.4018691588785,15.887850467289718
2026-07-27 17:50:02,49.367196261682246,47.89,108,12.149532710280374,16.822429906542055,53.271028037383175,17.75700934579439
2026-07-27 18:00:02,48.77598130841121,46.48,108,10.2803738317757,16.822429906542055,54.20560747663551,18.69158878504673
2026-07-27 18:10:02,46.094299065420564,45.33,108,8.411214953271028,20.5607476635514,56.074766355140184,14.953271028037381
2026-07-27 18:20:12,44.11130841121495,42.25,108,8.411214953271028,23.364485981308412,57.009345794392516,11.214953271028037
2026-07-27 18:30:03,43.6403738317757,41.67,108,8.411214953271028,18.69158878504673,59.813084112149525,13.084112149532709
2026-07-27 18:40:02,43.34168224299066,39.8,108,8.411214953271028,20.5607476635514,59.813084112149525,11.214953271028037
2026-07-27 18:50:12,43.38130841121495,39.8,108,8.411214953271028,21.49532710280374,57.943925233644855,12.149532710280374
2026-07-27 19:00:02,43.46504672897196,40.75,108,8.411214953271028,21.49532710280374,58.87850467289719,11.214953271028037
2026-07-27 19:10:02,44.08345794392524,40.82,108,10.2803738317757,19.626168224299064,58.87850467289719,11.214953271028037
2026-07-27 19:20:02,43.98476635514019,40.14,108,10.2803738317757,15.887850467289718,60.747663551401864,13.084112149532709
2026-07-27 19:30:02,44.159719626168226,39.43,108,8.411214953271028,15.887850467289718,60.747663551401864,14.953271028037381
2026-07-27 19:40:02,44.13626168224299,39.43,108,10.2803738317757,14.018691588785046,61.6822429906542,14.018691588785046
2026-07-27 19:50:02,43.95719626168224,39.73,108,9.345794392523365,14.018691588785046,62.616822429906534,14.018691588785046
2026-07-27 20:00:03,43.59551401869159,39.07,108,11.214953271028037,14.018691588785046,63.55140186915887,11.214953271028037
2026-07-27 20:10:02,42.172803738317754,37.68,108,6.5420560747663545,17.75700934579439,63.55140186915887,12.149532710280374
2026-07-27 20:20:02,41.75551401869159,37.16,108,6.5420560747663545,14.953271028037381,63.55140186915887,14.953271028037381
2026-07-27 20:30:03,41.02037383177571,35.0,108,6.5420560747663545,14.953271028037381,65.42056074766354,13.084112149532709
2026-07-27 20:40:11,40.5385046728972,34.29,108,6.5420560747663545,17.75700934579439,64.48598130841121,11.214953271028037
2026-07-27 20:50:03,39.971401869158875,33.08,108,6.5420560747663545,16.822429906542055,64.48598130841121,12.149532710280374
2026-07-27 21:00:03,39.4696261682243,33.08,108,6.5420560747663545,14.018691588785046,67.28971962616822,12.149532710280374
2026-07-27 21:10:10,38.689532710280375,32.91,108,6.5420560747663545,16.822429906542055,67.28971962616822,9.345794392523365
2026-07-27 21:20:02,37.8411214953271,31.35,108,6.5420560747663545,14.018691588785046,70.09345794392523,9.345794392523365
2026-07-27 21:30:03,37.33654205607476,31.33,108,6.5420560747663545,14.018691588785046,70.09345794392523,9.345794392523365
2026-07-27 21:40:10,36.582056074766356,32.29,108,6.5420560747663545,12.149532710280374,71.96261682242991,9.345794392523365
2026-07-27 21:50:02,35.843364485981304,32.14,108,6.5420560747663545,13.084112149532709,71.96261682242991,8.411214953271028
2026-07-27 22:00:10,35.53588785046729,30.99,108,6.5420560747663545,12.149532710280374,72.89719626168224,8.411214953271028
2026-07-27 22:10:03,34.90280373831776,30.99,108,6.5420560747663545,13.084112149532709,72.89719626168224,7.476635514018691
2026-07-27 22:20:02,33.92130841121495,30.11,108,6.5420560747663545,12.149532710280374,74.76635514018692,6.5420560747663545
2026-07-27 22:30:03,33.59775700934579,30.11,108,6.5420560747663545,14.953271028037381,73.83177570093457,4.672897196261682
2026-07-27 22:40:03,32.18934579439252,28.36,108,5.607476635514018,14.018691588785046,76.63551401869158,3.7383177570093453
2026-07-27 22:50:12,31.773644859813086,25.45,108,5.607476635514018,11.214953271028037,79.43925233644859,3.7383177570093453
2026-07-27 23:00:11,31.15607476635514,26.79,108,5.607476635514018,9.345794392523365,81.30841121495327,3.7383177570093453
2026-07-27 23:10:02,30.847383177570094,25.45,108,5.607476635514018,9.345794392523365,81.30841121495327,3.7383177570093453
2026-07-27 23:20:11,30.65644859813084,27.27,108,5.607476635514018,10.2803738317757,80.37383177570094,3.7383177570093453
2026-07-27 23:30:22,30.452803738317755,25.45,108,5.607476635514018,9.345794392523365,81.30841121495327,3.7383177570093453
2026-07-27 23:40:02,30.153831775700937,25.45,108,5.607476635514018,6.5420560747663545,83.17757009345794,4.672897196261682
2026-07-27 23:50:02,30.394579439252336,24.64,108,6.5420560747663545,7.476635514018691,81.30841121495327,4.672897196261682
2026-07-28 00:00:03,30.079252336448597,23.87,108,6.5420560747663545,7.476635514018691,82.2429906542056,3.7383177570093453
2026-07-28 00:10:02,29.72429906542056,22.54,108,6.5420560747663545,7.476635514018691,82.2429906542056,3.7383177570093453
2026-07-28 00:20:02,29.459345794392526,21.82,108,6.5420560747663545,6.5420560747663545,83.17757009345794,3.7383177570093453
2026-07-28 00:30:21,29.07719626168224,21.79,108,6.5420560747663545,8.411214953271028,82.2429906542056,2.803738317757009
2026-07-28 00:40:02,29.063551401869162,21.79,108,6.5420560747663545,7.476635514018691,83.17757009345794,2.803738317757009
2026-07-28 00:50:03,28.97607476635514,21.79,108,6.5420560747663545,7.476635514018691,83.17757009345794,2.803738317757009
2026-07-28 01:00:02,28.951495327102805,20.75,108,6.5420560747663545,7.476635514018691,83.17757009345794,2.803738317757009
2026-07-28 01:10:10,28.88392523364486,20.5,108,6.5420560747663545,7.476635514018691,83.17757009345794,2.803738317757009
2026-07-28 01:20:01,28.72728971962617,20.51,108,6.5420560747663545,7.476635514018691,83.17757009345794,2.803738317757009
2026-07-28 01:30:03,28.621308411214955,20.5,108,6.5420560747663545,7.476635514018691,83.17757009345794,2.803738317757009
2026-07-28 01:40:10,28.494953271028038,20.0,108,6.5420560747663545,7.476635514018691,83.17757009345794,2.803738317757009
2026-07-28 01:50:02,28.39140186915888,19.88,108,6.5420560747663545,8.411214953271028,82.2429906542056,2.803738317757009
2026-07-28 02:00:03,28.264112149532707,19.23,108,6.5420560747663545,7.476635514018691,83.17757009345794,2.803738317757009
2026-07-28 02:10:21,28.07551401869159,19.88,108,6.5420560747663545,8.411214953271028,82.2429906542056,2.803738317757009
2026-07-28 02:20:02,28.039906542056073,18.54,108,6.5420560747663545,8.411214953271028,82.2429906542056,2.803738317757009
2026-07-28 02:30:12,27.950841121495326,18.97,108,5.607476635514018,7.476635514018691,83.17757009345794,3.7383177570093453
2026-07-28 02:40:10,27.846728971962616,18.31,108,5.607476635514018,7.476635514018691,83.17757009345794,3.7383177570093453
2026-07-28 02:50:02,27.802429906542056,18.31,108,5.607476635514018,7.476635514018691,83.17757009345794,3.7383177570093453
2026-07-28 03:00:03,27.816074766355143,18.31,108,5.607476635514018,8.411214953271028,83.17757009345794,2.803738317757009
2026-07-28 03:10:12,27.792523364485984,18.31,108,6.5420560747663545,8.411214953271028,83.17757009345794,1.8691588785046727
2026-07-28 03:20:02,27.79785046728972,18.31,108,6.5420560747663545,8.411214953271028,83.17757009345794,1.8691588785046727
2026-07-28 03:30:03,27.77953271028037,18.09,108,6.5420560747663545,8.411214953271028,83.17757009345794,1.8691588785046727
2026-07-28 03:40:12,27.802897196261682,18.31,108,6.5420560747663545,8.411214953271028,83.17757009345794,1.8691588785046727
2026-07-28 03:50:02,27.762897196261683,18.31,108,6.5420560747663545,7.476635514018691,83.17757009345794,2.803738317757009
2026-07-28 04:00:03,27.781495327102803,18.31,108,6.5420560747663545,8.411214953271028,82.2429906542056,2.803738317757009
2026-07-28 04:10:12,27.89551401869159,18.92,108,5.607476635514018,8.411214953271028,82.2429906542056,3.7383177570093453
2026-07-28 04:20:02,27.977757009345794,18.92,108,5.607476635514018,7.476635514018691,82.2429906542056,4.672897196261682
2026-07-28 04:30:03,28.12859813084112,18.97,108,5.607476635514018,6.5420560747663545,82.2429906542056,5.607476635514018
2026-07-28 04:40:02,28.07644859813084,18.31,108,5.607476635514018,6.5420560747663545,82.2429906542056,5.607476635514018
2026-07-28 04:50:02,28.166168224299064,18.31,108,5.607476635514018,8.411214953271028,82.2429906542056,3.7383177570093453
2026-07-28 05:00:03,28.276168224299063,18.97,108,6.5420560747663545,8.411214953271028,82.2429906542056,2.803738317757009
2026-07-28 05:10:02,28.398598130841123,19.15,108,6.5420560747663545,8.411214953271028,82.2429906542056,2.803738317757009
2026-07-28 05:20:12,28.547757009345794,19.21,108,6.5420560747663545,8.411214953271028,82.2429906542056,2.803738317757009
2026-07-28 05:30:03,28.808224299065422,19.23,108,6.5420560747663545,7.476635514018691,82.2429906542056,3.7383177570093453
2026-07-28 05:40:02,29.070560747663553,19.23,108,6.5420560747663545,7.476635514018691,82.2429906542056,3.7383177570093453
2026-07-28 05:50:02,29.269906542056077,19.58,108,6.5420560747663545,7.476635514018691,82.2429906542056,3.7383177570093453
2026-07-28 06:00:12,29.635514018691588,20.18,108,6.5420560747663545,8.411214953271028,81.30841121495327,3.7383177570093453
2026-07-28 06:10:02,29.990280373831776,20.83,108,6.5420560747663545,8.411214953271028,81.30841121495327,3.7383177570093453
2026-07-28 06:20:12,30.297102803738316,20.83,108,6.5420560747663545,8.411214953271028,81.30841121495327,3.7383177570093453
2026-07-28 06:30:02,30.589719626168222,21.43,108,6.5420560747663545,9.345794392523365,80.37383177570094,3.7383177570093453
2026-07-28 06:40:02,30.872990654205605,23.08,108,6.5420560747663545,10.2803738317757,78.50467289719626,4.672897196261682
2026-07-28 06:50:02,30.56093457943925,22.54,108,5.607476635514018,10.2803738317757,79.43925233644859,4.672897196261682
2026-07-28 07:00:03,30.80532710280374,21.62,108,5.607476635514018,11.214953271028037,77.57009345794393,5.607476635514018
2026-07-28 07:10:02,30.92140186915888,22.34,108,5.607476635514018,12.149532710280374,77.57009345794393,4.672897196261682
2026-07-28 07:20:02,31.25785046728972,23.4,108,5.607476635514018,10.2803738317757,78.50467289719626,5.607476635514018
2026-07-28 07:30:11,31.5285046728972,22.34,108,5.607476635514018,10.2803738317757,78.50467289719626,5.607476635514018
2026-07-28 07:40:02,32.402897196261684,24.11,108,5.607476635514018,11.214953271028037,77.57009345794393,5.607476635514018
2026-07-28 07:50:02,33.28383177570093,24.34,108,5.607476635514018,13.084112149532709,75.70093457943925,5.607476635514018
2026-07-28 08:00:03,34.17467289719626,24.81,108,5.607476635514018,14.018691588785046,74.76635514018692,5.607476635514018
2026-07-28 08:10:02,35.11859813084112,27.03,108,7.476635514018691,12.149532710280374,75.70093457943925,4.672897196261682
2026-07-28 08:20:02,36.722616822429906,32.05,108,8.411214953271028,13.084112149532709,72.89719626168224,5.607476635514018
2026-07-28 08:30:02,38.36579439252337,33.36,108,8.411214953271028,13.084112149532709,71.02803738317756,7.476635514018691
2026-07-28 08:40:13,40.661308411214954,34.21,108,8.411214953271028,14.018691588785046,67.28971962616822,10.2803738317757
2026-07-28 08:50:12,43.82588785046729,41.54,108,10.2803738317757,17.75700934579439,60.747663551401864,11.214953271028037
2026-07-28 09:00:03,46.26626168224299,43.24,108,12.149532710280374,18.69158878504673,56.074766355140184,13.084112149532709
2026-07-28 09:10:03,47.91785046728972,44.28,108,12.149532710280374,19.626168224299064,53.271028037383175,14.953271028037381
2026-07-28 09:20:02,49.17644859813084,45.24,108,12.149532710280374,18.69158878504673,52.336448598130836,16.822429906542055
2026-07-28 09:30:11,49.95859813084112,46.43,108,14.953271028037381,17.75700934579439,50.467289719626166,16.822429906542055
2026-07-28 09:40:02,51.11934579439253,48.81,108,17.75700934579439,14.953271028037381,50.467289719626166,16.822429906542055
2026-07-28 09:50:02,51.93710280373832,50.0,108,18.69158878504673,13.084112149532709,51.4018691588785,16.822429906542055
2026-07-28 10:00:12,52.96355140186916,52.5,108,21.49532710280374,15.887850467289718,49.532710280373834,13.084112149532709
2026-07-28 10:10:02,54.117757009345794,51.43,108,21.49532710280374,14.953271028037381,49.532710280373834,14.018691588785046
2026-07-28 10:20:02,54.68710280373831,53.52,108,22.429906542056074,18.69158878504673,45.794392523364486,13.084112149532709
2026-07-28 10:30:02,54.98214953271028,57.45,108,21.49532710280374,20.5607476635514,43.925233644859816,14.018691588785046
2026-07-28 10:40:02,55.25084112149533,55.36,108,20.5607476635514,22.429906542056074,42.05607476635514,14.953271028037381
2026-07-28 10:50:11,55.52971962616823,55.93,108,22.429906542056074,19.626168224299064,43.925233644859816,14.018691588785046
2026-07-28 11:00:03,55.87672897196262,57.63,108,22.429906542056074,20.5607476635514,43.925233644859816,13.084112149532709
2026-07-28 11:10:02,55.96644859813084,57.89,108,23.364485981308412,21.49532710280374,42.99065420560748,12.149532710280374
2026-07-28 11:20:01,55.99719626168224,57.32,108,22.429906542056074,22.429906542056074,42.05607476635514,13.084112149532709
2026-07-28 11:30:10,56.358878504672894,57.85,108,23.364485981308412,23.364485981308412,41.1214953271028,12.149532710280374
2026-07-28 11:40:11,56.345046728971965,57.64,108,24.299065420560748,21.49532710280374,42.05607476635514,12.149532710280374
2026-07-28 11:50:21,56.84616822429906,58.78,108,25.233644859813083,20.5607476635514,42.05607476635514,12.149532710280374
2026-07-28 12:00:10,57.09373831775701,60.68,108,22.429906542056074,21.49532710280374,41.1214953271028,14.953271028037381
2026-07-28 12:10:03,57.476168224299066,60.87,108,21.49532710280374,22.429906542056074,41.1214953271028,14.953271028037381
2026-07-28 12:20:02,57.40485981308411,58.68,108,21.49532710280374,19.626168224299064,42.05607476635514,16.822429906542055
2026-07-28 12:30:20,57.51457943925234,59.5,108,21.49532710280374,19.626168224299064,42.05607476635514,16.822429906542055
2026-07-28 12:40:02,57.182336448598136,60.42,108,21.49532710280374,21.49532710280374,41.1214953271028,15.887850467289718
2026-07-28 12:50:20,57.42102803738318,60.4,108,22.429906542056074,18.69158878504673,42.05607476635514,16.822429906542055
2026-07-28 13:00:02,57.07700934579439,60.33,108,20.5607476635514,18.69158878504673,42.05607476635514,18.69158878504673
2026-07-28 13:10:02,56.81495327102804,58.42,108,21.49532710280374,20.5607476635514,42.05607476635514,15.887850467289718
2026-07-28 13:20:10,56.46439252336448,57.89,108,22.429906542056074,21.49532710280374,41.1214953271028,14.953271028037381
2026-07-28 13:30:02,56.61803738317757,57.14,108,24.299065420560748,19.626168224299064,42.05607476635514,14.018691588785046
2026-07-28 13:40:03,56.73719626168224,57.37,108,23.364485981308412,19.626168224299064,42.05607476635514,14.953271028037381
2026-07-28 13:50:02,56.69841121495327,59.86,108,23.364485981308412,21.49532710280374,41.1214953271028,14.018691588785046
2026-07-28 14:00:03,57.26383177570093,59.76,108,23.364485981308412,20.5607476635514,40.18691588785047,15.887850467289718
2026-07-28 14:10:02,57.37224299065421,59.5,108,24.299065420560748,20.5607476635514,40.18691588785047,14.953271028037381
2026-07-28 14:20:02,57.49570093457944,59.5,108,24.299065420560748,20.5607476635514,40.18691588785047,14.953271028037381
2026-07-28 14:30:02,57.69588785046729,62.31,108,25.233644859813083,21.49532710280374,39.25233644859813,14.018691588785046
2026-07-28 14:40:02,57.623084112149535,61.83,108,24.299065420560748,23.364485981308412,39.25233644859813,13.084112149532709
2026-07-28 14:50:20,57.75177570093457,60.98,108,24.299065420560748,22.429906542056074,39.25233644859813,14.018691588785046
2026-07-28 15:00:12,57.6218691588785,60.06,108,24.299065420560748,20.5607476635514,40.18691588785047,14.953271028037381
2026-07-28 15:10:02,57.68757009345794,59.57,108,23.364485981308412,19.626168224299064,41.1214953271028,15.887850467289718
2026-07-28 15:20:02,57.50644859813084,58.42,108,24.299065420560748,20.5607476635514,40.18691588785047,14.953271028037381
2026-07-28 15:30:02,57.09803738317757,57.5,108,23.364485981308412,20.5607476635514,40.18691588785047,15.887850467289718
2026-07-28 15:40:02,57.108878504672894,59.57,108,22.429906542056074,22.429906542056074,41.1214953271028,14.018691588785046
2026-07-28 15:50:02,56.69943925233645,58.29,108,22.429906542056074,19.626168224299064,42.99065420560748,14.953271028037381
2026-07-28 16:00:02,56.564579439252334,58.0,108,21.49532710280374,19.626168224299064,42.99065420560748,15.887850467289718
2026-07-28 16:10:02,56.27542056074767,57.71,108,21.49532710280374,18.69158878504673,42.99065420560748,16.822429906542055
2026-07-28 16:20:12,55.64579439252337,56.76,108,18.69158878504673,18.69158878504673,43.925233644859816,18.69158878504673
2026-07-28 16:30:11,54.967570093457944,56.63,108,17.75700934579439,18.69158878504673,44.85981308411215,18.69158878504673
2026-07-28 16:40:02,54.449252336448595,55.2,108,16.822429906542055,19.626168224299064,44.85981308411215,18.69158878504673
2026-07-28 16:50:02,54.14252336448598,55.33,108,17.75700934579439,21.49532710280374,44.85981308411215,15.887850467289718
2026-07-28 17:00:03,53.869252336448604,55.36,108,17.75700934579439,19.626168224299064,46.728971962616825,15.887850467289718
2026-07-28 17:10:02,52.863644859813085,52.11,108,15.887850467289718,17.75700934579439,47.66355140186916,18.69158878504673
2026-07-28 17:20:02,51.94476635514019,49.25,108,14.018691588785046,16.822429906542055,50.467289719626166,18.69158878504673
2026-07-28 17:30:12,51.23822429906542,51.25,108,13.084112149532709,17.75700934579439,49.532710280373834,19.626168224299064
2026-07-28 17:40:02,50.48981308411215,49.73,108,12.149532710280374,18.69158878504673,50.467289719626166,18.69158878504673
2026-07-28 17:50:02,49.58271028037384,47.59,108,11.214953271028037,17.75700934579439,52.336448598130836,18.69158878504673
2026-07-28 18:00:12,48.52084112149532,47.92,108,11.214953271028037,14.953271028037381,55.140186915887845,18.69158878504673
2026-07-28 18:10:02,46.328785046728974,45.95,108,10.2803738317757,17.75700934579439,57.943925233644855,14.018691588785046
2026-07-28 18:20:02,44.97831775700935,43.9,108,11.214953271028037,21.49532710280374,57.009345794392516,10.2803738317757
2026-07-28 18:30:12,44.370747663551406,43.0,108,9.345794392523365,23.364485981308412,57.009345794392516,10.2803738317757
2026-07-28 18:40:02,44.690841121495325,42.0,108,9.345794392523365,20.5607476635514,56.074766355140184,14.018691588785046
2026-07-28 18:50:11,45.42691588785047,42.29,108,10.2803738317757,20.5607476635514,55.140186915887845,14.018691588785046
2026-07-28 19:00:03,45.772056074766354,40.91,108,10.2803738317757,20.5607476635514,54.20560747663551,14.953271028037381
2026-07-28 19:10:02,46.33177570093458,41.18,108,11.214953271028037,16.822429906542055,57.009345794392516,14.953271028037381
2026-07-28 19:20:12,45.49130841121495,40.0,108,11.214953271028037,15.887850467289718,58.87850467289719,14.018691588785046
2026-07-28 19:30:03,46.70037383177571,41.08,108,12.149532710280374,11.214953271028037,59.813084112149525,16.822429906542055
2026-07-28 19:40:12,45.49214953271028,40.5,108,10.2803738317757,14.953271028037381,58.87850467289719,15.887850467289718
2026-07-28 19:50:02,44.897850467289715,40.0,108,10.2803738317757,16.822429906542055,57.943925233644855,14.953271028037381
2026-07-28 20:00:02,45.45626168224299,40.89,108,10.2803738317757,14.018691588785046,57.943925233644855,17.75700934579439
2026-07-28 20:10:02,43.70953271028038,37.5,108,9.345794392523365,13.084112149532709,60.747663551401864,16.822429906542055
2026-07-28 20:20:02,43.04682242990654,36.36,108,10.2803738317757,11.214953271028037,63.55140186915887,14.953271028037381
2026-07-28 20:30:02,43.53710280373832,36.36,108,10.2803738317757,11.214953271028037,62.616822429906534,15.887850467289718
2026-07-28 20:40:02,42.57588785046729,34.33,108,10.2803738317757,13.084112149532709,62.616822429906534,14.018691588785046
2026-07-28 20:50:21,41.88794392523365,34.33,108,8.411214953271028,10.2803738317757,65.42056074766354,15.887850467289718
2026-07-28 21:00:03,41.19448598130842,34.33,108,8.411214953271028,12.149532710280374,65.42056074766354,14.018691588785046
2026-07-28 21:10:11,40.24728971962617,33.8,108,7.476635514018691,10.2803738317757,67.28971962616822,14.953271028037381
2026-07-28 21:20:12,39.66878504672898,33.36,108,7.476635514018691,12.149532710280374,67.28971962616822,13.084112149532709
2026-07-28 21:30:02,39.297943925233646,33.54,108,7.476635514018691,15.887850467289718,65.42056074766354,11.214953271028037
2026-07-28 21:40:11,38.90205607476636,33.8,108,6.5420560747663545,16.822429906542055,66.35514018691589,10.2803738317757
2026-07-28 21:50:02,38.21130841121496,32.93,108,6.5420560747663545,14.953271028037381,68.22429906542055,10.2803738317757
2026-07-28 22:00:03,37.326728971962616,30.67,108,6.5420560747663545,13.084112149532709,70.09345794392523,10.2803738317757
2026-07-28 22:10:02,35.7807476635514,29.17,108,6.5420560747663545,12.149532710280374,73.83177570093457,7.476635514018691
2026-07-28 22:20:02,35.08214953271028,29.16,108,6.5420560747663545,14.953271028037381,71.96261682242991,6.5420560747663545
2026-07-28 22:30:03,34.70439252336448,29.0,108,6.5420560747663545,14.953271028037381,72.89719626168224,5.607476635514018
2026-07-28 22:40:02,34.30542056074766,29.0,108,6.5420560747663545,16.822429906542055,72.89719626168224,3.7383177570093453
2026-07-28 22:50:01,33.716542056074765,29.0,108,6.5420560747663545,15.887850467289718,73.83177570093457,3.7383177570093453
2026-07-28 23:00:03,32.99065420560748,28.17,108,6.5420560747663545,16.822429906542055,73.83177570093457,2.803738317757009
2026-07-28 23:10:02,32.58355140186916,26.09,108,6.5420560747663545,13.084112149532709,77.57009345794393,2.803738317757009
2026-07-28 23:20:11,32.17130841121495,24.73,108,6.5420560747663545,13.084112149532709,77.57009345794393,2.803738317757009
2026-07-28 23:30:03,31.93906542056075,24.73,108,6.5420560747663545,12.149532710280374,78.50467289719626,2.803738317757009
2026-07-28 23:40:11,31.799906542056075,24.73,108,6.5420560747663545,11.214953271028037,79.43925233644859,2.803738317757009
2026-07-28 23:50:12,30.938130841121495,24.11,108,6.5420560747663545,9.345794392523365,81.30841121495327,2.803738317757009
2026-07-29 00:00:03,30.382803738317758,23.87,108,6.5420560747663545,8.411214953271028,82.2429906542056,2.803738317757009
2026-07-29 00:10:21,29.975981308411214,21.85,108,6.5420560747663545,9.345794392523365,81.30841121495327,2.803738317757009
2026-07-29 00:20:02,29.85411214953271,21.85,108,6.5420560747663545,9.345794392523365,81.30841121495327,2.803738317757009
2026-07-29 00:30:03,29.360093457943922,21.79,108,6.5420560747663545,9.345794392523365,81.30841121495327,2.803738317757009
2026-07-29 00:40:10,29.202990654205607,21.85,108,6.60377358490566,8.49056603773585,82.0754716981132,2.8301886792452833
2026-07-29 00:50:02,29.03233644859813,21.79,108,6.60377358490566,8.49056603773585,82.0754716981132,2.8301886792452833
2026-07-29 01:00:12,29.576074766355138,21.19,108,7.547169811320755,8.49056603773585,81.13207547169812,2.8301886792452833
2026-07-29 01:10:12,29.331682242990652,21.13,108,7.547169811320755,8.49056603773585,81.13207547169812,2.8301886792452833
2026-07-29 01:20:02,29.179532710280373,21.13,108,7.547169811320755,8.49056603773585,81.13207547169812,2.8301886792452833
2026-07-29 01:30:03,29.094112149532712,21.08,108,7.6190476190476195,8.571428571428571,80.95238095238095,2.857142857142857
2026-07-29 01:40:02,28.97467289719626,21.08,108,7.6190476190476195,8.571428571428571,80.95238095238095,2.857142857142857
2026-07-29 01:50:02,28.895420560747663,21.08,108,7.6190476190476195,8.571428571428571,80.95238095238095,2.857142857142857
2026-07-29 02:00:02,28.89177570093458,20.53,108,7.6190476190476195,8.571428571428571,80.95238095238095,2.857142857142857
2026-07-29 02:10:10,28.706261682242992,19.5,108,7.6190476190476195,8.571428571428571,80.95238095238095,2.857142857142857
2026-07-29 02:20:02,28.0903738317757,20.0,108,6.60377358490566,8.49056603773585,82.0754716981132,2.8301886792452833
2026-07-29 02:30:03,28.073644859813086,20.0,108,6.60377358490566,8.49056603773585,82.0754716981132,2.8301886792452833
2026-07-29 02:40:10,28.05140186915888,20.0,108,6.60377358490566,8.49056603773585,82.0754716981132,2.8301886792452833
2026-07-29 02:50:21,27.96373831775701,19.25,108,6.60377358490566,8.49056603773585,82.0754716981132,2.8301886792452833
2026-07-29 03:00:03,27.875420560747664,18.09,108,6.60377358490566,8.49056603773585,82.0754716981132,2.8301886792452833
2026-07-29 03:10:20,27.94261682242991,18.09,108,6.60377358490566,8.49056603773585,82.0754716981132,2.8301886792452833
2026-07-29 03:20:02,27.85252336448598,18.09,108,6.60377358490566,8.49056603773585,82.0754716981132,2.8301886792452833
2026-07-29 03:30:03,27.861869158878502,19.05,108,6.60377358490566,8.49056603773585,82.0754716981132,2.8301886792452833
2026-07-29 03:40:11,27.884392523364486,18.09,108,6.60377358490566,9.433962264150944,81.13207547169812,2.8301886792452833
2026-07-29 03:50:02,27.829532710280372,17.95,108,6.60377358490566,9.433962264150944,81.13207547169812,2.8301886792452833
2026-07-29 04:00:03,27.864579439252335,18.05,108,6.60377358490566,9.433962264150944,81.13207547169812,2.8301886792452833
2026-07-29 04:10:02,27.91355140186916,17.95,108,6.60377358490566,9.433962264150944,81.13207547169812,2.8301886792452833
2026-07-29 04:20:12,27.950934579439252,18.09,108,6.60377358490566,9.433962264150944,81.13207547169812,2.8301886792452833
2026-07-29 04:30:02,27.899906542056076,18.09,108,6.60377358490566,9.433962264150944,81.13207547169812,2.8301886792452833
2026-07-29 04:40:02,28.24532710280374,19.15,108,6.60377358490566,10.377358490566039,80.18867924528303,2.8301886792452833
2026-07-29 04:50:02,28.29841121495327,19.15,108,6.60377358490566,10.377358490566039,80.18867924528303,2.8301886792452833
2026-07-29 05:00:02,28.376915887850465,19.15,108,6.60377358490566,11.320754716981133,79.24528301886792,2.8301886792452833
2026-07-29 05:10:02,28.34392523364486,19.15,108,6.60377358490566,10.377358490566039,80.18867924528303,2.8301886792452833
2026-07-29 05:20:02,28.53551401869159,19.15,108,6.60377358490566,10.377358490566039,80.18867924528303,2.8301886792452833
2026-07-29 05:30:03,28.672616822429905,18.82,108,6.60377358490566,10.377358490566039,80.18867924528303,2.8301886792452833
2026-07-29 05:40:02,28.809906542056073,19.01,108,6.60377358490566,9.433962264150944,81.13207547169812,2.8301886792452833
2026-07-29 05:50:02,28.975607476635513,19.25,108,6.60377358490566,10.377358490566039,81.13207547169812,1.8867924528301887
2026-07-29 06:00:03,29.24626168224299,20.53,108,6.60377358490566,10.377358490566039,81.13207547169812,1.8867924528301887
2026-07-29 06:10:02,29.764672897196263,21.08,108,6.60377358490566,8.49056603773585,81.13207547169812,3.7735849056603774
2026-07-29 06:20:02,30.008598130841122,21.54,108,6.5420560747663545,10.2803738317757,80.37383177570094,2.803738317757009
2026-07-29 06:30:03,30.531121495327103,23.87,108,6.5420560747663545,11.214953271028037,79.43925233644859,2.803738317757009
2026-07-29 06:40:02,30.812523364485983,22.88,108,6.5420560747663545,8.411214953271028,80.37383177570094,4.672897196261682
2026-07-29 06:50:02,31.33,23.33,108,6.5420560747663545,7.476635514018691,78.50467289719626,7.476635514018691
2026-07-29 07:00:03,30.758785046728974,22.89,108,5.607476635514018,8.411214953271028,79.43925233644859,6.5420560747663545
2026-07-29 07:10:12,30.785794392523364,22.59,108,5.607476635514018,9.345794392523365,78.50467289719626,6.5420560747663545
2026-07-29 07:20:02,31.23,23.56,108,5.660377358490567,10.377358490566039,79.24528301886792,4.716981132075472
2026-07-29 07:30:03,31.896822429906543,24.14,108,5.660377358490567,10.377358490566039,78.30188679245283,5.660377358490567
2026-07-29 07:40:02,32.475981308411214,25.35,108,6.60377358490566,10.377358490566039,77.35849056603774,5.660377358490567
2026-07-29 07:50:02,33.41373831775701,26.79,108,7.547169811320755,11.320754716981133,75.47169811320755,5.660377358490567
2026-07-29 08:00:03,35.08841121495327,28.57,108,7.547169811320755,11.320754716981133,73.58490566037736,7.547169811320755
2026-07-29 08:10:02,36.28364485981308,32.05,108,8.411214953271028,9.345794392523365,76.63551401869158,5.607476635514018
2026-07-29 08:20:02,37.49028037383177,30.95,108,8.411214953271028,14.018691588785046,71.96261682242991,5.607476635514018
2026-07-29 08:30:03,39.39214953271028,33.93,108,8.411214953271028,14.018691588785046,69.1588785046729,8.411214953271028
2026-07-29 08:40:02,41.888878504672896,36.75,108,9.345794392523365,14.953271028037381,65.42056074766354,10.2803738317757
2026-07-29 08:50:02,44.33757009345794,40.0,108,10.2803738317757,18.69158878504673,60.747663551401864,10.2803738317757
2026-07-29 09:00:03,47.03859813084112,44.8,108,12.149532710280374,21.49532710280374,55.140186915887845,11.214953271028037
2026-07-29 09:10:02,48.23112149532711,48.39,108,14.953271028037381,23.364485981308412,53.271028037383175,8.411214953271028
2026-07-29 09:20:02,49.13009345794393,49.1,108,14.953271028037381,21.49532710280374,54.20560747663551,9.345794392523365
2026-07-29 09:30:02,49.692616822429905,50.0,108,14.018691588785046,23.364485981308412,52.336448598130836,10.2803738317757
2026-07-29 09:40:03,51.14579439252337,52.69,108,14.018691588785046,21.49532710280374,49.532710280373834,14.953271028037381
2026-07-29 09:50:02,52.02953271028037,53.85,108,15.887850467289718,18.69158878504673,49.532710280373834,15.887850467289718
2026-07-29 10:00:03,52.929906542056074,55.21,108,17.75700934579439,18.69158878504673,47.66355140186916,15.887850467289718
2026-07-29 10:10:02,53.944392523364485,55.21,108,14.953271028037381,18.69158878504673,46.728971962616825,19.626168224299064
2026-07-29 10:20:11,54.8688785046729,56.25,108,14.953271028037381,19.626168224299064,45.794392523364486,19.626168224299064
2026-07-29 10:30:02,55.42532710280374,57.29,108,16.822429906542055,20.5607476635514,43.925233644859816,18.69158878504673
2026-07-29 10:40:11,56.165700934579434,57.75,108,16.822429906542055,22.429906542056074,41.1214953271028,19.626168224299064
2026-07-29 10:50:02,56.57028037383177,59.15,108,17.75700934579439,21.49532710280374,41.1214953271028,19.626168224299064
2026-07-29 11:00:03,57.294859813084116,59.48,108,19.626168224299064,21.49532710280374,41.1214953271028,17.75700934579439
2026-07-29 11:10:02,58.122616822429904,62.72,108,19.626168224299064,20.5607476635514,39.25233644859813,20.5607476635514
2026-07-29 11:20:12,58.654672897196264,61.7,108,21.49532710280374,22.429906542056074,38.31775700934579,17.75700934579439
2026-07-29 11:30:03,58.55018691588785,61.25,108,21.49532710280374,23.364485981308412,38.31775700934579,16.822429906542055
2026-07-29 11:40:21,58.43336448598131,62.31,108,21.49532710280374,23.364485981308412,38.31775700934579,16.822429906542055
2026-07-29 11:50:02,58.801495327102806,62.81,108,21.49532710280374,23.364485981308412,38.31775700934579,16.822429906542055
2026-07-29 12:00:03,58.76663551401869,61.81,108,22.429906542056074,26.168224299065418,38.31775700934579,13.084112149532709
2026-07-29 12:10:02,58.70570093457944,62.01,108,22.429906542056074,27.102803738317753,38.31775700934579,12.149532710280374
2026-07-29 12:20:22,58.49448598130841,62.65,108,21.49532710280374,25.233644859813083,39.25233644859813,14.018691588785046
2026-07-29 12:30:11,58.532897196261686,62.35,108,21.49532710280374,25.233644859813083,38.31775700934579,14.953271028037381
2026-07-29 12:40:11,58.670186915887854,63.04,108,21.49532710280374,22.429906542056074,38.31775700934579,17.75700934579439
2026-07-29 12:50:12,58.27168224299065,61.96,108,21.49532710280374,19.626168224299064,39.25233644859813,19.626168224299064
2026-07-29 13:00:02,58.205794392523366,59.49,108,22.429906542056074,20.5607476635514,39.25233644859813,17.75700934579439
2026-07-29 13:10:02,58.219345794392524,60.22,108,21.49532710280374,18.69158878504673,39.25233644859813,20.5607476635514
2026-07-29 13:20:02,58.168130841121496,63.38,108,19.626168224299064,21.49532710280374,39.25233644859813,19.626168224299064
2026-07-29 13:30:10,58.12841121495327,62.63,108,20.5607476635514,20.5607476635514,40.18691588785047,18.69158878504673
2026-07-29 13:40:03,58.00747663551402,62.37,108,21.49532710280374,20.5607476635514,40.18691588785047,17.75700934579439
2026-07-29 13:50:02,58.29196261682243,63.08,108,22.429906542056074,20.5607476635514,40.18691588785047,16.822429906542055
2026-07-29 14:00:21,58.764672897196256,62.72,108,23.364485981308412,18.69158878504673,40.18691588785047,17.75700934579439
2026-07-29 14:10:02,58.359626168224295,62.69,108,21.49532710280374,19.626168224299064,40.18691588785047,18.69158878504673
2026-07-29 14:20:02,58.53953271028037,63.08,108,23.364485981308412,20.5607476635514,40.18691588785047,15.887850467289718
2026-07-29 14:30:03,58.48728971962617,62.69,108,23.364485981308412,19.626168224299064,39.25233644859813,17.75700934579439
2026-07-29 14:40:02,58.702336448598125,61.19,108,23.364485981308412,20.5607476635514,39.25233644859813,16.822429906542055
2026-07-29 14:50:02,58.56523364485981,61.19,108,23.364485981308412,18.69158878504673,39.25233644859813,18.69158878504673
2026-07-29 15:00:03,58.29579439252336,61.65,108,24.299065420560748,17.75700934579439,41.1214953271028,16.822429906542055
2026-07-29 15:10:02,58.11710280373831,61.67,108,23.364485981308412,18.69158878504673,42.05607476635514,15.887850467289718
2026-07-29 15:20:02,57.42196261682243,61.19,108,22.429906542056074,19.626168224299064,42.99065420560748,14.953271028037381
2026-07-29 15:30:03,57.56542056074766,60.87,108,24.299065420560748,17.75700934579439,43.925233644859816,14.018691588785046
2026-07-29 15:40:03,57.02261682242991,61.7,108,23.364485981308412,16.822429906542055,44.85981308411215,14.953271028037381
2026-07-29 15:50:02,56.75476635514019,61.67,108,21.49532710280374,15.887850467289718,45.794392523364486,16.822429906542055
2026-07-29 16:00:02,56.49214953271028,59.57,108,21.49532710280374,16.822429906542055,45.794392523364486,15.887850467289718
2026-07-29 16:10:02,55.91869158878505,58.73,108,22.429906542056074,16.822429906542055,45.794392523364486,14.953271028037381
2026-07-29 16:20:02,55.334392523364485,56.93,108,19.626168224299064,16.822429906542055,44.85981308411215,18.69158878504673
2026-07-29 16:30:02,54.56420560747664,56.93,108,20.5607476635514,17.75700934579439,45.794392523364486,15.887850467289718
2026-07-29 16:40:02,54.04401869158878,57.29,108,17.75700934579439,20.5607476635514,44.85981308411215,16.822429906542055
2026-07-29 16:50:02,53.58,55.91,108,15.887850467289718,20.5607476635514,44.85981308411215,18.69158878504673
2026-07-29 17:00:03,53.38196261682243,56.27,108,14.018691588785046,19.626168224299064,44.85981308411215,21.49532710280374
2026-07-29 17:10:02,52.512523364485986,53.92,108,13.084112149532709,21.49532710280374,45.794392523364486,19.626168224299064
2026-07-29 17:20:02,52.19934579439252,51.04,108,13.084112149532709,18.69158878504673,48.598130841121495,19.626168224299064
2026-07-29 17:30:12,52.10373831775701,51.06,108,13.084112149532709,18.69158878504673,48.598130841121495,19.626168224299064
2026-07-29 17:40:02,51.58056074766355,48.94,108,14.018691588785046,14.018691588785046,52.336448598130836,19.626168224299064
2026-07-29 17:50:02,50.63822429906542,46.43,108,14.018691588785046,14.018691588785046,54.20560747663551,17.75700934579439
2026-07-29 18:00:12,50.0385046728972,45.41,108,11.214953271028037,14.018691588785046,53.271028037383175,21.49532710280374
2026-07-29 18:10:11,47.73214953271028,43.78,108,12.149532710280374,15.887850467289718,54.20560747663551,17.75700934579439
2026-07-29 18:20:02,46.05579439252337,42.47,108,8.411214953271028,16.822429906542055,57.009345794392516,17.75700934579439
2026-07-29 18:30:11,45.70981308411215,41.67,108,9.345794392523365,16.822429906542055,57.943925233644855,15.887850467289718
2026-07-29 18:40:12,45.62252336448598,41.87,108,11.214953271028037,16.822429906542055,57.943925233644855,14.018691588785046
2026-07-29 18:50:02,45.92560747663551,41.67,108,14.953271028037381,14.018691588785046,58.87850467289719,12.149532710280374
2026-07-29 19:00:13,46.23476635514019,43.75,108,14.953271028037381,17.75700934579439,56.074766355140184,11.214953271028037
2026-07-29 19:10:02,46.41850467289719,43.53,108,14.953271028037381,14.953271028037381,58.87850467289719,11.214953271028037
2026-07-29 19:20:02,46.72990654205608,42.35,108,16.822429906542055,12.149532710280374,58.87850467289719,12.149532710280374
2026-07-29 19:30:03,47.0407476635514,42.47,108,17.75700934579439,12.149532710280374,58.87850467289719,11.214953271028037
2026-07-29 19:40:02,46.96028037383178,41.1,108,16.822429906542055,11.214953271028037,60.747663551401864,11.214953271028037
2026-07-29 19:50:02,46.979719626168226,40.96,108,15.887850467289718,10.2803738317757,59.813084112149525,14.018691588785046
2026-07-29 20:00:03,46.84121495327103,42.86,108,15.887850467289718,9.345794392523365,60.747663551401864,14.018691588785046
2026-07-29 20:10:02,45.62953271028037,39.31,108,14.018691588785046,10.2803738317757,61.6822429906542,14.018691588785046
2026-07-29 20:20:02,44.728224299065424,38.3,108,14.018691588785046,11.214953271028037,60.747663551401864,14.018691588785046
2026-07-29 20:30:03,44.213738317757006,38.41,108,14.953271028037381,14.018691588785046,60.747663551401864,10.2803738317757
2026-07-29 20:40:02,43.83271028037384,38.33,108,11.214953271028037,12.149532710280374,60.747663551401864,15.887850467289718
2026-07-29 20:50:02,43.485607476635515,35.69,108,11.214953271028037,12.149532710280374,62.616822429906534,14.018691588785046
2026-07-29 21:00:22,42.8077570093458,36.08,108,10.2803738317757,13.084112149532709,62.616822429906534,14.018691588785046
2026-07-29 21:10:02,41.64981308411215,35.51,108,9.345794392523365,14.953271028037381,64.48598130841121,11.214953271028037
2026-07-29 21:20:02,40.741775700934575,34.43,108,10.2803738317757,14.018691588785046,67.28971962616822,8.411214953271028
2026-07-29 21:30:02,39.608037383177574,34.33,108,8.411214953271028,14.953271028037381,68.22429906542055,8.411214953271028
2026-07-29 21:40:02,39.06794392523364,33.07,108,7.476635514018691,14.953271028037381,68.22429906542055,9.345794392523365
2026-07-29 21:50:02,38.134018691588786,32.59,108,7.476635514018691,13.084112149532709,69.1588785046729,10.2803738317757
2026-07-29 22:00:03,37.217570093457944,32.0,108,7.476635514018691,15.887850467289718,70.09345794392523,6.5420560747663545
2026-07-29 22:10:02,36.46186915887851,31.15,108,7.476635514018691,14.018691588785046,71.96261682242991,6.5420560747663545
2026-07-29 22:20:02,35.668130841121496,29.58,108,7.476635514018691,14.953271028037381,72.89719626168224,4.672897196261682
2026-07-29 22:30:02,35.27168224299066,28.51,108,7.476635514018691,14.953271028037381,72.89719626168224,4.672897196261682
2026-07-29 22:40:02,34.92897196261682,27.54,108,7.476635514018691,11.214953271028037,73.83177570093457,7.476635514018691
2026-07-29 22:50:12,34.34196261682243,26.53,108,6.5420560747663545,15.887850467289718,72.89719626168224,4.672897196261682
2026-07-29 23:00:03,33.904859813084116,24.73,108,5.607476635514018,12.149532710280374,74.76635514018692,7.476635514018691
2026-07-29 23:10:21,33.63551401869159,26.76,108,5.607476635514018,15.887850467289718,71.96261682242991,6.5420560747663545
2026-07-29 23:20:02,33.4496261682243,26.78,108,5.607476635514018,14.953271028037381,73.83177570093457,5.607476635514018
2026-07-29 23:30:02,33.10710280373832,26.76,108,5.607476635514018,14.953271028037381,75.70093457943925,3.7383177570093453
2026-07-29 23:40:02,33.424579439252334,26.78,108,6.5420560747663545,14.953271028037381,74.76635514018692,3.7383177570093453
2026-07-29 23:50:02,33.10448598130841,27.54,108,6.5420560747663545,10.2803738317757,78.50467289719626,4.672897196261682
2026-07-30 00:00:12,32.86102803738318,27.54,108,6.5420560747663545,11.214953271028037,77.57009345794393,4.672897196261682
2026-07-30 00:10:02,32.259532710280375,25.35,108,5.607476635514018,10.2803738317757,78.50467289719626,5.607476635514018
2026-07-30 00:20:10,32.19140186915888,26.5,108,6.5420560747663545,10.2803738317757,79.43925233644859,3.7383177570093453
2026-07-30 00:30:03,31.905420560747665,25.5,108,6.5420560747663545,9.345794392523365,80.37383177570094,3.7383177570093453
2026-07-30 00:40:02,31.741308411214955,24.73,108,6.5420560747663545,8.411214953271028,80.37383177570094,4.672897196261682
2026-07-30 00:50:02,31.460747663551402,23.64,108,6.5420560747663545,8.411214953271028,80.37383177570094,4.672897196261682
2026-07-30 01:00:03,31.409532710280374,23.87,108,6.5420560747663545,7.476635514018691,80.37383177570094,5.607476635514018
2026-07-30 01:10:02,31.17056074766355,24.36,108,6.5420560747663545,7.476635514018691,80.37383177570094,5.607476635514018
2026-07-30 01:20:10,31.020841121495327,23.31,108,6.5420560747663545,6.5420560747663545,81.30841121495327,5.607476635514018
2026-07-30 01:30:02,30.950467289719626,23.31,108,6.5420560747663545,6.5420560747663545,81.30841121495327,5.607476635514018
2026-07-30 01:40:02,30.74682242990654,23.64,108,6.5420560747663545,6.5420560747663545,81.30841121495327,5.607476635514018
2026-07-30 01:50:02,30.567009345794393,22.58,108,6.5420560747663545,6.5420560747663545,81.30841121495327,5.607476635514018
2026-07-30 02:00:02,30.512990654205606,23.31,108,6.5420560747663545,7.476635514018691,81.30841121495327,4.672897196261682
2026-07-30 02:10:03,30.299719626168226,22.5,108,6.5420560747663545,7.476635514018691,81.30841121495327,4.672897196261682
2026-07-30 02:20:02,30.097383177570094,21.82,108,6.5420560747663545,7.476635514018691,81.30841121495327,4.672897196261682
2026-07-30 02:30:03,29.981869158878503,21.82,108,6.5420560747663545,7.476635514018691,81.30841121495327,4.672897196261682
2026-07-30 02:40:02,29.9188785046729,20.29,108,6.5420560747663545,7.476635514018691,81.30841121495327,4.672897196261682
2026-07-30 02:50:10,29.88355140186916,20.53,108,6.5420560747663545,6.5420560747663545,82.2429906542056,4.672897196261682
2026-07-30 03:00:12,29.85373831775701,20.18,108,6.5420560747663545,6.5420560747663545,82.2429906542056,4.672897196261682
2026-07-30 03:10:02,29.831682242990656,20.0,108,6.5420560747663545,6.5420560747663545,82.2429906542056,4.672897196261682
2026-07-30 03:20:02,29.794672897196264,19.87,108,6.5420560747663545,6.5420560747663545,82.2429906542056,4.672897196261682
2026-07-30 03:30:02,29.81411214953271,19.87,108,6.5420560747663545,6.5420560747663545,82.2429906542056,4.672897196261682
2026-07-30 03:40:02,29.87214953271028,19.87,108,6.5420560747663545,7.476635514018691,81.30841121495327,4.672897196261682
2026-07-30 03:50:02,29.866635514018693,19.48,108,6.5420560747663545,7.476635514018691,81.30841121495327,4.672897196261682
2026-07-30 04:00:03,29.825981308411215,19.48,108,6.5420560747663545,7.476635514018691,81.30841121495327,4.672897196261682
2026-07-30 04:10:02,29.819439252336448,19.48,108,6.5420560747663545,8.411214953271028,81.30841121495327,3.7383177570093453
2026-07-30 04:20:20,29.909719626168226,20.0,108,6.5420560747663545,7.476635514018691,81.30841121495327,4.672897196261682
2026-07-30 04:30:02,30.033271028037383,20.53,108,6.5420560747663545,7.476635514018691,81.30841121495327,4.672897196261682
2026-07-30 04:40:02,30.322149532710277,20.53,108,6.5420560747663545,7.476635514018691,81.30841121495327,4.672897196261682
2026-07-30 04:50:20,30.404299065420563,21.25,108,6.5420560747663545,7.476635514018691,81.30841121495327,4.672897196261682
2026-07-30 05:00:03,30.41644859813084,20.53,108,7.476635514018691,7.476635514018691,81.30841121495327,3.7383177570093453
2026-07-30 05:10:11,30.42803738317757,20.53,108,7.476635514018691,8.411214953271028,81.30841121495327,2.803738317757009
2026-07-30 05:20:10,30.500093457943922,20.0,108,7.476635514018691,8.411214953271028,81.30841121495327,2.803738317757009
2026-07-30 05:30:11,30.60252336448598,20.53,108,6.5420560747663545,8.411214953271028,81.30841121495327,3.7383177570093453
2026-07-30 05:40:02,30.63504672897196,22.22,108,6.5420560747663545,9.345794392523365,80.37383177570094,3.7383177570093453
2026-07-30 05:50:02,30.914766355140188,23.31,108,6.5420560747663545,9.345794392523365,80.37383177570094,3.7383177570093453
2026-07-30 06:00:12,31.27214953271028,23.64,108,6.5420560747663545,8.411214953271028,80.37383177570094,4.672897196261682
2026-07-30 06:10:02,31.39878504672897,23.31,108,7.476635514018691,8.411214953271028,80.37383177570094,3.7383177570093453
2026-07-30 06:20:02,31.794018691588786,23.31,108,7.476635514018691,8.411214953271028,79.43925233644859,4.672897196261682
2026-07-30 06:30:12,32.265700934579435,23.87,108,7.476635514018691,6.5420560747663545,79.43925233644859,6.5420560747663545
2026-07-30 06:40:02,32.767383177570096,24.06,108,7.476635514018691,7.476635514018691,78.50467289719626,6.5420560747663545
2026-07-30 06:50:03,32.922242990654205,24.06,108,7.476635514018691,7.476635514018691,79.43925233644859,5.607476635514018
2026-07-30 07:00:03,32.47177570093458,25.0,108,6.5420560747663545,6.5420560747663545,80.37383177570094,6.5420560747663545
2026-07-30 07:10:02,32.53570093457944,25.0,108,6.5420560747663545,7.476635514018691,80.37383177570094,5.607476635514018
2026-07-30 07:20:02,32.99261682242991,25.0,108,6.5420560747663545,6.5420560747663545,80.37383177570094,6.5420560747663545
2026-07-30 07:30:03,33.09672897196262,25.0,108,5.607476635514018,6.5420560747663545,80.37383177570094,7.476635514018691
2026-07-30 07:40:02,33.89158878504673,25.81,108,7.476635514018691,11.214953271028037,76.63551401869158,4.672897196261682
2026-07-30 07:50:02,35.13878504672897,27.59,108,8.411214953271028,12.149532710280374,74.76635514018692,4.672897196261682
2026-07-30 08:00:03,36.21672897196262,28.77,108,7.476635514018691,12.149532710280374,74.76635514018692,5.607476635514018
2026-07-30 08:10:02,37.3107476635514,32.14,108,7.476635514018691,12.149532710280374,73.83177570093457,6.5420560747663545
2026-07-30 08:20:02,38.76271028037383,33.8,108,7.476635514018691,13.084112149532709,72.89719626168224,6.5420560747663545
2026-07-30 08:30:21,40.59971962616822,34.04,108,9.345794392523365,13.084112149532709,70.09345794392523,7.476635514018691
2026-07-30 08:40:02,42.775140186915884,37.5,108,11.214953271028037,13.084112149532709,67.28971962616822,8.411214953271028
2026-07-30 08:50:02,45.058411214953274,41.94,108,14.018691588785046,16.822429906542055,62.616822429906534,6.5420560747663545
2026-07-30 09:00:13,47.129999999999995,45.0,108,14.018691588785046,20.5607476635514,56.074766355140184,9.345794392523365
2026-07-30 09:10:03,48.333364485981306,45.52,108,13.084112149532709,20.5607476635514,52.336448598130836,14.018691588785046
2026-07-30 09:20:12,49.62672897196262,50.0,108,14.018691588785046,16.822429906542055,52.336448598130836,16.822429906542055
2026-07-30 09:30:03,50.8070093457944,48.78,108,14.018691588785046,15.887850467289718,51.4018691588785,18.69158878504673
2026-07-30 09:40:02,51.60682242990654,50.0,108,13.084112149532709,14.953271028037381,51.4018691588785,20.5607476635514
2026-07-30 09:50:02,52.52644859813084,50.0,108,14.018691588785046,16.822429906542055,50.467289719626166,18.69158878504673
2026-07-30 10:00:03,53.675887850467284,50.25,108,16.822429906542055,17.75700934579439,49.532710280373834,15.887850467289718
2026-07-30 10:10:11,54.275140186915884,52.17,108,17.75700934579439,17.75700934579439,48.598130841121495,15.887850467289718
2026-07-30 10:20:21,54.96429906542056,54.35,108,17.75700934579439,17.75700934579439,46.728971962616825,17.75700934579439
2026-07-30 10:30:02,55.25158878504673,55.0,108,17.75700934579439,18.69158878504673,45.794392523364486,17.75700934579439
2026-07-30 10:40:03,55.998878504672895,56.1,108,18.69158878504673,20.5607476635514,42.99065420560748,17.75700934579439
2026-07-30 10:50:02,56.369813084112145,55.89,108,19.626168224299064,19.626168224299064,42.99065420560748,17.75700934579439
2026-07-30 11:00:02,56.58728971962617,56.25,108,19.626168224299064,18.69158878504673,42.99065420560748,18.69158878504673
2026-07-30 11:10:02,56.76990654205608,57.61,108,18.69158878504673,20.5607476635514,42.05607476635514,18.69158878504673
2026-07-30 11:20:12,56.565233644859816,58.7,108,17.75700934579439,18.69158878504673,42.05607476635514,21.49532710280374
2026-07-30 11:30:03,56.78140186915888,59.57,108,16.822429906542055,16.822429906542055,42.99065420560748,23.364485981308412
2026-07-30 11:40:03,57.49093457943925,60.13,108,20.5607476635514,16.822429906542055,42.99065420560748,19.626168224299064
2026-07-30 11:50:21,57.813457943925236,58.86,108,20.5607476635514,17.75700934579439,42.05607476635514,19.626168224299064
2026-07-30 12:00:03,58.00785046728972,60.86,108,20.5607476635514,19.626168224299064,41.1214953271028,18.69158878504673
2026-07-30 12:10:03,58.14084112149533,61.54,108,21.49532710280374,17.75700934579439,41.1214953271028,19.626168224299064
2026-07-30 12:20:21,58.09897196261682,61.54,108,21.49532710280374,20.5607476635514,40.18691588785047,17.75700934579439
2026-07-30 12:30:03,57.67177570093458,59.78,108,22.429906542056074,19.626168224299064,41.1214953271028,16.822429906542055
2026-07-30 12:40:03,57.8992523364486,60.65,108,21.49532710280374,19.626168224299064,41.1214953271028,17.75700934579439
2026-07-30 12:50:12,57.41598130841122,59.94,108,21.49532710280374,17.75700934579439,42.05607476635514,18.69158878504673
2026-07-30 13:00:02,57.305140186915885,58.73,108,21.49532710280374,22.429906542056074,40.18691588785047,15.887850467289718
2026-07-30 13:10:02,56.947943925233645,57.75,108,20.5607476635514,18.69158878504673,42.05607476635514,18.69158878504673
2026-07-30 13:20:12,56.83551401869158,57.07,108,21.49532710280374,16.822429906542055,42.05607476635514,19.626168224299064
2026-07-30 13:30:03,56.51588785046729,56.52,108,18.69158878504673,18.69158878504673,42.05607476635514,20.5607476635514
2026-07-30 13:40:10,56.93336448598131,56.64,108,22.429906542056074,18.69158878504673,42.05607476635514,16.822429906542055
2026-07-30 13:50:02,57.061775700934575,57.61,108,20.5607476635514,18.69158878504673,42.05607476635514,18.69158878504673
2026-07-30 14:00:03,57.209626168224304,58.23,108,20.5607476635514,16.822429906542055,42.99065420560748,19.626168224299064
2026-07-30 14:10:11,57.27037383177571,57.61,108,22.429906542056074,17.75700934579439,42.99065420560748,16.822429906542055
2026-07-30 14:20:03,57.42971962616823,56.52,108,20.5607476635514,17.75700934579439,42.05607476635514,19.626168224299064
2026-07-30 14:30:03,57.78644859813084,60.13,108,23.364485981308412,17.75700934579439,42.05607476635514,16.822429906542055
2026-07-30 14:40:03,57.760093457943924,59.49,108,22.429906542056074,16.822429906542055,41.1214953271028,19.626168224299064
2026-07-30 14:50:02,57.51757009345795,58.23,108,21.49532710280374,16.822429906542055,42.05607476635514,19.626168224299064
2026-07-30 15:00:03,57.34588785046729,58.23,108,21.49532710280374,16.822429906542055,42.05607476635514,19.626168224299064
2026-07-30 15:10:03,57.19635514018692,57.59,108,22.429906542056074,18.69158878504673,40.18691588785047,18.69158878504673
2026-07-30 15:20:03,57.2185046728972,57.53,108,21.49532710280374,20.5607476635514,41.1214953271028,16.822429906542055
2026-07-30 15:30:03,57.289345794392524,58.93,108,22.429906542056074,21.49532710280374,40.18691588785047,15.887850467289718
2026-07-30 15:40:11,56.975420560747665,58.54,108,22.429906542056074,19.626168224299064,42.05607476635514,15.887850467289718
2026-07-30 15:50:03,56.605233644859815,58.23,108,23.364485981308412,21.49532710280374,42.99065420560748,12.149532710280374
2026-07-30 16:00:03,56.45859813084112,57.69,108,20.5607476635514,20.5607476635514,42.99065420560748,15.887850467289718
2026-07-30 16:10:21,55.747850467289716,56.78,108,19.626168224299064,20.5607476635514,42.99065420560748,16.822429906542055
2026-07-30 16:20:11,55.5692523364486,60.0,108,17.75700934579439,21.49532710280374,42.99065420560748,17.75700934579439
2026-07-30 16:30:03,55.10943925233645,56.78,108,18.69158878504673,20.5607476635514,44.85981308411215,15.887850467289718
2026-07-30 16:40:20,54.72953271028038,58.47,108,16.822429906542055,19.626168224299064,46.728971962616825,16.822429906542055
2026-07-30 16:50:02,54.44728971962616,56.34,108,14.953271028037381,20.5607476635514,45.794392523364486,18.69158878504673
2026-07-30 17:00:03,54.55299065420561,56.34,108,15.887850467289718,21.49532710280374,44.85981308411215,17.75700934579439
2026-07-30 17:10:02,53.50046728971963,53.66,108,14.953271028037381,19.626168224299064,45.794392523364486,19.626168224299064
2026-07-30 17:20:11,52.72336448598131,52.71,108,13.084112149532709,18.69158878504673,47.66355140186916,20.5607476635514
2026-07-30 17:30:03,52.10635514018691,51.67,108,13.084112149532709,17.75700934579439,48.598130841121495,20.5607476635514
2026-07-30 17:40:02,51.1688785046729,48.98,108,14.953271028037381,14.953271028037381,51.4018691588785,18.69158878504673
2026-07-30 17:50:12,50.78130841121496,48.0,108,14.018691588785046,14.953271028037381,52.336448598130836,18.69158878504673
2026-07-30 18:00:02,50.37345794392523,48.0,108,13.084112149532709,14.953271028037381,52.336448598130836,19.626168224299064
2026-07-30 18:10:12,47.925887850467284,45.0,108,14.018691588785046,19.626168224299064,52.336448598130836,14.018691588785046
2026-07-30 18:20:02,46.866728971962615,44.3,108,12.149532710280374,17.75700934579439,55.140186915887845,14.953271028037381
2026-07-30 18:30:03,45.78336448598131,44.94,108,12.149532710280374,17.75700934579439,57.009345794392516,13.084112149532709
2026-07-30 18:40:02,45.78785046728972,44.67,108,12.149532710280374,19.626168224299064,57.009345794392516,11.214953271028037
2026-07-30 18:50:02,45.57607476635514,43.28,108,11.214953271028037,16.822429906542055,57.943925233644855,14.018691588785046
2026-07-30 19:00:03,46.13168224299066,43.07,108,12.149532710280374,17.75700934579439,57.009345794392516,13.084112149532709
2026-07-30 19:10:03,45.989158878504675,42.67,108,11.214953271028037,16.822429906542055,57.009345794392516,14.953271028037381
2026-07-30 19:20:11,46.33663551401869,40.3,108,12.149532710280374,16.822429906542055,57.009345794392516,14.018691588785046
2026-07-30 19:30:03,46.47887850467289,41.27,108,12.149532710280374,19.626168224299064,55.140186915887845,13.084112149532709
2026-07-30 19:40:02,46.31514018691589,41.57,108,11.214953271028037,14.018691588785046,57.943925233644855,16.822429906542055
2026-07-30 19:50:02,46.076542056074764,41.57,108,11.214953271028037,14.953271028037381,57.943925233644855,15.887850467289718
2026-07-30 20:00:03,45.85130841121495,41.57,108,11.214953271028037,14.018691588785046,58.87850467289719,15.887850467289718
2026-07-30 20:10:02,44.98897196261682,37.88,108,10.2803738317757,15.887850467289718,58.87850467289719,14.953271028037381
2026-07-30 20:20:02,44.30476635514018,35.82,108,11.214953271028037,14.953271028037381,58.87850467289719,14.953271028037381
2026-07-30 20:30:13,44.08327102803738,35.23,108,10.2803738317757,14.018691588785046,60.747663551401864,14.953271028037381
2026-07-30 20:40:12,43.821962616822425,35.82,108,11.214953271028037,16.822429906542055,60.747663551401864,11.214953271028037
2026-07-30 20:50:02,42.938317757009344,35.23,108,8.411214953271028,15.887850467289718,60.747663551401864,14.953271028037381
2026-07-30 21:00:11,42.52971962616823,34.15,108,8.411214953271028,13.084112149532709,61.6822429906542,16.822429906542055
2026-07-30 21:10:02,41.68551401869159,33.88,108,7.476635514018691,13.084112149532709,63.55140186915887,15.887850467289718
2026-07-30 21:20:12,41.08710280373832,33.71,108,6.5420560747663545,13.084112149532709,64.48598130841121,15.887850467289718
2026-07-30 21:30:03,40.31897196261682,33.86,108,5.607476635514018,12.149532710280374,65.42056074766354,16.822429906542055
2026-07-30 21:40:12,39.50028037383177,33.07,108,6.5420560747663545,10.2803738317757,67.28971962616822,15.887850467289718
2026-07-30 21:50:11,38.80859813084112,32.39,108,7.476635514018691,13.084112149532709,67.28971962616822,12.149532710280374
2026-07-30 22:00:02,38.07691588785047,32.01,108,7.476635514018691,14.953271028037381,67.28971962616822,10.2803738317757
2026-07-30 22:10:02,37.08747663551402,31.35,108,7.476635514018691,10.2803738317757,71.96261682242991,10.2803738317757
2026-07-30 22:20:02,36.26953271028037,30.0,108,6.5420560747663545,11.214953271028037,71.96261682242991,10.2803738317757
2026-07-30 22:30:02,35.68757009345794,29.58,108,6.5420560747663545,14.018691588785046,71.02803738317756,8.411214953271028
2026-07-30 22:40:02,35.222897196261684,29.17,108,6.5420560747663545,12.149532710280374,72.89719626168224,8.411214953271028
2026-07-30 22:50:12,34.62532710280374,29.17,108,6.5420560747663545,14.018691588785046,74.76635514018692,4.672897196261682
2026-07-30 23:00:02,34.31355140186916,29.17,108,5.607476635514018,14.018691588785046,75.70093457943925,4.672897196261682
2026-07-30 23:10:21,33.455887850467285,28.08,108,4.672897196261682,13.084112149532709,76.63551401869158,5.607476635514018
2026-07-30 23:20:02,33.07485981308411,27.54,108,4.672897196261682,13.084112149532709,76.63551401869158,5.607476635514018
2026-07-30 23:30:10,32.766635514018695,27.54,108,5.607476635514018,12.149532710280374,76.63551401869158,5.607476635514018
2026-07-30 23:40:11,32.3503738317757,27.54,108,5.607476635514018,12.149532710280374,77.57009345794393,4.672897196261682
2026-07-30 23:50:02,32.838971962616824,27.87,108,6.5420560747663545,11.214953271028037,76.63551401869158,5.607476635514018
2026-07-31 00:00:03,32.42971962616822,27.42,108,6.5420560747663545,10.2803738317757,78.50467289719626,4.672897196261682
2026-07-31 00:10:11,31.85803738317757,24.11,108,6.5420560747663545,8.411214953271028,80.37383177570094,4.672897196261682
2026-07-31 00:20:02,31.260280373831776,23.21,108,6.5420560747663545,8.411214953271028,80.37383177570094,4.672897196261682
2026-07-31 00:30:11,31.177289719626167,23.21,108,5.607476635514018,8.411214953271028,80.37383177570094,5.607476635514018
2026-07-31 00:40:11,30.931495327102805,23.21,108,5.607476635514018,7.476635514018691,81.30841121495327,5.607476635514018
2026-07-31 00:50:02,30.78121495327103,23.08,108,5.607476635514018,7.476635514018691,81.30841121495327,5.607476635514018
2026-07-31 01:00:12,30.670280373831773,23.08,108,5.607476635514018,7.476635514018691,81.30841121495327,5.607476635514018
2026-07-31 01:10:02,30.47728971962617,23.21,108,5.607476635514018,6.5420560747663545,82.2429906542056,5.607476635514018
2026-07-31 01:20:01,30.292803738317755,23.0,108,5.607476635514018,6.5420560747663545,82.2429906542056,5.607476635514018
2026-07-31 01:30:10,30.051028037383176,21.8,108,5.607476635514018,6.5420560747663545,82.2429906542056,5.607476635514018
2026-07-31 01:40:02,29.914018691588787,21.43,108,5.607476635514018,6.5420560747663545,82.2429906542056,5.607476635514018
2026-07-31 01:50:02,29.86280373831776,21.43,108,5.607476635514018,6.5420560747663545,82.2429906542056,5.607476635514018
2026-07-31 02:00:02,29.66467289719626,21.43,108,5.607476635514018,5.607476635514018,83.17757009345794,5.607476635514018
2026-07-31 02:10:12,29.519345794392525,20.78,108,5.607476635514018,5.607476635514018,83.17757009345794,5.607476635514018
2026-07-31 02:20:02,29.42140186915888,20.78,108,5.607476635514018,5.607476635514018,83.17757009345794,5.607476635514018
2026-07-31 02:30:03,29.237383177570095,20.78,108,5.607476635514018,5.607476635514018,83.17757009345794,5.607476635514018
2026-07-31 02:40:11,29.168130841121492,20.78,108,5.607476635514018,6.5420560747663545,83.17757009345794,4.672897196261682
2026-07-31 02:50:02,29.093177570093456,20.0,108,5.607476635514018,6.5420560747663545,83.17757009345794,4.672897196261682
2026-07-31 03:00:21,29.201869158878505,20.78,108,5.607476635514018,6.5420560747663545,83.17757009345794,4.672897196261682
2026-07-31 03:10:02,29.13878504672897,20.0,108,5.607476635514018,6.5420560747663545,83.17757009345794,4.672897196261682
2026-07-31 03:20:02,29.058130841121493,20.0,108,5.607476635514018,6.5420560747663545,83.17757009345794,4.672897196261682
2026-07-31 03:30:02,28.995420560747664,19.19,108,5.607476635514018,6.5420560747663545,83.17757009345794,4.672897196261682
2026-07-31 03:40:12,28.935327102803736,20.0,108,5.607476635514018,6.5420560747663545,83.17757009345794,4.672897196261682
2026-07-31 03:50:02,28.901028037383178,20.0,108,5.607476635514018,7.476635514018691,82.2429906542056,4.672897196261682
2026-07-31 04:00:03,28.983364485981305,20.0,108,5.607476635514018,7.476635514018691,82.2429906542056,4.672897196261682
2026-07-31 04:10:02,29.10588785046729,20.0,108,5.607476635514018,7.476635514018691,82.2429906542056,4.672897196261682
2026-07-31 04:20:02,29.103084112149535,20.0,108,5.607476635514018,6.5420560747663545,82.2429906542056,5.607476635514018
2026-07-31 04:30:10,29.10448598130841,20.0,108,6.5420560747663545,6.5420560747663545,82.2429906542056,4.672897196261682
2026-07-31 04:40:12,29.35785046728972,20.78,108,6.5420560747663545,6.5420560747663545,82.2429906542056,4.672897196261682
2026-07-31 04:50:02,29.392897196261682,20.78,108,6.5420560747663545,6.5420560747663545,82.2429906542056,4.672897196261682
2026-07-31 05:00:21,29.34252336448598,20.0,108,6.5420560747663545,6.5420560747663545,82.2429906542056,4.672897196261682
2026-07-31 05:10:11,29.452990654205607,20.78,108,6.5420560747663545,6.5420560747663545,82.2429906542056,4.672897196261682
2026-07-31 05:20:02,29.493831775700937,20.78,108,6.5420560747663545,7.476635514018691,82.2429906542056,3.7383177570093453
2026-07-31 05:30:13,29.52308411214953,21.25,108,6.5420560747663545,6.5420560747663545,83.17757009345794,3.7383177570093453
2026-07-31 05:40:02,29.613457943925233,20.78,108,6.5420560747663545,6.5420560747663545,83.17757009345794,3.7383177570093453
2026-07-31 05:50:02,29.888691588785047,21.43,108,6.5420560747663545,6.5420560747663545,83.17757009345794,3.7383177570093453
2026-07-31 06:00:13,30.312990654205606,21.43,108,6.5420560747663545,5.607476635514018,83.17757009345794,4.672897196261682
2026-07-31 06:10:02,30.95018691588785,21.39,108,6.5420560747663545,7.476635514018691,81.30841121495327,4.672897196261682
2026-07-31 06:20:02,31.32841121495327,21.43,108,6.5420560747663545,9.345794392523365,80.37383177570094,3.7383177570093453
2026-07-31 06:30:12,31.735514018691585,21.43,108,6.5420560747663545,12.149532710280374,77.57009345794393,3.7383177570093453
2026-07-31 06:40:02,32.134579439252335,21.43,108,6.5420560747663545,13.084112149532709,75.70093457943925,4.672897196261682
2026-07-31 06:50:02,32.704018691588786,22.56,108,6.5420560747663545,12.149532710280374,75.70093457943925,5.607476635514018
2026-07-31 07:00:02,32.28504672897196,22.56,108,5.607476635514018,11.214953271028037,76.63551401869158,6.5420560747663545
2026-07-31 07:10:02,32.60943925233645,22.58,108,5.607476635514018,12.149532710280374,75.70093457943925,6.5420560747663545
2026-07-31 07:20:02,32.86682242990654,24.11,108,5.607476635514018,11.214953271028037,76.63551401869158,6.5420560747663545
2026-07-31 07:30:02,33.02897196261682,24.34,108,5.607476635514018,12.149532710280374,75.70093457943925,6.5420560747663545
2026-07-31 07:40:12,33.6288785046729,25.53,108,5.607476635514018,13.084112149532709,74.76635514018692,6.5420560747663545
2026-07-31 07:50:02,34.73897196261682,25.86,108,6.60377358490566,13.20754716981132,74.52830188679245,5.660377358490567
2026-07-31 08:00:11,35.63971962616822,26.6,108,6.60377358490566,11.320754716981133,73.58490566037736,8.49056603773585
2026-07-31 08:10:02,36.561682242990656,28.95,108,6.60377358490566,12.264150943396226,71.69811320754717,9.433962264150944
