snapshot_id,ts,source,rows,stations,chargers,stat_2,stat_3,stat_other,gap_min,date,hour,size_class
20260717_134156,2026-07-17 13:41:56,live_loop1,493,361,493,342,134,17,,2026-07-17,13,중형
20260717_135428,2026-07-17 13:54:28,live_loop1,488,366,488,320,160,8,12.533333333333333,2026-07-17,13,중형
20260717_140928,2026-07-17 14:09:28,live_loop1,521,373,521,341,157,23,15.0,2026-07-17,14,대형
20260717_142430,2026-07-17 14:24:30,live_loop1,507,380,507,326,174,7,15.033333333333333,2026-07-17,14,중형
20260717_143931,2026-07-17 14:39:31,live_loop1,562,404,562,376,168,18,15.016666666666667,2026-07-17,14,대형
20260717_145431,2026-07-17 14:54:31,live_loop1,500,380,500,323,171,6,15.0,2026-07-17,14,중형
20260717_150934,2026-07-17 15:09:34,live_loop1,548,391,548,361,162,25,15.05,2026-07-17,15,대형
20260717_152435,2026-07-17 15:24:35,live_loop1,536,402,536,341,189,6,15.016666666666667,2026-07-17,15,대형
20260717_153936,2026-07-17 15:39:36,live_loop1,569,412,569,364,189,16,15.016666666666667,2026-07-17,15,대형
20260717_155436,2026-07-17 15:54:36,live_loop1,520,397,520,346,169,5,15.0,2026-07-17,15,대형
20260717_160940,2026-07-17 16:09:40,live_loop1,581,411,581,361,180,40,15.066666666666666,2026-07-17,16,대형
20260717_162440,2026-07-17 16:24:40,live_loop1,503,382,503,317,180,6,15.0,2026-07-17,16,중형
20260717_163941,2026-07-17 16:39:41,live_loop1,527,382,527,336,168,23,15.016666666666667,2026-07-17,16,대형
20260717_165442,2026-07-17 16:54:42,live_loop1,518,385,518,345,168,5,15.016666666666667,2026-07-17,16,대형
20260717_170942,2026-07-17 17:09:42,live_loop1,559,408,559,352,174,33,15.0,2026-07-17,17,대형
20260717_172443,2026-07-17 17:24:43,live_loop1,538,400,538,350,180,8,15.016666666666667,2026-07-17,17,대형
20260717_173944,2026-07-17 17:39:44,live_loop1,535,386,535,358,153,24,15.016666666666667,2026-07-17,17,대형
20260717_175445,2026-07-17 17:54:45,live_loop1,509,383,509,318,181,10,15.016666666666667,2026-07-17,17,중형
20260717_180946,2026-07-17 18:09:46,live_loop1,556,404,556,337,195,24,15.016666666666667,2026-07-17,18,대형
20260717_182446,2026-07-17 18:24:46,live_loop1,551,404,551,292,244,15,15.0,2026-07-17,18,대형
20260717_183947,2026-07-17 18:39:47,live_loop1,566,416,566,323,221,22,15.016666666666667,2026-07-17,18,대형
20260717_185448,2026-07-17 18:54:48,live_loop1,521,399,521,298,219,4,15.016666666666667,2026-07-17,18,대형
20260717_190950,2026-07-17 19:09:50,live_loop1,576,414,576,339,215,22,15.033333333333333,2026-07-17,19,대형
20260717_192450,2026-07-17 19:24:50,live_loop1,551,411,551,282,257,12,15.0,2026-07-17,19,대형
20260717_193951,2026-07-17 19:39:51,live_loop1,531,387,531,314,198,19,15.016666666666667,2026-07-17,19,대형
20260717_195452,2026-07-17 19:54:52,live_loop1,508,386,508,285,216,7,15.016666666666667,2026-07-17,19,중형
20260717_200952,2026-07-17 20:09:52,live_loop1,562,408,562,338,193,31,15.0,2026-07-17,20,대형
20260717_202453,2026-07-17 20:24:53,live_loop1,517,377,517,298,187,32,15.016666666666667,2026-07-17,20,대형
20260717_203954,2026-07-17 20:39:54,live_loop1,514,361,514,347,146,21,15.016666666666667,2026-07-17,20,대형
20260717_205457,2026-07-17 20:54:57,live_loop1,460,348,460,285,169,6,15.05,2026-07-17,20,중형
20260717_210958,2026-07-17 21:09:58,live_loop1,508,360,508,313,167,28,15.016666666666667,2026-07-17,21,중형
20260717_212459,2026-07-17 21:24:59,live_loop1,453,339,453,286,157,10,15.016666666666667,2026-07-17,21,중형
20260717_214000,2026-07-17 21:40:00,live_loop1,474,345,474,314,140,20,15.016666666666667,2026-07-17,21,중형
20260718_072011,2026-07-18 07:20:11,live_loop1,380,272,380,314,59,7,580.1833333333333,2026-07-18,7,소형
20260718_073511,2026-07-18 07:35:11,live_loop1,450,321,450,370,63,17,15.0,2026-07-18,7,중형
20260718_075012,2026-07-18 07:50:12,live_loop1,391,295,391,322,63,6,15.016666666666667,2026-07-18,7,소형
20260718_080512,2026-07-18 08:05:12,live_loop1,501,360,501,391,86,24,15.0,2026-07-18,8,중형
20260718_082017,2026-07-18 08:20:17,live_loop1,459,351,459,379,74,6,15.083333333333334,2026-07-18,8,중형
20260718_083518,2026-07-18 08:35:18,live_loop1,476,342,476,394,61,21,15.016666666666667,2026-07-18,8,중형
20260718_085018,2026-07-18 08:50:18,live_loop1,472,357,472,378,87,7,15.0,2026-07-18,8,중형
20260718_090519,2026-07-18 09:05:19,live_loop1,549,389,549,414,99,36,15.016666666666667,2026-07-18,9,대형
20260718_092020,2026-07-18 09:20:20,live_loop1,491,373,491,353,129,9,15.016666666666667,2026-07-18,9,중형
20260718_093520,2026-07-18 09:35:20,live_loop1,556,411,556,411,126,19,15.0,2026-07-18,9,대형
20260718_095021,2026-07-18 09:50:21,live_loop1,490,362,490,385,94,11,15.016666666666667,2026-07-18,9,중형
20260718_100521,2026-07-18 10:05:21,live_loop1,523,378,523,384,111,28,15.0,2026-07-18,10,대형
20260718_102024,2026-07-18 10:20:24,live_loop1,478,356,478,352,119,7,15.05,2026-07-18,10,중형
20260718_103525,2026-07-18 10:35:25,live_loop1,541,394,541,388,133,20,15.016666666666667,2026-07-18,10,대형
20260718_105025,2026-07-18 10:50:25,live_loop1,501,375,501,352,138,11,15.0,2026-07-18,10,중형
20260718_110526,2026-07-18 11:05:26,live_loop1,532,384,532,393,117,22,15.016666666666667,2026-07-18,11,대형
20260718_112032,2026-07-18 11:20:32,live_loop1,458,339,458,326,127,5,15.1,2026-07-18,11,중형
20260718_113533,2026-07-18 11:35:33,live_loop1,551,395,551,375,152,24,15.016666666666667,2026-07-18,11,대형
20260718_115033,2026-07-18 11:50:33,live_loop1,458,343,458,309,139,10,15.0,2026-07-18,11,중형
20260718_120534,2026-07-18 12:05:34,live_loop1,561,413,561,379,153,29,15.016666666666667,2026-07-18,12,대형
20260718_122035,2026-07-18 12:20:35,live_loop1,441,326,441,300,134,7,15.016666666666667,2026-07-18,12,중형
20260718_123535,2026-07-18 12:35:35,live_loop1,536,381,536,383,134,19,15.0,2026-07-18,12,대형
20260718_125036,2026-07-18 12:50:36,live_loop1,478,358,478,332,140,6,15.016666666666667,2026-07-18,12,중형
20260718_130537,2026-07-18 13:05:37,live_loop1,543,383,543,357,160,26,15.016666666666667,2026-07-18,13,대형
20260718_132038,2026-07-18 13:20:38,live_loop1,498,373,498,327,164,7,15.016666666666667,2026-07-18,13,중형
20260718_133539,2026-07-18 13:35:39,live_loop1,561,398,561,377,164,20,15.016666666666667,2026-07-18,13,대형
20260718_135039,2026-07-18 13:50:39,live_loop1,519,381,519,346,166,7,15.0,2026-07-18,13,대형
20260718_140540,2026-07-18 14:05:40,live_loop1,544,390,544,366,153,25,15.016666666666667,2026-07-18,14,대형
20260718_142041,2026-07-18 14:20:41,live_loop1,460,348,460,301,155,4,15.016666666666667,2026-07-18,14,중형
20260718_143542,2026-07-18 14:35:42,live_loop1,536,380,536,356,157,23,15.016666666666667,2026-07-18,14,대형
20260718_145043,2026-07-18 14:50:43,live_loop1,477,353,477,299,171,7,15.016666666666667,2026-07-18,14,중형
20260718_150543,2026-07-18 15:05:43,live_loop1,520,382,520,331,161,28,15.0,2026-07-18,15,대형
20260718_152044,2026-07-18 15:20:44,live_loop1,496,372,496,323,164,9,15.016666666666667,2026-07-18,15,중형
20260718_153545,2026-07-18 15:35:45,live_loop1,544,390,544,367,150,27,15.016666666666667,2026-07-18,15,대형
20260718_155046,2026-07-18 15:50:46,live_loop1,464,351,464,306,154,4,15.016666666666667,2026-07-18,15,중형
20260718_160547,2026-07-18 16:05:47,live_loop1,537,376,537,337,175,25,15.016666666666667,2026-07-18,16,대형
20260718_162047,2026-07-18 16:20:47,live_loop1,500,372,500,314,165,21,15.0,2026-07-18,16,중형
20260718_163549,2026-07-18 16:35:49,live_loop1,528,389,528,334,169,25,15.033333333333333,2026-07-18,16,대형
20260718_165049,2026-07-18 16:50:49,live_loop1,487,351,487,298,182,7,15.0,2026-07-18,16,중형
20260718_170551,2026-07-18 17:05:51,live_loop1,526,376,526,328,165,33,15.033333333333333,2026-07-18,17,대형
20260718_172054,2026-07-18 17:20:54,live_loop1,487,357,487,305,179,3,15.05,2026-07-18,17,중형
20260718_173555,2026-07-18 17:35:55,live_loop1,563,412,563,354,180,29,15.016666666666667,2026-07-18,17,대형
20260718_175057,2026-07-18 17:50:57,live_loop1,504,378,504,315,183,6,15.033333333333333,2026-07-18,17,중형
20260718_180558,2026-07-18 18:05:58,live_loop1,568,411,568,347,195,26,15.016666666666667,2026-07-18,18,대형
20260718_182058,2026-07-18 18:20:58,live_loop1,513,371,513,308,201,4,15.0,2026-07-18,18,대형
20260718_183601,2026-07-18 18:36:01,live_loop1,566,419,566,346,194,26,15.05,2026-07-18,18,대형
20260718_185102,2026-07-18 18:51:02,live_loop1,506,389,506,289,209,8,15.016666666666667,2026-07-18,18,중형
20260718_190606,2026-07-18 19:06:06,live_loop1,560,399,560,322,212,26,15.066666666666666,2026-07-18,19,대형
20260718_192107,2026-07-18 19:21:07,live_loop1,498,381,498,286,203,9,15.016666666666667,2026-07-18,19,중형
20260718_193608,2026-07-18 19:36:08,live_loop1,540,394,540,332,182,26,15.016666666666667,2026-07-18,19,대형
20260718_195109,2026-07-18 19:51:09,live_loop1,480,356,480,294,174,12,15.016666666666667,2026-07-18,19,중형
20260718_200610,2026-07-18 20:06:10,live_loop1,549,391,549,305,213,31,15.016666666666667,2026-07-18,20,대형
20260718_202111,2026-07-18 20:21:11,live_loop1,489,365,489,284,202,3,15.016666666666667,2026-07-18,20,중형
20260718_203612,2026-07-18 20:36:12,live_loop1,524,380,524,317,180,27,15.016666666666667,2026-07-18,20,대형
20260718_205115,2026-07-18 20:51:15,live_loop1,482,358,482,277,194,11,15.05,2026-07-18,20,중형
20260718_210615,2026-07-18 21:06:15,live_loop1,486,352,486,292,165,29,15.0,2026-07-18,21,중형
20260718_212116,2026-07-18 21:21:16,live_loop1,434,328,434,288,140,6,15.016666666666667,2026-07-18,21,중형
20260718_213617,2026-07-18 21:36:17,live_loop1,530,376,530,300,201,29,15.016666666666667,2026-07-18,21,대형
20260718_215118,2026-07-18 21:51:18,live_loop1,514,382,514,286,220,8,15.016666666666667,2026-07-18,21,대형
20260718_220619,2026-07-18 22:06:19,live_loop1,514,369,514,308,176,30,15.016666666666667,2026-07-18,22,대형
20260718_222120,2026-07-18 22:21:20,live_loop1,432,318,432,265,155,12,15.016666666666667,2026-07-18,22,중형
20260718_223621,2026-07-18 22:36:21,live_loop1,495,359,495,291,170,34,15.016666666666667,2026-07-18,22,중형
20260719_074927,2026-07-19 07:49:27,live_loop1,364,264,364,300,60,4,553.1,2026-07-19,7,소형
20260719_080427,2026-07-19 08:04:27,live_loop1,457,323,457,363,67,27,15.0,2026-07-19,8,중형
20260719_081928,2026-07-19 08:19:28,live_loop1,392,292,392,332,53,7,15.016666666666667,2026-07-19,8,소형
20260719_083429,2026-07-19 08:34:29,live_loop1,475,338,475,405,50,20,15.016666666666667,2026-07-19,8,중형
20260719_084929,2026-07-19 08:49:29,live_loop1,427,317,427,354,70,3,15.0,2026-07-19,8,소형
20260719_090430,2026-07-19 09:04:30,live_loop1,525,375,525,391,99,35,15.016666666666667,2026-07-19,9,대형
20260719_091932,2026-07-19 09:19:32,live_loop1,480,354,480,382,88,10,15.033333333333333,2026-07-19,9,중형
20260719_093432,2026-07-19 09:34:32,live_loop1,525,374,525,413,96,16,15.0,2026-07-19,9,대형
20260719_094934,2026-07-19 09:49:34,live_loop1,463,346,463,362,96,5,15.033333333333333,2026-07-19,9,중형
20260719_095524,2026-07-19 09:55:24,live_loop1,455,343,455,368,79,8,5.833333333333333,2026-07-19,9,중형
20260719_100031,2026-07-19 10:00:31,live_loop1,447,336,447,366,77,4,5.116666666666666,2026-07-19,10,중형
20260719_101531,2026-07-19 10:15:31,live_loop1,459,342,459,351,105,3,15.0,2026-07-19,10,중형
20260719_103032,2026-07-19 10:30:32,live_loop1,484,358,484,384,91,9,15.016666666666667,2026-07-19,10,중형
20260719_104533,2026-07-19 10:45:33,live_loop1,455,348,455,348,96,11,15.016666666666667,2026-07-19,10,중형
20260719_110033,2026-07-19 11:00:33,live_loop1,423,315,423,317,98,8,15.0,2026-07-19,11,소형
20260719_111538,2026-07-19 11:15:38,live_loop1,455,338,455,344,101,10,15.083333333333334,2026-07-19,11,중형
20260719_113039,2026-07-19 11:30:39,live_loop1,459,348,459,340,107,12,15.016666666666667,2026-07-19,11,중형
20260719_114540,2026-07-19 11:45:40,live_loop1,424,315,424,314,102,8,15.016666666666667,2026-07-19,11,소형
20260719_120043,2026-07-19 12:00:43,live_loop1,407,295,407,299,99,9,15.05,2026-07-19,12,소형
20260719_121550,2026-07-19 12:15:50,live_loop1,440,328,440,325,110,5,15.116666666666667,2026-07-19,12,중형
20260719_123050,2026-07-19 12:30:50,live_loop1,434,317,434,329,98,7,15.0,2026-07-19,12,중형
20260719_124554,2026-07-19 12:45:54,live_loop1,458,352,458,320,131,7,15.066666666666666,2026-07-19,12,중형
20260719_130055,2026-07-19 13:00:55,live_loop1,425,313,425,313,102,10,15.016666666666667,2026-07-19,13,소형
20260719_131604,2026-07-19 13:16:04,live_loop1,415,309,415,295,117,3,15.15,2026-07-19,13,소형
20260719_133104,2026-07-19 13:31:04,live_loop1,440,320,440,330,105,5,15.0,2026-07-19,13,중형
20260719_134605,2026-07-19 13:46:05,live_loop1,433,319,433,302,124,7,15.016666666666667,2026-07-19,13,중형
20260719_140109,2026-07-19 14:01:09,live_loop1,428,305,428,296,125,7,15.066666666666666,2026-07-19,14,소형
20260719_141611,2026-07-19 14:16:11,live_loop1,437,325,437,278,151,8,15.033333333333333,2026-07-19,14,중형
20260719_143112,2026-07-19 14:31:12,live_loop1,415,312,415,292,118,5,15.016666666666667,2026-07-19,14,소형
20260719_144613,2026-07-19 14:46:13,live_loop1,435,321,435,273,158,4,15.016666666666667,2026-07-19,14,중형
20260719_150114,2026-07-19 15:01:14,live_loop1,433,328,433,278,147,8,15.016666666666667,2026-07-19,15,중형
20260719_151615,2026-07-19 15:16:15,live_loop1,440,327,440,307,128,5,15.016666666666667,2026-07-19,15,중형
20260719_153115,2026-07-19 15:31:15,live_loop1,425,319,425,281,139,5,15.0,2026-07-19,15,소형
20260719_154616,2026-07-19 15:46:16,live_loop1,447,337,447,313,127,7,15.016666666666667,2026-07-19,15,중형
20260719_160117,2026-07-19 16:01:17,live_loop1,423,307,423,284,133,6,15.016666666666667,2026-07-19,16,소형
20260719_161619,2026-07-19 16:16:19,live_loop1,448,329,448,302,142,4,15.033333333333333,2026-07-19,16,중형
20260719_163120,2026-07-19 16:31:20,live_loop1,486,368,486,307,172,7,15.016666666666667,2026-07-19,16,중형
20260719_164621,2026-07-19 16:46:21,live_loop1,410,306,410,269,133,8,15.016666666666667,2026-07-19,16,소형
20260719_170122,2026-07-19 17:01:22,live_loop1,439,323,439,276,155,8,15.016666666666667,2026-07-19,17,중형
20260719_171623,2026-07-19 17:16:23,live_loop1,464,347,464,291,167,6,15.016666666666667,2026-07-19,17,중형
20260719_173125,2026-07-19 17:31:25,live_loop1,448,326,448,284,157,7,15.033333333333333,2026-07-19,17,중형
20260719_174626,2026-07-19 17:46:26,live_loop1,527,390,527,318,199,10,15.016666666666667,2026-07-19,17,대형
20260719_180129,2026-07-19 18:01:29,live_loop1,426,322,426,280,138,8,15.05,2026-07-19,18,소형
20260719_181630,2026-07-19 18:16:30,live_loop1,520,397,520,320,192,8,15.016666666666667,2026-07-19,18,대형
20260719_183132,2026-07-19 18:31:32,live_loop1,523,400,523,303,211,9,15.033333333333333,2026-07-19,18,대형
20260719_184635,2026-07-19 18:46:35,live_loop1,537,412,537,301,228,8,15.05,2026-07-19,18,대형
20260719_190135,2026-07-19 19:01:35,live_loop1,499,373,499,302,184,13,15.0,2026-07-19,19,중형
20260719_191636,2026-07-19 19:16:36,live_loop1,503,381,503,288,205,10,15.016666666666667,2026-07-19,19,중형
20260719_193138,2026-07-19 19:31:38,live_loop1,495,380,495,302,182,11,15.033333333333333,2026-07-19,19,중형
20260719_194639,2026-07-19 19:46:39,live_loop1,501,380,501,314,175,12,15.016666666666667,2026-07-19,19,중형
20260719_200140,2026-07-19 20:01:40,live_loop1,496,374,496,303,182,11,15.016666666666667,2026-07-19,20,중형
20260719_201641,2026-07-19 20:16:41,live_loop1,466,349,466,298,163,5,15.016666666666667,2026-07-19,20,중형
20260719_203141,2026-07-19 20:31:41,live_loop1,496,364,496,291,196,9,15.0,2026-07-19,20,중형
20260719_204642,2026-07-19 20:46:42,live_loop1,494,377,494,288,200,6,15.016666666666667,2026-07-19,20,중형
20260719_210233,2026-07-19 21:02:33,live_loop1,503,387,503,285,200,18,15.85,2026-07-19,21,중형
20260720_081432,2026-07-20 08:14:32,live_loop1,554,412,554,476,71,7,671.9833333333333,2026-07-20,8,대형
20260720_082939,2026-07-20 08:29:39,live_loop1,581,436,581,463,106,12,15.116666666666667,2026-07-20,8,대형
20260720_084440,2026-07-20 08:44:40,live_loop1,504,380,504,373,122,9,15.016666666666667,2026-07-20,8,중형
20260720_085942,2026-07-20 08:59:42,live_loop1,499,377,499,379,101,19,15.033333333333333,2026-07-20,8,중형
20260720_091442,2026-07-20 09:14:42,live_loop1,459,333,459,369,81,9,15.0,2026-07-20,9,중형
20260720_092943,2026-07-20 09:29:43,live_loop1,464,347,464,351,106,7,15.016666666666667,2026-07-20,9,중형
20260720_094444,2026-07-20 09:44:44,live_loop1,456,346,456,338,111,7,15.016666666666667,2026-07-20,9,중형
20260720_095944,2026-07-20 09:59:44,live_loop1,402,300,402,308,86,8,15.0,2026-07-20,9,소형
20260720_101445,2026-07-20 10:14:45,live_loop1,414,308,414,324,80,10,15.016666666666667,2026-07-20,10,소형
20260720_102946,2026-07-20 10:29:46,live_loop1,402,306,402,310,85,7,15.016666666666667,2026-07-20,10,소형
20260720_104449,2026-07-20 10:44:49,live_loop1,400,302,400,301,89,10,15.05,2026-07-20,10,소형
20260720_105953,2026-07-20 10:59:53,live_loop1,395,295,395,292,96,7,15.066666666666666,2026-07-20,10,소형
20260720_111454,2026-07-20 11:14:54,live_loop1,387,284,387,279,92,16,15.016666666666667,2026-07-20,11,소형
20260720_112954,2026-07-20 11:29:54,live_loop1,424,321,424,313,103,8,15.0,2026-07-20,11,소형
20260720_114455,2026-07-20 11:44:55,live_loop1,411,311,411,293,104,14,15.016666666666667,2026-07-20,11,소형
20260720_115955,2026-07-20 11:59:55,live_loop1,409,303,409,293,111,5,15.0,2026-07-20,11,소형
20260720_121456,2026-07-20 12:14:56,live_loop1,408,304,408,275,123,10,15.016666666666667,2026-07-20,12,소형
20260720_123000,2026-07-20 12:30:00,live_loop1,435,324,435,292,134,9,15.066666666666666,2026-07-20,12,중형
20260720_124501,2026-07-20 12:45:01,live_loop1,431,324,431,304,114,13,15.016666666666667,2026-07-20,12,소형
20260720_130002,2026-07-20 13:00:02,live_loop1,423,316,423,294,112,17,15.016666666666667,2026-07-20,13,소형
20260720_131506,2026-07-20 13:15:06,live_loop1,423,323,423,298,117,8,15.066666666666666,2026-07-20,13,소형
20260720_133009,2026-07-20 13:30:09,live_loop1,396,291,396,278,107,11,15.05,2026-07-20,13,소형
20260720_134509,2026-07-20 13:45:09,live_loop1,420,319,420,289,122,9,15.0,2026-07-20,13,소형
20260720_140010,2026-07-20 14:00:10,live_loop1,404,302,404,279,117,8,15.016666666666667,2026-07-20,14,소형
20260720_141511,2026-07-20 14:15:11,live_loop1,404,291,404,274,112,18,15.016666666666667,2026-07-20,14,소형
20260720_143019,2026-07-20 14:30:19,live_loop1,400,291,400,266,117,17,15.133333333333333,2026-07-20,14,소형
20260720_144524,2026-07-20 14:45:24,live_loop1,404,301,404,277,121,6,15.083333333333334,2026-07-20,14,소형
20260720_150032,2026-07-20 15:00:32,live_loop1,402,290,402,274,113,15,15.133333333333333,2026-07-20,15,소형
20260720_151535,2026-07-20 15:15:35,live_loop1,402,293,402,256,138,8,15.05,2026-07-20,15,소형
20260720_153038,2026-07-20 15:30:38,live_loop1,401,295,401,267,125,9,15.05,2026-07-20,15,소형
20260720_154539,2026-07-20 15:45:39,live_loop1,405,304,405,271,122,12,15.016666666666667,2026-07-20,15,소형
20260720_155545,2026-07-20 15:55:45,live_loop1,452,328,452,285,151,16,10.1,2026-07-20,15,중형
20260720_160048,2026-07-20 16:00:48,live_loop1,445,325,445,274,155,16,5.05,2026-07-20,16,중형
20260720_160546,2026-07-20 16:05:46,live_loop1,507,369,507,328,153,26,4.966666666666667,2026-07-20,16,중형
20260720_161548,2026-07-20 16:15:48,live_loop1,420,316,420,267,149,4,10.033333333333333,2026-07-20,16,소형
20260720_162552,2026-07-20 16:25:52,live_loop1,450,335,450,286,154,10,10.066666666666666,2026-07-20,16,중형
20260720_163051,2026-07-20 16:30:51,live_loop1,436,321,436,284,142,10,4.983333333333333,2026-07-20,16,중형
20260720_163552,2026-07-20 16:35:52,live_loop1,482,343,482,300,154,28,5.016666666666667,2026-07-20,16,중형
20260720_164552,2026-07-20 16:45:52,live_loop1,492,374,492,298,185,9,10.0,2026-07-20,16,중형
20260720_164553,2026-07-20 16:45:53,live_loop1,491,373,491,298,184,9,0.016666666666666666,2026-07-20,16,중형
20260720_165553,2026-07-20 16:55:53,live_loop1,455,340,455,273,170,12,10.0,2026-07-20,16,중형
20260720_170053,2026-07-20 17:00:53,live_loop1,487,372,487,278,200,9,5.0,2026-07-20,17,중형
20260720_170554,2026-07-20 17:05:54,live_loop1,569,426,569,322,217,30,5.016666666666667,2026-07-20,17,대형
20260720_171553,2026-07-20 17:15:53,live_loop1,464,352,464,266,191,7,9.983333333333333,2026-07-20,17,중형
20260720_171555,2026-07-20 17:15:55,live_loop1,464,352,464,266,191,7,0.03333333333333333,2026-07-20,17,중형
20260720_172556,2026-07-20 17:25:56,live_loop1,492,368,492,271,213,8,10.016666666666667,2026-07-20,17,중형
20260720_173054,2026-07-20 17:30:54,live_loop1,504,388,504,273,224,7,4.966666666666667,2026-07-20,17,중형
20260720_173557,2026-07-20 17:35:57,live_loop1,570,430,570,307,239,24,5.05,2026-07-20,17,대형
20260720_201103,2026-07-20 20:11:03,live_loop1,571,413,571,294,241,36,155.1,2026-07-20,20,대형
20260720_202103,2026-07-20 20:21:03,live_loop1,514,390,514,289,216,9,10.0,2026-07-20,20,대형
20260720_203104,2026-07-20 20:31:04,live_loop1,522,404,522,283,227,12,10.016666666666667,2026-07-20,20,대형
20260720_204105,2026-07-20 20:41:05,live_loop1,547,393,547,317,206,24,10.016666666666667,2026-07-20,20,대형
20260720_205106,2026-07-20 20:51:06,live_loop1,491,375,491,273,209,9,10.016666666666667,2026-07-20,20,중형
20260720_210107,2026-07-20 21:01:07,live_loop1,467,349,467,268,192,7,10.016666666666667,2026-07-20,21,중형
20260720_211107,2026-07-20 21:11:07,live_loop1,517,378,517,303,183,31,10.0,2026-07-20,21,대형
20260720_212108,2026-07-20 21:21:08,live_loop1,462,352,462,260,193,9,10.016666666666667,2026-07-20,21,중형
20260720_213109,2026-07-20 21:31:09,live_loop1,483,362,483,283,189,11,10.016666666666667,2026-07-20,21,중형
20260720_214109,2026-07-20 21:41:09,live_loop1,488,351,488,290,175,23,10.0,2026-07-20,21,중형
20260720_215110,2026-07-20 21:51:10,live_loop1,465,349,465,265,192,8,10.016666666666667,2026-07-20,21,중형
20260720_220110,2026-07-20 22:01:10,live_loop1,451,333,451,257,186,8,10.0,2026-07-20,22,중형
20260720_221111,2026-07-20 22:11:11,live_loop1,490,350,490,287,169,34,10.016666666666667,2026-07-20,22,중형
20260720_222112,2026-07-20 22:21:12,live_loop1,425,318,425,247,169,9,10.016666666666667,2026-07-20,22,소형
20260720_223114,2026-07-20 22:31:14,live_loop1,447,327,447,262,171,14,10.033333333333333,2026-07-20,22,중형
20260720_224115,2026-07-20 22:41:15,live_loop1,495,360,495,314,156,25,10.016666666666667,2026-07-20,22,중형
20260721_083039,2026-07-21 08:30:39,live_loop1,581,432,581,481,93,7,589.4,2026-07-21,8,대형
20260721_084045,2026-07-21 08:40:45,live_loop1,558,398,558,448,92,18,10.1,2026-07-21,8,대형
20260721_085047,2026-07-21 08:50:47,live_loop1,501,387,501,405,89,7,10.033333333333333,2026-07-21,8,중형
20260721_090055,2026-07-21 09:00:55,live_loop1,495,377,495,382,105,8,10.133333333333333,2026-07-21,9,중형
20260721_091057,2026-07-21 09:10:57,live_loop1,671,461,671,437,91,143,10.033333333333333,2026-07-21,9,대형
20260721_092058,2026-07-21 09:20:58,live_loop1,457,342,457,375,75,7,10.016666666666667,2026-07-21,9,중형
20260721_093059,2026-07-21 09:30:59,live_loop1,486,361,486,365,102,19,10.016666666666667,2026-07-21,9,중형
20260721_094100,2026-07-21 09:41:00,live_loop1,456,328,456,378,61,17,10.016666666666667,2026-07-21,9,중형
20260721_095101,2026-07-21 09:51:01,live_loop1,415,303,415,330,82,3,10.016666666666667,2026-07-21,9,소형
20260721_100103,2026-07-21 10:01:03,live_loop1,408,304,408,317,82,9,10.033333333333333,2026-07-21,10,소형
20260721_101103,2026-07-21 10:11:03,live_loop1,449,319,449,336,92,21,10.0,2026-07-21,10,중형
20260721_102104,2026-07-21 10:21:04,live_loop1,381,275,381,286,89,6,10.016666666666667,2026-07-21,10,소형
20260721_103105,2026-07-21 10:31:05,live_loop1,410,307,410,317,87,6,10.016666666666667,2026-07-21,10,소형
20260721_104109,2026-07-21 10:41:09,live_loop1,420,295,420,316,85,19,10.066666666666666,2026-07-21,10,소형
20260721_105117,2026-07-21 10:51:17,live_loop1,443,324,443,346,91,6,10.133333333333333,2026-07-21,10,중형
20260721_110119,2026-07-21 11:01:19,live_loop1,344,250,344,282,59,3,10.033333333333333,2026-07-21,11,소형
20260721_111121,2026-07-21 11:11:21,live_loop1,400,276,400,313,64,23,10.033333333333333,2026-07-21,11,소형
20260721_112122,2026-07-21 11:21:22,live_loop1,386,288,386,300,79,7,10.016666666666667,2026-07-21,11,소형
20260721_113123,2026-07-21 11:31:23,live_loop1,367,274,367,274,81,12,10.016666666666667,2026-07-21,11,소형
20260721_114123,2026-07-21 11:41:23,live_loop1,379,260,379,284,72,23,10.0,2026-07-21,11,소형
20260721_115124,2026-07-21 11:51:24,live_loop1,356,265,356,268,84,4,10.016666666666667,2026-07-21,11,소형
20260721_120125,2026-07-21 12:01:25,live_loop1,393,286,393,281,102,10,10.016666666666667,2026-07-21,12,소형
20260721_121126,2026-07-21 12:11:26,live_loop1,450,322,450,318,117,15,10.016666666666667,2026-07-21,12,중형
20260721_122127,2026-07-21 12:21:27,live_loop1,380,282,380,271,104,5,10.016666666666667,2026-07-21,12,소형
20260721_123128,2026-07-21 12:31:28,live_loop1,396,294,396,279,112,5,10.016666666666667,2026-07-21,12,소형
20260721_124128,2026-07-21 12:41:28,live_loop1,443,313,443,312,108,23,10.0,2026-07-21,12,중형
20260721_125129,2026-07-21 12:51:29,live_loop1,411,314,411,282,124,5,10.016666666666667,2026-07-21,12,소형
20260721_130138,2026-07-21 13:01:38,live_loop1,424,326,424,290,123,11,10.15,2026-07-21,13,소형
20260721_131139,2026-07-21 13:11:39,live_loop1,448,316,448,331,107,10,10.016666666666667,2026-07-21,13,중형
20260721_132140,2026-07-21 13:21:40,live_loop1,402,296,402,272,119,11,10.016666666666667,2026-07-21,13,소형
20260721_133149,2026-07-21 13:31:49,live_loop1,397,289,397,269,124,4,10.15,2026-07-21,13,소형
20260721_134149,2026-07-21 13:41:49,live_loop1,456,322,456,313,123,20,10.0,2026-07-21,13,중형
20260721_135150,2026-07-21 13:51:50,live_loop1,428,320,428,289,134,5,10.016666666666667,2026-07-21,13,소형
20260721_140159,2026-07-21 14:01:59,live_loop1,439,327,439,275,160,4,10.15,2026-07-21,14,중형
20260721_141200,2026-07-21 14:12:00,live_loop1,460,335,460,311,131,18,10.016666666666667,2026-07-21,14,중형
20260721_142201,2026-07-21 14:22:01,live_loop1,409,302,409,286,111,12,10.016666666666667,2026-07-21,14,소형
20260721_143207,2026-07-21 14:32:07,live_loop1,421,310,421,276,132,13,10.1,2026-07-21,14,소형
20260721_144218,2026-07-21 14:42:18,live_loop1,449,331,449,282,146,21,10.183333333333334,2026-07-21,14,중형
20260721_145219,2026-07-21 14:52:19,live_loop1,397,298,397,270,123,4,10.016666666666667,2026-07-21,14,소형
20260721_150220,2026-07-21 15:02:20,live_loop1,416,316,416,297,113,6,10.016666666666667,2026-07-21,15,소형
20260721_151222,2026-07-21 15:12:22,live_loop1,432,314,432,284,132,16,10.033333333333333,2026-07-21,15,중형
20260721_152223,2026-07-21 15:22:23,live_loop1,414,311,414,279,132,3,10.016666666666667,2026-07-21,15,소형
20260721_153226,2026-07-21 15:32:26,live_loop1,430,304,430,314,113,3,10.05,2026-07-21,15,소형
20260721_154233,2026-07-21 15:42:33,live_loop1,476,350,476,301,151,24,10.116666666666667,2026-07-21,15,중형
20260721_155234,2026-07-21 15:52:34,live_loop1,440,329,440,297,140,3,10.016666666666667,2026-07-21,15,중형
20260721_160234,2026-07-21 16:02:34,live_loop1,433,317,433,301,121,11,10.0,2026-07-21,16,중형
20260721_161248,2026-07-21 16:12:48,live_loop1,490,364,490,298,175,17,10.233333333333333,2026-07-21,16,중형
20260721_162248,2026-07-21 16:22:48,live_loop1,474,358,474,281,186,7,10.0,2026-07-21,16,중형
20260721_163250,2026-07-21 16:32:50,live_loop1,480,363,480,292,181,7,10.033333333333333,2026-07-21,16,중형
20260721_164251,2026-07-21 16:42:51,live_loop1,515,395,515,290,201,24,10.016666666666667,2026-07-21,16,대형
20260721_165259,2026-07-21 16:52:59,live_loop1,516,391,516,314,198,4,10.133333333333333,2026-07-21,16,대형
20260721_170306,2026-07-21 17:03:06,live_loop1,516,392,516,310,201,5,10.116666666666667,2026-07-21,17,대형
20260721_171307,2026-07-21 17:13:07,live_loop1,533,409,533,314,204,15,10.016666666666667,2026-07-21,17,대형
20260721_172313,2026-07-21 17:23:13,live_loop1,521,399,521,292,223,6,10.1,2026-07-21,17,대형
20260721_173316,2026-07-21 17:33:16,live_loop1,572,438,572,304,262,6,10.05,2026-07-21,17,대형
20260721_174317,2026-07-21 17:43:17,live_loop1,617,465,617,319,295,3,10.016666666666667,2026-07-21,17,대형
20260721_202251,2026-07-21 20:22:51,live_loop1,570,432,570,296,262,12,159.56666666666666,2026-07-21,20,대형
20260721_203252,2026-07-21 20:32:52,live_loop1,529,407,529,309,214,6,10.016666666666667,2026-07-21,20,대형
20260721_204253,2026-07-21 20:42:53,live_loop1,543,408,543,310,213,20,10.016666666666667,2026-07-21,20,대형
20260721_205254,2026-07-21 20:52:54,live_loop1,524,407,524,301,219,4,10.016666666666667,2026-07-21,20,대형
20260721_210255,2026-07-21 21:02:55,live_loop1,563,434,563,305,253,5,10.016666666666667,2026-07-21,21,대형
20260721_211256,2026-07-21 21:12:56,live_loop1,526,388,526,294,207,25,10.016666666666667,2026-07-21,21,대형
20260721_212301,2026-07-21 21:23:01,live_loop1,526,402,526,302,215,9,10.083333333333334,2026-07-21,21,대형
20260721_213302,2026-07-21 21:33:02,live_loop1,520,400,520,296,215,9,10.016666666666667,2026-07-21,21,대형
20260721_214305,2026-07-21 21:43:05,live_loop1,541,405,541,284,233,24,10.05,2026-07-21,21,대형
20260721_215306,2026-07-21 21:53:06,live_loop1,483,363,483,288,190,5,10.016666666666667,2026-07-21,21,중형
20260721_220307,2026-07-21 22:03:07,live_loop1,493,368,493,280,204,9,10.016666666666667,2026-07-21,22,중형
20260721_221307,2026-07-21 22:13:07,live_loop1,500,372,500,281,188,31,10.0,2026-07-21,22,중형
20260721_222310,2026-07-21 22:23:10,live_loop1,459,344,459,258,195,6,10.05,2026-07-21,22,중형
20260721_223311,2026-07-21 22:33:11,live_loop1,459,347,459,276,179,4,10.016666666666667,2026-07-21,22,중형
20260721_224312,2026-07-21 22:43:12,live_loop1,455,350,455,276,173,6,10.016666666666667,2026-07-21,22,중형
20260721_225313,2026-07-21 22:53:13,live_loop1,410,313,410,262,140,8,10.016666666666667,2026-07-21,22,소형
20260722_081854,2026-07-22 08:18:54,live_loop1,630,466,630,544,84,2,565.6833333333333,2026-07-22,8,대형
20260722_082907,2026-07-22 08:29:07,live_loop1,593,450,593,485,88,20,10.216666666666667,2026-07-22,8,대형
20260722_083908,2026-07-22 08:39:08,live_loop1,589,434,589,484,91,14,10.016666666666667,2026-07-22,8,대형
20260722_084908,2026-07-22 08:49:08,live_loop1,537,412,537,428,101,8,10.0,2026-07-22,8,대형
20260722_085909,2026-07-22 08:59:09,live_loop1,523,398,523,383,137,3,10.016666666666667,2026-07-22,8,대형
20260722_090911,2026-07-22 09:09:11,live_loop1,575,411,575,447,98,30,10.033333333333333,2026-07-22,9,대형
20260722_091912,2026-07-22 09:19:12,live_loop1,479,358,479,385,82,12,10.016666666666667,2026-07-22,9,중형
20260722_092913,2026-07-22 09:29:13,live_loop1,497,372,497,391,102,4,10.016666666666667,2026-07-22,9,중형
20260722_093915,2026-07-22 09:39:15,live_loop1,546,406,546,435,90,21,10.033333333333333,2026-07-22,9,대형
20260722_094916,2026-07-22 09:49:16,live_loop1,466,357,466,361,102,3,10.016666666666667,2026-07-22,9,중형
20260722_095916,2026-07-22 09:59:16,live_loop1,437,325,437,331,100,6,10.0,2026-07-22,9,중형
20260722_100918,2026-07-22 10:09:18,live_loop1,512,373,512,400,101,11,10.033333333333333,2026-07-22,10,대형
20260722_101925,2026-07-22 10:19:25,live_loop1,413,304,413,308,102,3,10.116666666666667,2026-07-22,10,소형
20260722_102926,2026-07-22 10:29:26,live_loop1,416,308,416,315,98,3,10.016666666666667,2026-07-22,10,소형
20260722_103930,2026-07-22 10:39:30,live_loop1,464,330,464,351,95,18,10.066666666666666,2026-07-22,10,중형
20260722_104931,2026-07-22 10:49:31,live_loop1,427,321,427,320,97,10,10.016666666666667,2026-07-22,10,소형
20260722_105932,2026-07-22 10:59:32,live_loop1,634,394,634,303,107,224,10.016666666666667,2026-07-22,10,대형
20260722_110940,2026-07-22 11:09:40,live_loop1,740,414,740,474,92,174,10.133333333333333,2026-07-22,11,대형
20260722_111942,2026-07-22 11:19:42,live_loop1,545,357,545,445,94,6,10.033333333333333,2026-07-22,11,대형
20260722_112943,2026-07-22 11:29:43,live_loop1,438,325,438,345,90,3,10.016666666666667,2026-07-22,11,중형
20260722_113944,2026-07-22 11:39:44,live_loop1,440,313,440,323,95,22,10.016666666666667,2026-07-22,11,중형
20260722_114945,2026-07-22 11:49:45,live_loop1,425,315,425,291,127,7,10.016666666666667,2026-07-22,11,소형
20260722_115946,2026-07-22 11:59:46,live_loop1,415,308,415,285,122,8,10.016666666666667,2026-07-22,11,소형
20260722_120948,2026-07-22 12:09:48,live_loop1,475,343,475,332,127,16,10.033333333333333,2026-07-22,12,중형
20260722_121949,2026-07-22 12:19:49,live_loop1,396,293,396,269,120,7,10.016666666666667,2026-07-22,12,소형
20260722_122950,2026-07-22 12:29:50,live_loop1,450,341,450,301,141,8,10.016666666666667,2026-07-22,12,중형
20260722_123951,2026-07-22 12:39:51,live_loop1,432,308,432,294,123,15,10.016666666666667,2026-07-22,12,중형
20260722_124953,2026-07-22 12:49:53,live_loop1,415,306,415,286,122,7,10.033333333333333,2026-07-22,12,소형
20260722_125955,2026-07-22 12:59:55,live_loop1,420,312,420,279,135,6,10.033333333333333,2026-07-22,12,소형
20260722_130957,2026-07-22 13:09:57,live_loop1,450,324,450,327,114,9,10.033333333333333,2026-07-22,13,중형
20260722_131957,2026-07-22 13:19:57,live_loop1,424,320,424,298,123,3,10.0,2026-07-22,13,소형
20260722_132959,2026-07-22 13:29:59,live_loop1,429,322,429,293,131,5,10.033333333333333,2026-07-22,13,소형
20260722_134000,2026-07-22 13:40:00,live_loop1,457,323,457,322,121,14,10.016666666666667,2026-07-22,13,중형
20260722_135002,2026-07-22 13:50:02,live_loop1,399,298,399,274,121,4,10.033333333333333,2026-07-22,13,소형
20260722_140003,2026-07-22 14:00:03,live_loop1,415,316,415,281,127,7,10.016666666666667,2026-07-22,14,소형
20260722_141004,2026-07-22 14:10:04,live_loop1,462,332,462,323,121,18,10.016666666666667,2026-07-22,14,중형
20260722_142004,2026-07-22 14:20:04,live_loop1,433,318,433,275,140,18,10.0,2026-07-22,14,중형
20260722_143011,2026-07-22 14:30:11,live_loop1,403,301,403,279,119,5,10.116666666666667,2026-07-22,14,소형
20260722_144016,2026-07-22 14:40:16,live_loop1,489,351,489,354,117,18,10.083333333333334,2026-07-22,14,중형
20260722_145017,2026-07-22 14:50:17,live_loop1,437,314,437,303,127,7,10.016666666666667,2026-07-22,14,중형
20260722_150022,2026-07-22 15:00:22,live_loop1,446,323,446,316,124,6,10.083333333333334,2026-07-22,15,중형
20260722_151023,2026-07-22 15:10:23,live_loop1,489,352,489,317,153,19,10.016666666666667,2026-07-22,15,중형
20260722_152024,2026-07-22 15:20:24,live_loop1,434,325,434,301,129,4,10.016666666666667,2026-07-22,15,중형
20260722_153031,2026-07-22 15:30:31,live_loop1,443,331,443,284,148,11,10.116666666666667,2026-07-22,15,중형
20260722_154033,2026-07-22 15:40:33,live_loop1,474,338,474,303,156,15,10.033333333333333,2026-07-22,15,중형
20260722_155034,2026-07-22 15:50:34,live_loop1,445,338,445,287,156,2,10.016666666666667,2026-07-22,15,중형
20260722_160036,2026-07-22 16:00:36,live_loop1,445,324,445,297,142,6,10.033333333333333,2026-07-22,16,중형
20260722_161037,2026-07-22 16:10:37,live_loop1,498,355,498,319,162,17,10.016666666666667,2026-07-22,16,중형
20260722_162038,2026-07-22 16:20:38,live_loop1,448,327,448,286,150,12,10.016666666666667,2026-07-22,16,중형
20260722_163039,2026-07-22 16:30:39,live_loop1,484,349,484,307,171,6,10.016666666666667,2026-07-22,16,중형
20260722_164040,2026-07-22 16:40:40,live_loop1,527,392,527,327,185,15,10.016666666666667,2026-07-22,16,대형
20260722_165042,2026-07-22 16:50:42,live_loop1,514,374,514,300,208,6,10.033333333333333,2026-07-22,16,대형
20260722_170056,2026-07-22 17:00:56,live_loop1,522,385,522,282,168,72,10.233333333333333,2026-07-22,17,대형
20260722_200145,2026-07-22 20:01:45,live_loop1,590,450,590,303,279,8,180.81666666666666,2026-07-22,20,대형
20260722_200255,2026-07-22 20:02:55,live_loop1,610,460,610,312,290,8,1.1666666666666667,2026-07-22,20,대형
20260722_201420,2026-07-22 20:14:20,live_loop1,588,440,588,325,257,6,11.416666666666666,2026-07-22,20,대형
20260722_202425,2026-07-22 20:24:25,live_loop1,567,430,567,322,239,6,10.083333333333334,2026-07-22,20,대형
20260722_203434,2026-07-22 20:34:34,live_loop1,590,442,590,327,240,23,10.15,2026-07-22,20,대형
20260722_204438,2026-07-22 20:44:38,live_loop1,564,431,564,310,249,5,10.066666666666666,2026-07-22,20,대형
20260722_205441,2026-07-22 20:54:41,live_loop1,517,389,517,288,222,7,10.05,2026-07-22,20,대형
20260722_210200,2026-07-22 21:02:00,live_loop1,520,387,520,297,211,12,7.316666666666666,2026-07-22,21,대형
20260722_210703,2026-07-22 21:07:03,live_loop1,577,424,577,335,216,26,5.05,2026-07-22,21,대형
20260722_211204,2026-07-22 21:12:04,live_loop1,580,438,580,318,239,23,5.016666666666667,2026-07-22,21,대형
20260722_211705,2026-07-22 21:17:05,live_loop1,535,410,535,284,245,6,5.016666666666667,2026-07-22,21,대형
20260722_212208,2026-07-22 21:22:08,live_loop1,530,405,530,273,251,6,5.05,2026-07-22,21,대형
20260722_212711,2026-07-22 21:27:11,live_loop1,516,387,516,274,235,7,5.05,2026-07-22,21,대형
20260722_213830,2026-07-22 21:38:30,live_loop1,563,422,563,330,213,20,11.316666666666666,2026-07-22,21,대형
20260722_214508,2026-07-22 21:45:08,live_loop1,516,386,516,291,218,7,6.633333333333334,2026-07-22,21,대형
20260722_215010,2026-07-22 21:50:10,live_loop1,483,364,483,275,196,12,5.033333333333333,2026-07-22,21,중형
20260722_215511,2026-07-22 21:55:11,live_loop1,467,350,467,280,178,9,5.016666666666667,2026-07-22,21,중형
20260722_220012,2026-07-22 22:00:12,live_loop1,497,375,497,283,209,5,5.016666666666667,2026-07-22,22,중형
20260722_220513,2026-07-22 22:05:13,live_loop1,549,399,549,304,219,26,5.016666666666667,2026-07-22,22,대형
20260722_221014,2026-07-22 22:10:14,live_loop1,528,381,528,309,195,24,5.016666666666667,2026-07-22,22,대형
20260722_221515,2026-07-22 22:15:15,live_loop1,469,360,469,266,196,7,5.016666666666667,2026-07-22,22,중형
20260722_222017,2026-07-22 22:20:17,live_loop1,471,358,471,263,203,5,5.033333333333333,2026-07-22,22,중형
20260722_222518,2026-07-22 22:25:18,live_loop1,476,358,476,279,186,11,5.016666666666667,2026-07-22,22,중형
20260722_223019,2026-07-22 22:30:19,live_loop1,456,342,456,277,170,9,5.016666666666667,2026-07-22,22,중형
20260722_223520,2026-07-22 22:35:20,live_loop1,487,362,487,312,152,23,5.016666666666667,2026-07-22,22,중형
20260722_224021,2026-07-22 22:40:21,live_loop1,457,334,457,308,127,22,5.016666666666667,2026-07-22,22,중형
20260722_224522,2026-07-22 22:45:22,live_loop1,390,283,390,268,114,8,5.016666666666667,2026-07-22,22,소형
20260722_225023,2026-07-22 22:50:23,live_loop1,381,282,381,258,117,6,5.016666666666667,2026-07-22,22,소형
20260722_225524,2026-07-22 22:55:24,live_loop1,387,282,387,261,120,6,5.016666666666667,2026-07-22,22,소형
20260722_230024,2026-07-22 23:00:24,live_loop1,400,290,400,253,140,7,5.0,2026-07-22,23,소형
20260722_230533,2026-07-22 23:05:33,live_loop1,476,344,476,293,156,27,5.15,2026-07-22,23,중형
20260722_231034,2026-07-22 23:10:34,live_loop1,475,331,475,295,152,28,5.016666666666667,2026-07-22,23,중형
20260722_231535,2026-07-22 23:15:35,live_loop1,404,291,404,268,128,8,5.016666666666667,2026-07-22,23,소형
20260722_232037,2026-07-22 23:20:37,live_loop1,362,258,362,255,105,2,5.033333333333333,2026-07-22,23,소형
20260722_232538,2026-07-22 23:25:38,live_loop1,364,264,364,250,107,7,5.016666666666667,2026-07-22,23,소형
20260722_233039,2026-07-22 23:30:39,live_loop1,381,282,381,251,122,8,5.016666666666667,2026-07-22,23,소형
20260722_233540,2026-07-22 23:35:40,live_loop1,389,272,389,274,94,21,5.016666666666667,2026-07-22,23,소형
20260722_234040,2026-07-22 23:40:40,live_loop1,389,267,389,278,87,24,5.0,2026-07-22,23,소형
20260722_234541,2026-07-22 23:45:41,live_loop1,364,261,364,242,107,15,5.016666666666667,2026-07-22,23,소형
20260722_235042,2026-07-22 23:50:42,live_loop1,364,258,364,237,116,11,5.016666666666667,2026-07-22,23,소형
20260722_235543,2026-07-22 23:55:43,live_loop1,389,283,389,255,127,7,5.016666666666667,2026-07-22,23,소형
20260723_000044,2026-07-23 00:00:44,live_loop1,358,261,358,254,93,11,5.016666666666667,2026-07-23,0,소형
20260723_000726,2026-07-23 00:07:26,live_loop1,419,290,419,295,102,22,6.7,2026-07-23,0,소형
20260723_001227,2026-07-23 00:12:27,live_loop1,410,286,410,283,101,26,5.016666666666667,2026-07-23,0,소형
20260723_001733,2026-07-23 00:17:33,live_loop1,377,269,377,274,97,6,5.1,2026-07-23,0,소형
20260723_002234,2026-07-23 00:22:34,live_loop1,377,275,377,269,97,11,5.016666666666667,2026-07-23,0,소형
20260723_002735,2026-07-23 00:27:35,live_loop1,383,278,383,271,94,18,5.016666666666667,2026-07-23,0,소형
20260723_003235,2026-07-23 00:32:35,live_loop1,377,275,377,268,96,13,5.0,2026-07-23,0,소형
20260723_003736,2026-07-23 00:37:36,live_loop1,402,277,402,300,79,23,5.016666666666667,2026-07-23,0,소형
20260723_004239,2026-07-23 00:42:39,live_loop1,368,261,368,265,76,27,5.05,2026-07-23,0,소형
20260723_004740,2026-07-23 00:47:40,live_loop1,354,252,354,257,88,9,5.016666666666667,2026-07-23,0,소형
20260723_005241,2026-07-23 00:52:41,live_loop1,336,241,336,255,72,9,5.016666666666667,2026-07-23,0,소형
20260723_005741,2026-07-23 00:57:41,live_loop1,345,246,345,266,67,12,5.0,2026-07-23,0,소형
20260723_010242,2026-07-23 01:02:42,live_loop1,363,262,363,261,77,25,5.016666666666667,2026-07-23,1,소형
20260723_010743,2026-07-23 01:07:43,live_loop1,408,283,408,294,74,40,5.016666666666667,2026-07-23,1,소형
20260723_011244,2026-07-23 01:12:44,live_loop1,395,287,395,264,87,44,5.016666666666667,2026-07-23,1,소형
20260723_011745,2026-07-23 01:17:45,live_loop1,362,260,362,258,85,19,5.016666666666667,2026-07-23,1,소형
20260723_012246,2026-07-23 01:22:46,live_loop1,340,242,340,267,66,7,5.016666666666667,2026-07-23,1,소형
20260723_012747,2026-07-23 01:27:47,live_loop1,347,249,347,267,75,5,5.016666666666667,2026-07-23,1,소형
20260723_013248,2026-07-23 01:32:48,live_loop1,432,269,432,263,69,100,5.016666666666667,2026-07-23,1,중형
20260723_013749,2026-07-23 01:37:49,live_loop1,533,289,533,291,54,188,5.016666666666667,2026-07-23,1,대형
20260723_014254,2026-07-23 01:42:54,live_loop1,395,264,395,246,55,94,5.083333333333333,2026-07-23,1,소형
20260723_014755,2026-07-23 01:47:55,live_loop1,338,240,338,257,71,10,5.016666666666667,2026-07-23,1,소형
20260723_015256,2026-07-23 01:52:56,live_loop1,463,268,463,378,78,7,5.016666666666667,2026-07-23,1,중형
20260723_015757,2026-07-23 01:57:57,live_loop1,556,280,556,465,85,6,5.016666666666667,2026-07-23,1,대형
20260723_020258,2026-07-23 02:02:58,live_loop1,409,258,409,325,76,8,5.016666666666667,2026-07-23,2,소형
20260723_020759,2026-07-23 02:07:59,live_loop1,367,249,367,276,62,29,5.016666666666667,2026-07-23,2,소형
20260723_021300,2026-07-23 02:13:00,live_loop1,333,233,333,257,51,25,5.016666666666667,2026-07-23,2,소형
20260723_021801,2026-07-23 02:18:01,live_loop1,327,227,327,252,54,21,5.016666666666667,2026-07-23,2,소형
20260723_022304,2026-07-23 02:23:04,live_loop1,314,216,314,254,51,9,5.05,2026-07-23,2,소형
20260723_022805,2026-07-23 02:28:05,live_loop1,329,226,329,259,51,19,5.016666666666667,2026-07-23,2,소형
20260723_023306,2026-07-23 02:33:06,live_loop1,317,219,317,256,52,9,5.016666666666667,2026-07-23,2,소형
20260723_023807,2026-07-23 02:38:07,live_loop1,370,241,370,289,54,27,5.016666666666667,2026-07-23,2,소형
20260723_024308,2026-07-23 02:43:08,live_loop1,344,231,344,263,47,34,5.016666666666667,2026-07-23,2,소형
20260723_024809,2026-07-23 02:48:09,live_loop1,351,232,351,262,42,47,5.016666666666667,2026-07-23,2,소형
20260723_025310,2026-07-23 02:53:10,live_loop1,358,234,358,258,47,53,5.016666666666667,2026-07-23,2,소형
20260723_025811,2026-07-23 02:58:11,live_loop1,358,230,358,285,51,22,5.016666666666667,2026-07-23,2,소형
20260723_030311,2026-07-23 03:03:11,live_loop1,386,260,386,295,66,25,5.0,2026-07-23,3,소형
20260723_030812,2026-07-23 03:08:12,live_loop1,373,257,373,278,58,37,5.016666666666667,2026-07-23,3,소형
20260723_031313,2026-07-23 03:13:13,live_loop1,321,221,321,256,46,19,5.016666666666667,2026-07-23,3,소형
20260723_031815,2026-07-23 03:18:15,live_loop1,315,215,315,255,44,16,5.033333333333333,2026-07-23,3,소형
20260723_032317,2026-07-23 03:23:17,live_loop1,335,232,335,260,56,19,5.033333333333333,2026-07-23,3,소형
20260723_032817,2026-07-23 03:28:17,live_loop1,334,228,334,264,52,18,5.0,2026-07-23,3,소형
20260723_033319,2026-07-23 03:33:19,live_loop1,342,247,342,280,51,11,5.033333333333333,2026-07-23,3,소형
20260723_033820,2026-07-23 03:38:20,live_loop1,379,256,379,318,48,13,5.016666666666667,2026-07-23,3,소형
20260723_034321,2026-07-23 03:43:21,live_loop1,309,219,309,258,42,9,5.016666666666667,2026-07-23,3,소형
20260723_034821,2026-07-23 03:48:21,live_loop1,302,209,302,247,43,12,5.0,2026-07-23,3,소형
20260723_035322,2026-07-23 03:53:22,live_loop1,305,212,305,256,48,1,5.016666666666667,2026-07-23,3,소형
20260723_035823,2026-07-23 03:58:23,live_loop1,300,207,300,249,42,9,5.016666666666667,2026-07-23,3,소형
20260723_040326,2026-07-23 04:03:26,live_loop1,345,236,345,300,36,9,5.05,2026-07-23,4,소형
20260723_040827,2026-07-23 04:08:27,live_loop1,384,252,384,308,41,35,5.016666666666667,2026-07-23,4,소형
20260723_041328,2026-07-23 04:13:28,live_loop1,307,214,307,264,34,9,5.016666666666667,2026-07-23,4,소형
20260723_041830,2026-07-23 04:18:30,live_loop1,309,211,309,262,34,13,5.033333333333333,2026-07-23,4,소형
20260723_042332,2026-07-23 04:23:32,live_loop1,313,211,313,260,42,11,5.033333333333333,2026-07-23,4,소형
20260723_042833,2026-07-23 04:28:33,live_loop1,321,222,321,264,48,9,5.016666666666667,2026-07-23,4,소형
20260723_043335,2026-07-23 04:33:35,live_loop1,343,232,343,299,36,8,5.033333333333333,2026-07-23,4,소형
20260723_043836,2026-07-23 04:38:36,live_loop1,366,245,366,312,38,16,5.016666666666667,2026-07-23,4,소형
20260723_044337,2026-07-23 04:43:37,live_loop1,322,226,322,269,41,12,5.016666666666667,2026-07-23,4,소형
20260723_044838,2026-07-23 04:48:38,live_loop1,326,229,326,271,40,15,5.016666666666667,2026-07-23,4,소형
20260723_045339,2026-07-23 04:53:39,live_loop1,328,233,328,272,46,10,5.016666666666667,2026-07-23,4,소형
20260723_045842,2026-07-23 04:58:42,live_loop1,332,236,332,283,42,7,5.05,2026-07-23,4,소형
20260723_050343,2026-07-23 05:03:43,live_loop1,377,263,377,325,38,14,5.016666666666667,2026-07-23,5,소형
20260723_050843,2026-07-23 05:08:43,live_loop1,387,259,387,327,39,21,5.0,2026-07-23,5,소형
20260723_051344,2026-07-23 05:13:44,live_loop1,331,236,331,283,40,8,5.016666666666667,2026-07-23,5,소형
20260723_051845,2026-07-23 05:18:45,live_loop1,311,220,311,276,28,7,5.016666666666667,2026-07-23,5,소형
20260723_052348,2026-07-23 05:23:48,live_loop1,340,244,340,294,34,12,5.05,2026-07-23,5,소형
20260723_052849,2026-07-23 05:28:49,live_loop1,384,277,384,317,55,12,5.016666666666667,2026-07-23,5,소형
20260723_053350,2026-07-23 05:33:50,live_loop1,405,289,405,345,54,6,5.016666666666667,2026-07-23,5,소형
20260723_053851,2026-07-23 05:38:51,live_loop1,408,277,408,351,44,13,5.016666666666667,2026-07-23,5,소형
20260723_054354,2026-07-23 05:43:54,live_loop1,369,272,369,327,34,8,5.05,2026-07-23,5,소형
20260723_054855,2026-07-23 05:48:55,live_loop1,366,265,366,326,30,10,5.016666666666667,2026-07-23,5,소형
20260723_055356,2026-07-23 05:53:56,live_loop1,357,259,357,316,37,4,5.016666666666667,2026-07-23,5,소형
20260723_055857,2026-07-23 05:58:57,live_loop1,377,279,377,316,49,12,5.016666666666667,2026-07-23,5,소형
20260723_060357,2026-07-23 06:03:57,live_loop1,439,316,439,366,62,11,5.0,2026-07-23,6,중형
20260723_060858,2026-07-23 06:08:58,live_loop1,474,330,474,403,54,17,5.016666666666667,2026-07-23,6,중형
20260723_061400,2026-07-23 06:14:00,live_loop1,403,299,403,348,51,4,5.033333333333333,2026-07-23,6,소형
20260723_061901,2026-07-23 06:19:01,live_loop1,394,290,394,335,52,7,5.016666666666667,2026-07-23,6,소형
20260723_062402,2026-07-23 06:24:02,live_loop1,415,301,415,353,50,12,5.016666666666667,2026-07-23,6,소형
20260723_062905,2026-07-23 06:29:05,live_loop1,420,314,420,362,53,5,5.05,2026-07-23,6,소형
20260723_063406,2026-07-23 06:34:06,live_loop1,436,314,436,385,46,5,5.016666666666667,2026-07-23,6,중형
20260723_063907,2026-07-23 06:39:07,live_loop1,511,363,511,430,67,14,5.016666666666667,2026-07-23,6,중형
20260723_064414,2026-07-23 06:44:14,live_loop1,464,346,464,394,65,5,5.116666666666666,2026-07-23,6,중형
20260723_064915,2026-07-23 06:49:15,live_loop1,487,365,487,418,65,4,5.016666666666667,2026-07-23,6,중형
20260723_065416,2026-07-23 06:54:16,live_loop1,477,353,477,403,68,6,5.016666666666667,2026-07-23,6,중형
20260723_065917,2026-07-23 06:59:17,live_loop1,495,358,495,422,70,3,5.016666666666667,2026-07-23,6,중형
20260723_070418,2026-07-23 07:04:18,live_loop1,517,371,517,458,57,2,5.016666666666667,2026-07-23,7,대형
20260723_070920,2026-07-23 07:09:20,live_loop1,592,421,592,521,57,14,5.033333333333333,2026-07-23,7,대형
20260723_071421,2026-07-23 07:14:21,live_loop1,518,385,518,453,63,2,5.016666666666667,2026-07-23,7,대형
20260723_071923,2026-07-23 07:19:23,live_loop1,593,442,593,508,81,4,5.033333333333333,2026-07-23,7,대형
20260723_072424,2026-07-23 07:24:24,live_loop1,554,416,554,471,76,7,5.016666666666667,2026-07-23,7,대형
20260723_072925,2026-07-23 07:29:25,live_loop1,580,437,580,508,65,7,5.016666666666667,2026-07-23,7,대형
20260723_073427,2026-07-23 07:34:27,live_loop1,555,403,555,483,60,12,5.033333333333333,2026-07-23,7,대형
20260723_073931,2026-07-23 07:39:31,live_loop1,661,481,661,581,68,12,5.066666666666666,2026-07-23,7,대형
20260723_074433,2026-07-23 07:44:33,live_loop1,615,460,615,529,83,3,5.033333333333333,2026-07-23,7,대형
20260723_074935,2026-07-23 07:49:35,live_loop1,625,464,625,534,88,3,5.033333333333333,2026-07-23,7,대형
20260723_075438,2026-07-23 07:54:38,live_loop1,594,440,594,514,76,4,5.05,2026-07-23,7,대형
20260723_075939,2026-07-23 07:59:39,live_loop1,592,434,592,516,73,3,5.016666666666667,2026-07-23,7,대형
20260723_080441,2026-07-23 08:04:41,live_loop1,691,487,691,589,80,22,5.033333333333333,2026-07-23,8,대형
20260723_080942,2026-07-23 08:09:42,live_loop1,711,511,711,598,85,28,5.016666666666667,2026-07-23,8,대형
20260723_081446,2026-07-23 08:14:46,live_loop1,620,470,620,510,94,16,5.066666666666666,2026-07-23,8,대형
20260723_081950,2026-07-23 08:19:50,live_loop1,685,509,685,511,94,80,5.066666666666666,2026-07-23,8,대형
20260723_082451,2026-07-23 08:24:51,live_loop1,679,497,679,521,105,53,5.016666666666667,2026-07-23,8,대형
20260723_082953,2026-07-23 08:29:53,live_loop1,759,559,759,599,129,31,5.033333333333333,2026-07-23,8,대형
20260723_083455,2026-07-23 08:34:55,live_loop1,729,527,729,578,110,41,5.033333333333333,2026-07-23,8,대형
20260723_084006,2026-07-23 08:40:06,live_loop1,647,476,647,538,97,12,5.183333333333334,2026-07-23,8,대형
20260723_084508,2026-07-23 08:45:08,live_loop1,524,402,524,413,106,5,5.033333333333333,2026-07-23,8,대형
20260723_085019,2026-07-23 08:50:19,live_loop1,515,405,515,395,114,6,5.183333333333334,2026-07-23,8,대형
20260723_085520,2026-07-23 08:55:20,live_loop1,516,389,516,398,112,6,5.016666666666667,2026-07-23,8,대형
20260723_090025,2026-07-23 09:00:25,live_loop1,527,405,527,404,114,9,5.083333333333333,2026-07-23,9,대형
20260723_090536,2026-07-23 09:05:36,live_loop1,579,415,579,432,112,35,5.183333333333334,2026-07-23,9,대형
20260723_091037,2026-07-23 09:10:37,live_loop1,603,435,603,473,109,21,5.016666666666667,2026-07-23,9,대형
20260723_091539,2026-07-23 09:15:39,live_loop1,553,405,553,439,110,4,5.033333333333333,2026-07-23,9,대형
20260723_092040,2026-07-23 09:20:40,live_loop1,496,370,496,393,98,5,5.016666666666667,2026-07-23,9,중형
20260723_092542,2026-07-23 09:25:42,live_loop1,543,418,543,398,97,48,5.033333333333333,2026-07-23,9,대형
20260723_093043,2026-07-23 09:30:43,live_loop1,568,419,568,439,88,41,5.016666666666667,2026-07-23,9,대형
20260723_093544,2026-07-23 09:35:44,live_loop1,603,432,603,493,94,16,5.016666666666667,2026-07-23,9,대형
20260723_094051,2026-07-23 09:40:51,live_loop1,601,429,601,467,111,23,5.116666666666666,2026-07-23,9,대형
20260723_094600,2026-07-23 09:46:00,live_loop1,480,355,480,387,84,9,5.15,2026-07-23,9,중형
20260723_095101,2026-07-23 09:51:01,live_loop1,457,341,457,360,90,7,5.016666666666667,2026-07-23,9,중형
20260723_095602,2026-07-23 09:56:02,live_loop1,425,320,425,343,78,4,5.016666666666667,2026-07-23,9,소형
20260723_100103,2026-07-23 10:01:03,live_loop1,377,277,377,308,64,5,5.016666666666667,2026-07-23,10,소형
20260723_100604,2026-07-23 10:06:04,live_loop1,444,311,444,342,78,24,5.016666666666667,2026-07-23,10,중형
20260723_101105,2026-07-23 10:11:05,live_loop1,455,315,455,346,88,21,5.016666666666667,2026-07-23,10,중형
20260723_101607,2026-07-23 10:16:07,live_loop1,402,294,402,307,88,7,5.033333333333333,2026-07-23,10,소형
20260723_102108,2026-07-23 10:21:08,live_loop1,387,278,387,296,84,7,5.016666666666667,2026-07-23,10,소형
20260723_102609,2026-07-23 10:26:09,live_loop1,435,321,435,310,83,42,5.016666666666667,2026-07-23,10,중형
20260723_103110,2026-07-23 10:31:10,live_loop1,424,320,424,305,84,35,5.016666666666667,2026-07-23,10,소형
20260723_103617,2026-07-23 10:36:17,live_loop1,459,323,459,343,80,36,5.116666666666666,2026-07-23,10,중형
20260723_104127,2026-07-23 10:41:27,live_loop1,520,372,520,400,93,27,5.166666666666667,2026-07-23,10,대형
20260723_104630,2026-07-23 10:46:30,live_loop1,421,312,421,324,86,11,5.05,2026-07-23,10,소형
20260723_105133,2026-07-23 10:51:33,live_loop1,419,315,419,319,92,8,5.05,2026-07-23,10,소형
20260723_105634,2026-07-23 10:56:34,live_loop1,420,315,420,318,86,16,5.016666666666667,2026-07-23,10,소형
20260723_110135,2026-07-23 11:01:35,live_loop1,427,325,427,329,94,4,5.016666666666667,2026-07-23,11,소형
20260723_110641,2026-07-23 11:06:41,live_loop1,488,355,488,366,105,17,5.1,2026-07-23,11,중형
20260723_111142,2026-07-23 11:11:42,live_loop1,462,331,462,343,99,20,5.016666666666667,2026-07-23,11,중형
20260723_111643,2026-07-23 11:16:43,live_loop1,418,311,418,309,100,9,5.016666666666667,2026-07-23,11,소형
20260723_112155,2026-07-23 11:21:55,live_loop1,440,329,440,302,130,8,5.2,2026-07-23,11,중형
20260723_112656,2026-07-23 11:26:56,live_loop1,440,331,440,307,126,7,5.016666666666667,2026-07-23,11,중형
20260723_113157,2026-07-23 11:31:57,live_loop1,436,323,436,308,122,6,5.016666666666667,2026-07-23,11,중형
20260723_113658,2026-07-23 11:36:58,live_loop1,456,325,456,315,125,16,5.016666666666667,2026-07-23,11,중형
20260723_114159,2026-07-23 11:41:59,live_loop1,424,299,424,297,111,16,5.016666666666667,2026-07-23,11,소형
20260723_114712,2026-07-23 11:47:12,live_loop1,382,287,382,291,84,7,5.216666666666667,2026-07-23,11,소형
20260723_115213,2026-07-23 11:52:13,live_loop1,401,296,401,301,89,11,5.016666666666667,2026-07-23,11,소형
20260723_115714,2026-07-23 11:57:14,live_loop1,398,291,398,300,92,6,5.016666666666667,2026-07-23,11,소형
20260723_120215,2026-07-23 12:02:15,live_loop1,401,300,401,296,100,5,5.016666666666667,2026-07-23,12,소형
20260723_120716,2026-07-23 12:07:16,live_loop1,466,333,466,327,120,19,5.016666666666667,2026-07-23,12,중형
20260723_121217,2026-07-23 12:12:17,live_loop1,440,319,440,298,123,19,5.016666666666667,2026-07-23,12,중형
20260723_121718,2026-07-23 12:17:18,live_loop1,405,300,405,289,110,6,5.016666666666667,2026-07-23,12,소형
20260723_122226,2026-07-23 12:22:26,live_loop1,462,346,462,314,140,8,5.133333333333334,2026-07-23,12,중형
20260723_122728,2026-07-23 12:27:28,live_loop1,470,357,470,303,156,11,5.033333333333333,2026-07-23,12,중형
20260723_123229,2026-07-23 12:32:29,live_loop1,445,337,445,292,142,11,5.016666666666667,2026-07-23,12,중형
20260723_123730,2026-07-23 12:37:30,live_loop1,476,334,476,319,139,18,5.016666666666667,2026-07-23,12,중형
20260723_124231,2026-07-23 12:42:31,live_loop1,440,326,440,297,128,15,5.016666666666667,2026-07-23,12,중형
20260723_124732,2026-07-23 12:47:32,live_loop1,435,324,435,314,112,9,5.016666666666667,2026-07-23,12,중형
20260723_125233,2026-07-23 12:52:33,live_loop1,431,317,431,300,125,6,5.016666666666667,2026-07-23,12,소형
20260723_125737,2026-07-23 12:57:37,live_loop1,424,308,424,284,131,9,5.066666666666666,2026-07-23,12,소형
20260723_130239,2026-07-23 13:02:39,live_loop1,428,318,428,289,128,11,5.033333333333333,2026-07-23,13,소형
20260723_130741,2026-07-23 13:07:41,live_loop1,488,354,488,332,131,25,5.033333333333333,2026-07-23,13,중형
20260723_131242,2026-07-23 13:12:42,live_loop1,460,344,460,298,143,19,5.016666666666667,2026-07-23,13,중형
20260723_131743,2026-07-23 13:17:43,live_loop1,446,339,446,304,136,6,5.016666666666667,2026-07-23,13,중형
20260723_132244,2026-07-23 13:22:44,live_loop1,433,330,433,305,120,8,5.016666666666667,2026-07-23,13,중형
20260723_132745,2026-07-23 13:27:45,live_loop1,432,324,432,299,127,6,5.016666666666667,2026-07-23,13,중형
20260723_133247,2026-07-23 13:32:47,live_loop1,455,339,455,308,143,4,5.033333333333333,2026-07-23,13,중형
20260723_133748,2026-07-23 13:37:48,live_loop1,484,341,484,331,137,16,5.016666666666667,2026-07-23,13,중형
20260723_134249,2026-07-23 13:42:49,live_loop1,441,314,441,304,122,15,5.016666666666667,2026-07-23,13,중형
20260723_134750,2026-07-23 13:47:50,live_loop1,461,335,461,338,115,8,5.016666666666667,2026-07-23,13,중형
20260723_135251,2026-07-23 13:52:51,live_loop1,454,330,454,332,116,6,5.016666666666667,2026-07-23,13,중형
20260723_135752,2026-07-23 13:57:52,live_loop1,447,329,447,304,133,10,5.016666666666667,2026-07-23,13,중형
20260723_140253,2026-07-23 14:02:53,live_loop1,445,334,445,290,146,9,5.016666666666667,2026-07-23,14,중형
20260723_140754,2026-07-23 14:07:54,live_loop1,497,349,497,339,137,21,5.016666666666667,2026-07-23,14,중형
20260723_141255,2026-07-23 14:12:55,live_loop1,464,345,464,298,144,22,5.016666666666667,2026-07-23,14,중형
20260723_141756,2026-07-23 14:17:56,live_loop1,447,340,447,297,141,9,5.016666666666667,2026-07-23,14,중형
20260723_142257,2026-07-23 14:22:57,live_loop1,435,320,435,305,121,9,5.016666666666667,2026-07-23,14,중형
20260723_142758,2026-07-23 14:27:58,live_loop1,434,323,434,301,129,4,5.016666666666667,2026-07-23,14,중형
20260723_143301,2026-07-23 14:33:01,live_loop1,441,328,441,293,141,7,5.05,2026-07-23,14,중형
20260723_143802,2026-07-23 14:38:02,live_loop1,490,348,490,331,142,17,5.016666666666667,2026-07-23,14,중형
20260723_144303,2026-07-23 14:43:03,live_loop1,472,352,472,323,129,20,5.016666666666667,2026-07-23,14,중형
20260723_144804,2026-07-23 14:48:04,live_loop1,432,322,432,293,133,6,5.016666666666667,2026-07-23,14,중형
20260723_145309,2026-07-23 14:53:09,live_loop1,426,316,426,300,124,2,5.083333333333333,2026-07-23,14,소형
20260723_145819,2026-07-23 14:58:19,live_loop1,454,340,454,310,139,5,5.166666666666667,2026-07-23,14,중형
20260723_150320,2026-07-23 15:03:20,live_loop1,440,327,440,290,145,5,5.016666666666667,2026-07-23,15,중형
20260723_150822,2026-07-23 15:08:22,live_loop1,520,379,520,328,169,23,5.033333333333333,2026-07-23,15,대형
20260723_151324,2026-07-23 15:13:24,live_loop1,461,345,461,285,168,8,5.033333333333333,2026-07-23,15,중형
20260723_151825,2026-07-23 15:18:25,live_loop1,448,334,448,289,153,6,5.016666666666667,2026-07-23,15,중형
20260723_152327,2026-07-23 15:23:27,live_loop1,459,346,459,303,148,8,5.033333333333333,2026-07-23,15,중형
20260723_152828,2026-07-23 15:28:28,live_loop1,451,348,451,310,136,5,5.016666666666667,2026-07-23,15,중형
20260723_153329,2026-07-23 15:33:29,live_loop1,481,349,481,329,147,5,5.016666666666667,2026-07-23,15,중형
20260723_153830,2026-07-23 15:38:30,live_loop1,517,371,517,343,158,16,5.016666666666667,2026-07-23,15,대형
20260723_154331,2026-07-23 15:43:31,live_loop1,495,365,495,312,170,13,5.016666666666667,2026-07-23,15,중형
20260723_154833,2026-07-23 15:48:33,live_loop1,491,363,491,323,155,13,5.033333333333333,2026-07-23,15,중형
20260723_155335,2026-07-23 15:53:35,live_loop1,462,338,462,317,136,9,5.033333333333333,2026-07-23,15,중형
20260723_162122,2026-07-23 16:21:22,live_loop1,484,368,484,300,179,5,27.783333333333335,2026-07-23,16,중형
20260723_162624,2026-07-23 16:26:24,live_loop1,460,345,460,304,151,5,5.033333333333333,2026-07-23,16,중형
20260724_000127,2026-07-24 00:01:27,live_loop1,338,242,338,241,92,5,455.05,2026-07-24,0,소형
20260724_000617,2026-07-24 00:06:17,live_loop1,426,293,426,285,110,31,4.833333333333333,2026-07-24,0,소형
20260724_001118,2026-07-24 00:11:18,live_loop1,447,310,447,299,118,30,5.016666666666667,2026-07-24,0,중형
20260724_001619,2026-07-24 00:16:19,live_loop1,340,247,340,242,93,5,5.016666666666667,2026-07-24,0,소형
20260724_002119,2026-07-24 00:21:19,live_loop1,314,222,314,235,68,11,5.0,2026-07-24,0,소형
20260724_002625,2026-07-24 00:26:25,live_loop1,323,229,323,226,84,13,5.1,2026-07-24,0,소형
20260724_003129,2026-07-24 00:31:29,live_loop1,365,264,365,257,94,14,5.066666666666666,2026-07-24,0,소형
20260724_003630,2026-07-24 00:36:30,live_loop1,402,277,402,280,90,32,5.016666666666667,2026-07-24,0,소형
20260724_004133,2026-07-24 00:41:33,live_loop1,390,264,390,283,82,25,5.05,2026-07-24,0,소형
20260724_004634,2026-07-24 00:46:34,live_loop1,347,248,347,244,92,11,5.016666666666667,2026-07-24,0,소형
20260724_005135,2026-07-24 00:51:35,live_loop1,331,238,331,245,82,4,5.016666666666667,2026-07-24,0,소형
20260724_005638,2026-07-24 00:56:38,live_loop1,334,241,334,246,81,7,5.05,2026-07-24,0,소형
20260724_010139,2026-07-24 01:01:39,live_loop1,347,255,347,250,89,8,5.016666666666667,2026-07-24,1,소형
20260724_010640,2026-07-24 01:06:40,live_loop1,409,280,409,279,94,36,5.016666666666667,2026-07-24,1,소형
20260724_011146,2026-07-24 01:11:46,live_loop1,400,269,400,280,93,27,5.1,2026-07-24,1,소형
20260724_011647,2026-07-24 01:16:47,live_loop1,334,234,334,233,94,7,5.016666666666667,2026-07-24,1,소형
20260724_012148,2026-07-24 01:21:48,live_loop1,326,225,326,237,77,12,5.016666666666667,2026-07-24,1,소형
20260724_012649,2026-07-24 01:26:49,live_loop1,341,238,341,242,86,13,5.016666666666667,2026-07-24,1,소형
20260724_013149,2026-07-24 01:31:49,live_loop1,349,248,349,251,90,8,5.0,2026-07-24,1,소형
20260724_013650,2026-07-24 01:36:50,live_loop1,406,282,406,298,74,34,5.016666666666667,2026-07-24,1,소형
20260724_014152,2026-07-24 01:41:52,live_loop1,390,266,390,291,66,33,5.033333333333333,2026-07-24,1,소형
20260724_014653,2026-07-24 01:46:53,live_loop1,347,249,347,248,87,12,5.016666666666667,2026-07-24,1,소형
20260724_015154,2026-07-24 01:51:54,live_loop1,330,235,330,249,74,7,5.016666666666667,2026-07-24,1,소형
20260724_015654,2026-07-24 01:56:54,live_loop1,325,235,325,249,68,8,5.0,2026-07-24,1,소형
20260724_020155,2026-07-24 02:01:55,live_loop1,336,237,336,248,76,12,5.016666666666667,2026-07-24,2,소형
20260724_020656,2026-07-24 02:06:56,live_loop1,391,259,391,276,71,44,5.016666666666667,2026-07-24,2,소형
20260724_021157,2026-07-24 02:11:57,live_loop1,370,240,370,288,47,35,5.016666666666667,2026-07-24,2,소형
20260724_021658,2026-07-24 02:16:58,live_loop1,325,226,325,262,52,11,5.016666666666667,2026-07-24,2,소형
20260724_022159,2026-07-24 02:21:59,live_loop1,327,225,327,259,53,15,5.016666666666667,2026-07-24,2,소형
20260724_022700,2026-07-24 02:27:00,live_loop1,344,246,344,263,63,18,5.016666666666667,2026-07-24,2,소형
20260724_023200,2026-07-24 02:32:00,live_loop1,333,238,333,256,65,12,5.0,2026-07-24,2,소형
20260724_023705,2026-07-24 02:37:05,live_loop1,381,254,381,295,50,36,5.083333333333333,2026-07-24,2,소형
20260724_024206,2026-07-24 02:42:06,live_loop1,374,254,374,297,40,37,5.016666666666667,2026-07-24,2,소형
20260724_024707,2026-07-24 02:47:07,live_loop1,354,236,354,264,45,45,5.016666666666667,2026-07-24,2,소형
20260724_025207,2026-07-24 02:52:07,live_loop1,350,236,350,265,41,44,5.0,2026-07-24,2,소형
20260724_025708,2026-07-24 02:57:08,live_loop1,356,239,356,283,52,21,5.016666666666667,2026-07-24,2,소형
20260724_030209,2026-07-24 03:02:09,live_loop1,374,249,374,292,61,21,5.016666666666667,2026-07-24,3,소형
20260724_030710,2026-07-24 03:07:10,live_loop1,383,261,383,281,59,43,5.016666666666667,2026-07-24,3,소형
20260724_031211,2026-07-24 03:12:11,live_loop1,353,242,353,270,45,38,5.016666666666667,2026-07-24,3,소형
20260724_031712,2026-07-24 03:17:12,live_loop1,296,201,296,243,45,8,5.016666666666667,2026-07-24,3,소형
20260724_032212,2026-07-24 03:22:12,live_loop1,289,197,289,242,37,10,5.0,2026-07-24,3,소형
20260724_032713,2026-07-24 03:27:13,live_loop1,328,233,328,259,57,12,5.016666666666667,2026-07-24,3,소형
20260724_033216,2026-07-24 03:32:16,live_loop1,332,235,332,253,65,14,5.05,2026-07-24,3,소형
20260724_033719,2026-07-24 03:37:19,live_loop1,370,249,370,300,56,14,5.05,2026-07-24,3,소형
20260724_034220,2026-07-24 03:42:20,live_loop1,315,219,315,263,38,14,5.016666666666667,2026-07-24,3,소형
20260724_034721,2026-07-24 03:47:21,live_loop1,306,215,306,250,46,10,5.016666666666667,2026-07-24,3,소형
20260724_035224,2026-07-24 03:52:24,live_loop1,299,206,299,246,42,11,5.05,2026-07-24,3,소형
20260724_035725,2026-07-24 03:57:25,live_loop1,301,210,301,249,44,8,5.016666666666667,2026-07-24,3,소형
20260724_040251,2026-07-24 04:02:51,live_loop1,321,225,321,256,52,13,5.433333333333334,2026-07-24,4,소형
20260724_040753,2026-07-24 04:07:53,live_loop1,380,248,380,299,41,40,5.033333333333333,2026-07-24,4,소형
20260724_041254,2026-07-24 04:12:54,live_loop1,324,221,324,267,28,29,5.016666666666667,2026-07-24,4,소형
20260724_041755,2026-07-24 04:17:55,live_loop1,311,217,311,277,26,8,5.016666666666667,2026-07-24,4,소형
20260724_042257,2026-07-24 04:22:57,live_loop1,315,224,315,266,34,15,5.033333333333333,2026-07-24,4,소형
20260724_042802,2026-07-24 04:28:02,live_loop1,317,223,317,261,44,12,5.083333333333333,2026-07-24,4,소형
20260724_043303,2026-07-24 04:33:03,live_loop1,314,224,314,264,41,9,5.016666666666667,2026-07-24,4,소형
20260724_043804,2026-07-24 04:38:04,live_loop1,366,247,366,313,38,15,5.016666666666667,2026-07-24,4,소형
20260724_044305,2026-07-24 04:43:05,live_loop1,314,218,314,261,37,16,5.016666666666667,2026-07-24,4,소형
20260724_044806,2026-07-24 04:48:06,live_loop1,320,223,320,267,39,14,5.016666666666667,2026-07-24,4,소형
20260724_045310,2026-07-24 04:53:10,live_loop1,323,231,323,279,36,8,5.066666666666666,2026-07-24,4,소형
20260724_045811,2026-07-24 04:58:11,live_loop1,324,226,324,280,31,13,5.016666666666667,2026-07-24,4,소형
20260724_050313,2026-07-24 05:03:13,live_loop1,349,246,349,291,42,16,5.033333333333333,2026-07-24,5,소형
20260724_050814,2026-07-24 05:08:14,live_loop1,386,259,386,318,38,30,5.016666666666667,2026-07-24,5,소형
20260724_051315,2026-07-24 05:13:15,live_loop1,329,237,329,281,39,9,5.016666666666667,2026-07-24,5,소형
20260724_051817,2026-07-24 05:18:17,live_loop1,341,243,341,299,35,7,5.033333333333333,2026-07-24,5,소형
20260724_052317,2026-07-24 05:23:17,live_loop1,370,268,370,306,43,21,5.0,2026-07-24,5,소형
20260724_052818,2026-07-24 05:28:18,live_loop1,380,270,380,322,43,15,5.016666666666667,2026-07-24,5,소형
20260724_053319,2026-07-24 05:33:19,live_loop1,358,252,358,312,38,8,5.016666666666667,2026-07-24,5,소형
20260724_053820,2026-07-24 05:38:20,live_loop1,402,281,402,342,43,17,5.016666666666667,2026-07-24,5,소형
20260724_054322,2026-07-24 05:43:22,live_loop1,364,273,364,307,49,8,5.033333333333333,2026-07-24,5,소형
20260724_054823,2026-07-24 05:48:23,live_loop1,389,284,389,327,55,7,5.016666666666667,2026-07-24,5,소형
20260724_055324,2026-07-24 05:53:24,live_loop1,395,289,395,341,48,6,5.016666666666667,2026-07-24,5,소형
20260724_055825,2026-07-24 05:58:25,live_loop1,383,277,383,326,43,14,5.016666666666667,2026-07-24,5,소형
20260724_060326,2026-07-24 06:03:26,live_loop1,425,305,425,369,50,6,5.016666666666667,2026-07-24,6,소형
20260724_060835,2026-07-24 06:08:35,live_loop1,449,319,449,384,46,19,5.15,2026-07-24,6,중형
20260724_061336,2026-07-24 06:13:36,live_loop1,392,292,392,341,49,2,5.016666666666667,2026-07-24,6,소형
20260724_061837,2026-07-24 06:18:37,live_loop1,405,299,405,348,54,3,5.016666666666667,2026-07-24,6,소형
20260724_062341,2026-07-24 06:23:41,live_loop1,418,306,418,347,67,4,5.066666666666666,2026-07-24,6,소형
20260724_062842,2026-07-24 06:28:42,live_loop1,431,325,431,363,61,7,5.016666666666667,2026-07-24,6,소형
20260724_063343,2026-07-24 06:33:43,live_loop1,479,350,479,420,54,5,5.016666666666667,2026-07-24,6,중형
20260724_063844,2026-07-24 06:38:44,live_loop1,530,389,530,466,52,12,5.016666666666667,2026-07-24,6,대형
20260724_064345,2026-07-24 06:43:45,live_loop1,518,398,518,445,63,10,5.016666666666667,2026-07-24,6,대형
20260724_064850,2026-07-24 06:48:50,live_loop1,494,381,494,426,59,9,5.083333333333333,2026-07-24,6,중형
20260724_065352,2026-07-24 06:53:52,live_loop1,510,395,510,448,56,6,5.033333333333333,2026-07-24,6,중형
20260724_065856,2026-07-24 06:58:56,live_loop1,498,381,498,432,61,5,5.066666666666666,2026-07-24,6,중형
20260724_070357,2026-07-24 07:03:57,live_loop1,552,409,552,468,71,13,5.016666666666667,2026-07-24,7,대형
20260724_070858,2026-07-24 07:08:58,live_loop1,602,433,602,506,74,22,5.016666666666667,2026-07-24,7,대형
20260724_071402,2026-07-24 07:14:02,live_loop1,541,407,541,472,68,1,5.066666666666666,2026-07-24,7,대형
20260724_071903,2026-07-24 07:19:03,live_loop1,538,415,538,464,71,3,5.016666666666667,2026-07-24,7,대형
20260724_072405,2026-07-24 07:24:05,live_loop1,548,422,548,469,76,3,5.033333333333333,2026-07-24,7,대형
20260724_072906,2026-07-24 07:29:06,live_loop1,554,415,554,484,67,3,5.016666666666667,2026-07-24,7,대형
20260724_073407,2026-07-24 07:34:07,live_loop1,585,435,585,515,66,4,5.016666666666667,2026-07-24,7,대형
20260724_073908,2026-07-24 07:39:08,live_loop1,629,480,629,549,68,12,5.016666666666667,2026-07-24,7,대형
20260724_074414,2026-07-24 07:44:14,live_loop1,569,424,569,505,61,3,5.1,2026-07-24,7,대형
20260724_074915,2026-07-24 07:49:15,live_loop1,576,428,576,503,63,10,5.016666666666667,2026-07-24,7,대형
20260724_075417,2026-07-24 07:54:17,live_loop1,589,450,589,498,83,8,5.033333333333333,2026-07-24,7,대형
20260724_075918,2026-07-24 07:59:18,live_loop1,656,486,656,554,95,7,5.016666666666667,2026-07-24,7,대형
20260724_080420,2026-07-24 08:04:20,live_loop1,660,491,660,561,90,9,5.033333333333333,2026-07-24,8,대형
20260724_080921,2026-07-24 08:09:21,live_loop1,727,531,727,609,99,19,5.016666666666667,2026-07-24,8,대형
20260724_081427,2026-07-24 08:14:27,live_loop1,616,469,616,521,90,5,5.1,2026-07-24,8,대형
20260724_081652,2026-07-24 08:16:52,live_loop1,610,456,610,516,88,6,2.4166666666666665,2026-07-24,8,대형
20260724_082654,2026-07-24 08:26:54,live_loop1,689,512,689,568,117,4,10.033333333333333,2026-07-24,8,대형
20260724_083656,2026-07-24 08:36:56,live_loop1,673,505,673,549,109,15,10.033333333333333,2026-07-24,8,대형
20260724_084658,2026-07-24 08:46:58,live_loop1,618,468,618,467,135,16,10.033333333333333,2026-07-24,8,대형
20260724_085707,2026-07-24 08:57:07,live_loop1,556,415,556,460,92,4,10.15,2026-07-24,8,대형
20260724_090709,2026-07-24 09:07:09,live_loop1,667,493,667,477,132,58,10.033333333333333,2026-07-24,9,대형
20260724_091710,2026-07-24 09:17:10,live_loop1,554,420,554,436,111,7,10.016666666666667,2026-07-24,9,대형
20260724_092711,2026-07-24 09:27:11,live_loop1,529,412,529,401,125,3,10.016666666666667,2026-07-24,9,대형
20260724_093713,2026-07-24 09:37:13,live_loop1,521,379,521,411,97,13,10.033333333333333,2026-07-24,9,대형
20260724_094714,2026-07-24 09:47:14,live_loop1,480,365,480,360,110,10,10.016666666666667,2026-07-24,9,중형
20260724_095715,2026-07-24 09:57:15,live_loop1,468,363,468,357,106,5,10.016666666666667,2026-07-24,9,중형
20260724_100716,2026-07-24 10:07:16,live_loop1,491,354,491,368,106,17,10.016666666666667,2026-07-24,10,중형
20260724_101717,2026-07-24 10:17:17,live_loop1,418,317,418,328,83,7,10.016666666666667,2026-07-24,10,소형
20260724_102721,2026-07-24 10:27:21,live_loop1,417,315,417,320,89,8,10.066666666666666,2026-07-24,10,소형
20260724_103725,2026-07-24 10:37:25,live_loop1,529,392,529,365,119,45,10.066666666666666,2026-07-24,10,대형
20260724_104726,2026-07-24 10:47:26,live_loop1,475,360,475,348,119,8,10.016666666666667,2026-07-24,10,중형
20260724_105727,2026-07-24 10:57:27,live_loop1,446,329,446,330,112,4,10.016666666666667,2026-07-24,10,중형
20260724_110728,2026-07-24 11:07:28,live_loop1,478,347,478,347,116,15,10.016666666666667,2026-07-24,11,중형
20260724_111729,2026-07-24 11:17:29,live_loop1,431,314,431,317,112,2,10.016666666666667,2026-07-24,11,소형
20260724_112730,2026-07-24 11:27:30,live_loop1,414,309,414,307,102,5,10.016666666666667,2026-07-24,11,소형
20260724_113735,2026-07-24 11:37:35,live_loop1,479,348,479,363,99,17,10.083333333333334,2026-07-24,11,중형
20260724_114736,2026-07-24 11:47:36,live_loop1,446,341,446,325,111,10,10.016666666666667,2026-07-24,11,중형
20260724_115737,2026-07-24 11:57:37,live_loop1,452,345,452,313,126,13,10.016666666666667,2026-07-24,11,중형
20260724_120738,2026-07-24 12:07:38,live_loop1,491,353,491,328,145,18,10.016666666666667,2026-07-24,12,중형
20260724_121739,2026-07-24 12:17:39,live_loop1,411,304,411,280,125,6,10.016666666666667,2026-07-24,12,소형
20260724_122745,2026-07-24 12:27:45,live_loop1,444,331,444,285,155,4,10.1,2026-07-24,12,중형
20260724_123746,2026-07-24 12:37:46,live_loop1,487,348,487,329,140,18,10.016666666666667,2026-07-24,12,중형
20260724_124747,2026-07-24 12:47:47,live_loop1,453,338,453,298,145,10,10.016666666666667,2026-07-24,12,중형
20260724_125748,2026-07-24 12:57:48,live_loop1,458,346,458,303,143,12,10.016666666666667,2026-07-24,12,중형
20260724_130749,2026-07-24 13:07:49,live_loop1,496,352,496,339,138,19,10.016666666666667,2026-07-24,13,중형
20260724_131751,2026-07-24 13:17:51,live_loop1,440,337,440,293,141,6,10.033333333333333,2026-07-24,13,중형
20260724_132752,2026-07-24 13:27:52,live_loop1,429,327,429,286,139,4,10.016666666666667,2026-07-24,13,소형
20260724_133753,2026-07-24 13:37:53,live_loop1,520,376,520,347,153,20,10.016666666666667,2026-07-24,13,대형
20260724_134756,2026-07-24 13:47:56,live_loop1,433,328,433,282,143,8,10.05,2026-07-24,13,중형
20260724_135801,2026-07-24 13:58:01,live_loop1,454,351,454,319,128,7,10.083333333333334,2026-07-24,13,중형
20260724_140802,2026-07-24 14:08:02,live_loop1,529,381,529,355,143,31,10.016666666666667,2026-07-24,14,대형
20260724_141804,2026-07-24 14:18:04,live_loop1,484,361,484,332,143,9,10.033333333333333,2026-07-24,14,중형
20260724_142806,2026-07-24 14:28:06,live_loop1,472,362,472,313,156,3,10.033333333333333,2026-07-24,14,중형
20260724_143807,2026-07-24 14:38:07,live_loop1,503,362,503,345,142,16,10.016666666666667,2026-07-24,14,중형
20260724_144814,2026-07-24 14:48:14,live_loop1,483,337,483,309,143,31,10.116666666666667,2026-07-24,14,중형
20260724_145815,2026-07-24 14:58:15,live_loop1,475,342,475,329,135,11,10.016666666666667,2026-07-24,14,중형
20260724_150816,2026-07-24 15:08:16,live_loop1,518,376,518,346,150,22,10.016666666666667,2026-07-24,15,대형
20260724_151818,2026-07-24 15:18:18,live_loop1,514,345,514,350,155,9,10.033333333333333,2026-07-24,15,대형
20260724_152819,2026-07-24 15:28:19,live_loop1,471,354,471,310,154,7,10.016666666666667,2026-07-24,15,중형
20260724_153821,2026-07-24 15:38:21,live_loop1,540,390,540,346,175,19,10.033333333333333,2026-07-24,15,대형
20260724_154822,2026-07-24 15:48:22,live_loop1,508,388,508,324,175,9,10.016666666666667,2026-07-24,15,중형
20260724_155823,2026-07-24 15:58:23,live_loop1,491,361,491,304,184,3,10.016666666666667,2026-07-24,15,중형
20260724_160825,2026-07-24 16:08:25,live_loop1,569,419,569,341,206,22,10.033333333333333,2026-07-24,16,대형
20260724_161826,2026-07-24 16:18:26,live_loop1,495,369,495,296,194,5,10.016666666666667,2026-07-24,16,중형
20260724_162827,2026-07-24 16:28:27,live_loop1,540,417,540,325,209,6,10.016666666666667,2026-07-24,16,대형
20260724_163828,2026-07-24 16:38:28,live_loop1,595,436,595,360,216,19,10.016666666666667,2026-07-24,16,대형
20260724_164830,2026-07-24 16:48:30,live_loop1,572,434,572,338,219,15,10.033333333333333,2026-07-24,16,대형
20260724_165831,2026-07-24 16:58:31,live_loop1,602,459,602,325,269,8,10.016666666666667,2026-07-24,16,대형
20260724_170834,2026-07-24 17:08:34,live_loop1,643,468,643,360,252,31,10.05,2026-07-24,17,대형
20260724_171835,2026-07-24 17:18:35,live_loop1,721,468,721,432,244,45,10.016666666666667,2026-07-24,17,대형
20260724_172843,2026-07-24 17:28:43,live_loop1,661,464,661,330,262,69,10.133333333333333,2026-07-24,17,대형
20260724_173844,2026-07-24 17:38:44,live_loop1,784,544,784,471,290,23,10.016666666666667,2026-07-24,17,대형
20260724_174846,2026-07-24 17:48:46,live_loop1,672,522,672,344,321,7,10.033333333333333,2026-07-24,17,대형
20260724_175847,2026-07-24 17:58:47,live_loop1,634,486,634,347,274,13,10.016666666666667,2026-07-24,17,대형
20260724_180851,2026-07-24 18:08:51,live_loop1,732,538,732,378,327,27,10.066666666666666,2026-07-24,18,대형
20260724_181858,2026-07-24 18:18:58,live_loop1,635,485,635,307,322,6,10.116666666666667,2026-07-24,18,대형
20260724_182900,2026-07-24 18:29:00,live_loop1,710,530,710,340,363,7,10.033333333333333,2026-07-24,18,대형
20260724_183904,2026-07-24 18:39:04,live_loop1,717,529,717,350,352,15,10.066666666666666,2026-07-24,18,대형
20260724_184906,2026-07-24 18:49:06,live_loop1,676,521,676,320,351,5,10.033333333333333,2026-07-24,18,대형
20260724_185907,2026-07-24 18:59:07,live_loop1,654,491,654,316,335,3,10.016666666666667,2026-07-24,18,대형
20260724_190908,2026-07-24 19:09:08,live_loop1,754,551,754,340,385,29,10.016666666666667,2026-07-24,19,대형
20260724_191910,2026-07-24 19:19:10,live_loop1,637,482,637,294,337,6,10.033333333333333,2026-07-24,19,대형
20260724_192912,2026-07-24 19:29:12,live_loop1,653,502,653,308,340,5,10.033333333333333,2026-07-24,19,대형
20260724_193913,2026-07-24 19:39:13,live_loop1,671,491,671,349,305,17,10.016666666666667,2026-07-24,19,대형
20260724_194915,2026-07-24 19:49:15,live_loop1,614,470,614,289,321,4,10.033333333333333,2026-07-24,19,대형
20260724_195918,2026-07-24 19:59:18,live_loop1,587,440,587,300,276,11,10.05,2026-07-24,19,대형
20260724_200920,2026-07-24 20:09:20,live_loop1,649,487,649,338,281,30,10.033333333333333,2026-07-24,20,대형
20260724_201921,2026-07-24 20:19:21,live_loop1,583,444,583,318,261,4,10.016666666666667,2026-07-24,20,대형
20260724_202923,2026-07-24 20:29:23,live_loop1,604,457,604,324,274,6,10.033333333333333,2026-07-24,20,대형
20260724_203926,2026-07-24 20:39:26,live_loop1,650,472,650,343,292,15,10.05,2026-07-24,20,대형
20260724_204927,2026-07-24 20:49:27,live_loop1,629,476,629,337,284,8,10.016666666666667,2026-07-24,20,대형
20260724_205930,2026-07-24 20:59:30,live_loop1,571,437,571,317,249,5,10.05,2026-07-24,20,대형
20260724_210932,2026-07-24 21:09:32,live_loop1,640,474,640,344,266,30,10.033333333333333,2026-07-24,21,대형
20260724_211933,2026-07-24 21:19:33,live_loop1,558,433,558,309,241,8,10.016666666666667,2026-07-24,21,대형
20260724_212934,2026-07-24 21:29:34,live_loop1,564,435,564,315,237,12,10.016666666666667,2026-07-24,21,대형
20260724_213936,2026-07-24 21:39:36,live_loop1,642,467,642,350,268,24,10.033333333333333,2026-07-24,21,대형
20260724_214937,2026-07-24 21:49:37,live_loop1,559,432,559,306,241,12,10.016666666666667,2026-07-24,21,대형
20260724_215938,2026-07-24 21:59:38,live_loop1,300,207,300,236,58,6,10.016666666666667,2026-07-24,21,소형
20260725_074907,2026-07-25 07:49:07,live_loop1,480,355,480,394,81,5,589.4833333333333,2026-07-25,7,중형
20260725_075120,2026-07-25 07:51:20,live_loop1,482,350,482,404,71,7,2.216666666666667,2026-07-25,7,중형
20260725_075155,2026-07-25 07:51:55,live_loop1,482,355,482,402,75,5,0.5833333333333334,2026-07-25,7,중형
20260725_075230,2026-07-25 07:52:30,live_loop1,493,358,493,411,79,3,0.5833333333333334,2026-07-25,7,중형
20260725_075305,2026-07-25 07:53:05,live_loop1,481,349,481,400,78,3,0.5833333333333334,2026-07-25,7,중형
20260725_075341,2026-07-25 07:53:41,live_loop1,488,354,488,401,86,1,0.6,2026-07-25,7,중형
20260725_075416,2026-07-25 07:54:16,live_loop1,471,345,471,390,80,1,0.5833333333333334,2026-07-25,7,중형
20260725_075451,2026-07-25 07:54:51,live_loop1,482,354,482,399,82,1,0.5833333333333334,2026-07-25,7,중형
20260725_075527,2026-07-25 07:55:27,live_loop1,483,357,483,403,79,1,0.6,2026-07-25,7,중형
20260725_075603,2026-07-25 07:56:03,live_loop1,470,348,470,394,75,1,0.6,2026-07-25,7,중형
20260725_075639,2026-07-25 07:56:39,live_loop1,494,370,494,405,87,2,0.6,2026-07-25,7,중형
20260725_075714,2026-07-25 07:57:14,live_loop1,477,359,477,391,84,2,0.5833333333333334,2026-07-25,7,중형
20260725_075750,2026-07-25 07:57:50,live_loop1,505,384,505,416,87,2,0.6,2026-07-25,7,중형
20260725_075826,2026-07-25 07:58:26,live_loop1,505,384,505,415,88,2,0.6,2026-07-25,7,중형
20260725_075904,2026-07-25 07:59:04,live_loop1,493,377,493,407,85,1,0.6333333333333333,2026-07-25,7,중형
20260725_075939,2026-07-25 07:59:39,live_loop1,499,385,499,409,89,1,0.5833333333333334,2026-07-25,7,중형
20260725_080014,2026-07-25 08:00:14,live_loop1,480,371,480,396,83,1,0.5833333333333334,2026-07-25,8,중형
20260725_080050,2026-07-25 08:00:50,live_loop1,471,361,471,394,76,1,0.6,2026-07-25,8,중형
20260725_080125,2026-07-25 08:01:25,live_loop1,511,390,511,421,87,3,0.5833333333333334,2026-07-25,8,중형
20260725_080206,2026-07-25 08:02:06,live_loop1,494,378,494,406,85,3,0.6833333333333333,2026-07-25,8,중형
20260725_080241,2026-07-25 08:02:41,live_loop1,498,377,498,411,84,3,0.5833333333333334,2026-07-25,8,중형
20260725_080317,2026-07-25 08:03:17,live_loop1,484,363,484,399,82,3,0.6,2026-07-25,8,중형
20260725_080352,2026-07-25 08:03:52,live_loop1,525,385,525,436,86,3,0.5833333333333334,2026-07-25,8,대형
20260725_080429,2026-07-25 08:04:29,live_loop1,575,413,575,456,94,25,0.6166666666666667,2026-07-25,8,대형
20260725_080505,2026-07-25 08:05:05,live_loop1,560,401,560,442,93,25,0.6,2026-07-25,8,대형
20260725_080541,2026-07-25 08:05:41,live_loop1,572,408,572,450,97,25,0.6,2026-07-25,8,대형
20260725_080617,2026-07-25 08:06:17,live_loop1,556,394,556,440,91,25,0.6,2026-07-25,8,대형
20260725_080652,2026-07-25 08:06:52,live_loop1,588,423,588,460,104,24,0.5833333333333334,2026-07-25,8,대형
20260725_080728,2026-07-25 08:07:28,live_loop1,595,427,595,462,107,26,0.6,2026-07-25,8,대형
20260725_080804,2026-07-25 08:08:04,live_loop1,581,418,581,451,104,26,0.6,2026-07-25,8,대형
20260725_080839,2026-07-25 08:08:39,live_loop1,588,425,588,460,102,26,0.5833333333333334,2026-07-25,8,대형
20260725_080915,2026-07-25 08:09:15,live_loop1,579,419,579,454,99,26,0.6,2026-07-25,8,대형
20260725_080950,2026-07-25 08:09:50,live_loop1,609,445,609,478,105,26,0.5833333333333334,2026-07-25,8,대형
20260725_081030,2026-07-25 08:10:30,live_loop1,599,434,599,475,99,25,0.6666666666666666,2026-07-25,8,대형
20260725_081105,2026-07-25 08:11:05,live_loop1,571,413,571,456,90,25,0.5833333333333334,2026-07-25,8,대형
20260725_081141,2026-07-25 08:11:41,live_loop1,608,448,608,478,106,24,0.6,2026-07-25,8,대형
20260725_081219,2026-07-25 08:12:19,live_loop1,566,424,566,440,102,24,0.6333333333333333,2026-07-25,8,대형
20260725_081256,2026-07-25 08:12:56,live_loop1,563,426,563,439,101,23,0.6166666666666667,2026-07-25,8,대형
20260725_081331,2026-07-25 08:13:31,live_loop1,543,416,543,441,101,1,0.5833333333333334,2026-07-25,8,대형
20260725_081407,2026-07-25 08:14:07,live_loop1,514,395,514,422,91,1,0.6,2026-07-25,8,대형
20260725_081443,2026-07-25 08:14:43,live_loop1,525,397,525,435,88,2,0.6,2026-07-25,8,대형
20260725_081521,2026-07-25 08:15:21,live_loop1,484,364,484,408,74,2,0.6333333333333333,2026-07-25,8,중형
20260725_081603,2026-07-25 08:16:03,live_loop1,490,368,490,415,69,6,0.7,2026-07-25,8,중형
20260725_081638,2026-07-25 08:16:38,live_loop1,514,391,514,430,76,8,0.5833333333333334,2026-07-25,8,대형
20260725_081715,2026-07-25 08:17:15,live_loop1,497,377,497,418,71,8,0.6166666666666667,2026-07-25,8,중형
20260725_081751,2026-07-25 08:17:51,live_loop1,514,393,514,429,77,8,0.6,2026-07-25,8,대형
20260725_081832,2026-07-25 08:18:32,live_loop1,513,386,513,424,80,9,0.6833333333333333,2026-07-25,8,대형
20260725_081907,2026-07-25 08:19:07,live_loop1,495,368,495,413,73,9,0.5833333333333334,2026-07-25,8,중형
20260725_081942,2026-07-25 08:19:42,live_loop1,522,390,522,433,79,10,0.5833333333333334,2026-07-25,8,대형
20260725_082023,2026-07-25 08:20:23,live_loop1,475,351,475,395,70,10,0.6833333333333333,2026-07-25,8,중형
20260725_082058,2026-07-25 08:20:58,live_loop1,475,350,475,401,64,10,0.5833333333333334,2026-07-25,8,중형
20260725_082136,2026-07-25 08:21:36,live_loop1,529,395,529,442,80,7,0.6333333333333333,2026-07-25,8,대형
20260725_082215,2026-07-25 08:22:15,live_loop1,507,379,507,424,76,7,0.65,2026-07-25,8,중형
20260725_083340,2026-07-25 08:33:40,live_loop1,561,421,561,461,95,5,11.416666666666666,2026-07-25,8,대형
20260725_084341,2026-07-25 08:43:41,live_loop1,556,432,556,435,119,2,10.016666666666667,2026-07-25,8,대형
20260725_085343,2026-07-25 08:53:43,live_loop1,521,396,521,423,94,4,10.033333333333333,2026-07-25,8,대형
20260725_090346,2026-07-25 09:03:46,live_loop1,599,445,599,482,110,7,10.05,2026-07-25,9,대형
20260725_091347,2026-07-25 09:13:47,live_loop1,534,407,534,426,103,5,10.016666666666667,2026-07-25,9,대형
20260725_092356,2026-07-25 09:23:56,live_loop1,606,445,606,488,116,2,10.15,2026-07-25,9,대형
20260725_093400,2026-07-25 09:34:00,live_loop1,579,429,579,447,128,4,10.066666666666666,2026-07-25,9,대형
20260725_094402,2026-07-25 09:44:02,live_loop1,545,415,545,445,97,3,10.033333333333333,2026-07-25,9,대형
20260725_095403,2026-07-25 09:54:03,live_loop1,539,406,539,409,125,5,10.016666666666667,2026-07-25,9,대형
20260725_100405,2026-07-25 10:04:05,live_loop1,558,415,558,444,110,4,10.033333333333333,2026-07-25,10,대형
20260725_101406,2026-07-25 10:14:06,live_loop1,508,384,508,382,124,2,10.016666666666667,2026-07-25,10,중형
20260725_102409,2026-07-25 10:24:09,live_loop1,501,375,501,373,121,7,10.05,2026-07-25,10,중형
20260725_103415,2026-07-25 10:34:15,live_loop1,531,395,531,411,117,3,10.1,2026-07-25,10,대형
20260725_104418,2026-07-25 10:44:18,live_loop1,535,410,535,404,123,8,10.05,2026-07-25,10,대형
20260725_105419,2026-07-25 10:54:19,live_loop1,514,388,514,373,138,3,10.016666666666667,2026-07-25,10,대형
20260725_110421,2026-07-25 11:04:21,live_loop1,497,376,497,358,136,3,10.033333333333333,2026-07-25,11,중형
20260725_111422,2026-07-25 11:14:22,live_loop1,501,374,501,378,114,9,10.016666666666667,2026-07-25,11,중형
20260725_112426,2026-07-25 11:24:26,live_loop1,525,402,525,370,150,5,10.066666666666666,2026-07-25,11,대형
20260725_113428,2026-07-25 11:34:28,live_loop1,574,418,574,417,143,14,10.033333333333333,2026-07-25,11,대형
20260725_114430,2026-07-25 11:44:30,live_loop1,500,377,500,372,122,6,10.033333333333333,2026-07-25,11,중형
20260725_115431,2026-07-25 11:54:31,live_loop1,520,401,520,359,158,3,10.016666666666667,2026-07-25,11,대형
20260725_120433,2026-07-25 12:04:33,live_loop1,555,404,555,369,156,30,10.033333333333333,2026-07-25,12,대형
20260725_121434,2026-07-25 12:14:34,live_loop1,503,378,503,348,149,6,10.016666666666667,2026-07-25,12,중형
20260725_122436,2026-07-25 12:24:36,live_loop1,493,373,493,347,138,8,10.033333333333333,2026-07-25,12,중형
20260725_123437,2026-07-25 12:34:37,live_loop1,544,399,544,376,152,16,10.016666666666667,2026-07-25,12,대형
20260725_124438,2026-07-25 12:44:38,live_loop1,512,382,512,342,161,9,10.016666666666667,2026-07-25,12,대형
20260725_125440,2026-07-25 12:54:40,live_loop1,486,378,486,334,151,1,10.033333333333333,2026-07-25,12,중형
20260725_130441,2026-07-25 13:04:41,live_loop1,535,382,535,358,153,24,10.016666666666667,2026-07-25,13,대형
20260725_131442,2026-07-25 13:14:42,live_loop1,489,372,489,334,149,6,10.016666666666667,2026-07-25,13,중형
20260725_132443,2026-07-25 13:24:43,live_loop1,507,393,507,337,164,6,10.016666666666667,2026-07-25,13,중형
20260725_133447,2026-07-25 13:34:47,live_loop1,583,422,583,379,186,18,10.066666666666666,2026-07-25,13,대형
20260725_134448,2026-07-25 13:44:48,live_loop1,534,408,534,349,177,8,10.016666666666667,2026-07-25,13,대형
20260725_135450,2026-07-25 13:54:50,live_loop1,505,385,505,321,178,6,10.033333333333333,2026-07-25,13,중형
20260725_140452,2026-07-25 14:04:52,live_loop1,556,406,556,356,170,30,10.033333333333333,2026-07-25,14,대형
20260725_141453,2026-07-25 14:14:53,live_loop1,493,361,493,322,165,6,10.016666666666667,2026-07-25,14,중형
20260725_142454,2026-07-25 14:24:54,live_loop1,523,397,523,330,187,6,10.016666666666667,2026-07-25,14,대형
20260725_143458,2026-07-25 14:34:58,live_loop1,549,400,549,374,157,18,10.066666666666666,2026-07-25,14,대형
20260725_144459,2026-07-25 14:44:59,live_loop1,528,410,528,335,185,8,10.016666666666667,2026-07-25,14,대형
20260725_145502,2026-07-25 14:55:02,live_loop1,528,404,528,306,214,8,10.05,2026-07-25,14,대형
20260725_150507,2026-07-25 15:05:07,live_loop1,553,404,553,355,173,25,10.083333333333334,2026-07-25,15,대형
20260725_151126,2026-07-25 15:11:26,live_loop1,529,382,529,338,169,22,6.316666666666666,2026-07-25,15,대형
20260725_151222,2026-07-25 15:12:22,live_loop1,523,389,523,325,174,24,0.9333333333333333,2026-07-25,15,대형
20260725_151338,2026-07-25 15:13:38,live_loop1,499,368,499,316,177,6,1.2666666666666666,2026-07-25,15,중형
20260725_152339,2026-07-25 15:23:39,live_loop1,502,379,502,322,177,3,10.016666666666667,2026-07-25,15,중형
20260725_153345,2026-07-25 15:33:45,live_loop1,538,395,538,344,184,10,10.1,2026-07-25,15,대형
20260725_154346,2026-07-25 15:43:46,live_loop1,538,396,538,340,192,6,10.016666666666667,2026-07-25,15,대형
20260725_155348,2026-07-25 15:53:48,live_loop1,554,418,554,342,204,8,10.033333333333333,2026-07-25,15,대형
20260725_160349,2026-07-25 16:03:49,live_loop1,531,398,531,329,198,4,10.016666666666667,2026-07-25,16,대형
20260725_161351,2026-07-25 16:13:51,live_loop1,511,384,511,328,175,8,10.033333333333333,2026-07-25,16,중형
20260725_162355,2026-07-25 16:23:55,live_loop1,557,419,557,341,208,8,10.066666666666666,2026-07-25,16,대형
20260725_163356,2026-07-25 16:33:56,live_loop1,541,406,541,349,188,4,10.016666666666667,2026-07-25,16,대형
20260725_164357,2026-07-25 16:43:57,live_loop1,543,416,543,335,201,7,10.016666666666667,2026-07-25,16,대형
20260725_165359,2026-07-25 16:53:59,live_loop1,536,388,536,335,197,4,10.033333333333333,2026-07-25,16,대형
20260725_170400,2026-07-25 17:04:00,live_loop1,555,419,555,354,196,5,10.016666666666667,2026-07-25,17,대형
20260725_171401,2026-07-25 17:14:01,live_loop1,562,426,562,339,217,6,10.016666666666667,2026-07-25,17,대형
20260725_172403,2026-07-25 17:24:03,live_loop1,573,434,573,340,226,7,10.033333333333333,2026-07-25,17,대형
20260725_173404,2026-07-25 17:34:04,live_loop1,577,436,577,361,211,5,10.016666666666667,2026-07-25,17,대형
20260725_174406,2026-07-25 17:44:06,live_loop1,561,423,561,330,223,8,10.033333333333333,2026-07-25,17,대형
20260725_175407,2026-07-25 17:54:07,live_loop1,560,434,560,336,218,6,10.016666666666667,2026-07-25,17,대형
20260725_180408,2026-07-25 18:04:08,live_loop1,582,438,582,340,229,13,10.016666666666667,2026-07-25,18,대형
20260725_181410,2026-07-25 18:14:10,live_loop1,532,404,532,323,202,7,10.033333333333333,2026-07-25,18,대형
20260725_182411,2026-07-25 18:24:11,live_loop1,571,430,571,332,231,8,10.016666666666667,2026-07-25,18,대형
20260725_183412,2026-07-25 18:34:12,live_loop1,538,388,538,309,222,7,10.016666666666667,2026-07-25,18,대형
20260725_184413,2026-07-25 18:44:13,live_loop1,554,416,554,333,210,11,10.016666666666667,2026-07-25,18,대형
20260725_185415,2026-07-25 18:54:15,live_loop1,534,412,534,305,222,7,10.033333333333333,2026-07-25,18,대형
20260725_190418,2026-07-25 19:04:18,live_loop1,600,443,600,350,223,27,10.05,2026-07-25,19,대형
20260725_191419,2026-07-25 19:14:19,live_loop1,525,397,525,302,212,11,10.016666666666667,2026-07-25,19,대형
20260725_192421,2026-07-25 19:24:21,live_loop1,541,412,541,309,222,10,10.033333333333333,2026-07-25,19,대형
20260725_193422,2026-07-25 19:34:22,live_loop1,513,375,513,284,204,25,10.016666666666667,2026-07-25,19,대형
20260725_194424,2026-07-25 19:44:24,live_loop1,496,379,496,300,188,8,10.033333333333333,2026-07-25,19,중형
20260725_195425,2026-07-25 19:54:25,live_loop1,558,420,558,315,234,9,10.016666666666667,2026-07-25,19,대형
20260725_200427,2026-07-25 20:04:27,live_loop1,497,368,497,298,189,10,10.033333333333333,2026-07-25,20,중형
20260725_201428,2026-07-25 20:14:28,live_loop1,570,434,570,314,247,9,10.016666666666667,2026-07-25,20,대형
20260725_202429,2026-07-25 20:24:29,live_loop1,629,487,629,337,280,12,10.016666666666667,2026-07-25,20,대형
20260725_203431,2026-07-25 20:34:31,live_loop1,622,450,622,340,255,27,10.033333333333333,2026-07-25,20,대형
20260725_204432,2026-07-25 20:44:32,live_loop1,564,429,564,325,233,6,10.016666666666667,2026-07-25,20,대형
20260725_205434,2026-07-25 20:54:34,live_loop1,543,414,543,311,216,16,10.033333333333333,2026-07-25,20,대형
20260725_210435,2026-07-25 21:04:35,live_loop1,624,449,624,354,241,29,10.016666666666667,2026-07-25,21,대형
20260725_211436,2026-07-25 21:14:36,live_loop1,515,382,515,305,201,9,10.016666666666667,2026-07-25,21,대형
20260725_212438,2026-07-25 21:24:38,live_loop1,548,422,548,309,227,12,10.033333333333333,2026-07-25,21,대형
20260725_213439,2026-07-25 21:34:39,live_loop1,595,434,595,331,237,27,10.016666666666667,2026-07-25,21,대형
20260725_214440,2026-07-25 21:44:40,live_loop1,564,413,564,317,238,9,10.016666666666667,2026-07-25,21,대형
20260725_215441,2026-07-25 21:54:41,live_loop1,510,386,510,318,185,7,10.016666666666667,2026-07-25,21,중형
20260725_220443,2026-07-25 22:04:43,live_loop1,591,442,591,343,222,26,10.033333333333333,2026-07-25,22,대형
20260725_221445,2026-07-25 22:14:45,live_loop1,459,350,459,274,177,8,10.033333333333333,2026-07-25,22,중형
20260725_222446,2026-07-25 22:24:46,live_loop1,450,343,450,268,173,9,10.016666666666667,2026-07-25,22,중형
20260725_223447,2026-07-25 22:34:47,live_loop1,517,374,517,301,191,25,10.016666666666667,2026-07-25,22,대형
20260725_224448,2026-07-25 22:44:48,live_loop1,437,313,437,283,145,9,10.016666666666667,2026-07-25,22,중형
20260725_225449,2026-07-25 22:54:49,live_loop1,396,295,396,259,130,7,10.016666666666667,2026-07-25,22,소형
20260725_230450,2026-07-25 23:04:50,live_loop1,485,342,485,303,149,33,10.016666666666667,2026-07-25,23,중형
20260725_231451,2026-07-25 23:14:51,live_loop1,417,307,417,268,139,10,10.016666666666667,2026-07-25,23,소형
20260725_232453,2026-07-25 23:24:53,live_loop1,410,311,410,280,122,8,10.033333333333333,2026-07-25,23,소형
20260725_233455,2026-07-25 23:34:55,live_loop1,446,312,446,300,121,25,10.033333333333333,2026-07-25,23,중형
20260725_234456,2026-07-25 23:44:56,live_loop1,393,288,393,261,116,16,10.016666666666667,2026-07-25,23,소형
20260725_235457,2026-07-25 23:54:57,live_loop1,370,269,370,260,105,5,10.016666666666667,2026-07-25,23,소형
20260726_000458,2026-07-26 00:04:58,live_loop1,431,301,431,286,108,37,10.016666666666667,2026-07-26,0,소형
20260726_001647,2026-07-26 00:16:47,live_loop1,340,243,340,247,87,6,11.816666666666666,2026-07-26,0,소형
20260726_002648,2026-07-26 00:26:48,live_loop1,367,255,367,252,102,13,10.016666666666667,2026-07-26,0,소형
20260726_003649,2026-07-26 00:36:49,live_loop1,381,258,381,272,85,24,10.016666666666667,2026-07-26,0,소형
20260726_004650,2026-07-26 00:46:50,live_loop1,359,258,359,246,99,14,10.016666666666667,2026-07-26,0,소형
20260726_005651,2026-07-26 00:56:51,live_loop1,349,253,349,252,94,3,10.016666666666667,2026-07-26,0,소형
20260726_010651,2026-07-26 01:06:51,live_loop1,423,293,423,296,88,39,10.0,2026-07-26,1,소형
20260726_011655,2026-07-26 01:16:55,live_loop1,338,239,338,256,68,14,10.066666666666666,2026-07-26,1,소형
20260726_012656,2026-07-26 01:26:56,live_loop1,340,245,340,247,84,9,10.016666666666667,2026-07-26,1,소형
20260726_013657,2026-07-26 01:36:57,live_loop1,412,289,412,292,91,29,10.016666666666667,2026-07-26,1,소형
20260726_014658,2026-07-26 01:46:58,live_loop1,339,251,339,254,72,13,10.016666666666667,2026-07-26,1,소형
20260726_015659,2026-07-26 01:56:59,live_loop1,321,224,321,253,63,5,10.016666666666667,2026-07-26,1,소형
20260726_020700,2026-07-26 02:07:00,live_loop1,399,270,399,279,73,47,10.016666666666667,2026-07-26,2,소형
20260726_021701,2026-07-26 02:17:01,live_loop1,348,253,348,254,84,10,10.016666666666667,2026-07-26,2,소형
20260726_022702,2026-07-26 02:27:02,live_loop1,345,233,345,256,72,17,10.016666666666667,2026-07-26,2,소형
20260726_023703,2026-07-26 02:37:03,live_loop1,360,233,360,275,51,34,10.016666666666667,2026-07-26,2,소형
20260726_024704,2026-07-26 02:47:04,live_loop1,340,220,340,238,54,48,10.016666666666667,2026-07-26,2,소형
20260726_025705,2026-07-26 02:57:05,live_loop1,345,224,345,272,57,16,10.016666666666667,2026-07-26,2,소형
20260726_030706,2026-07-26 03:07:06,live_loop1,377,263,377,266,70,41,10.016666666666667,2026-07-26,3,소형
20260726_031707,2026-07-26 03:17:07,live_loop1,327,229,327,248,62,17,10.016666666666667,2026-07-26,3,소형
20260726_032710,2026-07-26 03:27:10,live_loop1,300,207,300,245,49,6,10.05,2026-07-26,3,소형
20260726_033713,2026-07-26 03:37:13,live_loop1,362,236,362,300,49,13,10.05,2026-07-26,3,소형
20260726_034714,2026-07-26 03:47:14,live_loop1,306,211,306,247,48,11,10.016666666666667,2026-07-26,3,소형
20260726_035714,2026-07-26 03:57:14,live_loop1,306,208,306,246,49,11,10.0,2026-07-26,3,소형
20260726_040716,2026-07-26 04:07:16,live_loop1,389,255,389,302,56,31,10.033333333333333,2026-07-26,4,소형
20260726_041717,2026-07-26 04:17:17,live_loop1,333,229,333,263,58,12,10.016666666666667,2026-07-26,4,소형
20260726_042718,2026-07-26 04:27:18,live_loop1,325,228,325,266,50,9,10.016666666666667,2026-07-26,4,소형
20260726_043719,2026-07-26 04:37:19,live_loop1,377,252,377,322,45,10,10.016666666666667,2026-07-26,4,소형
20260726_044720,2026-07-26 04:47:20,live_loop1,314,217,314,257,45,12,10.016666666666667,2026-07-26,4,소형
20260726_045722,2026-07-26 04:57:22,live_loop1,332,230,332,287,35,10,10.033333333333333,2026-07-26,4,소형
20260726_050722,2026-07-26 05:07:22,live_loop1,372,246,372,304,37,31,10.0,2026-07-26,5,소형
20260726_051723,2026-07-26 05:17:23,live_loop1,310,210,310,273,34,3,10.016666666666667,2026-07-26,5,소형
20260726_052725,2026-07-26 05:27:25,live_loop1,342,246,342,282,52,8,10.033333333333333,2026-07-26,5,소형
20260726_053726,2026-07-26 05:37:26,live_loop1,405,276,405,343,46,16,10.016666666666667,2026-07-26,5,소형
20260726_054729,2026-07-26 05:47:29,live_loop1,367,261,367,300,44,23,10.05,2026-07-26,5,소형
20260726_055729,2026-07-26 05:57:29,live_loop1,373,267,373,291,66,16,10.0,2026-07-26,5,소형
20260726_060730,2026-07-26 06:07:30,live_loop1,408,277,408,344,36,28,10.016666666666667,2026-07-26,6,소형
20260726_061735,2026-07-26 06:17:35,live_loop1,349,258,349,282,61,6,10.083333333333334,2026-07-26,6,소형
20260726_062736,2026-07-26 06:27:36,live_loop1,356,257,356,297,52,7,10.016666666666667,2026-07-26,6,소형
20260726_063737,2026-07-26 06:37:37,live_loop1,445,312,445,371,62,12,10.016666666666667,2026-07-26,6,중형
20260726_064738,2026-07-26 06:47:38,live_loop1,372,278,372,312,52,8,10.016666666666667,2026-07-26,6,소형
20260726_065739,2026-07-26 06:57:39,live_loop1,365,269,365,310,48,7,10.016666666666667,2026-07-26,6,소형
20260726_070740,2026-07-26 07:07:40,live_loop1,475,335,475,379,71,25,10.016666666666667,2026-07-26,7,중형
20260726_071741,2026-07-26 07:17:41,live_loop1,413,305,413,350,57,6,10.016666666666667,2026-07-26,7,소형
20260726_072742,2026-07-26 07:27:42,live_loop1,434,332,434,360,67,7,10.016666666666667,2026-07-26,7,중형
20260726_073745,2026-07-26 07:37:45,live_loop1,509,368,509,425,69,15,10.05,2026-07-26,7,중형
20260726_074751,2026-07-26 07:47:51,live_loop1,411,308,411,326,80,5,10.1,2026-07-26,7,소형
20260726_075752,2026-07-26 07:57:52,live_loop1,425,324,425,337,83,5,10.016666666666667,2026-07-26,7,소형
20260726_080755,2026-07-26 08:07:55,live_loop1,485,344,485,386,77,22,10.05,2026-07-26,8,중형
20260726_081756,2026-07-26 08:17:56,live_loop1,437,332,437,357,76,4,10.016666666666667,2026-07-26,8,중형
20260726_082757,2026-07-26 08:27:57,live_loop1,433,320,433,347,77,9,10.016666666666667,2026-07-26,8,중형
20260726_083759,2026-07-26 08:37:59,live_loop1,520,361,520,429,81,10,10.033333333333333,2026-07-26,8,대형
20260726_084803,2026-07-26 08:48:03,live_loop1,480,365,480,396,76,8,10.066666666666666,2026-07-26,8,중형
20260726_085804,2026-07-26 08:58:04,live_loop1,484,369,484,384,92,8,10.016666666666667,2026-07-26,8,중형
20260726_090805,2026-07-26 09:08:05,live_loop1,541,390,541,414,88,39,10.016666666666667,2026-07-26,9,대형
20260726_091806,2026-07-26 09:18:06,live_loop1,495,364,495,398,92,5,10.016666666666667,2026-07-26,9,중형
20260726_092807,2026-07-26 09:28:07,live_loop1,498,377,498,393,100,5,10.016666666666667,2026-07-26,9,중형
20260726_093808,2026-07-26 09:38:08,live_loop1,540,391,540,439,86,15,10.016666666666667,2026-07-26,9,대형
20260726_094810,2026-07-26 09:48:10,live_loop1,492,383,492,378,108,6,10.033333333333333,2026-07-26,9,중형
20260726_095811,2026-07-26 09:58:11,live_loop1,477,357,477,386,86,5,10.016666666666667,2026-07-26,9,중형
20260726_100812,2026-07-26 10:08:12,live_loop1,566,408,566,440,102,24,10.016666666666667,2026-07-26,10,대형
20260726_101813,2026-07-26 10:18:13,live_loop1,482,353,482,369,106,7,10.016666666666667,2026-07-26,10,중형
20260726_102814,2026-07-26 10:28:14,live_loop1,477,351,477,385,86,6,10.016666666666667,2026-07-26,10,중형
20260726_103815,2026-07-26 10:38:15,live_loop1,534,388,534,401,113,20,10.016666666666667,2026-07-26,10,대형
20260726_104819,2026-07-26 10:48:19,live_loop1,478,361,478,385,87,6,10.066666666666666,2026-07-26,10,중형
20260726_105821,2026-07-26 10:58:21,live_loop1,462,347,462,359,97,6,10.033333333333333,2026-07-26,10,중형
20260726_110822,2026-07-26 11:08:22,live_loop1,527,383,527,402,100,25,10.016666666666667,2026-07-26,11,대형
20260726_111825,2026-07-26 11:18:25,live_loop1,486,377,486,343,138,5,10.05,2026-07-26,11,중형
20260726_112826,2026-07-26 11:28:26,live_loop1,448,330,448,337,105,6,10.016666666666667,2026-07-26,11,중형
20260726_113827,2026-07-26 11:38:27,live_loop1,525,384,525,383,129,13,10.016666666666667,2026-07-26,11,대형
20260726_114831,2026-07-26 11:48:31,live_loop1,465,354,465,336,123,6,10.066666666666666,2026-07-26,11,중형
20260726_115832,2026-07-26 11:58:32,live_loop1,458,350,458,348,101,9,10.016666666666667,2026-07-26,11,중형
20260726_120833,2026-07-26 12:08:33,live_loop1,538,386,538,376,135,27,10.016666666666667,2026-07-26,12,대형
20260726_121834,2026-07-26 12:18:34,live_loop1,474,362,474,344,123,7,10.016666666666667,2026-07-26,12,중형
20260726_122835,2026-07-26 12:28:35,live_loop1,444,334,444,324,114,6,10.016666666666667,2026-07-26,12,중형
20260726_123836,2026-07-26 12:38:36,live_loop1,485,349,485,352,115,18,10.016666666666667,2026-07-26,12,중형
20260726_124838,2026-07-26 12:48:38,live_loop1,464,351,464,342,115,7,10.033333333333333,2026-07-26,12,중형
20260726_125839,2026-07-26 12:58:39,live_loop1,471,361,471,334,127,10,10.016666666666667,2026-07-26,12,중형
20260726_130840,2026-07-26 13:08:40,live_loop1,514,373,514,344,140,30,10.016666666666667,2026-07-26,13,대형
20260726_131842,2026-07-26 13:18:42,live_loop1,444,336,444,309,126,9,10.033333333333333,2026-07-26,13,중형
20260726_132843,2026-07-26 13:28:43,live_loop1,459,349,459,320,133,6,10.016666666666667,2026-07-26,13,중형
20260726_133844,2026-07-26 13:38:44,live_loop1,531,389,531,369,149,13,10.016666666666667,2026-07-26,13,대형
20260726_134845,2026-07-26 13:48:45,live_loop1,491,368,491,334,148,9,10.016666666666667,2026-07-26,13,중형
20260726_135846,2026-07-26 13:58:46,live_loop1,470,346,470,313,149,8,10.016666666666667,2026-07-26,13,중형
20260726_140848,2026-07-26 14:08:48,live_loop1,517,385,517,332,164,21,10.033333333333333,2026-07-26,14,대형
20260726_141850,2026-07-26 14:18:50,live_loop1,484,358,484,314,167,3,10.033333333333333,2026-07-26,14,중형
20260726_142851,2026-07-26 14:28:51,live_loop1,473,357,473,297,169,7,10.016666666666667,2026-07-26,14,중형
20260726_143852,2026-07-26 14:38:52,live_loop1,538,386,538,341,181,16,10.016666666666667,2026-07-26,14,대형
20260726_144853,2026-07-26 14:48:53,live_loop1,488,368,488,316,161,11,10.016666666666667,2026-07-26,14,중형
20260726_145855,2026-07-26 14:58:55,live_loop1,473,355,473,286,172,15,10.033333333333333,2026-07-26,14,중형
20260726_150856,2026-07-26 15:08:56,live_loop1,522,382,522,319,174,29,10.016666666666667,2026-07-26,15,대형
20260726_151858,2026-07-26 15:18:58,live_loop1,475,361,475,316,151,8,10.033333333333333,2026-07-26,15,중형
20260726_152859,2026-07-26 15:28:59,live_loop1,494,371,494,307,176,11,10.016666666666667,2026-07-26,15,중형
20260726_153901,2026-07-26 15:39:01,live_loop1,542,386,542,352,167,23,10.033333333333333,2026-07-26,15,대형
20260726_154902,2026-07-26 15:49:02,live_loop1,533,399,533,312,204,17,10.016666666666667,2026-07-26,15,대형
20260726_155905,2026-07-26 15:59:05,live_loop1,500,372,500,313,174,13,10.05,2026-07-26,15,중형
20260726_160906,2026-07-26 16:09:06,live_loop1,543,387,543,335,176,32,10.016666666666667,2026-07-26,16,대형
20260726_161907,2026-07-26 16:19:07,live_loop1,524,399,524,324,189,11,10.016666666666667,2026-07-26,16,대형
20260726_162908,2026-07-26 16:29:08,live_loop1,493,375,493,311,172,10,10.016666666666667,2026-07-26,16,중형
20260726_163909,2026-07-26 16:39:09,live_loop1,590,426,590,370,198,22,10.016666666666667,2026-07-26,16,대형
20260726_164911,2026-07-26 16:49:11,live_loop1,538,407,538,333,195,10,10.033333333333333,2026-07-26,16,대형
20260726_165912,2026-07-26 16:59:12,live_loop1,526,404,526,315,198,13,10.016666666666667,2026-07-26,16,대형
20260726_170913,2026-07-26 17:09:13,live_loop1,594,433,594,333,237,24,10.016666666666667,2026-07-26,17,대형
20260726_171915,2026-07-26 17:19:15,live_loop1,567,421,567,328,231,8,10.033333333333333,2026-07-26,17,대형
20260726_172916,2026-07-26 17:29:16,live_loop1,558,419,558,319,220,19,10.016666666666667,2026-07-26,17,대형
20260726_173917,2026-07-26 17:39:17,live_loop1,592,432,592,348,217,27,10.016666666666667,2026-07-26,17,대형
20260726_174919,2026-07-26 17:49:19,live_loop1,550,418,550,319,220,11,10.033333333333333,2026-07-26,17,대형
20260726_175920,2026-07-26 17:59:20,live_loop1,612,450,612,353,249,10,10.016666666666667,2026-07-26,17,대형
20260726_180922,2026-07-26 18:09:22,live_loop1,657,473,657,367,265,25,10.033333333333333,2026-07-26,18,대형
20260726_181923,2026-07-26 18:19:23,live_loop1,533,404,533,303,218,12,10.016666666666667,2026-07-26,18,대형
20260726_182924,2026-07-26 18:29:24,live_loop1,565,430,565,329,223,13,10.016666666666667,2026-07-26,18,대형
20260726_183926,2026-07-26 18:39:26,live_loop1,595,430,595,351,226,18,10.033333333333333,2026-07-26,18,대형
20260726_184927,2026-07-26 18:49:27,live_loop1,570,428,570,318,245,7,10.016666666666667,2026-07-26,18,대형
20260726_185928,2026-07-26 18:59:28,live_loop1,589,449,589,307,272,10,10.016666666666667,2026-07-26,18,대형
20260726_190930,2026-07-26 19:09:30,live_loop1,632,461,632,336,270,26,10.033333333333333,2026-07-26,19,대형
20260726_191931,2026-07-26 19:19:31,live_loop1,546,409,546,306,233,7,10.016666666666667,2026-07-26,19,대형
20260726_192932,2026-07-26 19:29:32,live_loop1,579,438,579,309,262,8,10.016666666666667,2026-07-26,19,대형
20260726_193934,2026-07-26 19:39:34,live_loop1,614,449,614,344,249,21,10.033333333333333,2026-07-26,19,대형
20260726_194935,2026-07-26 19:49:35,live_loop1,563,424,563,308,244,11,10.016666666666667,2026-07-26,19,대형
20260726_195936,2026-07-26 19:59:36,live_loop1,572,435,572,324,239,9,10.016666666666667,2026-07-26,19,대형
20260726_200938,2026-07-26 20:09:38,live_loop1,604,443,604,327,247,30,10.033333333333333,2026-07-26,20,대형
20260726_201940,2026-07-26 20:19:40,live_loop1,573,437,573,302,266,5,10.033333333333333,2026-07-26,20,대형
20260726_202941,2026-07-26 20:29:41,live_loop1,563,419,563,310,246,7,10.016666666666667,2026-07-26,20,대형
20260726_203942,2026-07-26 20:39:42,live_loop1,602,442,602,328,254,20,10.016666666666667,2026-07-26,20,대형
20260726_204944,2026-07-26 20:49:44,live_loop1,558,426,558,313,235,10,10.033333333333333,2026-07-26,20,대형
20260726_205945,2026-07-26 20:59:45,live_loop1,544,407,544,305,230,9,10.016666666666667,2026-07-26,20,대형
20260726_210946,2026-07-26 21:09:46,live_loop1,593,442,593,330,233,30,10.016666666666667,2026-07-26,21,대형
20260726_211948,2026-07-26 21:19:48,live_loop1,511,383,511,282,223,6,10.033333333333333,2026-07-26,21,중형
20260726_212949,2026-07-26 21:29:49,live_loop1,526,404,526,299,218,9,10.016666666666667,2026-07-26,21,대형
20260726_213951,2026-07-26 21:39:51,live_loop1,540,393,540,321,194,25,10.033333333333333,2026-07-26,21,대형
20260726_214953,2026-07-26 21:49:53,live_loop1,522,392,522,299,212,11,10.033333333333333,2026-07-26,21,대형
20260726_215954,2026-07-26 21:59:54,live_loop1,441,334,441,263,170,8,10.016666666666667,2026-07-26,21,중형
20260726_220955,2026-07-26 22:09:55,live_loop1,537,379,537,302,204,31,10.016666666666667,2026-07-26,22,대형
20260726_221957,2026-07-26 22:19:57,live_loop1,460,347,460,284,167,9,10.033333333333333,2026-07-26,22,중형
20260726_222958,2026-07-26 22:29:58,live_loop1,424,316,424,259,155,10,10.016666666666667,2026-07-26,22,소형
20260726_223959,2026-07-26 22:39:59,live_loop1,487,358,487,316,156,15,10.016666666666667,2026-07-26,22,중형
20260726_225000,2026-07-26 22:50:00,live_loop1,433,321,433,272,151,10,10.016666666666667,2026-07-26,22,중형
20260726_230002,2026-07-26 23:00:02,live_loop1,389,283,389,261,120,8,10.033333333333333,2026-07-26,23,소형
20260726_231004,2026-07-26 23:10:04,live_loop1,454,318,454,297,126,31,10.033333333333333,2026-07-26,23,중형
20260726_232005,2026-07-26 23:20:05,live_loop1,373,266,373,252,113,8,10.016666666666667,2026-07-26,23,소형
20260726_233006,2026-07-26 23:30:06,live_loop1,370,266,370,253,106,11,10.016666666666667,2026-07-26,23,소형
20260726_234006,2026-07-26 23:40:06,live_loop1,394,272,394,287,87,20,10.0,2026-07-26,23,소형
20260726_235007,2026-07-26 23:50:07,live_loop1,344,242,344,254,78,12,10.016666666666667,2026-07-26,23,소형
20260727_000008,2026-07-27 00:00:08,live_loop1,325,233,325,242,75,8,10.016666666666667,2026-07-27,0,소형
20260727_001215,2026-07-27 00:12:15,live_loop1,374,257,374,274,69,31,12.116666666666667,2026-07-27,0,소형
20260727_002216,2026-07-27 00:22:16,live_loop1,361,263,361,248,96,17,10.016666666666667,2026-07-27,0,소형
20260727_003217,2026-07-27 00:32:17,live_loop1,339,233,339,252,69,18,10.016666666666667,2026-07-27,0,소형
20260727_004218,2026-07-27 00:42:18,live_loop1,381,262,381,270,88,23,10.016666666666667,2026-07-27,0,소형
20260727_005218,2026-07-27 00:52:18,live_loop1,345,248,345,248,87,10,10.0,2026-07-27,0,소형
20260727_010219,2026-07-27 01:02:19,live_loop1,331,229,331,239,81,11,10.016666666666667,2026-07-27,1,소형
20260727_011220,2026-07-27 01:12:20,live_loop1,359,245,359,266,60,33,10.016666666666667,2026-07-27,1,소형
20260727_012221,2026-07-27 01:22:21,live_loop1,300,210,300,232,56,12,10.016666666666667,2026-07-27,1,소형
20260727_013222,2026-07-27 01:32:22,live_loop1,308,215,308,244,57,7,10.016666666666667,2026-07-27,1,소형
20260727_014223,2026-07-27 01:42:23,live_loop1,354,247,354,267,58,29,10.016666666666667,2026-07-27,1,소형
20260727_015224,2026-07-27 01:52:24,live_loop1,305,209,305,243,55,7,10.016666666666667,2026-07-27,1,소형
20260727_020225,2026-07-27 02:02:25,live_loop1,312,216,312,240,53,19,10.016666666666667,2026-07-27,2,소형
20260727_021225,2026-07-27 02:12:25,live_loop1,381,261,381,267,55,59,10.0,2026-07-27,2,소형
20260727_022226,2026-07-27 02:22:26,live_loop1,357,250,357,270,56,31,10.016666666666667,2026-07-27,2,소형
20260727_023227,2026-07-27 02:32:27,live_loop1,342,242,342,271,46,25,10.016666666666667,2026-07-27,2,소형
20260727_024228,2026-07-27 02:42:28,live_loop1,379,262,379,292,46,41,10.016666666666667,2026-07-27,2,소형
20260727_025229,2026-07-27 02:52:29,live_loop1,372,244,372,276,34,62,10.016666666666667,2026-07-27,2,소형
20260727_030230,2026-07-27 03:02:30,live_loop1,386,257,386,288,50,48,10.016666666666667,2026-07-27,3,소형
20260727_031230,2026-07-27 03:12:30,live_loop1,394,275,394,289,43,62,10.0,2026-07-27,3,소형
20260727_032231,2026-07-27 03:22:31,live_loop1,331,225,331,260,35,36,10.016666666666667,2026-07-27,3,소형
20260727_033232,2026-07-27 03:32:32,live_loop1,362,254,362,276,60,26,10.016666666666667,2026-07-27,3,소형
20260727_034233,2026-07-27 03:42:33,live_loop1,331,233,331,271,33,27,10.016666666666667,2026-07-27,3,소형
20260727_035235,2026-07-27 03:52:35,live_loop1,311,209,311,263,27,21,10.033333333333333,2026-07-27,3,소형
20260727_040236,2026-07-27 04:02:36,live_loop1,327,221,327,277,35,15,10.016666666666667,2026-07-27,4,소형
20260727_041238,2026-07-27 04:12:38,live_loop1,368,252,368,284,26,58,10.033333333333333,2026-07-27,4,소형
20260727_042239,2026-07-27 04:22:39,live_loop1,362,254,362,284,39,39,10.016666666666667,2026-07-27,4,소형
20260727_043240,2026-07-27 04:32:40,live_loop1,354,248,354,292,34,28,10.016666666666667,2026-07-27,4,소형
20260727_044241,2026-07-27 04:42:41,live_loop1,370,264,370,291,43,36,10.016666666666667,2026-07-27,4,소형
20260727_045242,2026-07-27 04:52:42,live_loop1,352,244,352,299,33,20,10.016666666666667,2026-07-27,4,소형
20260727_050243,2026-07-27 05:02:43,live_loop1,366,262,366,291,38,37,10.016666666666667,2026-07-27,5,소형
20260727_051244,2026-07-27 05:12:44,live_loop1,378,270,378,302,28,48,10.016666666666667,2026-07-27,5,소형
20260727_052244,2026-07-27 05:22:44,live_loop1,383,271,383,301,41,41,10.0,2026-07-27,5,소형
20260727_053245,2026-07-27 05:32:45,live_loop1,397,286,397,328,36,33,10.016666666666667,2026-07-27,5,소형
20260727_054246,2026-07-27 05:42:46,live_loop1,430,312,430,346,44,40,10.016666666666667,2026-07-27,5,소형
20260727_055247,2026-07-27 05:52:47,live_loop1,410,302,410,342,43,25,10.016666666666667,2026-07-27,5,소형
20260727_060251,2026-07-27 06:02:51,live_loop1,417,310,417,345,46,26,10.066666666666666,2026-07-27,6,소형
20260727_061254,2026-07-27 06:12:54,live_loop1,411,300,411,338,43,30,10.05,2026-07-27,6,소형
20260727_062256,2026-07-27 06:22:56,live_loop1,410,312,410,350,54,6,10.033333333333333,2026-07-27,6,소형
20260727_063257,2026-07-27 06:32:57,live_loop1,438,327,438,381,43,14,10.016666666666667,2026-07-27,6,중형
20260727_064258,2026-07-27 06:42:58,live_loop1,501,383,501,408,72,21,10.016666666666667,2026-07-27,6,중형
20260727_065301,2026-07-27 06:53:01,live_loop1,499,365,499,423,66,10,10.05,2026-07-27,6,중형
20260727_070302,2026-07-27 07:03:02,live_loop1,511,381,511,434,65,12,10.016666666666667,2026-07-27,7,중형
20260727_071306,2026-07-27 07:13:06,live_loop1,533,406,533,427,75,31,10.066666666666666,2026-07-27,7,대형
20260727_072312,2026-07-27 07:23:12,live_loop1,534,402,534,447,78,9,10.1,2026-07-27,7,대형
20260727_073317,2026-07-27 07:33:17,live_loop1,529,400,529,466,53,10,10.083333333333334,2026-07-27,7,대형
20260727_074319,2026-07-27 07:43:19,live_loop1,550,413,550,481,57,12,10.033333333333333,2026-07-27,7,대형
20260727_075320,2026-07-27 07:53:20,live_loop1,567,421,567,476,76,15,10.016666666666667,2026-07-27,7,대형
20260727_080322,2026-07-27 08:03:22,live_loop1,653,484,653,555,86,12,10.033333333333333,2026-07-27,8,대형
20260727_081323,2026-07-27 08:13:23,live_loop1,556,415,556,460,76,20,10.016666666666667,2026-07-27,8,대형
20260727_082324,2026-07-27 08:23:24,live_loop1,569,429,569,457,94,18,10.016666666666667,2026-07-27,8,대형
20260727_083327,2026-07-27 08:33:27,live_loop1,602,450,602,477,115,10,10.05,2026-07-27,8,대형
20260727_084328,2026-07-27 08:43:28,live_loop1,629,474,629,494,118,17,10.016666666666667,2026-07-27,8,대형
20260727_085330,2026-07-27 08:53:30,live_loop1,571,433,571,449,107,15,10.033333333333333,2026-07-27,8,대형
20260727_090332,2026-07-27 09:03:32,live_loop1,561,427,561,429,116,16,10.033333333333333,2026-07-27,9,대형
20260727_091333,2026-07-27 09:13:33,live_loop1,539,404,539,418,109,12,10.016666666666667,2026-07-27,9,대형
20260727_092334,2026-07-27 09:23:34,live_loop1,517,395,517,387,116,14,10.016666666666667,2026-07-27,9,대형
20260727_093336,2026-07-27 09:33:36,live_loop1,508,382,508,401,93,14,10.033333333333333,2026-07-27,9,중형
20260727_094337,2026-07-27 09:43:37,live_loop1,492,372,492,375,97,20,10.016666666666667,2026-07-27,9,중형
20260727_095338,2026-07-27 09:53:38,live_loop1,466,342,466,360,86,20,10.016666666666667,2026-07-27,9,중형
20260727_100339,2026-07-27 10:03:39,live_loop1,536,403,536,406,113,17,10.016666666666667,2026-07-27,10,대형
20260727_101340,2026-07-27 10:13:40,live_loop1,497,368,497,378,108,11,10.016666666666667,2026-07-27,10,중형
20260727_102341,2026-07-27 10:23:41,live_loop1,470,346,470,351,101,18,10.016666666666667,2026-07-27,10,중형
20260727_103342,2026-07-27 10:33:42,live_loop1,478,359,478,375,89,14,10.016666666666667,2026-07-27,10,중형
20260727_104344,2026-07-27 10:43:44,live_loop1,483,373,483,361,109,13,10.033333333333333,2026-07-27,10,중형
20260727_105345,2026-07-27 10:53:45,live_loop1,448,334,448,323,108,17,10.016666666666667,2026-07-27,10,중형
20260727_110346,2026-07-27 11:03:46,live_loop1,466,336,466,331,91,44,10.016666666666667,2026-07-27,11,중형
20260727_111347,2026-07-27 11:13:47,live_loop1,370,273,370,283,81,6,10.016666666666667,2026-07-27,11,소형
20260727_112348,2026-07-27 11:23:48,live_loop1,352,252,352,278,65,9,10.016666666666667,2026-07-27,11,소형
20260727_113349,2026-07-27 11:33:49,live_loop1,2231,879,2231,1803,282,146,10.016666666666667,2026-07-27,11,대형
20260727_114354,2026-07-27 11:43:54,live_loop1,428,323,428,292,129,7,10.083333333333334,2026-07-27,11,소형
20260727_115356,2026-07-27 11:53:56,live_loop1,444,330,444,302,135,7,10.033333333333333,2026-07-27,11,중형
20260727_120357,2026-07-27 12:03:57,live_loop1,454,336,454,318,119,17,10.016666666666667,2026-07-27,12,중형
20260727_121358,2026-07-27 12:13:58,live_loop1,459,351,459,304,152,3,10.016666666666667,2026-07-27,12,중형
20260727_122359,2026-07-27 12:23:59,live_loop1,422,318,422,288,121,13,10.016666666666667,2026-07-27,12,소형
20260727_123405,2026-07-27 12:34:05,live_loop1,447,330,447,313,127,7,10.1,2026-07-27,12,중형
20260727_124406,2026-07-27 12:44:06,live_loop1,436,332,436,290,136,10,10.016666666666667,2026-07-27,12,중형
20260727_125407,2026-07-27 12:54:07,live_loop1,432,315,432,314,112,6,10.016666666666667,2026-07-27,12,중형
20260727_130413,2026-07-27 13:04:13,live_loop1,439,324,439,316,118,5,10.1,2026-07-27,13,중형
20260727_131414,2026-07-27 13:14:14,live_loop1,409,308,409,295,107,7,10.016666666666667,2026-07-27,13,소형
20260727_132419,2026-07-27 13:24:19,live_loop1,407,302,407,278,117,12,10.083333333333334,2026-07-27,13,소형
20260727_133422,2026-07-27 13:34:22,live_loop1,496,358,496,343,139,14,10.05,2026-07-27,13,중형
20260727_134423,2026-07-27 13:44:23,live_loop1,423,304,423,304,106,13,10.016666666666667,2026-07-27,13,소형
20260727_135427,2026-07-27 13:54:27,live_loop1,437,330,437,306,124,7,10.066666666666666,2026-07-27,13,중형
20260727_140428,2026-07-27 14:04:28,live_loop1,440,325,440,302,127,11,10.016666666666667,2026-07-27,14,중형
20260727_141429,2026-07-27 14:14:29,live_loop1,406,307,406,269,129,8,10.016666666666667,2026-07-27,14,소형
20260727_142437,2026-07-27 14:24:37,live_loop1,442,336,442,282,147,13,10.133333333333333,2026-07-27,14,중형
20260727_143438,2026-07-27 14:34:38,live_loop1,520,386,520,325,174,21,10.016666666666667,2026-07-27,14,대형
20260727_144440,2026-07-27 14:44:40,live_loop1,456,341,456,310,138,8,10.033333333333333,2026-07-27,14,중형
20260727_145441,2026-07-27 14:54:41,live_loop1,453,334,453,309,138,6,10.016666666666667,2026-07-27,14,중형
20260727_150442,2026-07-27 15:04:42,live_loop1,500,363,500,305,167,28,10.016666666666667,2026-07-27,15,중형
20260727_151445,2026-07-27 15:14:45,live_loop1,477,367,477,310,158,9,10.05,2026-07-27,15,중형
20260727_152446,2026-07-27 15:24:46,live_loop1,463,350,463,295,159,9,10.016666666666667,2026-07-27,15,중형
20260727_153447,2026-07-27 15:34:47,live_loop1,502,374,502,315,166,21,10.016666666666667,2026-07-27,15,중형
20260727_154448,2026-07-27 15:44:48,live_loop1,529,404,529,315,195,19,10.016666666666667,2026-07-27,15,대형
20260727_155452,2026-07-27 15:54:52,live_loop1,477,349,477,306,163,8,10.066666666666666,2026-07-27,15,중형
20260727_160453,2026-07-27 16:04:53,live_loop1,521,375,521,310,182,29,10.016666666666667,2026-07-27,16,대형
20260727_161454,2026-07-27 16:14:54,live_loop1,493,375,493,300,181,12,10.016666666666667,2026-07-27,16,중형
20260727_162455,2026-07-27 16:24:55,live_loop1,541,416,541,301,230,10,10.016666666666667,2026-07-27,16,대형
20260727_163456,2026-07-27 16:34:56,live_loop1,510,376,510,315,178,17,10.016666666666667,2026-07-27,16,중형
20260727_164500,2026-07-27 16:45:00,live_loop1,546,414,546,310,227,9,10.066666666666666,2026-07-27,16,대형
20260727_165502,2026-07-27 16:55:02,live_loop1,550,421,550,305,238,7,10.033333333333333,2026-07-27,16,대형
20260727_170503,2026-07-27 17:05:03,live_loop1,591,446,591,337,228,26,10.016666666666667,2026-07-27,17,대형
20260727_171505,2026-07-27 17:15:05,live_loop1,590,445,590,333,246,11,10.033333333333333,2026-07-27,17,대형
20260727_172506,2026-07-27 17:25:06,live_loop1,596,454,596,312,272,12,10.016666666666667,2026-07-27,17,대형
20260727_173507,2026-07-27 17:35:07,live_loop1,603,463,603,307,290,6,10.016666666666667,2026-07-27,17,대형
20260727_174509,2026-07-27 17:45:09,live_loop1,634,496,634,322,294,18,10.033333333333333,2026-07-27,17,대형
20260727_175511,2026-07-27 17:55:11,live_loop1,589,457,589,317,264,8,10.033333333333333,2026-07-27,17,대형
20260727_180513,2026-07-27 18:05:13,live_loop1,665,501,665,326,330,9,10.033333333333333,2026-07-27,18,대형
20260727_181514,2026-07-27 18:15:14,live_loop1,641,491,641,346,288,7,10.016666666666667,2026-07-27,18,대형
20260727_182516,2026-07-27 18:25:16,live_loop1,620,478,620,289,320,11,10.033333333333333,2026-07-27,18,대형
20260727_183520,2026-07-27 18:35:20,live_loop1,608,461,608,312,289,7,10.066666666666666,2026-07-27,18,대형
20260727_184522,2026-07-27 18:45:22,live_loop1,636,474,636,302,320,14,10.033333333333333,2026-07-27,18,대형
20260727_185523,2026-07-27 18:55:23,live_loop1,626,475,626,288,332,6,10.016666666666667,2026-07-27,18,대형
20260727_190530,2026-07-27 19:05:30,live_loop1,631,474,631,286,335,10,10.116666666666667,2026-07-27,19,대형
20260727_191536,2026-07-27 19:15:36,live_loop1,650,487,650,308,339,3,10.1,2026-07-27,19,대형
20260727_192537,2026-07-27 19:25:37,live_loop1,635,476,635,303,321,11,10.016666666666667,2026-07-27,19,대형
20260727_193539,2026-07-27 19:35:39,live_loop1,618,458,618,293,318,7,10.033333333333333,2026-07-27,19,대형
20260727_194542,2026-07-27 19:45:42,live_loop1,565,437,565,301,253,11,10.05,2026-07-27,19,대형
20260727_195543,2026-07-27 19:55:43,live_loop1,578,441,578,301,269,8,10.016666666666667,2026-07-27,19,대형
20260727_200544,2026-07-27 20:05:44,live_loop1,556,417,556,301,246,9,10.016666666666667,2026-07-27,20,대형
20260727_201549,2026-07-27 20:15:49,live_loop1,578,429,578,286,279,13,10.083333333333334,2026-07-27,20,대형
20260727_202550,2026-07-27 20:25:50,live_loop1,549,419,549,286,257,6,10.016666666666667,2026-07-27,20,대형
20260727_203551,2026-07-27 20:35:51,live_loop1,520,398,520,301,214,5,10.016666666666667,2026-07-27,20,대형
20260727_204600,2026-07-27 20:46:00,live_loop1,555,418,555,314,229,12,10.15,2026-07-27,20,대형
20260727_205601,2026-07-27 20:56:01,live_loop1,478,359,478,281,190,7,10.016666666666667,2026-07-27,20,중형
20260727_210603,2026-07-27 21:06:03,live_loop1,514,387,514,298,212,4,10.033333333333333,2026-07-27,21,대형
20260727_211604,2026-07-27 21:16:04,live_loop1,540,409,540,311,223,6,10.016666666666667,2026-07-27,21,대형
20260727_212606,2026-07-27 21:26:06,live_loop1,493,374,493,278,203,12,10.033333333333333,2026-07-27,21,중형
20260727_213607,2026-07-27 21:36:07,live_loop1,448,323,448,272,171,5,10.016666666666667,2026-07-27,21,중형
20260727_214608,2026-07-27 21:46:08,live_loop1,509,389,509,299,192,18,10.016666666666667,2026-07-27,21,중형
20260727_215610,2026-07-27 21:56:10,live_loop1,444,334,444,263,173,8,10.033333333333333,2026-07-27,21,중형
20260727_220611,2026-07-27 22:06:11,live_loop1,451,333,451,273,168,10,10.016666666666667,2026-07-27,22,중형
20260727_221612,2026-07-27 22:16:12,live_loop1,441,326,441,278,157,6,10.016666666666667,2026-07-27,22,중형
20260727_222613,2026-07-27 22:26:13,live_loop1,465,352,465,276,180,9,10.016666666666667,2026-07-27,22,중형
20260727_223614,2026-07-27 22:36:14,live_loop1,426,321,426,264,153,9,10.016666666666667,2026-07-27,22,소형
20260727_224615,2026-07-27 22:46:15,live_loop1,463,350,463,276,165,22,10.016666666666667,2026-07-27,22,중형
20260727_225616,2026-07-27 22:56:16,live_loop1,398,289,398,259,131,8,10.016666666666667,2026-07-27,22,소형
20260727_230617,2026-07-27 23:06:17,live_loop1,389,282,389,266,113,10,10.016666666666667,2026-07-27,23,소형
20260727_231618,2026-07-27 23:16:18,live_loop1,402,298,402,290,107,5,10.016666666666667,2026-07-27,23,소형
20260727_232619,2026-07-27 23:26:19,live_loop1,401,301,401,256,135,10,10.016666666666667,2026-07-27,23,소형
20260727_233621,2026-07-27 23:36:21,live_loop1,390,283,390,268,115,7,10.033333333333333,2026-07-27,23,소형
20260727_234622,2026-07-27 23:46:22,live_loop1,390,274,390,263,111,16,10.016666666666667,2026-07-27,23,소형
20260727_235626,2026-07-27 23:56:26,live_loop1,366,272,366,259,99,8,10.066666666666666,2026-07-27,23,소형
20260728_000626,2026-07-28 00:06:26,live_loop1,350,252,350,234,102,14,10.0,2026-07-28,0,소형
20260728_001819,2026-07-28 00:18:19,live_loop1,359,265,359,264,85,10,11.883333333333333,2026-07-28,0,소형
20260728_002819,2026-07-28 00:28:19,live_loop1,351,257,351,264,74,13,10.0,2026-07-28,0,소형
20260728_003820,2026-07-28 00:38:20,live_loop1,364,252,364,259,96,9,10.016666666666667,2026-07-28,0,소형
20260728_004821,2026-07-28 00:48:21,live_loop1,369,268,369,260,87,22,10.016666666666667,2026-07-28,0,소형
20260728_005822,2026-07-28 00:58:22,live_loop1,350,250,350,256,84,10,10.016666666666667,2026-07-28,0,소형
20260728_010823,2026-07-28 01:08:23,live_loop1,368,251,368,275,84,9,10.016666666666667,2026-07-28,1,소형
20260728_011824,2026-07-28 01:18:24,live_loop1,337,239,337,253,76,8,10.016666666666667,2026-07-28,1,소형
20260728_012825,2026-07-28 01:28:25,live_loop1,349,250,349,271,67,11,10.016666666666667,2026-07-28,1,소형
20260728_013826,2026-07-28 01:38:26,live_loop1,329,222,329,268,48,13,10.016666666666667,2026-07-28,1,소형
20260728_014827,2026-07-28 01:48:27,live_loop1,337,234,337,264,59,14,10.016666666666667,2026-07-28,1,소형
20260728_015828,2026-07-28 01:58:28,live_loop1,328,234,328,267,56,5,10.016666666666667,2026-07-28,1,소형
20260728_020829,2026-07-28 02:08:29,live_loop1,359,240,359,270,71,18,10.016666666666667,2026-07-28,2,소형
20260728_021830,2026-07-28 02:18:30,live_loop1,332,224,332,269,45,18,10.016666666666667,2026-07-28,2,소형
20260728_022831,2026-07-28 02:28:31,live_loop1,333,230,333,268,47,18,10.016666666666667,2026-07-28,2,소형
20260728_023832,2026-07-28 02:38:32,live_loop1,343,230,343,282,50,11,10.016666666666667,2026-07-28,2,소형
20260728_024833,2026-07-28 02:48:33,live_loop1,395,264,395,283,52,60,10.016666666666667,2026-07-28,2,소형
20260728_025834,2026-07-28 02:58:34,live_loop1,327,226,327,263,53,11,10.016666666666667,2026-07-28,2,소형
20260728_030835,2026-07-28 03:08:35,live_loop1,372,241,372,293,58,21,10.016666666666667,2026-07-28,3,소형
20260728_031835,2026-07-28 03:18:35,live_loop1,320,225,320,259,43,18,10.0,2026-07-28,3,소형
20260728_032837,2026-07-28 03:28:37,live_loop1,336,236,336,256,62,18,10.033333333333333,2026-07-28,3,소형
20260728_033838,2026-07-28 03:38:38,live_loop1,375,239,375,307,46,22,10.016666666666667,2026-07-28,3,소형
20260728_034839,2026-07-28 03:48:39,live_loop1,303,211,303,251,37,15,10.016666666666667,2026-07-28,3,소형
20260728_035840,2026-07-28 03:58:40,live_loop1,317,225,317,261,46,10,10.016666666666667,2026-07-28,3,소형
20260728_040841,2026-07-28 04:08:41,live_loop1,379,245,379,300,44,35,10.016666666666667,2026-07-28,4,소형
20260728_041842,2026-07-28 04:18:42,live_loop1,309,213,309,265,37,7,10.016666666666667,2026-07-28,4,소형
20260728_042844,2026-07-28 04:28:44,live_loop1,307,213,307,249,40,18,10.033333333333333,2026-07-28,4,소형
20260728_043846,2026-07-28 04:38:46,live_loop1,352,232,352,297,26,29,10.033333333333333,2026-07-28,4,소형
20260728_044846,2026-07-28 04:48:46,live_loop1,302,207,302,254,38,10,10.0,2026-07-28,4,소형
20260728_045850,2026-07-28 04:58:50,live_loop1,312,217,312,269,31,12,10.066666666666666,2026-07-28,4,소형
20260728_050851,2026-07-28 05:08:51,live_loop1,403,278,403,330,42,31,10.016666666666667,2026-07-28,5,소형
20260728_051853,2026-07-28 05:18:53,live_loop1,332,233,332,280,46,6,10.033333333333333,2026-07-28,5,소형
20260728_052857,2026-07-28 05:28:57,live_loop1,339,244,339,284,43,12,10.066666666666666,2026-07-28,5,소형
20260728_053857,2026-07-28 05:38:57,live_loop1,399,278,399,340,39,20,10.0,2026-07-28,5,소형
20260728_054858,2026-07-28 05:48:58,live_loop1,355,257,355,295,46,14,10.016666666666667,2026-07-28,5,소형
20260728_055859,2026-07-28 05:58:59,live_loop1,383,290,383,331,39,13,10.016666666666667,2026-07-28,5,소형
20260728_060900,2026-07-28 06:09:00,live_loop1,460,333,460,385,51,24,10.016666666666667,2026-07-28,6,중형
20260728_061901,2026-07-28 06:19:01,live_loop1,378,283,378,323,46,9,10.016666666666667,2026-07-28,6,소형
20260728_062902,2026-07-28 06:29:02,live_loop1,417,314,417,355,56,6,10.016666666666667,2026-07-28,6,소형
20260728_063904,2026-07-28 06:39:04,live_loop1,504,366,504,420,63,21,10.033333333333333,2026-07-28,6,중형
20260728_064905,2026-07-28 06:49:05,live_loop1,467,348,467,412,50,5,10.016666666666667,2026-07-28,6,중형
20260728_065906,2026-07-28 06:59:06,live_loop1,455,346,455,401,47,7,10.016666666666667,2026-07-28,6,중형
20260728_070907,2026-07-28 07:09:07,live_loop1,560,388,560,477,56,27,10.016666666666667,2026-07-28,7,대형
20260728_071909,2026-07-28 07:19:09,live_loop1,542,421,542,465,73,4,10.033333333333333,2026-07-28,7,대형
20260728_072910,2026-07-28 07:29:10,live_loop1,526,388,526,431,84,11,10.016666666666667,2026-07-28,7,대형
20260728_073913,2026-07-28 07:39:13,live_loop1,609,452,609,528,64,17,10.05,2026-07-28,7,대형
20260728_074917,2026-07-28 07:49:17,live_loop1,559,428,559,493,66,0,10.066666666666666,2026-07-28,7,대형
20260728_075918,2026-07-28 07:59:18,live_loop1,566,415,566,499,63,4,10.016666666666667,2026-07-28,7,대형
20260728_080920,2026-07-28 08:09:20,live_loop1,653,480,653,564,67,22,10.033333333333333,2026-07-28,8,대형
