statId,statNm,addr,lat,lng,chargers,parkingFree_Y,parkingFree_N,parkingFree_mode
AH000019,대구 KC타운,대구광역시 수성구 알파시티1로 232,35.838835032,128.6838783,1,1,0,Y
AH000052,대구 산격보성아파트 (대성),대구광역시 북구 동북로37길 13-10,35.9002074,128.6127503,2,2,0,Y
AH000082,대구 CTR모빌리티,대구광역시 달성군 구지면 국가산단대로39길 100,35.6507195,128.4088781,4,4,0,Y
ALAL0013,대영빌딩,대구광역시 동구 효신로 74,35.878151,128.631592,9,0,9,N
AM900026,대구 동천동 세븐밸리 충전소,대구광역시 북구 동암로 90,35.94413786,128.5603226,7,0,7,N
AM900047,대구 와이즈빌딩,대구광역시 중구 달구벌대로 2068,35.86570133,128.5899312,1,0,1,N
AM900048,대구 와이즈빌딩 급속충전소,대구광역시 중구 달구벌대로 2068,35.86570133,128.5899312,1,0,1,N
AMAM0035,엔플레이스 빌딩,대구광역시 수성구 청수로26길 46,35.837808,128.622098,1,0,1,N
AZ100007,이고,대구광역시 북구 팔달로35길 20,35.8894247,128.5701017,1,0,1,N
AZ100013,대청초등학교,대구광역시 수성구 교학로12길 42,35.8511286,128.6505789,1,1,0,Y
AZ100014,밴앤포스,대구광역시 동구 국채보상로163길 15,35.8685037,128.6175043,1,1,0,Y
AZ100017,대구세강병원,대구광역시 달서구 구마로 220,35.8367639,128.551692,8,8,0,Y
AZ100019,지피에스,대구광역시 서구 염색공단로 20,35.8886601,128.5536739,3,3,0,Y
AZ100020,올인워크,대구광역시 동구 동부로30길 102-3,35.867861,128.6295635,4,4,0,Y
AZ100021,KB차차차 동대구,대구광역시 동구 안심로59길 36,35.8694393,128.7188097,2,2,0,Y
AZ100022,모빌리티기술혁신센터,대구광역시 달성군 유가읍 테크노순환로 356,35.6947229,128.4708567,2,2,0,Y
AZ100023,비에스타워,대구광역시 북구 팔달로35길 20,35.8894247,128.5701017,1,1,0,Y
BE241230,워터 군위휴게소 부산방향,대구광역시 군위군 군위읍 경북대로 4084,36.2661344,128.5749656,2,2,0,Y
BE241250,워터 현풍휴게소 대구방향,대구광역시 달성군 현풍읍 비슬로 741,35.702207,128.437991,2,2,0,Y
BE241251,워터 현풍휴게소 창원방향,대구광역시 달성군 현풍읍 성하길 48,35.70169,128.435728,2,2,0,Y
BE482306,워터 대구 반월당,대구광역시 중구 달구벌대로 2095,35.866269,128.592819,10,0,10,N
BNBN0053,대구 달성군 한국기계연구원,"대구 달성군 유가읍 테크노순환로 330 (용리, 한국기계연구원 대구융합기술센터)",35.6915232,128.4724887,3,0,3,N
BNBN0494,달성군 테크노스포츠센터,대구광역시 달성군 유가읍 테크노순환로7길 38,35.684819,128.463713,3,0,3,N
BNBN0583,대구 군위고등학교,"대구 군위군 군위읍 군청로 254-6 (정리, 군위고등학교)",36.2457615,128.5710997,2,0,2,N
BNBN0584,대구 경일여자고등학교,"대구 남구 효성로 37 (봉덕동, 경일여자중고등학교, 우봉아트홀)",35.8367177,128.5970294,4,0,4,N
BNBN0585,대구 새본리중학교,"대구 달서구 대명천로 167 (본리동, 새본리중학교)",35.8392164,128.5409790,1,0,1,N
BNBN0586,대구 상원고등학교,대구광역시 달서구 월배로 241,35.822462,128.538382,2,2,0,Y
BNBN0588,대구 외국어고등학교,대구광역시 달서구 선원로11길 21,35.860672,128.497998,1,1,0,Y
BNBN0590,대구 현풍고등학교,"대구 달성군 현풍읍 비슬로 675 (성하리, 현풍중.고등학교)",35.6971210,128.4391070,1,0,1,N
BNBN0591,대구 선명학교,대구 동구 팔공산로 225 (덕곡동),35.9923253,128.6129288,1,0,1,N
BNBN0594,대구 소선여자중학교,"대구 수성구 교학로8길 37 (만촌동, 소선여자중학교)",35.8528145,128.6498054,1,0,1,N
BNBN0721,대구 서대구중학교,"대구 서구 북비산로45길 7 (평리동, 서대구중학교)",35.8801040,128.5567360,1,0,1,N
BNBN1092,대구 달성 대구달성경찰서,"대구 달성군 현풍읍 현풍중앙로 16 (중리, 달성경찰서)",35.6912060,128.4470250,9,0,9,N
BNBN1180,대구 달서 일신테크노밸리,"대구광역시 달서구 달서대로 555 (신당동, 일신테크노밸리)",35.8487612,128.4912785,6,0,6,N
BNMI4428,대구공업고등학교,대구광역시 동구 대현로 135,35.883103,128.613925,2,2,0,Y
BNMI4433,대구 평리중학교,대구광역시 서구 국채보상로55길 21,35.873465,128.561089,1,1,0,Y
BNMI4438,대구 경북기계공업고등학교,대구광역시 달서구 월배로 275,35.822959,128.541597,3,3,0,Y
CCP00001,송해공원골프클럽,대구광역시 달성군 옥포읍 옥포로 607,35.746194992,128.48771228,3,3,0,Y
CG000066,대구 태원모터스,대구광역시 달성군 논공읍 논공중앙로34길 10,35.728482194,128.45386358,2,2,0,Y
CGP00005,르노코리아서비스코너현풍점,대구광역시 달성군 현풍읍 논공로 20,35.7088936,128.4392295,2,2,0,Y
CGP00009,대구 태전미진타운아파트_B1,대구광역시 북구 칠곡중앙대로52길 46,35.922580023,128.54927410,6,6,0,Y
CGP00011,대구 우방신천지타운_203동 앞,대구광역시 수성구 청호로46길 16,35.8383059,128.6428476,2,2,0,Y
CGP00013,대구 우방신천지타운_관리사무소 옆,대구광역시 수성구 청호로46길 17,35.8384000,128.6421000,3,3,0,Y
CGP00014,대구 동대구푸르지오브리센트_105동,대구광역시 동구 효목로5길 55,35.87489710,128.63546013,4,4,0,Y
CGP00015,대구 동대구푸르지오브리센트_109동,대구광역시 동구 효목로5길 55,35.8755831,128.6353745,4,4,0,Y
CGP00016,대구 동대구푸르지오브리센트_110동,대구광역시 동구 효목로5길 55,35.8759002,128.6359125,4,4,0,Y
CGP00017,대구 동대구푸르지오브리센트_102동,대구광역시 동구 효목로5길 55,35.8747077,128.6361316,4,4,0,Y
CGP00018,대구 동대구푸르지오브리센트_109동,대구광역시 동구 효목로5길 55,35.875574,128.6353854,4,4,0,Y
CGP00019,대구 동대구푸르지오브리센트_110동,대구광역시 동구 효목로5길 55,35.8758556,128.6358784,4,4,0,Y
CI0F0001,제네스타워,대구광역시 중구 중앙대로 312,35.8607879,128.5930314,1,1,0,Y
CI0F0002,두류공원골프연습장,대구광역시 달서구 야외음악당로 94,35.8455901,128.5525457,1,1,0,Y
CI0F0003,사라골프,대구광역시 달서구 상화로7길 38,35.8090439,128.5201621,1,1,0,Y
CI0F0004,프라나 호텔,대구광역시 달성군 현풍읍 테크노공원로 15,35.6906398,128.4551533,2,2,0,Y
CI0F0005,군위 수서 골프앤 리조트,대구광역시 군위군 군위읍 장천로 871,36.1928458,128.5552382,14,14,0,Y
CPCP1044,롯데시네마부설주차장,대구광역시 달서구 월곡로47길 30,35.8154,128.5386,1,0,1,N
CPCT0011,남대구IC지식산업센터,대구광역시 달서구 월곡로 495,35.833994,128.522034,2,2,0,Y
CPCT3003,남대구IC지식산업센터(급속),대구광역시 달서구 월성동 1800,35.834,128.5219,2,2,0,Y
CSCS1024,삼성생명빌딩,대구광역시 중구 국채보상로 528,35.87,128.5844,1,1,0,Y
CSCS2017,서재골프랜드,대구광역시 달성군 다사읍 서재본길 73,35.872921,128.489601,2,2,0,Y
CU530001,모텔 뷰(박병선),대구광역시 달서구 이곡서로 12,35.854297,128.505911,1,1,0,Y
CU530002,학정역효성해링턴플레이스,대구광역시 북구 관음로 295,35.954591,128.552888,10,10,0,Y
CU530004,신암그린타운,대구광역시 동구 신성로 30,35.878399,128.61135,6,0,6,N
CU530005,만촌태왕리더스,대구광역시 수성구 무열로 47,35.8631795,128.647862,7,0,7,N
CU530006,만촌1차우방타운,대구광역시 수성구 교학로11길 46,35.8493971,128.654727,12,0,12,N
CU530007,보국웰리치시지아파트,대구광역시 수성구 욱수천로 55,35.833354,128.710322,10,0,10,N
CU530008,시지동화 아이위시,대구광역시 수성구 달구벌대로669길 20,35.8360388,128.722984,7,0,7,N
CU530009,수성2차e편한세상,대구광역시 수성구 달구벌대로522길 33,35.8557832,128.64772,6,0,6,N
CU530010,화성센트럴파크,대구광역시 북구 대천로 100,35.935156,128.560555,25,0,25,N
CU530011,침산코오롱하늘채2단지,대구광역시 북구 중앙대로 591,35.8859298,128.596021,28,0,28,N
CU530012,에코폴리스동화아이위시3차,대구광역시 달성군 다사읍 서재로7길 25,35.8708306,128.489697,28,0,28,N
CU530014,율하역엘크루아파트,대구광역시 동구 안심로7길 7,35.8723398,128.690987,5,0,5,N
CV000007,대영코어텍 주차장,대구광역시 달성군 유가읍 테크노순환로8길 8,35.680115,128.464516,3,3,0,Y
CV000039,대구 컨벤션센터,대구광역시 북구 엑스코로 10,35.90711,128.6130849,2,0,2,N
CV000048,대구시_수성의료지구(대구도시공사),대구광역시 수성구 대흥동 863,35.8370557,128.6812466,3,3,0,Y
CV000051,대구시_지능형자동차부품진흥원,대구광역시 달성군 구지면 국가산단서로 201,35.646025,128.4009769,2,0,2,N
CV000103,대구보건대학교(입구 주차장),대구광역시 북구 영송로 15,35.92675,128.543198,1,0,1,N
CV000112,한국장학재단,대구광역시 동구 신암로 125,35.881336,128.612773,2,0,2,N
CV000113,MH엘퍼스트오페라오피스텔,대구광역시 북구 침산로21길 41,35.886213,128.5859649,3,0,3,N
CV000146,(주)동원약품,대구광역시 북구 검단공단로 33,35.9086676,128.6168787,2,0,2,N
CV000149,동화사집단시설지구(씨네80),대구광역시 동구 팔공산로 1184,35.987814,128.694768,1,1,0,Y
CV000151,수성관광호텔(주차타워 A1B1 구역),대구광역시 수성구 용학로 106-7,35.824227,128.619263,2,0,2,N
CV000152,매일신문사,대구광역시 중구 서성로 20,35.86861,128.587297,2,0,2,N
CV000154,대구자동차경매장(후문),대구광역시 달서구 성서공단로54길 8,35.834996,128.511717,2,0,2,N
CV000163,주공그린빌1단지,대구광역시 북구 구리로 250,35.9491049,128.5786373,19,19,0,Y
CV000165,마크팰리스범어,대구광역시 수성구 동대구로 336,35.860514,128.627373,7,0,7,N
CV000194,문양역,대구광역시 달성군 다사읍 문양역길 71,35.863966,128.437968,1,0,1,N
CV000195,대구가창 광덕사,대구광역시 달성군 가창면 헐티로 1190,35.797858,128.612642,1,1,0,Y
CV000219,팔공CC(우경개발),대구광역시 동구 팔공산로237길 186,35.990454,128.721061,2,2,0,Y
CV000224,대구컨벤션센터(엑스코)신관,대구광역시 북구 엑스코로 10,35.906972,128.613345,5,0,5,N
CV000321,이시아폴리스 근생판매시설,대구광역시 동구 팔공로 250,35.9209487,128.6423688,2,2,0,Y
CV000375,트리팜,대구광역시 동구 서촌로 133-12,35.985664,128.6206159,2,2,0,Y
CV000390,청기와아파트,대구광역시 동구 아양로49길 20,35.887912,128.639203,3,3,0,Y
CV000394,하늘천따지식당,대구광역시 동구 서촌로 129,35.985502,128.6215679,2,2,0,Y
CV000406,대구광역시 상수도사업본부 수질연구소,대구광역시 달서구 당산로 176,35.852151,128.548691,1,1,0,Y
CV000446,태왕아너스아파트(황금동),대구광역시 수성구 청호로 345,35.847907,128.638141,11,11,0,Y
CV000478,D모텔,대구광역시 군위군 부계면 한티로 1751,36.035147,128.639269,2,2,0,Y
CV000500,대구시_한국도로공사(유천IC),대구광역시 달성군 화원읍 성천로 208,35.8108552,128.5015557,2,2,0,Y
CV000501,대구시_저소득층 밀집지구 지식산업센터,대구광역시 수성구 알파시티1로 160,35.835319,128.6824489,1,1,0,Y
CV000502,대구시_장기공영주차장,대구광역시 달서구 장기동 817-1,35.8434293,128.5295299,1,1,0,Y
CV000503,대구시_월촌공원주차장,대구광역시 달서구 상인로 68-4,35.812783,128.548951,2,2,0,Y
CV000504,대구시_운암지 공영주차장,대구광역시 북구 구암동 615-13,35.9314874,128.5650521,2,2,0,Y
CV000505,대구시_상호림공원,대구광역시 달서구 호림동 1-6,35.83737409,128.48017669,1,1,0,Y
CV000506,대구시_대현동 행정복지센터,대구광역시 북구 대현남로5길 18,35.8823276,128.6059834,1,1,0,Y
CV000507,대구시_대명11동 행정복지센터,대구광역시 남구 관문시장6길 26,35.836241,128.5606359,1,1,0,Y
CV000508,대구시_대구테크노파크 신기술산업지원센터,대구광역시 달서구 성서공단로 46-17,35.833493,128.4886929,1,1,0,Y
CV000509,대구시_대구은행 본점,대구광역시 수성구 달구벌대로 2310,35.859196,128.614918,1,1,0,Y
CV000510,대구시_대구유통단지 전자관,대구광역시 북구 유통단지로 45,35.9081632,128.606681,5,5,0,Y
CV000512,대구시_대구지식산업센터,대구광역시 북구 오봉로 164,35.902404,128.579434,1,1,0,Y
CV000513,대구시_남산2동 행정복지센터,대구광역시 중구 명륜로 27-1,35.864089,128.5895639,1,1,0,Y
CV000515,대구시_KS택시주식회사,대구광역시 수성구 희망로 226,35.84612,128.623417,1,1,0,Y
CV000519,대구시_봉덕3동 행정복지센터,대구광역시 남구 중앙대로22길 100,35.842419,128.59594,1,1,0,Y
CV000534,대구시_대신동 행정복지센터,대구광역시 중구 달구벌대로389길 50,35.865581,128.5763479,1,1,0,Y
CV000535,대구시_중구청,대구광역시 중구 국채보상로139길 1,35.869326,128.6061579,1,0,1,N
CV000536,대구시_대명2동 행정복지센터,대구광역시 남구 명덕로32길 30,35.85521069,128.58682165,1,1,0,Y
CV000537,대구시_대명3동 행정복지센터,대구광역시 남구 명덕로20길 115,35.85225707,128.57937874,1,1,0,Y
CV000538,대구시_대명4동 행정복지센터,대구광역시 남구 두류공원로20길 19,35.84597,128.5695079,1,1,0,Y
CV000539,대구시_안심4동 행정복지센터,대구광역시 동구 안심로49길 98,35.870306,128.710957,1,1,0,Y
CV000540,대구시_안심1동 행정복지센터,대구광역시 동구 율하동로25길 5,35.870334,128.701298,1,1,0,Y
CV000542,대구시_동촌동 행정복지센터,대구광역시 동구 동촌로11길 5,35.889864,128.649639,1,0,1,N
CV000543,대구시_효목1동 행정복지센터,대구광역시 동구 화랑로41길 46,35.881797,128.644956,1,1,0,Y
CV000544,대구시_도평동 공영주차장,대구광역시 동구 도동 978-301,35.910483,128.650014,1,1,0,Y
CV000547,대구시_고성동 행정복지센터,대구광역시 북구 고성로31길 21,35.881917,128.5836099,1,1,0,Y
CV000549,대구시_무태조야동 행정복지센터,대구광역시 북구 호국로43길 20,35.921353,128.5970459,1,1,0,Y
CV000550,대구시_태전1동 행정복지센터,대구광역시 북구 태전로7길 10-24,35.924071,128.5432349,1,1,0,Y
CV000551,대구시_본리동 행정복지센터,대구광역시 달서구 당산로 37-14,35.841014,128.543167,1,1,0,Y
CV000553,대구시_송현2동 행정복지센터,대구광역시 달서구 월배로83길 120-14,35.832788,128.5455819,1,1,0,Y
CV000554,대구시_하빈면사무소,대구광역시 달성군 하빈면 하빈로84길 1,35.900922,128.4455169,1,1,0,Y
CV000555,대구시_신암2동 행정복지센터,대구광역시 동구 신성로 56,35.87998,128.612701,1,1,0,Y
CV000556,대구시_대구은행 월배지점,대구광역시 달서구 월배로 109,35.81511750,128.52604320,1,1,0,Y
CV000557,대구시_대구은행 3공단영업부지점,대구광역시 북구 노원동로 2,35.894408,128.57153,1,1,0,Y
CV000558,대구시_대구은행 신암동지점,대구광역시 동구 아양로 2,35.880994,128.6146219,1,1,0,Y
CV000559,대구시_남구청,대구광역시 남구 이천로 51,35.846016,128.597695,2,0,2,N
CV000560,대구시_명성푸르지오,대구광역시 북구 침산로 153,35.888987,128.589744,3,0,3,N
CV000561,대구시_침산푸르지오,대구광역시 북구 옥산로 103,35.884521,128.58669,3,0,3,N
CV000562,대구시_차량등록사업소,대구광역시 수성구 동원로 84,35.866631,128.6397509,2,2,0,Y
CV000564,대구시_진천삼성래미안,대구광역시 달서구 상화로8길 23,35.807018,128.517471,1,0,1,N
CV000565,대구시_유가읍 행정복지센터,대구광역시 달성군 유가읍 테크노상업로 95,35.6938111,128.45981,5,5,0,Y
CV000566,대구시_옥포읍 행정복지센터,대구광역시 달성군 옥포읍 비슬로 2215,35.789587,128.463734,2,2,0,Y
CV000567,대구시_남산3동 행정복지센터,대구광역시 중구 남산로4길 70,35.85991,128.5855579,1,1,0,Y
CV000569,대구시_수성의료지구,대구광역시 수성구 알파시티1로 83,35.834329,128.693359,4,4,0,Y
CV000599,성일모터스,대구광역시 동구 안심로55길 53,35.87093,128.7155509,2,2,0,Y
CV000616,대구시_대봉2동 주민센터,대구광역시 중구 대봉로47길 31,35.858762,128.599367,1,1,0,Y
CV000618,한국농어촌공사 달성지사,대구광역시 남구 성당로 266,35.856447,128.5744999,2,2,0,Y
CV000620,한국부동산원,대구광역시 동구 이노밸리로 291,35.878629,128.7289889,4,0,4,N
CV000630,대구기상과학관(대구지방기상청),대구광역시 동구 효동로2길 10,35.878755,128.6527159,2,2,0,Y
CV000648,포르쉐 데스티네이션 투썸플레이스 대구가창점,대구광역시 달성군 가창면 가창로176길 30,35.790273,128.6348569,2,0,2,N
CV000657,포르쉐 데스티네이션 SG모터스,대구광역시 수성구 들안로 213,35.848979,128.61644,1,1,0,Y
CV000658,포르쉐 데스티네이션 메종듀미디/에이시언키친,대구광역시 동구 서촌로21길 11,35.983499,128.624065,2,2,0,Y
CV000665,포르쉐 데스티네이션 미성PGA GC,대구광역시 수성구 용학로 116-20,35.823424,128.6208829,3,0,3,N
CV000667,황토마을 참숯가마찜질방,대구광역시 달성군 옥포읍 옥포로 439,35.757735,128.4930559,1,1,0,Y
CV000670,JD모터스 대구성서,대구광역시 달서구 장기로65길 4,35.842839,128.52459,1,1,0,Y
CV000678,채비초급속충전소2,대구광역시 달성군 유가읍 테크노순환로8길 8,35.6800927,128.4660623,6,6,0,Y
CV000701,대구죽곡그린주차빌딩,대구광역시 달성군 다사읍 죽곡1길 7-8,35.857302,128.464331,4,0,4,N
CV000724,AFW(주),대구광역시 달성군 구지면 국가산단대로33길 270,35.658866,128.3986649,1,1,0,Y
CV000750,국립대구과학관,대구광역시 달성군 유가읍 테크노대로6길 20,35.6871593,128.4643652,5,0,5,N
CV000770,아우디_수성 전시장(아이언오토),대구광역시 수성구 들안로 185,35.846523,128.616247,1,1,0,Y
CV000783,대구시_신매공원,대구광역시 수성구 달구벌대로652길 65,35.8325262,128.7096089,2,2,0,Y
CV000799,아우디_서대구 전시장(코오롱아우토),대구광역시 달서구 와룡로 170,35.847781,128.537639,1,1,0,Y
CV000805,대구시_상리공원,대구광역시 서구 평리로17길 45,35.8635717,128.5301825,1,1,0,Y
CV000806,대구시_효목2동,대구광역시 동구 화랑로25길 45,35.878139,128.6412409,1,1,0,Y
CV000807,대구시_지저동,대구광역시 동구 해동로3길 80,35.893359,128.6382679,1,1,0,Y
CV000808,대구시_내당4동,대구광역시 서구 서대구로3길 46,35.859002,128.5518319,1,1,0,Y
CV000809,대구시_칠성동,대구광역시 북구 칠성로19길 4,35.879194,128.599966,1,1,0,Y
CV000810,대구시_산격1동,대구광역시 북구 연암로36길 6,35.900442,128.596994,1,1,0,Y
CV000811,대구시_태전2동,대구광역시 북구 칠곡중앙대로52길 32,35.921467,128.548776,1,1,0,Y
CV000812,대구시_삼덕동,대구광역시 중구 달구벌대로447길 72-11,35.865501,128.608938,1,1,0,Y
CV000813,대구시_범어1동,대구광역시 수성구 범어천로 97,35.855614,128.622048,1,1,0,Y
CV000814,대구시_지산2동,대구광역시 수성구 용학로33길 9,35.823117,128.62802,1,1,0,Y
CV000815,대구시_두류3동,대구광역시 달서구 야외음악당로39길 24,35.853669,128.5554709,1,1,0,Y
CV000816,대구시_상인3동행정복지센터,대구광역시 달서구 상인로 25,35.810034,128.550166,1,1,0,Y
CV000817,대구시_범물1동,대구광역시 수성구 범안로 76,35.817729,128.645963,1,1,0,Y
CV000818,대구시_신당동,대구광역시 달서구 선원로 60,35.858946,128.498837,1,1,0,Y
CV000831,대구 파티마병원 동관 입구 주차장,대구광역시 동구 아양로 81,35.884092196,128.62510650,2,0,2,N
CV000849,채비초급속충전소1,대구광역시 달성군 유가읍 테크노순환로8길 8,35.6800927,128.4660623,6,6,0,Y
CV000891,대구테크비즈센터,대구광역시 달성군 현풍읍 테크노공원로 17,35.6900516,128.4561431,3,3,0,Y
CV000896,홈플러스 성서점,대구광역시 달서구 달구벌대로 1467,35.849419,128.527418,21,0,21,N
CV000897,포르쉐 데스티네이션 홈플러스 대구성서점,대구광역시 달서구 달구벌대로 1467,35.8493886,128.5270479,3,0,3,N
CV000899,포르쉐 HPC 신세계백화점 대구점,대구광역시 동구 효신로 88,35.879379,128.632743,2,0,2,N
CV000902,국민건강보험공단 대구경북지역본부,대구광역시 달서구 두류공원로 264,35.857057,128.558359,1,1,0,Y
CV000906,대구시_신암1동 행정복지센터,대구광역시 동구 아양로7길 27,35.884277,128.616326,1,1,0,Y
CV000908,대구시_공산동 행정복지센터,대구광역시 동구 팔공로91길 9,35.940049,128.644129,1,1,0,Y
CV000934,커들포드 카페,대구광역시 동구 팔공로 1340,35.9595398,128.7227243,4,4,0,Y
CV000952,동대구벤처밸리 기업성장지원센터,대구광역시 동구 동대구로 465,35.872167,128.62477,1,1,0,Y
CV000976,홈플러스 칠곡점,대구광역시 북구 동암로12길 8,35.944825,128.55597,19,19,0,Y
CV000977,포르쉐 데스티네이션 홈플러스 칠곡점,대구광역시 북구 동암로12길 8,35.9447903,128.5555301,2,2,0,Y
CV000978,한국산업기술평가관리원,대구광역시 수성구 청호로 87,35.825251,128.6444477,5,5,0,Y
CV000979,대구시_도동 측백향커뮤니티센터,대구광역시 동구 도평로 245,35.919051,128.662238,1,1,0,Y
CV000980,대구시_태전공원,대구광역시 북구 태전동 938,35.931466,128.5446369,1,1,0,Y
CV000981,대구시_수성소방서,대구광역시 수성구 청호로 87,35.825251,128.6444477,1,1,0,Y
CV000982,대구시_고산2동 행정복지센터,대구광역시 수성구 달구벌대로 3091,35.843449,128.695181,1,1,0,Y
CV000985,행정안전부 정부청사관리본부 대구청사관리소,대구광역시 달서구 화암로 301,35.804619,128.516308,3,3,0,Y
CV000991,대구테크노파크,대구광역시 수성구 알파시티1로 184,35.8363769,128.6818209,2,2,0,Y
CV001002,(주)인터불고 엑스코,대구광역시 북구 유통단지로 80,35.906969,128.611271,3,0,3,N
CV001048,대구시_유천동 행정복지센터,대구광역시 달서구 조암로 175,35.817079,128.513943,1,1,0,Y
CV001076,서재 하이빌딩 전기차충전소,대구광역시 달성군 다사읍 서재로7길 36,35.8705,128.490615,2,2,0,Y
CV001113,동구 각산종합상가 전기차 충전소,대구광역시 동구 동호로5길 5,35.866807,128.725344,2,0,2,N
CV001121,시설공단대구_신매2 공영주차장,대구광역시 수성구 신매로19길 60,35.8393277,128.7063018,1,0,1,N
CV001122,시설공단대구_신기 공영주차장,대구광역시 북구 유통단지로13길 13-11,35.9077067,128.6079916,1,0,1,N
CV001123,시설공단대구_호림1 공영주차장,대구광역시 달서구 달서대로85길 13,35.8365616,128.4899849,1,0,1,N
CV001124,시설공단대구_호림2 공영주차장,대구광역시 달서구 호림동 12-1,35.8379449,128.4894144,1,0,1,N
CV001126,시설공단대구_본리2 공영주차장,대구광역시 달서구 대명천로 282,35.8418698,128.5295647,1,0,1,N
CV001127,시설공단대구_서변1 공영주차장,대구광역시 북구 호국로43길 20,35.921302,128.5978278,2,0,2,N
CV001129,시설공단대구_갓바위3 공영주차장,대구광역시 동구 진인동 123-30,35.9702392,128.7257587,2,0,2,N
CV001130,제봉뜰 두류봉제 지식산업센터,대구광역시 달서구 두류남9길 17,35.85663283,128.56848005,2,0,2,N
CV001171,대구시_서대구역(남측) 주차장,대구광역시 서구 와룡로 527,35.880536,128.538969,3,0,3,N
CV001208,대구상수도사업본부 달서사업소,대구광역시 달서구 당산로 176,35.848505,128.551293,1,1,0,Y
CV001219,(주)금오모빌리티,대구광역시 동구 공항로 133,35.900942,128.629491,3,3,0,Y
CV001221,엑스코 제2전시장,대구광역시 북구 유통단지로 110,35.908024,128.614576,10,0,10,N
CV001223,JB관광호텔,대구광역시 동구 율암로 162,35.888637999,128.70581799,2,0,2,N
CV001234,내당1동 행정복지센터,대구광역시 서구 통학로 35,35.86339,128.56397,2,2,0,Y
CV001241,시설공단대구_어린이회관 공영주차장,대구광역시 수성구 황금동 637-1,35.846403,128.625815,2,0,2,N
CV001242,시설공단대구_달서대로 공영주차장,대구광역시 달서구 달서대로 441,35.8387433,128.4916839,7,0,7,N
CV001264,케이스식자재마트,대구광역시 달성군 유가읍 테크노순환로4길 8,35.675659,128.455925,3,3,0,Y
CV001297,(주)젠텍스,대구광역시 동구 팔공로45길 23,35.918356,128.63824,1,1,0,Y
CV001308,카페스톤 팔공산점,대구광역시 군위군 부계면 한티로 1525-6,36.029843,128.630712,4,4,0,Y
CV001314,노사평화의전당,대구광역시 달성군 구지면 국가산단대로52길 6,35.652662,128.420012,2,2,0,Y
CV001316,관문시장제1공영주차장,대구광역시 남구 관문시장1길 36,35.836142000,128.55910900,2,0,2,N
CV001318,강당골공영주차장,대구광역시 남구 앞산순환로 672,35.832532,128.59821699,4,0,4,N
CV001323,롯데렌탈 동대구점,대구광역시 동구 신암남로 127,35.881222,128.629075,4,0,4,N
CV001343,서대구제일교회,대구광역시 서구 서대구로41길 21,35.876526,128.552387,1,1,0,Y
CV001354,다사문양리마을공동주차장,대구광역시 달성군 다사읍 문양리 산18-2,35.8678117,128.4376305,4,4,0,Y
CV001396,대구테크노파크 대구벤처센터,대구광역시 동구 동대구로 475,35.872833,128.624825,1,1,0,Y
CV001397,대구테크노파크 신기술산업지원센터,대구광역시 달서구 성서공단로 46-17,35.833503,128.488699,3,3,0,Y
CV001398,대구테크노파크 벤처공장,대구광역시 달서구 성서공단로11길 62,35.840363,128.489143,6,0,6,N
CV001426,경운대학교 대구교육관,대구광역시 북구 칠곡중앙대로 180,35.912161,128.548915,2,2,0,Y
CV001441,호텔인터불고대구 파크빌리지주차장,대구광역시 수성구 팔현길 212,35.8728616,128.6595248,3,3,0,Y
CV001462,아이빌,대구광역시 북구 3공단로 240,35.9018974,128.5768421,2,2,0,Y
CV001464,시민생활스포츠센터,대구광역시 수성구 미술관로 100,35.8265572,128.6798572,2,2,0,Y
CV001488,대덕문화전당 주차장,대구광역시 남구 앞산순환로 478,35.8318219,128.5769583,2,2,0,Y
CV001489,대구출판산업지원센터,대구광역시 달서구 문화회관길 165,35.843863,128.524445,2,2,0,Y
CV001490,대구오페라하우스,대구광역시 북구 호암로 15,35.88347,128.592245,3,0,3,N
CV001491,대구스마트시티센터,대구광역시 수성구 유니버시아드로 119,35.8340423,128.6846337,4,4,0,Y
CV001492,대구소프트웨어고등학교,대구광역시 달성군 구지면 창리로11길 93,35.6623774,128.4132972,2,0,2,N
CV001493,대구달서구 청소년수련관 공영주차장,대구광역시 달서구 상화로 406,35.807644999,128.55855399,4,0,4,N
CV001494,대구 월광주차장,대구광역시 달서구 도원동 1083,35.7969503,128.5471731,2,0,2,N
CV001495,달성군민체육관,대구광역시 달성군 현풍읍 현풍중앙로 130,35.7007893,128.4404326,2,2,0,Y
CV001496,달서아트센터,대구광역시 달서구 문화회관길 160,35.8428228,128.5216828,2,2,0,Y
CV001525,옥녀공원,대구광역시 달성군 유가읍 금리 1158,35.6796784,128.4623783,2,2,0,Y
CV001529,빌리브스카이아파트,대구광역시 달서구 와룡로 186,35.849141,128.53825,1,0,1,N
CV001534,비슬산자연휴양림 공영주차장,대구광역시 달성군 유가읍 휴양림길 236,35.6939798,128.504681,10,10,0,Y
CV001544,대구육상진흥센터,대구광역시 수성구 미술관로 88,35.8285216,128.678218,2,2,0,Y
CV001545,달성1차산업단지관리공단 주차장,대구광역시 달성군 논공읍 논공중앙로34길 1,35.7294077,128.454,2,2,0,Y
CV001555,화원명곡체육공원주차장,대구광역시 달성군 화원읍 명곡리 5,35.7981521,128.5048679,4,4,0,Y
CV001562,한국도로교통공단 대구교통방송,대구광역시 남구 현충로 120,35.843391,128.580302,2,2,0,Y
CV001564,용산환승공영주차장,대구광역시 달서구 용산로 113,35.848529199,128.52951396,3,0,3,N
CV001566,불로다목적운동장 주차장,대구광역시 동구 불로동 882-2,35.9083186,128.6336604,4,4,0,Y
CV001580,대구북구청소년회관주차장,대구광역시 북구 검단로 71-17,35.90675520,128.61573980,2,0,2,N
CV001581,서변2공영주차장,대구광역시 북구 호국로43길 17,35.920937533,128.59795530,2,0,2,N
CV001589,팔달공영주차장,대구광역시 북구 노원로 32,35.891552999,128.56649700,2,0,2,N
CV001590,팔공산자연공원(동치골주차장),대구광역시 동구 신무동 13,35.9933916,128.6787199,4,4,0,Y
CV001592,칠성공영주차장,대구광역시 북구 칠성남로 196,35.87611,128.60166099,3,0,3,N
CV001594,지산공영주차장,대구광역시 수성구 용학로 267,35.821182508,128.63773745,2,0,2,N
CV001595,중리시영2차아파트,대구광역시 서구 국채보상로38길 32,35.86671,128.5524993,2,2,0,Y
CV001600,명문덴탈,대구광역시 동구 혁신대로 102,35.878888,128.70776199,2,2,0,Y
CV001601,두류공원4공영주차장(두류테니스장 맞은편),대구광역시 달서구 두류동 597-3,35.8525556,128.5562455,2,2,0,Y
CV001604,대구시_염색공단제3공영주차장,대구광역시 서구 비산동 2037-37,35.8833839,128.551248,2,0,2,N
CV001605,대구시_염색공단제2공영주차장,대구광역시 서구 비산동 2024-61,35.888108,128.549498,2,0,2,N
CV001606,대구시_염색공단제1공영주차장,대구광역시 서구 비산동 3184,35.8863154,128.544615,2,0,2,N
CV001619,동구보건소,대구광역시 동구 동촌로 79,35.888109,128.651212,1,1,0,Y
CV001623,달서교하부공영주차장,대구광역시 서구 이현동 423-3,35.8809565,128.5338424,2,2,0,Y
CV001626,화원시장공영주차장,대구광역시 달성군 화원읍 비슬로512길 66,35.80103779,128.50004014,2,0,2,N
CV001627,호산공영주차장,대구광역시 달서구 호산동 714-1,35.843032538,128.49021390,2,0,2,N
CV001631,용산2공영주차장,대구광역시 달서구 용산동 931-4,35.857745534,128.52969531,2,0,2,N
CV001632,신매3공영주차장,대구광역시 수성구 신매동 566-4,35.838637379,128.70394893,3,0,3,N
CV001634,본리1공영주차장,대구광역시 달서구 본리동 1196,35.841770545,128.52952183,1,0,1,N
CV001635,대구월곡공영주차장,대구광역시 달서구 송현로7길 51-10,35.818452878,128.54675892,2,0,2,N
CV001636,대구시각장애인복지관,대구광역시 달서구 달구벌대로291길 100,35.8534289,128.524943,2,2,0,Y
CV001637,달성군노인복지관,대구광역시 달성군 옥포읍 옥포로 13,35.789036,128.471728,1,1,0,Y
CV001638,달구벌재활스포츠센터,대구광역시 달서구 달구벌대로291길 100,35.8527936,128.5250758,1,1,0,Y
CV001646,대구광역시립남부도서관,대구광역시 남구 앞산순환로 512,35.8326946,128.580919,2,2,0,Y
CV001678,월광수변공원주차장,대구광역시 달서구 도원동 928,35.798686,128.5487215,2,2,0,Y
CV001687,연암공원 남편주차장,대구광역시 북구 연암공원로15길 13,35.8986452,128.5999265,1,1,0,Y
CV001701,범어공영주차장,대구광역시 수성구 범어 248-1,35.8569187,128.633352,1,0,1,N
CV001706,현풍백년도깨비시장 공영주차장,대구광역시 달성군 현풍읍 현풍로6길 5,35.694973,128.44074,2,2,0,Y
CV001707,침산공원 주차장,대구광역시 북구 침산동 1323-1,35.8941225,128.5833076,1,1,0,Y
CV001710,용산1공영주차장,대구광역시 달서구 용산로 212-7,35.8569574,128.5313916,1,0,1,N
CV001719,관음제1공영주차장,대구광역시 북구 관음중앙로 80,35.9410235,128.5448307,2,0,2,N
CV001732,칠곡우방타운아파트,대구광역시 북구 칠곡중앙대로115길 24,35.9477922,128.5491439,9,9,0,Y
CV001735,장기주공아파트,대구광역시 달서구 용산로 88,35.846363,128.532028,10,10,0,Y
CV001743,시지천마타운아파트,대구광역시 수성구 신매로 71,35.8359933,128.7075868,14,14,0,Y
CV001767,대구문화예술회관,대구광역시 달서구 공원순환로 201,35.844526,128.5604713,3,3,0,Y
CV001768,달성종합스포츠파크,대구광역시 달성군 현풍읍 현풍동로 170,35.701252,128.4425252,9,9,0,Y
CV001779,화원자연휴양림,대구광역시 달성군 화원읍 화원휴양림길 126,35.7723182,128.5364497,4,4,0,Y
CV001788,시지노인전문병원,대구광역시 수성구 유니버시아드로 365,35.828695,128.7109739,1,1,0,Y
CV001793,평리청구타운아파트,대구광역시 서구 서대구로 77,35.8641235,128.5553386,9,9,0,Y
CV001795,태전우방타운3차아파트,대구광역시 북구 학정로 126,35.918105,128.551276,8,8,0,Y
CV001802,옥포지구서한이다음아파트,대구광역시 달성군 옥포읍 돌미로6길 5,35.7813236,128.4485001,12,12,0,Y
CV001836,범어역우방유쉘아파트,대구광역시 수성구 동대구로 345,35.861556,128.626075,12,12,0,Y
CV001851,대구서구문화회관,대구광역시 서구 당산로 403,35.8717661,128.5462981,2,2,0,Y
CV001885,호림1공영주차장,대구광역시 달서구 호림동 13-10,35.8366325,128.4899261,4,0,4,N
CV001891,호림2공영주차장,대구광역시 달서구 호림동 12-1,35.8379449,128.4897144,6,0,6,N
CV001894,종합유통단지 전자상가 공영주차장,대구광역시 북구 유통단지로 25,35.906135,128.605965,2,2,0,Y
CV001895,종합유통단지 산업용재관남편공영주차장,대구광역시 북구 유통단지로8길 26,35.9035522,128.6076558,2,2,0,Y
CV001904,범물공원공영주차장,대구광역시 수성구 지범로 232,35.8180102,128.642833,2,0,2,N
CV001906,한국도로교통공단 대구지부,대구광역시 남구 대명서로 31,35.829921,128.560665,3,3,0,Y
CV001925,힐스테이트데시앙도남4단지아파트,대구광역시 북구 도남중앙로8길 8,35.951352,128.584411,16,16,0,Y
CV001941,대구 중구청 주차장,대구광역시 중구 국채보상로139길 1,35.8699221,128.6057341,1,0,1,N
CV001967,종합유통단지 코스트코서편공영주차장,대구광역시 북구 유통단지로24길 34,35.9065606,128.6164074,2,0,2,N
CV001969,수성못동편공영주차장,대구광역시 수성구 수성못2길 27,35.8257516,128.6243189,1,0,1,N
CV001970,성당시장 공영주차장,대구광역시 남구 대경길 342,35.849502,128.573691,1,0,1,N
CV001971,방촌공영주차장,대구광역시 동구 동촌로42길 19-12,35.8811215,128.6628063,1,0,1,N
CV001972,동구자원재활용센터선별장,대구광역시 동구 공항로31길 26,35.9041066,128.6313904,1,1,0,Y
CV001973,대구동구청,대구광역시 동구 아양로 207,35.8864666,128.636044,2,2,0,Y
CV001974,대구 북구청 노원공영주차장,대구광역시 북구 노원동1가 16-1,35.8880346,128.5804379,2,0,2,N
CV001976,경상감영공영주차장,대구광역시 중구 경상감영길 99,35.8723319,128.5931109,1,0,1,N
CV001994,수정한양아파트,대구광역시 북구 구암로 17,35.9364746,128.5419783,16,16,0,Y
CV002012,월촌공영주차장,대구광역시 달서구 상인로 68-4,35.812784,128.54894399,1,0,1,N
CV002014,와룡아랫공원지하공영주차장,대구광역시 달서구 이곡동 1191-2,35.8563668,128.5000245,2,0,2,N
CV002033,상인2공영주차장,대구광역시 달서구 상화북로 187,35.813685519,128.54555254,1,0,1,N
CV002034,상인1공영주차장,대구광역시 달서구 상인동 1554,35.8124331,128.5467143,2,0,2,N
CV002048,달서구 청사 부설주차장,대구광역시 달서구 학산로 45,35.8294824,128.5329537,3,3,0,Y
CV002068,대한불교조계종 대관음사,대구광역시 북구 구암로 238,35.932492,128.566441,1,1,0,Y
CV002069,나라키움 대구통합청사,대구광역시 동구 이노밸리로 345,35.8787466,128.7347675,2,2,0,Y
CV002072,침산1동ECO주차장,대구광역시 북구 침산남로서9길 17-12,35.89283000,128.5810230,1,0,1,N
CV002085,가창체육공원,대구광역시 달성군 가창면 가창로 604,35.7676417,128.6496305,4,4,0,Y
CV002087,차량등록사업소 본소,대구광역시 수성구 동원로 84,35.866468,128.6393267,2,2,0,Y
CV002099,한국뇌연구원 제1주차장,대구광역시 동구 첨단로 61,35.881813,128.7293279,3,3,0,Y
CV002107,수성구청,대구광역시 수성구 달구벌대로 2450,35.8584503,128.6311087,1,1,0,Y
CV002115,혁신도시 공영주차장,대구광역시 동구 신서동 1152-2,35.878997744,128.73511421,4,0,4,N
CV002128,안심공영주차장,대구광역시 동구 괴전동 401-2,35.8688091,128.7349969,6,0,6,N
CV002131,동부여성문화회관 주차장,대구광역시 동구 신암북로11길 54-2,35.8907436,128.6216261,3,3,0,Y
CV002134,도로교통공단 대구운전면허시험장,대구광역시 북구 태암남로 38,35.9250561,128.5507096,7,7,0,Y
CV002139,대구공항1공영주차장,대구광역시 동구 지저동 907,35.897555,128.6387164,2,0,2,N
CV002144,올림픽기념국민생활관,대구광역시 달서구 학산로 130,35.8335919,128.5409839,3,3,0,Y
CV002150,서재문화체육센터,대구광역시 달성군 다사읍 다사로 750,35.8845783,128.5046434,2,2,0,Y
CV002155,달성군청소년센터,대구광역시 달성군 논공읍 논공로 252,35.7235719,128.4550746,2,2,0,Y
CV002158,광장타운2차아파트,대구광역시 서구 달구벌대로337길 8,35.8562671,128.5497398,3,3,0,Y
CV002163,외환들공영주차장,대구광역시 수성구 미술관로 40-1,35.828936495,128.67410660,8,0,8,N
CV002169,대구스케일업허브,대구광역시 동구 동대구로 465,35.871777,128.624853,2,0,2,N
CV002174,축산물도매시장(농수산물도매시장),대구광역시 북구 검단북로11길 11,35.9155777,128.6106315,3,3,0,Y
CV002175,신천역센트럴리버파크아파트 6주차장,대구광역시 동구 동부로 26,35.8725616,128.6143919,3,3,0,Y
CV002176,신천역센트럴리버파크아파트 5주차장,대구광역시 동구 동부로 26,35.873749,128.615159,4,4,0,Y
CV002177,신천역센트럴리버파크아파트 4주차장,대구광역시 동구 동부로 26,35.873749,128.615159,3,3,0,Y
CV002178,신천역센트럴리버파크아파트 3주차장,대구광역시 동구 동부로 26,35.873749,128.615159,3,3,0,Y
CV002179,신천역센트럴리버파크아파트 2주차장,대구광역시 동구 동부로 26,35.873749,128.615159,2,2,0,Y
CV002180,신천역센트럴리버파크아파트 1주차장,대구광역시 동구 동부로 26,35.873749,128.615159,2,2,0,Y
CV002181,상인공영주차장,대구광역시 달서구 상인서로 103-5,35.818115999,128.53983300,6,0,6,N
CV002188,SW융합테크비즈센터,대구광역시 수성구 알파시티1로 160,35.8354467,128.6825827,2,0,2,N
CV002189,평화시장공영주차장,대구광역시 동구 신암동 604-1,35.884099,128.620423,1,0,1,N
CV002191,성서국민체육센터,대구광역시 달서구 선원로 133,35.8596553,128.5069031,2,2,0,Y
CV002196,대구경북디자인진흥원,대구광역시 동구 동대구로 461,35.871416,128.624825,3,0,3,N
CV002197,남산공영주차장,대구광역시 중구 명덕로35길 44,35.858906,128.5891533,1,0,1,N
CV002201,율하체육공원,대구광역시 동구 금호강변로 278,35.8595586,128.6994643,4,4,0,Y
CV002202,위남마을공용주차장,대구광역시 동구 위남로 60,35.9290215,128.6355269,2,2,0,Y
CV002203,다사체육공원,대구광역시 달성군 다사읍 다사로 441,35.8903369,128.4767402,4,4,0,Y
CV002237,한국뇌연구원주차장,대구광역시 동구 첨단로 61,35.8841529,128.7310873,3,3,0,Y
CV002238,대구수목원관리사무소 3주차장,대구광역시 달서구 대곡동 1041,35.8036342,128.519332,5,5,0,Y
CV002243,티스테이션 수성점,대구광역시 수성구 들안로 166,35.8446704,128.6173232,2,2,0,Y
CV002249,두산레포츠센터 부설주차장,대구광역시 수성구 두산동 산7-25,35.8233797,128.6213861,2,0,2,N
CV002250,두산레포츠센터 부설주차장 지하1층,"대구광역시 수성구 두산동 산7-25(두산동, 두산레포츠센터)",35.8233797,128.6213861,3,0,3,N
CV002253,달성군청사 주차장,대구광역시 달성군 논공읍 달성군청로 33,35.7755975,128.4320276,16,16,0,Y
CV002262,제림주택은하아파트,대구광역시 동구 화랑로91길 8,35.8761732,128.6751636,2,2,0,Y
CV002266,상인동화태왕한양타운아파트,대구광역시 달서구 상인서로 94,35.818838,128.54225,4,4,0,Y
CV002271,대곡주공9단지아파트,대구광역시 달서구 한실로 30,35.8071325,128.5305766,6,6,0,Y
CV002279,봉무공원제1주차장,대구광역시 동구 봉무동 산 139,35.9201417,128.6476393,3,3,0,Y
CV002288,화성그랜드파크아파트 307동,대구광역시 북구 구암로65길 9,35.9398206,128.5682958,2,2,0,Y
CV002289,화성그랜드파크아파트 306동,대구광역시 북구 구암로65길 9,35.9393187,128.5678452,2,2,0,Y
CV002290,화성그랜드파크아파트 305동,대구광역시 북구 구암로65길 9,35.9388149,128.5674697,2,2,0,Y
CV002291,화성그랜드파크아파트 302동,대구광역시 북구 구암로65길 9,35.9398081,128.5665685,1,1,0,Y
CV002292,화성그랜드파크아파트 301동,대구광역시 북구 구암로65길 9,35.9393274,128.5665041,2,2,0,Y
CV002298,십분의칠,대구광역시 동구 파계로 642,35.9873235,128.6363865,2,2,0,Y
CV002302,서리지 주차장,대구광역시 북구 동호동 산35-3,35.9667225,128.5629765,3,3,0,Y
CV002320,한국섬유개발연구원,대구광역시 서구 국채보상로 136,35.868472,128.546082,2,2,0,Y
CV002321,티스테이션 남대구IC점,대구광역시 달서구 구마로 31,35.837586,128.530973,1,1,0,Y
CV002324,월광5주차장,대구광역시 달서구 도원동 1176-1,35.7946656,128.5490195,2,2,0,Y
CV002336,두류수영장,대구광역시 달서구 공원순환로 237,35.8465691,128.5620682,6,6,0,Y
CV002346,대구체육관,대구광역시 북구 대구체육관로 39,35.894272,128.6030415,2,2,0,Y
CV002347,대구영일택시,대구광역시 북구 도남길 15,35.951463,128.579023,4,4,0,Y
CV002348,달성농수산물종합유통센터,대구광역시 달성군 화원읍 성천로 9,35.8001304,128.486948,13,13,0,Y
CV002350,큰골주차장,대구광역시 달서구 대곡동 877,35.7924387,128.5298469,2,0,2,N
CV002351,대구삼성라이온즈파크 달구벌주차장,대구광역시 수성구 야구전설로 1,35.8411906,128.6831342,24,0,24,N
CV002358,화랑공원,대구광역시 수성구 만촌로 151,35.8718129,128.6405384,2,2,0,Y
CV002371,앞산빨래터 공영주차장,대구광역시 남구 앞산순환로 365,35.832393,128.56572,2,0,2,N
CV002372,시지공영주차장,대구광역시 수성구 달구벌대로637길 5,35.8414988,128.7063509,2,0,2,N
CV002377,파계사 공영주차장,대구광역시 동구 파계로 686,35.990756,128.637254,3,3,0,Y
CV002388,대구테크노폴리스LH천년나무3단지,대구광역시 달성군 현풍읍 테크노북로4길 27,35.6938607,128.4573548,15,15,0,Y
CV002389,대구농수산물도매시장(수산),대구광역시 북구 매천로 63,35.9019778,128.5409467,1,0,1,N
CV002390,대구농수산물도매시장(농산),대구광역시 북구 매천로18길 34,35.9018489,128.5417826,2,0,2,N
CV002393,갓바위2공영주차장,대구광역시 동구 진인동 123-30,35.9696977,128.7263117,2,2,0,Y
CV002394,갓바위1공영주차장,대구광역시 동구 진인동 123-30,35.9693577,128.7251075,4,4,0,Y
CV002397,테크노폴리스천년나무1단지,대구광역시 달성군 현풍읍 테크노북로2길 10,35.6894553,128.4495862,24,24,0,Y
CV002401,동대구역더샵센터시티아파트,대구광역시 동구 동부로19길 18,35.876749,128.623464,17,17,0,Y
CV002431,침산화성파크드림,대구광역시 북구 성북로 70,35.8920455,128.5913775,38,38,0,Y
CV002440,수성데시앙리버뷰아파트,대구광역시 수성구 희망로20길 10,35.846308,128.608299,4,4,0,Y
CV002468,영신고등학교,대구광역시 동구 팔공로50길 32,35.9187253,128.6459583,3,3,0,Y
CV002471,국채보상운동기념공원주차장,대구광역시 중구 국채보상로 670,35.868889,128.60341,7,7,0,Y
CV002516,달성군교육문화복지센터,대구광역시 달성군 현풍읍 테크노중앙대로 231,35.6915366,128.4570871,4,4,0,Y
CV002570,대구시민운동장,대구광역시 북구 고성로 191,35.8816742,128.5892109,4,4,0,Y
CV002607,수성롯데캐슬더퍼스트아파트 301동,대구광역시 수성구 수성로69길 41,35.8554568,128.6110056,1,1,0,Y
CV002608,수성롯데캐슬더퍼스트아파트 206동,대구광역시 수성구 수성로69길 65,35.855001,128.610077,2,2,0,Y
CV002609,수성롯데캐슬더퍼스트 아파트 107동,대구광역시 수성구 수성로69길 65,35.8565643,128.6094523,2,2,0,Y
CV002620,티스테이션 달서점,대구광역시 달서구 와룡로 287,35.858501,128.537055,1,1,0,Y
CV002623,신월초등학교,대구광역시 달서구 조암남로 100,35.8201909,128.5233988,2,2,0,Y
CV002633,티스테이션 대구강북점,대구광역시 북구 읍내동 784-6,35.9431235,128.5509946,2,2,0,Y
CV002669,한실초등학교,대구광역시 달서구 대곡동 1106 대구한실초등학교,35.7980935,128.5290481,2,2,0,Y
CV002689,대구시_대구국가산업단지2공영주차장,대구광역시 달성군 구지면 응암리 1268,35.6496956,128.4245628,5,5,0,Y
CV002690,대구시_대구국가산업단지1공영주차장,대구광역시 달성군 구지면 응암리 1278-13,35.6496956,128.4245628,5,5,0,Y
CV002715,범어월드메르디앙이스턴카운티아파트,대구광역시 수성구 범어천로 190,35.8640434,128.6206328,5,5,0,Y
CV002733,한국농어촌공사 경북지역본부,대구광역시 북구 구암로 158,35.931381,128.557719,2,2,0,Y
CV002735,대구옥포LH천년나무2단지 206동,대구광역시 달성군 옥포읍 돌미로 51,35.7816313,128.4377475,10,10,0,Y
CV002736,대구옥포LH천년나무2단지 209동,대구광역시 달성군 옥포읍 돌미로 51,35.7798131,128.4383376,10,10,0,Y
CV002766,대구칠곡부영7단지아파트 707동,대구광역시 북구 구암로49길 10,35.933736,128.5644711,6,6,0,Y
CV002767,대구칠곡부영7단지아파트 703동,대구광역시 북구 구암로49길 10,35.9343605,128.5655869,3,3,0,Y
CV002776,월성동삼성래미안아파트,대구광역시 달서구 상원로 143,35.820088,128.528362,6,6,0,Y
CV002798,알파센트럴빌딩,대구광역시 수성구 알파시티1로 273,35.839115,128.6884309,2,0,2,N
CV002819,대구범어초등학교,대구광역시 수성구 달구벌대로489길 55,35.8598858,128.6325226,3,3,0,Y
CV002838,대구MBC,대구광역시 수성구 욱수길 56,35.824589000,128.70537399,2,0,2,N
CV002855,학정청아람아파트 103동,대구광역시 북구 학정로110길 29,35.9542235,128.567566,6,6,0,Y
CV002856,학정청아람아파트 102동,대구광역시 북구 학정로110길 29,35.9535635,128.5680058,6,6,0,Y
CV002857,학정청아람아파트 101동,대구광역시 북구 학정로110길 29,35.9528687,128.568156,6,6,0,Y
CV002862,대구시_구지창리주차장,대구광역시 달성군 구지면 창리 1356,35.6574498,128.4067921,1,1,0,Y
CV002872,대구다사주공2단지아파트,대구광역시 달성군 다사읍 매곡로14길 11,35.867027,128.45559,7,7,0,Y
CV002913,대구시_하빈무등리공영주차장,대구광역시 달성군 하빈면 무등리 530-1,35.9188237,128.4637087,1,1,0,Y
CV002914,대구시_옻골동산,대구광역시 북구 구암동 6,35.9446349,128.5760467,1,1,0,Y
CV002915,대구시_대구서구청소년수련관,대구광역시 서구 문화로 122,35.8737879,128.5460031,1,1,0,Y
CV002939,수성유원지주차장,대구광역시 수성구 수성로 132-1,35.828761,128.6121138,6,6,0,Y
CV002940,제2석굴암 주차장2,대구광역시 군위군 부계면 한티로 1943,36.049952,128.645877,3,3,0,Y
CV002949,종합운동장,대구광역시 군위군 군위읍 내량길 28-28,35.2467046,128.5570553,4,4,0,Y
CV002950,문화회관,대구광역시 군위군 군위읍 군청로 158,36.2368115,128.5744738,4,4,0,Y
CV002951,군위보건소,대구광역시 군위군 군위읍 군청로 70,36.2295049,128.569452,2,2,0,Y
CV002952,농업기술센터 주차장,대구광역시 군위군 효령면 효우로 97,36.180858,128.5928408,2,2,0,Y
CV002956,대구시_연경체육공원,대구광역시 북구 동화천로 330,35.9441419,128.6258759,1,1,0,Y
CV002973,송해공원 5주차장,대구광역시 달성군 옥포읍 옥포로 353,35.7657777,128.4890989,6,6,0,Y
CV002995,황금빌딩,대구광역시 수성구 동대구로 111,35.840337,128.623548,2,0,2,N
CV003039,대구화성파크드림갤러리,대구광역시 북구 원대로 130,35.888803,128.583606,3,3,0,Y
CV003040,대구스타디움 제2주차장,대구광역시 수성구 유니버시아드로 180,35.831454,128.6927191,7,7,0,Y
CV003041,대구스타디움 제1주차장,대구광역시 수성구 유니버시아드로 140,35.832181,128.6884592,23,0,23,N
CV003042,대구소방안전본부,대구광역시 달서구 와룡로49길 30,35.8546135,128.5356894,2,2,0,Y
CV003062,홈플러스 남대구점,대구광역시 남구 대명로 116,35.83892,128.570358,6,6,0,Y
CV003063,대구시_한국도로공사 칠곡영업소,대구광역시 북구 관음로 41,35.934520000,128.53933200,1,1,0,Y
CV003064,대구시_파동교네거리주차장,대구광역시 수성구 앞산터널로 503,35.8112114,128.6217825,1,0,1,N
CV003065,대구시_파계사주차장,대구광역시 동구 파계로 686,35.99078,128.637051,2,2,0,Y
CV003066,대구시_월광수변공원주차장,대구광역시 달서구 도원동 928,35.7987433,128.5488022,1,1,0,Y
CV003067,대구시_아이빌,대구광역시 북구 3공단로 240,35.901809,128.576856,1,1,0,Y
CV003068,대구시_복현장미공원,대구광역시 북구 경진로남1길 40,35.893358,128.617298,1,0,1,N
CV003069,대구시_대구체육관,대구광역시 북구 대구체육관로 39,35.894317,128.6029155,1,1,0,Y
CV003070,대구시_대구은행 본리동지점,대구광역시 달서구 구마로 180,35.836892,128.547416,1,1,0,Y
CV003071,대구시_대구상공회의소,대구광역시 동구 동대구로 457,35.871083,128.624964,1,0,1,N
CV003072,대구시_대구명복공원,대구광역시 수성구 달구벌대로541길 47,35.8575333,128.6585246,1,1,0,Y
CV003073,(임시운영중지)대구시_대구국제사격장,대구광역시 북구 문주길 170,35.9122933,128.5217602,1,1,0,Y
CV003074,대구시_대구공공시설관리공단달서천사업소,대구광역시 서구 염색공단로 130,35.885914,128.539805,2,2,0,Y
CV003075,대구시_구암동행정복지센터,대구광역시 북구 구암서로 32,35.938936,128.566052,1,1,0,Y
CV003076,대구시_DGB대구은행 파동지점,대구광역시 수성구 수성로 5,35.825977,128.609883,1,1,0,Y
CV003077,대구시_DGB대구은행 시지지점,대구광역시 수성구 달구벌대로 3196,35.840143,128.706152,1,0,1,N
CV003078,대구시_현풍읍행정복지센터,대구광역시 달성군 현풍읍 비슬로134길 157,35.69724,128.447565,1,1,0,Y
CV003079,대구시_해안동행복복지센터,대구광역시 동구 방촌로29길 46,35.882082,128.671682,1,1,0,Y
CV003080,대구시_한국산업단지공단달성사무소,대구광역시 달성군 구지면 달성2차동1로 109,35.640941,128.419429,1,1,0,Y
CV003081,대구시_펙스코 패션디자인개발지원센터,대구광역시 북구 산격동 1671,35.9054152,128.6119038,1,0,1,N
CV003082,대구시_충혼탑,대구광역시 남구 대명동 417-52,35.83280548,128.58535035,2,2,0,Y
CV003083,대구시_첨단의료산업진흥재단,대구광역시 동구 동내로 88,35.878639,128.736121,1,1,0,Y
CV003084,대구시_진천동행정복지센터,대구광역시 달서구 진천로9길 37,35.8122616,128.522469,1,1,0,Y
CV003085,대구시_지산공영주차장,대구광역시 수성구 용학로 267,35.820922,128.637602,2,0,2,N
CV003086,대구시_이천동행정복지센터,대구광역시 남구 이천로28길 8-14,35.853696,128.599411,1,1,0,Y
CV003087,대구시_이곡1동행정복지센터,대구광역시 달서구 달구벌대로 1309,35.85164,128.510669,1,1,0,Y
CV003088,대구시_유니버시아드 레포츠센터,대구광역시 북구 호국로57길 6,35.927965,128.597938,1,0,1,N
CV003089,대구시_월성2동행정복지센터,대구광역시 달서구 월성로 65,35.830948,128.528279,1,1,0,Y
CV003090,대구시_월성1동행정복지센터,대구광역시 달서구 조암남로 97,35.819505,128.522835,1,1,0,Y
CV003091,대구시_원대동행정복지센터,대구광역시 서구 달서로 257,35.885192,128.573469,2,2,0,Y
CV003092,대구시_용산2동행정복지센터,대구광역시 달서구 선원로 278,35.858445,128.523001,1,1,0,Y
CV003093,대구시_용산1동행정복지센터,대구광역시 달서구 용산로 212-7,35.856667,128.531222,1,1,0,Y
CV003096,대구시_앞산공원 공영주차장,대구광역시 남구 봉덕동 1566-1,35.8312708,128.5889103,1,0,1,N
CV003097,대구시_아양아트센터,대구광역시 동구 효동로2길 24,35.879555,128.651934,2,2,0,Y
CV003098,대구시_신암공원,대구광역시 동구 신암북로11길 8,35.88797,128.622964,1,1,0,Y
CV003099,대구시_송현1동행정복지센터,대구광역시 달서구 중흥로8길 41,35.829226,128.554748,1,1,0,Y
CV003100,대구시_송현1동2공영주차장,대구광역시 달서구 송현동 1971-2,35.8254128,128.5537839,1,1,0,Y
CV003102,대구시_성서체육공원주차장,대구광역시 달서구 성서공단로22길 25,35.832448,128.495559,4,4,0,Y
CV003103,대구시_성당동행정복지센터,대구광역시 달서구 야외음악당로 38,35.840614,128.553137,1,1,0,Y
CV003104,대구시_서부법원 노상주차장,대구광역시 달서구 용산로 147-1,35.8518456,128.526426,4,4,0,Y
CV003105,대구시_서대구산업단지근로자복지회관,대구광역시 서구 국채보상로 124,35.868472,128.544749,1,1,0,Y
CV003106,대구시_서구국민체육센터,대구광역시 서구 문화로 72,35.873416,128.540999,2,2,0,Y
CV003107,대구시_상중이동행정복지센터,대구광역시 서구 당산로 343,35.866972,128.54611,1,1,0,Y
CV003109,대구시_상인2동행정복지센터,대구광역시 달서구 상원로 27,35.812561,128.53625,1,1,0,Y
CV003110,대구시_상인1동행정복지센터,대구광역시 달서구 상인서로 40,35.814256,128.544999,1,1,0,Y
CV003111,대구시_비슬산자연휴양림공영주차장,대구광역시 달성군 유가읍 휴양림길 236,35.69408303,128.50538688,1,1,0,Y
CV003115,대구시_본동행정복지센터,대구광역시 달서구 구마로26길 62,35.834448,128.541055,1,1,0,Y
CV003116,대구시_반야월공영주차장,대구광역시 동구 신기동 174,35.8723513,128.7020741,1,0,1,N
CV003117,대구시_문양역공영주차장,대구광역시 달성군 다사읍 문양리 470,35.863781,128.4379147,1,1,0,Y
CV003118,대구시_매천경로당,대구광역시 북구 매천로동17길 17,35.906023,128.540166,1,1,0,Y
CV003119,대구시_두류공원1공영주차장,대구광역시 달서구 공원순환로 216,35.8444324,128.5621563,4,4,0,Y
CV003120,대구시_고산1동행정복지센터,대구광역시 수성구 달구벌대로 3260-2,35.837087,128.7124009,1,1,0,Y
CV003121,대구시_두류 12동 행정복지센터,대구광역시 달서구 두류길 141-8,35.857779,128.567275,1,1,0,Y
CV003122,대구시_동촌유원지,대구광역시 동구 효목동 1025,35.878625,128.6498291,1,1,0,Y
CV003123,대구시_동대구복합환승센터,대구광역시 동구 효신로 88,35.879142532,128.63201745,4,0,4,N
CV003124,대구시_동구청,대구광역시 동구 아양로 207,35.886554,128.635463,2,0,2,N
CV003125,대구시_도원동 행정복지센터,대구광역시 달서구 한실로 53,35.807479,128.532195,1,1,0,Y
CV003126,대구시_도시관리본부,대구광역시 달서구 성서공단로 58,35.829226,128.554748,4,4,0,Y
CV003127,대구시_대명9동 행정복지센터,대구광역시 남구 큰골길 53,35.837225,128.579385,1,1,0,Y
CV003128,대구시_대명5동행정복지센터,대구광역시 남구 대명로58길 11,35.843225,128.587801,1,1,0,Y
CV003129,대구시_대덕승마장,대구광역시 달서구 앞산순환로 206,35.821699,128.554387,1,1,0,Y
CV003130,(임시운영중지)대구시_대구환경공단 안심관리소,대구광역시 동구 금호강변로 91,35.867862,128.680904,3,3,0,Y
CV003131,대구시_대구테크노파크 동대구캠퍼스 2동,대구광역시 동구 동대구로 481,35.87325,128.624797,2,2,0,Y
CV003132,대구시_대구차량등록사업소 서부분소,대구광역시 달서구 성서로 400,35.853307,128.507863,1,1,0,Y
CV003133,대구시_대구의료원,대구광역시 서구 평리로 157,35.859667,128.540583,1,0,1,N
CV003134,대구시_대구은행 제2본점영업부,대구광역시 북구 옥산로 111,35.884442,128.588217,1,0,1,N
CV003136,대구시_대구부광교회,대구광역시 북구 칠곡중앙대로52길 38,35.921688,128.54947,1,1,0,Y
CV003137,대구시_대구과학관,대구광역시 달성군 유가읍 테크노대로6길 20,35.686631,128.46523,4,0,4,N
CV003138,대구시_대구공공시설관리공단서부사업소,대구광역시 달서구 달서대로 210,35.82061810,128.49560100,2,2,0,Y
CV003139,대구시_대구공공시설관리공단 상리사업소,대구광역시 서구 가르뱅이로10길 31,35.884553,128.531861,4,4,0,Y
CV003140,대구시_달성문화센터,대구광역시 달성군 다사읍 대실역북로2길 188,35.865472,128.460951,1,1,0,Y
CV003141,대구시_달성군청,대구광역시 달성군 논공읍 달성군청로 33,35.774676,128.431399,2,2,0,Y
CV003142,대구시_달성군농업기술센터,대구광역시 달성군 옥포읍 비슬로 2040,35.782703,128.446786,1,1,0,Y
CV003143,대구시_다사읍 행정복지센터 서재출장소,대구광역시 달성군 다사읍 서재본길 25,35.872221,128.494253,1,1,0,Y
CV003144,대구시_농수산물도매시장,대구광역시 북구 매천로18길 34,35.902746,128.541388,4,0,4,N
CV003145,대구시_논공읍공단출장소,대구광역시 달성군 논공읍 논공중앙로33길 3,35.730042,128.452786,1,1,0,Y
CV003146,대구시_논공읍 행정복지센터,대구광역시 달성군 논공읍 비슬로 1779,35.774259,128.420344,1,1,0,Y
CV003148,대구시_관문동행정복지센터,대구광역시 북구 한강로4길 1,35.896774,128.514557,1,1,0,Y
CV003149,대구시_갓바위공영5주차장,대구광역시 동구 진인동 123-38,35.9699064,128.7265019,1,0,1,N
CV003150,대구시_가창면행정복지센터,대구광역시 달성군 가창면 가창로 1100,35.802702,128.622826,1,1,0,Y
CV003158,대구시_다사읍사무소,대구광역시 달성군 다사읍 매곡로 7,35.862027,128.454201,1,1,0,Y
CV003159,대구시_다사체육공원,대구광역시 달성군 다사읍 다사로 441,35.890108,128.4779489,1,1,0,Y
CV003162,영남이공대학교 행복기숙사,대구광역시 남구 현충로 170,35.846733651,128.58227514,5,0,5,N
CV003163,영남이공대학교 사회관,대구광역시 남구 현충로 170,35.848269087,128.58120058,6,0,6,N
CV003165,대구시_고산노인복지관,대구광역시 수성구 욱수천로 99,35.836754,128.712735,1,0,1,N
CV003176,미리샘마을주공2단지아파트 P-4주차장,대구광역시 달서구 한실로 134,35.806034,128.540889,5,5,0,Y
CV003177,미리샘마을주공2단지아파트 P-3주차장,대구광역시 달서구 한실로 134,35.806034,128.540889,2,2,0,Y
CV003178,미리샘마을주공2단지아파트 P-2주차장,대구광역시 달서구 한실로 134,35.806034,128.540889,2,2,0,Y
CV003179,미리샘마을주공2단지아파트 P-1주차장,대구광역시 달서구 한실로 134,35.806034,128.540889,3,3,0,Y
CV003181,대구시_대구공공시설관리공단 동부사업소,대구광역시 수성구 무학로 112,35.829366,128.620576,1,1,0,Y
CV003185,근로복지공단대구병원,대구광역시 북구 학정로 515,35.951126,128.5648782,7,7,0,Y
CV003193,수성데시앙리버뷰 지하2층,대구광역시 수성구 희망로20길 10,35.846919,128.607994,9,9,0,Y
CV003194,수성데시앙리버뷰 지하1층,대구광역시 수성구 희망로20길 10,35.846919,128.607994,8,8,0,Y
CV003205,한국전자통신연구원 대경권연구센터,대구광역시 달성군 유가읍 테크노순환로10길 1,35.6897538,128.4708862,8,8,0,Y
CV003209,대구다사주공1단지아파트,대구광역시 달성군 다사읍 매곡로14길 13,35.8656011,128.4561983,6,6,0,Y
CV003237,대구 장애인 국민체육센터,대구광역시 수성구 유니버시아드로42길 139,35.8244071,128.6853189,1,1,0,Y
CV003256,삼국유사테마파크,대구광역시 군위군 의흥면 일연테마로 100,36.1637281,128.6975393,11,11,0,Y
CV003258,군위군청 주차장,대구광역시 군위군 군위읍 동부리 290-10,36.242096,128.573409,6,6,0,Y
CV003276,서대구세무서,대구광역시 달서구 당산로38길 33,35.8539276,128.5505938,2,2,0,Y
CV003282,대구의료원본관,대구광역시 서구 평리로 157,35.858986799,128.54061116,1,0,1,N
CV003283,대구의료원라파엘관,대구광역시 서구 평리로 157,35.859030275,128.53919495,3,0,3,N
CV003284,대구의료원국화원,대구광역시 서구 평리로 157,35.859849310,128.53879430,1,0,1,N
CV003286,남대구세무서,대구광역시 남구 대명로 55,35.8395101,128.5632615,2,2,0,Y
CV003304,시지6차태왕리더스,대구광역시 수성구 달구벌대로669길 70,35.8387016,128.7218885,12,12,0,Y
CV003315,복현3차서한이다음,대구광역시 북구 복현로 130,35.901308,128.6197139,9,9,0,Y
CV003352,대구신서혁신LH천년나무14단지아파트,대구광역시 동구 초례로16길 3,35.8821148,128.7525204,3,3,0,Y
CV003353,대구신서혁신LH천년나무13단지아파트,대구광역시 동구 초례로 66,35.8814091,128.7522367,6,6,0,Y
CV003360,죽곡휴먼시아1단지아파트,대구광역시 달성군 다사읍 대실역북로1길 6,35.8595125,128.4669102,10,10,0,Y
CV003428,대구시_검단동행정복지센터,대구광역시 북구 검단로41길 12,35.913467,128.627214,1,1,0,Y
CV003437,대구광역시선거관리위원회,대구광역시 서구 국채보상로34길 46,35.865082,128.5490374,2,2,0,Y
CV003444,대구시_고산3동행정복지센터,대구광역시 수성구 고산로 152,35.844142,128.706568,1,1,0,Y
CV003445,대구시_올브랜서편공영주차장,대구광역시 북구 산격동 1640,35.9044678,128.6094499,3,0,3,N
CV003446,대구시_평리3동행정복지센터,대구광역시 서구 문화로 261,35.875943,128.561303,1,1,0,Y
CV003447,대구시_평리1동행정복지센터,대구광역시 서구 문화로 280,35.87561,128.563275,1,1,0,Y
CV003449,대구시_신매3공영주차장,대구광역시 수성구 신매동 566-4,35.8385104,128.7038126,1,0,1,N
CV003450,대구시_시청별관,대구광역시 북구 연암로 40,35.890596385,128.60051703,4,4,0,Y
CV003451,대구시_시지근린공원,대구광역시 수성구 달구벌대로637길 5,35.841365,128.706041,4,0,4,N
CV003452,대구시_수성아트피아,대구광역시 수성구 무학로 180,35.829282,128.62827,1,1,0,Y
CV003453,대구시_수성대학교 입구(좌),대구광역시 수성구 만촌동 894,35.855252,128.649601,2,2,0,Y
CV003454,대구시_수성대학교 입구(우),대구광역시 수성구 만촌동 853-5,35.855252,128.649601,2,2,0,Y
CV003455,대구시_상동행정복지센터,대구광역시 수성구 들안로9길 56,35.832115,128.615465,1,1,0,Y
CV003456,대구시_산격2동행정복지센터,대구광역시 북구 동북로 163,35.899163,128.611882,1,1,0,Y
CV003457,대구시_비산4동행정복지센터,대구광역시 서구 국채보상로78길 29-4,35.86975,128.574302,1,1,0,Y
CV003458,대구시_비산1동행정복지센터,대구광역시 서구 북비산로65길 18,35.881165,128.568969,1,1,0,Y
CV003459,대구시_북구청,대구광역시 북구 옥산로 65,35.8852353,128.58329020,2,2,0,Y
CV003460,대구시_복현2동행정복지센터,대구광역시 북구 복현로8길 16-5,35.895358,128.625492,1,1,0,Y
CV003461,대구시_매천역환승공영주차장,대구광역시 북구 태전동 881-10,35.9133243,128.5428342,2,2,0,Y
CV003462,대구시_만촌3동행정복지센터,대구광역시 수성구 교학로2길 45,35.855502,128.650573,1,1,0,Y
CV003463,대구시_만촌2동행정복지센터,대구광역시 수성구 무열로 12,35.859862,128.647212,1,1,0,Y
CV003464,대구시_두산오거리,대구광역시 수성구 두산동 954-13,35.8270051,128.6252448,4,4,0,Y
CV003465,대구시_동천동행정복지센터,대구광역시 북구 대천로 81,35.937325,128.558192,1,1,0,Y
CV003466,대구시_동림플라자,대구광역시 북구 한강로8길 20,35.895469,128.517557,1,1,0,Y
CV003468,대구시_관음동행정복지센터,대구광역시 북구 관음동로 125,35.944241,128.547331,1,1,0,Y
CV003479,대구시_율하체육공원3주차장,대구광역시 동구 금호강변로 278,35.8595823,128.6995293,1,1,0,Y
CV003480,대구시_수성구청,대구광역시 수성구 달구벌대로 2450,35.857973,128.63088,2,0,2,N
CV003482,대구시_서문주차빌딩,대구광역시 중구 큰장로26길 45,35.868916,128.580774,4,0,4,N
CV003483,대구시_서구청,대구광역시 서구 국채보상로 257,35.871749,128.559164,1,0,1,N
CV003484,대구시_달서구청,대구광역시 달서구 학산로 45,35.82992,128.532834,1,0,1,N
CV003485,대구시_갓바위공영3주차장,대구광역시 동구 갓바위로 333,35.9852562,128.7496678,3,3,0,Y
CV003535,대구은행 제2본점영업부,대구광역시 북구 옥산로 111,35.884422713,128.58852277,6,0,6,N
CV003559,대구은행 본점,대구광역시 수성구 달구벌대로 2310,35.859307,128.614937,1,1,0,Y
CV003560,대구은행 국가산단지점,대구광역시 달성군 구지면 국가산단대로 213,35.648412,128.417096,1,1,0,Y
CV003565,대구시_외환들공영주차장,대구광역시 수성구 미술관로 40,35.827033,128.674349,3,0,3,N
CV003566,대구시_어린이회관,대구광역시 수성구 동대구로 176,35.846511,128.6258022,3,3,0,Y
CV003567,대구시_오리1리마을회관,대구광역시 달성군 가창면 헐티로10길 27,35.790064,128.59294,1,1,0,Y
CV003568,대구시_지산1동행정복지센터,대구광역시 수성구 지범로21길 16,35.824922,128.637019,1,1,0,Y
CV003569,대구시_중동행정복지센터,대구광역시 수성구 수성로50길 38,35.847336,128.615076,1,1,0,Y
CV003570,대구시_동인동 행정복지센터,대구광역시 중구 국채보상로142길 19-5,35.867917,128.609132,1,0,1,N
CV003571,대구시_대구시청 지상1층,대구광역시 중구 국채보상로131길 17,35.870639,128.6018,2,0,2,N
CV003572,대구시_남산4동 행정복지센터,대구광역시 중구 남산로1길 42,35.858223,128.580579,1,1,0,Y
CV003573,대구시_국채보상운동기념공원주차장,대구광역시 중구 공평로10길 25,35.868444,128.601716,3,0,3,N
CV003646,신암뜨란채 109동,대구광역시 동구 아양로7길 12,35.8822556,128.6177636,5,5,0,Y
CV003647,신암뜨란채 106동,대구광역시 동구 아양로7길 12,35.8838584,128.6184214,4,4,0,Y
CV003648,신암뜨란채 103동,대구광역시 동구 아양로7길 12,35.8840323,128.6172841,5,5,0,Y
CV003672,대구노원한신더휴아파트 지하2층,대구광역시 북구 노원로10길 40,35.8910644,128.56954,3,3,0,Y
CV003673,대구노원한신더휴아파트 지하1층,대구광역시 북구 노원로10길 40,35.8910731,128.5692181,3,3,0,Y
CV003674,대구노원한신더휴아파트,대구광역시 북구 노원로10길 40,35.8906189,128.5678282,3,3,0,Y
CV003698,하나로마트 군위유통센터,대구광역시 군위군 효령면 경북대로 2185,36.119249,128.572661,2,2,0,Y
CV003716,하나로마트 군위유통센터,대구광역시 군위군 효령면 경북대로 2185,36.117848,128.57429,6,6,0,Y
CV003728,대구은행 성서공단영업부,대구광역시 달서구 성서공단로 124,35.8347159,128.4959544,2,2,0,Y
CV003763,하나로마트 농협성서점,대구광역시 달서구 용산로 147,35.850862,128.529889,4,4,0,Y
CV003786,홈플러스 대구수성점,대구광역시 수성구 동대구로 95,35.8390165,128.6235215,12,12,0,Y
CV003792,신천역센트럴리버파크 지상1층,대구광역시 동구 동부로 26,35.8734126,128.6158784,3,3,0,Y
CV003800,대구시_성서2공영주차장,대구광역시 달서구 성서동로 293,35.8472308,128.5154193,4,0,4,N
CV003801,대구시_성서4공영주차장,대구광역시 달서구 신당동 348-4,35.846912,128.497344,2,2,0,Y
CV003862,범어유림노르웨이숲 지하2층 103동,대구광역시 수성구 동대구로50길 37,35.8528728,128.6286759,2,2,0,Y
CV003863,범어유림노르웨이숲 지하2층,대구광역시 수성구 동대구로50길 37,35.8520629,128.6289468,3,3,0,Y
CV003864,범어유림노르웨이숲 지하1층,대구광역시 수성구 동대구로50길 37,35.8524275,128.6280822,2,2,0,Y
CV003871,군위서부LH천년나무1단지,대구광역시 군위군 군위읍 동산새길 50,36.2315741,128.5689419,5,5,0,Y
CV003914,침산제일아파트,대구광역시 북구 옥산로17길 50,35.8881374,128.5867458,2,2,0,Y
CV003916,율하휴먼시아10단지,대구광역시 동구 율하동로8길 16,35.8606747,128.703284,18,18,0,Y
CV003917,율하휴먼시아6단지 603동,대구광역시 동구 안심로16길 45,35.8639188,128.6958829,8,8,0,Y
CV003918,율하휴먼시아6단지 601동611동,대구광역시 동구 안심로16길 45,35.8644002,128.693581,7,7,0,Y
CV004040,화성그랜드파크 지하1층303동,대구광역시 북구 구암로65길 9,35.939325,128.566469,2,2,0,Y
CV004041,화성그랜드파크 지상1층308동,대구광역시 북구 구암로65길 9,35.9402699,128.5685356,3,3,0,Y
CV004042,화성그랜드파크 지상1층307동,대구광역시 북구 구암로65길 9,35.9399019,128.5685991,3,3,0,Y
CV004043,화성그랜드파크 지상1층301동,대구광역시 북구 구암로65길 9,35.939325,128.566469,3,3,0,Y
CV004072,화성그랜드파크 지하2층 307동,대구광역시 북구 구암로65길 9,35.939325,128.566469,1,1,0,Y
CV004086,대구시엠월드,대구광역시 서구 문화로 37,35.8756087,128.5364177,11,11,0,Y
CV004097,영남네오빌 112동,대구광역시 동구 동촌로 190,35.881775,128.6614959,3,3,0,Y
CV004098,영남네오빌 108동,대구광역시 동구 동촌로 190,35.8805289,128.6607279,3,3,0,Y
CV004099,영남네오빌 107동,대구광역시 동구 동촌로 190,35.8813373,128.6602343,1,1,0,Y
CV004100,영남네오빌 106동,대구광역시 동구 동촌로 190,35.881839,128.6603971,2,2,0,Y
CV004101,영남네오빌 105동,대구광역시 동구 동촌로 190,35.8822901,128.6606331,2,2,0,Y
CV004102,영남네오빌 102동,대구광역시 동구 동촌로 190,35.8828464,128.660676,4,4,0,Y
CV004103,영남네오빌,대구광역시 동구 동촌로 190,35.882789,128.6612643,1,1,0,Y
CV004104,수성구 제2구민운동장,대구광역시 수성구 매호동 203,35.851602,128.70184,15,15,0,Y
CV004108,농협경제지주 대구태평로공판장,대구광역시 중구 태평로 195,35.87467377,128.59964884,2,0,2,N
CV004116,대구공항2공영주차장,대구광역시 동구 지저동 907,35.898888284,128.63615563,11,0,11,N
CV004134,가천졸음쉼터(대구방향),대구광역시 수성구 가천동 산 21-18,35.8475562,128.689471,6,6,0,Y
CV004253,전통시장,대구광역시 군위군 군위읍 서부리 9-5,36.2403841,128.5677995,2,0,2,N
CV004267,보그워너디티씨,대구광역시 달성군 구지면 국가산단대로52길 24-36,35.6525235,128.4245419,5,5,0,Y
CV004296,대구광역시 도시관리본부,대구광역시 달서구 성서공단로 58,35.8713119,128.8116758,1,1,0,Y
CV004302,평리3동공공복합청사 주차장,대구광역시 서구 문화로51길 13,35.876892,128.5606074,1,1,0,Y
CV004305,대구시_성서3공영주차장,대구광역시 달서구 장동 210-2,35.836431,128.514621,2,2,0,Y
CV004317,대구시_서대구역광장2주차장,대구광역시 서구 이현동 산50-1,35.8777931,128.5400319,8,0,8,N
CV004318,대구시_서대구역광장1주차장,대구광역시 서구 이현동 268-2,35.8788479,128.5404412,7,0,7,N
CV004321,에덴공항1차아파트,대구광역시 동구 팔공로29길 10,35.9123019,128.6389925,2,2,0,Y
CV004326,한국농어촌공사 달성지사(신축),대구광역시 달성군 논공읍 금강로10길 9,35.773593,128.429316,2,2,0,Y
CV004336,대구시_성서1공영주차장,대구광역시 달서구 월암동 1-229,35.830875,128.4954027,9,0,9,N
CV004339,대구시_대구동구복합혁신센터,대구광역시 동구 이노밸리로 180,35.8777734,128.7166719,2,2,0,Y
CV004351,불로우방맨션,대구광역시 동구 공항로 150,35.9006558,128.6319161,3,3,0,Y
CV004353,디아크문화관주차장,대구광역시 달성군 다사읍 죽곡리 762-3,35.841826,128.465258,10,10,0,Y
CV004390,포르쉐 센터 아우토슈타트 대구 서비스센터,"대구 북구 신천동로 1000(산격동, 포르쉐서비스센터대구)",35.9031900,128.5966890,2,0,2,N
CV004391,포르쉐 센터 아우토슈타트 대구,대구 수성구 동대구로 84(지산동),35.8376500,128.6245840,2,0,2,N
CV004423,렉서스 서대구 전시장(와이엠렉서스),대구 달서구 구마로 64(본동),35.8370870,128.5345560,2,0,2,N
CV004427,렉서스 대구(와이엠렉서스),대구 수성구 동대구로 48(지산동),35.8346838,128.6251955,2,0,2,N
CV004428,렉서스 남대구 서비스센터(와이엠렉서스),대구 달서구 성서4차첨단로 214(월암동),35.8299490,128.5197520,2,0,2,N
CV004443,신용보증기금본점,대구광역시 동구 첨단로 7,35.877278,128.728733,7,0,7,N
CV004463,월성1동복합청사,대구광역시 달서구 조암로5길 5-12,35.824855,128.528474,4,4,0,Y
CV004464,신매시장공영주차장,대구광역시 수성구 달구벌대로 3246,35.838137,128.710986,4,4,0,Y
CV004465,하운드호텔 대구혁신도시점,대구광역시 동구 율암로 168,35.889002,128.706085,1,1,0,Y
CV004476,경창산업,대구광역시 달서구 성서로35길 6,35.834475,128.506058,3,3,0,Y
CV004482,대구수목원관리사무소 1주차장,대구광역시 달서구 화암로 342,35.8017219,128.5205058,9,0,9,N
CV004491,대구제일고등학교,대구광역시 서구 국채보상로 384,35.8706847,128.5738084,1,1,0,Y
CV004500,경창산업 달성지사,대구광역시 달성군 유가읍 테크노순환로1길 57,35.678604,128.44762,3,3,0,Y
CV004510,뉴수성하와이,대구광역시 수성구 용학로 112,35.824539,128.621832,1,1,0,Y
CV004532,대한정형외과의원,대구광역시 달서구 구마로 197,35.837633,128.549303,1,1,0,Y
CV004541,수성행복드림센터,대구광역시 수성구 달구벌대로526길 50,35.855724,128.649354,4,0,4,N
CV004550,범어동 근린생활시설,대구광역시 수성구 범어천로 55,35.851813,128.622927,1,1,0,Y
CV004551,군위 세대희망허브센터,대구광역시 군위군 군위읍 동서1길 13-7,36.236760,128.567753,2,2,0,Y
CV004553,대구의료기술시험연수원,대구광역시 동구 첨복로 106,35.88384,128.739238,7,0,7,N
CV004555,KS택시,대구광역시 수성구 희망로 226,35.846004,128.623291,2,2,0,Y
CV004556,화원유원지,대구광역시 달성군 화원읍 사문진로1길 40-14,35.81277084,128.4806365,2,2,0,Y
CV004568,앞산공원 달서별빛캠프주차장,대구광역시 달서구 송현동 산 69,35.82505291,128.5555657,2,2,0,Y
CV004598,대구도서관,대구광역시 남구 봉덕동 640-3,35.842582348,128.5926284,4,0,4,N
CV004606,대구한의대병원역,대구광역시 동구 사복동 611,35.8717392,128.750328,1,0,1,N
CV004614,월배노인종합복지관,대구광역시 달서구 상화로21길 77,35.811617,128.52364,3,3,0,Y
CV004674,기아 대구지점,대구광역시 북구 칠성남로 71,35.879276,128.588495,1,1,0,Y
CV004690,대구시_진천환승공영주차장,대구광역시 달서구 진천로7길 52-38,35.8122981,128.5232555,8,0,8,N
CV004698,경일빌딩,대구광역시 중구 달구벌대로 2195,35.86344500,128.6034380,2,0,2,N
CV004699,엠스타하우스,대구광역시 동구 동촌로 316,35.878138,128.6739040,6,6,0,Y
CV004700,대구대성주차장,대구광역시 중구 동성로1길 85,35.86525000,128.5979390,1,0,1,N
CV004701,대구파티마병원,대구광역시 동구 아양로 99,35.8847442,128.6242403,3,0,3,N
CV004702,비상,대구광역시 달성군 화원읍 비슬로512길 77,35.801562,128.500031,2,2,0,Y
CV004714,대구시_제3산단 혁신지원센터 및 복합문화센터,대구광역시 북구 팔달북로8길 30,35.8945857,128.5631778,3,3,0,Y
CV004736,논공휴게소(대구방향),대구광역시 달성군 논공읍 삼리리 538-2,35.7643673,128.4021587,2,2,0,Y
CV004748,다사공영주차장,대구광역시 달성군 다사읍 매곡리 919-9,35.860092,128.454935,4,0,4,N
DC530001,상인장미4단지아파트,"대구광역시 달서구 상화로 380(상인동, 장미아파트)",35.8073680,128.5559430,7,0,7,N
DC530002,만촌자이르네,대구광역시 수성구 교학로19길 19,35.8492,128.649,6,6,0,Y
DC530003,만촌자이르네,대구광역시 수성구 교학로19길 19,35.8491,128.651,6,6,0,Y
DC530004,만촌자이르네,대구광역시 수성구 교학로19길 19,35.8482,128.651,5,5,0,Y
DC530005,계성중학교,대구광역시 중구 대신동 277-1 계성중고등학교,35.8678723,128.5802978,1,0,1,N
DC530006,죽전역에일린의뜰 야외주차장,대구광역시 달서구 와룡로 254,35.853804283,128.53908445,15,15,0,Y
DC530007,죽전역에일린의뜰 103동,대구광역시 달서구 와룡로 254,35.854692101,128.53854261,4,4,0,Y
DC530008,죽전역에일린의뜰 105동,대구광역시 달서구 와룡로 254,35.855524023,128.53849504,5,5,0,Y
DC530009,죽전역에일린의뜰 111동,대구광역시 달서구 와룡로 254,35.856250571,128.53893526,11,11,0,Y
DC530010,엑소디움센트럴동인 102동,"대구 중구 국채보상로139길 40(동인동3가), 엑소디움 센트럴 동인",35.8000000,128.6000000,12,12,0,Y
DC530011,엑소디움센트럴동인 105동,"대구 중구 국채보상로139길 40(동인동3가), 엑소디움 센트럴 동인",35.8000000,128.6000000,6,6,0,Y
DC530012,수성푸르지오리버센트 105동,대구광역시 수성구 수성로35길 50,35.842814838,128.60889182,6,6,0,Y
DC530013,수성푸르지오리버센트 107동,대구광역시 수성구 수성로35길 50,35.842814066,128.60962227,4,4,0,Y
DC530014,수성푸르지오리버센트 후출입구,대구광역시 수성구 수성로35길 50,35.843218285,128.60971898,10,10,0,Y
DC530015,죽전역화성파크드림 지하1층,대구광역시 달서구 달구벌대로304길 60,35.8472,128.532,1,1,0,Y
DC530016,죽전역화성파크드림 지하2층,대구광역시 달서구 달구벌대로304길 60,35.847097022,128.53206754,3,3,0,Y
DC530017,강북태왕아너스더퍼스,대구광역시 북구 칠곡중앙대로110길 10,35.943697061,128.55246193,3,3,0,Y
DC530018,동대구에일린의뜰 지하2층 21라인,대구광역시 동구 아양로9길 35,35.885454035,128.61765503,10,10,0,Y
DC530019,동대구에일린의뜰 지하2층 23라인,대구광역시 동구 아양로9길 35,35.886031174,128.61701564,9,9,0,Y
DC530020,북구청푸르지오에듀포레,대구광역시 북구 침산남로 30,35.887650496,128.57872792,13,13,0,Y
DC530021,대봉서한이다음,대구광역시 중구 명덕로 241,35.857600046,128.59625012,6,6,0,Y
DC530022,시지월드메르디앙 102동,대구광역시 수성구 천을로 70,35.844636619,128.69783632,4,4,0,Y
DC530023,시지월드메르디앙 104동,대구광역시 수성구 천을로 70,35.844209085,128.69875689,6,6,0,Y
DC530024,침산쌍용아파트 102동 지하주차장,대구광역시 북구 침산로21길 36,35.8875474,128.586765,3,3,0,Y
DC530025,침산쌍용아파트 104동 지하주차장,대구광역시 북구 침산동 400-1 침산쌍용아파트,35.8870599,128.5866202,3,3,0,Y
DC530027,화성파크드림 구수산공원 지상1층 주차장,대구광역시 북구 구암로21길 37,35.9367484,128.5532291,11,11,0,Y
DC530028,화성파크드림 구수산공원 지상2층 주차장,대구광역시 북구 구암로21길 37,35.936643026,128.55266469,9,9,0,Y
DC530029,진천트윈팰리스,대구광역시 달서구 월배로 71,35.8146327,128.5219756,6,6,0,Y
DG110009,동인동행정복지센터,대구광역시 중구 국채보상로142길 19-5,35.867832,128.609096,1,1,0,Y
DO000034,강당골 공영주차장,대구광역시 남구 앞산순환로 672,35.832606,128.5984581,1,1,0,Y
DYME2012,대구 엠플라자,대구광역시 서구 달구벌대로 1691,35.8557204,128.5507114,2,2,0,Y
EBSSBILL,상신빌리지,대구광역시 중구 달구벌대로443길 44-3,35.8632833,128.6054494,1,0,1,N
EC000049,반월당삼정그린코아 103동 지하4층,대구광역시 중구 중앙대로67길 10,35.8632018,128.5925178,5,5,0,Y
EC000100,명곡미래빌3단지,대구광역시 달성군 화원읍 명곡로 30,35.7970155,128.4967264,10,10,0,Y
EC000145,침산동쌍용예가2차아파트 B1,대구광역시 북구 성북로9길 12,35.8924351,128.5880948,5,5,0,Y
EC000154,현대하이페리온2단지,대구광역시 동구 국채보상로 863,35.8676699,128.6254492,2,2,0,Y
EC000155,현대하이페리온1단지,대구광역시 동구 국채보상로 861,35.867683,128.6249839,3,3,0,Y
EC000411,노원보성타운 B1,대구광역시 북구 오봉로3길 47,35.889354890,128.57365657,3,3,0,Y
EC000412,노원보성타운 B2,대구광역시 북구 오봉로3길 47,35.889807056,128.57387870,2,2,0,Y
EC000430,평리청구타운 2주차장 B1,대구광역시 서구 서대구로 77,35.864350550,128.55565646,3,3,0,Y
EC000431,평리청구타운 B2 전기실,대구광역시 서구 서대구로 77,35.864316878,128.55547313,2,2,0,Y
EC000505,우방한가람타운 지하3층 A7기둥,대구광역시 수성구 명덕로 368,35.8543639,128.6102168,3,3,0,Y
EC000506,우방한가람타운 지하3층 B7기둥,대구광역시 수성구 명덕로 368,35.8543639,128.6102168,2,2,0,Y
EC003284,화성명산타운 102동 지하1층 주차장,대구광역시 동구 파계로22길 7,35.9444456,128.638164,3,3,0,Y
EC003465,시지삼주한라협화타운 213동,대구광역시 수성구 신매로 91,35.8372549,128.7079516,6,6,0,Y
EC003466,시지삼주한라협화타운 211동,대구광역시 수성구 신매로 91,35.8377906,128.707988,5,5,0,Y
EC004338,성서산단동원비즈플랫폼관리단 옥상주차장,대구광역시 달서구 성서로 329,35.8468129,128.5064358,6,0,6,N
EC005054,대구우체국,대구광역시 중구 경상감영길 80,35.8714155,128.5918158,2,0,2,N
EC005057,북대구우체국,대구광역시 북구 구암로65길 38,35.941534918,128.56571617,1,1,0,Y
EC005058,북대구우체국 (급),대구광역시 북구 구암로65길 38,35.941507093,128.56548415,1,0,1,N
EC005059,대구달서우체국,대구광역시 달서구 학산로 65,35.8306797,128.5343595,1,1,0,Y
EC270001,한국가스안전공사,대구광역시 동구 경안로 861,35.8792504,128.713677,2,2,0,Y
EC270004,수성대학교 잼마관,대구광역시 수성구 달구벌대로528길 15,35.8552994,128.6495999,4,0,4,N
EC270005,대구교통공사 본사 (급),대구광역시 달서구 월배로 250,35.8191037,128.5404337,2,0,2,N
EC270006,대구교통공사 본사,대구광역시 달서구 월배로 250,35.8192661,128.5409511,6,6,0,Y
EC270007,문양역 (급),대구광역시 달성군 다사읍 문양역길 71,35.8640769,128.4370938,1,0,1,N
EC270008,문양역,대구광역시 달성군 다사읍 문양역길 71,35.8638978,128.4372016,5,0,5,N
EC270009,대구교통공사 월배차량기지,대구광역시 달서구 월배로5길 39,35.814265564,128.51413191,6,0,6,N
EC270010,대구교통공사 안심차량기지,대구광역시 동구 대림로 27,35.871113254,128.74304722,3,0,3,N
EC270011,대구교통공사 칠곡차량기지,대구광역시 북구 호국로 872,35.961165357,128.55999912,2,0,2,N
EO000005,E1 대구 전기차 충전소,대구광역시 달서구 송현로 55,35.822649834,128.5463349,2,2,0,Y
EO000079,E1 대구개인택시조합 전기차 충전소,대구광역시 북구 검단로 174,35.910440,128.625113,2,2,0,Y
EO000301,E1 대구대천 전기차충전소,대구광역시 달서구 달서대로 101,35.8158219,128.5052049,2,2,0,Y
EP190042,동구 동흥개발,대구광역시 동구 안심로22길 60,35.863104,128.6983719,2,2,0,Y
EP190043,달서 엠에스개발,대구광역시 달서구 달구벌대로251안길 10,35.8523674,128.5061316,2,2,0,Y
EP190050,달서구 펠리체(한명화),대구광역시 달서구 와룡로16길 27-3,35.8394306,128.5385444,1,1,0,Y
EP200069,군위주유소,대구광역시 군위군 군위읍 경북대로 3987,36.2585767,128.5710396,2,2,0,Y
EP200079,대구 중흥S클래스포디움,대구광역시 달성군 유가읍 테크노순환로 423,35.6983037,128.4685284,6,6,0,Y
EP200246,대구 한일1급정비공장,대구광역시 달서구 성서로67길 54,35.8474212,128.5015729,2,2,0,Y
EP200247,대구 인성보링정비,대구광역시 서구 북비산로 96-3,35.8782197,128.5436456,2,2,0,Y
EP200248,대구 우주정비공업사,대구광역시 서구 와룡로 439-14,35.8725005,128.5369566,2,2,0,Y
EP200250,대구 모범자동차정비,대구광역시 서구 북비산로17길 14,35.8799953,128.5432599,1,1,0,Y
EP200251,대구 더나은정비,대구광역시 서구 와룡로 458,35.8733566,128.539224,2,2,0,Y
EP220264,하나은행 성서지점 급속충전소,대구광역시 달서구 성서로 399,35.853188368,128.50678198,2,0,2,N
EP220609,하나은행 대구봉덕점 급속충전소,대구광역시 남구 중앙대로 146,35.846174681,128.59087739,2,2,0,Y
EP220738,대구 뉴그랜드호텔,대구광역시 북구 칠성남로38길 46,35.876101400,128.59781687,2,2,0,Y
EP230165,대구 (주)명진랩 급속충전소,대구광역시 달서구 성서로 329,35.8468129,128.5064358,2,0,2,N
EP230284,대구 의료법인백산의료재단,대구광역시 북구 팔달로 217,35.888202339,128.57391017,1,1,0,Y
EP240074,대구 현창건설 급속충전소,대구광역시 수성구 두산동 911-6,35.8247768,128.6200796,2,2,0,Y
EP530102,대구 미군반환부지 문화공원,대구광역시 남구 중앙대로22길 26,35.84242345,128.5920355,17,17,0,Y
EP530200,대구광역시동구불로947(경동택배),대구광역시 동구 공항로31길 9-8,35.901793891,128.62965593,1,1,0,Y
EP530318,경북대학교 4차 생활관,대구광역시 북구 대학로 80,35.889097488,128.6143223,1,1,0,Y
EP530700,대동빌딩(엠디시스템),대구광역시 수성구 수성로 206 (중동),35.84365368,128.61289947,2,2,0,Y
ER000286,가창중석타운,대구광역시 달성군 가창면 가창로 1008,35.796623,128.627271,5,0,5,N
ER000292,제일풍경채센트럴,대구광역시 달성군 유가읍 테크노대로 165,35.6913524,128.464365,9,0,9,N
ER000293,제일풍경채센트럴,대구광역시 달성군 유가읍 테크노대로 165,35.6913524,128.464365,9,0,9,N
ER000294,제일풍경채센트럴,대구광역시 달성군 유가읍 테크노대로 165,35.6913524,128.464365,10,0,10,N
ER000295,제일풍경채센트럴,대구광역시 달성군 유가읍 테크노대로 165,35.6913524,128.464365,9,0,9,N
ER000384,대구역센트럴자이,대구광역시 중구 서성로 99,35.8754432,128.5875323,10,10,0,Y
ER000408,태전대백맨션,대구 북구 관음로 18,35.9318918,128.5404048,6,6,0,Y
ER000478,범물우방미진하이츠,대구광역시 수성구 지범로 290,35.8151967,128.6478925,16,16,0,Y
ER000488,남산역화성파크드림아파트,대구 중구 남산로7길 7,35.8586719,128.5823318,5,5,0,Y
ER000494,그린맨션3차아파트,대구 달서구 구마로36길 33,35.8340993,128.5481763,18,18,0,Y
ER000546,죽곡하우젠트아너스빌,대구 달성군 다사읍 왕선로 26,35.8601434,128.4651940,16,16,0,Y
ER000597,상록아이투빌아파트,대구 동구 동호로 47,35.8651768,128.7218140,6,6,0,Y
ER000605,현대하이페리온1단지,대구 동구 국채보상로 861,35.8678978,128.6245755,5,5,0,Y
ER000606,현대하이페리온2단지,대구 동구 국채보상로 863,35.8676423,128.6254509,2,2,0,Y
EV000329,대구상수도사업본부서부사업소,대구광역시 서구 국채보상로34길 48,35.8651265,128.5487479,1,1,0,Y
EV000654,율하휴먼시아6,"대구광역시 동구 안심로16길 45 (율하동, 율하 휴먼시아6단지)",35.8645667628,128.6951041198,3,3,0,Y
EV000669,율하휴먼시아10단지,"대구광역시 동구 율하동로8길 16 (율하동, 율하 휴먼시아10단지)",35.8615954973,128.7028297485,3,3,0,Y
EV000673,대구달성LH천년나무1단지,대구광역시 달성군 현풍면 테크노북로2길 10 (대구테크노폴리스엘에이치천년나무1단지),35.6915454874,128.4497141561,3,3,0,Y
EV000674,대구달성LH천년나무2단지,대구광역시 달성군 현풍면 테크노북로2길 30 (대구테크노폴리스엘에이치천년나무2단지),35.691152749,128.4517926992,3,3,0,Y
EV001238,진석타워즈,대구광역시 중구 동덕로 115,35.8650932,128.6026664,1,1,0,Y
EV001570,한양은하아파트,"대구광역시 달서구 상화북로 137 (상인동, 한양은하아파트)",35.81121218740,128.5409027995,2,2,0,Y
EV002118,대구 동신우방타운105동,대구광역시 동구 송라로11길 86,35.871813015618,128.6151467064,3,3,0,Y
EV002119,대구 동신우방타운104동,대구광역시 동구 송라로11길 86,35.871917154312,128.6146063085,1,1,0,Y
EV002287,대구서구 광장타운1차아파트,대구광역시 서구 달구벌대로 1707,35.857526900890,128.5516265418,6,6,0,Y
EV002294,대구달서 용산보성타운 201동,대구광역시 달서구 용산서로 37,35.857323139061,128.5267377330,3,3,0,Y
EV002295,대구달서 용산보성타운 202동,대구광역시 달서구 용산서로 37,35.856840154536,128.5268059583,2,2,0,Y
EV003507,대구 달서구_대구직업능력개발원,대구광역시 달서구 장산남로 11,35.8516423,128.5294724,2,0,2,N
EV003702,매호효성백년가약1,대구광역시 수성구 천을로23길 31,35.846458565,128.70518213,1,1,0,Y
EV003703,매호효성백년가약2,대구광역시 수성구 천을로23길 31,35.846458565,128.70518213,2,2,0,Y
EV003704,매호효성백년가약3,대구광역시 수성구 천을로23길 31,35.847209735,128.70576059,2,2,0,Y
EV003741,강북화성파크드림1,대구광역시 북구 칠곡중앙대로 312,35.923821338,128.54766106,3,3,0,Y
EV003782,전기안전공사 대구경북지역본부2,대구광역시 동구 동북로 446,35.883718176,128.63428636,2,2,0,Y
EV003858,농협은행 대구영업본부,대구광역시 북구 신암로 67,35.878157395,128.60775958,1,1,0,Y
EV003869,농협경제지주 경북광역급식센터,대구광역시 군위군 효령면 경북대로 2185,36.1189819,128.5712992,1,1,0,Y
EV003928,강북화성파크드림2,대구광역시 북구 칠곡중앙대로 312,35.924723370,128.54829076,2,2,0,Y
EV003933,대구북구 LH천년나무5단지(B1),대구광역시 북구 내곡로 69,35.903144124,128.51182618,1,1,0,Y
EV003987,칠곡e편한세상,대구광역시 북구 칠곡중앙대로 598,35.949567138,128.55337618,10,10,0,Y
EV003988,팔공3차보성맨션,대구광역시 동구 파계로 71,35.940548372,128.63566442,6,6,0,Y
EV004105,대구달성 제일풍경채더퍼스트 105동 (지상),대구광역시 달성군 현풍읍 테크노상업로 49,35.693744926,128.45422588,2,2,0,Y
EV004401,대구달성 서재휴먼시아 B1휀룸실옆,대구광역시 달성군 다사읍 서재로14길 2,35.868996076,128.49678646,2,2,0,Y
EV004402,대구달성 서재휴먼시아 B2휀룸실옆,대구광역시 달성군 다사읍 서재로14길 2,35.8683042,128.49611359,3,3,0,Y
EV004924,대구달서구 장기동협성휴포레1,대구광역시 달서구 장기로 252,35.844137233,128.53270622,2,2,0,Y
EV004925,대구달서구 장기동협성휴포레2,대구광역시 달서구 장기로 252,35.844137233,128.53270622,3,3,0,Y
EV005065,대구수성구 범물하이츠1,대구광역시 수성구 용학로 336,35.824968796,128.64376284,3,3,0,Y
EV005066,대구수성구 범물하이츠2,대구광역시 수성구 용학로 336,35.824002665,128.64340820,1,1,0,Y
EV005191,대구달서 장기초록나라1,대구광역시 달서구 한들로 55,35.846401419,128.52954996,5,5,0,Y
EV005192,대구달서 장기초록나라2,대구광역시 달서구 한들로 55,35.845710060,128.52917420,4,4,0,Y
EV005193,대구달서 장기초록나라3,대구광역시 달서구 한들로 55,35.844824360,128.52955288,4,4,0,Y
EV005228,대구수성 만촌삼정그린코아1,대구광역시 수성구 교학로 65,35.850207900,128.65238370,3,3,0,Y
EV005229,대구수성 만촌삼정그린코아2,대구광역시 수성구 교학로 65,35.8502079,128.65238370,3,3,0,Y
EV005230,대구수성 만촌삼정그린코아3,대구광역시 수성구 교학로 65,35.850207900,128.65238370,4,4,0,Y
EV005267,대구북구 대구금호LH천년나무1단지1,대구광역시 북구 한강로 55,35.898756011,128.51424037,3,3,0,Y
EV005268,대구북구 대구금호LH천년나무1단지2,대구광역시 북구 한강로 55,35.898756011,128.51424037,3,3,0,Y
EV005269,대구북구 대구금호LH천년나무1단지3,대구광역시 북구 한강로 55,35.898220447,128.51439841,4,4,0,Y
EV005349,대구달성 에코폴리스 동화아이위시2차1,대구광역시 달성군 다사읍 서재로7길 23,35.868150980,128.48974026,11,11,0,Y
EV005350,대구달성 에코폴리스 동화아이위시2차2,대구광역시 달성군 다사읍 서재로7길 23,35.868095043,128.49063887,1,1,0,Y
EV005432,대구달서 용산1차서한화성타운1,대구광역시 달서구 장산로 10,35.854363008,128.53004694,3,3,0,Y
EV005433,대구달서 용산1차서한화성타운2,대구광역시 달서구 장산로 10,35.854363008,128.53004694,2,2,0,Y
EV005511,대구달성 대곡역그린빌 7지하,대구광역시 달성군 화원읍 명천로 57,35.803268373,128.51202944,5,5,0,Y
EV005512,대구달성 대곡역그린빌 6지하,대구광역시 달성군 화원읍 명천로 57,35.803548142,128.51056345,2,2,0,Y
EV005513,대구달성 대곡역그린빌 5지하,대구광역시 달성군 화원읍 명천로 57,35.804051479,128.51102654,4,4,0,Y
EV005514,대구달성 대곡역그린빌 B1F 4주차장,대구광역시 달성군 화원읍 명천로 57,35.802776245,128.51031653,2,2,0,Y
EV005515,대구달성 대곡역그린빌 3지하1층,대구광역시 달성군 화원읍 명천로 57,35.803897798,128.51321398,2,2,0,Y
EV005516,대구달성 대곡역그린빌 3지하2층,대구광역시 달성군 화원읍 명천로 57,35.804178748,128.51201351,2,2,0,Y
EV005517,대구달성 대곡역그린빌 2지하1층,대구광역시 달성군 화원읍 명천로 57,35.805252894,128.51187346,2,2,0,Y
EV005518,대구달성 대곡역그린빌 2지하2층,대구광역시 달성군 화원읍 명천로 57,35.804923057,128.51230418,2,2,0,Y
EV005519,대구달성 대곡역그린빌 1지하,대구광역시 달성군 화원읍 명천로 57,35.804381231,128.51126178,2,2,0,Y
EV005709,대구달서 장기초록나라(교체)1,대구광역시 달서구 한들로 55,35.846382273,128.52963814,3,3,0,Y
EV005710,대구달서 장기초록나라(교체)2,대구광역시 달서구 한들로 55,35.845641821,128.52904837,3,3,0,Y
EV005711,대구달서 장기초록나라(교체)3,대구광역시 달서구 한들로 55,35.844863217,128.53006109,3,3,0,Y
EV005837,대구수성 수성하늘채르레브1,대구광역시 수성구 지범로48길 21,35.815023873,128.64413165,3,3,0,Y
EV005838,대구수성 수성하늘채르레브2,대구광역시 수성구 지범로48길 21,35.815321345,128.64546134,2,2,0,Y
EV005961,대구달성 죽곡한신휴플러스1,대구광역시 달성군 다사읍 대실역남로 50,35.850998760,128.46415986,6,6,0,Y
EV005962,대구달성 죽곡한신휴플러스2,대구광역시 달성군 다사읍 대실역남로 50,35.851817664,128.46406976,3,3,0,Y
EV005963,대구달성 죽곡한신휴플러스3,대구광역시 달성군 다사읍 대실역남로 50,35.853100514,128.46283809,6,6,0,Y
EV005964,대구달성 죽곡한신휴플러스4,대구광역시 달성군 다사읍 대실역남로 50,35.852324170,128.46354775,3,3,0,Y
EV005965,대구달성 죽곡한신휴플러스5,대구광역시 달성군 다사읍 대실역남로 50,35.8523949,128.4640278,3,3,0,Y
EV005966,대구달성 죽곡한신휴플러스6,대구광역시 달성군 다사읍 대실역남로 50,35.852306960,128.46348102,3,3,0,Y
EV005967,대구북구 삼진목화아파트,대구광역시 북구 대천로9길 15,35.93866083,128.55452523,1,1,0,Y
EV006185,대구동구 영조아름다운나날3단지1,대구광역시 동구 동호로 132,35.865572784,128.73046516,2,2,0,Y
EV006186,대구동구 영조아름다운나날3단지2,대구광역시 동구 동호로 132,35.866069108,128.73229154,3,3,0,Y
EV006187,대구동구 영조아름다운나날3단지3,대구광역시 동구 동호로 132,35.866051346,128.73039807,3,3,0,Y
EV006188,대구동구 영조아름다운나날3단지4,대구광역시 동구 동호로 132,35.865141649,128.73161819,2,2,0,Y
EV006219,대구달성 세천한라비발디1,대구광역시 달성군 다사읍 세천로 187,35.8773281,128.4797971,1,1,0,Y
EV006220,대구달성 세천한라비발디2,대구광역시 달성군 다사읍 세천로 187,35.8773281,128.4797971,1,1,0,Y
EV006225,대구달성 세천한라비발디3,대구광역시 달성군 다사읍 세천로 187,35.8773281,128.4797971,2,2,0,Y
EV006226,대구달성 세천한라비발디4,대구광역시 달성군 다사읍 세천로 187,35.8773281,128.4797971,1,1,0,Y
EV006227,대구달성 세천한라비발디5,대구광역시 달성군 다사읍 세천로 187,35.8773281,128.4797971,2,2,0,Y
EV006228,대구달성 세천한라비발디6,대구광역시 달성군 다사읍 세천로 187,35.8773281,128.4797971,2,2,0,Y
EV006229,대구달성 세천한라비발디7,대구광역시 달성군 다사읍 세천로 187,35.8773281,128.4797971,1,1,0,Y
EV006284,대구수성 월드메르디앙이스턴카운티1,대구광역시 수성구 범어천로 190,35.864011904,128.62200987,1,1,0,Y
EV006285,대구수성 월드메르디앙이스턴카운티2,대구광역시 수성구 범어천로 190,35.863874800,128.62160577,2,2,0,Y
EV006286,대구수성 월드메르디앙이스턴카운티3,대구광역시 수성구 범어천로 190,35.863773950,128.62240079,1,1,0,Y
EV006297,대구수성 고려주택산장맨션,대구광역시 수성구 교학로 111,35.847406343,128.65031282,2,2,0,Y
EV006481,대구북구 LH천년나무5단지 501동,대구광역시 북구 내곡로 69,35.903144124,128.51182618,4,4,0,Y
EV006497,대구달서 상인역모아엘가파크뷰1,대구광역시 달서구 상화북로 162,35.810761225,128.54219734,4,4,0,Y
EV006504,대구북구 LH천년나무5단지 504동,대구광역시 북구 내곡로 69,35.903144124,128.51182618,3,3,0,Y
EV006505,대구북구 LH천년나무5단지 506동,대구광역시 북구 내곡로 69,35.903144124,128.51182618,3,3,0,Y
EV006610,대구북구 태전한라아파트,대구광역시 북구 태전로7길 13,35.922876222,128.54328653,2,2,0,Y
EV006614,대구달성 세천한라비발디8,대구광역시 달성군 다사읍 세천로 187,35.877328097,128.47979713,5,5,0,Y
EV006615,대구달성 세천한라비발디9,대구광역시 달성군 다사읍 세천로 187,35.8773281,128.4797971,2,2,0,Y
EV006616,대구달성 세천한라비발디10,대구광역시 달성군 다사읍 세천로 187,35.877328097,128.47979713,3,3,0,Y
EV006617,대구달성 세천한라비발디11,대구광역시 달성군 다사읍 세천로 187,35.877328097,128.47979713,3,0,3,N
EV006712,대구동구 대구무역회관,대구광역시 동구 동대구로 489,35.874208512,128.62482043,3,3,0,Y
EV006766,대구북구 LH칠곡7단지아파트 1,대구광역시 북구 학남로 60,35.947180607,128.56972976,2,2,0,Y
EV006767,대구북구 LH칠곡7단지아파트 2,대구광역시 북구 학남로 60,35.947061147,128.56921762,2,2,0,Y
EV006768,대구북구 LH칠곡7단지아파트 3,대구광역시 북구 학남로 60,35.947515018,128.56902700,2,2,0,Y
EV006840,대구북구 공작한양아파트,대구광역시 북구 구암로21길 38,35.935440634,128.55453042,4,4,0,Y
EV006878,대구수성 범어롯데캐슬 1,대구광역시 수성구 동대구로 300,35.856786295,128.62734627,3,3,0,Y
EV006879,대구수성 범어롯데캐슬 2,대구광역시 수성구 동대구로 300,35.856484575,128.62666896,4,4,0,Y
EV006886,대구북구 칠곡3차보성타운,대구광역시 북구 칠곡중앙대로126길 7-12,35.951335628,128.55583097,5,5,0,Y
EV007027,대구중구 신성미소시티아파트,대구광역시 중구 달구벌대로 2051,35.866757731,128.58872694,9,9,0,Y
EV007037,대구달서 월성주공1단지아파트,대구광역시 달서구 월곡로94길 30,35.832414493,128.52590619,10,10,0,Y
EV007155,대구북구 칠곡우방하이츠1,대구광역시 북구 구리로 26,35.946152257,128.55743099,5,5,0,Y
EV007156,대구북구 칠곡우방하이츠2,대구광역시 북구 구리로 26,35.945870549,128.55736950,2,2,0,Y
EV007238,대구북구 오페라삼정그린코아더베스트,대구광역시 북구 침산로 100,35.885196044,128.59131802,7,7,0,Y
EV007253,대구북구 대구노원한신더휴1,대구광역시 북구 노원로10길 40,35.889662667,128.56924682,4,4,0,Y
EV007254,대구북구 대구노원한신더휴2,대구광역시 북구 노원로10길 40,35.891505140,128.56755003,3,3,0,Y
EV007255,대구북구 대구노원한신더휴3,대구광역시 북구 노원로10길 40,35.890663077,128.56751128,3,3,0,Y
EV007305,대구북구 칠곡주공그린빌6단지,대구광역시 북구 학정동로 10,35.945114917,128.56782159,8,8,0,Y
EV007345,대구수성 청구성조타운,대구광역시 수성구 국채보상로 846,35.866594147,128.62268170,10,10,0,Y
EV007346,대구북구 금호LH천년나무8단지,대구광역시 북구 내곡로 15,35.898976391,128.50875317,5,5,0,Y
EV007493,대구북구 동서변리벤빌1,대구광역시 북구 서변로 106,35.924974495,128.59697442,2,2,0,Y
EV007494,대구북구 동서변리벤빌2,대구광역시 북구 서변로 106,35.924974495,128.59697442,2,2,0,Y
EV007630,대구달성 국태모닝포유아파트,대구광역시 달성군 가창면 가창로216길 55,35.803914043,128.62413316,5,5,0,Y
EV007654,대구북구 칠곡2차영남타운1,대구광역시 북구 팔거천동로24길 40,35.931718910,128.56066317,3,3,0,Y
EV007655,대구북구 칠곡2차영남타운2,대구광역시 북구 팔거천동로24길 40,35.931718910,128.56066317,3,3,0,Y
EV007656,대구북구 칠곡2차영남타운3,대구광역시 북구 팔거천동로24길 40,35.931718910,128.56066317,3,3,0,Y
EV007657,대구달서 상인역모아엘가파크뷰2,대구광역시 달서구 상화북로 162,35.810701813,128.54156005,2,2,0,Y
EV007658,대구달서 상인역모아엘가파크뷰3,대구광역시 달서구 상화북로 162,35.810589507,128.54171630,2,2,0,Y
EV007739,대구광역시 신암보성1차타운,대구광역시 동구 큰고개로 23,35.8858742,128.6238042,4,4,0,Y
EV007837,대구중구 반월당삼정그린코아,대구광역시 중구 중앙대로67길 10,35.863508410,128.59214144,6,6,0,Y
EV007970,대구동구 문화아파트,대구광역시 동구 동촌로14길 14,35.887037833,128.64912573,5,5,0,Y
EV008138,대구수성 범어숲화성파크드림1,대구광역시 수성구 동대구로 376,35.864218918,128.62731137,3,3,0,Y
EV008139,대구수성 범어숲화성파크드림2,대구광역시 수성구 동대구로 376,35.864201952,128.62739958,2,2,0,Y
EV008140,대구수성 범어숲화성파크드림3,대구광역시 수성구 동대구로 376,35.864528852,128.62776119,6,6,0,Y
EV008152,대구북구 연경숲아파트1,대구광역시 북구 연경중앙로 55,35.948913423,128.61545057,8,8,0,Y
EV008153,대구북구 연경숲아파트2,대구광역시 북구 연경중앙로 55,35.948043000,128.61676361,8,8,0,Y
EV008162,대구달서 상인서한타운1,대구광역시 달서구 상인서로 46,35.815903992,128.54592580,2,2,0,Y
EV008163,대구달서 상인서한타운2,대구광역시 달서구 상인서로 46,35.815996882,128.54500929,3,3,0,Y
EV008164,대구달서 상인서한타운3,대구광역시 달서구 상인서로 46,35.8152372,128.5438173,3,3,0,Y
EV008233,대구북구 칠곡공작한양아파트2,대구광역시 북구 구암로21길 38,35.936121992,128.55393155,2,2,0,Y
EV008234,대구북구 칠곡공작한양아파트3,대구광역시 북구 구암로21길 38,35.935146211,128.55412852,5,5,0,Y
EV008289,대구북구 대구노원한신더휴4,대구광역시 북구 노원로10길 40,35.890765000,128.56971155,3,3,0,Y
EV008290,대구북구 대구노원한신더휴5,대구광역시 북구 노원로10길 40,35.890904149,128.56871760,5,5,0,Y
EV008365,대구동구 신천LH아파트,대구광역시 동구 동부로 1,35.874923774,128.61226103,3,3,0,Y
EV008499,국민은행 대구지점,대구광역시 중구 중앙대로 401(남일동),35.8688367,128.5934025,3,0,3,N
EV008555,대구서구 황제맨션아파트,대구광역시 서구 통학로 46,35.865018634,128.56533466,6,6,0,Y
EV008582,대구북구 칠곡2차영남타운4,대구광역시 북구 팔거천동로24길 40,35.933066213,128.56094650,3,0,3,N
EV008583,대구북구 칠곡주공그린빌6단지2,대구광역시 북구 학정동로 10,35.944039602,128.56706872,3,3,0,Y
EV008584,대구북구 칠곡주공그린빌6단지3,대구광역시 북구 학정동로 10,35.946153595,128.56832972,3,3,0,Y
EV008597,대구동구 왕산우방타운,대구광역시 동구 파계로6길 30,35.939115658,128.64114370,5,0,5,N
EV008719,대구북구 칠곡2차영남타운5,대구광역시 북구 팔거천동로24길 40,35.932693959,128.56116079,5,0,5,N
EV008720,대구북구 칠곡2차영남타운6,대구광역시 북구 팔거천동로24길 40,35.933467718,128.55986852,3,0,3,N
EV008877,대구중구 라이프아파트,대구광역시 중구 태평로 177,35.874865390,128.59764777,2,0,2,N
EV008882,대구북구 대구금호LH천년나무1단지4,대구광역시 북구 한강로 55,35.898756011,128.51424037,3,0,3,N
EV008883,대구북구 대구금호LH천년나무1단지5,대구광역시 북구 한강로 55,35.898865905,128.51395107,2,0,2,N
EV008884,대구북구 대구금호LH천년나무1단지6,대구광역시 북구 한강로 55,35.897776895,128.51455609,2,0,2,N
EV008937,대구북구 LH천년나무8단지2,대구광역시 북구 내곡로 15,35.898579300,128.50844105,3,0,3,N
EV008938,대구북구 LH천년나무8단지3,대구광역시 북구 내곡로 15,35.897546964,128.50848238,5,5,0,Y
EV008939,대구북구 LH천년나무8단지4,대구광역시 북구 내곡로 15,35.898518635,128.50896599,5,0,5,N
EV008940,대구북구 LH천년나무8단지5,대구광역시 북구 내곡로 15,35.897832672,128.50905265,3,3,0,Y
EV008969,대구달서 상인우방타운,대구광역시 달서구 상인서로 65,35.815562554,128.54300792,2,0,2,N
EV008970,대구수성 수성태왕아너스1,대구광역시 수성구 들안로77길 30,35.865015928,128.61750795,3,0,3,N
EV008971,대구수성 수성태왕아너스2,대구광역시 수성구 들안로77길 30,35.864936724,128.61736032,2,0,2,N
EV010181,대구북구 학정청아람1,대구광역시 북구 학정로110길 29,35.954299340,128.56656217,8,8,0,Y
EV010182,대구북구 학정청아람2,대구광역시 북구 학정로110길 29,35.952980018,128.56658056,8,8,0,Y
EV010192,대구북구 오페라삼정그린코아더베스트3,대구광역시 북구 침산로 100,35.884467662,128.59098397,2,2,0,Y
EV010196,대구북구 오페라삼정그린코아더베스트2,대구광역시 북구 침산로 100,35.884908297,128.59105369,2,2,0,Y
EV010197,대구북구 오페라삼정그린코아더베스트4,대구광역시 북구 침산로 100,35.884423241,128.59178591,2,2,0,Y
EV010198,대구북구 오페라삼정그린코아더베스트5,대구광역시 북구 침산로 100,35.884772099,128.59198114,2,2,0,Y
EV010418,대구북구 칠곡그린빌4단지아파트1,대구광역시 북구 구암서로 22,35.936442943,128.56558992,9,9,0,Y
EV010419,대구북구 칠곡그린빌4단지아파트2,대구광역시 북구 구암서로 22,35.936442943,128.56558992,4,4,0,Y
EV010420,대구북구 칠곡그린빌4단지아파트3,대구광역시 북구 구암서로 22,35.936442943,128.56558992,4,4,0,Y
EV010542,대구동구 동신우방아파트1,대구광역시 동구 송라로11길 86,35.871383093,128.61444877,3,3,0,Y
EV010543,대구동구 동신우방아파트2,대구광역시 동구 송라로11길 86,35.871530062,128.61463698,2,2,0,Y
EV011212,대구달성 에코폴리스 동화아이위시2차3,대구광역시 달성군 다사읍 서재로7길 23,35.868095,128.4906389,11,11,0,Y
EV011762,대구북구 칠곡3차보성타운 4,대구광역시 북구 칠곡중앙대로126길 7-12,35.951026867,128.55442881,5,5,0,Y
EV012251,대구동구 경북대학교병원,대구광역시 동구 혁신대로78길 25,35.8735792,128.7426387,5,0,5,N
EV012379,대구수성 시지청솔타운 1,"대구광역시 수성구 고산로 70 (신매동, 청솔타운)",35.837200899,128.70556838,6,0,6,N
EV012380,대구수성 시지청솔타운 2,"대구광역시 수성구 고산로 70 (신매동, 청솔타운)",35.836236560,128.70526000,4,0,4,N
EV012381,대구수성 지산한라타운,대구광역시 수성구 지범로22길 9,35.8222804,128.6360873,4,0,4,N
EV012411,대구서구 서대구역반도유보라센텀 1,"대구광역시 서구 문화로 230 (평리동, 서대구역반도유보라센텀)",35.8754065,128.5573684,5,0,5,N
EV012412,대구서구 서대구역반도유보라센텀 2,"대구광역시 서구 문화로 230 (평리동, 서대구역반도유보라센텀)",35.8754065,128.5573684,6,0,6,N
EV012413,대구서구 서대구역반도유보라센텀 3,"대구광역시 서구 문화로 230 (평리동, 서대구역반도유보라센텀)",35.8754065,128.5573684,8,0,8,N
EV012414,대구서구 서대구역반도유보라센텀 4 (급속),"대구광역시 서구 문화로 230 (평리동, 서대구역반도유보라센텀)",35.8754065,128.5573684,3,0,3,N
EV012548,대구동구 KB국민은행 신암동,대구광역시 동구 아양로 34 (신암동),35.8816336,128.6179116,2,0,2,N
EV012553,대구달서 본리동종합금융센터,대구광역시 달서구 당산로 40,35.840861100,128.54503156,1,0,1,N
EV012621,대구달성 대실역e편한세상아파트 1,대구광역시 달성군 다사읍 죽곡1길 42 (대실역 e-편한세상),35.8551824,128.4618916,3,0,3,N
EV012622,대구달성 대실역e편한세상아파트 2,대구광역시 달성군 다사읍 죽곡1길 42 (대실역 e-편한세상),35.8551824,128.4618916,5,0,5,N
EV012623,대구달성 대실역e편한세상아파트 3,대구광역시 달성군 다사읍 죽곡1길 42 (대실역 e-편한세상),35.8551824,128.4618916,5,0,5,N
EV012624,대구달성 대실역e편한세상아파트 4,대구광역시 달성군 다사읍 죽곡1길 42 (대실역 e-편한세상),35.8551824,128.4618916,5,0,5,N
EV012641,대구서구 광장타운1차아파트 2,대구광역시 서구 달구벌대로 1707,35.8576944,128.5523824,8,0,8,N
EV012778,대구수성 아크로타워 1,대구광역시 수성구 달구벌대로 2570,35.858372146,128.64413286,7,0,7,N
EV012779,대구수성 아크로타워 2,대구광역시 수성구 달구벌대로 2570,35.858372146,128.64413286,8,0,8,N
EV012895,대구달서 성서종합금융센터,대구광역시 달서구 계대동문로 116 (이곡동),35.8551004,128.5052321,1,0,1,N
EV013088,대구남구 개나리맨션,대구광역시 남구 대명로 117,35.839872789,128.57003713,3,0,3,N
EV013291,대구동구 금사리하이빌,"대구광역시 동구 해동로 254 (검사동, 금사리하이빌)",35.8833264,128.6555894,3,0,3,N
EV013465,대구서구 삼익뉴타운 1,대구광역시 서구 평리로 236,35.8597892,128.5481061,1,0,1,N
EV013466,대구서구 삼익뉴타운 2,대구광역시 서구 평리로 236,35.8606653,128.547946,1,0,1,N
EV013467,대구서구 삼익뉴타운 3,대구광역시 서구 평리로 236,35.8615318,128.5478411,1,0,1,N
EV013468,대구서구 삼익뉴타운 4,대구광역시 서구 평리로 236,35.8606492,128.5491966,3,0,3,N
EV013469,대구서구 삼익뉴타운 5,대구광역시 서구 평리로 236,35.8610942,128.5489285,3,0,3,N
EV013470,대구서구 삼익뉴타운 6,대구광역시 서구 평리로 236,35.8620063,128.5487802,3,0,3,N
EV013471,대구서구 삼익뉴타운 7,대구광역시 서구 평리로 236,35.8610133,128.5503107,2,0,2,N
EV013472,대구서구 삼익뉴타운 8,대구광역시 서구 평리로 236,35.8618264,128.5501494,3,0,3,N
EV013667,대구수성 파동태왕리더스,"대구광역시 수성구 파동로 105 (파동, 태왕리더스파동)",35.8132467,128.6163169,3,0,3,N
EV013751,대구북구 로얄패밀리A동,대구광역시 북구 호국로57길 30-8,35.9277012,128.5951986,1,0,1,N
EV013752,대구북구 로뎀나무아래,대구광역시 북구 대학로9길 24-20,35.8928319,128.6067584,1,0,1,N
EV013753,대구북구 오로라,대구광역시 북구 주좌길 26-8,35.9501342,128.5688498,1,0,1,N
EV013761,대구수성 영원무역 대구만촌동건물,대구광역시 수성구 달구벌대로 2575,35.8593539,128.6444010,2,0,2,N
EV013869,대구동구 국가정보자원관리원 대구센터,대구광역시 동구 도장길 55-25 (도학동),35.967339,128.7055059,7,0,7,N
EV013892,대구동구 노을,대구광역시 동구 반야월로 271-41,35.8725592,128.7200885,1,0,1,N
EV013893,대구북구 로얄패밀리B동,대구광역시 북구 호국로57길 30-10,35.9278177,128.595251,1,0,1,N
EV013896,대구달서 진천역대성스카이렉스,대구광역시 달서구 월배로 80,35.8135993,128.5238853,15,0,15,N
EV013929,대구북구 만사형통,대구광역시 북구 칠곡중앙대로75길 6-15,35.9301049,128.5472018,1,0,1,N
EV013997,대구북구 소망하이츠,대구광역시 북구 태전로13길 10-8,35.9255069,128.5423441,1,0,1,N
EV013998,대구북구 더원,대구광역시 북구 칠곡중앙대로71길 17,35.927475,128.5456205,1,0,1,N
EV013999,대구북구 행복한집,대구광역시 북구 학남로1길 2-19,35.9493466,128.5663691,1,0,1,N
EV014112,대구달성 영원무역 대구공장,대구광역시 달성군 구지면 달성2차로？200,35.6391739,128.4291431,3,0,3,N
EV014490,대구남구 앞산보성타운아파트,대구광역시 남구 삼정2길 99,35.8360617,128.5956414,4,0,4,N
EV014530,대구서구 평리롯데캐슬아파트 1,"대구광역시 서구 국채보상로 316 (평리동, 평리롯데캐슬)",35.8717613,128.5650868,6,0,6,N
EV014531,대구서구 평리롯데캐슬아파트 2,"대구광역시 서구 국채보상로 316 (평리동, 평리롯데캐슬)",35.8717113,128.5650168,3,0,3,N
EV014532,대구서구 평리롯데캐슬아파트 3,"대구광역시 서구 국채보상로 316 (평리동, 평리롯데캐슬)",35.8717213,128.5650268,6,0,6,N
EV014533,대구서구 평리롯데캐슬아파트 4,"대구광역시 서구 국채보상로 316 (평리동, 평리롯데캐슬)",35.8717413,128.5650368,2,0,2,N
EV014534,대구서구 평리롯데캐슬아파트 5,"대구광역시 서구 국채보상로 316 (평리동, 평리롯데캐슬)",35.8717513,128.5650468,2,0,2,N
EV014535,대구서구 평리롯데캐슬아파트 6,"대구광역시 서구 국채보상로 316 (평리동, 평리롯데캐슬)",35.8717713,128.5650668,6,0,6,N
EV014536,대구서구 평리롯데캐슬아파트 7,"대구광역시 서구 국채보상로 316 (평리동, 평리롯데캐슬)",35.8717813,128.5651868,6,0,6,N
EV014537,대구서구 평리롯데캐슬아파트 8,"대구광역시 서구 국채보상로 316 (평리동, 평리롯데캐슬)",35.8717913,128.5659868,6,0,6,N
EV014538,대구서구 평리롯데캐슬아파트 9,"대구광역시 서구 국채보상로 316 (평리동, 평리롯데캐슬)",35.8717013,128.5650068,3,0,3,N
EV014686,대구남구 정우맨션 1,대구광역시 남구 현충로25길 71,35.8439801,128.5751348,4,0,4,N
EV014687,대구남구 정우맨션 2,대구광역시 남구 현충로25길 71,35.8439801,128.5751348,4,0,4,N
EV014736,대구북구 농협은행 대구영업본부 1,대구광역시 북구 신암로 67,35.8781574,128.6077596,1,0,1,N
EV014737,대구북구 농협은행 대구영업본부 2,대구광역시 북구 신암로 67,35.8781574,128.6077596,1,0,1,N
EV014775,대구동구 신천LH아파트 1,대구광역시 동구 동부로 1,35.8749238,128.6122610,6,0,6,N
EV014804,대구달서 더샵달서센트럴,대구광역시 달서구 당산로 17,35.8379828,128.5443636,11,0,11,N
EV015277,대구달성 주안교회,대구광역시 달성군 하빈면 하빈남로77길 29-5,35.8607036,128.3909901,1,0,1,N
EV015650,대구수성 삼환아파트,"대구광역시 수성구 신천동로 288 (수성동1가, 삼환아파트)",35.8502369,128.6090184,3,0,3,N
EV016067,대구달성 운곡주차빌딩,대구광역시 달성군 다사읍 달구벌대로 855,35.8596944,128.4637583,2,0,2,N
EV016178,대구달서 ㈜화신,대구광역시 달서구 성서공단북로 105 (호산동),35.8454953,128.4839296,3,0,3,N
EV016197,대구동구 우방푸른타운,"대구광역시 동구 국채보상로159길 41 (신천동, 우방푸른타운)",35.8699484,128.6147774,5,0,5,N
EV016303,대구달서 성당래미안e편한세상 1단지 1,대구광역시 달서구 장기로 127,35.8420778,128.5410113,5,0,5,N
EV016304,대구달서 성당래미안e편한세상 1단지 2,대구광역시 달서구 장기로 127,35.8420778,128.5410113,6,0,6,N
EV016305,대구달서 성당래미안e편한세상 1단지 3,대구광역시 달서구 장기로 127,35.8420778,128.5410113,6,0,6,N
EV016306,대구달서 성당래미안e편한세상 1단지 4,대구광역시 달서구 장기로 127,35.8420778,128.5410113,3,0,3,N
EV016307,대구달서 성당래미안e편한세상 1단지 5,대구광역시 달서구 장기로 127,35.8420778,128.5410113,3,0,3,N
EV016308,대구달서 성당래미안e편한세상 1단지 6,대구광역시 달서구 장기로 127,35.8420778,128.5410113,6,0,6,N
EV016309,대구달서 성당래미안e편한세상 2단지 1,대구광역시 달서구 장기로 127,35.8420778,128.5410113,4,0,4,N
EV016310,대구달서 성당래미안e편한세상 2단지 2,대구광역시 달서구 장기로 127,35.8420778,128.5410113,4,0,4,N
EV016311,대구달서 성당래미안e편한세상 2단지 3,대구광역시 달서구 장기로 127,35.8420778,128.5410113,5,0,5,N
EV016312,대구달서 성당래미안e편한세상 2단지 4,대구광역시 달서구 장기로 127,35.8420778,128.5410113,4,0,4,N
EV016313,대구달서 성당래미안e편한세상 2단지 5,대구광역시 달서구 장기로 127,35.8420778,128.5410113,3,0,3,N
EV016314,대구달서 성당래미안e편한세상 2단지 6,대구광역시 달서구 장기로 127,35.8420778,128.5410113,3,0,3,N
EV016315,대구달서 성당래미안e편한세상 2단지 7,대구광역시 달서구 장기로 127,35.8420778,128.5410113,4,0,4,N
EV016316,대구달서 성당래미안e편한세상 2단지 8,대구광역시 달서구 장기로 127,35.8420778,128.5410113,3,0,3,N
EV016317,대구달서 성당래미안e편한세상 2단지 9,대구광역시 달서구 장기로 127,35.8420778,128.5410113,3,0,3,N
EV016318,대구달서 성당래미안e편한세상 2단지 10,대구광역시 달서구 장기로 127,35.8420778,128.5410113,3,0,3,N
EV016319,대구달서 성당래미안e편한세상 2단지 11,대구광역시 달서구 장기로 127,35.8420778,128.5410113,4,0,4,N
EV016320,대구달서 성당래미안e편한세상 2단지 12,대구광역시 달서구 장기로 127,35.8420778,128.5410113,3,0,3,N
EV016321,대구달서 성당래미안e편한세상 3단지 1,대구광역시 달서구 장기로 127,35.842776,128.5461258,4,0,4,N
EV016322,대구달서 성당래미안e편한세상 3단지 2,대구광역시 달서구 장기로 127,35.842776,128.5461258,6,0,6,N
EV016323,대구달서 성당래미안e편한세상 3단지 3,대구광역시 달서구 장기로 127,35.842776,128.5461258,6,0,6,N
EV016324,대구달서 성당래미안e편한세상 3단지 4,대구광역시 달서구 장기로 127,35.842776,128.5461258,7,0,7,N
EV016325,대구동구 강남종합병원,대구광역시 동구 동촌로 207 (방촌동),35.8830479,128.6630328,2,0,2,N
EV016459,대구달서 대곡우방타운,"대구광역시 달서구 비슬로538길 22 (대곡동, 대곡우방타운)",35.8060304,128.5089053,4,0,4,N
EV016544,대구수성 우방오성타운 1,"대구광역시 수성구 신천동로 380 (수성동1가, 우방오성타운)",35.8591484,128.6091602,5,0,5,N
EV016545,대구수성 우방오성타운 2,"대구광역시 수성구 신천동로 380 (수성동1가, 우방오성타운)",35.8591484,128.6091602,5,0,5,N
EV016603,대구수성 더트루엘수성,"대구광역시 수성구 지범로52길 5-6 (범물동, 더 트루엘 수성)",35.8152548,128.6461391,5,0,5,N
EV016752,대구남구 보성상아맨션,대구광역시 남구 명덕로 236-1,35.8556547,128.5959294,7,0,7,N
EV016944,대구달서 성당래미안e편한세상 2단지 13,"대구광역시 달서구 장기로 145 (본리동, 성당 래미안 e-편한세상)",35.8431747,128.5426395,1,0,1,N
EV017604,대구달서 태왕아너스월성 1,대구광역시 달서구 조암남로 24,35.8229446,128.5289169,6,0,6,N
EV017605,대구달서 태왕아너스월성 2,대구광역시 달서구 조암남로 24,35.8229446,128.5289169,3,0,3,N
EV017606,대구달서 성서보성화성타운 1,대구광역시 달서구 계대동문로 99,35.8556610,128.5041167,6,0,6,N
EV017607,대구달서 성서보성화성타운 2,대구광역시 달서구 계대동문로 99,35.8556610,128.5041167,6,0,6,N
EV017608,대구달서 성서보성화성타운 3,대구광역시 달서구 계대동문로 99,35.8556610,128.5041167,6,0,6,N
EV017609,대구달서 성서보성화성타운 4,대구광역시 달서구 계대동문로 99,35.8556610,128.5041167,6,0,6,N
EV017708,대구달성 강창한서꼼빠니아타운 1,대구광역시 달성군 다사읍 달구벌대로 802-1,35.8607536,128.4594371,2,0,2,N
EV017709,대구달성 강창한서꼼빠니아타운 2,대구광역시 달성군 다사읍 달구벌대로 802-1,35.8607536,128.4594371,5,0,5,N
EV017710,대구달성 강창한서꼼빠니아타운 3,대구광역시 달성군 다사읍 달구벌대로 802-1,35.8607536,128.4594371,2,0,2,N
EV017808,대구북구 대현e-편한세상 1,대구광역시 북구 대현로10길 82,35.8808524,128.6038144,6,0,6,N
EV017809,대구북구 대현e-편한세상 2,대구광역시 북구 대현로10길 82,35.8809524,128.6037500,4,0,4,N
EV017810,대구북구 대현e-편한세상 3,대구광역시 북구 대현로10길 82,35.8820845,128.6029688,3,0,3,N
EV017811,대구북구 대현e-편한세상 4,대구광역시 북구 대현로10길 82,35.8807247,128.6042658,3,0,3,N
EV017812,대구북구 대현e-편한세상 5,대구광역시 북구 대현로10길 82,35.8820845,128.6029688,4,0,4,N
EV017819,대구중구 남산그린타운 1,대구광역시 중구 달구벌대로 1950,35.8623626,128.5778359,6,0,6,N
EV017820,대구중구 남산그린타운 2,대구광역시 중구 달구벌대로 1950,35.8616392,128.5776777,4,0,4,N
EV017838,대구달서 동서장관빌라,대구 달서구 중흥로 68,35.8277638,128.5583960,4,0,4,N
EV017846,대구북구 칠곡화성타운,대구광역시 북구 동천로 6,35.9317529,128.5592518,8,0,8,N
EV017873,대구달서 2차그린맨션아파트 1,대구광역시 달서구 구마로36길 20,35.8355831,128.5460945,4,0,4,N
EV017874,대구달서 2차그린맨션아파트 2,대구광역시 달서구 구마로36길 20,35.8361124,128.5452278,6,0,6,N
EV017875,대구달서 2차그린맨션아파트 3,대구광역시 달서구 구마로36길 20,35.8366136,128.5461948,4,0,4,N
EV017939,대구북구 대현e-편한세상 6,대구광역시 북구 대현로10길 82,35.8820845,128.6029688,7,0,7,N
EV017941,대구서구 서대구역반도유보라센텀 11,대구광역시 서구 문화로 230,35.8750597,128.5573531,6,0,6,N
EV017942,대구서구 서대구역반도유보라센텀 12,대구광역시 서구 문화로 230,35.8750597,128.5573531,6,0,6,N
EV017943,대구서구 서대구역반도유보라센텀 13,대구광역시 서구 문화로 230,35.8750597,128.5573531,6,0,6,N
EV017944,대구서구 서대구역반도유보라센텀 15,대구광역시 서구 문화로 230,35.8750597,128.5573531,8,0,8,N
EV017945,대구서구 서대구역반도유보라센텀 14,대구광역시 서구 문화로 230,35.8750597,128.5573531,8,0,8,N
EV017946,대구서구 서대구역반도유보라센텀 18,대구광역시 서구 문화로 230,35.8750597,128.5573531,8,0,8,N
EV017947,대구서구 서대구역반도유보라센텀 17,대구광역시 서구 문화로 230,35.8750597,128.5573531,6,0,6,N
EV017948,대구서구 서대구역반도유보라센텀 16,대구광역시 서구 문화로 230,35.8750597,128.5573531,7,0,7,N
EV017949,대구서구 서대구역반도유보라센텀 5,대구광역시 서구 문화로 230,35.8750597,128.5573531,4,0,4,N
EV017950,대구서구 서대구역반도유보라센텀 6,대구광역시 서구 문화로 230,35.8750597,128.5573531,6,0,6,N
EV017951,대구서구 서대구역반도유보라센텀 7,대구광역시 서구 문화로 230,35.8750597,128.5573531,6,0,6,N
EV017952,대구서구 서대구역반도유보라센텀 8,대구광역시 서구 문화로 230,35.8750597,128.5573531,5,0,5,N
EV017953,대구서구 서대구역반도유보라센텀 9,대구광역시 서구 문화로 230,35.8750597,128.5573531,6,0,6,N
EV017954,대구서구 서대구역반도유보라센텀 10,대구광역시 서구 문화로 230,35.8750597,128.5573531,6,0,6,N
EV018212,대구달성 제일풍경채더퍼스트 1,대구광역시 달성군 현풍읍 테크노상업로 49(제일풍경채더퍼스트),35.6931946,128.4540307,8,0,8,N
EV018291,대구북구 삼진목화아파트 1,대구광역시 북구 대천로9길 15,35.9386608,128.5545252,2,0,2,N
EV018293,대구달서 감삼우방맨션 1,대구광역시 달서구 당산로 187,35.8532987,128.5483400,2,0,2,N
EV018307,대구수성 우방3차범어타운 1,대구광역시 수성구 달구벌대로492길 12,35.8575406,128.6306190,3,0,3,N
EV018366,대구북구 태전협화맨션 1,대구광역시 북구 칠곡중앙대로51길 6,35.9176770,128.5448867,3,0,3,N
EV018367,대구북구 태전협화맨션 2,대구광역시 북구 칠곡중앙대로51길 6,35.9176770,128.5448867,3,0,3,N
EV018527,대구수성 시지우방하이츠 1,대구 수성구 달구벌대로645길 22,35.8414004,128.7113136,3,0,3,N
EV018528,대구수성 시지우방하이츠 2,대구 수성구 달구벌대로645길 22,35.8414004,128.7113136,4,0,4,N
EV018806,대구북구 칠곡그린빌아파트 4,대구광역시 북구 구암서로 22,35.9364429,128.5655899,3,0,3,N
EV018874,대구북구 한일아파트 1,대구 북구 칠곡중앙대로53길 32,35.9188198,128.5430189,3,0,3,N
EV018927,대구수성 시지천마타운 1,대구광역시 수성구 신매로 71,35.8359922,128.7064474,6,0,6,N
EV018928,대구수성 시지천마타운 2,대구광역시 수성구 신매로 71,35.8359922,128.7064474,6,0,6,N
EV018929,대구수성 시지천마타운 3,대구광역시 수성구 신매로 71,35.8359922,128.7064474,6,0,6,N
EV018930,대구수성 시지천마타운 4,대구광역시 수성구 신매로 71,35.8359922,128.7064474,7,0,7,N
EV018947,대구달성 명곡미래빌5단지 5,대구광역시 달성군 화원읍 명천로 243 (명곡역미래빌5단지),35.7983884,128.4930856,10,0,10,N
EV018948,대구달성 명곡미래빌5단지 6,대구광역시 달성군 화원읍 명천로 243 (명곡역미래빌5단지),35.7983884,128.4930856,3,0,3,N
EV018949,대구달성 명곡미래빌5단지 7,대구광역시 달성군 화원읍 명천로 243 (명곡역미래빌5단지),35.7983884,128.4930856,3,0,3,N
EV019037,대구달서 더샵달서센트럴아파트 1,대구 달서구 당산로 17,35.8379828,128.5443636,9,0,9,N
EV019058,대구달서 해맞이타운 1,대구광역시 달서구 월배로 420,35.8309190,128.5528067,4,0,4,N
EV019061,대구동구 동신우방아파트3,대구광역시 동구 송라로11길 86,35.8715301,128.614637,4,0,4,N
EV019067,대구남구 용마맨션 1,대구광역시 남구 대명로 145,35.8394639,128.5736919,3,0,3,N
EV019285,대구달서 진천대동맨션 1,대구 달서구 상화로7길 31,35.8096217,128.5202726,3,0,3,N
EV019457,대구수성 만촌2차우방타운 1,대구광역시 수성구 교학로11길 91,35.8497237,128.6572293,7,0,7,N
EV019458,대구수성 만촌2차우방타운 2,대구광역시 수성구 교학로11길 91,35.8497237,128.6572293,3,0,3,N
EV019702,대구수성 시지3차신매보성타운 1,대구광역시 수성구 달구벌대로651길 23,35.8393467,128.7135515,5,0,5,N
EV020019,대구북구 복현푸르지오 1,대구광역시 북구 동북로 345,35.8925890,128.6273480,3,0,3,N
EV020020,대구북구 복현푸르지오 2,대구광역시 북구 동북로 345,35.8925890,128.6273480,4,0,4,N
EV020021,대구북구 복현푸르지오 3,대구광역시 북구 동북로 345,35.8925890,128.6273480,4,0,4,N
EV020022,대구북구 복현푸르지오 4,대구광역시 북구 동북로 345,35.8925890,128.6273480,4,0,4,N
EV020023,대구북구 복현푸르지오 5,대구광역시 북구 동북로 345,35.8925890,128.6273480,6,0,6,N
EV020024,대구북구 복현푸르지오 6,대구광역시 북구 동북로 345,35.8925890,128.6273480,6,0,6,N
EV020025,대구북구 복현푸르지오 7,대구광역시 북구 동북로 345,35.8925890,128.6273480,3,0,3,N
EV020026,대구북구 복현푸르지오 8,대구광역시 북구 동북로 345,35.8925890,128.6273480,5,0,5,N
EV020027,대구북구 복현푸르지오 9,대구광역시 북구 동북로 345,35.8925890,128.6273480,5,0,5,N
EV020028,대구북구 복현푸르지오 10,대구광역시 북구 동북로 345,35.8925890,128.6273480,6,0,6,N
EV020029,대구북구 복현푸르지오 11,대구광역시 북구 동북로 345,35.8925890,128.6273480,5,0,5,N
EV020030,대구북구 복현푸르지오 12,대구광역시 북구 동북로 345,35.8925890,128.6273480,5,0,5,N
EV020031,대구북구 복현푸르지오 13,대구광역시 북구 동북로 345,35.8925890,128.6273480,5,0,5,N
EV020032,대구북구 복현푸르지오 14,대구광역시 북구 동북로 345,35.8925890,128.6273480,3,0,3,N
EV020033,대구북구 복현푸르지오 15,대구광역시 북구 동북로 345,35.8925890,128.6273480,6,0,6,N
EV020034,대구북구 복현푸르지오 16,대구광역시 북구 동북로 345,35.8925890,128.6273480,4,0,4,N
EV020152,대구북구 산호한양아파트 1,대구 북구 대천로7길 40,35.9414247,128.5550161,5,0,5,N
EV020153,대구북구 산호한양아파트 2,대구 북구 대천로7길 40,35.9408462,128.5558469,5,0,5,N
EV020154,대구달서 월성동서타운 1,대구 달서구 학산로7길 5,35.8285146,128.5316961,3,0,3,N
EV020275,대구수성 매호협화타운 1,대구 수성구 천을로 181,35.8436941,128.7105993,5,0,5,N
EV020276,대구수성 매호협화타운 2,대구 수성구 천을로 181,35.8430908,128.7099334,4,0,4,N
EV020323,대구달성 논공평광4차아파트 1,대구 달성군 논공읍 남리길 7,35.7262379,128.4498679,5,0,5,N
EV020848,대구북구 칠곡주공그린빌6단지4,대구 북구 학정동로 10,35.9450474,128.5671276,5,0,5,N
EV020849,대구북구 칠곡주공그린빌6단지5,대구 북구 학정동로 10,35.9450163,128.5674373,5,0,5,N
EV021015,대구중구 남산휴먼시아1단지아파트 1,대구 중구 달구벌대로 1960,35.8624747,128.5783889,5,0,5,N
EV021016,대구중구 남산휴먼시아1단지아파트 2,대구 중구 달구벌대로 1960,35.8625252,128.5784923,5,0,5,N
EZ000035,대구종합유통단지섬유제품관사 (완속),대구광역시 북구 유통단지로 60,35.9062590,128.6096131,7,0,7,N
EZ000080,전자상가 (완속),대구광역시 북구 유통단지로 25,35.9057737,128.6057123,5,0,5,N
EZ000139,현대전원맨션,대구광역시 북구 칠곡중앙대로46길 25,35.9188374,128.5492297,2,2,0,Y
EZ000426,해피키즈유치원,대구광역시 달성군 현풍읍 현풍동로20길 12,35.6996027,128.4512467,1,1,0,Y
EZ000527,일신테크노벨리지식산업센터,대구광역시 달서구 달서대로 555,35.8487504,128.4912853,1,0,1,N
EZ000558,완속 대구유통단지 전자관  A,대구광역시 북구 유통단지로 45,35.9081599,128.6066261,2,0,2,N
EZ000575,우체국금융개발원,대구광역시 남구 중앙대로 200,35.8506753,128.5910014,9,0,9,N
EZ000580,일신테크노벨리지식산업센터,대구광역시 달서구 달서대로 555,35.8487504,128.4912853,5,0,5,N
EZ000867,한국폴리텍대학영남융합기술캠퍼스,대구광역시 동구 팔공로 222,35.9201893,128.6426023,3,0,3,N
EZ001212,완속 대구유통단지 전자관 B,대구광역시 북구 유통단지로 45,35.9076971,128.6064601,13,0,13,N
EZ001381,태백 냉동 공사,대구광역시 동구 대림로 16,35.8715616,128.7415093,2,2,0,Y
EZ001382,힐 모텔,대구광역시 동구 동촌로11길 5-41,35.8903647,128.6489638,2,2,0,Y
EZ001383,동인1급자동차 정비검사소,대구광역시 동구 안심로59길 19,35.8679141,128.7174739,2,2,0,Y
EZ001385,앤 모텔,대구광역시 동구 파계로6길 29,35.9398973,128.6398205,2,2,0,Y
EZ001386,다해,대구광역시 동구 팔공로 195-1,35.9161529,128.6405305,2,2,0,Y
EZ001388,한일식품,대구광역시 북구 연암공원로10길 3-7,35.8947530,128.5989660,2,2,0,Y
EZ001391,모범 자동차 정비,대구광역시 서구 북비산로17길 14,35.8800012,128.5431223,1,0,1,N
EZ001392,부건미트,대구광역시 서구 평리로 269,35.8631815,128.5528545,1,1,0,Y
EZ001393,성주 숯불 갈비,대구광역시 서구 평리로54길 3,35.8626598,128.5536867,1,1,0,Y
EZ001394,현대장여관,대구광역시 서구 평리로62길 16,35.8623503,128.5572185,2,2,0,Y
EZ001396,녹양구이,대구광역시 수성구 무학로17길 21,35.8303318,128.6176580,2,2,0,Y
EZ001397,아이 모텔,대구광역시 수성구 수성로 21,35.8272711,128.6100011,1,1,0,Y
EZ001447,더펜트하우스,대구광역시 수성구 파동로26길 26,35.8198337,128.6185492,3,0,3,N
EZ001765,대구호산초등학교,대구광역시 달서구 달서대로109길 116,35.8490303,128.4789427,2,2,0,Y
EZ001766,대진중학교,대구광역시 달서구 화암로73길 7,35.8058515,128.5196757,2,2,0,Y
EZ001767,수성고등학교,대구광역시 수성구 용학로28길 36,35.8211732,128.6254944,2,2,0,Y
EZ001787,거북산장식당,대구광역시 군위군 부계면 한티로 1455,36.0326734,128.6244928,2,2,0,Y
EZ001789,㈜삼덕,대구광역시 동구 안심로59길 36,35.8694337,128.7189316,3,3,0,Y
EZ001790,㈜칼라디움,대구광역시 동구 반야월로 400,35.8713805,128.7324820,5,5,0,Y
EZ001793,대구교육팔공산수련원,대구광역시 동구 용천로 538,35.9979643,128.6578999,2,2,0,Y
EZ001796,대구228기념학생도서관,대구광역시 동구 아양로41길 56,35.8905270,128.6340580,2,2,0,Y
EZ001798,대구광역시교육연수원 본원,대구광역시 달서구 당산로 121,35.8481763,128.5441840,3,3,0,Y
EZ001799,대구광역시교육연수원 글로벌교육센터,대구광역시 북구 동북로65길 46,35.8939855,128.6262583,2,2,0,Y
EZ001800,대구교육박물관,대구광역시 북구 대동로1길 40,35.8973491,128.6118352,2,2,0,Y
EZ001809,상원중학교,대구광역시 달서구 상인로 117,35.8170166,128.5442956,2,2,0,Y
EZ001810,운암고등학교,대구광역시 북구 학정로 378,35.9390220,128.5634967,2,2,0,Y
EZ001811,대구동변초등학교,대구광역시 북구 동변로 60,35.9191485,128.6041639,1,1,0,Y
EZ001812,대구매천초등학교,대구광역시 북구 매천로 179,35.9126916,128.5414784,1,0,1,N
EZ001813,대구태현초등학교,대구광역시 북구 태전로 95,35.92836,128.540462,2,2,0,Y
EZ001816,학남중학교,대구광역시 북구 학남로 83,35.9456400,128.5700248,2,2,0,Y
EZ001818,제논29모터스,대구광역시 달서구 월곡로94길 58-10,35.8359196,128.5287775,2,2,0,Y
EZ001900,한영씨링인쇄,대구광역시 달서구 문화회관11안길 12-4,35.8390266,128.5260051,1,1,0,Y
EZ001901,대구신성교회,대구광역시 동구 송라로25길 22-2,35.8789638,128.6137412,1,1,0,Y
EZ001948,대구국제고등학교,대구광역시 북구 도남길 77,35.9553389,128.5818352,2,0,2,N
EZ001950,동변중학교,대구광역시 북구 동변로14길 12,35.9193051,128.6052467,2,2,0,Y
EZ001951,남부교육지원청,대구광역시 달서구 학산로 185,35.8344224,128.5461733,2,2,0,Y
EZ001952,대구광역시서부교육지원청,대구광역시 서구 서대구로3길 5,35.8589990,128.5559250,2,2,0,Y
EZ001955,대구광역시립북부도서관,대구광역시 북구 옥산로 75,35.885182,128.5839,2,0,2,N
EZ002089,동평중학교,대구광역시 북구 대천로 123,35.9371260,128.5635620,1,0,1,N
EZ002091,대구공업대학교_위니텍,대구광역시 달서구 송현로 205,35.8351184,128.5419565,3,0,3,N
EZ002092,대구공업대학교_평생교육원,대구광역시 달서구 송현로 205,35.8354150,128.5428500,2,2,0,Y
EZ002116,수성스테이,대구광역시 수성구 용학로25길 16,35.8245330,128.6245839,1,1,0,Y
EZ002118,부성주택,대구광역시 수성구 만촌로32길 29,35.8733092,128.6415052,1,0,1,N
EZ002156,새론중학교,대구광역시 동구 이노밸리로 255,35.8791001,128.7249745,2,0,2,N
EZ002157,대구 대덕초등학교,대구광역시 남구 대명서로 28,35.8301809,128.5617829,2,0,2,N
EZ002158,대구세천초등학교,대구광역시 달성군 다사읍 세천로 182-9,35.874347,128.4814697,2,0,2,N
EZ002159,대구 율원초등학교,대구광역시 동구 율하동로 55,35.8648748,128.7007951,2,0,2,N
EZ002160,대구남송초등학교,대구광역시 달서구 송현로 192,35.8349071,128.5453750,2,0,2,N
EZ002161,대구세명학교,대구광역시 달서구 새방로 62,35.8634176,128.5243128,3,3,0,Y
EZ002162,대구파호초등학교,대구광역시 달서구 달서대로109안길 76,35.8505949,128.4816131,2,0,2,N
EZ002163,경원고등학교,대구광역시 달서구 새방로 77,35.8654490,128.5255769,2,0,2,N
EZ002164,경신고등학교,대구광역시 수성구 달구벌대로504길 40,35.8548341,128.6382623,2,0,2,N
EZ002165,대구미래교육연구원,대구광역시 남구 중앙대로31길 150,35.8519024,128.5868248,3,0,3,N
EZ002299,대청초등학교,대구광역시 수성구 교학로12길 42,35.8511136,128.6502625,1,1,0,Y
EZ002308,㈜밴앤포스,대구광역시 동구 국채보상로163길 15,35.8685195,128.6174938,1,1,0,Y
EZ002316,KB차차차 동대구,대구광역시 동구 안심로59길 36,35.8694337,128.7189316,2,2,0,Y
EZ100008,금정메카,대구광역시 달성군 다사읍 세천북로9길 21,35.87716675,128.4745789,1,1,0,Y
EZ100010,행복누리장애인보호작업장,대구광역시 달서구 성서공단로22길 26,35.83263397,128.4940186,1,1,0,Y
EZ100015,현대오일뱅크 대구현대주유소,대구광역시 북구 유통단지로13길 38,35.910207511113,128.6075459998,2,2,0,Y
EZ100115,전자상가 (급속),대구광역시 북구 유통단지로 25,35.9058626,128.6059631,2,0,2,N
EZ100174,대구 오아시스 사우나 휘트니스,대구광역시 남구 중앙대로22길 143,35.8426285,128.5985979,4,0,4,N
EZ100304,동부자동차,대구광역시 동구 안심로 100,35.8664635,128.6948756,8,0,8,N
EZ100310,메인빌,대구광역시 북구 태전로13길 2-12,35.9257970,128.5425809,1,0,1,N
EZ100674,서광종합건설,대구광역시 달서구 두류공원로 242,35.8553271,128.5598353,1,0,1,N
EZ100683,제형면옥(범어점),대구광역시 수성구 국채보상로 908,35.8663353,128.6300263,1,0,1,N
EZ100687,1997빠리바닷가재,대구광역시 수성구 용학로 84,35.8258479,128.6188619,2,0,2,N
EZ100688,김재동서민갈비,대구광역시 수성구 들안로 8-5,35.8306753,128.61731,1,0,1,N
EZ100702,비에스타워,대구광역시 북구 팔달로35길 20,35.8894620,128.5699595,2,0,2,N
EZ100733,급속 대구종합유통단지섬유제품관사,대구광역시 북구 유통단지로 60,35.9062590,128.6096131,2,2,0,Y
EZ100749,급속 대구유통단지 전자관 12,대구광역시 북구 유통단지로 45,35.9070835,128.6062603,2,0,2,N
EZ100900,제형면옥본점,대구광역시 수성구 들안로 104,35.8390670,128.6171352,1,0,1,N
EZ200002,리버사이드모텔,대구광역시 수성구 신천동로 34,35.8281099,128.6087667,2,0,2,N
EZ200042,(주)그린식품,대구광역시 북구 매천로8길 42,35.899520504806,128.5463924077,2,0,2,N
EZ200046,주식회사 티스,대구광역시 북구 팔달로 201-2,35.888370128944,128.5723971271,1,0,1,N
EZ200104,마이더스 호텔,대구광역시 북구 동암로12길 24-20,35.943780136879,128.5554898930,2,0,2,N
EZ250001,EVZ 동성로 스파크,대구광역시 중구 동성로3길 84,35.868649,128.598702,1,1,0,Y
EZ300474,대구 동성로 스파크,대구광역시 중구 동성로6길 61,35.8687083,128.5987415,1,1,0,Y
EZ500005,급속 대구유통단지 전자관 34,대구광역시 북구 유통단지로 45,35.9071910,128.6069935,2,0,2,N
EZ600010,가람전기 충전소,대구광역시 달성군 다사읍 세천북로 45,35.877742767,128.47706604,1,1,0,Y
GS000031,강촌주유소,대구광역시 동구 화랑로 481,35.875501,128.676504,2,2,0,Y
GS000055,구암주유소,대구광역시 북구 구암로 340,35.940484,128.570270,2,2,0,Y
GS000058,황금캐슬주유소,대구광역시 수성구 청수로 172,35.838843,128.626967,2,2,0,Y
GS000144,금호강주유소(SJ),대구광역시 동구 공항로 136,35.9003374,128.6295996,2,2,0,Y
GS000145,조광주유소,대구광역시 달성군 다사읍 세천로 98,35.8730625,128.4719375,2,2,0,Y
HD000070,대구 서부 오토스퀘어 E-pit,대구광역시 달서구 달구벌대로 1599,35.8520778,128.5413128,2,2,0,Y
HE000428,한국에너지공단 대구경북지역본부,대구광역시 달서구 성서공단로,35.834649,128.487723,1,1,0,Y
HE000883,코스트코 대구혁신도시점,대구광역시 동구 첨단로 10,35.876931,128.730692,21,0,21,N
HE001033,기아자동차 대구서비스센터,대구광역시 북구 팔달로 53,35.891082,128.555788,2,2,0,Y
HE001131,코스트코 대구점,대구광역시 북구 검단로 97,35.9063,128.6181,13,13,0,Y
HE192131,수성하이츠,대구광역시 수성구 수성로 393,35.860910,128.613521,2,2,0,Y
HE192214,갓바위치매센터,대구광역시 동구 갓바위로 75,35.961988,128.715767,2,2,0,Y
HE192562,성서4주공아파트,대구광역시 달서구 성서동로 355-27,35.851597,128.512313,5,5,0,Y
HE212797,범어풀비체아파트,대구광역시 수성구 범어로 61,35.854546,128.634695,4,4,0,Y
HE230023,KT공중전화부스 조영빌딩 (홀마트 앞),대구광역시 달성군 논공읍 북리 900-1,35.7290552,128.4458435,2,2,0,Y
HE230028,KT공중전화부스 원평치안센터앞,대구광역시 서구 평리동 1621-3,35.8793917,128.5618302,2,2,0,Y
HE230047,현대 블루핸즈 서군위현대서비스,대구광역시 군위군 군위읍 경북대로 3605,36.2256326,128.5656735,2,2,0,Y
HE240058,카펙발레오 본사,대구광역시 달서구 호산동로 113,35.8455083,128.4851233,2,2,0,Y
HE240161,기아자동차 대구서비스센터,대구광역시 북구 팔달로 53,36.029612,129.3663521,6,6,0,Y
HE240187,기아자동차 대구서비스센터,대구광역시 북구 팔달로 53,35.891164200,128.55582931,4,4,0,Y
HE240281,대구경북과학기술원,대구광역시 달성군 현풍읍 테크노중앙대로 333,35.705637757,128.45501068,15,15,0,Y
HE240328,이편한세상 세계육상선수촌,대구광역시 동구 율하서로 85,35.8625431,128.6917829,13,13,0,Y
HE240346,한국에너지공단 대구경북지역본부,대구광역시 달서구 성서공단로 52,35.834632567,128.48790425,1,1,0,Y
HE240381,대구경북과학기술원 R3동,대구광역시 달성군 현풍읍 테크노중앙대로 333,35.705404362,128.45587400,2,2,0,Y
HE240382,대구경북과학기술원 R4동,대구광역시 달성군 현풍읍 테크노중앙대로 333,35.704973174,128.45799305,2,2,0,Y
HE240383,대구경북과학기술원 H204동,대구광역시 달성군 현풍읍 테크노중앙대로 333,35.703121301,128.46151694,6,6,0,Y
HE240384,대구경북과학기술원 H301동,대구광역시 달성군 현풍읍 테크노중앙대로 333,35.702682023,128.46225470,2,2,0,Y
HE240385,대구경북과학기술원 H401동,대구광역시 달성군 현풍읍 테크노중앙대로 333,35.702469837,128.46154648,2,2,0,Y
HE240386,대구경북과학기술원 H403동,대구광역시 달성군 현풍읍 테크노중앙대로 333,35.703031962,128.46108166,3,3,0,Y
HE240426,상인우방타운,대구광역시 달서구 상인서로 65,35.8155626,128.5430079,5,5,0,Y
HE240427,칠곡화성타운아파트,대구광역시 북구 동천로 6,35.9317529,128.5592518,2,2,0,Y
HE240485,상록아파트/상록아이투빌아파트,대구광역시 동구 동호로 47,35.8651768,128.721814,4,4,0,Y
HE240512,코스트코 대구혁신도시점,대구광역시 동구 첨단로 10,35.877010997,128.73075382,4,4,0,Y
HJ000248,한진택배 대구택배센터,대구광역시 달서구 호산동로 94,35.8435018,128.4865574,1,0,1,N
HM000060,태왕메트로시티,대구광역시 동구 동북로 500,35.880808744,128.64026790,27,27,0,Y
HM000121,아주운수_대구,대구광역시 동구 공항로53길 34-5,35.894982,128.643791,6,0,6,N
HM000123,에코폴리스동화아이위시3차,대구광역시 달성군 다사읍 서재로7길 25,35.869570986,128.49090443,10,10,0,Y
HM000125,에코폴리스동화아이위시1차,대구광역시 달성군 다사읍 서재로12길 38,35.8671887,128.4929461,14,0,14,N
HM000127,화원삼주타운,대구광역시 달성군 화원읍 사문진로 349,35.808128094,128.48807977,4,0,4,N
HM000128,침산청구타운,대구광역시 북구 침산남로19길 9,35.890110163,128.58666978,5,0,5,N
HM000140,보성강남타운,대구광역시 동구 화랑로88길 30,35.874719312,128.66941052,3,0,3,N
HM000142,시지태왕아너스,대구광역시 수성구 천을로 91,35.8446941,128.7009536,24,0,24,N
HM000143,화진금봉,대구광역시 달성군 다사읍 서재로 120,35.8741584,128.4975104,23,0,23,N
HM000149,수성알파시티동화아이위시,대구광역시 수성구 알파시티2로 48,35.838434935,128.69305040,7,0,7,N
HM000153,칠곡3차서한타운,대구광역시 북구 구암로32길 14,35.930351332,128.55784364,4,0,4,N
HM000155,부영e-그린타운,대구광역시 북구 동천로24길 12,35.941639222,128.56186575,14,0,14,N
HM000158,북죽곡엠코타운 더 솔레뉴,대구광역시 달성군 다사읍 세천로 160,35.874343358,128.48067901,20,0,20,N
HM000159,태전한라아파트,대구광역시 북구 태전로7길 13,35.922869484,128.54320576,5,0,5,N
HM000167,대경넥스빌,대구광역시 동구 안심로 400,35.868298563,128.72813605,11,0,11,N
HM000169,우방2차강촌마을,대구광역시 동구 화랑로80길 9,35.875583070,128.66936076,4,0,4,N
HM000177,칠곡그린빌2단지,대구광역시 북구 구암서로 70,35.942403225,128.56650338,5,0,5,N
HM000183,앞산태왕아너스,대구광역시 남구 효서길 53,35.837925336,128.59599031,8,0,8,N
HM000195,성서2차화성타운,대구광역시 달서구 성서동로 355-20,35.852691922,128.51332918,5,0,5,N
HM000196,e편한세상세계육상선수촌2단지,대구광역시 동구 안심로16길 71,35.861737938,128.69284503,5,0,5,N
HM000197,월성 협성휴포레,대구광역시 달서구 조암로10길 11,35.824959176,128.52406702,10,0,10,N
HM000202,각산서한이다음,대구광역시 동구 반야월북로 167,35.873091458,128.71592368,5,0,5,N
HM000203,매천화성파크드림,대구광역시 북구 매전로 17,35.908855001,128.54401626,15,0,15,N
HM000204,학정역효성해링턴플레이스,대구광역시 북구 관음로 295,35.954065,128.5518032,5,0,5,N
HM000205,현대방촌맨션,대구광역시 동구 화랑로91길 7,35.876490175,128.67404454,4,0,4,N
HM000206,범어쌍용예가,대구광역시 수성구 명덕로 477,35.854142099,128.62249445,5,0,5,N
HM000208,테크노폴리스일동미라주,대구광역시 달성군 현풍읍 테크노북로2길 9,35.6920828,128.4503466,32,0,32,N
HM000209,옥포미진이지비아,대구광역시 달성군 옥포읍 비슬로447길 56,35.7945441,128.4660449,60,0,60,N
HM000210,산호한양아파트,대구광역시 북구 대천로7길 40,35.9410004,128.5543896,5,0,5,N
HM000211,만촌2차우방타운,대구광역시 수성구 교학로11길 91,35.849650717,128.65690978,4,0,4,N
HM000212,서재우방타운,대구광역시 달성군 다사읍 서재로28길 39,35.874086707,128.50071563,5,0,5,N
HM000244,주공그린빌3단지,대구광역시 북구 구암서로 41,35.940088171,128.56577439,31,0,31,N
HM000267,범어라온프라이빗2차,대구광역시 수성구 청호로 438,35.855562651,128.64080562,14,0,14,N
HM000300,청구청산맨션,대구광역시 달성군 화원읍 비슬로539길 5,35.809113031,128.51003856,4,0,4,N
HM000302,국가산단줌파크,대구광역시 달성군 구지면 국가산단대로64길 63,35.656039862,128.42290374,20,0,20,N
HM000303,율하우방아이유쉘,대구광역시 동구 금호강변로3길 22,35.868678522,128.68877484,10,0,10,N
HM000304,침산2차청구타운,대구광역시 북구 침산남로19길 8,35.889937677,128.58692349,2,0,2,N
HM000311,성서2차화성타운_CH,대구광역시 달서구 성서동로 355-20,35.852691922,128.51332918,5,0,5,N
HM000341,대곡청구제네스,대구광역시 달서구 상화로 90,35.807170634,128.52401734,8,0,8,N
HM000343,진천역계룡리슈빌,대구광역시 달서구 진천로 77,35.8156,128.522,13,13,0,Y
HM000345,대실역청아람2단지,대구광역시 달성군 다사읍 대실역북로 26,35.8590269,128.4676838,33,0,33,N
HM000355,대구역센트럴자이,대구광역시 중구 서성로 99,35.875784681,128.58772767,10,0,10,N
HM000360,침산동2차쌍용예가,대구광역시 북구 성북로9길 12,35.892435087,128.58809479,7,0,7,N
HM000362,옥포대성베르힐,대구광역시 달성군 옥포읍 돌미로 70,35.780536444,128.44158423,10,0,10,N
HM000379,용산파크타운,대구광역시 달서구 용산로 259,35.860726367,128.52894895,5,0,5,N
HM000382,상인제림아파트,대구광역시 달서구 상화북로 196,35.813234558,128.54721283,8,0,8,N
HM000388,칠성우방맨션,대구광역시 북구 중앙대로105길 22,35.880717551,128.59352667,3,0,3,N
HM000392,대곡삼성래미안2차,대구광역시 달서구 상화로 86,35.807020869,128.52374082,3,0,3,N
HM000399,심미한마음 아파트,대구광역시 중구 남산로13길 70,35.860944195,128.57892966,2,0,2,N
HM000402,봉덕한라하우젠트퍼스트,대구광역시 남구 봉덕로21길 53-16,35.8469272,128.5996778,10,0,10,N
HM000419,복현건영아파트,대구광역시 북구 검단로 28,35.900138290,128.61566339,5,0,5,N
HM000443,상인청구타운,대구광역시 달서구 상인로 105,35.816167312,128.54585949,10,0,10,N
HM000446,방촌2차영남네오빌,대구광역시 동구 동촌로42길 63,35.879854372,128.66124183,2,0,2,N
HM000485,대신센트럴자이,대구광역시 중구 달구벌대로 1955,35.863862844,128.57818876,20,0,20,N
HM000486,한신더휴이스턴팰리스,대구광역시 북구 매전로4길 31,35.905836471,128.54357945,19,0,19,N
HM000492,국가산단 반도유보라 아이비파크,대구광역시 달성군 구지면 국가산단북로60길 59,35.658707435,128.42126396,7,0,7,N
HM000504,한라하우젠트센트럴파크,대구광역시 달성군 유가읍 테크노중앙대로 240,35.692165056,128.45822834,5,0,5,N
HM000514,죽곡삼정그린코아더베스트,대구광역시 달성군 다사읍 다사로 50,35.864642073,128.45988708,19,0,19,N
HM000515,와룡건영캐스빌,대구광역시 달성군 다사읍 서재로12길 41-16,35.8670958,128.4948181,15,0,15,N
HM000516,칠곡금빛타운,대구광역시 북구 팔거천동로 70,35.9306336,128.5544913,8,0,8,N
HM000519,동대구반도유보라,대구광역시 동구 송라로16길 11,35.875528732,128.61795627,30,0,30,N
HM000520,세천삼정그린코아2단지,대구광역시 달성군 다사읍 세천북로 20,35.876377587,128.47903310,9,0,9,N
HM000521,세천삼정그린코아더베스트1단지,대구광역시 달성군 다사읍 세천북로 10,35.875488919,128.47910881,10,0,10,N
HM000522,협성휴포레월성,대구광역시 달서구 조암로10길 11,35.8249592,128.524067,37,0,37,N
HM000579,신서그린빌,대구광역시 동구 반야월북로 251,35.872931524,128.72519928,9,0,9,N
HM000582,앞산비스타동원,대구광역시 남구 신촌길 57,35.838152659,128.60212232,20,0,20,N
HM000585,용산영남타운,대구광역시 달서구 용산로 266,35.861314317,128.53264718,9,0,9,N
HM000587,진천역AK그랑폴리스,대구광역시 달서구 월배로11길 33,35.815870956,128.51908540,38,0,38,N
HM000590,침산삼정그린코아,대구광역시 북구 중앙대로 570,35.883735886,128.59729787,3,0,3,N
HM000632,성서푸른마을,대구광역시 달서구 선원로 137,35.8598146,128.507573,35,0,35,N
HM000635,성서8주공,대구광역시 달서구 성지로 42,35.853544990,128.52011553,13,0,13,N
HM000636,현대썬앤빌대구,대구광역시 달성군 다사읍 세천로 182-10,35.874076443,128.48070411,10,0,10,N
HM000658,용산청구블루빌,대구광역시 달서구 용산로 254,35.860216762,128.53187778,13,0,13,N
HM000665,수성화성파크드림,대구광역시 수성구 용학로28길 8,35.822894958,128.62463337,13,0,13,N
HM000674,성서3차동서타운,대구광역시 달서구 이곡공원로 49,35.8556717,128.5129275,6,0,6,N
HM000676,e편한세상범어,대구광역시 수성구 들안로78길 45,35.865603134,128.62041353,14,0,14,N
HM000684,비산한신休플러스,대구광역시 서구 달서로17길 17,35.8707242,128.5690655,8,0,8,N
HM000688,옥포대성베르힐4단지,대구광역시 달성군 옥포읍 돌미로 70,35.7805364,128.4415842,46,0,46,N
HM000698,칼레이트CC (군위컨트리클럽),대구광역시 군위군 소보면 서금로 342,36.21467677,128.52769583,1,0,1,N
HM000720,삼성아파트,대구광역시 북구 칠곡중앙대로52길 20,35.9202388,128.5483632,20,0,20,N
HM000721,칠곡중앙한신,대구광역시 북구 영송로 85,35.9330382,128.5443152,21,0,21,N
HM000722,정부대구지방합동청사,대구광역시 달서구 화암로 301,35.8044168,128.5167632,20,0,20,N
HM000736,유니버시아드선수촌2단지,대구광역시 북구 동변로 24,35.916533233,128.60229660,11,0,11,N
HM000738,대곡역금강1차아파트,대구광역시 달서구 비슬로540길 38,35.8071235,128.5114835,6,0,6,N
HM000741,대구혁신LH천년나무3단지,대구광역시 동구 과학로13길 30,35.8865924,128.7168043,7,0,7,N
HM000743,범물서한화성타운,대구광역시 수성구 지범로40길 11,35.818980414,128.64103955,11,0,11,N
HM000746,월배쌍용예가,대구광역시 달서구 조암남로32길 13,35.8174984,128.5167499,10,0,10,N
HM000755,지산화성파크드림,대구광역시 수성구 지범로17길 85,35.8280055,128.6281209,3,3,0,Y
HM000756,월배1차아이파크,대구광역시 달서구 조암남로 182,35.814881262,128.51559968,6,0,6,N
HM000762,신당한화꿈에그린,대구광역시 달서구 달서대로 719,35.8639716,128.4910812,21,0,21,N
HM000763,우방대자연1차,대구광역시 수성구 파동로 120,35.8142248,128.6159837,4,0,4,N
HM000769,중리롯데캐슬,대구광역시 서구 국채보상로34길 12,35.867237250,128.54944750,45,0,45,N
HM000771,용산2차서한화성타운,대구광역시 달서구 용산큰못길 30,35.860229653,128.528507,6,0,6,N
HM000773,옥포천년나무3단지,대구광역시 달성군 옥포읍 돌미로2길 15,35.777864,128.438432,19,0,19,N
HM000774,대곡한라하우젠트,대구광역시 달서구 비슬로 2724,35.809371860,128.51362671,7,0,7,N
HM000775,칠곡2차동서타운,대구광역시 북구 구암로32길 22,35.9298129,128.5573676,7,0,7,N
HM000788,화성빌라트,대구광역시 동구 파계로22길 33,35.941920792,128.63964093,3,0,3,N
HM000789,대곡역화성파크드림,대구광역시 달서구 달서대로 41,35.812470177,128.51134883,9,0,9,N
HM000790,칠곡건영아파트,대구광역시 북구 구암로32길 15,35.9298242,128.5582813,4,4,0,Y
HM000791,시지5차월드하이츠,대구광역시 수성구 욱수천로 7,35.829647931,128.70960359,5,5,0,Y
HM000806,신암동건영캐스빌,대구광역시 동구 신암남로 50,35.8785653,128.6219374,12,12,0,Y
HM000807,강창훼밀리타운,대구광역시 달성군 다사읍 달구벌대로 842-7,36.0073837,129.3209622,2,2,0,Y
HM000830,칠곡화성타운,대구광역시 북구 동천로 6,35.932252527,128.55841130,4,4,0,Y
HM000835,화원창신맨션,대구광역시 달성군 화원읍 화원로 36,35.808126961,128.50000491,4,4,0,Y
HM000843,봉덕화성파크드림,대구광역시 남구 대봉로14길 30,35.843114785,128.60581158,4,4,0,Y
HM000845,수성효성해링턴플레이스,대구광역시 수성구 희망로24길 24,35.845891608,128.61133339,5,5,0,Y
HM000847,선학맨션,대구광역시 북구 성북로 50,35.891342055,128.58841649,5,5,0,Y
HM000848,진석타워즈,대구광역시 중구 동덕로 115,35.865095065,128.60266293,2,2,0,Y
HM000849,지산서한이다음,대구광역시 수성구 용학로 313,35.823311864,128.64144929,6,6,0,Y
HM000850,만촌동월드메르디앙,대구광역시 수성구 달구벌대로 2583,35.859343594,128.64539564,5,5,0,Y
HM000853,수성영남타운,대구광역시 수성구 달구벌대로456길 43,35.857128327,128.61161154,5,5,0,Y
HM000864,복현청구타운,대구광역시 북구 검단로 34,35.900737081,128.61586790,9,9,0,Y
HM001013,주공산새마을,대구광역시 달서구 도원남로 40,35.804286655,128.53325059,5,0,5,N
HM001028,한일아파트(대구),대구광역시 북구 칠곡중앙대로53길 32,35.918465009,128.54312264,11,11,0,Y
HM001029,대구역서원프레시빌,대구광역시 북구 칠성남로 176,35.8766044,128.5991137,4,4,0,Y
HM001033,우방푸른타운,대구광역시 동구 국채보상로159길 41,35.869928345,128.61613090,13,13,0,Y
HM001046,협성휴포레강북,대구광역시 북구 태암남로 60,35.924712118,128.55372556,10,10,0,Y
HM001048,시지월드메르디앙,대구광역시 수성구 천을로 70,35.844811727,128.69846180,6,6,0,Y
HM001049,서재2차보성타운,대구광역시 달성군 다사읍 서재로30길 7,35.8760313,128.497964,15,15,0,Y
HM001076,대실역태왕아너스,대구광역시 달성군 다사읍 대실역남로 11,35.856365509,128.46484848,9,9,0,Y
HM001316,각산태영데시앙,대구광역시 동구 반야월북로 123,35.8753728,128.7104041,23,0,23,N
HM001407,대곡역금강2차아파트,대구광역시 달서구 비슬로540길 14,35.8074242,128.5099231,5,5,0,Y
HM001418,성서6주공아파트,대구광역시 달서구 성지로 35,35.853971153,128.52021870,9,9,0,Y
HM001426,성서1차영남우방타운,대구광역시 달서구 성지로 11,35.854070317,128.51744319,8,8,0,Y
HM001428,태왕유성하이빌,대구광역시 수성구 동대구로 250,35.853192472,128.62606739,3,3,0,Y
HM001486,강북태왕아너스더퍼스트,대구광역시 북구 칠곡중앙대로110길 10,35.9432203,128.5520969,6,6,0,Y
HM001533,월드마크웨스트엔드,대구광역시 달서구 와룡로 169,35.848732309,128.53638907,8,8,0,Y
HM001534,신매우방타운,대구광역시 수성구 달구벌대로651길 33,35.840448177,128.71358200,5,5,0,Y
HM001574,청운신협,대구광역시 수성구 들안로 416,35.867052967,128.61860420,2,2,0,Y
HM001631,시지3차신매보성타운,대구광역시 수성구 달구벌대로651길 23,35.8393467,128.7135515,2,2,0,Y
HM001632,공항3차아파트,대구광역시 동구 팔공로26길 49,35.9106885,128.6465952,4,4,0,Y
HM001646,상인자이아파트,대구광역시 달서구 상원로 142,35.8215468,128.5302813,18,18,0,Y
HM001647,월드마크웨스트엔드상가,대구광역시 달서구 와룡로 169,35.8487323,128.5363891,6,6,0,Y
HM001648,보성은하타운,대구광역시 달서구 월곡로 320,35.8235828,128.5342978,24,24,0,Y
HM001663,강창1차삼산타운,대구광역시 달성군 다사읍 달구벌대로 790,35.8620309,128.4584408,9,9,0,Y
HM001665,서한이다음레이크뷰,대구광역시 달서구 상화로58길 35,35.8073751,128.5460462,16,16,0,Y
HM001671,성서우방타운,대구광역시 달서구 계대동문로 123,35.8557807,128.5064521,8,8,0,Y
HM001672,우방플러스빌,대구광역시 북구 중앙대로105길 17,35.8803793,128.5944033,2,2,0,Y
HM001674,각산푸르지오2단지,대구광역시 동구 경안로 822,35.8751837,128.7150763,10,10,0,Y
HM001697,용산2차우방타운,대구광역시 달서구 용산서로 38,35.8578899,128.5261628,8,8,0,Y
HM001720,죽전한양아이클래스,대구광역시 달서구 장기로 228,35.8440656,128.5354511,3,3,0,Y
HM001722,이천주공 2단지,대구광역시 남구 희망로 57,35.8479169,128.6045802,6,6,0,Y
HM001741,성화아파트,대구광역시 북구 복현로 114-18,35.902197,128.6204877,6,6,0,Y
HM001803,보성동원타운,대구광역시 동구 안심로41길 21,35.8680461,128.7074496,3,3,0,Y
HM001804,방촌역태왕아너스,대구광역시 동구 동촌로 255,35.8815077,128.6673615,4,4,0,Y
HM001809,동대구비스타동원,대구광역시 동구 화랑로 51,35.8719777,128.6301116,19,19,0,Y
HM001814,성서2차서한타운,대구광역시 달서구 선원로 122,35.858883,128.5048127,10,10,0,Y
HM001815,칠곡3단지 부영아파트,대구광역시 북구 구암서로 7,35.9376242,128.5630429,11,11,0,Y
HM001818,아카시아아파트,대구광역시 달서구 대명천로 153,35.8379774,128.5421457,3,3,0,Y
HM700008,상동청구타운,대구광역시 수성구 수성로19길 41,35.8336048,128.6090889,3,3,0,Y
HM710014,_KT&G 코스모대구사업소,대구광역시 남구 대명로 124,35.8386299,128.5711945,4,0,4,N
HM710033,용산청구타운,대구광역시 달서구 용산서로 22,35.857822335,128.52764130,8,0,8,N
HM710036,칠곡네스빌,대구광역시 북구 동천로 155,35.9450353,128.5593052,13,0,13,N
HM710043,모란3차아파트,대구광역시 동구 율하동로20길 31,35.868706622,128.70464922,4,4,0,Y
HM710044,모란2차아파트,대구광역시 동구 율하동로20길 30,35.867664644,128.70537949,3,3,0,Y
HM710046,남산자이하늘채,대구광역시 중구 명덕로 33,35.861594838,128.57486716,16,16,0,Y
HM710054,미리내맨션,대구광역시 남구 효성로 13,35.833726229,128.59892892,5,5,0,Y
HM710055,모란1차아파트,대구광역시 동구 율하동로20길 40,35.867296475,128.70662704,2,2,0,Y
HM710062,한국교직원공제회 대구회관,대구광역시 수성구 동대구로 334,35.860036912,128.62717815,2,2,0,Y
HM710064,_메리츠화재 대구지점,대구광역시 중구 국채보상로 561,35.871003909,128.59207607,2,0,2,N
HM710074,동서리치모아,대구광역시 북구 서변로 88,35.9233715,128.597151,10,0,10,N
HM710076,래미안웰리스트아파트,대구광역시 남구 효성중앙길 82,35.83504543,128.60439029,8,8,0,Y
HM710077,범어 SK VIEW 아파트,대구광역시 수성구 범어로 75,35.8563549,128.6345011,4,4,0,Y
HM710078,롯데캐슬레이크,대구광역시 달서구 상화로58길 86,35.804630746,128.54870729,25,0,25,N
HM710079,설화명곡역우방아이유쉘,대구광역시 달성군 화원읍 비슬로 2417,35.7960539,128.4842759,10,10,0,Y
HM710090,힐스테이트죽전역더퍼스트,대구광역시 달서구 와룡로31길 26,35.8468474,128.5335763,15,15,0,Y
HM710096,청운신협협동조합,대구광역시 수성구 성동로 70,35.840681420,128.72303692,1,0,1,N
HM710098,시지3차태왕하이츠,대구광역시 수성구 욱수천로 77,35.835326789,128.71117268,5,5,0,Y
HM710101,매호동서타운,대구광역시 수성구 천을로 180,35.841780298,128.71024432,9,9,0,Y
HM710103,성서주공7단지,대구광역시 달서구 성지로 12,35.852621041,128.51763163,10,10,0,Y
HM710104,대명역센트럴엘리프,대구광역시 남구 대명로14길 60,35.8352745,128.5631123,6,6,0,Y
HM710118,대구 수갤러리아,대구광역시 북구 침산로 246,35.8979765,128.5895019,1,1,0,Y
HM710121,펙스코 패션디자인 개발지원센터,대구광역시 북구 유통단지로14길 17,35.9061797,128.6117418,2,2,0,Y
HM710135,두류역공영주차장,대구광역시 서구 달구벌대로 지하1760,35.8580807,128.5571196,3,0,3,N
HU530001,웨스트애비뉴,대구광역시 달성군 현풍읍 테크노상업로 34,35.691991452,128.45408828,2,2,0,Y
HW000381,대구 노변중학교,대구광역시 수성구 시지로 66,35.8380627,128.6943658,2,0,2,N
HW000396,대구 송현여자고등학교,대구광역시 달서구 송현로 156,35.8313498,128.5464965,2,0,2,N
HW000397,대구 오성고등학교,대구광역시 수성구 달구벌대로522길 78,35.8533109,128.6447415,2,0,2,N
HW000407,대구 체육고등학교,대구광역시 북구 칠곡중앙대로136길 29,35.9584878,128.558074,6,0,6,N
HW000466,대구 포산초등학교 지상주차장,대구광역시 달성군 현풍읍 테크노북로 80,35.6949388,128.45286,2,0,2,N
HW000467,대구 유가초등학교 지상주차장,대구광역시 달성군 유가읍 테크노대로5길 34,35.6922874,128.4675209,3,0,3,N
HW000477,대구 대봉초등학교,대구광역시 남구 대봉로26길 33,35.8740084,128.5935501,2,0,2,N
HW000488,대구 매천중학교,대구광역시 북구 매전로 56,35.910391,128.5472727,3,0,3,N
HW000492,대구 조일고등학교 지상주차장,대구광역시 동구 신덕로 136-11,35.882185,128.694455,3,0,3,N
HW000494,대구 연경초등학교 지상주차장,대구광역시 북구 연경중앙로11길 19,35.9457348,128.616056,2,0,2,N
HW000497,대구 경북공업고등학교 지상주차장,대구광역시 중구 남산로 20,35.8578214,128.5832953,2,0,2,N
HW000499,대구 함지고등학교,대구광역시 북구 학정로48길 46,35.9279763,128.5602625,3,0,3,N
HW000501,대구 정화여자고등학교 지상주차장,대구광역시 수성구 청호로84길 123,35.8506924,128.6412962,4,0,4,N
HW000508,대구과학기술고등학교,대구광역시 서구 당산로 228,35.857327,128.5483665,2,0,2,N
HW000553,대구일중학교,대구광역시 북구 옥산로17길 21,35.887022,128.5852206,2,0,2,N
HW000610,대구 계성고등학교,대구광역시 서구 새방로 171,35.8711121,128.5285105,4,0,4,N
HW000642,대구 달구벌고등학교,대구광역시 동구 팔공산로2길 16,35.9945245,128.6108227,1,0,1,N
HW000643,대구 성화여자고등학교,대구광역시 북구 복현로 140,35.9026513,128.6188059,2,0,2,N
HW000646,대구보건고등학교 지상주차장,대구광역시 달서구 두류남길 10,35.8581525,128.5726074,2,0,2,N
HW000648,대구 학남고등학교 지상주차장,대구광역시 북구 학남로 78,35.946343,128.5691,3,0,3,N
HW000653,대구 비슬고등학교 지상주차장,대구광역시 달성군 현풍읍 테크노북로 100,35.695701,128.454591,3,0,3,N
HW000659,대구 덕인초등학교 지상주차장,대구광역시 달서구 대명천로43길 66,35.8388821,128.5344875,3,0,3,N
HW000691,대구 이룸고등학교 지상주차장,대구광역시 북구 복현로8길 16-54,35.8950539,128.6282909,2,0,2,N
HW000692,대구 성보학교 지상주차장,대구광역시 북구 동북로71길 9-45,35.8940437,128.6301757,4,0,4,N
HW000695,대구 원화여자고등학교 지상주차장,대구광역시 달서구 당산로30길 30,35.8480151,128.5490061,4,0,4,N
HW000702,대구 비슬초등학교 지상주차장,대구광역시 달성군 유가읍 테크노북로 144,35.696171,128.4587303,3,0,3,N
HY000130,대구 디어밸리,대구광역시 동구 파계로 360,35.9654059,128.6313877,2,0,2,N
HY000232,한국교통안전공단 수성자동차검사소,대구광역시 수성구 노변로 33,35.8343076,128.6990659,2,0,2,N
HY000233,한국교통안전공단 이현자동차검사소,대구광역시 서구 문화로 27,35.8749405,128.5357768,1,0,1,N
HY000436,대구 월성푸르지오,대구광역시 달서구 조암로6길 20,35.8266068,128.5273027,21,21,0,Y
HY000437,대구 월성푸르지오,대구광역시 달서구 조암로6길 20,35.8283345,128.5259055,16,16,0,Y
HY000438,대구 월성푸르지오,대구광역시 달서구 조암로6길 20,35.8280035,128.5255368,6,6,0,Y
HY000439,대구 월성푸르지오,대구광역시 달서구 조암로6길 20,35.8285823,128.5251965,2,2,0,Y
HY000440,대구 월성푸르지오,대구광역시 달서구 조암로6길 20,35.8285334,128.5265622,3,3,0,Y
HY000441,대구 월성푸르지오,대구광역시 달서구 조암로6길 20,35.8291285,128.5260212,2,2,0,Y
HY000442,대구 월성푸르지오,대구광역시 달서구 조암로6길 20,35.8279067,128.5273027,3,3,0,Y
HY000443,대구 월성푸르지오,대구광역시 달서구 조암로6길 20,35.8272827,128.5280072,3,3,0,Y
HY000506,대구 칠곡한서타운,대구광역시 북구 동암로7길 39,35.9498722,128.5561098,3,3,0,Y
HY000507,대구 칠곡한서타운,대구광역시 북구 동암로7길 39,35.9490674,128.5556313,3,3,0,Y
HY000508,대구 칠곡한서타운,대구광역시 북구 동암로7길 39,35.948887,128.5552953,6,6,0,Y
HY000509,대구 칠곡한서타운,대구광역시 북구 동암로7길 39,35.9485025,128.5557588,1,1,0,Y
HY000510,엘디스리젠트호텔,대구광역시 중구 달구벌대로 2033,35.866544299,128.58602989,2,0,2,N
HY000639,대구 방촌역 세영리첼더퍼스트,대구광역시 동구 동촌로 260,35.879937,128.6681954,11,11,0,Y
HY000648,대구 화원역 태왕리더스,대구광역시 달성군 화원읍 화원로3길 66,35.8061167,128.4975802,2,2,0,Y
HY000649,대구 화원역 태왕리더스,대구광역시 달성군 화원읍 화원로3길 66,35.8053519,128.4982075,2,2,0,Y
HY000650,대구 화원역 태왕리더스,대구광역시 달성군 화원읍 화원로3길 66,35.8060459,128.4974793,2,2,0,Y
HY000656,현대백화점 더현대 대구,대구광역시 중구 달구벌대로 2077,35.8666296,128.5906257,9,0,9,N
HY000657,현대백화점 더현대 대구,대구광역시 중구 달구벌대로 2077,35.8666074,128.5901037,4,0,4,N
HY000662,대구 서변청아람,대구광역시 북구 호국로57길 20,35.9282458,128.5970321,1,1,0,Y
HY000663,대구 서변청아람,대구광역시 북구 호국로57길 20,35.9278365,128.5966389,2,2,0,Y
HY000664,대구 서변청아람,대구광역시 북구 호국로57길 20,35.9277194,128.5971434,3,3,0,Y
HY000675,대구 시지태왕하이츠1차,대구광역시 수성구 달구벌대로647길 16,35.8395146,128.7116326,7,7,0,Y
HY000690,대구 월성센트로파크,대구광역시 달서구 구마로14남길 55,35.8319255,128.5331411,10,10,0,Y
HY000725,대구 상인푸르지오,대구광역시 달서구 상화로 235,35.8108625,128.5387297,9,9,0,Y
HY000726,대구 상인푸르지오,대구광역시 달서구 상화로 235,35.810397,128.5382739,10,10,0,Y
HY000736,대구 상인화성파크드림 1단지,대구광역시 달서구 송현로7길 10,35.8218838,128.546927,10,10,0,Y
HY000737,대구 상인화성파크드림 2단지,대구광역시 달서구 송현로7길 9,35.8203081,128.547173,7,7,0,Y
HY000738,대구 상인화성파크드림 2단지,대구광역시 달서구 송현로7길 9,35.8209779,128.5486963,6,6,0,Y
HY000739,대구 상인화성파크드림 2단지,대구광역시 달서구 송현로7길 9,35.8189952,128.5494047,3,3,0,Y
HY000740,대구 지산동서맨션,대구광역시 수성구 지산로 56,35.8271235,128.6344404,2,2,0,Y
HY000741,대구 지산동서맨션,대구광역시 수성구 지산로 56,35.8262334,128.6349588,2,2,0,Y
HY000742,대구 지산동서맨션,대구광역시 수성구 지산로 56,35.8258627,128.6344273,2,2,0,Y
HY000743,대구 지산동서맨션,대구광역시 수성구 지산로 56,35.8266253,128.634303,2,2,0,Y
HY000753,현대아울렛 대구점,대구광역시 동구 동대구로 454,35.870779,128.626281,14,0,14,N
HY000791,대구 이안동대구아파트,대구광역시 동구 송라로28길 14,35.8785817,128.6170685,5,5,0,Y
HY000792,대구 이안동대구아파트,대구광역시 동구 송라로28길 14,35.8787065,128.6166735,11,11,0,Y
HY000793,대구 이안동대구아파트,대구광역시 동구 송라로28길 14,35.8787065,128.6166735,9,9,0,Y
HY000813,대구 학정역 효성해링턴플레이스,대구광역시 북구 관음로 295,35.9543692,128.5519088,15,15,0,Y
HY000820,대구 범어삼성쉐르빌,대구광역시 수성구 청호로 426,35.8548169,128.6407443,16,0,16,N
HY000846,대구 서변청아람,대구광역시 북구 호국로57길 20,35.9281697,128.5961408,5,5,0,Y
HY000854,현대백화점 더현대 대구,대구광역시 중구 달구벌대로 2077,35.8665763,128.5907508,7,0,7,N
HY000858,대구 시지대백아파트,대구광역시 수성구 달구벌대로625길 22,35.8440349,128.7005572,4,4,0,Y
HY000862,대구 동촌역 태왕아너스르네상스,대구광역시 동구 동촌로 100,35.8868343,128.6521251,7,7,0,Y
HY000868,대구 광명프레지던트,대구광역시 수성구 수성로 165,35.840029,128.6116637,6,6,0,Y
HY000896,대구 동아아울렛 강북점,대구광역시 북구 칠곡중앙대로 416,35.933001,128.5489561,9,0,9,N
HY000912,대구 동아백화점 수성점,대구광역시 수성구 지범로 191,35.8210722,128.6403608,10,0,10,N
HY000914,대구 동아백화점 쇼핑점,대구광역시 중구 달구벌대로 2085,35.8663335,128.5918416,9,0,9,N
HY000935,대구 침산화성타운1차,대구광역시 북구 침산남로37길 5,35.8875371,128.5957962,7,7,0,Y
HY000937,대구 화원역 태왕리더스,대구광역시 달성군 화원읍 화원로3길 66,35.8053554,128.4971638,3,3,0,Y
HY000938,대구 화원역 태왕리더스,대구광역시 달성군 화원읍 화원로3길 66,35.8061508,128.4975532,1,0,1,N
HY000971,대구 래미안 범어아파트,대구광역시 수성구 상록로 69,35.8657459,128.623032,18,18,0,Y
HY000975,대구 LH천년나무2단지,대구광역시 동구 연경지묘로 153,35.948274,128.6260082,13,13,0,Y
HY000978,호텔인터불고 대구,대구광역시 수성구 팔현길 212,35.8742105,128.6592368,4,0,4,N
HY000979,호텔인터불고 대구,대구광역시 수성구 팔현길 212,35.8735883,128.6592654,3,0,3,N
HY001080,대구 경창산업,대구광역시 달성군 유가읍 테크노순환로7길 10,35.6829872,128.4642897,2,0,2,N
HY001084,대구 월배아이파크1차,대구광역시 달서구 조암남로 182,35.8157025,128.5132554,16,16,0,Y
HY001085,대구 월배아이파크1차,대구광역시 달서구 조암남로 182,35.8152545,128.5155538,3,3,0,Y
HY001086,대구 월배아이파크1차,대구광역시 달서구 조암남로 182,35.8144789,128.5148863,3,3,0,Y
HY001087,대구 월배아이파크1차,대구광역시 달서구 조암남로 182,35.8147994,128.514483,9,9,0,Y
HY001088,대구 월배아이파크1차,대구광역시 달서구 조암남로 182,35.8150572,128.5140453,5,5,0,Y
HY001089,대구 월배아이파크1차,대구광역시 달서구 조암남로 182,35.8153791,128.5135314,4,4,0,Y
HY001103,대구 범물보성맨션,대구광역시 수성구 용학로 316,35.8224,128.6424161,10,10,0,Y
HY001166,칠곡2지구 건영캐스빌,대구광역시 북구 구암로32길 15,35.929599,128.557606,4,0,4,N
HY001169,대구 청운맨션,대구광역시 중구 동덕로 33,35.859006600,128.60313502,10,0,10,N
HY001208,대구 용산파크타운,대구광역시 달서구 용산로 259,35.861041,128.528053,17,0,17,N
HY001218,대구 혁신도시 서한이다음4차,대구광역시 동구 초례로 50,35.879382,128.752906,12,12,0,Y
HY001249,대구 범어센트레빌,대구광역시 수성구 청호로 401,35.853392,128.638082,6,0,6,N
HY001271,대구 성당에덴타운,대구광역시 달서구 성당로33길 16,35.8494717,128.5694877,5,0,5,N
HY001294,대구 성당두산위브,대구광역시 달서구 당산로 82,35.8444,128.5458,18,18,0,Y
HY001305,대구 테크노폴리스 중흥S클래스,대구광역시 달성군 유가읍 테크노순환로 423,35.699918,128.46727,8,8,0,Y
HY001356,대구 월배태영데시앙,대구광역시 달서구 조암남로 123,35.8178,128.5209,13,13,0,Y
HY001393,대구 상인화성파크드림 1단지,대구광역시 달서구 송현로7길 10,35.820663,128.54513,36,0,36,N
HY001418,대구 성서타운아파트,대구광역시 달서구 성서동로 355-27,35.8516862,128.5123711,5,5,0,Y
HY001434,기아 대구 서비스센터,대구광역시 북구 팔달로 53,35.89080165,128.5567345,2,0,2,N
HY001518,대구 대신 센트럴자이,대구광역시 중구 달구벌대로 1955,35.8649928,128.5776631,30,30,0,Y
HY001560,대구 율하센트럴파크9단지,대구광역시 동구 안심로22길 76,35.86287,128.699741,8,0,8,N
HY001570,대구 금호스타힐스NHF6단지,대구광역시 북구 내곡로 70,35.899765,128.510279,22,0,22,N
HY001611,대구국가산단 반도유보라아이비파크2차,대구광역시 달성군 구지면 국가산단북로60길 59,35.6581987,128.4198523,16,0,16,N
HY001612,대구 과학마을청아람,대구광역시 달성군 구지면 과학마을로 70,35.6558018,128.4195481,22,0,22,N
HY001652,대구 두류센트레빌더파크,대구광역시 달서구 당산로36길 37,35.8519689,128.5507273,29,0,29,N
HY001691,대구 신천휴먼시아6단지,대구광역시 동구 송라로11길 39,35.870891,128.617188,12,12,0,Y
HY001738,대구 e편한세상대신,대구광역시 중구 달구벌대로 1943,35.86362,128.5769,12,0,12,N
HY001739,대구 신매우방타운,대구광역시 수성구 달구벌대로651길 33,35.84045,128.7136,5,0,5,N
HY001742,대구 수성동양엘레브,대구광역시 수성구 명덕로73길 40,35.8565129,128.6115155,6,0,6,N
HY001772,대구 강변일성트루엘,대구광역시 북구 침산남로 215,35.8868315,128.5994825,9,0,9,N
HY001776,대구 동화로즈빌,대구광역시 달서구 죽전1길 82,35.84964,128.5372,3,0,3,N
HY001782,대구 신암그린타운,대구광역시 동구 신성로 30,35.878342,128.3611433,8,0,8,N
HY001797,대구 서한미리내맨션,대구광역시 남구 효성로 13,35.83373,128.5989,2,0,2,N
HY001807,대구 에덴공항2차,대구광역시 동구 팔공로33길 10,35.91438,128.639086,3,0,3,N
HY001817,대구 백조3차,대구광역시 달서구 상화북로 160,35.8159,128.5385,2,0,2,N
HY001826,대구 성서삼성한국형,대구광역시 달서구 호산로 126,35.8509417,128.4800433,33,0,33,N
HY001836,대구 진천역 계룡리슈빌,대구광역시 달서구 진천로 77,35.8155343,128.5219174,27,0,27,N
HY001851,대구 범어삼환나우빌,대구광역시 수성구 범어천로 197,35.862508,128.620895,7,7,0,Y
HY001862,대구 노변대백맨션,대구광역시 수성구 노변로 11,35.83403,128.7018,15,0,15,N
HY001863,대구 노변청구타운,대구광역시 수성구 시지로 21,35.83778,128.7052,7,0,7,N
HY001864,대구 시지태왕레전드,대구광역시 수성구 욱수천로 27,35.8315745,128.7098793,9,0,9,N
HY001903,대구 수성3가롯데캐슬,대구광역시 수성구 명덕로 455,35.8557336,128.61993,36,0,36,N
HY001904,대구 별메마을주공6단지,대구광역시 달서구 도원로 46,35.80537,128.535,19,0,19,N
HY001928,대구 두류역서한포레스트,대구광역시 달서구 야외음악당로47길 76,35.8569,128.5627,25,25,0,Y
IN053001,수성월드메르디앙,대구광역시 수성구 노변로 55,35.8368,128.6993,12,0,12,N
IN053002,삼성화재범어사옥,대구광역시 수성구 동대구로 401,35.8664,128.6263,9,0,9,N
IN053003,옥포허브시티,대구광역시 달성군 옥포읍 비슬로 1941,35.7834,128.4352,17,0,17,N
IN053004,세천삼정그린코아더베스트1단지,대구광역시 달성군 다사읍 세천북로 10,35.8756,128.4802,11,0,11,N
IN053005,세천삼정그린코아더베스트2단지,대구광역시 달성군 다사읍 세천북로 20,35.8769,128.4799,8,0,8,N
IN053006,현대썬앤빌대구,대구광역시 달성군 다사읍 세천로 182-10,35.8736,128.4808,9,0,9,N
IN053007,대구서부고용복지플러스센터,대구광역시 서구 서대구로 9,35.8589,128.5566,3,3,0,Y
IN053008,코오롱맨션,대구광역시 서구 당산로 260,35.8597,128.5471,4,0,4,N
IN053009,한국가스공사본사,대구광역시 동구 첨단로 120,35.8871,128.7299,14,0,14,N
IN053010,한국로봇산업진흥원,대구광역시 북구 노원로 77,35.8945,128.5704,9,0,9,N
IN053012,월성화성타운,대구광역시 달서구 학산로2길 27,35.8253,128.5338,4,0,4,N
IN053013,칠곡그린빌3단지,대구광역시 북구 구암서로 41,35.9403,128.5647,45,0,45,N
IN053014,월배쌍용예가,대구광역시 달서구 조암남로32길 13,35.8173,128.5161,18,0,18,N
IN053015,수성3가화성파크드림1단지,대구광역시 수성구 들안로60길 17,35.8579,128.6198,13,0,13,N
IN053016,수성3가화성파크드림2단지,대구광역시 수성구 들안로60길 7,35.8581,128.6182,14,0,14,N
IN053017,칠곡그린빌2단지,대구광역시 북구 구암서로 70,35.9423,128.5672,9,0,9,N
IN053018,청라언덕역서한포레스트,대구광역시 중구 달구벌대로 2021,35.866,128.5849,22,0,22,N
IN053019,화원한샘타운,대구광역시 달성군 화원읍 사문진로6길 17,35.8046,128.493,6,0,6,N
IN053020,신세계백화점대구점,대구광역시 동구 동부로 149,35.8795,128.6327,53,0,53,N
IN053021,영남네오빌블루,대구광역시 북구 서변로 120,35.9263,128.5976,11,0,11,N
IN053022,센트럴파크대현,대구광역시 북구 대현남로6길 20,35.8798,128.6089,27,0,27,N
IN053023,이마트반야월점,대구광역시 동구 안심로 389-2,35.8706,128.7274,8,8,0,Y
IN053024,이마트성서점,대구광역시 달서구 이곡동로 24,35.8535,128.5103,12,0,12,N
IN053025,이마트칠성점,대구광역시 북구 침산로 93,35.8851,128.5899,11,0,11,N
IN053026,이마트월배점,대구광역시 달서구 진천로 92,35.817,128.5239,10,0,10,N
IN053027,이마트만촌점,대구광역시 수성구 동원로 136,35.8711,128.6369,9,9,0,Y
IN053028,이마트T비산점,대구광역시 서구 팔달로 54,35.8898,128.556,4,0,4,N
IN053029,시지3차서한이다음,대구광역시 수성구 달구벌대로669길 20-20,35.8368,128.7243,8,0,8,N
IN053030,롯데택배대구황금대리점,대구광역시 동구 반야월북로 51,35.8773,128.7067,6,6,0,Y
IN053031,연경아이파크,대구광역시 동구 동화천로 369,35.9459,128.63,23,0,23,N
IN053032,범물태성한라창신,대구광역시 수성구 용학로 272,35.8199,128.6388,12,0,12,N
IN053033,호텔라온제나,대구광역시 수성구 범어천로 73,35.8535,128.6226,5,0,5,N
IN053034,화성리버파크1단지,대구광역시 북구 서변로 72,35.9219,128.5978,9,0,9,N
IN053035,경남센트로팰리스,대구광역시 중구 태평로 47,35.8778,128.5837,9,0,9,N
IN053036,대곡한라하우젠트,대구광역시 달서구 비슬로 2724,35.8088,128.5139,2,0,2,N
IN053038,SM안아주아파트,대구광역시 동구 안심로16길 29,35.8654,128.6943,13,0,13,N
IN053039,범어청구푸른마을,대구광역시 수성구 동대구로 240,35.8518,128.627,10,0,10,N
IN053040,대실역청아람1단지아파트,대구광역시 달성군 다사읍 대실역북로 38,35.8607,128.4604,17,0,17,N
IN053041,신천청아람아파트,대구광역시 동구 송라로14길 132,35.8741,128.6221,13,0,13,N
IN053042,보성1차대덕맨션,대구광역시 남구 앞산순환로 657,35.8338,128.5972,12,0,12,N
IN053043,파동남광타운,대구광역시 수성구 파동로22길 3,35.8139,128.6173,3,0,3,N
IN053044,신동아파밀리에아파트,대구광역시 달성군 화원읍 비슬로539길 38,35.8111,128.5096,12,0,12,N
IN053045,주식회사유앤지,대구광역시 북구 침산로 240,35.8974,128.5894,2,2,0,Y
IN053046,동대구화물터미널,대구광역시 동구 화랑로 584,35.8729,128.6866,2,0,2,N
IN053047,월성5단지아파트,대구광역시 달서구 구마로12길 89,35.8323,128.5364,16,0,16,N
IN053048,월성삼정그린에듀파크,대구광역시 달서구 월성로 100,35.8299,128.5242,37,0,37,N
IN053049,신서퀸덤아파트,대구광역시 동구 신서로 72,35.8746,128.7249,12,0,12,N
IN053050,동서변리벤빌,대구광역시 북구 서변로 106,35.9248,128.5985,5,0,5,N
IN053051,지산타운아파트,대구광역시 수성구 용학로 303,35.8226,128.6404,5,0,5,N
IN053052,신천2주공아파트,대구광역시 동구 국채보상로155길 54,35.8734,128.6136,9,0,9,N
IN053053,한국가스공사숙소동,대구광역시 동구 동내로20길 34,35.8806,128.7391,9,0,9,N
IN053054,논공성원아파트,대구광역시 달성군 논공읍 논공로23길 14,35.7317,128.4471,9,0,9,N
IN053055,신성서화성파크드림,대구광역시 달성군 다사읍 서재로27길 42,35.8748,128.4963,22,0,22,N
IN053056,시지천마타운,대구광역시 수성구 신매로 71,35.8366,128.7072,12,0,12,N
IN053057,오페라코오롱하늘채,대구광역시 북구 중앙대로 540,35.881,128.597,16,0,16,N
IN053058,범물두성타운,대구광역시 수성구 지범로 300,35.8146,128.6491,4,0,4,N
IN053059,침산코오롱하늘채2단지,대구광역시 북구 중앙대로 591,35.885,128.5964,43,0,43,N
IN053060,이마트만촌점E,대구광역시 수성구 동원로 136,35.8711,128.6367,3,3,0,Y
IN053061,각산푸르지오2단지,대구광역시 동구 경안로 822,35.8743,128.9168,11,0,11,N
IN053062,칠곡7단지부영아파트,대구광역시 북구 구암로49길 10,35.934,128.5648,6,0,6,N
IN053063,신암에스디아이프라임,대구광역시 동구 아양로24길 13,35.8842,128.628,5,0,5,N
IN053067,동화훼미리타운,대구광역시 북구 칠곡중앙대로95길 11,35.9374,128.5484,10,0,10,N
IN053068,칠곡보성맨션,대구광역시 북구 구암로21길 26,35.9362,128.5539,7,0,7,N
IN053069,극동스타클래스남산,대구광역시 중구 남산로 30,35.8602,128.5846,26,0,26,N
IN053070,에코폴리스동화아이위시,대구광역시 달성군 다사읍 서재로12길 38,35.8671,128.4914,19,0,19,N
IN053071,내당삼익맨션,대구광역시 서구 서대구로 25,35.8595,128.5557,5,0,5,N
IN053072,시지삼주한라협화타운아파트,대구광역시 수성구 신매로 91,35.8384,128.7072,29,0,29,N
IN053073,남산롯데캐슬센트럴스카이,대구광역시 중구 재마루길 77,35.8637,128.5844,25,0,25,N
IN053074,반월당서한포레스트,대구광역시 중구 중앙대로67길 11,35.8627,128.5922,25,0,25,N
IN053076,죽곡푸르지오2단지,대구광역시 달성군 다사읍 대실역남로 93,35.8512,128.4658,21,0,21,N
IN053077,영남네오빌비스타,대구광역시 달서구 대명천로 250,35.8422,128.533,6,0,6,N
IN053078,칠곡관음타운,대구광역시 북구 영송로 63,35.9312,128.5436,16,0,16,N
IN053079,신성서진흥더블파크,대구광역시 달성군 다사읍 서재로24길 29,35.8727,128.5007,18,0,18,N
IN053080,시지동서타운아파트,대구광역시 수성구 신매로 41,35.8335,128.7069,10,0,10,N
IN053081,복현2차서한타운,대구광역시 북구 공항로15길 8,35.9006,128.6242,13,0,13,N
IN053082,유천포스코더샵,대구광역시 달서구 달서대로 67,35.8137,128.5082,21,0,21,N
IN053083,이천뜨란채2단지,대구광역시 남구 희망로 57,35.8479,128.6047,8,0,8,N
IN053084,율하역엘크루아파트,대구광역시 동구 안심로7길 7,35.8726,128.6906,9,0,9,N
IN053085,북죽곡현대엠코타운,대구광역시 달성군 다사읍 세천로 160,35.8737,128.4784,31,0,31,N
IN053086,에코폴리스동화아이위시3차,대구광역시 달성군 다사읍 서재로7길 25,35.87,128.4897,39,0,39,N
IN053087,동화해오름타운아파트,대구광역시 동구 동호로 89,35.8677,128.7273,14,0,14,N
JA270001,(출입제한)롯데글로벌로지스 서대구터미널,대구광역시 달성군 화원읍 비슬로485길 40,35.7992241,128.4838066,2,2,0,Y
JA270003,롯데칠성음료 동대구영업소,대구광역시 북구 노원로 69,35.8946907,128.5690001,1,1,0,Y
JA270004,롯데백화점 상인점,대구광역시 달서구 월배로 232,35.8188921,128.53937,10,0,10,N
JA270005,롯데마트 율하점,대구광역시 동구 안심로 80,35.8677994,128.6937415,23,0,23,N
JA270006,롯데백화점 대구점 지상 4층,대구광역시 중구 태평로 160,35.8754831,128.5962573,9,0,9,N
JA270007,롯데백화점 대구점 지상 3층,대구광역시 중구 태평로 160,35.8754317,128.5962314,4,0,4,N
JA270008,롯데아울렛 이시아폴리스점 A주차장,대구광역시 동구 팔공로49길 27,35.9204947,128.6390768,23,0,23,N
JA270009,롯데슈퍼 수성점,대구광역시 수성구 수성로 227,35.8452214,128.6123853,3,0,3,N
JA270010,대구가정법원,대구광역시 달서구 장산남로 30,35.853641,128.5280508,4,4,0,Y
JA270011,대구영남대학교의료원,대구광역시 남구 현충로 170,35.8480279,128.5873917,37,0,37,N
JA270012,대구한의대 한방병원,대구광역시 동구 혁신대로 430,35.8729968,128.744718,15,0,15,N
JA270013,롯데웰푸드 북대구지점,대구광역시 북구 유통단지로13길 13-6,35.908508,128.6084074,2,2,0,Y
JE080003,(주)우리은행 대구지점,대구광역시 중구 중앙대로 418,35.8702606,128.5941282,1,1,0,Y
KE000070,대구수성롯데캐슬더퍼스트301동,대구광역시 수성구 수성로69길 65,35.8560684,128.6101088,2,2,0,Y
KE000075,대구옥포LH천년나무307동,대구광역시 달성군 옥포읍 돌미로2길 15,35.7762257,128.4380035,5,5,0,Y
KE000211,대구산격거평103동,대구광역시 북구 유통단지로3길 7,35.9052694,128.6035287,2,2,0,Y
KE000230,대구SD아이프라임강북102동,대구광역시 북구 칠곡중앙대로125길 7,35.9509709,128.5519915,3,3,0,Y
KE000244,대구신서혁신LH천년나무606동,대구광역시 동구 과학로 23,35.8815136,128.7159769,1,1,0,Y
KE000245,대구신서혁신LH천년나무601동,대구광역시 동구 과학로 23,35.8815136,128.7159769,2,2,0,Y
KE000246,대구신서혁신LH천년나무607동,대구광역시 동구 과학로 23,35.8815136,128.7159769,2,2,0,Y
KE000354,대구침산태왕리더스102동,대구광역시 북구 침산남로 80,35.8892394,128.5840687,3,3,0,Y
KE000359,대구다사주공201동,대구광역시 달성군 다사읍 매곡로14길 13,35.8661004,128.4561501,3,3,0,Y
KE000360,대구다사주공102동,대구광역시 달성군 다사읍 매곡로14길 13,35.8661004,128.4561501,2,2,0,Y
KE000375,대구칠곡우방하이츠102동,대구광역시 북구 구리로 26,35.9459251,128.5574231,2,2,0,Y
KE000385,대구금호LH천년나무102동,대구광역시 북구 한강로 55,35.8980854,128.5146469,2,2,0,Y
KE000386,대구금호LH천년나무104동,대구광역시 북구 한강로 55,35.8985721,128.5154462,2,2,0,Y
KE000387,대구금호LH천년나무106동,대구광역시 북구 한강로 55,35.8980313,128.5163896,1,1,0,Y
KE000419,대구수성롯데캐슬더퍼스트103동,대구광역시 수성구 수성로69길 65,35.8551147,128.6092801,2,2,0,Y
KE000420,대구수성롯데캐슬더퍼스트203동,대구광역시 수성구 수성로69길 65,35.8556328,128.6091422,1,1,0,Y
KE000540,대구신천역더뷰파크301동,대구광역시 동구 동부로 20,35.8733213,128.6141239,3,3,0,Y
KE000548,대구동구진로이스트타운,대구광역시 동구 동북로 460,35.8829358,128.6348721,3,3,0,Y
KE000602,대구화성리버파크1단지106동,대구광역시 북구 서변로 72,35.9223394,128.5974287,1,1,0,Y
KE000692,대구화성리버파크1단지105동1,대구광역시 북구 서변로 72,35.9216919,128.5975356,3,3,0,Y
KE000693,대구화성리버파크1단지106동1,대구광역시 북구 서변로 72,35.9216344,128.5980502,1,1,0,Y
KE000709,대구SD아이프라임강북103동,대구광역시 북구 칠곡중앙대로125길 7,35.9502922,128.5513526,6,6,0,Y
KE000830,대구태전역더뉴클래스,대구광역시 북구 태전로 1,35.9203716,128.5456744,3,3,0,Y
KE000836,대구신천역까사밀라,대구광역시 동구 동부로 29,35.8745205,128.6157887,3,3,0,Y
KE000883,대구수성월드메르디앙103동1,대구광역시 수성구 노변로 55,35.8361209,128.6995922,2,2,0,Y
KE000884,대구수성월드메르디앙103동2,대구광역시 수성구 노변로 55,35.8360339,128.6996673,2,2,0,Y
KE000885,대구수성월드메르디앙104동,대구광역시 수성구 노변로 55,35.8355207,128.6996673,2,2,0,Y
KE000886,대구수성월드메르디앙106동,대구광역시 수성구 노변로 55,35.8355816,128.6988949,2,2,0,Y
KE000887,대구수성월드메르디앙108동,대구광역시 수성구 노변로 55,35.836808,128.6988412,2,2,0,Y
KE000897,대구삼정브리티시용산1,대구광역시 달서구 달구벌대로 1530,35.8490446,128.533589,5,0,5,N
KE000898,대구삼정브리티시용산2,대구광역시 달서구 달구벌대로 1530,35.8492533,128.5339752,5,0,5,N
KE000899,대구삼정브리티시용산3,대구광역시 달서구 달구벌대로 1530,35.8492551,128.533759,5,0,5,N
KE000987,대구동구신암진로이스트타운,대구광역시 동구 동북로 460,35.8829377,128.6352291,1,0,1,N
KE001011,대구두산동행정복지센터,대구광역시 수성구 상화로 95,35.8353136,128.6175259,2,2,0,Y
KE001046,대구북구훼미리,대구광역시 북구 노원로 279,35.9011367,128.5902749,1,0,1,N
KE001051,대구수성황금2동행정복지센터,대구광역시 수성구 청솔로2길 64,35.8471947,128.6237245,2,0,2,N
KE001052,대구수성범어4동행정복지센터,대구광역시 수성구 달구벌대로504길 26,35.8561882,128.6381714,1,0,1,N
KE001062,대구북구케이병원,대구광역시 북구 칠곡중앙대로 357,35.9277028,128.5471789,3,0,3,N
KE001089,대구북구SD아이프라임강북B1-01,대구광역시 북구 칠곡중앙대로125길 7,35.9509709,128.5519915,3,0,3,N
KE001090,대구북구SD아이프라임강북B1-02,대구광역시 북구 칠곡중앙대로125길 7,35.9509709,128.5519915,3,0,3,N
KE001135,대구동구아마레호텔,대구광역시 동구 율암로 156-15,35.4647179,129.1388544,1,0,1,N
KE001196,대구성서MEGASTAR,대구광역시 달서구 성서로 414,35.8544435,128.5077714,3,0,3,N
KE001252,한국전기안전공사 대구경북지역본부,대구광역시 동구 동북로 446,35.8837242,128.6342922,7,0,7,N
KE001333,파동행정복지센터,대구광역시 수성구 파동로22길 7,35.8134323,128.6173914,1,1,0,Y
KE001402,경찰대구중앙파출소,대구광역시 중구 중앙대로81길 88,35.8696324,128.5887755,2,2,0,Y
KE001516,경찰대구안심지구대,대구광역시 동구 반야월로 219,35.8722507,128.7128358,2,2,0,Y
KE001517,경찰대구서부경찰서,대구광역시 서구 국채보상로 249,35.8715578,128.5581529,2,2,0,Y
KE001518,경찰대구구지파출소,대구광역시 달성군 구지면 창리로11길 51,35.6594305,128.4133802,2,2,0,Y
KL001131,용산우방미진태왕타운아파트,대구광역시 달서구 용산서로 21,35.85984,128.527881,6,6,0,Y
KL001282,현대청림타운,대구광역시 수성구 지범로54길 15,35.814413,128.646179,3,3,0,Y
KL001438,대구동서변그린빌아파트_01,대구광역시 북구 동변로 55,35.918003,128.602478,3,0,3,N
KL001439,대구동서변그린빌아파트_02,대구광역시 북구 동변로 55,35.918003,128.602478,3,0,3,N
KL001440,대구동서변그린빌아파트_03,대구광역시 북구 동변로 55,35.918003,128.602478,2,2,0,Y
KL001494,신천지하이츠아파트,대구광역시 수성구 청호로 229,35.8379714,128.6396710,3,3,0,Y
KL001616,지산보성맨션_1,대구광역시 수성구 지범로21길 3,35.8243897,128.63597,3,3,0,Y
KL001617,지산보성맨션_2,대구광역시 수성구 지범로21길 3,35.8243897,128.63597,3,3,0,Y
KL001618,지산보성맨션_3,대구광역시 수성구 지범로21길 3,35.8243897,128.63597,3,3,0,Y
KL001672,대구 삼성생명,대구광역시 중구 달구벌대로 2095,35.8662996,128.5928006,3,3,0,Y
KL001677,수목원호정포레스트아파트-1,대구광역시 달서구 갈밭남로 17,35.8002349,128.5310975,4,4,0,Y
KL001678,수목원호정포레스트아파트-2,대구광역시 달서구 갈밭남로 17,35.8002349,128.5310975,3,3,0,Y
KL001679,수목원호정포레스트아파트-3,대구광역시 달서구 갈밭남로 17,35.8002349,128.5310975,3,3,0,Y
KL001745,가고파바비큐식당,대구광역시 군위군 부계면 한티로 1731,36.0337071,128.640221,2,2,0,Y
KL001763,김태희손국수식당,대구광역시 달성군 옥포읍 옥포로 597,35.7466648,128.4888163,2,2,0,Y
KL001809,대구종합유통단지 의류관,대구광역시 북구 유통단지로14길 22,35.9052132,128.6103554,4,4,0,Y
KL001825,이시아팰리스,대구광역시 동구 팔공로51길 5,35.9229552,128.6404005,2,2,0,Y
KL001847,대구유통단지 전기재료관,대구광역시 북구 유통단지로 38,35.9049725,128.6077226,2,2,0,Y
KL001990,범어동일하이빌아파트,대구광역시 수성구 동대구로52길 55,35.854178,128.6283929,3,3,0,Y
KL002459,범어월드메르디앙웨스턴카운티,대구광역시 수성구 범어천로 200,35.86368,128.62063,11,11,0,Y
KL002465,칠곡2차보성서한타운,대구광역시 북구 팔거천동로 104,35.93271,128.55639,22,22,0,Y
KL002550,한국산업관리공단,대구광역시 동구 첨단로 39,35.87994,128.72955,4,4,0,Y
KL002650,성서로얄팰리스관리사무소,대구광역시 달서구 성서로 393,35.8526,128.50667,5,5,0,Y
KL002700,(주)지원엠케이,대구광역시 중구 국채보상로 547,35.87095,128.59042,1,1,0,Y
KL002703,도남자동차검사정비,대구광역시 북구 구리로 193,35.94886,128.57571,1,1,0,Y
KP000060,남대구지사,대구광역시 달성군 화원읍 비슬로509길 26,35.803962,128.493028,9,9,0,Y
KP000061,대구직할,대구광역시 북구 원대로 110,35.887117,128.583811,15,15,0,Y
KP000062,동대구지사,대구광역시 동구 화랑로 135,35.875016,128.640816,12,12,0,Y
KP000156,서대구지사,대구광역시 서구 달서로 85,35.870115,128.570417,12,12,0,Y
KP000230,롯데역사(주) 대구점,대구광역시 북구 태평로 161,35.87570569559,128.5968015716,2,2,0,Y
KP000231,3호선 칠곡차량기지,대구광역시 북구 호국로 872,35.965812,128.562402,2,2,0,Y
KP000232,대구스타디움 버스주차장,대구광역시 수성구 유니버시아드로 140,35.830065,128.690246,3,3,0,Y
KP000233,대구미술관 외환들 주차장,대구광역시 수성구 삼덕동 360-4,35.829091,128.676938,2,2,0,Y
KP000234,시민안전테마파크,대구광역시 동구 팔공산로 1155,35.989458,128.691964,2,2,0,Y
KP000235,방촌천 복개주차장,대구광역시 동구 검사동 957-11,35.884793,128.657818,1,1,0,Y
KP000236,수성패밀리파크,대구광역시 수성구 팔현길 88-46,35.871403,128.673040,1,1,0,Y
KP000237,수성구민운동장,대구광역시 수성구 동대구로 50길 121-7,35.849549,128.630437,3,3,0,Y
KP000238,두류공원 테니스장,대구광역시 달서구 두류동 697-1,35.851282,128.560784,3,3,0,Y
KP000239,대구수목원 제3주차장,대구광역시 달서구 화암로 342,35.801439,128.520400,2,2,0,Y
KP000240,달성종합스포츠파크,대구광역시 달성군 현풍면 성하리 224,35.703927,128.441856,2,2,0,Y
KP000241,화원명곡공원,대구광역시 달서구 화원읍 명곡리 12,35.796170,128.505142,1,1,0,Y
KP000334,대구경북전력관리처,대구광역시 수성구 달구벌대로471길 12,35.8614697501,128.620730937,3,3,0,Y
KP000401,대구유통단지 전자관,대구광역시 북구 유통단지로 45,35.907463,128.607092,4,4,0,Y
KP000402,LH대구경북본부,대구광역시 달서구 상화로 272,35.808063,128.543686,2,2,0,Y
KP000470,대곡역그린빌,대구광역시 달성군 화원읍 본리리 113-1,35.80385346526,128.5113657306,2,2,0,Y
KP000471,상인서한타운,대구광역시 달서구 상인동 상인서로 46,35.81478460446,128.5446760136,1,1,0,Y
KP000472,상인화성파크드림1단지,대구광역시 달서구 상인동 송현로7길 10,35.82134180686,128.5456273938,5,5,0,Y
KP000473,상인화성파크드림2단지,대구광역시 달서구 상인동 송현로7길 9,35.82135602698,128.5480231889,5,5,0,Y
KP000474,천내보성타운,대구광역시 달성군 화원읍 천내리 117,35.80767067887,128.4979855511,1,1,0,Y
KP000475,힐데스하임,대구광역시 달성군 유가면 테크노북로9길 42,35.69295340814,128.4685727648,1,1,0,Y
KP000476,범물인앤인 아파트,대구광역시 수성구 지산동 지범로 52,35.81371647222,128.6442057084,3,3,0,Y
KP000477,범어쌍용예가,대구광역시 수성구 범어동 명덕로 477,35.85467896950,128.6219165643,3,3,0,Y
KP000478,범어화산샬레,대구광역시 수성구 범어동 청호로 411-3,35.85389580048,128.6377958905,2,2,0,Y
KP000479,수성태왕하이츠리버뷰,대구광역시 수성구 수성동1가 93-1,35.85915121057,128.6100023872,2,2,0,Y
KP000480,시지월드메르디앙,대구광역시 수성구 시지동 41,35.84404543030,128.6982221612,4,4,0,Y
KP000481,이시아폴리스더샵1차,대구광역시 동구 봉무동 1524,35.92594234354,128.6397127338,3,3,0,Y
KP000483,앞산힐스테이트,대구광역시 남구 봉덕동 대덕로 166,35.84012160985,128.6020587305,1,1,0,Y
KP000484,대신센트럴자이 아파트,대구광역시 중구 대신동 달구벌대로 1955,35.86473895801,128.5776948530,5,5,0,Y
KP000639,남산그린타운 아파트,대구광역시 중구 남산동 달구벌대로 1950,35.8629167058,128.5767443081,2,2,0,Y
KP000640,대구대현LH3단지 아파트,대구광역시 북구 대현동 대현남로6길 20,35.8804215242,128.6084718274,4,4,0,Y
KP000641,대현e편한세상 아파트,대구광역시 북구 대현동 대현로10길 82,35.882084715,128.6029689113,2,2,0,Y
KP000642,브라운스톤강북 아파트,대구광역시 북구 사수동 내곡로 89,35.902061593,128.5140772922,4,4,0,Y
KP000643,두류보성맨션 아파트,대구광역시 달서구 두류동 두류6길 9,35.8572985718,128.5661655046,2,2,0,Y
KP000644,본리롯데캐슬 아파트,대구광역시 달서구 본리동 대명천로 101,35.8390311815,128.547191255,2,2,0,Y
KP000645,월드마크웨스트엔드 아파트,대구광역시 달서구 감삼동 와룡로 169,35.8487328275,128.5363908546,4,4,0,Y
KP000656,달성2차청아람 아파트,대구광역시 달성군 구지면 과학마을로2길 6,35.6557391655,128.4154988939,5,5,0,Y
KP000657,상인대성스카이렉스 아파트,대구광역시 달서구 상인동 월배로 183,35.818483,128.533294,2,2,0,Y
KP000658,상인역e편한세상1단지 아파트,대구광역시 달서구 상인동 월서로 14,35.8217077317,128.5336656789,3,3,0,Y
KP000659,상인역e편한세상2단지 아파트,대구광역시 달서구 상인동 월서로3길 15,35.8197258942,128.535021683,4,4,0,Y
KP000660,성서 한빛마을 아파트,대구광역시 달서구 이곡동 선원남로 99,35.8574952977,128.5122727755,5,5,0,Y
KP000661,성서 한샘타운 아파트,대구광역시 달서구 이곡동 선원남로 77,35.8575524432,128.5094488365,4,4,0,Y
KP000662,월배역포스코더샵 아파트,대구광역시 달서구 진천동 월서로 51,35.8184733264,128.5286554627,1,1,0,Y
KP000663,월촌화성타운 아파트,대구광역시 달서구 상인동 송현로7길 41,35.8185141496,128.5474347011,3,3,0,Y
KP000664,평광행복타운 아파트,대구광역시 달성군 논공읍 논공중앙로22길 12,35.7258140295,128.4474614845,2,2,0,Y
KP000665,각산푸르지오1단지 아파트,대구광역시 동구 각산동 경안로 824,35.8755218362,128.7178668578,2,2,0,Y
KP000666,동대구유성푸르나임 아파트,대구광역시 동구 신천동 동부로22길 48,35.8724363153,128.6262200222,1,1,0,Y
KP000667,래미안수성 아파트,대구광역시 수성구 범어동 상록로 69,35.8657107484,128.6229827524,3,3,0,Y
KP000668,만촌태왕리더스 아파트,대구광역시 수성구 만촌동 무열로 47,35.8631624123,128.6478613638,3,3,0,Y
KP000669,무열마을 아파트,대구광역시 수성구 만촌동 무열로 56,35.8631481156,128.6517888421,3,3,0,Y
KP000670,범어월드메르디앙웨스턴카운티 아파트,대구광역시 수성구 범어동 범어천로 200,35.863677107,128.6206297567,2,2,0,Y
KP000671,수성누리빌데시앙 아파트,대구광역시 수성구 만촌동 국채보상로 1019,35.8674050147,128.6407486434,2,2,0,Y
KP000672,수성대백인터빌 아파트,대구광역시 수성구 수성동1가 수성로69길 14,35.8561609819,128.6134454023,1,1,0,Y
KP000673,시지3차태왕하이츠 아파트,대구광역시 수성구 신매동 욱수천로 77,35.8353261348,128.7111743327,1,1,0,Y
KP000674,시지3차신매보성타운 아파트,대구광역시 수성구 신매동 달구벌대로651길 23,35.8392828897,128.7135214147,2,2,0,Y
KP000675,시지동화아이위시 아파트,대구광역시 수성구 사월동 달구벌대로669길 20,35.8364586897,128.7227255846,2,2,0,Y
KP000676,아이프라임신매 아파트,대구광역시 수성구 신매동 달구벌대로649길 14,35.8389101257,128.7123624379,2,2,0,Y
KP000677,화성고려파크뷰 아파트,대구광역시 수성구 황금동 청수로40길 29,35.83778752519,128.6308687834,2,2,0,Y
KP001101,대구효성해링턴플레이스,대구광역시 중구 남산동 중앙대로66길 20,35.8617592834,128.5934331166,2,2,0,Y
KP001102,용산롯데캐슬그랜드,대구광역시 달서구 용산동 장산남로 33,35.8500192822,128.5262412677,2,2,0,Y
KP001107,나래마을,대구광역시 달서구 도원동 한실로 29,35.8077813687,128.5301187837,3,3,0,Y
KP001109,유천포스코더샵 아파트,대구광역시 달서구 유천동 달서대로 67,35.8143922538,128.5081622299,4,4,0,Y
KP001111,e편한세상 세계육상선수촌2단지,대구광역시 동구 율하동 안심로16길 71,35.86197566,128.6930208812,4,4,0,Y
KP001112,수성월드메르디앙,대구광역시 수성구 노변동 노변로 55,35.8351174095,128.6992137204,4,4,0,Y
KP001114,율하우방아이유쉘,대구광역시 동구 율하동 금호강변로3길 22,35.869992017,128.6889312144,4,4,0,Y
KP001115,혁신서한이다음3차,대구광역시 동구 대림동 혁신대로 443,35.8751452802,128.7454809354,2,2,0,Y
KP001594,sd아이프라임강북,대구광역시 북구 읍내동 칠곡중앙대로125길 7,35.9513690611,128.5518573185,2,2,0,Y
KP001595,금호신도시서한이다음,대구광역시 북구 사수동 한강로 17,35.8973824413,128.5121053453,4,4,0,Y
KP001596,반월당삼정그린코아,대구광역시 중구 남산동 중앙대로67길 10,35.8635492893,128.5921847708,2,2,0,Y
KP001597,복현푸르지오,대구광역시 북구 복현동 동북로 345,35.8926389018,128.6273508014,5,5,0,Y
KP001598,복현현대맨션,대구광역시 북구 복현동 복현로 115,35.899856503,128.6181862448,1,1,0,Y
KP001599,삼진목화 아파트,대구광역시 북구 읍내동 대천로9길 15,35.9386609215,128.5545253447,1,1,0,Y
KP001600,센트로팰리스,대구광역시 중구 대봉동 대봉로 260,35.8615430073,128.6007528695,4,4,0,Y
KP001602,침산동2차쌍용예가,대구광역시 북구 침산동 성북로9길 12,35.8936893249,128.5884778959,1,1,0,Y
KP001603,침산코오롱하늘채2단지,대구광역시 북구 침산동 중앙대로 591,35.8856630704,128.5951920615,4,4,0,Y
KP001604,태왕아너스스카이,대구광역시 중구 대신동 달구벌대로 1975,35.8654104655,128.5792602955,2,2,0,Y
KP001613,교대역월드메르디앙,대구광역시 남구 이천동 이천로19길 68,35.8508963015,128.5955135782,3,3,0,Y
KP001614,동화로즈빌,대구광역시 달서구 죽전동 죽전1길 81,35.8531437132,128.5381717655,1,1,0,Y
KP001615,본리2차롯데캐슬,대구광역시 달서구 본리동 대명천로 119,35.8391065408,128.5455370622,3,3,0,Y
KP001616,삼정브리티시용산,대구광역시 달서구 감삼동 달구벌대로 1530,35.8494010623,128.5340261968,4,4,0,Y
KP001617,성당동포스코더샵,대구광역시 달서구 성당동 장기로 115,35.8431498259,128.5473022466,4,4,0,Y
KP001618,성당에덴타운,대구광역시 달서구 성당동 성당로33길 16,35.8494602757,128.5693496224,2,2,0,Y
KP001620,용산청구블루빌타운,대구광역시 달서구 용산동 용산로 254,35.8590810431,128.532206832,2,2,0,Y
KP001637,대곡사계절타운,대구광역시 달서구 도원동 한실로 117,35.8069416755,128.5382935515,5,5,0,Y
KP001639,대곡주공9단지아람마을,대구광역시 달서구 도원동 한실로 30,35.8059200222,128.5307910828,4,4,0,Y
KP001640,대구월배2차IPARK,대구광역시 달서구 유천동 월배로5길 76,35.8193675756,128.5138240244,1,1,0,Y
KP001641,동방현대타운,대구광역시 달서구 상인동 상인서로 85,35.8179103134,128.5402843066,2,2,0,Y
KP001642,동서장관빌라,대구광역시 달서구 송현동 중흥로 68,35.8277625311,128.5583966136,2,2,0,Y
KP001643,롯데캐슬레이크,대구광역시 달서구 도원동 상화로58길 86,35.8046307733,128.5487051979,4,4,0,Y
KP001644,미리샘마을,대구광역시 달서구 도원동 한실로 134,35.8048737701,128.5407360883,3,3,0,Y
KP001645,보성은하타운,대구광역시 달서구 상인동 월곡로 320,35.8235812619,128.5342992421,7,7,0,Y
KP001647,상인보성맨션,대구광역시 달서구 상인동 상인서로 75,35.8158433915,128.5415233728,3,3,0,Y
KP001650,상인푸르지오,대구광역시 달서구 상인동 상화로 235,35.8108687761,128.538727755,3,3,0,Y
KP001651,성서1차영남우방타운,대구광역시 달서구 용산동 성지로 11,35.8540706116,128.517441314,4,4,0,Y
KP001652,성서2차영남우방타운,대구광역시 달서구 용산동 이곡공원로 83,35.8555300763,128.5174735592,3,3,0,Y
KP001653,성서우방타운,대구광역시 달서구 이곡동 계대동문로 123,35.8557805275,128.5064530143,1,1,0,Y
KP001654,성서청남타운,대구광역시 달서구 이곡동 성서서로 330,35.8540648508,128.5003943847,2,2,0,Y
KP001655,월배1차아이파크,대구광역시 달서구 유천동 조암남로 182,35.8158093003,128.5147212445,5,5,0,Y
KP001656,월배힐스테이트,대구광역시 달서구 대천동 조암남로 132,35.818901488,128.5176257752,3,3,0,Y
KP001657,제일풍경채더퍼스트,대구광역시 달성군 현풍면 테크노상업로 49,35.6931840501,128.4540301124,4,4,0,Y
KP001658,진천역대우이안 아파트,대구광역시 달서구 진천동 진천로 18,35.8105084186,128.5265644791,2,2,0,Y
KP001659,진천코오롱하늘채,대구광역시 달서구 진천동 상화로 65,35.8082765606,128.5209238909,2,2,0,Y
KP001660,테크노폴리스반도유보라,대구광역시 달성군 유가면 테크노대로 195,35.6903115233,128.4679498965,4,4,0,Y
KP001661,테크노폴리스서한이다음,대구광역시 달성군 현풍면 테크노상업로 33,35.6922458273,128.4523206752,4,4,0,Y
KP001662,테크노폴리스진아리채,대구광역시 달성군 유가면 테크노대로5길 79,35.695477603,128.4658395118,1,1,0,Y
KP001663,호반베르디움더클래스,대구광역시 달성군 유가면 테크노대로5길 80,35.6955676967,128.4690935345,4,4,0,Y
KP001664,화원태왕타운,대구광역시 달성군 화원읍 성화로4길 13,35.8029181805,128.4920244396,4,4,0,Y
KP001666,e편한세상범어,대구광역시 수성구 범어동 들안로78길 45,35.8674031919,128.6191025529,2,2,0,Y
KP001667,각산태영데시앙,대구광역시 동구 각산동 반야월북로 123,35.8753724154,128.7104055473,3,3,0,Y
KP001668,각산푸르지오2단지,대구광역시 동구 각산동 경안로 822,35.875244921,128.7150486012,2,2,0,Y
KP001669,범물우방미진하이츠,대구광역시 수성구 범물동 지범로 290,35.8151961285,128.6478916785,4,4,0,Y
KP001670,범어동일하이빌,대구광역시 수성구 범어동 동대구로52길 55,35.8543127412,128.6283380968,2,2,0,Y
KP001671,범어롯데캐슬,대구광역시 수성구 범어동 동대구로 300,35.8567880713,128.6273481909,2,2,0,Y
KP001672,사월화성파크드림2단지,대구광역시 수성구 신매동 달구벌대로 3304-1,35.8352392595,128.7157495269,2,2,0,Y
KP001673,수성롯데캐슬,대구광역시 수성구 수성동4가 달구벌대로 2315,35.8601049424,128.6155489445,2,2,0,Y
KP001674,시지4차태왕레전드,대구광역시 수성구 욱수동 욱수천로 27,35.8305179068,128.7098936736,2,2,0,Y
KP001675,시지5차월드하이츠,대구광역시 수성구 욱수동 욱수천로 7,35.8291065603,128.7087656859,1,1,0,Y
KP001676,시지우방하이츠,대구광역시 수성구 매호동 달구벌대로645길 22,35.8416694877,128.7114699726,1,1,0,Y
KP001677,시지한신휴플러스,대구광역시 수성구 사월동 달구벌대로669길 50,35.8379394589,128.7222706705,1,1,0,Y
KP001678,신암뜨란채,대구광역시 동구 신암동 아양로7길 12,35.8823186964,128.6177761854,3,3,0,Y
KP001679,아이프라임시지,대구광역시 수성구 시지동 달구벌대로 3110,35.8423584896,128.6972034055,2,2,0,Y
KP001681,웰리치시지,대구광역시 수성구 욱수동 욱수천로 55,35.8341750446,128.7107556506,3,3,0,Y
KP001682,율하휴먼시아12단지,대구광역시 동구 율하동 금호강변로 315,35.8618859106,128.696061045,3,3,0,Y
KP001683,이시아폴리스더샵3차,대구광역시 동구 봉무동 팔공로51길 10,35.9235931008,128.6359483814,4,4,0,Y
KP001684,태왕메트로시티,대구광역시 동구 효목동 동북로 500,35.8792729884,128.6398241487,4,4,0,Y
KP001687,신성미소시티주상복합 아파트,대구광역시 중구 계산동2가 달구벌대로 2051,35.8667562714,128.5887283569,2,2,0,Y
KP001953,강변코오롱,대구광역시 남구 봉덕로 134,35.843443,128.605587,3,3,0,Y
KP001959,대곡한라하우젠트,대구광역시 달서구 대곡동 비슬로 2724,35.8088325788,128.5140001666,2,2,0,Y
KP001960,성서우방유쉘 아파트,대구광역시 달서구 파호동 달구벌대로 995,35.8536451384,128.474612626,3,3,0,Y
KP001961,월성동삼성래미안 아파트,대구광역시 달서구 월성동 상원로 143,35.8208425095,128.5280148822,4,4,0,Y
KP001962,월성코오롱하늘채1단지,대구광역시 달서구 조암남로16길 19,35.821928,128.52286,4,4,0,Y
KP001963,제일풍경채센트럴,대구광역시 달성군 유가면 테크노대로 165,35.6913537271,128.4643632933,5,5,0,Y
KP001964,진천역대성스카이렉스,대구광역시 달서구 진천동 월배로 80,35.8135991679,128.5238842751,3,3,0,Y
KP001965,협성휴포레월성,대구광역시 달서구 조암로10길 11,35.824282,128.522593,1,1,0,Y
KP001966,대구혁신LH이노힐즈,대구광역시 동구 메디밸리로 35,35.875466,128.748509,3,3,0,Y
KP001967,신천휴먼시아5단지,대구광역시 동구 송라로11길 39,35.872083,128.615475,3,3,0,Y
KP001968,우방한가람타운,대구광역시 수성구 수성동1가 명덕로 368,35.8543659742,128.6102166569,3,3,0,Y
KP002172,이마트 감삼점,대구광역시 달서구 와룡로 143,35.8455070387,128.5363640405,1,1,0,Y
KP002173,홈플러스 남대구점,대구광역시 남구 대명로 116,35.8386903425,128.5698545725,1,1,0,Y
KP002174,홈플러스 내당점,대구광역시 서구 달구벌대로 1821,35.8603220891,128.5637319974,1,1,0,Y
KP002180,홈플러스 상인점,대구광역시 달서구 월배로 183,35.818514,128.533451,1,1,0,Y
KP002181,가창체육공원,대구광역시 달성군 가창면 대일리 322,35.7663370177,128.6504433672,1,0,1,N
KP002182,대구공항,대구광역시 동구 지저동 400-5,35.8998045183,128.6369117035,5,5,0,Y
KP002183,대구축협 축산물프라자,대구광역시 동구 화랑로 484,35.8748584168,128.676819936,2,2,0,Y
KP002184,이마트 반야월점,대구광역시 동구 안심로 389-2,35.870853759,128.7274335489,1,1,0,Y
KP002186,홈플러스 동촌점,대구광역시 동구 동촌로 127,35.8861746554,128.6556599676,1,1,0,Y
KP002187,경북대학교 학생주차장,대구광역시 북구 대학로 80,35.8890985,128.6143216,2,2,0,Y
KP002188,대구오토월드,대구광역시 북구 노원로 115,35.8968092032,128.5735488513,1,1,0,Y
KP002189,대백프라자,대구광역시 중구 명덕로 333,35.8557152446,128.6063607921,2,2,0,Y
KP002190,이마트 칠성점,대구광역시 북구 침산로 93,35.8852264892,128.5897882634,1,1,0,Y
KP002192,홈플러스 칠곡점,대구광역시 북구 동암로12길 8,35.9448492727,128.5559675379,1,1,0,Y
KP002319,월성화성타운,대구광역시 달서구 월성동 학산로2길 27,35.8249782496,128.5335781215,1,1,0,Y
KP002320,영조아름다운나날1단지,대구광역시 동구 신서동 안심로 402,35.8677259323,128.7288757125,4,4,0,Y
KP002321,지산화성파크드림,대구광역시 수성구 지산동 지범로17길 85,35.8275869842,128.6281813392,1,1,0,Y
KP002322,태왕그린힐즈,대구광역시 동구 지묘동 파계로 46,35.940149196,128.6396050774,3,3,0,Y
KP002323,대한동아침산1차무지개아파트,대구광역시 북구 침산동 침산로21길 24,35.8868443906,128.5876501447,2,2,0,Y
KP002324,매천화성파크드림,대구광역시 북구 매천동 매전로 17,35.9092404833,128.5427883564,3,3,0,Y
KP002325,칠곡관음타운,대구광역시 북구 태전동 영송로 63,35.9317617358,128.5425167715,4,4,0,Y
KP002416,북죽곡엠코타운더솔레뉴,대구광역시 달성군 다사읍 세천로 160,35.8744214165,128.4802502908,4,4,0,Y
KP002417,진천역AK그랑폴리스,대구광역시 달서구 유천동 월배로11길 33,35.8146362589,128.5165576899,2,2,0,Y
KP002418,한빛타운,대구광역시 달성군 화원읍 비슬로491길 13,35.7983601314,128.4863464198,2,2,0,Y
KP002419,삼덕청아람리슈빌,대구광역시 중구 삼덕동3가 달구벌대로447길 77,35.8665057187,128.6064811551,4,4,0,Y
KP002514,달성유통센터,대구광역시 달성군 화원읍 성천로 9,35.7992906113,128.4871823276,1,0,1,N
KP002633,진로이스트타운,대구광역시 동구 효목동 55,35.884403,128.636937,3,3,0,Y
KP002663,복현명문세가2단지,대구광역시 북구 복현동 복현로 50,35.896978,128.624878,3,3,0,Y
KP002736,삼정그린빌아파트,대구광역시 달서구 두류동 야외음악당로39길 54,35.8541501369,128.554356835,4,4,0,Y
KP002737,침산동화타운,대구광역시 북구 침산동 침산남로7길 50-21,35.893684,128.579627,2,2,0,Y
KP002757,용산동서우방타운,대구광역시 달서구 용산동 장산로 20,35.8543772873,128.527657559,2,2,0,Y
KP002769,대실역e-편한세상,대구광역시 달성군 다사읍 죽곡1길 42,35.8551811748,128.461893343,4,4,0,Y
KP002797,남산휴먼시아2단지,대구광역시 중구 남산동 달구벌대로 1970,35.863593,128.580412,4,4,0,Y
KP002861,성서삼성한국형,대구광역시 달서구 호산동 350,35.8501524568,128.478993202,2,2,0,Y
KP002898,수성아이파크,대구광역시 수성구 파동로22길 15,35.8134204659,128.618211422,1,1,0,Y
KP002973,성서무지개타운,대구광역시 달서구 선원로 171,35.8593210392,128.511986427,1,1,0,Y
KP003004,앞산청구제네스,대구광역시 달서구 월배로 340,35.825421,128.547772,1,1,0,Y
KP003010,lh옥포천년나무2단지,대구광역시 달성군 옥포면 강림리 721,35.7804234895,128.439369080,4,4,0,Y
KP003014,동서변그린빌아파트,대구광역시 북구 동변동 679,35.917286,128.603377,2,2,0,Y
KP003157,칠곡그린빌4단지,대구광역시 북구 구암동 구암서로 22,35.93816,128.566805,3,3,0,Y
KP003158,칠곡부영5단지아파트,대구광역시 북구 구암동 789,35.93597938633,128.5628321087,2,2,0,Y
KP003173,월성동서타운,대구광역시 달서구 월성동 학산로7길 5,35.82844,128.531701,3,3,0,Y
KP003174,화원태왕리더스,대구광역시 달성군 화원읍 화원로3길 66,35.805565,128.497922,3,3,0,Y
KP003196,천일맨션,대구광역시 동구 신기동 555,35.868431,128.703306,1,1,0,Y
KP003197,칠곡네스빌,대구광역시 북구 동천동 동천로 155,35.945262,128.559881,1,1,0,Y
KP003222,협화문화아파트,대구광역시 동구 검사동 1021,35.887701,128.648807,1,1,0,Y
KP003223,현대전원맨션,대구광역시 북구 태전동 칠곡중앙대로46길 25,35.918511,128.54898,3,3,0,Y
KP003224,오페라코오롱하늘채,대구광역시 북구 칠성동2가 중앙대로 540,35.880958,128.59745,2,2,0,Y
KP003239,강변동서마을관리사무소,대구광역시 동구 용계동 471-1,35.872725,128.679762,5,5,0,Y
KP003268,대성주유소,대구광역시 북구 칠성동2가 66,35.8816453456,128.5899248515,1,1,0,Y
KP003278,대구혁신센텀힐즈,대구광역시 동구 대림동 887,35.87324982390,128.7466860115,1,1,0,Y
KP003291,시지1차태왕하이츠,대구광역시 수성구 신매동 280,35.83933123155,128.7110146804,1,1,0,Y
KP003311,신천자이아파트,대구광역시 동구 신천동 1503,35.87677545325,128.6126759047,1,1,0,Y
KP003327,삼일펠리체,대구광역시 북구 노원동1가 원대로 125,35.000000,128.00000,2,2,0,Y
KP003343,월배역라온프라이빗,대구광역시 달서구 진천동 72,35.81762928725,128.5286990256,1,1,0,Y
KP003358,칠곡현대아파트,대구광역시 북구 국우동 구리로 254,35.000000,128.000000,2,2,0,Y
KP003423,유통단지 전자상가,대구광역시 북구 유통단지로 25,35.90552693166,128.60505991816,2,2,0,Y
KP003424,대성하이웨이주유소,대구광역시 동구 국채보상로 849,35.8675128696,128.6237944801,1,1,0,Y
KP003444,대성유니드 주유소,대구광역시 달서구 와룡로248,35.8548928444,128.5378203423,1,1,0,Y
KP003475,두류공원 초급속 EV충전소,대구광역시 달서구 두류동 595,35.851561,128.558186,8,8,0,Y
KP003631,만촌태왕아너스,대구광역시 수성구 만촌동 1481,35.85649726862,128.6485425241,2,2,0,Y
KP003696,혁신도시서한이다음4차,대구광역시 동구 숙천동 388,35.87880044729,128.7531632250,5,5,0,Y
KP003697,칠곡현대1차아파트,대구광역시 북구 태전동 997,35.931235,128.549993,1,1,0,Y
KP003698,중리롯데캐슬,"대구광역시 서구 국채보상로34길 12 (중리동, 중리롯데캐슬)",35.867102,128.547830,13,13,0,Y
KP003772,학산근린공원삼거리주차장,대구광역시 달서구 학산로 104-11,35.832327247798,128.5385782094,1,1,0,Y
KP003774,배실공원주차장,대구광역시 달서구 선원로23북길 20,35.861976304081,128.5064988665,2,2,0,Y
KP003775,노변공영주차장,대구광역시 수성구 시지로 36,35.839198988229,128.6942758244,2,2,0,Y
KP003776,양지로공영주차장,대구광역시 남구 양지남길 101,35.850942490651,128.5788880599,1,1,0,Y
KP003777,HC홈센타홀딩스 주차장,대구광역시 북구 노원로 139-6,35.898379,128.593377,3,3,0,Y
KP003779,한일우호관,대구광역시 달성군 가창면 우록길 206,35.723358458896,128.6471482016,1,1,0,Y
KP003780,달서구노인종합복지관,대구광역시 달서구 학산로 140,35.833430625158,128.5417838845,1,1,0,Y
KP003782,성당동1공영주차장,대구광역시 달서구 장기로 83-1,35.843083931052,128.5514336717,1,1,0,Y
KP003783,송현2동공영주차장,대구광역시 달서구 월배로75길 112,35.832505431318,128.5475093954,1,1,0,Y
KP003784,한국농어촌공사 경북지역본부 주차장,대구광역시 북구 구암로 158,35.931128,128.557756,1,1,0,Y
KP003786,유통단지 섬유제품관,대구광역시 북구 유통단지로 60,35.905980,128.609314,2,2,0,Y
KP003788,롯데아울렛 이시아폴리스점,대구광역시 동구 팔공로49길 16,35.921649286493,128.6373419050,2,2,0,Y
KP003789,남부순환도로,대구광역시 수성구 앞산터널로 519,35.810166158068,128.6149481507,2,2,0,Y
KP003790,칠곡홈플러스(추가분),대구광역시 북구 동암로12길 8,35.944876238423,128.5560423157,1,0,1,N
KP003870,송현월성아파트,대구광역시 달서구 송현동 1909-27,35.8258014,128.5425403,3,3,0,Y
KP003871,동화해오름타운,대구광역시 동구 신서동 538-1,35.86763,128.72640,3,3,0,Y
KP004005,대구서부경찰서,대구광역시 서구 국채보상로 249,35.871816522959,128.5584402695,2,2,0,Y
KP004007,수성대학교,대구광역시 수성구 달구벌대로528길 15,35.853753,128.647624,2,2,0,Y
KP004009,동북지방통계청,대구광역시 북구 동암로 64,35.944501754855,128.5576446176,2,2,0,Y
KP004010,축산물도매시장,대구광역시 북구 검단북로11길 11,35.915943155337,128.6105101753,1,1,0,Y
KP004011,투섬플레이스 대구칠곡학정점,대구광역시 북구 호국로 808,35.957485725503,128.5665781110,2,2,0,Y
KP004014,네이처파크 스파벨리,대구광역시 달성군 가창면 가창로 891,35.787978,128.636201,1,1,0,Y
KP004018,MS카오디오,대구광역시 동구 화랑로 580,35.860875,128.643081,1,1,0,Y
KP004022,중리롯데캐슬 종합상가,대구광역시 서구 국채보상로34길 12,35.865455524349,128.5477264010,2,0,2,N
KP004024,명곡미래빌1단지,대구광역시 달성군 화원읍 명곡로 11,35.79914344933,128.4978588279,8,8,0,Y
KP004025,청구청탑맨션,대구광역시 달성군 화원읍 비슬로 2674,35.80731569179,128.5085356328,2,2,0,Y
KP004028,대곡역그린빌아파트,대구광역시 달성군 화원읍 명천로 57,35.80320973717,128.5104215353,2,2,0,Y
KP004412,산업용재관,대구광역시 북구 유통단지로 16,35.903274,128.605750,2,2,0,Y
KP004413,한국생산기술연구소(달성),대구광역시 달성군 유가읍 테크노순환로 320,35.69157,128.47115,2,2,0,Y
KP004416,달서시장 공영주차장,대구광역시 달서구 감삼길 79,35.84086,128.54375,2,2,0,Y
KP004433,한국폴리텍대학 달성캠퍼스,대구광역시 달성군 논공읍 논공로 226,35.72241,128.45463,1,0,1,N
KP004512,군위군농업기술센터,대구광역시 군위군 효령면 효우로 97,36.181756013,128.59287946,1,1,0,Y
KP004798,대구보호관찰소,대구광역시 동구 아양로49길 17,35.888347587,128.63765895,2,2,0,Y
KP004799,대구범어더리브스퀘어,대구광역시 수성구 범어천로 214,35.864175187,128.61887746,2,2,0,Y
KP004800,대구경북과학기술원,대구광역시 달성군 현풍읍 테크노중앙대로 333,35.704463971,128.45836771,1,1,0,Y
KP004804,효성파머스마켓 칠곡점,대구광역시 북구 동암로38길 27,35.941601832,128.56944210,3,3,0,Y
KP004805,대구복합스포츠타운,대구광역시 북구 고성로 191,35.882976880,128.58804465,3,3,0,Y
KP004806,강북실버타운,대구광역시 북구 칠곡중앙대로 525,35.942574829,128.55041603,1,1,0,Y
KP004851,계명대학교 성서캠퍼스(동영관),대구광역시 달서구 달구벌대로 1095,35.8532412,128.484469,2,2,0,Y
KP004852,계명대학교 성서캠퍼스(공학관),대구광역시 남구 명덕로 104,35.857331,128.4906876,2,2,0,Y
KP004856,대구교도소,대구광역시 달성군 하빈면 하빈로 202,35.891008959,128.42475082,3,3,0,Y
KP004857,계명대학교 대명캠퍼스,대구광역시 남구 명덕로 104,35.85552072,128.5793718,2,2,0,Y
KP004863,중구보건소,대구광역시 중구 태평로 45,35.877879698,128.58331865,1,1,0,Y
KP004864,대구축산물프라자 침산점,대구광역시 북구 침산남로 88,35.8888,128.5850,2,2,0,Y
KP005260,비슬산 유스호스텔,대구광역시 달성군 유가읍 일연선사길 10,35.6922,128.5059,2,2,0,Y
KP005266,중구 청라국민체육센터 지상,대구광역시 중구 대봉로 208-1,35.8572,128.6027,2,2,0,Y
KP005267,중구 청라국민체육센터 지하,대구광역시 중구 대봉로 208-1,35.8571,128.6031,2,2,0,Y
KP005271,대구경북건설지사,대구광역시 중구 공평로 96,35.8726,128.6012,2,2,0,Y
KP005311,현풍휴게소(대구방면),대구광역시 달성군 현풍읍 비슬로 741,35.7018,128.4381,2,2,0,Y
KP005312,현풍휴게소(창원방면),대구광역시 달성군 현풍읍 성하길 48,35.7017,128.4353,2,2,0,Y
KP005376,군위한전 전기차충전소 급속 100kw,대구광역시 군위군 군위읍 중앙5길 7-14,36.2382,128.5663,1,1,0,Y
KP005545,한국산업인력공단,대구광역시 달서구 성서공단로 213,35.8361,128.5065,1,1,0,Y
KP005644,동대구지사(공용),대구광역시 동구 화랑로 135,35.87,128.64,5,5,0,Y
KP005723,한전달성전력지사,대구광역시 달성군 화원읍 구라리 1718-1,35.8100532,128.5104903,1,0,1,N
KP005769,성서용산시장공영주차장,대구광역시 달서구 성지로16길 11,35.85612,128.5218,1,1,0,Y
KP005822,(전주거치형)비슬로길 노상주차장,대구광역시 달성군 논공읍 비슬로208길 16,35.7277,128.4349,1,1,0,Y
KP005831,(전주거치형)논공중앙로34길노상주차장,대구광역시 달성군 논공읍 북리 1-134,35.7287,128.454,1,1,0,Y
KP005832,(전주거치형)논공중앙로 노상주차장,대구광역시 달성군 논공읍 논공중앙로 128,35.7278,128.4492,1,1,0,Y
KP005833,(전주거치형)논공로15길 노상주차장,대구광역시 달성군 논공읍 논공로 796,35.7278,128.4409,1,1,0,Y
KP005834,(전주거치형)금강로16길 노상주차장,대구광역시 달성군 논공읍 달성군청로 33,35.77588,128.43209,1,1,0,Y
KP005872,세천로 1길 공영주차장,대구광역시 달성군 다사읍 세천리 1670-7,35.8761,128.4632,1,0,1,N
KP005873,비산동 노상주차장,대구광역시 서구 비산동 2131-27,35.88489,128.5682,1,0,1,N
KP006964,효령면행복복지센터,대구 군위군 효령면 중구리 204-1,36.1566972,128.5853080,2,0,2,N
KP008088,남대구지사(공용),대구광역시 달성군 화원읍 비슬로509길 26,35.8034850,128.4931360,2,0,2,N
KP010445,대구공항일반주차장,대구광역시 동구 공항로 221,35.8978818,128.6402273,2,0,2,N
KP010627,대구복합스포츠타운 P1주차장,대구광역시 북구 고성로 191,35.8803174,128.5876054,2,2,0,Y
KRC10088,광명사상보급회,대구광역시 동구 파계로 629-16,35.986966,128.634858,2,2,0,Y
KRC10171,하지스퀘어,대구광역시 남구 두류공원로5길 45-8,35.839863,128.572208,2,2,0,Y
KRC10237,그린파크사우나,대구광역시 북구 학정로 439,35.943833,128.563303,2,0,2,N
L3004597,기아오토큐 수성종합서비스 (급),대구광역시 수성구 신천동로 25 (상동),35.8274718,128.6084603,1,0,1,N
L3004610,기아오토큐 서대구점 (급),대구광역시 서구 서대구로63길 57 (비산동),35.8905041,128.5546093,1,0,1,N
LD270002,LGL 동대구SUB터미널,대구광역시 동구 혁신대로 85,35.8797896,128.7082733,8,8,0,Y
LI000046,로젠택배 남대구A지점,대구광역시 달성군 다사읍 세천로10길 25,35.8721189,128.4757757,10,10,0,Y
LI000058,로젠택배 북대구지점,대구광역시 북구 매천로2길 58-50,35.89509752,128.54299,6,6,0,Y
LI000059,로젠택배 서대구지점,대구광역시 북구 매천로2길 58-50,35.8950896,128.5429825,30,30,0,Y
LI000076,로젠택배 남대구B지점,대구광역시 달성군 다사읍 세천로10길 25,35.8721189,128.4757757,11,11,0,Y
LU000034,브라운도트호텔대구성서점,대구광역시 달서구 성서공단로11길 64-5,35.84103,128.488831,2,0,2,N
LU000035,브라운도트호텔 대구혁신점,대구광역시 동구 율암로 164,35.888942,128.705864,3,3,0,Y
LU000083,리아카데미 대구국제학교,대구광역시 동구 팔공로50길 22,35.920811,128.644462,6,6,0,Y
LU000118,(주)알파엠앤씨,대구광역시 수성구 수성로12길 83,35.833593,128.612034,1,0,1,N
LU000119,두리의료재단,대구광역시 북구 노본길 15-3,35.958930,128.566420,2,0,2,N
LU000120,엘비디씨,대구광역시 북구 학남로1길 31,35.951497,128.566088,1,0,1,N
LU000200,스위스요양병원,대구광역시 수성구 화랑로2길 26,35.868768,128.632017,3,0,3,N
LU000228,KMI TOP점,대구 중구 중앙대로66길 20,35.8617320,128.5933430,6,6,0,Y
LU000231,연경그루시티,대구광역시 북구 동화천로 290,35.941434,128.622837,4,0,4,N
LU000302,801하우스,대구광역시 군위군 부계면 한티로 1825,36.0412031,128.6398833,1,0,1,N
LU000335,강창하이츠,대구광역시 달성군 다사읍 달구벌대로 812,35.8608978,128.4610485,5,0,5,N
LU000361,국민건강보험공단 달성지사,대구광역시 달성군 논공읍 달성군청로 32,35.774757422,128.42893556,1,0,1,N
LU000437,디에이치정밀,대구광역시 달성군 다사읍 세천로1길 129,35.8802778,128.4646642,1,0,1,N
LU000458,매호청구하이츠빌아파트,대구광역시 수성구 천을로23길 26,35.845627375,128.70565730,3,0,3,N
LU000479,범물삼주타운,대구광역시 수성구 범안로8길 35,35.8157514,128.6416417,3,0,3,N
LU000561,수성하이츠,대구광역시 수성구 수성로 393,35.861161493,128.61329225,2,0,2,N
LU000568,시지5차월드하이츠,대구광역시 수성구 욱수천로 7,35.829105,128.7087643,4,0,4,N
LU000587,아이작큐브,대구광역시 달서구 달구벌대로 1770,35.8579359,128.5588907,3,0,3,N
LU000636,웨딩메르디앙(무진산업개발),대구광역시 북구 중앙대로 591,35.8856611,128.5951943,3,0,3,N
LU000677,정화우방팔레스,대구광역시 수성구 수성로 135,35.8377595,128.6100725,23,0,23,N
LU000684,㈜한국하이테크,대구광역시 달서구 성서공단로35길 30,35.838315922,128.50278139,1,0,1,N
LU000742,한실들마을 2차,대구광역시 달서구 한실로 49,35.8074808,128.5328045,8,8,0,Y
LU000769,화원이진캐슬,대구광역시 달성군 화원읍 비슬로 2545,35.8039146,128.4950309,3,0,3,N
LU000799,대구강북경찰서,대구광역시 북구 동암로 130,35.943480,128.565139,3,0,3,N
LU000904,각산푸르지오1단지,대구광역시 동구 경안로 824,35.875523,128.7178668,13,0,13,N
LU000912,대현신화맨션,대구광역시 북구 경대로5길 25,35.884586,128.611002,3,0,3,N
LU001022,뉴웰시티,대구광역시 동구 동화천로77길 30,35.941623,128.632136,40,0,40,N
LU001036,힐스테이트다사역오피스텔,대구광역시 달성군 다사읍 매곡로12길 22,35.865354,128.455208,4,0,4,N
LU001061,보성홍실2차,대구광역시 서구 통학로 39,35.863941,128.563892,3,0,3,N
LU001081,비산루카스서대구주차장,대구광역시 서구 달서천로 218,35.882311,128.558472,2,0,2,N
LU001220,강창하이츠,대구광역시 달성군 다사읍 달구벌대로 812,35.86091,128.460978,18,0,18,N
LU001249,센트럴시티오피스텔,대구광역시 중구 국채보상로 522,35.869829,128.587787,2,2,0,Y
LU001276,초이스우드,대구광역시 동구 율암로 133,35.887229,128.703106,1,0,1,N
LU001290,LG유플러스 대구신천,대구광역시 동구 동대구로 440,35.869785549,128.62652444,2,0,2,N
LU001508,상인삼미타운,대구광역시 달서구 월배로34길 27,35.815331,128.532913,3,3,0,Y
LU001561,대구파티마병원,대구광역시 동구 아양로 99,35.883849,128.622991,16,16,0,Y
LU001601,논공주공아파트,대구광역시 달성군 논공읍 남리길 48,35.722936,128.450285,6,0,6,N
LU001641,낙원아파트,대구광역시 달서구 월곡로45길 49,35.812516,128.539981,6,0,6,N
LU001682,남대영기념관,대구광역시 남구 현충로 20,35.833988,128.579748,2,0,2,N
LU001780,건강관리협회경북지부,대구광역시 북구 팔달로 23,35.892431,128.55382,2,0,2,N
LU001804,불로서한이다음아파트,대구광역시 동구 공항로 148,35.899593,128.63007,8,0,8,N
LU001877,대구보건대학교,대구광역시 북구 영송로 15,35.926798,128.544031,8,0,8,N
LU001878,계명대학교 대구동산병원,대구광역시 중구 달성로 56,35.87018,128.582523,5,0,5,N
LU001880,네오시티프라자,대구광역시 북구 칠곡중앙대로 412,35.932278,128.548876,4,0,4,N
LU001998,수성헤센더테라스,대구광역시 수성구 청수로24길 59,35.837268,128.621424,4,4,0,Y
LU002093,대구율하숲,대구광역시 동구 금호강변로3길 35,35.867464,128.688854,4,0,4,N
LU002099,산격에덴아파트,대구광역시 북구 대불로5길 22,35.902706,128.611354,2,0,2,N
LU002120,화원삼주타운,대구광역시 달성군 화원읍 사문진로 349,35.808573,128.488708,5,5,0,Y
LU002133,서정SM빌딩,대구광역시 달성군 현풍읍 테크노공원로 35,35.69199,128.456727,3,0,3,N
LU002217,홍실1차아파트,대구광역시 서구 서대구로8길 49,35.862228,128.562319,2,0,2,N
LU002226,진천청구타운,대구광역시 달서구 진천로 41,35.811965,128.523874,10,10,0,Y
LU002230,호반써밋 대구두산,대구광역시 수성구 청수로24길 71,35.837463,128.622166,14,14,0,Y
LU002259,힐스테이트 범어센트럴,대구광역시 수성구 상록로 80,35.866369,128.624489,6,0,6,N
LU002303,수성알파시티동화아이위시,대구광역시 수성구 알파시티2로 48,35.837959,128.693167,24,24,0,Y
LU002345,진천우방맨션,대구광역시 달서구 진천로4길 39,35.81133,128.527379,5,5,0,Y
LU002360,달성이코노마트,대구광역시 달성군 다사읍 세천본길 46,35.875634,128.478039,2,2,0,Y
LU002365,북구이코노마트,대구광역시 북구 매전로 72-3,35.912343,128.547463,2,2,0,Y
LU002373,송림,대구광역시 중구 달구벌대로 2058,35.86595,128.58869,4,4,0,Y
LU002386,주식회사유정홀딩스,대구광역시 달서구 구마로 184,35.836847,128.547868,3,3,0,Y
LU002424,코마텍,대구광역시 달성군 구지면 국가산단대로39길 221,35.658985,128.399639,3,3,0,Y
LU002435,세한건설,대구광역시 달성군 옥포읍 돌미상업로1길 21-22,35.781379,128.441451,2,0,2,N
LU002484,황남,대구광역시 달서구 이곡동로 31,35.854363,128.511029,2,2,0,Y
LU002488,신암보성2차,대구광역시 동구 아양로49길 77,35.891222,128.633212,5,5,0,Y
LU002535,파티마홈,대구광역시 북구 내곡로 123,35.900986,128.516779,2,2,0,Y
LU002588,우방청자아파트,대구광역시 달서구 상화북로 117,35.811480,128.538240,9,0,9,N
LU002597,지산청구타운아파트,대구광역시 수성구 지산로 48,35.824667,128.634010,8,0,8,N
LU002687,아름다운나날2단지아파트,대구광역시 동구 동호로 88,35.865165,128.726571,20,20,0,Y
LU002753,상인동화아이위시,대구광역시 달서구 월곡로 171,35.810584,128.545070,5,5,0,Y
LU002810,태왕아너스베스트,대구광역시 달서구 월배로33길 117,35.820377,128.526019,9,9,0,Y
LU002824,범물용지2단지아파트,대구광역시 수성구 범안로 79,35.819466,128.645976,17,17,0,Y
LU002867,진천달맞이맨션,대구광역시 달서구 월배로 30,35.811987,128.518437,2,2,0,Y
LU002878,대구트럼프스타,대구광역시 달서구 조암남로 42,35.821757,128.528013,2,2,0,Y
LU002944,수성롯데캐슬더퍼스트,대구광역시 수성구 수성로69길 65,35.854984,128.61007,17,17,0,Y
LU003018,주건축물제1동,대구광역시 중구 중앙대로81길 70,35.869798,128.589787,2,2,0,Y
LU003020,신세계식자재마트,대구광역시 달성군 유가읍 테크노순환로4길 8,35.675662,128.455914,5,0,5,N
LU003071,대구혁신LH4단지,대구광역시 동구 경안로 956,35.886035,128.719203,3,3,0,Y
LU003073,한실들마을 2차,대구광역시 달서구 한실로 49,35.807481,128.532804,8,8,0,Y
LU003121,대구복합건축자재관,대구광역시 북구 유통단지로 103,35.909432,128.613339,2,2,0,Y
LU003123,대구제일안과병원,대구광역시 동구 아양로 1,35.881839,128.614746,2,2,0,Y
LU003127,상인동서타운,대구광역시 달서구 상인서로 39,35.813229,128.544962,16,16,0,Y
LU003143,대구메가맥스타워,대구광역시 동구 팔공로49길 51,35.920669,128.635910,3,3,0,Y
LU003147,세강개발,대구광역시 동구 동화천로 467-1,35.937165,128.634514,4,4,0,Y
LU003165,지산현대아파트,대구광역시 수성구 지범로22길 20,35.821305,128.63447,6,6,0,Y
LU003182,지산5단지,대구광역시 수성구 용학로 325,35.824069,128.642521,5,5,0,Y
LU003218,주식회사청명건설,대구광역시 달서구 구마로 89,35.837841,128.537598,2,2,0,Y
LU003223,디에스라이프,대구광역시 수성구 달구벌대로 2461,35.859195,128.631892,2,2,0,Y
LU003352,칠곡2차영남타운,대구광역시 북구 팔거천동로24길 40,35.931719,128.560663,12,12,0,Y
LU003353,시지2차태왕하이츠,대구광역시 수성구 천을로 170,35.841786,128.708798,5,5,0,Y
LU003361,월성삼성래미안,대구광역시 달서구 상원로 143,35.820342,128.528601,11,11,0,Y
LU003376,만촌우방하이츠,대구광역시 수성구 화랑로 26,35.868768,128.632017,5,5,0,Y
LU003389,대구동성로주차장,대구광역시 중구 국채보상로123길 5,35.871214,128.59702,17,17,0,Y
LU003423,상인보성타운아파트,대구광역시 달서구 상인서로 75,35.815845,128.541524,5,5,0,Y
LU003428,대구가톨릭병원,대구광역시 남구 두류공원로17길 33,35.844189,128.565826,25,25,0,Y
LU003552,침산동화타운,대구광역시 북구 침산남로7길 50-21,35.893269,128.579487,4,4,0,Y
LU003557,침산옥석타운,대구광역시 북구 침산남로31길 11,35.889175,128.592501,5,5,0,Y
LU003594,안심역아이센스,대구광역시 동구 안심로90길 42,35.867089,128.734183,2,2,0,Y
LU003646,침산청구타운,대구광역시 북구 침산남로19길 9,35.890442,128.586597,11,11,0,Y
LU003650,태전우방타운,대구광역시 북구 매천로 220,35.915673,128.543004,10,10,0,Y
LU003651,광장산업개발,대구광역시 달성군 현풍읍 테크노대로 40,35.688823,128.451356,5,5,0,Y
LU003668,지산리더스,대구광역시 수성구 지산로 5,35.821799,128.631179,8,8,0,Y
LU003669,범물신화맨션,대구광역시 수성구 지범로40길 6,35.818837,128.639518,4,4,0,Y
LU003670,범물보성타운,대구광역시 수성구 지범로39길 56,35.822161,128.644161,3,3,0,Y
LU003675,신서녹원맨션,대구광역시 동구 반야월북로 269,35.873014,128.727765,3,3,0,Y
LU003683,동산맨션,대구광역시 중구 달구벌대로 2035,35.867079,128.586050,2,2,0,Y
LU003719,오송골프클럽,대구광역시 달성군 하빈면 하산길 123-9,35.887263,128.408429,4,4,0,Y
LU003732,대구비슬산게르마늄스파,대구광역시 달성군 유가읍 테크노순환로12길 4,35.693286,128.470627,3,3,0,Y
LU003738,상인장미3단지,대구광역시 달서구 상화로 370,35.807714,128.552123,4,4,0,Y
LU003743,대구지산에덴타운,대구광역시 수성구 용학로 223,35.821512,128.633527,6,6,0,Y
LU003746,상인현대동방타운,대구광역시 달서구 상인서로 85,35.817912,128.540283,10,10,0,Y
LU003747,화원태왕타운,대구광역시 달성군 화원읍 성화로4길 13,35.802917,128.492025,10,10,0,Y
LU003750,비둘기아파트,대구광역시 달서구 상화로 371,35.809368,128.552988,9,9,0,Y
LU003800,대구지산화성파크드림,대구광역시 수성구 지범로17길 85,35.827543,128.628166,3,3,0,Y
LU003848,대구성서6주공아파트,대구광역시 달서구 성지로 35,35.853971,128.520219,9,9,0,Y
LU003877,범어에일린의뜰,대구광역시 수성구 청솔로14길 15,35.851609,128.622254,19,19,0,Y
LU003878,3차가든하이츠,대구광역시 수성구 청호로 365,35.850042,128.637395,7,7,0,Y
LU003901,범물삼주타운,대구광역시 수성구 범안로8길 35,35.815751,128.641642,6,6,0,Y
LU003904,부영e그린타운,대구광역시 북구 동천로24길 12,35.9415,128.561932,15,15,0,Y
LU003907,삼우1차수성타운,대구광역시 수성구 달구벌대로456길 19,35.859146,128.611873,7,7,0,Y
LU003911,시지두성타운,대구광역시 수성구 고산로 30,35.833113,128.704388,8,8,0,Y
LU003915,신천가람타운,대구광역시 동구 신암로16길 16,35.876086,128.609943,20,20,0,Y
LU003923,지산협화맨션,대구광역시 수성구 지범로22길 23,35.820803,128.635665,7,7,0,Y
LU003926,침산동서타운,대구광역시 북구 침산남로 116,35.888221,128.587648,2,2,0,Y
LU003962,유니버시아드선수촌2단지,대구광역시 북구 동변로 24,35.916233,128.602542,13,13,0,Y
LU003963,대명동파크맨션,대구광역시 남구 대명복개로 230,35.84113,128.57112,6,6,0,Y
LU003964,복현광명아파트,대구광역시 북구 동북로65길 13,35.893181,128.626667,3,3,0,Y
LU003965,침산삼주아파트,대구광역시 북구 중앙대로118길 46,35.883390,128.598760,4,4,0,Y
LU003966,침산2지구아파트,대구광역시 북구 성북로 8,35.890122,128.585069,2,2,0,Y
LU004017,진로이스트타운,대구광역시 동구 아양로 218,35.883759,128.636521,9,9,0,Y
LU004019,신천역센트럴리버파크,대구광역시 동구 동부로 26,35.873578,128.61521,17,17,0,Y
LU004020,진천역AK그랑폴리스,대구광역시 달서구 월배로11길 33,35.814725,128.516612,20,20,0,Y
LU004027,힐스테이트범어센트럴,대구광역시 수성구 상록로 80,35.866369,128.624489,4,4,0,Y
LU004073,화성리버파크2단지,대구광역시 북구 서변로 50,35.919908,128.597026,11,11,0,Y
LU004079,대구지산화성맨션,대구광역시 수성구 용학로35길 62,35.824218,128.62991,6,6,0,Y
LU004085,대구서현교회,대구광역시 중구 달구벌대로 2034,35.864949,128.586484,2,2,0,Y
LU004135,명곡미래빌4단지,대구광역시 달성군 화원읍 화암로 120,35.798694,128.500496,8,8,0,Y
LU004142,동신점보아파트,대구광역시 남구 대명로 177,35.839376,128.577147,2,2,0,Y
LU004153,대구월촌화성타운,대구광역시 달서구 송현로7길 41,35.818515,128.547437,13,13,0,Y
LU004175,캐슬골드파크,대구광역시 수성구 청수로 213,35.840293,128.630148,65,65,0,Y
LU004183,신혼연립주택,대구광역시 동구 율하동로 101,35.869163,128.701542,3,3,0,Y
LU004184,방촌우방맨션,대구광역시 동구 화랑로 407,35.877469,128.668562,2,2,0,Y
LU004185,방촌동강변아파트,대구광역시 동구 동촌로56길 36,35.877938,128.669308,3,3,0,Y
LU004186,본리동한신아파트,대구광역시 달서구 와룡로14길 53,35.838306,128.540909,3,3,0,Y
LU004191,유니버시아드선수촌1단지,대구광역시 북구 동변로 50,35.915778,128.604251,21,21,0,Y
LU004213,대구대곡역화성파크드림,대구광역시 달서구 달서대로 41,35.813585,128.51031,4,4,0,Y
LU004272,각산성지아파트,대구광역시 동구 반야월북로 155,35.874197,128.715083,4,4,0,Y
LU004309,성서청남타운,대구광역시 달서구 성서서로 330,35.854066,128.500397,9,9,0,Y
LU100024,대구보성산호아파트,대구광역시 달서구 상화북로 159,35.812089,128.543788,3,3,0,Y
LU100057,칠곡현대아파트,대구 북구 구리로 254,35.9477800,128.5773840,10,10,0,Y
LU100059,오페라센텀파크 서한이다음,대구광역시 북구 고성로37길 1,35.88099,128.584656,29,29,0,Y
LU100067,대구칠곡동화골든빌,대구광역시 북구 동천로 156,35.945131,128.561443,24,24,0,Y
LU100094,대구마고플레인아양,대구광역시 동구 해동로 107,35.890354,128.641997,2,2,0,Y
LU100103,대구구병원,대구광역시 달서구 감삼북길 141,35.850682,128.541383,2,2,0,Y
LU100144,동촌강나루타운,대구 동구 효동로 108,35.8859570,128.6428630,11,11,0,Y
LU100145,아름다운나날3단지,대구광역시 동구 동호로 132,35.867104,128.731166,14,14,0,Y
LU100146,동대구2차비스타동원,대구 동구 화랑로25길 60,35.8783190,128.6431960,42,42,0,Y
LU100148,오케이포인트마트연경점,대구광역시 북구 연경지묘로 7,35.942119,128.614215,2,2,0,Y
LU100149,대구두성3차아파트,대구광역시 북구 태전로13길 22,35.924032,128.541521,3,3,0,Y
LU100150,장원맨션,대구 수성구 청호로 370,35.8510010,128.6394510,5,5,0,Y
LU100151,강창훼밀리타운,대구 달성군 다사읍 달구벌대로 842-7,35.8592880,128.4615910,5,5,0,Y
LU100152,대구학산아파트,대구 달성군 현풍읍 현풍동로 23,35.6934980,128.4489670,3,3,0,Y
LU100153,달성테크노폴리스진아리채,대구 달성군 유가읍 테크노대로5길 79,35.6955220,128.4657990,27,27,0,Y
LU100191,각산역더뉴클래스3차,대구광역시 동구 신서로 75,35.87468266,128.7234989,2,2,0,Y
LU100230,수성알파시티청아람,대구광역시 수성구 알파시티2로 96,35.835689,128.696107,30,30,0,Y
LU100306,동서변그린빌아파트,대구광역시 북구 동변로 55,35.91678878,128.60242347,15,15,0,Y
LU100310,범어궁전맨션,대구광역시 수성구 동대구로 274,35.8538681,128.6261984,8,8,0,Y
LU100316,가든하이츠1단지,대구광역시 수성구 범어로 45,35.85402041,128.63509205,3,3,0,Y
LU100345,성당포스코더샵,대구광역시 달서구 장기로 115,35.8431416,128.5473088,25,25,0,Y
LU100348,앞산청구제네스,대구광역시 달서구 월배로 340,35.82528726,128.54818895,10,10,0,Y
LU100349,제림빌리지,대구광역시 동구 해동로6길 37,35.89642981,128.63473983,3,3,0,Y
LU100350,퀸벨호텔,대구광역시 동구 동촌로 200,35.8824103,128.6621091,4,4,0,Y
LU100498,서한청산맨션,대구광역시 수성구 지범로21길 15,35.82549078,128.63535899,9,9,0,Y
LU100499,월성주공1단지,대구광역시 달서구 월곡로94길 30,35.83113139,128.52765398,7,7,0,Y
LU100685,대구시티요양병원,대구광역시 북구 호국로 13,35.90390193,128.6024273,2,2,0,Y
LU100689,대구테크노타임스퀘어,대구광역시 달성군 현풍읍 테크노중앙대로 243,35.69213903,128.4573905,2,2,0,Y
LU100748,대구팔공3차보성타운,대구광역시 동구 파계로 71,35.94054837,128.63566443,15,15,0,Y
LU100755,대구화원이진캐스빌,대구광역시 달성군 화원읍 비슬로 2545,35.80390951,128.49507409,10,10,0,Y
LU100804,우방강촌2차아파트,대구광역시 동구 화랑로80길 9,35.87610026,128.6694986,4,4,0,Y
LU100903,하이프라자 서대구본점,대구광역시 달서구 달구벌대로 1646,35.8532717,128.5464043,2,2,0,Y
LU100907,하이프라자 북대구본점,대구광역시 북구 침산로 125,35.8876897,128.5909947,6,6,0,Y
LU100925,대구제림하이츠,대구광역시 달서구 당산로30길 12,35.8489984,128.5475479,2,2,0,Y
LU100941,동인태왕아너스라플란드아파트,대구광역시 중구 국채보상로151길 55,35.8709053,128.6115982,6,6,0,Y
LU100945,중리롯데캐슬아파트,대구광역시 서구 국채보상로34길 12,35.8654205,128.5476699,48,48,0,Y
LU100946,봉무청구새들아파트,대구광역시 동구 팔공로 322-5,35.9285054,128.6424859,8,8,0,Y
LU100964,진천현대1차아파트,대구광역시 달서구 상화북로5길 39,35.8124507,128.5271985,3,3,0,Y
LU100966,대구달서SK뷰아파트,대구광역시 달서구 용산로 40,35.8415204,128.532217,41,41,0,Y
LU100967,우방청솔맨션,대구광역시 수성구 청호로 422,35.8541147,128.6402821,3,3,0,Y
LU100968,대구부띠끄시티오피스텔,대구광역시 동구 동부로22길 14,35.8754967,128.6265346,3,3,0,Y
LU100986,율하휴먼시아7단지,대구광역시 동구 안심로22길 55,35.8638673,128.6965003,7,7,0,Y
LU100988,대구도남엘에이치1단지,대구광역시 북구 도남길 96,35.9568572,128.5832074,5,5,0,Y
LU100989,대구신서혁신엘에이치천년나무6단지,대구광역시 동구 과학로 23,35.8821553,128.7152752,5,5,0,Y
LU100990,대구안심주공3단지,대구광역시 동구 율하동로 76,35.8660616,128.7025373,6,6,0,Y
LU100991,대구금호엘에이치천년나무5단지,대구광역시 북구 내곡로 69,35.90312186,128.51185567,14,14,0,Y
LU100992,대구안심주공4단지,대구광역시 동구 율하동로 73,35.8658506,128.69979,3,3,0,Y
LU100993,대구복현행복주택,대구광역시 북구 복현로36길 6,35.9046533,128.6199946,1,1,0,Y
LU101005,방촌청구제네스,대구광역시 동구 화랑로75길 6,35.8778567,128.6669411,3,3,0,Y
LU101007,지산영남맨션,대구광역시 수성구 지산로 31,35.8242552,128.6315257,8,8,0,Y
LU101011,방촌2차영남네오빌,대구광역시 동구 동촌로42길 63,35.8794703,128.6611864,5,5,0,Y
LU101015,수성영남타운,대구광역시 수성구 달구벌대로456길 43,35.8576126,128.6116944,5,5,0,Y
LU101018,성화한빛아파트,대구광역시 달성군 화원읍 비슬로491길 13,35.7983613,128.4863484,4,4,0,Y
LU101019,상인역이편한세상2단지,대구광역시 달서구 월서로3길 15,35.8197248,128.5350227,10,10,0,Y
LU101020,범어화성파크리젠시,대구광역시 수성구 동대구로 337,35.860646,128.6256099,5,5,0,Y
LU101021,수성우방팔레스아파트,대구광역시 수성구 수성로 400,35.8611086,128.6145096,5,5,0,Y
LU101022,상인역이편한세상1단지,대구광역시 달서구 월서로 14,35.8217132,128.5337001,5,5,0,Y
LU101024,죽전역해링턴플레이스더베스트,대구광역시 달서구 와룡로33길 20,35.8477581,128.534764,9,9,0,Y
LU101042,연경대광로제비앙더퍼스트,대구광역시 북구 동화천로 220,35.9407209,128.6163514,18,18,0,Y
LU101043,달성파크푸르지오힐스테이트,대구광역시 중구 달성로 123,35.8779019,128.5784938,40,40,0,Y
LU101076,대실역리슈빌3단지,대구광역시 달성군 다사읍 대실역남로 33,35.85442903,128.46662757,12,12,0,Y
LU101077,보성산호아파트,대구광역시 달서구 상화북로 159,35.81208912,128.54378784,3,3,0,Y
LU101079,월성자이아파트,대구광역시 달서구 조암남로10길 21,35.82178,128.5263088,23,23,0,Y
LU101114,두산위브2001아파트,대구광역시 북구 매천로2길 19,35.8981896,128.543602,20,20,0,Y
LU101118,대구보성강남타운아파트,대구광역시 동구 화랑로88길 30,35.874731,128.6692755,3,3,0,Y
LU101135,대구칠곡현대아파트,대구광역시 북구 구리로 254,35.94778,128.5773842,2,2,0,Y
LU101138,청구호반맨션,대구광역시 수성구 용학로46길 40,35.8184548,128.634078,6,6,0,Y
LU101139,대구혁신도시서원프레시빌,대구광역시 동구 반야월북로27길 21-8,35.8753361,128.7122519,4,4,0,Y
LU101149,대구읍내행복주택,대구광역시 북구 칠곡중앙대로 434,35.9340979,128.5490735,3,3,0,Y
LU101150,율하휴먼시아5단지,대구광역시 동구 율하서로 59,35.863373,128.6915144,8,8,0,Y
LU101151,안심주공1단지,대구광역시 동구 안심로22길 3,35.8657586,128.6990552,4,4,0,Y
LU101179,수성대백인터빌,대구광역시 수성구 수성로69길 14,35.8561493,128.6134495,5,5,0,Y
LU101180,아이프라임시지,대구광역시 수성구 달구벌대로 3110,35.8423597,128.6972048,11,11,0,Y
LU101181,신천두산위브,대구광역시 동구 국채보상로 829,35.8685525,128.6222365,9,9,0,Y
LU101191,대구성서주공3단지,대구광역시 달서구 신당로 55,35.853845,128.4974507,3,3,0,Y
LU101192,본동주공아파트,대구광역시 달서구 송현로 113,35.8271282,128.5433250,5,5,0,Y
LU101193,한실들마을주공5단지,대구광역시 달서구 한실로 49,35.8074808,128.5328045,6,6,0,Y
LU101194,달성용계주공,대구광역시 달성군 가창면 가창로216길 25,35.8031177,128.6243449,4,4,0,Y
LU101195,대구테크노폴리스엘에이치천년나무2단지,대구광역시 달성군 현풍읍 테크노북로2길 30,35.6911519,128.4517938,17,17,0,Y
LU101196,대구본리2단지,대구광역시 달성군 화원읍 성암로 25,35.8009146,128.5102218,6,6,0,Y
LU101198,대구서재휴먼시아,대구광역시 달성군 다사읍 서재로14길 2,35.8683043,128.4961136,4,4,0,Y
LU101199,대구성서주공1단지,대구광역시 달서구 신당로 56,35.8522986,128.4988213,11,11,0,Y
LU101200,대구가람마을주공1단지,대구광역시 달서구 한실로 135,35.8066597,128.5408088,6,6,0,Y
LU101201,대구명곡미래빌2단지,대구광역시 달성군 화원읍 명천로 231,35.7980664,128.4940508,17,17,0,Y
LU101202,대구대곡LH천년나무1단지,대구광역시 달서구 갈밭로 33,35.8024312,128.5288899,7,7,0,Y
LU101203,대구월성주공2단지,대구광역시 달서구 월성로 77,35.830042,128.5283367,16,16,0,Y
LU101227,대구신서혁신LH천년나무10단지,대구광역시 동구 메디밸리로 18,35.87419158,128.75012742,14,14,0,Y
LU101237,대구황금3주공,대구광역시 수성구 청수로45길 41,35.8429026,128.6311645,4,4,0,Y
LU101255,대구부띠끄시티테라스3차오피스텔,대구광역시 동구 동부로26길 5,35.875484,128.6281895,5,5,0,Y
LU101259,대구산격주공,대구광역시 북구 연암로 183,35.9010967,128.5958895,8,8,0,Y
LU101260,대구칠곡그린빌5단지,대구광역시 북구 학남로 100,35.9438714,128.5684007,11,11,0,Y
LU101273,대구율하리버파크,대구광역시 동구 율하동로 19,35.86168465,128.69862081,12,12,0,Y
LU101282,동대구역센트럴시티자이,대구광역시 동구 송라로10길 33,35.8734967,128.6237186,15,15,0,Y
LU101288,대구수성자이르네,대구광역시 수성구 수성로 295,35.85191717,128.61194601,6,6,0,Y
LU101290,삼덕청아람리슈빌,대구광역시 중구 달구벌대로447길 77,35.8663821,128.6064877,15,15,0,Y
LU101311,신서롯데캐슬레전드,대구광역시 동구 안심로73길 22,35.8715163,128.725461,17,17,0,Y
LU101314,두성2차파크아파트,대구광역시 북구 학정로13길 16,35.9149424,128.549933,3,3,0,Y
LU101315,복현우방타운,대구광역시 북구 공항로 84,35.8992927,128.6242584,7,7,0,Y
LU101316,대구수성범어유림노르웨이숲,대구광역시 수성구 동대구로50길 37,35.8521535,128.6293582,6,6,0,Y
LU101318,각산역더뉴클래스2차,대구광역시 동구 반야월로 360,35.8710821,128.7283135,3,3,0,Y
LU101320,우방백자아파트,대구광역시 동구 동촌로 346,35.8767267,128.6772607,3,3,0,Y
LU101324,고성아파트,대구광역시 북구 고성북로 3,35.8806791,128.5815704,2,2,0,Y
LU101327,백작맨션,대구광역시 남구 중앙대로31길 28,35.8471781,128.5888004,2,2,0,Y
LU101331,대구월배2차아이파크,대구광역시 달서구 월배로5길 76,35.8194604,128.5137102,47,47,0,Y
LU101332,안심역서원프레시빌,대구광역시 동구 안심로 477,35.8723947,128.7353238,5,5,0,Y
LU101333,비산우방맨션,대구광역시 서구 통학로24길 60,35.8711771,128.5701758,4,4,0,Y
LU101335,제림은탑맨션,대구광역시 수성구 천을로 49,35.8451439,128.6955114,6,6,0,Y
LU101423,까치아파트,대구광역시 중구 남산로7길 80,35.86029607,128.57923498,3,3,0,Y
LU101483,화원동화아이위시,대구광역시 달성군 화원읍 비슬로510길 20,35.8013965,128.4958699,31,31,0,Y
LU101490,대구혁신도시서한이다음3차,대구광역시 동구 혁신대로 443,35.8751442,128.745483,9,9,0,Y
LU101492,대구혁신엘에이치이노힐즈,대구광역시 동구 메디밸리로 35,35.8751112,128.7479079,12,12,0,Y
LU101535,빌리브헤리티지,대구광역시 수성구 들안로73길 20,35.8642353,128.6164785,20,20,0,Y
LU101541,대명역센트럴엘리프,대구광역시 남구 대명로14길 60,35.8352745,128.5631123,23,23,0,Y
LU101542,빌리브클라쎄아파트,대구광역시 달서구 와룡로 41,35.8364656,128.5363571,6,6,0,Y
LU101543,대구더샵디어엘로,대구광역시 동구 화랑로 33,35.86915953,128.63139463,80,80,0,Y
LU101552,죽전역태왕아너스,대구광역시 달서구 와룡로 111,35.8426526,128.5366346,6,6,0,Y
LU101555,대구오페라스위첸,대구광역시 북구 칠성남로 70,35.8788421,128.5874605,25,25,0,Y
LU101563,앞산삼정그린코아트라이시티,대구광역시 남구 대명역2길 70,35.83769226,128.56068682,4,4,0,Y
LU101611,대구혁신 포레힐스,대구광역시 동구 과학로13길 30,35.8875703,128.7166422,7,7,0,Y
LU101612,범물청아타운,대구광역시 수성구 범안로 40,35.81709278,128.64071837,12,12,0,Y
LU101613,수성범물인앤인아파트,대구광역시 수성구 지범로52길 69,35.8135115,128.6439788,3,3,0,Y
LU101626,용산동서우방타운,대구광역시 달서구 장산로 20,35.85437802,128.52765669,11,11,0,Y
LU101627,진천역센텀리움,대구광역시 달서구 월배로14길 50,35.8111876,128.5214679,2,2,0,Y
LU101629,동대구역우방아이유쉘,대구광역시 동구 동부로 115,35.8771523,128.6246836,5,5,0,Y
LU101632,대구힐스테이트죽전역,대구광역시 달서구 달구벌대로308길 30,35.84817028,128.53381344,19,19,0,Y
LU101678,캐슬골드파크B,대구광역시 수성구 청수로 213,35.8402934,128.6301483,66,66,0,Y
ME178137,군위영천휴게소(하행),대구광역시 군위군 산성면 치산효령로 865-43,36.070161,128.7097063,2,2,0,Y
ME181302,대구지방합동청사,대구광역시 달서구 대곡동 1035,35.8041984,128.5166757,1,1,0,Y
ME181303,㈜정방,대구광역시 달성군 가창면 가창로607-2,35.767460831,128.64879530,1,1,0,Y
ME183050,대구보건환경연구원,"대구광역시 수성구 무학로 215, 민원실 앞",35.8296797,128.6320054,2,2,0,Y
ME183053,달서구 청소년수련관공영주차장,대구광역시 달서구 상화로 406,35.80795,128.5587594,1,0,1,N
ME183054,구지면사무소,대구광역시 달성군 구지면 창리로 11길 38,35.658658456,128.41343910,1,1,0,Y
ME183055,수태골 공영주차장,대구광역시 동구 용수동 907-1,35.9923765,128.6810109,1,1,0,Y
ME183056,낙동강승전기념관,대구광역시 남구 앞산순환로 574-110,35.827560977,128.58872119,1,1,0,Y
ME183057,이곡2동주민센터,대구광역시 달서구 계대동문로 77,35.855634776,128.50107098,1,1,0,Y
ME183058,신암5동주민센터,대구광역시 동구 아양로37길 92,35.8897037,128.6326875,1,1,0,Y
ME183059,복현2동주민센터,대구광역시 북구 복현로8길 16-5,35.895183356,128.62554729,1,1,0,Y
ME183060,대구환경공단 신천사업소,"대구광역시 북구 서변동 1290-4, 입구 좌측 주차구역",35.910053,128.5980954,1,1,0,Y
ME183061,만촌1동주민센터,대구광역시 수성구 국채보상로 1001,35.8662711,128.6395689,1,1,0,Y
ME183062,호산공영주차장,"대구광역시 달서구 호산동 714-1, 입구 우측",35.842778498,128.49013162,1,0,1,N
ME183063,용산역환승주차장,"대구광역시 달서구 장기동 810-4, 입구 좌측",35.848530792,128.52951891,1,0,1,N
ME183064,서촌공영주차장,"대구광역시 달서구 용산동 507, 입구 우측",35.862405614,128.52212472,1,0,1,N
ME183065,웃는얼굴 아트센터,"대구광역시 달서구 문화회관4길 22-7, 건너편 주차장 좌측",35.843759305,128.52223591,1,1,0,Y
ME183066,서변2공영주차장,"대구광역시 북구 서변동 1792, 입구 좌측",35.9210768,128.5983464,1,0,1,N
ME183067,팔달신시장공영주차장,"대구광역시 북구 노원로 32, 입구 좌측",35.8918583,128.5662294,1,0,1,N
ME183068,범물공영주차장,"대구광역시 수성구 지범로 232, 지하 좌측",35.8177986,128.6426182,1,0,1,N
ME183069,황금2동주민센터 앞 공영주차장,대구광역시 수성구 청수로31길 45,35.841675784,128.62539530,1,1,0,Y
ME183070,블루핸즈 현풍현대서비스,대구광역시 달성군 현풍면 국가산단북로 360,35.6654537,128.4301409,1,1,0,Y
ME183071,계명문화대학교,"대구광역시 달서구 달서대로 675, 학생전용주차장 옥상층",35.8599026,128.4911241,1,1,0,Y
ME183072,SW융합기술지원센터,"대구광역시 수성구 알파시티1로 170, 지하주차장 B01",35.8355921,128.6818292,1,1,0,Y
ME183077,호텔아젤리아,대구광역시 달성군 유가면 일연선사길 10,35.6927724,128.505986,1,1,0,Y
ME183144,대구환경공단 달성사업소,대구광역시 달성군 현풍면 현풍서로 147,35.692415060,128.42241654,3,3,0,Y
ME184067,대구시청,대구광역시 중구 국채보상로131길 17,35.8706135,128.6016338,1,0,1,N
ME184068,두류공원관리소,대구광역시 달서구 공원순환로 216,35.844707,128.561796,1,1,0,Y
ME184069,북구유통단지(EXCO),대구광역시 북구 유통단지로 90,35.907199,128.613253,1,1,0,Y
ME184070,시지근린공원 공영주차장,대구광역시 수성구 달구벌대로637길 5,35.841515,128.706201,1,1,0,Y
ME18C147,삼국유사 가온누리,대구광역시 군위군 의흥면 일연테마로 100,36.158508,128.69693,1,1,0,Y
ME18C170,북대구세무서,대구광역시 북구 침산동 402-3,35.888337,128.583212,1,1,0,Y
ME18C171,노원동행정복지센터,대구광역시 북구 노원동2가 214,35.890297126,128.57602020,1,1,0,Y
ME18C172,침산3동행정복지센터,대구광역시 북구 성북로 55,35.892053,128.589389,1,1,0,Y
ME18C173,침산공원,대구광역시 북구 침산동 1192-1,35.895815731,128.58413411,1,1,0,Y
ME18C174,서구 문화회관,대구광역시 서구 당산로 403,35.872177843,128.54599709,1,1,0,Y
ME18C175,대명1동 행정복지센터,대구광역시 남구 두류공원로 38,35.841448784,128.57357283,1,1,0,Y
ME18C176,도원동마을공영주차장,대구광역시 달서구 도원동 668-10,35.805873,128.547724,1,1,0,Y
ME18C177,낙동강 레포츠밸리,대구광역시 달성군 구지면 오설리 756,35.671921189,128.37141736,1,1,0,Y
ME18C178,안심2동 공영주차장,대구광역시 동구 용계동 923-3,35.875507,128.686917,1,1,0,Y
ME18C229,군위(춘천) 휴게소,대구광역시 군위군 군위읍 경북대로 4082,36.264836,128.576084,2,2,0,Y
ME18C230,군위국민체육센터 주차장,대구광역시 군위군 군위읍 군청로 158,36.237,128.573,2,2,0,Y
ME18C251,삼국유사 군위(서울) 휴게소,대구광역시 군위군 부계면 치산효령로 989-23,36.07904,128.697565,2,2,0,Y
ME18C254,대구 문화예술회관,대구광역시 달서구 달서구 공원순환로 201,35.844326550,128.56020707,2,2,0,Y
ME18C255,달서별빛캠프 캠핑장,대구광역시 달서구 달서구 송현동 산56번지,35.824056,128.55675,2,2,0,Y
ME18C257,논공(대구) 휴게소,대구광역시 달성군 논공읍 삼리리 543,35.764417,128.402159,2,2,0,Y
ME18C258,해안동 공영주차장,대구광역시 동구 방촌동 126-2번지,35.895994,128.584206,2,2,0,Y
ME18C259,율암동 공영주차장,대구광역시 동구 율암동 524-416 번지,35.880036,128.701384,2,2,0,Y
ME18C260,연암공원,대구광역시 북구 산격동 1233-8,35.899973,128.604496,2,2,0,Y
ME18C261,중앙119 구조본부,대구광역시 달성군 구지면 구지서로1,35.665818708,128.39136796,2,2,0,Y
ME18C262,비슬산 숲속 캠핑장,대구광역시 달성군 유가읍 용리 15-1*,35.691775371,128.50952414,2,2,0,Y
ME18C263,달성문화원,대구광역시 달성군 현풍면 현풍동로 92,35.698719064,128.45146032,2,2,0,Y
ME18C264,북구구민 운동장,대구광역시 북구 구암로 391,35.945710,128.573823,2,2,0,Y
ME18C265,서재문화체육센터,대구광역시 달성군 다사읍 다사로 750,35.884605,128.504816,2,2,0,Y
ME18C405,대구광역시청 별관,대구광역시 북구 연암로 40,35.891,128.601,4,4,0,Y
ME19C130,소보면사무소 주차장,대구광역시 군위군 소보면 송백로 1415,36.255139,128.475417,1,1,0,Y
ME19C143,달성군 보건소,대구광역시 달성군 현풍읍 하리 253-2,35.691944,128.446389,1,1,0,Y
ME19C227,현풍백년도깨비시장 공영주차장,대구광역시 달성군 현풍읍 원교리 12-1,35.6949127,128.4407276,2,2,0,Y
ME19C289,군위군 종합운동장,대구광역시 군위군 군위읍 내량길 28-28,36.2465,128.55675,2,2,0,Y
ME19C403,칠곡3지구 공영주차장,대구광역시 북구 구암동 771-2,35.942111,128.566139,4,4,0,Y
ME19C404,무학산공원,대구광역시 수성구 지산동 880-2,35.834083,128.629750,4,4,0,Y
ME19D114,장군졸음쉼터,대구광역시 군위군 효령면 경북대로 2384,36.1361114,128.580242,1,1,0,Y
ME19D216,관사정문 주차장,대구광역시 동구 둔산동 934-3,35.90203809,128.67347406,2,2,0,Y
ME19E138,우보면사무소 주차장,대구광역시 군위군 우보면 이화리 1196-7,36.194544,128.661596,1,1,0,Y
ME19E139,장곡휴양림 주차장,대구광역시 군위군 삼국유사면 장곡휴양림길 195,36.1298268,128.8352604,1,1,0,Y
ME19E161,범어2동 행정복지센터,대구광역시 수성구 범어동 415-4,35.862038,128.631209,1,1,0,Y
ME19E215,월광수변공원,대구광역시 달서구 도원동 928,35.805949368,128.54760518,2,2,0,Y
ME19E216,달성군청,대구광역시 달성군 논공읍 금포리 1313,35.77556,128.432063,2,2,0,Y
ME19E217,수성생활체육공원,대구광역시 수성구 지산동 산 136,35.8186,128.6354,2,2,0,Y
ME19F260,아미산 주차장,대구광역시 군위군 삼국유사면 삼국유사로 1122,36.1687232,128.8379913,2,2,0,Y
ME19F410,위천수변 테마공원,대구광역시 군위군 효령면 간동길 3-18,36.1765379,128.5843985,4,4,0,Y
ME19F412,물산업클러스터,대구광역시 달성군 구지면 국가산단대로40길 20,35.645238359,128.41948475,4,4,0,Y
ME19W401,국가물산업클러스터 주차장,대구광역시 달성군 구지면 국가산단대로40길 20,35.647423,128.419848,8,8,0,Y
ME19X404,대구스타디움 주차장,대구광역시 수성구 유니버시아드로,35.831746657,128.69299415,6,6,0,Y
ME19X405,대구 동촌유원지 서편주차장,대구광역시 동구 효목동 1042,35.879460,128.649155,7,7,0,Y
ME19X413,도림사 주차장,대구광역시 동구 인산로,35.9495931,128.7298030,5,5,0,Y
ME19X430,대구봉무공원 주차장,대구광역시 동구 봉무동,35.920415,128.647217,6,6,0,Y
ME19Y406,롯데렌탈 대구지점,대구광역시 동구 신암남로 127,35.881162,128.629337,4,4,0,Y
ME19Z223,이마트 성서점,대구광역시 달서구 이곡동로 24,35.853237,128.510256,2,0,2,N
ME20C182,두류1·2동1공영주차장,대구광역시 달서구 두류동 1252-4,35.855857,128.569531,1,1,0,Y
ME20C183,서남시장공영주차장,대구광역시 달서구 당산로41길 62,35.854062,128.544736,1,0,1,N
ME20C184,송현주공시장 공영주차장,대구광역시 달서구 송현로 8안길 6,35.8223214,128.5489175,1,1,0,Y
ME20C185,한국산업인력공단 대구지역본부,대구광역시 달서구 성서공단로 213,35.8358783,128.5056659,1,1,0,Y
ME20C186,논공읍행정복지센터,대구광역시 달성군 논공읍 비슬로 1779,35.774244,128.420596,1,1,0,Y
ME20C187,달성군보건소,대구광역시 달성군 현풍읍 현풍중앙로 27,35.6918817,128.4462723,1,1,0,Y
ME20C188,신암3동행정복지센터,대구광역시 동구 신암남로 67,35.879398,128.623172,1,1,0,Y
ME20C189,한국사학진흥재단,대구광역시 동구 혁신대로 345,35.87656412,128.7349966,1,1,0,Y
ME20C285,달성습지생태학습관,대구광역시 달성군 화원읍 구라1길 88,35.8159000,128.4861019,2,2,0,Y
ME20C286,읍내동 행정복지센터,대구광역시 북구 읍내동 660-2,35.946211,128.550539,2,2,0,Y
ME20C287,한국도로공사 북대구영업소,대구광역시 북구 서변남로 121,35.911213,128.584818,2,2,0,Y
ME20C288,한국도로공사 서대구영업소,대구광역시 서구 가르뱅이로 102-30,35.8833794,128.5250358,2,2,0,Y
ME20C304,대구경북첨단의료산업진흥재단,대구광역시 동구 첨복로 80,35.88159471,128.73661614,3,3,0,Y
ME20C414,낙동강물환경연구소,대구광역시 달성군 구지면 국가산단대로52길 24-11,35.654018106,128.42198098,4,4,0,Y
ME20D206,한국산업기술평가관리원,대구광역시 동구 첨단로8길32,35.878648,128.733636,2,2,0,Y
ME21A140,한국국토정보공사 군위지사,대구광역시 군위군 군위읍 동서1길 13,36.2371534,128.5676506,1,1,0,Y
ME21A903,논공(대구) 휴게소,대구광역시 달성군 논공읍 삼리리 538-2,35.7649622,128.40266,4,4,0,Y
ME21A910,논공(광주) 휴게소,대구광역시 달성군 논공읍 광주대구고속도로 169,35.7672171,128.4034658,3,3,0,Y
ME21B130,대구강북경찰서,대구광역시 북구 동암로 130,35.9435074,128.5660828,1,1,0,Y
ME21B198,대구수성경찰서,대구광역시 수성구 달구벌대로 2460,35.85836914,128.63194358,1,1,0,Y
ME21B1D2,소방장비관리센터,대구광역시 군위군 효령면 중리길 7-34,36.154101,128.5832387,1,1,0,Y
ME21B262,군위(춘천) 휴게소,대구광역시 군위군 군위읍 경북대로 4082,36.2658005,128.5768088,2,2,0,Y
ME21B301,한국산업단지공단 대구지역본부,대구광역시 달서구 성서공단로 217,35.8359798,128.5063884,3,3,0,Y
ME21C219,근로복지공단 대구병원,대구광역시 북구 학정로 515,35.951406,128.564869,2,2,0,Y
ME21C228,대구성서경찰서,대구광역시 달서구 달구벌대로259길 15,35.853128,128.509392,2,2,0,Y
ME21E401,낙동강 물환경연구소,대구광역시 달성군 구지면 국가산단대로52길 24-11,35.6539132,128.4221178,4,4,0,Y
ME22C189,군위경찰서,대구광역시 군위군 군위읍 중앙길 74,36.2347847,128.5666862,1,1,0,Y
ME22C193,군위군노인복지관,대구광역시 군위군 군위읍 군청로 98-6,36.2320257,128.5706331,1,1,0,Y
ME22C1A1,대구달서경찰서,대구광역시 달서구 학산로55,35.8300093,128.5338376,1,1,0,Y
ME22C1A2,대구재활센터,대구광역시 달서구 호산동로 102,35.8442461,128.4860036,1,1,0,Y
ME22C1A3,비원노인복지관,대구광역시 서구 서대구로 268,35.8819033,128.5557923,1,1,0,Y
ME22C1A4,달성군종합사회복지관,대구광역시 달성군 논공읍 논공로 697-9,35.7302262,128.4517363,1,1,0,Y
ME22C250,논공(대구)휴게소(5번국도),대구광역시 달성군 논공읍 삼리리 538-4,35.7642989,128.4020386,2,2,0,Y
ME22C251,대구동부경찰서,대구광역시 동구 반야월북로 209,35.8739669,128.7202251,2,2,0,Y
ME22C252,대구남부경찰서,대구광역시 남구 대명로 249,35.8425421,128.5840598,2,2,0,Y
ME22C253,한국산업인력공단 대구지역본부,대구광역시 달서구 갈산동 971-6,35.83590547,128.50580664,2,2,0,Y
ME22D191,복현지구대,대구광역시 북구 경진로1길 50,35.8941604,128.617994,1,1,0,Y
ME22D192,대곡파출소,대구광역시 달서구 갈밭로 51,35.8030751,128.5287758,1,1,0,Y
ME22D1C0,강북지구대,대구광역시 북구 동암로 171,35.9436296,128.5696827,1,1,0,Y
ME22D245,군위전통시장 주차타워,대구광역시 군위군 군위읍 서부리 9-5,36.2405333,128.5678494,2,2,0,Y
ME22D254,화원파출소,대구광역시 달성군 화원읍 명천로 100,35.8025315,128.5070956,2,2,0,Y
ME23A218,대구지방기상청,대구광역시 동구 효동로2길 10,35.8784641,128.6530046,2,2,0,Y
ME23B113,군위군청,대구광역시 군위군 군위읍 동부리 290,36.2427968,128.5716618,1,1,0,Y
ME23B114,대구광역시교통연수원,대구광역시 수성구 지산동 761-10,35.8302171,128.630496,1,1,0,Y
ME23B115,남구시니어행복센터,대구광역시 남구 대명동 1600-7,35.8409928,128.5610222,1,1,0,Y
ME23B186,망우당공원 택시쉼터,대구광역시 동구 효동로2길 93 (효목동),35.8762776,128.6561679,1,1,0,Y
ME24A243,대구광역시 군위군청,대구광역시 군위군 군위읍 군청로 220,36.2419899,128.5722207,2,2,0,Y
ME24A244,군위 전투전승기념공원,대구광역시 군위군 삼국유사면 동부로 81,36.1107933,128.7465163,2,2,0,Y
ME24A248,비슬산관광지 주차장,대구광역시 달성군 유가읍 용리 산17-13,35.6925406,128.5048722,2,2,0,Y
ME24B142,성서운동장,대구광역시 달서구 선원로133,35.860444,128.506337,1,1,0,Y
ME24B143,장기공원 주차장,대구광역시 달서구 문화회관 4길22-7,35.843916,128.522143,1,1,0,Y
ME24B144,효령면행정복지센터,대구광역시 군위군 효령면 치산효령로 2400,36.156755,128.585307,1,1,0,Y
ME24B207,대구경북지방중소벤처기업청 청사,대구광역시 달서구 성서4차 점단로122-11,35.85,128.514873,2,2,0,Y
ME24B208,한국수자원공사 달성보,대구광역시 달성군 논공읍 비슬로1193,35.736518,128.419961,2,2,0,Y
ME25C165,군위농산물 푸드유통센터,대구광역시 군위군 군위읍 도군로 2695,36.2437766,128.5652236,1,1,0,Y
ME25C166,농기계사업소 동부분소,대구광역시 군위군 산성면 산성가음로 998,36.1466208,128.7124166,1,1,0,Y
ME25C167,학산공원 삼거리 주차장,대구광역시 달서구 본동 1118,35.8324695,128.5386968,1,1,0,Y
ME25C168,E-share 대구샘기억학교,대구광역시 달서구 진천로 9,35.8106756,128.521419,1,1,0,Y
ME25C169,E-share 덕수복지재단 미소마을,대구광역시 달성군 다사읍 다사로 603,35.8517436,128.4497071,1,1,0,Y
ME25C170,신서혁신도시 나불지 공영주차장 2,대구광역시 동구 각산동 1131,35.8795815,128.7181757,1,1,0,Y
ME25C171,동촌유원지 3 공영주차장 2,대구광역시 동구 효목동 1182,35.877799,128.6552914,1,1,0,Y
ME25C172,E-share 대불노인복지관,대구광역시 북구 복현로 125,35.898781,128.6167825,1,1,0,Y
ME25C173,산격4동 공영주차장,대구광역시 북구 산격로19길 4,35.8990036,128.606817,1,1,0,Y
ME25C276,전망대주차장,대구광역시 군위군 삼국유사면 삼국유사로 418,36.1212955,128.7933297,2,2,0,Y
ME25C277,수밭근린공원 주차장,대구광역시 달서구 도원동 885-1,35.7995228,128.5493043,2,2,0,Y
ME25C278,국립대구박물관(북문 주차장) (2),대구광역시 수성구 청호로 321,35.8465744,128.6385553,2,2,0,Y
ME25C424,화산마을주차장,대구광역시 군위군 삼국유사면 화산길 619-17,36.0984704,128.7735435,4,4,0,Y
ME25C425,달성군 보건소 주차장,대구광역시 달성군 현풍읍 현풍동로 116,35.6917521,128.444391,4,4,0,Y
ME25C426,신서혁신도시 나불지 공영주차장 1,대구광역시 동구 각산동 1131,35.8795815,128.7181757,4,4,0,Y
ME25C427,동촌유원지 3 공영주차장 1,대구광역시 동구 효목동 1182,35.877799,128.6552914,4,4,0,Y
ME25C428,국립대구박물관(북문 주차장) (1),대구광역시 수성구 청호로 321,35.8455739,128.638342,4,4,0,Y
MO271701,더메종,대구광역시 서구 국채보상로48길 10-12,35.8702055,128.5561455,1,1,0,Y
MO910154,대구남산병원,대구광역시 중구 남산로13길 9,35.86164,128.58187,1,0,1,N
NH270001,군위축산농협 로컬푸드직매장,대구광역시 군위군 군위읍 군청로 49-33,36.2293743,128.5657839,2,2,0,Y
NS850022,대구 중구청 관리공영주차장 급속충전소,대구광역시 중구 종로 99,35.87471399,128.5905536,2,2,0,Y
NT000038,대구 로즈모텔,대구광역시 달성군 가창면 삼산길 22,35.7319701,128.6816761,2,2,0,Y
NT000053,대구 팔공산심천랜드 온천,대구광역시 동구 서촌로 145,35.986767,128.620972,2,2,0,Y
NT000088,대구달성 네이처빌리지,대구광역시 달성군 가창면 가창로57길 74,35.735217,128.660256,1,1,0,Y
NT100021,대구 오페라클레시아 오피스텔,대구광역시 북구 중앙대로 513,35.8790937,128.594754,6,0,6,N
NT100092,대구 국가산단영무예다음,대구광역시 달성군 구지면 국가산단서로84길 118,35.6616948,128.4094436,19,0,19,N
NT100105,대구 정주차장,대구광역시 달서구 이곡서로 21,35.8537582,128.5046443,2,2,0,Y
NT100108,대구 굿모닝주차장(골든플라자),대구광역시 북구 내곡로 30-1,35.8983318,128.5104567,2,0,2,N
NT100145,대구 천내평광타운2차,대구광역시 달성군 화원읍 비슬로525길 37,35.808089,128.500597,2,0,2,N
NT100174,대구 청우쇼핑월드주차장,대구광역시 달서구 이곡서로 25,35.8538052,128.5042323,3,0,3,N
NT100233,칠곡목련아파트,대구광역시 북구 구암로15길 38,35.93657,128.55028,3,0,3,N
NT100237,대구 미광스포렉스별관,대구광역시 달서구 이곡공원로 38,35.8543322,128.512337,2,0,2,N
NT100238,수성 아크로타워센터,대구광역시 수성구 달구벌대로 2570,35.85837,128.64413,1,0,1,N
NT100239,대구 모아미래도에듀퍼스트,대구광역시 달성군 구지면 국가산단대로70길 42,35.6610451,128.4219151,8,0,8,N
NT100399,대구 예그린아파트,대구광역시 달서구 월배로28길 45,35.814672119,128.53146174,1,0,1,N
NT100469,대구 홈스파월드,대구광역시 남구 앞산순환로 651,35.833077175,128.59614125,3,0,3,N
NT100521,대구 상일빌딩,대구광역시 남구 용두방천2길 34,35.845890594,128.60548697,2,0,2,N
NT100595,대구 경북지방병무청,대구광역시 동구 동내로 63,35.877121487,128.73467636,2,0,2,N
NT100596,대구 중앙신체검사소,대구광역시 동구 첨복로 10,35.877287447,128.73363865,2,0,2,N
NT100656,대구 비엘타워,대구광역시 북구 동북로 244,35.8952862,128.6174531,1,0,1,N
NT100842,대구 동산맨션,대구광역시 달성군 화원읍 비슬로525길 21,35.807225777,128.50281594,3,3,0,Y
NT100890,대구 달성농수산물유통센터,대구광역시 달성군 유가읍 테크노공원로 91,35.692171369,128.46288205,3,0,3,N
NT100893,대구 비젼스퀘어,대구광역시 동구 이노밸리로 322,35.877242,128.7321533,5,0,5,N
NT100925,탑마트 현풍점,대구광역시 달성군 현풍읍 현풍로10길 74,35.692004301,128.44512677,1,0,1,N
NT101228,대구 공항공사 항로시설본부,대구광역시 동구 매여로1길 50-12,35.893234285,128.70285829,3,0,3,N
NT101295,대구 수성마이더스센트럴타워,대구광역시 수성구 알파시티1로4길 8,35.840850129,128.68821178,1,0,1,N
NT101300,대구 가톨릭대학교 유스티노캠퍼스,대구광역시 중구 명륜로12길 47,35.862871464,128.58773010,3,0,3,N
NT101301,대구 성요셉요양병원,대구광역시 달성군 논공읍 논공로 210,35.720885595,128.45312746,2,0,2,N
NT101302,대구 아이프라임신매아파트,대구광역시 수성구 달구벌대로649길 14,35.8394183,128.7123092,9,0,9,N
NT101390,대구 위너프라자3,대구광역시 북구 도남중앙로7길 6,35.951958573,128.58276071,1,0,1,N
NT101499,대구 수메디컬빌딩,대구광역시 달서구 조암로 5,35.82551,128.52913,1,0,1,N
NT101503,대구 위너프라자1,대구광역시 북구 도남중앙로7길 20-4,35.95203,128.58201,1,0,1,N
NT101504,대구 위너프라자2,대구광역시 북구 도남중앙로7길 20-10,35.95197,128.58243,1,0,1,N
NT101508,대구 미광스포렉스본관,대구광역시 달서구 이곡동로 55,35.85433,128.51231,1,0,1,N
NT101554,대구 칠곡가톨릭병원,대구광역시 북구 칠곡중앙대로 440,35.93491,128.54929,9,0,9,N
NT101559,대구 연경그랜드타워,대구광역시 북구 동화천로 241,35.94264,128.61737,2,0,2,N
NT101614,대구 성서메가타운,대구광역시 달서구 성서로 420,35.85500,128.50778,2,0,2,N
NT101674,대구 현대해상사옥,대구광역시 달서구 달구벌대로 1790,35.85855,128.56079,5,0,5,N
NT101785,대구 KB손해보험빌딩,대구광역시 수성구 달구벌대로 2397,35.85965,128.62481,7,0,7,N
NT101834,NC아울렛 대구엑스코점,대구광역시 북구 유통단지로14길 22,35.90521,128.61036,9,0,9,N
NT101931,대구 용산파크자이상가,대구광역시 달서구 달구벌대로 1515,35.85028,128.53344,2,0,2,N
NT101991,대구 내당동화타운아파트,대구광역시 서구 달구벌대로337길 29,35.85743,128.55051,2,0,2,N
NT102057,대구 국가산단디에트르더센트럴,대구광역시 달성군 구지면 국가산단대로70길 17,35.66281,128.41833,23,0,23,N
NT102179,대구 앞산리슈빌앤리마크1단지,대구광역시 남구 안지랑로 73,35.83744,128.57000,8,0,8,N
NT102180,대구 앞산리슈빌앤리마크2단지,대구광역시 남구 안지랑로 74,35.83836,128.57178,3,0,3,N
NT102272,대구 W병원신관,대구광역시 달서구 달구벌대로 1634,35.85272,128.54528,5,0,5,N
NT102386,대구 범어화성파크드림아파트,대구광역시 수성구 범어천로 180,35.86289,128.62197,5,0,5,N
NT300021,대구 신서혁신LH천년나무6단지아파트,대구광역시 동구 과학로 23,35.88215,128.71527,9,0,9,N
NT300050,대구 수성효성해링턴플레이스,대구광역시 수성구 희망로24길 24,35.84672,128.61036,5,0,5,N
NUNR0042,국가산단 서한이다움 아파트,대구광역시 달성군 현풍읍 국가산단대로 70길 41,35.6612720,128.4219060,21,0,21,N
NX000017,경찰특공대 주차장,대구광역시 달성군 화원읍 비슬로 2356,35.79262,128.4785,1,1,0,Y
NX000018,대구 동부경찰서,대구광역시 동구 반야월북로 209,35.8740223,128.72055,2,2,0,Y
NX000019,대구 남부경찰서,대구광역시 남구 대명로 249,35.8430647,128.5837471,1,1,0,Y
NX000020,대구 달서경찰서,대구광역시 달서구 학산로 55,35.8304251,128.5337017,1,1,0,Y
NX000023,대구 경찰청,대구광역시 수성구 무학로 227,35.82958,128.6329,2,2,0,Y
NX000024,대구 경찰청 민원 주차장,대구광역시 수성구 무학로 227,35.82915,128.6339,6,6,0,Y
PC000017,대구 복현현대맨션,대구광역시 북구 복현로 115,35.8999605,128.6186367,5,5,0,Y
PC000025,대구 카페하늘민들레,대구광역시 수성구 유니버시아드로 364,35.827882,128.709633,1,1,0,Y
PC000027,대구 더아셀,대구광역시 달성군 다사읍 서재로12길 24,35.8680056,128.4943106,1,1,0,Y
PC000034,대구 황토시골집,대구광역시 동구 파계로 604,35.984137,128.636376,2,2,0,Y
PC000078,스파밸리(대구),대구광역시 달성군 가창면 가창로 891,35.788250,128.636194,6,0,6,N
PC000100,삼송1957(대구),대구광역시 수성구 수성못2길 26,35.825113,128.623793,1,0,1,N
PC000120,테크노더원 빌딩(대구),대구광역시 달성군 유가읍 테크노순환로12길 33,35.693904,128.473406,5,0,5,N
PC000132,럭셔리프렌즈스크린골프(대구),대구광역시 동구 율하동로27길 26,35.872306,128.699749,3,0,3,N
PC000159,프리미어힐(대구),대구광역시 달성군 화원읍 비슬로506길 11,35.800614,128.495011,2,0,2,N
PC000164,대성에너지(주) 본사(대구),대구광역시 중구 명덕로 85,35.857853,128.580265,2,0,2,N
PC000165,대성에너지(주) 서부지사(대구),대구광역시 서구 와룡로73길 39,35.865865,128.533538,2,0,2,N
PC000166,대성에너지(주) 검사동(대구),대구광역시 동구 동촌로 117,35.886478,128.654722,2,0,2,N
PC000206,보강병원(대구),대구광역시 달서구 월배로 102,35.813906,128.525734,3,0,3,N
PC000220,e편한세상 남산(대구),대구광역시 중구 달구벌대로 2020,35.8651880,128.5845650,13,13,0,Y
PC000226,화원파크뷰 우방아이유쉘(대구),대구광역시 달성군 화원읍 명천로21길 55,35.7996437,128.5053707,15,0,15,N
PC000227,상인장미맨션4단지아파트(대구),대구광역시 달서구 상화로 380,35.8076787,128.5565748,7,0,7,N
PC000228,강북이진캐스빌(대구),대구광역시 북구 칠곡중앙대로51길 50,35.9164299,128.5439749,12,0,12,N
PC000229,두류센트레빌더시티(대구),대구광역시 달서구 당산로36길 11,35.852773,128.549881,10,0,10,N
PC000235,영진전문대학교(대구),대구광역시 북구 복현로 35,35.896228,128.622719,5,0,5,N
PC000264,시지대성유니드아파트(대구),대구광역시 수성구 달구벌대로669길 80,35.8394522,128.7217854,11,11,0,Y
PC000270,창산타워(대구),대구광역시 북구 국우동 198,35.952403,128.582714,5,0,5,N
PC000294,침산삼정그린코아(대구),대구광역시 북구 중앙대로 570,35.8836299,128.5979185,11,0,11,N
PC000296,골프존파크 산격한울KK(대구),대구광역시 북구 연암로42길 11,35.9028010,128.5975670,2,0,2,N
PC000305,칠곡동화타운아파트(대구),대구광역시 북구 칠곡중앙대로95길 12,35.9396440,128.5484260,13,13,0,Y
PC000306,진천역화성파크리젠시(대구),대구광역시 달서구 월배로11길 9-16,35.8135390,128.5190110,9,9,0,Y
PC000307,달성우신미가뷰아파트(대구),대구광역시 달성군 논공읍 금포로 75-20,35.7697190,128.4282170,18,18,0,Y
PC000330,대구 메리어트호텔,대구광역시 동구 동부로26길 6,35.875254,128.627705,5,0,5,N
PC000331,상인요양병원(대구),대구광역시 달서구 월배로 247,35.8199517,128.5406366,3,0,3,N
PC000442,대구대학교 대명동캠퍼스,대구광역시 남구 성당로50길 33,35.855874,128.575222,1,1,0,Y
PC000466,호반써밋이스텔라(대구),대구광역시 동구 반야월북로 111-11,35.874978,128.709223,17,0,17,N
PC000530,산격양우내안애아파트(대구),대구광역시 북구 동북로 131,35.901789,128.607947,10,0,10,N
PC000537,복현서한타운(대구),대구광역시 북구 검단로 50,35.902380,128.617285,10,0,10,N
PC000548,경북대학교 대구캠퍼스,대구광역시 북구 대학로 80,35.8890974,128.6143223,46,46,0,Y
PC000550,경북대학교 IT융합산업빌딩(대구),대구광역시 북구 경대로17길 47,35.8926327,128.6137053,10,10,0,Y
PC000551,경북대학교 의생명과학관(대구),대구광역시 북구 칠곡중앙대로136길 90,35.9551985,128.5626024,3,3,0,Y
PC000552,경북대학교 의과대학(대구),대구광역시 중구 국채보상로 680,35.8677861,128.6046094,2,2,0,Y
PC000553,경북대학교 치과대학(대구),대구광역시 중구 달구벌대로 2177,35.8642264,128.6016688,1,1,0,Y
PC000554,경북대학교 군위농대실습장(대구),대구광역시 군위군 효령면 치산효령로 1610,36.1133521,128.6431353,2,2,0,Y
PC000603,비에스메디타워(대구),대구광역시 동구 안심로 389,35.8692002,128.7265692,1,0,1,N
PC000610,월성보성타운1단지아파트(대구),대구광역시 달서구 학산로 30,35.828944,128.533802,15,15,0,Y
PC000623,다사한일유앤아이아파트(대구),대구광역시 달성군 다사읍 매곡로4길 9,35.863646,128.453349,10,0,10,N
PC000629,교대역 월드메르디앙아파트(대구),대구광역시 남구 이천로19길 68,35.8508863,128.5955119,9,0,9,N
PC000631,대봉교역 태왕아너스(대구),대구광역시 남구 대봉로30길 15,35.8529023,128.6039188,10,0,10,N
PC000632,월배 힐스테이트아파트(대구),대구광역시 달서구 조암남로 132,35.8189017,128.5176264,21,21,0,Y
PC000634,국가산단 서한이다음아파트(대구),대구광역시 달성군 현풍읍 국가산단대로70길 41,35.6627956,128.4212558,7,7,0,Y
PC000640,청라 센트럴파크(대구),대구광역시 중구 달구벌대로 1970,35.863860,128.580838,14,0,14,N
PC000654,강북화성파크드림아파트(대구),대구광역시 북구 칠곡중앙대로 312,35.9230812,128.5472013,5,5,0,Y
PC000655,고산노변타운아파트(대구),대구광역시 수성구 시지로 55,35.838160847,128.69609216,18,18,0,Y
PC000704,죽전역해링턴플레이스더원(대구),대구광역시 달서구 와룡로31길 16,35.8470549,128.5352936,10,0,10,N
PC000724,산격거평아파트(대구),대구광역시 북구 유통단지로3길 7,35.9057726,128.603289,7,7,0,Y
PC000737,용수골황토사우나(대전),대전광역시 동구 백룡로 75-39,36.3335695,127.4548248,1,1,0,Y
PC000830,호텔수성(대구),대구광역시 수성구 용학로 106-7,35.8240968,128.6184092,18,18,0,Y
PC000833,수성아트피아(대구),대구광역시 수성구 무학로 180,35.8292832,128.6282735,5,5,0,Y
PC001094,대구용산자이아파트,대구광역시 달서구 달구벌대로 1515,35.8502894,128.5334486,12,0,12,N
PC001102,대구역 서희스타힐스아파트,대구광역시 북구 칠성남로 101,35.8786256,128.5918709,33,33,0,Y
PC001105,E편한세상복현(대구),대구광역시 북구 동북로 247,35.8954176,128.6185209,16,16,0,Y
PC001106,복현아이파크(대구),대구광역시 북구 동북로 241,35.8966119,128.6175512,16,16,0,Y
PC001117,더샵리비테르2차아파트(대구),대구광역시 중구 대봉로43길 22,35.857702099,128.60007376,17,17,0,Y
PC001118,다사역 삼정그린코아더베스트(대구),대구광역시 달성군 다사읍 매곡로14길 8,35.8662464,128.4542501,12,12,0,Y
PC001124,힐스테이트황금엘포레(대구),대구광역시 수성구 청솔로 16,35.8478017,128.6220311,20,20,0,Y
PC001128,대구테크노폴리스 호반베르디움,대구광역시 달성군 유가읍 테크노대로5길 58,35.6946368,128.4679850,20,20,0,Y
PC001130,대구혁신에듀포레아파트,대구광역시 동구 과학로 45,35.883029813,128.71586313,5,5,0,Y
PC001131,대구백화점 프라자점,대구광역시 중구 명덕로 333,35.855717,128.6063616,9,9,0,Y
PC001132,신천자이아파트(대구),대구광역시 동구 신암로16길 25,35.8764820,128.6122188,22,22,0,Y
PC001144,신성미소시티아파트(대구),대구광역시 중구 달구벌대로 2051,35.8667577,128.5887269,16,0,16,N
PC001162,월드프라자1(대구),대구광역시 달성군 현풍읍 테크노상업로 40,35.692257560,128.45425964,1,0,1,N
PC001205,칠곡동서영남타운아파트(대구),대구광역시 북구 구암로 180,35.9302816,128.5602602,17,17,0,Y
PC001247,이월드(대구),대구광역시 달서구 두류공원로 200,35.854855416,128.56482099,28,0,28,N
PC001250,칠곡2차한라타운(대구),대구광역시 북구 구암로 170,35.9305192,128.5593846,14,14,0,Y
PC001251,율하시티프라디움아파트(대구),대구광역시 동구 반야월로 35,35.8742056,128.6911304,12,12,0,Y
PC001255,경북대학교 사범대학 부속고등학교(대구),대구광역시 중구 달구벌대로 2178,35.8625101,128.6004004,1,0,1,N
PC001268,칠곡미래타운(대구),대구광역시 북구 팔거천동로 52,35.928856241,128.55482529,11,11,0,Y
PC001277,연경우방아이유쉘더포레스트(대구),대구광역시 북구 연경중앙로11길 33,35.9453187,128.6143033,16,16,0,Y
PC001278,큰고개웰그린아파트(대구),대구광역시 동구 아양로 124,35.884614720,128.62741857,3,3,0,Y
PC001280,성서1차영남우방타운(대구),대구광역시 달서구 성지로 11,35.854366571,128.51684035,18,18,0,Y
PC001284,예미지 더 센트럴(대구),대구광역시 달성군 유가읍 테크노북로 260,35.690461580,128.46228565,13,13,0,Y
PC001285,대봉교역 금호어울림 에듀리버(대구),대구광역시 남구 대봉로30길 12,35.851266157,128.60428085,17,17,0,Y
PC001286,대구역센트럴자이,대구광역시 중구 서성로 99,35.875656009,128.58627088,25,25,0,Y
PC001294,아진연구소(대구),대구광역시 수성구 알파시티1로31길 25,35.8338354,128.6807716,1,1,0,Y
PC001310,진천역대우이안아파트(대구),대구광역시 달서구 진천로18길 10,35.816046,128.5244035,10,10,0,Y
PC001314,신서신일해피트리(대구),대구광역시 동구 반야월로 370,35.870887191,128.72999396,16,16,0,Y
PC001315,아리아나호텔(대구),대구광역시 수성구 동대구로 27,35.832650905,128.62289004,3,0,3,N
PC001316,복현대백맨션(대구),대구광역시 북구 복현로 137,35.901414041,128.61708822,10,10,0,Y
PC001321,월드피아(대구),대구광역시 수성구 유니버시아드로 316,35.829204887,128.70514271,2,2,0,Y
PC001327,대구혁신센텀힐즈,대구광역시 동구 혁신대로 450,35.8732188,128.7463421,17,17,0,Y
PC001338,수성효성해링턴플레이스(대구),대구광역시 수성구 희망로24길 24,35.8462016,128.6103548,20,20,0,Y
PC001339,메디스퀘어(대구),대구광역시 중구 달구벌대로 2094,35.8653027,128.5926793,2,0,2,N
PC001340,수성태왕하이츠리버뷰(대구),대구광역시 수성구 달구벌대로454길 9,35.859095059,128.61049386,8,8,0,Y
PC001341,파라곤프레스티지(대구),대구광역시 동구 안심뉴타운7로 13,35.8733308,128.7072173,21,21,0,Y
PC001344,대구혁신도시서한이다음2차아파트,대구광역시 동구 이노밸리로29길 34,35.881794554,128.71402053,12,12,0,Y
PC001345,범어태왕아너스(대구),대구광역시 수성구 상록로 41,35.8633564,128.623289,9,9,0,Y
PC001346,용산롯데캐슬그랜드(대구),대구광역시 달서구 장산남로 33,35.8508616,128.5267577,49,49,0,Y
PC001347,성서우방유쉘아파트(대구),대구광역시 달서구 달구벌대로 995,35.8537299,128.4753403,10,10,0,Y
PC001487,수성뷰웰리버파크(대구),대구광역시 수성구 수성로41길 41,35.8440518,128.6100568,8,8,0,Y
PC001513,경북대학교병원(대구),대구광역시 중구 동덕로 130,35.8663689,128.6043085,17,0,17,N
PC001520,율하우방아이유쉘(대구),대구광역시 동구 금호강변로3길 22,35.8698594,128.6888753,14,14,0,Y
PC001544,이지스(대구),대구광역시 수성구 알파시티1로31길 2,35.8346257,128.6824178,2,2,0,Y
PC001547,동원골프연습장(대구),대구광역시 수성구 성동로 74-10,35.841015229,128.72370065,2,2,0,Y
PC001562,달서코아루더리브(대구),대구광역시 달서구 와룡로 42,35.8362882,128.5374954,6,6,0,Y
PC001566,매호한일유앤아이아파트(대구),대구광역시 수성구 고산로 162,35.846258,128.707417,13,13,0,Y
PC001576,명곡미래빌1단지(대구),대구광역시 달성군 화원읍 명곡로 11,35.798742821,128.49849266,8,8,0,Y
PC001577,대실역 e편한세상(대구),대구광역시 달성군 다사읍 죽곡1길 42,35.855154,128.46205,4,4,0,Y
PC001739,세천한라비발디아파트(대구),대구광역시 달성군 다사읍 세천로 187,35.8773036,128.4797913,32,0,32,N
PC001754,수성레이크푸르지오(대구),대구광역시 수성구 청수로24길 91,35.8355818,128.6213949,12,12,0,Y
PC001755,수성범어W아파트(대구),대구광역시 수성구 달구벌대로 2436,35.8583723,128.6283459,36,0,36,N
PC001756,죽전역코오롱하늘채(대구),대구광역시 달서구 용산로12길 77,35.8427711,128.5343943,14,0,14,N
PC001758,산새마을주공7단지(대구),대구광역시 달서구 도원남로 40,35.802668671,128.53446327,9,9,0,Y
PC001762,힐스테이트 다사역(대구),대구광역시 달성군 다사읍 매곡로12길 22,35.8652672,128.4551946,18,0,18,N
PC001802,시지라온프라이빗(대구),대구광역시 수성구 달구벌대로656길 32,35.834623,128.7135307,6,6,0,Y
PC001827,하나리움퀸즈파크(대구),대구광역시 달성군 유가읍 테크노북로 164,35.6963984,128.461339,21,0,21,N
PC001830,대구안심뉴타운시티프라디움,대구광역시 동구 안심뉴타운7로 31,35.8750238,128.7072924,11,0,11,N
PC001831,만촌역 해링턴플레이스(대구),대구광역시 수성구 청호로 490,35.858151114,128.64589513,8,0,8,N
PC001839,하담프라자(대구),대구광역시 동구 안심로22길 60-23,35.8629713,128.6945762,2,0,2,N
PC001965,대구광역시 교육청,대구광역시 수성구 수성로76길 11,35.8583427,128.6146184,3,0,3,N
PC001966,대구광역시 동부교육지원청,대구광역시 중구 관덕정길 35,35.8642598,128.5915571,2,0,2,N
PI000126,대구광역시 롯데시네마(대구상인점),대구광역시 달서구 월곡로 247,35.8164454,128.5392735,2,2,0,Y
PI000129,대구광역시 이마트TR(비산점),대구광역시 서구 팔달로 54,35.8899706,128.5560096,2,2,0,Y
PI000131,대구광역시 이마트(월배점),대구광역시 달서구 진천로 92,35.817184941,128.52359543,1,1,0,Y
PI000132,대구광역시 이마트(만촌점),대구광역시 수성구 동원로136,35.8711044,128.6371324,1,1,0,Y
PI000133,대구광역시 이마트(성서점),대구광역시 달서구 이곡동로 24,35.85334,128.5101541,1,1,0,Y
PI000235,대구시 달성소방서,대구광역시 달성군 현풍면 비슬로 480,35.6824948,128.446948,1,1,0,Y
PI000236,대구시 강서소방서,대구광역시 달성군 다사읍 달구벌대로 920,35.8554237,128.4674281,1,1,0,Y
PI000237,대구시 서부소방서,대구광역시 서구 달서천로 186,35.8818763,128.5543847,1,1,0,Y
PI000239,대구시 동부소방서,대구광역시 동구 동대구로 507,35.8759858474,128.6252252194,1,0,0,
PI000241,대구시 북부소방서,대구광역시 북구 칠성남로 112,35.8780019061,128.5923145614,1,0,0,
PI000253,대구시 대구시설공단,대구광역시 남구 대명로 29,35.838945465,128.5610634152,2,0,0,
PI000645,대구시 대구시설공단(신천둔치관리소),대구광역시 수성구 신천동로 272,35.849128439,128.608339778,1,1,0,Y
PI000700,대구시 중구 캐주얼하우스소노,대구광역시 중구 명륜로 86,35.8606519945,128.593756337,1,1,0,Y
PI001681,힐스테이트 데시앙 도남4단지아파트,대구광역시 북구 도남중앙로8길 8,35.9507721,128.584678,2,2,0,Y
PI019056,범물영남타운,대구광역시 수성구 용학로 316,35.8224,128.6424161,10,0,10,N
PI067893,두산위브더제니스,대구광역시 수성구 달구벌대로 2435,35.859211420,128.62926245,2,2,0,Y
PI068147,두산위브더제니스B,대구광역시 수성구 달구벌대로 2435,35.860367037,128.62960160,7,0,7,N
PI070275,삼성전자디지털센터대구신송현,대구광역시 달서구 구마로 259,35.8377907,128.5563179,2,2,0,Y
PI070443,대곡역화성파크드림,대구광역시 달서구 달서대로 41,35.813470331,128.51053289,31,0,31,N
PI121897,대구시 달서구 월성센트로파크,"대구광역시 달서구 구마로14남길 55 (월성동, 월성주공4단지)",35.8333,128.532,2,0,2,N
PI121974,대구시 북구 침산코오롱하늘채1차,"대구광역시 북구 침산로22길 31 (침산동, 침산동코오롱하늘채아파트) 101동~103동,105동~106동",35.885567898,128.59363873,12,12,0,Y
PI122169,방촌우방강촌마을아파트,대구광역시 동구 화랑로80길 8 (방촌동     우방강촌마을아파트) 101동~103동 105동~112동,35.876496794,128.66430854,3,3,0,Y
PI122225,케이티북대구빌딩,대구광역시 북구 고성로 141,35.8819,128.582,6,6,0,Y
PI122336,죽곡청아람리슈빌4단지,"대구광역시 달성군 다사읍 대실역남로 35 (죽곡리, 죽곡청아람리슈빌4단지)",35.850034,128.464215,4,4,0,Y
PI122356,복현우방타운,"대구광역시 북구 공항로 84 (복현동, 복현우방타운)",35.898628,128.624803,3,3,0,Y
PI202102,시지신화빌라트,"대구광역시 수성구 달구벌대로650길 29 (신매동, 신화빌라트)",35.836000,128.710000,2,2,0,Y
PI202109,복현건영111동주차장,"대구광역시 북구 검단로 28 (복현동, 복현건영아파트)",35.899925690,128.61619405,2,2,0,Y
PI202153,동촌역태왕아너스르네상스,"대구광역시 동구 동촌로 100 (검사동, 태왕아너스르네상스)",35.886800,128.652000,5,5,0,Y
PI202230,복현건영112동주차장,"대구광역시 북구 검단로 28 (복현동, 복현건영아파트)",35.899923629,128.61701636,2,2,0,Y
PI202257,대구영남네오빌2차,"대구광역시 동구 동촌로42길 63 (방촌동, 방촌2차영남네오빌) 201동~203동,212동",35.879900,128.661000,2,2,0,Y
PI202313,대구지산영남맨션A주차장,"대구광역시 수성구 지산로 31 (지산동, 영남아파트)",35.824442968,128.63192901,1,1,0,Y
PI202438,대구시 수성구 범물신화맨션,대구광역시 수성구 지범로40길 6,35.8197,128.641,6,6,0,Y
PI202502,현대하이페리온2단지,"대구광역시 동구 국채보상로 863 (신천동, 현대하이페리온2단지)",35.867600,128.625000,2,2,0,Y
PI202534,현대하이페리온일단지,"대구광역시 동구 국채보상로 861 (신천동, 현대하이페리온1단지)",35.867700,128.625000,2,2,0,Y
PI202568,범물하이츠,"대구광역시 수성구 용학로 336 (범물동, 범물하이츠)",35.824400,128.643000,2,2,0,Y
PI202619,범물보성타운1,"대구광역시 수성구 지범로39길 56 (범물동, 범물보성타운)",35.821738791,128.64388432,1,1,0,Y
PI202707,케이티범물빌딩,"대구광역시 수성구 범안로 33 (범물동, K.T범물지점)",35.8178558,128.6406869,1,1,0,Y
PI202729,케이티신암빌딩B,대구광역시 동구 아양로 114,35.8842,128.626,2,2,0,Y
PI202733,케이티대구타워,대구광역시 중구 동덕로 167,35.8696592,128.6033867,4,4,0,Y
PI202743,케이티안심빌딩,"대구광역시 동구 반야월로 242 (동호동, KT)",35.8717,128.715,2,2,0,Y
PI202778,케이티남대구빌딩,"대구광역시 남구 안지랑로 82 (대명동, KT남대구지사)",35.8388933,128.5719065,2,2,0,Y
PI202801,케이티대구타워,"대구광역시 중구 동덕로 167 (동인동2가, KT대구지사(동인동우체국))",35.8696115,128.603585,4,4,0,Y
PI202853,케이티효목빌딩,대구광역시 동구 동부로 197,35.8787,128.634,4,4,0,Y
PI202889,케이티태전빌딩,"대구광역시 북구 구암로 110 (태전동, KT북대구지사)",35.9316471,128.5529465,2,2,0,Y
PI202911,산격거평아파트,"대구광역시 북구 유통단지로3길 7 (산격동, 산격거평아파트) 101동~103동,105동~106동",35.905562,128.604051,1,1,0,Y
PI202986,범어삼환나우빌,대구광역시 수성구 범어천로 197,35.862582,128.620932,3,3,0,Y
PI203006,금사리하이빌,"대구광역시 동구 해동로 254(검사동, 금사리하이빌)",35.883457,128.655702,2,2,0,Y
PI203015,유니죤,대구광역시 남구 월배로 468(대명동),35.834627,128.555969,1,1,0,Y
PI306067,가창중석타운,대구광역시 달성군 가창면 가창로 1008,35.796711,128.627011,6,6,0,Y
PI306068,유니온스퀘어,대구광역시 중구 동성로1길 15,35.867008,128.594644,1,0,1,N
PI306072,롯데백화점상인점,대구광역시 달서구 월배로 232,35.818809,128.538856,3,0,3,N
PI306085,삼우그린타운,대구광역시 북구 매천로8길 35,35.90012,128.546333,12,12,0,Y
PI306105,화성쌍용타운,대구광역시 수성구 수성로 411,35.862569,128.6136,6,6,0,Y
PI306150,범물보성타운2,대구광역시 수성구 지범로39길 56,35.821308084,128.64358500,1,1,0,Y
PI530032,대구시 동구 안심농장식육식당,대구광역시 동구 대경로 1,35.8757169896,128.75571511,2,2,0,Y
PI530033,대구시 북구 무태골프연습장,대구광역시 북구 호국로 143,35.913901,128.599170,2,2,0,Y
PI530034,대구시 남구 미리내맨션,대구광역시 남구 효성로 13,35.8337255236,128.59892780,2,2,0,Y
PI530037,대구 수성구 쉐보레시지바로서비스,대구광역시 수성구 노변공원로 103,35.8337536176,128.699304148,1,1,0,Y
PI530042,대구시 달서구 효성중학교,대구광역시 달서구 월곡로 94길 46,35.8339513,128.5281157,2,2,0,Y
PI530043,대구시 달서구 효성여자고등학교,대구광역시 달서구 월곡로 94길 46,35.834347637,128.52926042,2,2,0,Y
PI530044,대구시 달서구 비너스모텔,대구광역시 달서구 대명천로11길 40,35.8377644,128.5554049,2,2,0,Y
PI530048,대구시 서구 텐모텔,대구광역시 서구 서대구로 351-5,35.88868067,128.5594745,2,2,0,Y
PI530050,대구시 달서구  레드모터스,대구광역시 달서구 파도고개로 92,35.854539283805,128.5701670256,2,2,0,Y
PI530054,대구시 수성구 범물골프연습장,대구광역시 수성구 지범로 296-10,35.813866,128.649422,2,2,0,Y
PI530057,대구시 북구 우주테크,대구광역시 북구 오봉로16길 27-16,35.894203432136,128.5814800172,2,2,0,Y
PI530061,대구시 남구 테리컴퍼니,대구광역시 남구 중앙대로32길 80,35.847409914300,128.5950275560,1,1,0,Y
PI530062,대구시 북구 협성휴포레강북아파트,대구광역시 북구 태암남로 60,35.924420068535,128.5539097135,10,10,0,Y
PI530065,대구시 북구 청우물류,대구광역시 북구 신천동로 654,35.87861402,128.6048212,1,1,0,Y
PI530067,대구시 달성군 비너스모텔,대구광역시 달성군 옥포읍 옥포로113길 3,35.7462505,128.4919078,2,2,0,Y
PI530074,대구시 수성구 우리개발연구소,대구광역시 수성구 수성로24길 10,35.836160199887,128.6122965589,1,1,0,Y
PI530077,대구시 달서구 낙동생오리,대구광역시 달서구 수밭길 15,35.797431652021,128.5484769481,2,2,0,Y
PI530079,대구시 달서구 신월성미소지움,대구광역시 달서구 조암로 32,35.825226954208,128.5262178299,2,2,0,Y
PI530082,대구시 북구 호텔브르노,대구광역시 북구 대현로 32,35.8854249,128.6033286,1,1,0,Y
PI530086,대구시 달성군 엘레강스모텔,대구광역시 달성군 현풍읍 현풍동로 198,35.701907818,128.44014880,2,2,0,Y
PI530087,대구시 서구 경북모터스,대구광역시 서구 북비산로17길 12,35.879656441,128.54302896,1,1,0,Y
PI530265,대구시 달서구 월배데시앙아파트,대구광역시 달서구 조암남로 123,35.8185526,128.5205703,3,3,0,Y
PI530271,대구시 수성구 지산한라타운,대구광역시 수성구 지범로22길 9,35.8222804,128.6360873,6,6,0,Y
PI530273,대구시 달성군 테크노폴리스반도유보라,대구광역시 달성군 유가읍 테크노대로 195,35.6903116,128.4679507,17,17,0,Y
PI530274,대구시 달성군 테크노폴리스힐데스하임,대구광역시 달성군 유가읍 테크노북로9길 42,35.693272989,128.46732234,17,17,0,Y
PI530275,대구시 동구 서한이다음2차,대구광역시 동구 이노밸리로29길 34,35.880645872,128.71387663,6,6,0,Y
PI530277,대구시 달서구 월성월드메르디앙지하,대구광역시 달서구 조암로6길 19,35.826523,128.5231364,6,6,0,Y
PI530278,대구시 달성군 테크노폴리스서한이다음,대구광역시 달성군 현풍읍 테크노상업로 33,35.692244090,128.45232274,11,11,0,Y
PI530279,대구시 수성구 노변청구타운,대구광역시 수성구 시지로 21,35.841424618,128.69318190,2,2,0,Y
PI530280,대구시 북구 태전중석타운,대구광역시 북구 학정로7길 3,35.913983988,128.54549479,4,4,0,Y
PI530281,대구시 달서구 이마트월배점,대구광역시 달서구 진천로 92,35.817136581,128.52350046,4,4,0,Y
PI530282,대구시 남구 보성상아맨션,대구광역시 남구 명덕로 236,35.853814961,128.59489374,3,3,0,Y
PI530283,대구시 수성구 보성송정타운,대구광역시 수성구 지범로46길 43,35.8133139,128.6426794,4,4,0,Y
PI530284,대구시 달성군 제일풍경채센트럴,대구광역시 달성군 유가읍 테크노대로 165,35.691352444,128.46436503,16,16,0,Y
PI530285,대구시 남구 대명10동행정복지센터,대구광역시 남구 대명복개로4길 166,35.840029105,128.56895672,1,1,0,Y
PI530286,대구시 남구 대명6동행정복지센터,대구광역시 남구 대명남로 73,35.8350916,128.5660923,1,1,0,Y
PI530287,대구시 수성구 범물2동행정복지센터,대구광역시 수성구 범안로 52,35.817503871,128.64344272,1,1,0,Y
PI530288,대구시 서구 중리진달래2차,대구광역시 서구 국채보상로38길 22,35.8680174,128.5518864,2,2,0,Y
PI530289,대구시 수성구 수성2-3가동주민센터,대구광역시 수성구 명덕로 443-2,35.8547672,128.619009,1,1,0,Y
PI530290,대구시 남구 대구대학교,대구광역시 남구 성당로50길 33,35.855945026,128.57507176,2,0,2,N
PI530291,대구시 북구 수정한양아파트,대구광역시 북구 구암로 17,35.936638932,128.54293421,6,6,0,Y
PI530292,대구시 동구 유선아덴힐즈,대구광역시 동구 동촌로25길 69,35.883600880,128.66225175,4,4,0,Y
PI530293,BMW차징스테이션 서대구전시장 by한독모터스,대구광역시 서구 달구벌대로 1841,35.8608743,128.5657178,2,2,0,Y
PI530294,대구시 수성구 수성그린타운,대구광역시 수성구 달구벌대로458길 17,35.859339514,128.61359119,1,1,0,Y
PI530295,대구시 동구 영남네오빌1차,대구광역시 동구 동촌로 190,35.880897704,128.66145448,2,2,0,Y
PI530297,대구시 수성구 경북가스,대구광역시 수성구 고모로 196,35.857210067,128.67913876,2,2,0,Y
PI530299,대구시 달서구 상인화성하이츠,대구광역시 달서구 월배로 245,35.8203259,128.5396308,5,5,0,Y
PI530300,대구시 수성구 지산영남맨션,대구광역시 수성구 지산로 31,35.823978860,128.63159862,2,2,0,Y
PI530301,대구시 달성군 강원도집다사점,대구광역시 달성군 다사읍 다사로 363,35.889333793,128.46905639,2,2,0,Y
PI530302,대구시 북구 산격청구맨션1차,대구광역시 북구 대구체육관로 12,35.8907493,128.6017615,2,2,0,Y
PI530303,대구시 수성구 수성못코오롱하늘채,대구광역시 수성구 파동로 222,35.8237798,128.6111443,10,10,0,Y
PI530304,대구시 동구 큰고개웰그린아파트,대구광역시 동구 아양로 124,35.884584938,128.62744176,1,1,0,Y
PI530305,대구시 달성군 옥우촌한우,대구광역시 달성군 옥포읍 옥포로 565,35.746891163,128.49219248,2,2,0,Y
PI530306,대구시 달서구 리베라빌라,대구광역시 달서구 두류공원로50길 113-18,35.8587824,128.5646295,1,1,0,Y
PI530307,대구시 수성구 대우로얄하이츠,대구광역시 수성구 용학로36길 20,35.820906316,128.62791762,2,2,0,Y
PI530310,대구시 동구 혁신온천터닝포인트짐,대구광역시 동구 이노밸리로26길 9,35.8784509,128.7117785,2,2,0,Y
PI530311,대구시 달서구 대곡역화성파크드림,대구광역시 달서구 달서대로 41,35.812950554,128.51048156,5,5,0,Y
PI530312,대구시 남구 영남이공대학교,대구광역시 남구 현충로 170,35.848445629,128.58253541,3,3,0,Y
PI530313,대구시 달서구 힐링모텔,대구광역시 달서구 성서공단로11길 44-9,35.8391650,128.4891581,2,2,0,Y
PI530314,대구시 군위군 군위경찰서,대구광역시 군위군 군위읍 중앙길 74,36.2347495,128.5666068,2,2,0,Y
PI530315,대구시 수성구 수성4가동행정복지센터,대구광역시 수성구 들안로67길 64,35.862649055,128.61664651,1,1,0,Y
PI530316,대구시 서구 쉐보레서대구서비스센터,대구광역시 서구 와룡로 376,35.866306494,128.53794554,2,2,0,Y
PI530318,대구시 남구 대구가톨릭의과대학병원,대구광역시 남구 두류공원로17길 33,35.8441875,128.5658232,6,6,0,Y
PI530319,대구시 수성구 시지청솔타운아파트,대구광역시 수성구 고산로 70,35.837280847,128.70471630,3,3,0,Y
PI530320,대구시 북구 브라운스톤강북아파트,대구광역시 북구 내곡로 89,35.9020612,128.5140794,21,21,0,Y
PI530321,대구시 북구 산격대우아파트,대구광역시 북구 동북로 163,35.8989134,128.612519,24,24,0,Y
PI530322,대구시 북구 대현뜨란채,대구광역시 북구 대현남로 28,35.8804768,128.6050351,6,6,0,Y
PI530326,대구시 동구 디앤에스,대구광역시 동구 서촌로7길 5,35.9794085,128.6282096,1,1,0,Y
PI530327,대구시 동구 에스앤비,대구광역시 동구 서촌로 33,35.9794463,128.6285368,1,1,0,Y
PI530328,대구시 달서구 달서소방서,대구광역시 달서구 학산로 75,35.831059573,128.53473215,1,1,0,Y
PI530330,대구시 북구 케이티산격빌딩,대구광역시 북구 호국로 8,35.9029593,128.6042373,2,2,0,Y
PI530331,대구 남구 케이티봉덕빌딩,대구광역시 남구 봉덕로 61,35.8452922,128.5975476,4,4,0,Y
PI530332,대구시 달서구 케이티장기빌딩,대구광역시 달서구 장기로 276,35.8433495,128.5299748,2,2,0,Y
PI530333,대구시 수성구 케이티고산빌딩,대구광역시 수성구 달구벌대로 3176,35.8405316,128.7042675,2,2,0,Y
PI540129,군위군 경북친환경영농조합법인,대구광역시 군위군 부계면 신화1길 34,36.105075104798,128.6469528382,2,2,0,Y
PI540344,군위군 브이모텔,대구광역시 군위군 부계면 용매로 15,36.045498674,128.63953113,2,2,0,Y
PI540413,군위군 군위오펠골프클럽,대구광역시 군위군 산성면 부흥로 227,36.112371,128.679437,6,6,0,Y
PI645107,BMW차징스테이션 호텔엘리시아,대구광역시 달서구 갈밭남로 45,35.8011414,128.5334842,3,3,0,Y
PI645291,대구시 달성군 평광현대3차,대구광역시 달성군 논공읍 용호로 6,35.727515332,128.44743479,2,2,0,Y
PI645405,BMW차징스테이션 인도어푸른골프연습장,대구광역시 달성군 다사읍 서재로12길 53,35.865610,128.492289,4,4,0,Y
PI645420,BMW차징스테이션 대구리치프라자 by한독모터스,대구광역시 북구 옥산로17길 14,35.885905,128.585908,4,4,0,Y
PI690005,BMW차징스테이션 수성해모로하이엔 by한독모터스,대구광역시 수성구 파동로 47,35.8073980,128.6208560,8,8,0,Y
PI690013,BMW차징스테이션 계명대학교동산병원 by한독모터스,대구광역시 달서구 달구벌대로 1035,35.8540220,128.4816670,28,0,28,N
PI700098,성서삼성명가타운,대구광역시 달서구 호산로 125,35.851417,128.4754323,2,2,0,Y
PI700099,LH 대구경북지역본부,대구광역시 달서구 상화로 272,35.807743,128.543438,2,2,0,Y
PI700380,진천역계룡리슈빌,대구광역시 달서구 진천로 77,35.815899,128.521913,6,6,0,Y
PI700382,만촌우방하이츠,대구광역시 수성구 화랑로 26,35.86894,128.632,1,1,0,Y
PI700385,남산그린타운,대구광역시 중구 달구벌대로 1950,35.862897,128.577278,6,6,0,Y
PI700390,범물청림타운,대구광역시 수성구 지범로54길 15,35.814587,128.646217,3,3,0,Y
PI700392,칠곡에덴타운,대구광역시 북구 구암로22길 14,35.931646,128.551291,3,3,0,Y
PI700393,장기영남네오빌파크,대구광역시 달서구 한들로 36,35.847461,128.526443,9,9,0,Y
PI700394,금호서한이다음,대구광역시 북구 한강로 17,35.897692284,128.51107956,8,8,0,Y
PI700396,칠곡e편한세상,대구광역시 북구 칠곡중앙대로 598,35.948891,128.553639,8,8,0,Y
PI700403,대구우방사랑마을,대구광역시 수성구 달구벌대로 2317,35.860583330,128.61592618,3,3,0,Y
PI700409,우방백자맨션,대구광역시 동구 동촌로 346,35.87695,128.676295,1,1,0,Y
PI700593,비산23동 행정복지센터,대구광역시 서구 국채보상로81길 43,35.875922,128.57463,1,1,0,Y
PI700594,평리4동 행정복지센터,대구광역시 서구 국채보상로46길 37-3,35.867403,128.556827,1,1,0,Y
PI700603,칠곡2차한라하우젠트,대구광역시 북구 학정동로 40,35.947104235,128.56798945,2,2,0,Y
PI700612,성서보성화성타운,대구광역시 달서구 계대동문로 99,35.8563294,128.5036106,12,12,0,Y
PI700618,테크노폴리스일동미라주더파크,대구광역시 달성군 현풍면 테크노북로2길 9,35.693441,128.451111,10,10,0,Y
PI700627,상인동화태왕한양타운,대구광역시 달서구 상인서로 94,35.8185346,128.5422574,6,6,0,Y
PI700651,대구기계공구상 협동조합,대구광역시 북구 유통단지로 16,35.904926445,128.60666769,6,6,0,Y
PI700653,신서화성파크드림,대구광역시 동구 반야월북로 221,35.8735874,128.7226699,5,5,0,Y
PI700664,범어우방파크빌,대구광역시 수성구 달구벌대로496길 36,35.855377511,128.63370858,1,1,0,Y
PI700681,성서주공2단지,대구광역시 달서구 신당로 55,35.8543906,128.4975973,6,6,0,Y
PI700984,신천휴먼시아6단지,대구광역시 동구 송라로11길 39,35.870557048,128.61673764,5,5,0,Y
PI700992,만촌보성타운,대구광역시 수성구 공경로 70,35.873966372,128.64340447,7,7,0,Y
PI700995,앞산힐스테이트,대구광역시 남구 대덕로 166,35.8400662,128.6019594,6,6,0,Y
PI701108,칠곡1차한라하우젠트,대구광역시 북구 학남로 10,35.9474173,128.5656267,7,7,0,Y
PI701109,우방연합타운,대구광역시 달성군 논공읍 논공중앙로22길 36,35.723798463,128.44888987,1,1,0,Y
PI701148,옥포이진캐스빌,대구광역시 달성군 옥포읍 비슬로 2001,35.783414687,128.44112067,5,5,0,Y
PI701151,와룡타운,대구광역시 달서구 이곡동로 32,35.853317487,128.51177555,6,6,0,Y
PI701152,매호동서타운,대구광역시 수성구 천을로 180,35.8418265,128.7097836,7,7,0,Y
PI701155,영남네오빌아트,대구광역시 북구 동천로 97,35.941071430,128.55949437,9,9,0,Y
PI701156,별메마을,대구광역시 달서구 도원로 46,35.8056773,128.5341594,13,13,0,Y
PI701157,성서보람타운,대구광역시 달서구 새동네로 34,35.851543245,128.51919407,8,8,0,Y
PI701164,과학마을청아람,대구광역시 달성군 구지면 과학마을로 70,35.6557051,128.4205318,10,10,0,Y
PI707292,대성베르힐,대구광역시 달성군 옥포읍 돌미로8길 19,35.783338170,128.45048127,4,4,0,Y
PI708782,이편한세상세계육상선수촌1단지,대구광역시 동구 율하서로 85,35.862706300,128.69066628,9,9,0,Y
PI708859,신천두산위브B,대구광역시 동구 국채보상로 829,35.868524806,128.62193026,5,5,0,Y
PI709193,상인보성맨션,대구광역시 달서구 상인서로 75,35.816203455,128.54102747,2,2,0,Y
PI709238,휴요양병원,대구광역시 달서구 성당로 215,35.85154,128.5732871,1,1,0,Y
PI709297,영조아름다운나날,대구광역시 동구 안심로 402,35.867724756,128.72887601,4,4,0,Y
PI709403,호반베르디움더클래스,대구광역시 달성군 유가읍 테크노대로5길 80,35.695569388,128.46909522,16,16,0,Y
PI709888,소양강메기매운탕,대구광역시 달서구 당산로 223,35.856364482,128.54717094,1,1,0,Y
PI709889,범어월드메르디앙웨스트카운티,대구광역시 수성구 범어천로 200,35.863678284,128.62062933,10,10,0,Y
PI710185,영남네오빌아트B,대구광역시 북구 동천로 97,35.941129212,128.55938192,10,10,0,Y
PI710637,태왕아너스복현,대구광역시 북구 복현로 105,35.899402019,128.61965955,13,13,0,Y
PI710697,대실역태왕아너스,대구광역시 달성군 다사읍 대실역남로 11,35.856302661,128.46525224,9,9,0,Y
PI711474,신천휴먼시아6단지B,대구광역시 동구 송라로11길 39,35.871174944,128.61635716,2,2,0,Y
PI711511,용산현대우방타운,대구광역시 달서구 용산로 253,35.860040675,128.52988119,5,5,0,Y
PI712445,용산우방타운,대구광역시 달서구 용산로 174,35.853720309,128.53155296,7,7,0,Y
PI712701,광진중앙교회,대구광역시 동구 위남로 51,35.927997477,128.63549756,5,5,0,Y
PI712846,대구월성3,대구광역시 달서구 학산로7길 39,35.831576741,128.52987066,9,9,0,Y
PI712855,태전중석타운,대구광역시 북구 학정로7길 3,35.914327639,128.54592520,6,6,0,Y
PI713039,비산5동행정복지센터,대구광역시 서구 달서천로65길 17,35.886324350,128.56964205,1,1,0,Y
PI713336,대곡역청구타운,대구광역시 달서구 상화로8길 26,35.808169840,128.51674669,3,3,0,Y
PI713588,대신센트럴자이,대구광역시 중구 달구벌대로 1955,35.8638665,128.5777187,5,5,0,Y
PI713594,신세계타운,대구광역시 수성구 신천동로 320,35.852264826,128.61064326,18,18,0,Y
PI713730,대곡사계절타운,대구광역시 달서구 한실로 117,35.806940329,128.53829308,32,32,0,Y
PI713755,수성아크로타워,대구광역시 수성구 달구벌대로 2570,35.858372146,128.64413286,10,10,0,Y
PI714349,상인동서타운아파트,대구광역시 달서구 상인서로 39,35.813229134,128.54496207,5,5,0,Y
PI715256,강남타운,대구광역시 동구 신성로 60,35.878400119,128.61435921,6,6,0,Y
PI715262,수성풀비체,대구광역시 수성구 화랑로32길 91,35.872414,128.64538,7,7,0,Y
PI716115,성서와룡타운,대구광역시 달서구 이곡동로 32,35.853784584,128.51189511,5,5,0,Y
PI716269,금호리버팰리스,대구광역시 북구 한강로8길 13-17,35.895053169,128.51982653,3,3,0,Y
PI716765,대구지산우방타운,대구광역시 수성구 지산로 32,35.822997155,128.63388001,6,0,6,N
PI717959,대성베르힐B,대구광역시 달성군 옥포읍 돌미로8길 19,35.783046019,128.45042066,2,0,2,N
PI718146,대구우방사랑마을,대구광역시 수성구 달구벌대로 2317,35.860653726,128.61638701,6,0,6,N
PI718313,태전2차우방아파트,대구광역시 북구 칠곡중앙대로53길 29,35.91816,128.5440152,4,4,0,Y
PI718662,바른요양병원,대구광역시 동구 해동로 119,35.889710724,128.64320038,2,2,0,Y
PI719709,제일풍경채더퍼스트,대구광역시 달성군 현풍읍 테크노상업로 49,35.6931946,128.4540307,4,4,0,Y
PI720438,평화타운,대구광역시 달서구 성서동로 350,35.85144,128.51664,4,4,0,Y
PI721003,진천태왕아너스2단지,대구광역시 달서구 상화로5길 24,35.809539891,128.51868667,2,2,0,Y
PI721106,수성2차e편한세상,대구광역시 수성구 달구벌대로522길 33,35.8555892,128.6478639,10,10,0,Y
PI721174,코오롱하늘채수,대구광역시 수성구 범어천로 126,35.857910040,128.62288180,4,4,0,Y
PI721386,침산동서타운,대구광역시 북구 침산로 116,35.888411845,128.58769030,3,3,0,Y
PI721389,상인평광맨션,대구광역시 달서구 상인서로 3,35.8115963,128.5463578,6,6,0,Y
PI721516,범어라온프라이빗,대구광역시 수성구 동대구로55길 11,35.854103785,128.62380321,2,2,0,Y
PI721549,삼익THK,대구광역시 달서구 성서동로 163,35.8360965,128.5149829,3,3,0,Y
PI721552,상인영남화성,대구광역시 달서구 상인서로 76,35.8173886,128.5430225,4,4,0,Y
PI721611,동촌강나루타운,대구광역시 동구 효동로 108,35.8860432,128.6429226,10,10,0,Y
PI721706,e편한세상대구금호,대구광역시 북구 내곡로 49,35.9002665,128.508926,8,8,0,Y
PI721729,와룡타운B,대구광역시 달서구 이곡동로 32,35.852874564,128.51188337,2,2,0,Y
PI721772,상인한서타운,대구광역시 달서구 상화북로 195,35.814544690,128.54665400,6,6,0,Y
PI721844,실리안아파트B,대구광역시 수성구 파동로 209,35.8212545,128.611278,4,4,0,Y
PI721980,태왕아너스,대구광역시 수성구 청호로 345,35.847962900,128.63698762,5,5,0,Y
PI722246,강창동서타운,대구광역시 달성군 다사읍 왕선로 49,35.8639028,128.4632137,5,5,0,Y
PI722307,시지에덴타운아파트,대구광역시 수성구 고산로12길 34,35.833409,128.7058169,6,6,0,Y
PI722467,대구 수성구 황금미진타운,대구광역시 수성구 청솔로12길 40,35.8501295,128.6228864,3,3,0,Y
PI722554,신천휴먼시아6단지아파트,대구광역시 동구 송라로11길 39,35.870912318,128.61729013,5,5,0,Y
PI722615,범어유림노르웨이숲,대구광역시 수성구 동대구로50길 37,35.8524193,128.6284189,10,10,0,Y
PI722646,송현우방,대구광역시 달서구 송현로 103,35.8262955,128.5433145,2,2,0,Y
PI722778,노변대백아파트,대구광역시 수성구 노변로 11,35.832288307,128.69946821,9,9,0,Y
PI722903,대백인터빌아파트,대구광역시 북구 작원길 25,35.8997588,128.5490724,10,10,0,Y
PI723139,옥포이진캐스빌802동,대구광역시 달성군 옥포읍 비슬로 2001,35.783081755,128.44070268,2,2,0,Y
PI723141,옥포이진캐스빌803동,대구광역시 달성군 옥포읍 비슬로 2001,35.782949421,128.43990124,3,3,0,Y
PI723157,칠곡1차한라하우젠트,대구광역시 북구 학남로 10,35.9485531,128.5653352,3,3,0,Y
PI730006,궁전라벤더,대구광역시 동구 아양로 52,35.881785,128.6199312,2,2,0,Y
PI730030,초이스엠,대구광역시 동구 팔공산로 260,35.9928226,128.6140245,2,2,0,Y
PI730038,군위이로운한우영농조합법인,대구광역시 군위군 효령면 간동유원지길 14,36.1785806,128.5852032,2,2,0,Y
PI730076,허브모텔,대구광역시 달서구 성서공단로11길 38-3,35.8386751,128.4886388,2,2,0,Y
PI730096,삼장매운탕,대구광역시 군위군 효령면 치산효령로 2242,36.1484997,128.5978323,2,2,0,Y
PI730462,화원창신맨션,대구광역시 달성군 화원읍 화원로 36,35.8084349,128.4994292,2,2,0,Y
PI735118,더카서비스,대구광역시 동구 안심로59길 29,35.8688615,128.7175636,2,2,0,Y
PI735130,대교1급정비,대구광역시 달성군 하빈면 하빈남로104길 10,35.8709677,128.3963014,2,2,0,Y
PI735176,3차가든하이츠,대구광역시 수성구 청호로 365,35.8495378,128.6380648,4,4,0,Y
PI735180,교대역동서프라임365A,대구광역시 남구 이천로19길 81,35.851026165,128.59387689,10,10,0,Y
PI735196,브라운스톤 범어,대구광역시 수성구 동대구로 354,35.8616922,128.6277407,3,3,0,Y
PI735210,범물청구타운,대구광역시 수성구 지범로39길 12,35.8199131,128.6432536,6,6,0,Y
PI735228,범어우방파크빌B,대구광역시 수성구 달구벌대로496길 36 범어우방파크빌,35.855177063,128.63370446,2,0,2,N
PI740066,빌리브범어105동1F(필로티)층주차장,대구광역시 수성구 청호로 418,35.853964869,128.63933868,2,0,2,N
PI740068,빌리브범어105동지하1층,대구광역시 수성구 청호로 418,35.854107048,128.63948551,3,3,0,Y
PI740086,시지효성백년가약1단지지하2층,대구광역시 수성구 달구벌대로 3280,35.836497795,128.71460578,2,2,0,Y
PI740088,시지효성백년가약1단지지하3층,대구광역시 수성구 달구벌대로 3280,35.8365274,128.7147906,3,3,0,Y
PI740096,각산서한이다음지하1층,대구광역시 동구 반야월북로 167,35.873128913,128.71569108,2,2,0,Y
PI740098,각산서한이다음지하2층,대구광역시 동구 반야월북로 167,35.8731203,128.715901,3,3,0,Y
PI740111,앞산태왕아너스101동,대구광역시 남구 효서길 53,35.837723123,128.59556400,2,2,0,Y
PI740113,앞산태왕아너스105동,대구광역시 남구 효서길 53,35.837354210,128.59637002,3,3,0,Y
PI740125,시지우방하이츠101동,대구광역시 수성구 달구벌대로645길 22,35.8413566,128.7111423,1,1,0,Y
PI740134,두성타운,대구광역시 북구 태전로7길 10-17,35.9234989,128.5429204,3,3,0,Y
PI740140,칠곡2차한라하우젠트B,대구광역시 북구 학정동로 40,35.947527822,128.56556969,3,3,0,Y
PI740146,대우로얄하이츠,대구광역시 수성구 용학로36길 20,35.820878985,128.62777322,3,3,0,Y
PI740149,침산동서타운B,대구광역시 북구 침산남로 116,35.888669784,128.58787872,2,2,0,Y
PI740172,동촌화성타운101동,대구광역시 동구 동촌로6길 3,35.8898799,128.6462389,2,2,0,Y
PI740174,동촌화성타운103동,대구광역시 동구 동촌로6길 3,35.8896482,128.646338,2,2,0,Y
PI740187,상인보성맨션B,대구광역시 달서구 상인서로 75,35.816170380,128.54132279,2,2,0,Y
PI740205,두성파크타운,대구광역시 북구 학정로13길 16,35.915296,128.5498613,3,3,0,Y
PI740208,화원대백,대구광역시 달성군 화원읍 성화로6길 5,35.8014824,128.4896606,3,3,0,Y
PI740215,우방연합타운관리소,대구광역시 달성군 논공읍 논공중앙로22길 36,35.723641522,128.44882625,2,2,0,Y
PI740222,범물태성한라창신101동102동,대구광역시 수성구 용학로 272,35.820236133,128.63794493,2,2,0,Y
PI740224,범물태성한라창신 105동106동,대구광역시 수성구 용학로 272,35.819288575,128.63870549,2,2,0,Y
PI740226,범물태성한라창신 103동104동,대구광역시 수성구 용학로 272,35.819883573,128.63934839,1,1,0,Y
PI740227,신암동건영캐스빌107동지하1층,대구광역시 동구 신암남로 50,35.878041576,128.62070700,2,2,0,Y
PI740229,신암동건영캐스빌107동지하2층,대구광역시 동구 신암남로 50,35.877923638,128.62076550,2,2,0,Y
PI740231,신암동건영캐스빌111동지하1층,대구광역시 동구 신암남로 50,35.878234920,128.62173792,1,1,0,Y
PI740239,복현명문세가1단지102동,대구광역시 북구 복현로 71,35.898057843,128.62289262,2,2,0,Y
PI740241,복현명문세가1단지103동,대구광역시 북구 복현로 71,35.897651890,128.62309199,1,1,0,Y
PI740242,복현명문세가1단지105동,대구광역시 북구 복현로 71,35.897349065,128.62366172,1,1,0,Y
PI740243,복현명문세가1단지106동,대구광역시 북구 복현로 71,35.897073852,128.62385545,1,1,0,Y
PI740249,봉덕동태성맨션101동지하1층,대구광역시 남구 효서2길 7,35.838444125,128.59640570,1,1,0,Y
PI740250,봉덕동태성맨션101동지하2층,대구광역시 남구 효서2길 7,35.838273687,128.59634695,2,2,0,Y
PI740252,봉덕동태성맨션102동지하2층,대구광역시 남구 효서2길 7,35.838701391,128.59569426,2,2,0,Y
PI740254,칠곡2차한라타운210동,대구광역시 북구 구암로 170,35.931181597,128.55930838,1,1,0,Y
PI740255,칠곡2차한라타운211동,대구광역시 북구 구암로 170,35.9307246,128.5588371,1,1,0,Y
PI740256,칠곡2차한라타운212동,대구광역시 북구 구암로 170,35.930291690,128.55896405,1,1,0,Y
PI740260,죽곡삼정그린코아더베스트지하1층,대구광역시 달성군 다사읍 다사로 50,35.863811,128.4612016,1,1,0,Y
PI740261,죽곡삼정그린코아더베스트지하2층,대구광역시 달성군 다사읍 다사로 50,35.8637235,128.4609869,1,1,0,Y
PI740262,죽곡삼정그린코아더베스트지하3층,대구광역시 달성군 다사읍 다사로 50,35.8638971,128.4607908,1,1,0,Y
PI740263,죽곡삼정그린코아더베스트지하4층,대구광역시 달성군 다사읍 다사로 50,35.8640459,128.4613388,1,1,0,Y
PI740264,죽곡삼정그린코아더베스트지하5층,대구광역시 달성군 다사읍 다사로 50,35.8640751,128.4611566,1,1,0,Y
PI740280,대구지산우방타운101동,대구광역시 수성구 지산로 32,35.823983599,128.63373703,2,2,0,Y
PI740282,대구지산우방타운102동,대구광역시 수성구 지산로 32,35.8235918,128.633439,2,2,0,Y
PI740284,대구지산우방타운106동,대구광역시 수성구 지산로 32,35.823824092,128.63420125,1,1,0,Y
PI740287,침산삼정그린코아101동지하1층,대구광역시 북구 중앙대로 570,35.883647217,128.59814031,1,1,0,Y
PI740288,침산삼정그린코아102동지하1층,대구광역시 북구 중앙대로 570,35.8834573,128.5977419,1,1,0,Y
PI740289,침산삼정그린코아101동지하2층,대구광역시 북구 중앙대로 570,35.883710728,128.59827724,2,2,0,Y
PI740291,침산삼정그린코아오피스텔지하1층,대구광역시 북구 중앙대로 570,35.8836391,128.5973982,1,1,0,Y
PI740298,지산화성맨션101동,대구광역시 수성구 용학로35길 62,35.825123295,128.63043808,1,1,0,Y
PI740299,지산화성맨션103동,대구광역시 수성구 용학로35길 62,35.824287072,128.62980410,1,1,0,Y
PI740300,신서그린빌아파트,대구광역시 동구 반야월북로 251,35.8730585,128.7256122,1,1,0,Y
PI740301,칠곡그린빌2단지1동,대구광역시 북구 구암서로 70,35.941505927,128.56712695,1,1,0,Y
PI740302,칠곡그린빌2단지7동,대구광역시 북구 구암서로 70,35.943204124,128.56767856,2,2,0,Y
PI740311,침산코오롱하늘채2단지,대구광역시 북구 중앙대로 591,35.8859077,128.5961654,1,1,0,Y
PI740349,삼익THK테크노폴리스공장옥상,대구광역시 달성군 유가읍 테크노순환로1길 13-29,35.675895352,128.44949782,3,3,0,Y
PI740352,삼익THK테크노폴리스공장옥외,대구광역시 달성군 유가읍 테크노순환로1길 13-29,35.676410648,128.44842751,2,2,0,Y
PI740372,대구혁신LH천년나무3단지B,대구광역시 동구 과학로13길 30,35.887135876,128.71686531,2,2,0,Y
PI740374,대구혁신LH천년나무3단지,대구광역시 동구 과학로13길 30,35.887271,128.7169195,2,2,0,Y
PI740396,두산위브더제니스,대구광역시 수성구 달구벌대로 2435,35.860907944,128.62908684,2,2,0,Y
PI740398,두산위브더제니스지하2층,대구광역시 수성구 달구벌대로 2435,35.8600633,128.6290511,2,2,0,Y
PI740400,우방2차강촌마을,대구광역시 동구 화랑로80길 9,35.8755755,128.6704102,1,1,0,Y
PI740409,상인동화아이위시아파트,대구광역시 달서구 월곡로 171,35.810854819,128.54508390,2,2,0,Y
PI740412,래미안웰리스트1단지B1,대구광역시 남구 효성중앙길 82,35.835573901,128.60436043,3,3,0,Y
PI740415,래미안웰리스트1단지B2,대구광역시 남구 효성중앙길 82,35.835621936,128.60447483,2,2,0,Y
PI740417,래미안웰리스트2단지B1,대구광역시 남구 효성중앙길 81,35.837057437,128.60461164,2,2,0,Y
PI740419,래미안웰리스트2단지B2,대구광역시 남구 효성중앙길 81,35.836728976,128.60474613,3,3,0,Y
PI740435,월배역포스코더샵 104동,대구광역시 달서구 월서로 51,35.818708619,128.53010000,2,2,0,Y
PI740437,월배역포스코더샵106동,대구광역시 달서구 월서로 51,35.818441576,128.53001743,2,2,0,Y
PI740454,대구힐스테이트황금동103동,대구광역시 수성구 청수로 274,35.839963623,128.63849712,1,1,0,Y
PI740455,대구힐스테이트황금동104동,대구광역시 수성구 청수로 274,35.839836589,128.63806566,1,1,0,Y
PI740456,대구힐스테이트황금동105동,대구광역시 수성구 청수로 274,35.839294212,128.63868533,1,1,0,Y
PI740457,대구힐스테이트황금동108동,대구광역시 수성구 청수로 274,35.838938277,128.63934480,1,1,0,Y
PI740524,수성코오롱하늘채,대구광역시 수성구 들안로 300,35.856003269,128.61810244,5,5,0,Y
PI740529,시지2차서한타운,대구광역시 수성구 천을로31길 8,35.8439478,128.7091761,5,5,0,Y
PI740534,대곡역청구타운B,대구광역시 달서구 상화로8길 26,35.808412,128.5165371,5,5,0,Y
PI740557,용산현대우방타운105동지하1층,대구광역시 달서구 용산로 253,35.8591342,128.5295953,2,2,0,Y
PI740559,용산현대우방타운101동지하2층,대구광역시 달서구 용산로 253,35.8600651,128.5302664,3,3,0,Y
PI740562,산호한양아파트1호주차장,대구광역시 북구 대천로7길 40,35.940875252,128.55499424,2,2,0,Y
PI740564,산호한양아파트2호주차장,대구광역시 북구 대천로7길 40,35.940936324,128.55549687,3,3,0,Y
PI740572,봉덕화성파크드림101동,대구광역시 남구 대봉로14길 30,35.842862458,128.60550055,2,2,0,Y
PI740574,봉덕화성파크드림103동,대구광역시 남구 대봉로14길 30,35.842362269,128.60567309,3,3,0,Y
PI740595,침산2차청구타운지하1층주차장,대구광역시 북구 침산남로19길 8,35.889729972,128.58760643,3,3,0,Y
PI740598,침산2차청구타운옥외주차장,대구광역시 북구 침산남로19길 8,35.889628747,128.58742445,2,2,0,Y
PI740600,죽곡하우젠트아너스빌102동,대구광역시 달성군 다사읍 왕선로 26,35.861391329,128.46527539,2,2,0,Y
PI740602,죽곡하우젠트아너스빌104동,대구광역시 달성군 다사읍 왕선로 26,35.860218952,128.46497705,3,3,0,Y
PI740615,귀빈맨션101동102동사이주차장,대구광역시 달서구 월배로32안길 61,35.8129451,128.5301407,3,3,0,Y
PI740618,귀빈맨션103동앞주차장,대구광역시 달서구 월배로32안길 61,35.812567310,128.52991577,2,2,0,Y
PI740620,대곡이오스아파트105동,대구광역시 달서구 비슬로550길 38,35.8086275,128.5152605,2,2,0,Y
PI740622,대곡이오스아파트108동,대구광역시 달서구 비슬로550길 38,35.808632159,128.51510155,3,3,0,Y
PI740625,태왕아너스리버파크2차아파트,대구광역시 동구 공항로54길 60,35.8932878,128.6410456,3,3,0,Y
PI740628,시지3차신매보성타운,대구광역시 수성구 달구벌대로651길 23,35.8393384,128.7139104,3,3,0,Y
PI740652,시지우방하이츠102동,대구광역시 수성구 달구벌대로645길 22,35.841652770,128.71144792,3,3,0,Y
PI740662,대구힐스테이트황금동101동,대구광역시 수성구 청수로 274,35.839805314,128.63755039,1,1,0,Y
PI740664,진천역현대2차아파트지하1층1구역,대구광역시 달서구 월배로14길 43,35.811664734,128.52222042,2,2,0,Y
PI740666,진천역현대2차아파트지하1층2구역,대구광역시 달서구 월배로14길 43,35.8116203,128.5220618,2,2,0,Y
PI740668,상인성지맨션,대구광역시 달서구 상화북로 195,35.8144852,128.5467044,3,3,0,Y
PI740671,동서리치모아109동,대구광역시 북구 서변로 88,35.923519730,128.59767659,2,2,0,Y
PI740673,동서리치모아110동,대구광역시 북구 서변로 88,35.923595532,128.59773628,1,1,0,Y
PI740674,동서리치모아111동,대구광역시 북구 서변로 88,35.9236508,128.5976497,2,2,0,Y
PI740688,노변동서우방타운101동,대구광역시 수성구 노변공원로 22,35.841242862,128.69854422,1,1,0,Y
PI740689,노변동서우방타운103동,대구광역시 수성구 노변공원로 22,35.840441110,128.69756982,1,1,0,Y
PI740690,노변동서우방타운106동,대구광역시 수성구 노변공원로 22,35.839906074,128.69748924,3,3,0,Y
PI740698,월성우방아파트102동,대구광역시 달서구 학산로2길 11,35.826127259,128.53170306,1,1,0,Y
PI740699,월성우방아파트105동,대구광역시 달서구 학산로2길 11,35.826627262,128.53242086,2,2,0,Y
PI740701,월성우방아파트106동,대구광역시 달서구 학산로2길 11,35.826170701,128.53253657,2,2,0,Y
PI740716,대곡역동화타운옥외주차장,대구광역시 달서구 상화로 24,35.809748166,128.51628716,2,2,0,Y
PI740718,대곡역동화타운지하1층,대구광역시 달서구 상화로 24,35.8097231,128.5164205,3,3,0,Y
PI740721,범어라온프라이빗1층주차장,대구광역시 수성구 동대구로55길 11,35.854402052,128.62373734,1,1,0,Y
PI740722,범어라온프라이빗지하2층주차장,대구광역시 수성구 동대구로55길 11,35.854507616,128.62392767,2,2,0,Y
PI740743,동아2차무지개아파트206동옥외,대구광역시 북구 침산로21길 10,35.886410535,128.58904341,2,2,0,Y
PI740776,동아2차무지개아파트207동옥외,대구광역시 북구 침산로21길 10,35.886202369,128.59013278,2,2,0,Y
PI747158,BMW차징스테이션 대곡주차장,대구광역시 달서구 도원로서길 3-14,35.8075731,128.5339464,2,0,2,N
PI747199,BMW차징스테이션 크리스탈관광호텔,대구광역시 달서구 달구벌대로 1910,35.8615772,128.5729633,3,3,0,Y
PI750001,범어효성해링턴플레이스,대구광역시 수성구 청호로 433,35.8555472,128.6399031,5,5,0,Y
PI750054,수성SK리더스뷰B,대구광역시 수성구 동대구로 95,35.837907,128.6228781,5,5,0,Y
PI750070,침산3차푸르지오아파트,대구광역시 북구 침산남로 130,35.8884108,128.5896798,5,5,0,Y
PI750081,대곡역화성타운,대구광역시 달서구 비슬로 2731,35.810386,128.5136064,3,3,0,Y
PI750393,서재보성타운,대구광역시 달성군 다사읍 서재로30길 17,35.875896060,128.50030975,11,11,0,Y
PI750417,빌리브범어,대구광역시 수성구 청호로 418,35.853345448,128.63906636,2,2,0,Y
PI750644,금호서한이다음B,대구광역시 북구 한강로 17,35.898013174,128.51225412,4,4,0,Y
PI751183,대구혁신센텀힐즈,대구광역시 동구 혁신대로 450,35.8733566,128.745519,16,16,0,Y
PI751598,달성화성파크드림아파트,대구광역시 달성군 구지면 과학마을로2길 6,35.655830597,128.41560960,14,14,0,Y
PI751775,만촌보성타운B,대구광역시 수성구 공경로 70,35.873189075,128.64390325,8,0,8,N
PI752370,국가산단 디엔트르 센트럴아파트,대구광역시 달성군 구지면 국가산단대로70길 17,35.6628101,128.4183354,12,12,0,Y
PI752996,대구시 흥구삼덕빌딩,대구광역시 중구 동성로3길 35,35.866935,128.5972768,1,0,1,N
PI753609,상인제림아파트,대구광역시 달서구 상화북로 196,35.8126347,128.5482302,6,6,0,Y
PI753881,피닉스골프클럽,대구 동구 화랑로100길 135 관리사무소,35.8712585,128.6883765,4,0,4,N
PI760200,SK허브스카이아파트,대구광역시 중구 중앙대로 323,35.8622469,128.5925742,6,6,0,Y
PI760266,칠곡1차한라하우젠트C,대구광역시 북구 학남로 10,35.948207138,128.56564959,5,5,0,Y
PI760600,대구청구장미마을B,대구광역시 북구 칠곡중앙대로 45,35.901077575,128.54617692,6,6,0,Y
PI760660,대구성명교회,대구광역시 달서구 새방로 61,35.864744739,128.52408614,4,4,0,Y
PI760829,옥포이진캐스빌B,대구광역시 달성군 옥포읍 비슬로 2001,35.783640594,128.44125746,2,2,0,Y
PI761043,금호서한이다음C,대구광역시 북구 한강로 17,35.898619490,128.51151529,10,10,0,Y
PI761310,노변대백아파트B,대구광역시 수성구 노변로 11,35.832512896,128.69951726,2,2,0,Y
PI761312,대구우방사랑마을B,대구광역시 수성구 달구벌대로 2317,35.860972334,128.61598112,4,4,0,Y
PI761316,만촌화성파크드림2차,대구광역시 수성구 달구벌대로 2690,35.8540017,128.6549006,3,3,0,Y
PI761336,우방금탑아파트,대구광역시 수성구 교학로 3,35.854199782,128.65360003,3,3,0,Y
PI762181,성서우방유쉘,대구광역시 달서구 달구벌대로 995,35.8537557,128.4746843,7,7,0,Y
PI762200,성서보람타운B,대구광역시 달서구 새동네로 34,35.851132147,128.51660439,12,12,0,Y
PI762699,이지컨트리클럽,대구광역시 군위군 군위읍 대흥1길 48-100,36.289398,128.539443,6,6,0,Y
PI762875,오페라트루엘시민의숲,대구광역시 북구 고성북로 34,35.883170363,128.58412093,18,18,0,Y
PI762921,대구힐스테이트황금동,대구광역시 수성구 청수로 274,35.839685340,128.63825346,16,16,0,Y
PI763137,진천태왕아너스2단지B,대구광역시 달서구 상화로5길 24,35.809550212,128.51840476,3,0,3,N
PI763257,수성소방서,대구광역시 수성구 청호로 87,35.825354856,128.64452600,1,1,0,Y
PI763496,경상고등학교,대구광역시 북구 공항로15길 24,35.901899175,128.62153397,2,2,0,Y
PI763522,엠스퀘어플러스,대구광역시 달성군 유가읍 테크노상업로 120,35.693063308,128.46290075,9,9,0,Y
PI763542,대구유천포스코더샵,대구광역시 달서구 진천로 113,35.814392799,128.50816179,17,17,0,Y
PI763755,팔공컨트리클럽,대구광역시 동구 팔공산로237길 186,35.989915,128.720035,5,5,0,Y
PI763860,화원삼주,대구광역시 달성군 화원읍 사문진로 349,35.808572931,128.48870830,5,5,0,Y
PI763881,한국메디벤처센터,대구광역시 동구 동내로 76,35.877839225,128.73601623,3,3,0,Y
PI763899,빌리브범어2차,대구광역시 수성구 범어로20길 120,35.857814222,128.64211917,10,10,0,Y
PI764152,한국지능정보사회진흥원,대구광역시 동구 첨단로 53,35.881008416,128.72989420,5,5,0,Y
PI764279,한국사학진흥재단,대구광역시 동구 혁신대로 345,35.876307015,128.73440945,3,3,0,Y
PI764308,칠곡현대1차,대구광역시 북구 구암로16길 7,35.931282980,128.54926675,8,8,0,Y
PI764310,수성코오롱하늘채B,대구광역시 수성구 들안로 300,35.855992919,128.61820186,13,13,0,Y
PI764330,대구경북첨단의료산업진흥재단,대구광역시 동구 동내로 88,35.878641324,128.73612763,5,5,0,Y
PI764338,송현드림팰리스,대구광역시 달서구 월배로 387,35.829445355,128.54994443,2,2,0,Y
PI764340,성서드림타운,대구광역시 달서구 성서공단남로10길 37,35.8307658,128.4963896,4,4,0,Y
PI764379,아이프라임시지,대구광역시 수성구 달구벌대로 3110,35.842359732,128.69720476,7,7,0,Y
PI764417,우방강촌마을,대구광역시 동구 화랑로80길 8,35.875179921,128.66683310,29,29,0,Y
PI764547,마가다락방교회,대구광역시 동구 안심로55길 59,35.871532353,128.71534034,2,2,0,Y
PI764654,태전휴먼시아1단지,대구광역시 북구 매전로 73,35.912943347,128.54391207,7,7,0,Y
PI764782,한국교육학술정보원,대구광역시 동구 동내로 64,35.876302548,128.73571032,3,3,0,Y
PI764798,수성소방서B,대구광역시 수성구 청호로 87,35.825279416,128.64444145,2,2,0,Y
PI764807,제림햇빛촌,대구광역시 동구 공항로52길 28,35.893109356,128.63920459,5,5,0,Y
PI764946,대구시민전문장례식장,대구광역시 북구 호국로 898,35.960603728,128.55731716,2,2,0,Y
PI764948,태전협화맨션,대구광역시 북구 칠곡중앙대로51길 6,35.917677041,128.54488667,8,8,0,Y
PI766462,대구청구장미마을,대구광역시 북구 칠곡중앙대로 45,35.900576834,128.54674866,5,5,0,Y
PI766958,파동화성파크뷰,대구광역시 수성구 파동로 19,35.8064929,128.6213653,5,0,5,N
PI767503,대구공작아파트,대구광역시 수성구 청솔로 132,35.8581973,128.6216502,2,0,2,N
PI768154,수성sk리더스뷰,대구광역시 수성구 동대구로 95,35.8379058,128.6226467,26,0,26,N
PI768523,대자연2차아파트,대구광역시 수성구 파동로 84,35.8123743,128.618517,6,0,6,N
PI770691,대구코오롱하늘채수,대구광역시 수성구 범어천로 126,35.857938861,128.62274955,3,0,3,N
PI770811,대구스테이션,대구광역시 중구 태평로 160,35.8747072,128.5952666,2,0,2,N
PI772392,이편한세상세계육상선수촌B,대구광역시 동구 율하서로 85,35.860916764,128.68976204,7,0,7,N
PI772509,수성구태왕아너스아파트,"대구광역시 수성구 청호로 345 (황금동, 태왕아너스아파트)",35.848200632,128.63680158,5,0,5,N
PI772523,신천동서맨션,대구광역시 동구 국채보상로155길 8,35.8688373,128.6147744,2,0,2,N
PI772624,수목원삼성래미안,대구광역시 달서구 상화로8길 23,35.807624,128.5176863,17,0,17,N
PI772912,중리진달래2차,대구광역시 서구 국채보상로38길 22,35.867869424,128.55131060,3,0,3,N
PI773278,교대역동서프라임365B,대구광역시 남구 이천로19길 81,35.851159038,128.59421991,8,0,8,N
PI773847,대구중앙교회,대구광역시 북구 옥산로17길 10,35.8852831,128.5857173,2,0,2,N
PI773857,칠곡서한맨션,대구광역시 북구 관음중앙로 6,35.9343967,128.5455860,6,6,0,Y
PI773887,용계삼산아파트,대구광역시 동구 반야월로6길 20,35.8737336,128.6928302,3,3,0,Y
PI775353,BMW차징스테이션 퀸벨호텔,대구광역시 동구 동촌로 200,35.8824103,128.6621091,2,2,0,Y
PI780002,효성해링턴플레이스,대구광역시 중구 중앙대로66길 20,35.8617122,128.5934303,10,10,0,Y
PI780007,서한이다음레이크뷰,대구광역시 달서구 상화로58길 35,35.8073292,128.5460293,7,7,0,Y
PI780009,죽전그린빌,대구광역시 달서구 와룡로53길 40,35.8575814,128.5347641,4,4,0,Y
PI780015,청산맨션,대구광역시 수성구 지범로21길 15,35.8256692,128.635913,4,4,0,Y
PI780065,성광우방타운,대구광역시 북구 호암로 20,35.8823179,128.591653,10,10,0,Y
PI780101,지산골프연습장,대구광역시 수성구 용학로28길 52,35.820148,128.628325,2,2,0,Y
PI780153,다사한일유앤아이,대구광역시 달성군 다사읍 매곡로4길 9,35.8641615,128.4538834,9,9,0,Y
PI780247,평리2동행정복지센터,대구광역시 서구 국채보상로60길 6,35.8712242,128.5636798,1,1,0,Y
PI780265,비산6동행정복지센터,대구광역시 서구 문화로67길 3,35.8762906,128.5690804,1,1,0,Y
PI783362,대구 매호동 일반주택,대구광역시 수성구 달구벌대로627길 6-27,35.8419137,128.7028880,1,0,1,N
PI793474,명곡미래빌1단지,대구광역시 달성군 화원읍 명곡로 11,35.7987570,128.4986466,12,12,0,Y
PI793513,상인역kcc스위첸,대구광역시 달서구 월배로39길 26,35.820408093,128.53297259,12,12,0,Y
PI794018,대구 달성군 제일풍경채더퍼스트,대구광역시 달성군 현풍읍 테크노상업로 49,35.693951,128.4529824,18,18,0,Y
PI794067,대구 달성군 청구청탑맨션,대구광역시 달성군 화원읍 비슬로 2674,35.8073713,128.5082533,4,4,0,Y
PI794211,대구 달성군 강창그린빌,대구광역시 달성군 다사읍 달구벌대로 786,35.8619024,128.4573807,2,2,0,Y
PI794323,대구 수성구 보성송정타운,대구광역시 수성구 지범로46길 43,35.8133139,128.6426794,6,6,0,Y
PI794330,대구 수성구 수성해모로하이엔,대구광역시 수성구 파동로 47,35.807058,128.621451,32,32,0,Y
PI794362,대구 달서구 빌리브죽전,대구광역시 달서구 달구벌대로 1581,35.8514336,128.5396172,6,6,0,Y
PI794372,대구 북구 침산2차청구타운,대구광역시 북구 침산남로19길 8,35.889318,128.5875281,3,3,0,Y
PI795053,대구 수성구 사월화성파크드림3단지,대구광역시 수성구 달구벌대로 3304-2,35.8346746,128.7142527,6,6,0,Y
PI795479,상인동화태황한양타운입주자대표회의,대구광역시 달서구 상인서로 94,35.818365,128.540731,8,8,0,Y
PI795618,대구 달서구 성서청구타운,대구광역시 달서구 성지로 75,35.855453,128.52016,19,19,0,Y
PI795672,대구 동구 효성타운,대구광역시 동구 경안로 809,35.8752172,128.7135679,3,3,0,Y
PI795839,대구 달서구 용산현대우방타운,대구광역시 달서구 용산로 253,35.8590859,128.529736,10,10,0,Y
PI796223,대구 동구 e편한세상세계육상선수촌2단지,대구광역시 동구 안심로16길 71,35.8619773,128.6930221,7,7,0,Y
PI796484,대구 수성구 두레맨션,대구광역시 수성구 달구벌대로496길 72,35.852473,128.6345422,3,3,0,Y
PI796974,대구 수성구 범어센트럴푸르지오,대구광역시 수성구 상록로 15,35.8611409,128.6230317,19,19,0,Y
PI800355,대구 군위군 구니CC,대구광역시 군위군 군위읍 도군로 2450,36.2539676,128.542905,14,14,0,Y
PI801482,평광현대3차아파트,대구광역시 달성군 논공읍 용호로 6,35.7268886,128.4463828,3,3,0,Y
PI802108,성당코오롱하늘채아파트,대구광역시 달서구 장기로 160,35.8443770,128.5419372,21,21,0,Y
PI802535,칠곡3차화성타운,대구광역시 북구 대천로 101,35.9370141,128.5603512,28,28,0,Y
PI802709,대구 달서구 케이티대구물류센터,대구광역시 달서구 선원로 7,35.860333,128.493081,2,2,0,Y
PI802798,다사동의센트럴파크아파트,대구광역시 달성군 다사읍 다사로4길 8,35.8628556,128.4625851,3,3,0,Y
PI803060,동촌화성타운지상,대구광역시 동구 동촌로6길 3,35.8897343,128.6458777,4,4,0,Y
PI803203,논공청구타운,대구광역시 달성군 논공읍 논공로7길 73,35.7309471,128.4414396,5,5,0,Y
PI805002,대구 수성구 ㈜데이타뱅크,대구광역시 수성구 알파시티1로 232,35.8388300,128.6838000,2,2,0,Y
PI807335,대구 수성구 범어라온프라이빗1차,대구광역시 수성구 동대구로55길 11,35.8540243,128.6239205,1,1,0,Y
PI807412,대구 중구 동성로 중앙주차장,대구광역시 중구 동성로2길 80,35.8692144,128.5971838,6,0,6,N
PI808200,대구 달서구 월성동삼성래미안아파트,대구광역시 달서구 상원로 143,35.8208429,128.5280129,7,7,0,Y
PI808468,대구 수성구 범어롯데캐슬,대구광역시 수성구 동대구로 300,35.8567863,128.6273463,5,5,0,Y
PI808484,대구 달성군 옥포대성베르힐6단지,대구광역시 달성군 옥포읍 돌미로8길 19,35.7831960,128.4498789,12,12,0,Y
PI808544,대구 중구 반월당효성해링턴플레이스,대구광역시 중구 중앙대로66길 20,35.8617317,128.5933434,12,12,0,Y
PI808729,대구 달성군 달성화성파크드림아파트,대구광역시 달성군 구지면 과학마을로2길 6,35.6558306,128.4156096,6,6,0,Y
PI809532,대구 달서구 죽전역코아루더리브,대구광역시 달서구 용산로24길 40,35.8479669,128.5329550,12,12,0,Y
PIA00336,대구 달성군 테크노폴리스서한이다음,대구광역시 달성군 현풍읍 테크노상업로 33,35.6922441,128.4523227,4,4,0,Y
PIH00094,힐스테이트데시앙도남1단지아파트,대구광역시 북구 도남길 76,35.9545726,128.5831133,11,11,0,Y
PIH00153,상인케이씨씨스위첸아파트,대구광역시 달서구 월배로39길 26,35.8201352,128.5334525,14,14,0,Y
PIH00166,용산세광태왕2차아파트,대구광역시 달서구 용산서로 9,35.8569029,128.5296991,8,8,0,Y
PIH00307,강북위너스오피스텔,대구광역시 북구 칠곡중앙대로108길 20,35.942252217,128.55247966,2,2,0,Y
PIH00354,보원칠공사,대구광역시 북구 호국로3길 17-2,35.903336552,128.60195524,1,1,0,Y
PIH00377,화진자동차상사,대구광역시 달서구 성서공단로 383,35.837776365,128.52469334,4,4,0,Y
PIH00408,태왕아너스로뎀플러스오피스텔,대구광역시 북구 옥산로 87,35.884798,128.5853399,8,8,0,Y
PIH00443,힐스테이트데시앙도남3단지아파트,대구광역시 북구 도남중앙로7길 7,35.951377,128.5819963,20,20,0,Y
PIH00444,대구 옥분리 쉼아웃도어본부,대구광역시 달성군 가창면 가창로 514-7,35.7588609,128.6515006,1,1,0,Y
PIH00448,칠곡현대아파트,대구광역시 북구 구리로 254,35.94778,128.5773842,10,10,0,Y
PIH00496,청구청룡맨션아파트,대구광역시 달성군 화원읍 비슬로 2715,35.8106464,128.5122391,4,4,0,Y
PIH00515,일반상가,대구광역시 중구 명륜로26길 67,35.857026452,128.59735632,1,1,0,Y
PIH00516,에이디오에스오피스텔,대구광역시 남구 대명로57길 28,35.845014810,128.58650960,2,2,0,Y
PIH00517,아도스하우스주택,대구광역시 남구 봉덕로10길 5,35.844659909,128.59599615,2,2,0,Y
PIH00518,홈빌리지,대구광역시 남구 중앙대로22길 59,35.842988197,128.59372166,2,2,0,Y
PIH00519,어반하우스빌,대구광역시 북구 대현로15길 5,35.883557761,128.60789300,2,2,0,Y
PIH00520,칸타빌주택,대구광역시 수성구 무학로11길 53,35.829993842,128.61284702,2,2,0,Y
PIH00522,코아루파크뷰오피스텔,대구광역시 동구 첨복로 33,35.8790237,128.7328423,3,3,0,Y
PIH00556,삼일병원,대구광역시 달서구 월배로 436,35.8325109,128.5535571,1,1,0,Y
PIH00573,침산태왕아너스로뎀오피스텔,대구광역시 북구 침산로21길 39,35.8861114,128.5864977,6,6,0,Y
PIH00639,상인은행아파트,대구광역시 달서구 월곡로 112,35.8076041,128.5504915,6,6,0,Y
PIH00640,논공평광행복타운아파트,대구광역시 달성군 논공읍 논공중앙로22길 12,35.7258147,128.4474634,2,2,0,Y
PIH00672,대구 남리 논공우방연합타운아파트,대구광역시 달성군 논공읍 논공중앙로22길 36,35.723513609,128.44917300,2,2,0,Y
PIH00737,디어반메가시티오피스텔,대구광역시 동구 첨복로 7,35.8765232,128.7320587,21,21,0,Y
PIH00752,대구 침산동 대한동아침산2차무지개아파트,대구광역시 북구 침산로21길 10,35.886718341,128.58961709,20,20,0,Y
PIH00783,쓰리에이치,대구광역시 동구 율암로 140-10,35.885951518,128.70498892,2,2,0,Y
PIH00787,쓰리에이치,대구광역시 동구 율암로 86,35.884581799,128.70429128,5,5,0,Y
PIH00945,대구역센트럴자이아파트,대구광역시 중구 서성로 99,35.875443162,128.58753230,3,3,0,Y
PIH00946,대구 침산동 침산동코오롱하늘채아파트,대구광역시 북구 침산로22길 31,35.885704419,128.59270180,6,6,0,Y
PIH00983,명곡미래빌2단지아파트,대구광역시 달성군 화원읍 명천로 231,35.7980664,128.4940508,4,4,0,Y
PIH01030,한국폴리텍대학대구캠퍼스,대구광역시 서구 국채보상로43길 15,35.874087835,128.55302323,8,8,0,Y
PIH01159,대곡가톨릭요양원,대구광역시 달서구 갈밭로4길 39,35.804291622,128.52868828,1,1,0,Y
PIH01160,대명카톨릭요양원,대구광역시 남구 두류공원로 96,35.845232239,128.56911677,1,1,0,Y
PIH01164,빌리언웨스턴호텔,대구광역시 달서구 달서대로 467,35.841056211,128.49135811,2,2,0,Y
PIH01168,상인화성파크드림1단지아파트,대구광역시 달서구 송현로7길 10,35.822439736,128.54483851,10,10,0,Y
PIH01181,대구 신천동 아보스개발낭만,대구광역시 동구 동부로30길 80,35.8698235,128.6288554,2,2,0,Y
PIH01276,대구 산격동 유통단지산업용재관상가,대구광역시 북구 유통단지로 16,35.904386344,128.60493996,40,40,0,Y
PIH01358,월성동서타운아파트,대구광역시 달서구 학산로7길 5,35.8281193,128.5316906,4,4,0,Y
PIH01486,3D융합기술지원센터,대구광역시 동구 동내로 70,35.877378106,128.73586765,2,2,0,Y
PIH01543,우방앨리시온아파트,대구광역시 수성구 청호로 391,35.8525965,128.6379808,2,2,0,Y
PIH01544,주택,대구광역시 서구 통학로50길 53,35.883618000,128.56868604,1,1,0,Y
PIH01545,방촌청구제네스아파트,대구광역시 동구 화랑로75길 6,35.8778567,128.6669411,5,5,0,Y
PIH01572,서밋모텔,대구광역시 동구 팔공로101길 16,35.943427158,128.64514722,1,1,0,Y
PIH01594,야모텔,대구광역시 동구 효동로 51-1,35.881783640,128.64554229,1,1,0,Y
PIH01595,리더스모텔,대구광역시 동구 동부로26길 38,35.872647767,128.62761362,1,1,0,Y
PIH01599,명성장,대구광역시 북구 신천동로 866,35.893929524,128.59369725,2,2,0,Y
PIH01600,앤시스,대구광역시 서구 당산로69길 17,35.8671042,128.544467,1,1,0,Y
PIH01629,정우빌,대구광역시 달서구 진천로7길 51,35.8111845,128.5224521,1,1,0,Y
PIH01649,올드로드,대구광역시 달성군 가창면 가창로199길 64,35.7898823,128.630176,1,1,0,Y
PIH01705,코아시스아파트,대구광역시 수성구 동대구로 149,35.843717031,128.62391747,3,3,0,Y
PIH01712,비엘주차장,대구광역시 중구 중앙대로81길 7,35.8696717,128.5932232,3,3,0,Y
PIH01717,히든호텔,대구광역시 달성군 유가읍 비슬로64길 22,35.670306826,128.44972046,2,2,0,Y
PIH01747,대한동아침산1차무지개아파트,대구광역시 북구 침산로21길 24,35.8868451,128.5876483,9,9,0,Y
PIH01759,화성파크스위트아파트,대구광역시 수성구 화랑로34길 141,35.8744759,128.6533488,12,12,0,Y
PIH01767,창앤영펜션,대구광역시 달성군 유가읍 휴양림길 532,35.7006819,128.4842558,1,1,0,Y
PIH01792,대구 동구 벽산이솔렌스힐아파트,대구광역시 동구 장등로 56,35.8724153,128.6242287,6,0,6,N
PIH01804,스펙트럼시티,대구광역시 북구 침산로 93,35.8852256,128.5897899,12,12,0,Y
PIH01824,한샘아파트,대구광역시 달서구 선원남로 77,35.8575536,128.5094506,18,18,0,Y
PIH01854,더존모텔,대구광역시 달서구 성서공단로11길 6-5,35.835739821,128.48881392,2,2,0,Y
PIH01875,여성메디파크문화센터,대구광역시 동구 갓바위로 55,35.9603253,128.7137511,1,1,0,Y
PIH01883,다인식품,대구광역시 동구 옻골로16길 16,35.897695369,128.684622,1,1,0,Y
PIH01900,여성메디파크병원,대구광역시 수성구 동대구로 271,35.8545247,128.624672,2,2,0,Y
PIH01936,베네시움,대구광역시 중구 달성로 18,35.8667305,128.5827232,2,2,0,Y
PIH01985,주택,대구광역시 서구 북비산로60길 40-9,35.8765417,128.5656374,1,1,0,Y
PIH02017,유천풋살파크,대구광역시 달성군 화원읍 구라4길 30,35.8128694,128.4909974,1,1,0,Y
PIH02046,한국한의학연구원,대구광역시 동구 첨단로 70,35.8819256,128.7322692,1,1,0,Y
PIS00522,대구 수성구 수성월드메르디앙,대구광역시 수성구 노변로 55,35.8368000,128.6993000,12,12,0,Y
PIS00523,대구 달성군 세천삼정그린코아더베스트1단지,대구광역시 달성군 다사읍 세천북로 10,35.8756000,128.4802000,11,11,0,Y
PIS00524,대구 달성군 세천삼정그린코아더베스트2단지,대구광역시 달성군 다사읍 세천북로 20,35.8769000,128.4799000,8,8,0,Y
PIS00525,대구 달성군 옥포허브시티,대구광역시 달성군 옥포읍 비슬로 1941,35.7834000,128.4352000,17,17,0,Y
PIS00526,대구 달서구 월배쌍용예가,대구광역시 달서구 조암남로32길 13,35.8173000,128.5161000,18,18,0,Y
PIS00527,대구 달성군 현대썬앤빌대구,대구광역시 달성군 다사읍 세천로 182-10,35.8736000,128.4808000,9,9,0,Y
PIS00528,대구 수성구 삼성화재범어사옥,대구광역시 수성구 동대구로 401,35.8664000,128.6263000,9,0,9,N
PIS00529,대구 달성군 화원한샘타운,대구광역시 달성군 화원읍 사문진로6길 17,35.8046000,128.4930000,6,6,0,Y
PIS00530,대구 북구 화성리버파크1단지,대구광역시 북구 서변로 72,35.9219000,128.5978000,9,9,0,Y
PIS00532,대구 수성구 수성3가화성파크드림1단지,대구광역시 수성구 들안로60길 17,35.8579000,128.6198000,13,13,0,Y
PIS00533,대구 수성구 수성3가화성파크드림2단지,대구광역시 수성구 들안로60길 7,35.8581000,128.6182000,14,14,0,Y
PIS00537,대구 동구 롯데택배대구황금대리점,대구광역시 동구 반야월북로 51,35.8773000,128.7067000,6,6,0,Y
PIS00538,대구 수성구 호텔라온제나,대구광역시 수성구 범어천로 73,35.8535000,128.6226000,5,5,0,Y
PIS00539,대구 북구 영남네오빌블루,대구광역시 북구 서변로 120,35.9263000,128.5976000,11,11,0,Y
PIS00540,대구 북구 센트럴파크대현,대구광역시 북구 대현남로6길 20,35.8798000,128.6089000,27,27,0,Y
PIS00543,대구 수성구 시지3차서한이다음,대구광역시 수성구 달구벌대로669길 20-20,35.8368000,128.7243000,8,8,0,Y
PIS00544,대구 수성구 범물태성한라창신,대구광역시 수성구 용학로 272,35.8199000,128.6388000,12,12,0,Y
PIS00545,대구 서구 코오롱맨션,대구광역시 서구 당산로 260,35.8597000,128.5471000,4,4,0,Y
PIS00546,대구 동구 한국가스공사본사,대구광역시 동구 첨단로 120,35.8871000,128.7299000,14,0,14,N
PIS00548,대구 서구 대구서부고용복지플러스센터,대구광역시 서구 서대구로 9,35.8589000,128.5566000,3,0,3,N
PIS00549,대구 달서구 월성화성타운,대구광역시 달서구 학산로2길 27,35.8253000,128.5338000,4,4,0,Y
PIS00550,대구 동구 신세계백화점대구점,대구광역시 동구 동부로 149,35.8795000,128.6327000,53,0,53,N
PIS00551,대구 동구 이마트반야월점,대구광역시 동구 안심로 389-2,35.8706000,128.7274000,8,0,8,N
PIS00552,대구 달서구 이마트성서점,대구광역시 달서구 이곡동로 24,35.8535000,128.5103000,12,0,12,N
PIS00553,대구 북구 이마트칠성점,대구광역시 북구 침산로 93,35.8851000,128.5899000,11,0,11,N
PIS00554,대구 달서구 이마트월배점,대구광역시 달서구 진천로 92,35.8170000,128.5239000,10,0,10,N
PIS00555,대구 수성구 이마트만촌점,대구광역시 수성구 동원로 136,35.8711000,128.6369000,9,0,9,N
PIS00556,대구 서구 이마트T비산점,대구광역시 서구 팔달로 54,35.8898000,128.5560000,4,0,4,N
PIS00557,대구 달성군 대실역청아람1단지아파트,대구광역시 달성군 다사읍 대실역북로 38,35.8607000,128.4604000,17,17,0,Y
PIS00558,대구 수성구 범어청구푸른마을,대구광역시 수성구 동대구로 240,35.8518000,128.6270000,10,10,0,Y
PIS00559,대구 남구 보성1차대덕맨션,대구광역시 남구 앞산순환로 657,35.8338000,128.5972000,12,12,0,Y
PIS00560,대구 서구 내당삼익맨션,대구광역시 서구 서대구로 25,35.8595000,128.5557000,5,5,0,Y
PIS00561,대구 동구 한국가스공사숙소동,대구광역시 동구 동내로20길 34,35.8806000,128.7391000,9,9,0,Y
PIS00563,대구 동구 신천청아람아파트,대구광역시 동구 송라로14길 132,35.8741000,128.6221000,13,13,0,Y
PIS00564,대구 북구 주식회사유앤지,대구광역시 북구 침산로 240,35.8974000,128.5894000,2,2,0,Y
PIS00565,대구 동구 동화해오름타운아파트,대구광역시 동구 동호로 89,35.8677000,128.7273000,14,14,0,Y
PIS00566,대구 수성구 시지동서타운아파트,대구광역시 수성구 신매로 41,35.8335000,128.7069000,10,10,0,Y
PIS00567,대구 동구 동대구화물터미널,대구광역시 동구 화랑로 584,35.8729000,128.6866000,2,2,0,Y
PIS00568,대구 동구 신천2주공아파트,대구광역시 동구 국채보상로155길 54,35.8734000,128.6136000,9,9,0,Y
PIS00569,대구 수성구 범물두성타운,대구광역시 수성구 지범로 300,35.8146000,128.6491000,4,4,0,Y
PIS00570,대구 달성군 논공성원아파트,대구광역시 달성군 논공읍 논공로23길 14,35.7317000,128.4471000,9,9,0,Y
PIS00571,대구 달서구 월성5단지아파트,대구광역시 달서구 구마로12길 89,35.8323000,128.5364000,16,16,0,Y
PIS00572,대구 북구 동서변리벤빌,대구광역시 북구 서변로 106,35.9248000,128.5985000,5,5,0,Y
PIS00573,대구 북구 동화훼미리타운,대구광역시 북구 칠곡중앙대로95길 11,35.9374000,128.5484000,10,10,0,Y
PIS00574,대구 수성구 지산타운아파트,대구광역시 수성구 용학로 303,35.8226000,128.6404000,5,5,0,Y
PIS00575,대구 북구 침산코오롱하늘채2단지,대구광역시 북구 중앙대로 591,35.8850000,128.5964000,43,43,0,Y
PIS00576,대구 달서구 월성삼정그린에듀파크,대구광역시 달서구 월성로 100,35.8299000,128.5242000,37,37,0,Y
PIS00577,대구 동구 신서퀸덤아파트,대구광역시 동구 신서로 72,35.8746000,128.7249000,12,12,0,Y
PIS00578,대구 달성군 신성서화성파크드림,대구광역시 달성군 다사읍 서재로27길 42,35.8748000,128.4963000,22,22,0,Y
PIS00579,대구 수성구 시지천마타운,대구광역시 수성구 신매로 71,35.8366000,128.7072000,12,12,0,Y
PIS00580,대구 북구 오페라코오롱하늘채,대구광역시 북구 중앙대로 540,35.8810000,128.5970000,16,16,0,Y
PIS00581,대구 북구 칠곡7단지부영아파트,대구광역시 북구 구암로49길 10,35.9340000,128.5648000,6,6,0,Y
PIS00586,대구 북구 칠곡관음타운,대구광역시 북구 영송로 63,35.9312000,128.5436000,16,16,0,Y
PIS00587,대구 달성군 죽곡푸르지오2단지,대구광역시 달성군 다사읍 대실역남로 93,35.8512000,128.4658000,21,21,0,Y
PIS00588,대구 달서구 영남네오빌비스타,대구광역시 달서구 대명천로 250,35.8422000,128.5330000,6,6,0,Y
PIS00589,대구 북구 칠곡보성맨션,대구광역시 북구 구암로21길 26,35.9362000,128.5539000,7,7,0,Y
PIS00590,대구 동구 신암에스디아이프라임,대구광역시 동구 아양로24길 13,35.8842000,128.6280000,5,5,0,Y
PIS00594,대구 달성군 북죽곡현대엠코타운,대구광역시 달성군 다사읍 세천로 160,35.8737000,128.4784000,31,31,0,Y
PIS00597,대구 남구 이천뜨란채2단지,대구광역시 남구 희망로 57,35.8479000,128.6047000,8,8,0,Y
PIS00598,대구 달성군 신성서진흥더블파크,대구광역시 달성군 다사읍 서재로24길 29,35.8727000,128.5007000,18,18,0,Y
PIS00599,대구 달성군 에코폴리스동화아이위시3차,대구광역시 달성군 다사읍 서재로7길 25,35.8700000,128.4897000,39,39,0,Y
PIS00791,대구 북구 복현2차서한타운,대구광역시 북구 공항로15길 8,35.9006000,128.6242000,13,13,0,Y
PK000367,광남자동차,"대구광역시 동구 팔공로 400 (봉무동, 봉무공영차고지)",35.9228140,128.6372190,2,0,2,N
PK000382,경북교통차고지,대구광역시 달서구 성서공단로11길 62,35.8512030,128.4958740,2,0,2,N
PK000386,대명교통차고지,대구광역시 달서구 달서대로 117,35.8532180,128.5097420,1,0,1,N
PL000027,사수동브라운스톤강북아파트,대구광역시 북구 내곡로 89,35.9020612,128.5140794,5,0,5,N
PL000118,황금동코아시스아파트,대구광역시 수성구 동대구로 149,35.8437170,128.6239174,5,0,5,N
PL000301,대구연경금성백조예미지,대구광역시 북구 연경중앙로 11,35.9434201,128.6152566,10,0,10,N
PL000446,칠곡부영1차아파트,대구광역시 북구 학정동로 7,35.9444878,128.5648386,22,0,22,N
PL000629,센트롤요양병원,대구광역시 북구 연암로 111,35.8944151,128.5940169,2,0,2,N
PL000752,서한청산맨션,대구광역시 수성구 지범로21길 15,35.8254908,128.6353590,5,0,5,N
PL005034,범어서한포레스트,대구광역시 수성구 동대구로 346,35.8612424,128.6272058,6,0,6,N
PL005127,도원중학교,대구광역시 달서구 미리샘길 32,35.8062694,128.5453219,2,0,2,N
PL005150,전인병원,대구광역시 남구 두류공원로 77,35.8433226,128.5694674,2,0,2,N
PL005167,브라운스톤범어,대구광역시 수성구 동대구로 354,35.8616802,128.6276033,8,0,8,N
PL005291,서재보성타운,대구광역시 달성군 다사읍 서재로30길 17,35.8758961,128.5003098,5,0,5,N
PL005467,진로이스트타운,대구광역시 동구 아양로 218,35.8837587,128.6365210,10,0,10,N
PL005484,달성삼환나우빌,대구광역시 달성군 옥포읍 비슬로447길 11,35.7912314,128.4648393,12,0,12,N
PL005489,한국마사회대구지사,대구광역시 달성군 가창면 가창로175길 6,35.7887052,128.6361706,8,0,8,N
PL006988,동대구역우방아이유쉘,대구광역시 동구 동부로 115,35.8771523,128.6246836,8,0,8,N
PL007300,대구 북구 침산건영하이츠,대구광역시 북구 침산로 158,35.8903427,128.5908991,6,0,6,N
PL007313,침산동 2차 쌍용예가,대구광역시 북구 성북로9길 12,35.8924351,128.5880940,5,0,5,N
PL007315,침산세정드림타운,대구광역시 북구 침산로52길 13,35.8988981,128.5909400,3,0,3,N
PL007320,노원동화타운,대구광역시 북구 오봉로 39,35.8916457,128.5767525,4,0,4,N
PL007331,대현한신휴플러스,대구광역시 북구 대현남로 25,35.8815665,128.6046436,19,0,19,N
PL007381,동서변 월드메르디앙 아파트,대구광역시 북구 서변로 26,35.9178135,128.5983340,5,0,5,N
PL007429,부영아파트(대구 구암동),대구광역시 북구 대천로 132,35.9353292,128.562593,16,0,16,N
PL007518,범어서한포레스트 (아파트),대구 수성구 동대구로 346,35.8612188,128.6272091,3,0,3,N
PL007595,우방오성타운,대구광역시 수성구 신천동로 380,35.8587563,128.6095460,4,0,4,N
PL007673,녹원아파트,대구광역시 수성구 무학로 189,35.8309395,128.6305510,4,0,4,N
PL007698,현대청림아파트,대구광역시 수성구 지범로54길 15,35.8145004,128.6462920,8,0,8,N
PL007702,수성하늘채르레브아파트,대구 수성구 지범로48길 21,35.8150558,128.6442516,14,0,14,N
PL007726,노변다숲아파트,대구광역시 수성구 노변공원로 34,35.8388016,128.6976062,14,0,14,N
PL007785,성당 태왕아너스 메트로,대구광역시 달서구 대명천로 33,35.8381922,128.5559856,7,0,7,N
PL007817,성서2차서한타운,대구광역시 달서구 선원로 122,35.858867,128.50481,10,0,10,N
PL007827,장기파랑새마을,대구광역시 달서구 한들로 70,35.8466090,128.5264676,28,0,28,N
PL007853,용산보성타운,대구 달서구 용산서로 37,35.8563183,128.5266046,11,0,11,N
PL007870,우방드림시티,대구광역시 달서구 장기로 242,35.8444530,128.5334030,46,0,46,N
PL008043,청구청산맨션,대구광역시 달성군 화원읍 비슬로539길 5,35.8091130,128.5100380,5,0,5,N
PL008076,서재보성타운,대구 달성군 다사읍 서재로30길 17,35.8758961,128.5003098,9,0,9,N
PL008112,강창우방타운,대구광역시 달성군 다사읍 달구벌대로 770,35.8613905,128.4563130,9,0,9,N
PL008129,옥포제림뉴타운,대구광역시 달성군 옥포읍 교항제림길 10,35.7890989,128.4431921,10,0,10,N
PL030042,시지 코오롱하늘채 스카이뷰(오피스텔),대구 수성구 고산로 101,35.8400820,128.7039640,4,0,4,N
PL030340,태왕 아너스 더힐,대구 달성군 유가읍 유가북길 210,35.7118555,128.4697210,6,0,6,N
PL030631,태전한라아파트,대구광역시 북구 태전로7길 13,35.9228762,128.5432865,7,0,7,N
PL030724,대구혁신도시서한이다음아파트,대구광역시 동구 이노밸리로29길 56,35.8849841,128.7142859,12,0,12,N
PL031050,성서우방타운,대구 달서구 계대동문로 123,35.8557807,128.5064521,9,0,9,N
PL031139,대구힐스테이트데시앙도남2단지,대구 북구 도남길 16,35.9504680,128.5794655,18,0,18,N
PL031141,대구수성동일하이빌레이크,대구광역시 수성구 수성로 71,35.8319739,128.6108088,54,0,54,N
PL031179,대구 나사렛종합병원,대구 달서구 월배로 97,35.8147003,128.5250948,2,0,2,N
PL031200,대구 수목원제일풍경채,대구 달서구 갈밭남로 12,35.7987946,128.5314830,18,0,18,N
PL031246,대구 퀸스로드,대구 서구 평리로35길 20,35.8617347,128.5436740,4,0,4,N
PL031251,대구 한신더휴웨스턴팰리스,대구 북구 매전로4길 32,35.9062302,128.5418993,29,0,29,N
PL031334,대구 서문시장2지구,대구 중구 큰장로26길 25,35.8688147,128.5795313,5,0,5,N
PL031349,대구 동화골든빌,대구 북구 동천로 156,35.9451314,128.5614426,24,0,24,N
PL031384,대구 성서주공6단지아파트,대구 달서구 성지로 35,35.8539712,128.5202187,12,0,12,N
PL031386,대구 진천하나로맨션,대구 달서구 상화로21길 55,35.8105293,128.5236917,6,0,6,N
PL031432,대구 효성백년가약궁,대구 수성구 청호로 466,35.8567633,128.6433025,5,0,5,N
PL031433,대구 월성보성2단지,대구 달서구 학산로7길 27,35.8303309,128.5311066,12,0,12,N
PL031434,대구 대곡역화성파크드림위드,대구 달서구 비슬로 2734,35.8096891,128.5139986,8,0,8,N
PL031435,대구 보성송림맨션,대구 중구 남산로4길 91,35.8612752,128.5845255,4,0,4,N
PL031504,대구 경북여자고등학교,대구 중구 중앙대로 288,35.8584272,128.5922004,3,0,3,N
PL031509,대구 학생문화센터,대구 달서구 용산로 181,35.8530247,128.5295209,8,0,8,N
PL031519,대구 한화생명 내당동사옥,대구 서구 달구벌대로 1833,35.8609000,128.5653336,1,0,1,N
PL031534,대구 경상여자고등학교,대구 북구 침산남로9길 164,35.9005420,128.5878439,4,0,4,N
PL031542,대구 덕원고등학교,대구 수성구 욱수길 37,35.8257276,128.7061464,4,0,4,N
PL031570,대구 우방죽전타운,대구 달서구 용산로 160,35.8498640,128.5312970,17,0,17,N
PL031583,대구 동아대덕아파트,대구 남구 현충서길 29,35.8452543,128.5769375,3,0,3,N
PL031587,대구 국가산단반도유보라아이비파크,대구 달성군 구지면 과학마을로3길 14,35.6579270,128.4197186,21,0,21,N
PL031601,대구 범어동일하이빌,대구 수성구 동대구로52길 55,35.8543115,128.6283397,8,0,8,N
PL031602,대구 수성화성파크드림,대구 수성구 용학로28길 8,35.8220182,128.6241430,10,0,10,N
PL031612,대구 앞산봉덕영무예다음아파트,대구 남구 대봉로 12,35.8408721,128.6046455,16,0,16,N
PL031622,대구 화성파크드림이스트밸리,대구 동구 송라로10길 34,35.8715037,128.6227140,14,0,14,N
PL031623,대구 월성영남맨션,대구 달서구 학산로2길 39,35.8242383,128.5347918,6,0,6,N
PL031624,대구 대곡역동화타운 아파트,대구 달서구 상화로 24,35.8095878,128.5167510,5,0,5,N
PL031630,대구 매호화성파크드림,대구 수성구 달구벌대로641길 31,35.8428854,128.7077488,3,0,3,N
PL031631,대구 유성푸르나임아파트,대구 수성구 수성로75길 16,35.8579232,128.6129488,7,0,7,N
PL031644,대구 은세계타운아파트,대구 수성구 달구벌대로 3081,35.8439194,128.6942349,4,0,4,N
PL031649,수성그린타운,대구광역시 수성구 달구벌대로458길 17,35.8593395,128.6135912,4,0,4,N
PL031678,대구 제일풍경채프라임,대구 달성군 다사읍 세천남로 35,35.8721162,128.4782131,36,0,36,N
PL031681,대구 성서한마음타운 아파트,대구 달서구 선원남로 151,35.8574054,128.5172805,20,0,20,N
PL031708,대구 화성고려파크뷰,대구 수성구 청수로40길 29,35.8377865,128.6308597,5,0,5,N
PL031709,대구 화원신일해피트리꿈의숲,대구 달성군 화원읍 명천로 383,35.7912638,128.4842481,7,0,7,N
PL031717,대구 상인이편한세상2단지,대구 달서구 월서로3길 15,35.8197248,128.5350227,10,0,10,N
PL031721,대구 유성청구아파트,대구 북구 검단로 115,35.9070347,128.6196249,10,0,10,N
PL031745,대구 계명문화대학교,대구 달서구 달서대로 675,35.8594620,128.4863418,12,0,12,N
PL031757,대구 대실역동화아이위시,대구 달성군 다사읍 대실역북로 55,35.8618436,128.4663218,16,0,16,N
PL031781,대구 희망교대성유니드아파트,대구 남구 희망로5길 12,35.8488082,128.6014543,15,0,15,N
PL031807,대구 상인중석타운아파트,대구 달서구 월곡로 291,35.8194231,128.5363310,4,0,4,N
PL031816,대구 칠곡럭키아파트,대구 북구 팔거천서로 181,35.9403770,128.5565512,8,0,8,N
PL031832,대구 강변코오롱하늘채,대구 남구 봉덕로 134,35.8441584,128.6047652,13,0,13,N
PL031835,대구 벽산타워,대구 달서구 달구벌대로 1748,35.8571267,128.5563578,4,0,4,N
PL031837,대구 두성타운아파트,대구 북구 태전로7길 10-17,35.9230196,128.5425417,4,0,4,N
PL031838,대구 귀빈맨션아파트,대구 달서구 월배로32안길 61,35.8136219,128.5299869,3,0,3,N
PL031881,대구 율하롯데캐슬탑클래스,대구 동구 율하서로 23,35.8657781,128.6923379,13,0,13,N
PL031888,대구 수성롯데캐슬,대구 수성구 달구벌대로 2315,35.8601132,128.6155936,6,0,6,N
PL031889,대구 칠곡한라타운아파트,대구 북구 칠곡중앙대로91길 58,35.9378690,128.5428154,6,0,6,N
PL031890,대구 안심화성타운아파트,대구 동구 율하동로20길 20,35.8671598,128.7042999,4,0,4,N
PL031891,대구 월성코오롱하늘채1단지,대구 달서구 조암남로16길 19,35.8221147,128.5220247,24,0,24,N
PL031892,대구 메가시티태왕아너스아파트,대구 달성군 다사읍 궁산2길 12,35.8725490,128.4873892,26,0,26,N
PL031923,대구 테크노폴리스 우미린,대구 달성군 유가읍 테크노북로9길 16,35.6931968,128.4644178,26,0,26,N
PL031951,대구 성서동서서한타운아파트,대구 달서구 선원로 100,35.8576061,128.5038436,20,0,20,N
PL031969,대구 남구 앞산태왕아너스아파트,대구 남구 효서길 53,35.8378257,128.5957459,13,0,13,N
PL031970,대구 달서구 장기누림타운,대구 달서구 한들로 31,35.8470475,128.5286394,7,0,7,N
PL031972,대구 중구 봉산뜨란채아파트,대구 중구 봉산문화길 69,35.8627907,128.5967776,6,0,6,N
PL031977,대구 달서구 월성 삼정그린코아 카운티,대구 달서구 월암로 8,35.8204393,128.5214174,9,0,9,N
PL031984,대구 달성군 서재우방타운아파트,대구 달성군 다사읍 서재로28길 39,35.8742460,128.5012479,5,0,5,N
PL031985,대구 달서구 죽전역인터불고라비다,대구 달서구 와룡로 148,35.8458545,128.5377000,4,0,4,N
PL031986,대구 달서구 두류보성맨션,대구 달서구 두류6길 9,35.8572996,128.5661712,3,0,3,N
PL031988,대구 남구 봉덕화성파크드림,대구 남구 대봉로14길 30,35.8428646,128.6053227,8,0,8,N
PL031993,대구 수성구 사월화성파크드림2단지,대구 수성구 달구벌대로 3304-1,35.8352548,128.7158100,4,0,4,N
PL031994,대구 북구 칠곡서한타운3차,대구 북구 구암로32길 14,35.9309896,128.5568310,5,0,5,N
PL031999,대구 북구 동대구유성푸르나임아파트,대구 동구 동부로22길 48,35.8725020,128.6260826,4,0,4,N
PL032005,대구 북구 노원한신더휴아파트,대구 북구 노원로10길 40,35.8900461,128.5695161,9,0,9,N
PL032016,대구 북구 칠곡부영6단지아파트,대구 북구 구암로49길 24,35.9340890,128.5623674,21,0,21,N
PL032021,대구 북구 대현뜨란채아파트,대구 북구 대현남로 28,35.8804768,128.6050351,9,0,9,N
PL032024,대구 달성군 협성휴포레죽곡,대구 달성군 다사읍 달구벌대로174길 50,35.8594843,128.4591061,21,0,21,N
PL032044,대구 수성구 더원(위탁),대구 수성구 고모로39길 8,35.8574872,128.6777627,3,0,3,N
PL032050,대구 달성군 달성태왕드림하이츠,대구 달성군 다사읍 달구벌대로 802,35.8616525,128.4597381,4,0,4,N
PL032054,대구 수성구 태왕아너스아파트,대구 수성구 들안로77길 30,35.8649367,128.6173603,2,0,2,N
PL032057,대구 달서구 월성월드메르디앙아파트,대구 달서구 조암로6길 19,35.8265230,128.5231364,28,0,28,N
PL032067,대구 달서구 진천태왕아너스 1단지,대구 달서구 상화로5길 23,35.8101688,128.5174293,5,0,5,N
PL032077,대구 달성군 다사역금호어울림센트럴,대구 달성군 다사읍 다사로 71,35.8656002,128.4584980,26,0,26,N
PL032090,대구 북구 복현화성타운,대구 북구 복현로 173,35.9051472,128.6189022,8,0,8,N
PL032094,대구 달서구 이편한세상월배아파트,대구 달서구 월성로 132,35.8279929,128.5209136,22,0,22,N
PL032104,대구 북구 연경동화아이위시,대구 북구 동화천로 190,35.9395623,128.6124171,20,0,20,N
PL032109,대구 달서구 죽전그린빌,대구 달서구 와룡로53길 40,35.8569721,128.5342158,10,0,10,N
PL032114,대구 수성구 노변동서우방타운,대구 수성구 노변공원로 22,35.8403659,128.6974548,10,0,10,N
PL032140,대구 중구 대봉태왕아너스아파트,대구 중구 동덕로 55,35.8599435,128.6039196,17,0,17,N
PL032146,대구 달서구 성서무지개타운아파트,대구 달서구 선원로 171,35.8592850,128.5119812,16,0,16,N
PL032159,대구 수성구 수성화성쌍용타운,대구 수성구 수성로 411,35.8625660,128.6130482,15,0,15,N
PL032182,대구 달서구 상인영남화성아파트,대구 달서구 상인서로 76,35.8165179,128.5425774,10,0,10,N
PL032223,대구 북구 침산2차화성타운,대구 북구 침산남로37길 24,35.8892044,128.5947810,12,0,12,N
PL032229,대구 수성구 신매태성맨션,대구 수성구 고산로 50,35.8348815,128.7054600,9,0,9,N
PL032235,대구 남구 앞산서한이다음,대구 남구 신촌길 94,35.8383585,128.6042735,4,0,4,N
PL032238,대구 동구 부민스위트빌아파트,대구광역시 동구 해동로2길 37,35.8962709,128.6358794,3,0,3,N
PL032253,대구 달서구 죽전역동화아이위시,대구 달서구 와룡로 123,35.8437974,128.5358467,11,0,11,N
PL032258,대구 동구 강촌마을우방아파트1차,대구 동구 화랑로80길 8,35.8757757,128.6661132,5,0,5,N
PL032289,대구 북구 칠곡현대아파트,대구 북구 대천로7길 26,35.9401539,128.5537485,6,0,6,N
PL032294,대구 수성구 태왕유성하이빌,대구 수성구 동대구로 250,35.8531681,128.6260846,8,0,8,N
PL032299,대구 수성구 시지2차사월보성타운,대구 수성구 욱수천로 133,35.8403767,128.7165415,34,0,34,N
PL032300,대구 수성구 매호2차동서타운,대구 수성구 달구벌대로641길 8,35.8413380,128.7083925,6,0,6,N
PL032323,대구 달서구 상인역모아엘가파크뷰,대구 달서구 상화북로 162,35.8105895,128.5417163,7,0,7,N
PL032333,대구 달서구 용산세광태왕2차아파트,대구 달서구 용산서로 9,35.8562019,128.5293000,3,0,3,N
PL032337,대구 동구 영조아름다운나날1단지,대구 동구 안심로 402,35.8677246,128.7288760,9,0,9,N
PL032348,대구 달서구 성서2차영남우방타운,대구 달서구 이곡공원로 83,35.8555297,128.5174753,24,0,24,N
PL032357,대구 남구 봉덕화성파크드림2차,대구 남구 대덕로 161,35.8411000,128.6008241,13,0,13,N
PL032360,대구 동구 동대구역화성파크드림아파트,대구 동구 동대구로 590,35.8818481,128.6263357,29,0,29,N
PL032392,대구 상인이편한세상1단지,대구 달서구 월서로 14,35.8217132,128.5337001,5,0,5,N
PL032543,시지두레타운,대구 수성구 천을로 131,35.8446762,128.7056882,10,0,10,N
PL032566,범어STXKAN아파트,대구 수성구 범어천로 107,35.8564146,128.6221546,9,0,9,N
PL032579,테크노폴리스반도유보라,대구 달성군 유가읍 테크노대로 195,35.6903116,128.4679507,21,0,21,N
PL032775,죽곡푸르지오1단지,대구 달성군 다사읍 대실역북로 16,35.8568167,128.4684918,12,0,12,N
PL032786,개나리맨션,대구 남구 대명로 117,35.8398728,128.5700371,3,0,3,N
PL032822,산격2차청구맨션,대구 북구 대구체육관로4길 2,35.8904995,128.6022596,4,0,4,N
PL032933,대우로얄하이츠,대구 수성구 용학로36길 20,35.8207860,128.6276460,5,0,5,N
PL032940,상인장미3단지아파트,대구 달서구 상화로 370,35.8077143,128.5521229,3,0,3,N
PL032967,대구율하숲아파트,대구 동구 금호강변로3길 35,35.8674635,128.6888540,7,0,7,N
PL032968,만촌 신동아 파밀리에,대구 수성구 화랑로34길 173,35.8736452,128.6547562,2,0,2,N
PL032994,영남네오빌 아트,대구 북구 동천로 97,35.9417171,128.5587514,10,0,10,N
PL033031,침산동현대아파트,대구 북구 침산로 163,35.8904927,128.5897601,8,0,8,N
PL033036,더샵 프리미엘,대구 북구 침산로32길 20,35.8899514,128.5924815,19,0,19,N
PL033044,수성범물인앤인아파트,대구 수성구 지범로52길 69,35.8135115,128.6439788,3,0,3,N
PL033046,빌리브 스카이 주상복합,대구광역시 달서구 와룡로 186,35.8497392,128.5380927,16,0,16,N
PL033063,시지효성백년가약1단지,대구 수성구 달구벌대로 3280,35.8367152,128.7148014,12,0,12,N
PL033064,월배역디엘라온프라이빗,대구 달서구 월배로 159,35.8173012,128.5298039,42,0,42,N
PL033150,효성타운,대구 남구 효성중앙길 37,35.8383602,128.6036019,13,0,13,N
PL033193,범어역우방유쉘,대구 수성구 동대구로 345,35.8620167,128.6256728,9,0,9,N
PL033196,동대구삼환나우빌,대구 동구 동부로 81,35.8757736,128.6210968,5,0,5,N
PL033288,성광우방타운,대구 북구 호암로 20,35.8826629,128.5920247,21,0,21,N
PL033295,청구그린맨션1차아파트,대구 달서구 구마로40길 21,35.8352339,128.5502830,8,0,8,N
PL033358,성서주공2단지아파트,대구 달서구 신당로 55,35.8538450,128.4974507,7,0,7,N
PL033403,한빛마을,대구 달서구 선원남로 99,35.8574938,128.5122725,27,0,27,N
PL033437,성서대백창신한라맨션,대구 달서구 성서서로 316,35.8523895,128.5004199,8,0,8,N
PL033482,범물청구아파트,대구 수성구 지범로39길 12,35.8205674,128.6432063,5,0,5,N
PL033548,효성타운2차아파트,대구 남구 효성중앙길 38,35.8356243,128.6018327,8,0,8,N
PL033570,성서2차보성타운,대구 달서구 선원로 241,35.8602851,128.5171463,21,0,21,N
PL033571,범어역 아이위시,대구 수성구 동대구로59길 14-19,35.8581712,128.6234154,2,0,2,N
PL033627,대구도남 엘에이치 1단지,대구 북구 도남길 96,35.9568572,128.5832074,12,0,12,N
PL033630,범어서한포레스트 (오피스텔),대구광역시 수성구 동대구로 346,35.8612188,128.6272091,3,0,3,N
PL033755,다사역 삼정그린코아 더베스트,대구 달성군 다사읍 매곡로14길 8,35.8662464,128.4542501,5,0,5,N
PL100067,복현자이,대구광역시 북구 공항로 16,35.8974496,128.6184506,20,0,20,N
PW000092,옥포세광무지개마을-105동,대구광역시 달성군 옥포면 본리로 102,35.794895,128.454046,1,1,0,Y
PW000093,옥포세광무지개마을-106동,대구광역시 달성군 옥포면 본리로 102,35.79536,128.453856,1,1,0,Y
PW000094,용산우방미진태왕타운 P1,대구광역시 달서구 용산서로 21(용산동),35.856205,128.527731,1,1,0,Y
PW000095,용산우방미진태왕타운 P2,대구광역시 달서구 용산서로 21(용산동),35.856205,128.527732,1,1,0,Y
PW000096,용산우방미진태왕타운 P3,대구광역시 달서구 용산서로 21(용산동),35.856205,128.527733,1,1,0,Y
PW000097,용산우방미진태왕타운 P4,대구광역시 달서구 용산서로 21(용산동),35.856205,128.527736,1,1,0,Y
PW000101,더리치모텔,대구광역시 동구 반야월로 5(용계동),35.8744122,128.688944,2,2,0,Y
PW000102,호텔 맥심,대구광역시 동구 동부로22길 80(신천동),35.869518,128.626969,2,2,0,Y
PW000112,태전우방타운-101동,"대구광역시 북구 매천로 220(태전동, 태전우방아파트)",35.917512,128.54337,2,2,0,Y
PW000113,태전우방타운-103동,"대구광역시 북구 매천로 220(태전동, 태전우방아파트)",35.917512,128.543371,1,1,0,Y
PW000121,성당동두산위브,대구광역시 달서구 당산로 82,35.8449,128.545436,5,5,0,Y
PW000224,삼정브리티시용산상가관리단,"대구광역시 달서구 달구벌대로 1530 (감삼동, 삼정브리티시용산)",35.8494264,128.5340379,2,2,0,Y
PW000243,범어청구하이츠-109동,대구광역시 수성구 청호로84안길 2,35.853624,128.640729,1,1,0,Y
PW000244,범어청구하이츠-110동,대구광역시 수성구 청호로84안길 2,35.853663,128.641211,1,1,0,Y
PW000259,진흥더블파크-102동,대구광역시 달성군 다사읍 서재로24길 29,35.872435,128.499814,3,3,0,Y
PW000260,진흥더블파크-103동,대구광역시 달성군 다사읍 서재로24길 29,35.872388,128.500775,2,2,0,Y
PW000261,진흥더블파크-105동,대구광역시 달성군 다사읍 서재로24길 29,35.872975,128.500752,2,2,0,Y
PW000262,진흥더블파크-106동,대구광역시 달성군 다사읍 서재로24길 29,35.873606,128.500645,1,1,0,Y
PW000277,극동스타클래스남산,대구광역시 중구 남산로 30 1층(남산동),35.859861,128.582879,2,2,0,Y
PW000288,팔공보성타운,대구광역시 동구 팔공로 489,35.941512,128.644758,3,3,0,Y
PW000289,팔공보성타운 B4,대구광역시 동구 팔공로 489,35.941512,128.644759,3,3,0,Y
PW000290,팔공보성타운 B5,대구광역시 동구 팔공로 489,35.941512,128.644754,1,1,0,Y
PW000292,온수장,대구광역시 동구 동부로28길 17,35.8745512,128.6284555,1,1,0,Y
PW000293,아인스,대구광역시 동구 동부로26길 63,35.870207,128.628330,2,2,0,Y
PW000295,오투,대구광역시 서구 국채보상로42길 8,35.8695129,128.5540234,1,1,0,Y
PW000296,스타모텔,대구광역시 남구 이천로 69,35.8474872,128.5982628,2,2,0,Y
PW000305,워싱턴모텔,대구광역시 서구 팔달로 180,35.8882665,128.569838,2,2,0,Y
PW000306,동대구써비스,대구광역시 동구 동촌로 17,35.891299,128.6453191,2,2,0,Y
PW000307,신현대1급정비공장,대구광역시 서구 팔달로2길 43,35.891447,128.547945,2,2,0,Y
PW000335,칠곡대백맨션-107동,대구광역시 북구 관음로 24,35.932438,128.540909,2,2,0,Y
PW000336,칠곡대백맨션-108동,대구광역시 북구 관음로 24,35.932334,128.541837,2,2,0,Y
PW000338,"삼성-1,2,4동",대구광역시 북구 칠곡중앙대로52길 20,35.919606,128.548894,1,1,0,Y
PW000339,"삼성-3,5동",대구광역시 북구 칠곡중앙대로52길 20,35.920307,128.549763,1,1,0,Y
PW000340,삼성-6동,대구광역시 북구 칠곡중앙대로52길 20,35.920899,128.548863,1,1,0,Y
PW000341,삼성-7동,대구광역시 북구 칠곡중앙대로52길 20,35.920126,128.547909,1,1,0,Y
PW000459,침산1차푸르지오1단지-103동지하2층,"대구광역시 북구 침산로21길 23 (칠성동2가, 침산1차푸르지오)",35.885943,128.587790,3,3,0,Y
PW000460,"침산1차푸르지오1단지-105,106동지하2층","대구광역시 북구 침산로21길 23 (칠성동2가, 침산1차푸르지오)",35.885943,128.587790,5,5,0,Y
PW000461,침산1차푸르지오1단지-오피스텔동 지하2층,"대구광역시 북구 침산로21길 23 (칠성동2가, 침산1차푸르지오)",35.885943,128.587790,2,2,0,Y
PW000462,침산1차푸르지오2단지-203동,대구광역시 북구 옥산로 103,35.8845215,128.5866897,3,3,0,Y
PW000463,침산1차푸르지오2단지-205동,대구광역시 북구 옥산로 103,35.884521506,128.58668965,4,4,0,Y
PW000555,복현보성타운-107동,대구광역시 북구 검단로 64,35.90349,128.617545,2,2,0,Y
PW000556,복현보성타운-108동,대구광역시 북구 검단로 64,35.903642,128.617037,2,2,0,Y
PW000557,침산태왕리더스,대구광역시 북구 침산남로 80,35.889181,128.583976,2,2,0,Y
PW000576,북부정비검사소,대구광역시 북구 동북로 47,35.902409,128.59919,2,2,0,Y
PW000584,신매역우방유쉘,대구광역시 수성구 천을로23길 21,35.845997,128.704319,1,1,0,Y
PW000621,태왕아너스리버파크,대구광역시 동구 공항로54길 51,35.892404,128.639895,1,1,0,Y
PW000623,대봉태왕아너스,대구광역시 중구 동덕로 55,35.859726,128.603113,2,2,0,Y
PW000787,보성종합정비,대구광역시 서구 북비산로 87 (이현동),35.8790142,128.542754,2,2,0,Y
PW000788,갑오자동차정비공장,대구광역시 달성군 가창면 가창로 970 (용계리),35.7926608,128.6299158,2,2,0,Y
PW000789,수성정비센터,대구광역시 수성구 유니버시아드로68길 13 (욱수동),35.8276998,128.7075361,2,2,0,Y
PW000790,자동차시대정비공장,대구광역시 동구 공항로 143 (불로동),35.9014986,128.6303399,2,2,0,Y
PW000805,영조아름다운나날3단지-315,대구광역시 동구 동호로 132,35.866647,128.731969,1,1,0,Y
PW000806,영조아름다운나날3단지-316,대구광역시 동구 동호로 132,35.8661,128.730638,1,1,0,Y
PW000807,영조아름다운나날3단지-317,대구광역시 동구 동호로 132,35.86616,128.731969,1,1,0,Y
PW000808,영조아름다운나날3단지-318,대구광역시 동구 동호로 132,35.865691,128.730756,1,1,0,Y
PW000809,유니버시아드선수촌1단지-101동,대구광역시 북구 동변로 50,35.918303,128.604256,2,2,0,Y
PW000810,유니버시아드선수촌1단지-102동,대구광역시 북구 동변로 50,35.917799,128.604245,2,2,0,Y
PW000811,유니버시아드선수촌1단지-103동,대구광역시 북구 동변로 50,35.917330,128.604384,2,2,0,Y
PW000812,유니버시아드선수촌1단지-104동,대구광역시 북구 동변로 50,35.916835,128.604363,3,3,0,Y
PW000813,유니버시아드선수촌1단지-107동,대구광역시 북구 동변로 50,35.916835,128.605275,1,1,0,Y
PW000814,시지보성서한타운-301동,대구광역시 수성구 신매로 21,35.832027,128.706130,3,3,0,Y
PW000815,시지보성서한타운-302동,대구광역시 수성구 신매로 21,35.832027,128.706119,3,3,0,Y
PW000864,대실역리슈빌3단지,대구광역시 달성군 다사읍 대실역남로 33,35.854289,128.467133,10,10,0,Y
PW000916,서재2차보성타운-211동,대구광역시 달성군 다사읍 서재로 30길 7,35.876277,128.498284,2,2,0,Y
PW001000,서재2차보성타운-213동,대구광역시 달성군 다사읍 서재로 30길 7,35.877225,128.498251,2,2,0,Y
PW001010,서재2차보성타운-214동,대구광역시 달성군 다사읍 서재로 30길 7,35.876588,128.498381,2,2,0,Y
PW001123,대우트럼프월드수성,대구광역시 수성구 동대구로 59,35.836705,128.623153,9,9,0,Y
PW001124,대우트럼프월드수성 A,대구광역시 수성구 동대구로 59,35.836705,128.623154,8,8,0,Y
PW001179,늘푸른교회,대구광역시 달서구 조암남로14길 13,35.821573,128.525170,1,1,0,Y
PW001186,우진택시,대구광역시 서구 국채보상로5길 8,35.869553,128.534537,2,2,0,Y
PW001195,대구혁신LH4단지-401동,대구광역시 동구 경안로 956,35.886053,128.719086,1,1,0,Y
PW001196,대구혁신LH4단지-402동,대구광역시 동구 경안로 956,35.885575,128.719301,1,1,0,Y
PW001197,대구혁신LH4단지-405동,대구광역시 동구 경안로 956,35.885505,128.718882,1,1,0,Y
PW001198,대구혁신LH4단지-406동,대구광역시 동구 경안로 956,35.885383,128.718335,1,1,0,Y
PW001229,만촌2차우방타운-306동,대구광역시 수성구 교학로11길 91,35.850598,128.65749,2,2,0,Y
PW001230,만촌2차우방타운-307동,대구광역시 수성구 교학로11길 91,35.849783,128.657255,2,2,0,Y
PW001232,산격대우-114동,대구광역시 북구 동북로 163,35.900571,128.611138,2,2,0,Y
PW001233,산격대우-115동,대구광역시 북구 동북로 163,35.900957,128.61194,2,2,0,Y
PW001234,산격대우-116동,대구광역시 북구 동북로 163,35.900556,128.610874,2,2,0,Y
PW001235,산격대우-117동,대구광역시 북구 동북로 163,35.901012,128.610573,2,2,0,Y
PW001236,산격대우-118동,대구광역시 북구 동북로 163,35.901377,128.611142,2,2,0,Y
PW001240,산격대우-119동,대구광역시 북구 동북로 163,35.901158,128.60978,2,2,0,Y
PW001241,산격대우-120동,대구광역시 북구 동북로 163,35.901637,128.609982,2,2,0,Y
PW001242,산격대우-120동 A,대구광역시 북구 동북로 163,35.901637,128.609983,1,1,0,Y
PW001243,산격대우-121동,대구광역시 북구 동북로 163,35.902091,128.610231,2,2,0,Y
PW001244,산격대우-122동,대구광역시 북구 동북로 163,35.899838,128.611474,2,2,0,Y
PW001250,㈜명성정비,대구광역시 서구 서대구로63길 27,35.888347,128.555835,2,2,0,Y
PW001315,서재2차보성타운-212동,대구광역시 달성군 다사읍 서재로 30길 7,35.876887,128.497955,1,1,0,Y
PW001341,대구혁신LH 5단지(B-4블록)-1지역,대구광역시 동구 과학로 45,35.883308,128.669312,1,1,0,Y
PW010023,화원이진캐스빌,대구광역시 달성군 화원읍 비슬로 2545,35.803915374,128.49502994,1,1,0,Y
PW010025,극동스타클래스남산,대구광역시 중구 남산로 30,35.8592611,128.583367,1,1,0,Y
PW010035,대구노원한신더휴-7동 지하1층,대구광역시 북구 노원로10길 40,35.890061530056,128.5693834891,1,1,0,Y
PW010114,안심역코오롱하늘채,대구광역시 동구 금강로21길 30,35.8666157,128.7331337,10,10,0,Y
PW010122,월성코오롱하늘채2단지아파트,대구광역시 달서구 조암남로16길 20,35.8223101,128.5234355,10,10,0,Y
PW010180,율하 휴먼시아9단지,대구광역시 동구 안심로22길 76,35.8623470615,128.69888270,10,10,0,Y
PW010187,매천센트럴파크,대구광역시 북구 매전로4길 9,35.9083461,128.5442242,10,10,0,Y
PW010211,군위보건소,대구광역시 군위군 우보면 철길로 201,36.148359070440,128.6864015410,2,2,0,Y
PW010224,성서3차동서타운,대구광역시 달서구 이곡공원로 49,35.855969397896,128.5132223440,2,2,0,Y
PW010225,대구테크노폴리스4단지,대구광역시 달성군 유가읍 테크노상업로 111,35.694848,128.4612941,8,8,0,Y
PW010236,메트로팔레스2단지,대구광역시 수성구 동원로 123,35.8686517,128.6354956,10,10,0,Y
PW010248,다사E편한세상,대구광역시 달성군 다사읍 다사역로 60,35.868725222436,128.4564380953,4,4,0,Y
PW010249,테크노폴리스하나리움퀸즈파크,대구광역시 달성군 유가읍 테크노북로 164,35.6964159,128.4613094,8,8,0,Y
PW010299,녹원맨션,대구광역시 수성구 무학로 189,35.830939540053,128.6305515574,4,4,0,Y
PW010450,메트로팔레스1단지,대구광역시 수성구 동원로 135,35.8691804,128.6334693,10,10,0,Y
PW010451,유림노르웨이아침,대구광역시 달서구 구마로 97,35.8378288,128.5383673,10,10,0,Y
PW010464,안심역우방아이유쉘아파트,대구광역시 동구 금강로21길 10,35.8660655,128.733538,4,4,0,Y
PW010481,범어화성파크리젠시,대구광역시 수성구 동대구로 337,35.860632483946,128.6256068664,1,1,0,Y
PW010491,이안동대구,대구광역시 동구 송라로28길 14,35.878984316146,128.6159145955,4,4,0,Y
PW010494,하나교회19,대구광역시 달서구 월배로 235,35.8199683,128.5388945,3,3,0,Y
PW010507,용산1차서한화성타운,대구광역시 달서구 장산로 10,35.8543613,128.5300482,5,5,0,Y
PW010509,월성서한이다음,대구광역시 달서구 학산로 15,35.826938,128.5302784,5,5,0,Y
PW010511,수성보성타운,대구광역시 수성구 수성로 412,35.862011584441,128.6144894718,4,4,0,Y
PW010536,매호협화타운,대구광역시 수성구 천을로 181,35.843233315919,128.7102418811,4,4,0,Y
PW010597,신암청아람아파트,대구광역시 동구 신암로20길 39,35.8793672,128.6118299,10,10,0,Y
PW010616,영남네오빌,대구광역시 동구 동촌로 190,35.8810044,128.6615006,8,8,0,Y
PW010622,효성타운관리사무소,대구광역시 동구 경안로 809,35.8752156,128.7135687,5,5,0,Y
PW010697,이편한세상대신아파트,대구광역시 중구 달구벌대로 1943,35.8636965,128.576928,10,10,0,Y
PW010777,대구혁신LH5단지,대구광역시 동구 과학로 45,35.883290959086,128.7162541149,2,2,0,Y
PW010815,남산역화성파크드림,대구광역시 중구 남산로7길 7,35.858541819656,128.5824184071,5,5,0,Y
PW010849,성서주공6-1,대구광역시 달서구 성지로 35,35.853970596477,128.5202200245,2,2,0,Y
PW010851,신매역우방유쉘19,대구광역시 수성구 천을로23길 21,35.8458861,128.7039104,1,1,0,Y
PW011012,시지3차서한이다음,대구광역시 수성구 달구벌대로669길 20-20,35.836747665642,128.7236879867,2,2,0,Y
PW011117,태을빌딩(합자회사태을),대구광역시 북구 학정로 422,35.9421836,128.5638807,4,4,0,Y
PW011186,월배2차귀빈타운,대구광역시 달서구 월배로32안길 66,35.8128158,128.5287992,10,10,0,Y
PW011187,태크노폴리스남해오네뜨2차,대구광역시 달성군 유가읍 테크노대로5길 57,35.694893171271,128.4643970749,10,10,0,Y
PW011290,진천영남네오빌(민수),대구광역시 달서구 진천로18길 86,35.816840984,128.53828028,1,1,0,Y
PW011340,동우씨엠(주)/대구연경LH천년나무2단지,대구광역시 동구 연경지묘로 153,35.9472345,128.6277653,9,9,0,Y
PW011344,신서동롯데캐슬레전드-1,대구광역시 동구 안심로73길 22,35.8713414,128.7255926,2,2,0,Y
PW011345,신서동롯데캐슬레전드-2,대구광역시 동구 안심로73길 22,35.8713414,128.7255926,2,2,0,Y
PW011346,신서동롯데캐슬레전드-3,대구광역시 동구 안심로73길 22,35.8713414,128.7255926,3,3,0,Y
PW011347,신서동롯데캐슬레전드-4,대구광역시 동구 안심로73길 22,35.8713414,128.7255926,3,3,0,Y
PW011348,한양수정상가관리단,대구광역시 북구 구암로 17,35.936638932749,128.5429342199,4,4,0,Y
PW011353,범물인앤인입주자대표회의,대구광역시 수성구 지범로52길 69,35.813511502598,128.6439787734,3,3,0,Y
PW011490,수목원제일풍경채입주자대표회의-1,대구광역시 달서구 갈밭남로 12,35.7987946,128.5314829,2,2,0,Y
PW011491,수목원제일풍경채입주자대표회의-2,대구광역시 달서구 갈밭남로 12,35.7987946,128.5314829,2,2,0,Y
PW011492,수목원제일풍경채입주자대표회의-3,대구광역시 달서구 갈밭남로 12,35.7987946,128.5314829,2,2,0,Y
PW011493,수목원제일풍경채입주자대표회의-4,대구광역시 달서구 갈밭남로 12,35.7987946,128.5314829,2,2,0,Y
PW011502,롯데케슬오페라아파트입주자대표회의-1,대구광역시 북구 침산남로 160,35.8869905,128.5925748,3,3,0,Y
PW011503,롯데케슬오페라아파트입주자대표회의-2,대구광역시 북구 침산남로 160,35.8869905,128.5925748,3,3,0,Y
PW011504,롯데케슬오페라아파트입주자대표회의-3,대구광역시 북구 침산남로 160,35.8869905,128.5925748,2,2,0,Y
PW011505,롯데케슬오페라아파트입주자대표회의-4,대구광역시 북구 침산남로 160,35.8869905,128.5925748,2,2,0,Y
PW011617,테크노폴리스진아리채입주자대표회의-1,대구광역시 달성군 유가읍 테크노대로5길 79,35.6955217,128.4657988,3,3,0,Y
PW011618,테크노폴리스진아리채입주자대표회의-2,대구광역시 달성군 유가읍 테크노대로5길 79,35.6955217,128.4657988,3,3,0,Y
PW011619,테크노폴리스진아리채입주자대표회의-3,대구광역시 달성군 유가읍 테크노대로5길 79,35.6955217,128.4657988,3,3,0,Y
PW011653,동명산업,대구광역시 북구 침산남로7길 68,35.894373548668,128.5786121331,2,2,0,Y
PW011659,두밥식당,대구광역시 동구 팔공로 1234-12,35.956509507406,128.7118864865,2,2,0,Y
PW011664,낚시모텔,대구광역시 동구 팔공로 527,35.945283054525,128.6468730288,2,2,0,Y
PW011669,러스터,대구광역시 수성구 고모로 90,35.850135596539,128.6872254310,2,2,0,Y
PW011672,달구벌여성인력개발센터,대구광역시 서구 달구벌대로337길 9,35.85583915207,128.54927933750,2,2,0,Y
PW011683,범어화산샬례-1,대구광역시 수성구 청호로 411-3,35.853609110040,128.6375541107,4,4,0,Y
PW011684,범어화산샬례-2,대구광역시 수성구 청호로 411-3,35.853609110040,128.6375541107,4,4,0,Y
PW011687,몽글몽글구름순두부,대구광역시 동구 파계로 497,35.976566043982,128.6302315012,2,2,0,Y
PW011692,강북오리박사,대구광역시 북구 구암로60길 66,35.940124692908,128.5703648896,2,2,0,Y
PW011697,이데오피스(주),대구광역시 수성구 수성로 107,35.835092822186,128.6114144228,2,2,0,Y
PW011702,(주)에스제이에프앤씨/산중에봄쭈꾸미,대구광역시 동구 파계로 596,35.983163767690,128.6363484327,2,2,0,Y
PW011706,산중식당,대구광역시 동구 팔공산로185길 55,35.989983924295,128.6945063254,1,1,0,Y
PW011713,카페블로썸,대구광역시 달성군 옥포읍 옥포로 221,35.775805258114,128.4877569708,2,2,0,Y
PW011718,청포도마을,대구광역시 군위군 부계면 한티로 1524,36.028753939149,128.6295952839,2,2,0,Y
PW011724,가창중학교,대구광역시 달성군 가창면 원정길 2,35.774026513930,128.6440240988,2,2,0,Y
PW011725,교동면옥내당점,대구광역시 서구 서대구로 52,35.862606765507,128.5568227477,2,2,0,Y
PW011726,밤새우는닭,대구광역시 북구 서변로 33,35.918710869122,128.5963521684,2,2,0,Y
PW011970,고향,대구광역시 동구 팔공산로185길 63,35.989368447596,128.6942587608,2,2,0,Y
PW011971,김영환,대구광역시 동구 팔공산로185길 56,35.990115083,128.69415852,1,1,0,Y
PW011973,대구장애인종합복지관,대구광역시 수성구 파동로51길 26-17,35.826046742270,128.6067653207,2,2,0,Y
PW012146,피제리아로드,대구광역시 동구 팔공산로 356,35.986724786697,128.6216008534,2,2,0,Y
PW012148,청풍해물탕,대구광역시 북구 대불로 39,35.903570630593,128.6130964283,2,2,0,Y
PW012149,장수갈비기사식당,대구광역시 군위군 부계면 치산효령로 1381,36.101301987298,128.6625316608,2,2,0,Y
PW012156,대구혁신LH4단지입주자대표회의-1,대구광역시 동구 경안로 956,35.8859987,128.719167,2,2,0,Y
PW012157,대구혁신LH4단지입주자대표회의-2,대구광역시 동구 경안로 956,35.885998704232,128.7191672905,3,3,0,Y
PW012323,(주)코러,대구광역시 동구 옻골로 59,35.895513417672,128.6814759347,2,2,0,Y
PW012333,시골밥상,대구광역시 군위군 부계면 한티로 1903,36.048031002667,128.6418664930,2,2,0,Y
PW012339,주홍산장식당,대구광역시 군위군 부계면 한티로 1672,36.030219818930,128.6371855568,2,2,0,Y
PW012340,동촌식당,대구광역시 군위군 부계면 남산4길 10,36.048431557926,128.6419183104,2,2,0,Y
PW012346,화진산장,대구광역시 군위군 부계면 한티로 1549,36.029349877263,128.6326529910,2,2,0,Y
PW012357,파계마루,대구광역시 동구 파계로 613,35.985154545899,128.6353293654,2,2,0,Y
PW012361,교동면옥화원점,대구광역시 달성군 화원읍 사문진로 416,35.804958329865,128.4942080754,2,2,0,Y
PW012368,팔수식당,대구광역시 달성군 가창면 가창로176길 21,35.789454240205,128.6353178728,2,2,0,Y
PW012390,로뎀,대구광역시 동구 과학로6길 21-1,35.880581,128.718973,2,2,0,Y
PW012393,서창숙디어벨리커피숍,대구광역시 동구 파계로 364,35.965701638643,128.6311267595,2,2,0,Y
PW012424,만촌한화꿈에그린관리소,대구광역시 수성구 교학로7길 77,35.850258088,128.65664350,5,5,0,Y
PW012428,칠곡미래타운,대구광역시 북구 팔거천동로 52,35.928511300,128.55548486,5,5,0,Y
PW012431,월성청구타운 입주자대표회의,대구광역시 달서구 학산로2길 24,35.824604001,128.53247590,5,5,0,Y
PW012433,파동화성파크뷰 관리사무소,대구광역시 수성구 파동로 19,35.806492920,128.62136528,5,5,0,Y
PW012441,메트로팔레스3단지 관리사무소,대구광역시 수성구 동원로 110,35.869574003,128.63860689,5,5,0,Y
PW012443,대구신서혁신LH천년나무10단지/청하종합개발㈜,대구광역시 동구 메디밸리로 18,35.874195456,128.75029457,5,5,0,Y
PW012448,성서주공5단지아파트입주자대표회의,대구광역시 달서구 선원남로 181,35.857344648,128.52058732,5,5,0,Y
PW012449,혁신도시 서한E스테이아파트/주식회사서한하나뉴스데,대구광역시 동구 혁신대로 504,35.874461189,128.75225392,5,5,0,Y
PW012450,시지푸르지오,대구광역시 수성구 달구벌대로661길 7,35.837944654,128.71836466,5,5,0,Y
PW012453,삼도더펜트하우스수성입주자대표회의,대구광역시 수성구 파동로26길 26,35.819516835,128.61845090,5,5,0,Y
PW012454,수성3가롯데캐슬입주자대표회의,대구광역시 수성구 명덕로 455,35.856006589,128.62042322,5,5,0,Y
PW012455,시지두레타운 입주자대표회의,대구광역시 수성구 천을로 131,35.844676154,128.70568817,5,5,0,Y
PW012459,하나타운 입주자대표회의,대구광역시 수성구 고산로 123,35.843539247,128.70525299,4,4,0,Y
PW012460,메트로팔레스5단지입주자대표회의,대구광역시 수성구 동원로 100,35.868414257,128.63917354,4,4,0,Y
PW012464,대구연경천년나무1단지 관리소,대구광역시 북구 동화천로 280,35.940842781,128.62184683,4,4,0,Y
PW012465,송원맨션 관리사무소,대구광역시 수성구 파동로 223,35.822743161,128.61022376,4,4,0,Y
PW012478,신서혁신LH13단지관리사무소,대구광역시 동구 초례로 66,35.881670813,128.75257220,3,3,0,Y
PW012481,시지한신휴플러스입주자대표회의,대구광역시 수성구 달구벌대로669길 50,35.837940351,128.72227124,3,3,0,Y
PW012484,대구혁신LH5단지 입주자대표회의,대구광역시 동구 과학로 45,35.883291343,128.71625246,2,2,0,Y
PW012485,이시아폴리스더샵2차,대구광역시 동구 팔공로 274,35.926115492,128.64254360,2,2,0,Y
PW012489,칠곡2차한라타운,대구광역시 북구 구암로 170,35.930519171,128.55938457,2,2,0,Y
PW012491,범어쌍용예가입주자대표회의,대구광역시 수성구 명덕로 477,35.854509389,128.62131470,2,2,0,Y
PW012494,만평역헤리티지입주자대표회의,대구광역시 서구 서대구로 345,35.888210884,128.55913582,2,2,0,Y
PW012495,테크노폴리스제일풍경채더퍼스트 입주자대표회의,대구광역시 달성군 현풍읍 테크노상업로 49,35.693194586,128.45403074,1,1,0,Y
PW012496,만촌2차우방타운,대구광역시 수성구 교학로11길 91,35.849723745,128.65722930,1,1,0,Y
PW012497,청운맨션입주자대표회의,대구광역시 중구 동덕로 33,35.857606522,128.60389565,5,5,0,Y
PW012502,보성상아맨션입주자대표회의,대구광역시 남구 명덕로 236,35.853814961,128.59489374,1,1,0,Y
PW012506,세광그린맨션,대구광역시 달서구 진천로7길 47,35.8105086,128.5228336,2,2,0,Y
PW012509,수목원풍경그린,대구광역시 달서구 갈밭남로 64,35.801548543,128.53513255,4,4,0,Y
PW012510,시지대백신화창신맨션,대구광역시 수성구 고산로 90,35.837675994,128.70441776,5,5,0,Y
PW012607,명곡미래빌3단지입주자대표회의,대구광역시 달성군 화원읍 명곡로 30,35.796977027,128.49523276,5,5,0,Y
PW012619,성서동서화성타운,대구광역시 달서구 이곡공원로 33,35.855687958,128.51219969,5,5,0,Y
PW012658,상인장미3단지입주자대표회의,대구광역시 달서구 상화로 370,35.807714336,128.55212287,3,3,0,Y
PW012841,대구역유림노르웨이숲아파트 입주자대표회의,대구광역시 북구 칠성남로26길 11,35.877197234,128.59271865,5,5,0,Y
PW012845,죽곡푸르지오1단지 입주자대표회의,대구광역시 달성군 다사읍 대실역북로 16,35.856809712,128.46861273,5,5,0,Y
PW012853,범어숲화성파크드림S,대구광역시 수성구 동대구로 376,35.864528852,128.62776119,5,5,0,Y
PW012854,봉산뜨란채입주자대표회의,대구광역시 중구 봉산문화길 69,35.862866640,128.59675582,5,5,0,Y
PW012856,대구종합유통단지 전기조명관사업협동조합,대구광역시 북구 유통단지로 50,35.905696030,128.60827515,5,5,0,Y
PW012929,태왕아너스클럽 입주자대표회의,대구광역시 수성구 달구벌대로 2260,35.860456814,128.60953628,4,4,0,Y
PW012935,화정골든타운,대구광역시 북구 한강로8길 13-8,35.895417844,128.51891660,1,1,0,Y
PW012977,송현제림입주자대표회의,대구광역시 달서구 구마로52안길 57,35.834116570,128.55080420,5,5,0,Y
PW012998,대구신서혁신LH14단지관리사무소,대구광역시 동구 초례로16길 3,35.882845779,128.75235006,3,3,0,Y
PW013000,산격2차청구맨션,대구광역시 북구 대구체육관로4길 2,35.890499471,128.60225957,4,4,0,Y
PW013007,월배2차아이파크,대구광역시 달서구 월배로5길 76,35.819460387,128.51371016,5,5,0,Y
PW013036,대원사(민수),대구광역시 북구 학정로109길 41,35.954445652,128.56396725,1,1,0,Y
PW013127,메트로팔레스3단지관리사무소22,대구광역시 수성구 동원로 110,35.869574,128.6386069,19,19,0,Y
PW013146,각산푸르지오1단지입주자대표회의22,대구광역시 동구 경안로 824,35.875523,128.7178668,3,3,0,Y
PW013147,사월화성파크드림1단지 입주자대표회의,대구광역시 수성구 달구벌대로 3304,35.8362121,128.7170297,6,6,0,Y
PW013148,대구월배2차IPARK,대구광역시 달서구 월배로5길 76,35.8194604,128.5137102,28,28,0,Y
PW013150,하나타운입주자대표회의22,대구광역시 수성구 고산로 123,35.8435392,128.705253,11,11,0,Y
PW013152,메트로팔레스2단지 입주자대표회의,대구광역시 수성구 동원로 123,35.8686503,128.6354933,19,19,0,Y
PW013155,극동스타클래스남산 입주자대표회의,대구광역시 중구 남산로 30,35.8592603,128.5833652,6,6,0,Y
PW013157,삼정그린빌입주자대표회의,대구광역시 달서구 야외음악당로39길 54,35.8541483,128.5543576,23,23,0,Y
PW013158,두산위브더제니스입주자대표회의(대구),대구광역시 수성구 달구벌대로 2435,35.860989246,128.62826799,6,6,0,Y
PW013163,침산한라스카이빌 입주자대표회의,대구광역시 북구 침산로22길 5,35.8860992,128.5912751,7,7,0,Y
PW013164,혁신도시서한E스테이아파트,대구광역시 동구 혁신대로 504,35.8744611,128.7522539,6,6,0,Y
PW013165,진천대동맨션 입주자대표회의,대구광역시 달서구 상화로7길 31,35.8096217,128.5202726,2,2,0,Y
PW013167,이(E)편한세상 대구금호아파트 입주자대표회의,대구광역시 북구 내곡로 49,35.9010412,128.5088728,8,8,0,Y
PW013168,대구위브더제니스상가관리사무소,대구광역시 수성구 달구벌대로 2435,35.8609892,128.628268,13,13,0,Y
PW013174,신서화성파크드림 입주자대표회의,대구광역시 동구 반야월북로 221,35.8741165,128.723356,15,15,0,Y
PW013178,월촌화성타운입주자대표회의22,대구광역시 달서구 송현로7길 41,35.8185146,128.5474369,1,1,0,Y
PW013179,시지반도유보라아파트입주자대표회의,대구광역시 수성구 욱수천로 87,35.8357812,128.7119066,8,8,0,Y
PW013180,상록아이투빌아파트,대구광역시 동구 동호로 47,35.8651768,128.721814,3,3,0,Y
PW013181,두산위브2001 입주자 대표회의,대구광역시 북구 매천로2길 19,35.8981896,128.543602,12,12,0,Y
PW013184,대구연경LH천년나무2단지,대구광역시 동구 연경지묘로 153,35.9472345,128.6277654,3,3,0,Y
PW013201,범어청구하이츠,대구광역시 수성구 청호로84안길 2,35.8535726,128.6407011,5,5,0,Y
PW013213,대구테크노폴리스 호반베르디움 입주자대표회의,대구광역시 달성군 유가읍 테크노대로5길 58,35.6947831,128.4672559,11,11,0,Y
PW013214,성서주공7단지입주자대표회의,대구광역시 달서구 성지로 12,35.852621,128.5176316,6,6,0,Y
PW013216,율하휴먼시아8단지아파트 입주자대표회의,대구광역시 동구 안심로22길 75,35.864287,128.699203,7,7,0,Y
PW013217,진흥더블파크입주자대표회의(대구),대구광역시 달성군 다사읍 서재로24길 29,35.8731223,128.500864,6,6,0,Y
PW013218,수성대백인터빌아파트 관리사무소,대구광역시 수성구 수성로69길 14,35.8561493,128.6134495,4,4,0,Y
PW013219,복현명문세가1단지 관리사무소,대구광역시 북구 복현로 71,35.898501353,128.62244803,6,6,0,Y
PW013220,복현명문세가2단지관리사무소,대구광역시 북구 복현로 50,35.8975297,128.6247378,9,9,0,Y
PW013221,월성E편한세상입주자대표회의,대구광역시 달서구 조암남로 10,35.8246505,128.5291156,29,29,0,Y
PW013224,장원맨션아파트(SP),대구광역시 수성구 청호로 370,35.8510073,128.6394323,3,3,0,Y
PW013296,대곡강산타운입주자대표회의,대구광역시 달서구 도원로 45,35.8054391,128.5358911,17,17,0,Y
PW013298,주공나래마을입주자대표회의,대구광역시 달서구 한실로 29,35.8077797,128.5301191,23,23,0,Y
PW013300,대곡역래미안 입주자대표회의,대구광역시 달성군 화원읍 비슬로539길 35,35.8124519,128.506871,23,23,0,Y
PW013303,성서주공5단지아파트입주자대표회의22,대구광역시 달서구 선원남로 181,35.8573446,128.5205873,12,12,0,Y
PW013304,팔공3차보성타운입주자대표회의,대구광역시 동구 파계로 71,35.9405484,128.6356644,8,8,0,Y
PW013312,우방송현하이츠관리사무소,대구광역시 달서구 학산남로 90,35.824327379,128.54228551,13,13,0,Y
PW013317,동대구우방아이유쉘 입주자대표회의,대구광역시 동구 송라로32길 32,35.8805508,128.617245,11,11,0,Y
PW013344,용산롯데캐슬그랜드 입주자대표회의,대구광역시 달서구 장산남로 33,35.8500186,128.5262418,30,30,0,Y
PW013354,청남타운 입주자대표회의,대구광역시 달서구 성서서로 330,35.8540656,128.5003966,6,6,0,Y
PW013355,성서삼성한국형아파트입주자대표회의,대구광역시 달서구 호산로 126,35.8500252,128.4788716,36,36,0,Y
PW013381,대구금호스타힐스엔에이치에프6단지 관리사무소,대구광역시 북구 내곡로 70,35.901219334,128.51240772,12,12,0,Y
PW013384,수성대림E편한세상 입주자대표회의,대구광역시 수성구 들안로73길 50-7,35.864562910,128.61488386,13,13,0,Y
PW013454,침산1차푸르지오22,대구광역시 북구 침산로21길 23,35.8856299,128.5868914,21,21,0,Y
PW013458,가람마을2단지 입주자대표회의,대구광역시 달서구 한실로 135,35.8066597,128.5408088,12,12,0,Y
PW013508,지산협화맨션입주자대표회의,대구광역시 수성구 지범로22길 23,35.820803,128.6356651,10,10,0,Y
PW013516,안심역코오롱하늘채 입주자대표회의,대구광역시 동구 금강로21길 30,35.8666143,128.7331343,9,9,0,Y
PW013517,율하뜨란채관리사무소,대구광역시 동구 율하동로 67,35.8659449,128.7011,6,6,0,Y
PW013525,수성하이츠 입주자대표회의,대구광역시 수성구 수성로 393,35.8611615,128.6132923,7,7,0,Y
PW013527,매천센트럴파크입주자대표회의,대구광역시 북구 매전로4길 9,35.9083476,128.5442262,14,14,0,Y
PW013530,명곡미래빌4단지입주자대표회의,대구광역시 달성군 화원읍 화암로 120,35.7986944,128.5004962,5,5,0,Y
PW013546,대봉화성파크드림,대구광역시 중구 명덕로55길 25,35.8567225,128.5987129,7,7,0,Y
PW013551,조광페인트-대구영업소(민수),대구광역시 북구 오봉로21길 8,35.896913721,128.57770446,1,1,0,Y
PW013555,동백맨션입주자대표회의,대구광역시 달서구 월배로32안길 35,35.8146812,128.5308125,6,6,0,Y
PW013558,진달래1차아파트입주자대표회,대구광역시 서구 국채보상로36길 42,35.8656861,128.5506639,4,4,0,Y
PW013567,복현푸르지오 입주자대표회의,대구광역시 북구 동북로 345,35.892589016,128.62734800,9,9,0,Y
PW013572,시지푸르지오22,대구광역시 수성구 달구벌대로661길 7,35.8379447,128.7183647,4,4,0,Y
PW013575,효성타운관리사무소22,대구광역시 동구 경안로 809,35.8752172,128.7135679,3,3,0,Y
PW013577,한국보훈복지의료공단대구보훈병원,대구광역시 달서구 월곡로 60,35.802828875,128.55171220,9,9,0,Y
PW013585,대현E-편한세상관리사무소,대구광역시 북구 대현로10길 82,35.8820845,128.6029688,9,9,0,Y
PW013587,대구연경천년나무1단지 관리소22,대구광역시 북구 동화천로 280,35.9408428,128.6218468,4,4,0,Y
PW013588,이시아폴리스 더샵2차,대구광역시 동구 팔공로 274,35.9261155,128.6425436,12,12,0,Y
PW013617,파동청구하이츠입주자대표회의,대구광역시 수성구 파동로12길 39,35.8100489,128.6213632,4,4,0,Y
PW013618,대구혁신에듀포레아파트 입주자대표회의,대구광역시 동구 과학로 45,35.8832913,128.7162525,4,4,0,Y
PW013624,팔공보성1차 입주자대표회의,대구광역시 동구 팔공로 489,35.941527,128.644754,8,8,0,Y
PW013625,본리2차 롯데캐슬관리사무소,대구광역시 달서구 대명천로 119,35.8391068,128.5455392,10,10,0,Y
PW013626,본리롯데캐슬입주자대표회의,대구광역시 달서구 대명천로 101,35.8390321,128.547193,12,12,0,Y
PW013628,성서2차보성타운관리사무소,대구광역시 달서구 선원로 241,35.8602851,128.5171463,21,21,0,Y
PW013629,수성골드클래스입주자대표회의,대구광역시 수성구 수성로 185,35.842905,128.6111325,4,4,0,Y
PW013637,메트로팔레스5단지입주자대표회의22,대구광역시 수성구 동원로 100,35.868414257,128.63917354,9,9,0,Y
PW013644,율하휴먼시아15단지,대구광역시 동구 금호강변로3길 9,35.8700366,128.6897821,11,11,0,Y
PW013676,율하휴먼시아5관리사무소,대구광역시 동구 율하서로 59,35.863373,128.6915144,7,7,0,Y
PW013683,태왕아너스타워관리단,대구광역시 동구 팔공로 241,35.9205009,128.6402717,4,4,0,Y
PW013686,율하휴먼시아7단지,대구광역시 동구 안심로22길 55,35.8638673,128.6965003,6,6,0,Y
PW013688,이시아폴리스협성휴포레오피스텔,대구광역시 동구 팔공로 260,35.9228602,128.6417796,2,2,0,Y
PW013752,시지누리타운,대구광역시 수성구 달구벌대로637길 21,35.8418979,128.7061638,9,9,0,Y
PW013789,진천역AK그랑폴리스2차,대구광역시 달서구 월배로 51,35.8138812,128.5203031,5,5,0,Y
PW013829,대우트럼프월드수성입주자대표회의,대구광역시 수성구 동대구로 59,35.8358474,128.6225479,10,10,0,Y
PW013901,대구금호스타힐스엔에이치에프6단지 관리사무소(SP),대구광역시 북구 내곡로 70,35.9012193,128.5124077,2,2,0,Y
PW013969,아양아트센터,대구광역시 동구 효동로2길 24,35.8795637,128.6519367,2,2,0,Y
PW013970,아양아트센터 안심도서관(SP),대구광역시 동구 금호강변로 360,35.859021750,128.70187195,1,1,0,Y
PW014040,수성아이파크입주자대표회의,대구광역시 수성구 파동로22길 15,35.8132788,128.6180257,3,3,0,Y
PW014078,칠곡청구타운,대구광역시 북구 학정로 271,35.9286749,128.5588535,5,5,0,Y
PW014098,범어유림노르웨이숲2차입주자대표회의(SP),대구광역시 수성구 동대구로50길 67,35.851457046,128.62983840,4,4,0,Y
PW014158,범어화성파크리젠시입주자대표회의,대구광역시 수성구 동대구로 337,35.8606313,128.6256065,5,5,0,Y
PW014161,한국보훈복지의료공단대구보훈병원23,대구광역시 달서구 월곡로 60,35.8028289,128.5517122,3,3,0,Y
PW014165,다사E편한세상입주자대표회의,대구광역시 달성군 다사읍 다사역로 60,35.8687257,128.4564374,20,20,0,Y
PW014177,대곡역래미안 입주자대표회의23,대구광역시 달성군 화원읍 비슬로539길 35,35.8124519,128.5068717,28,28,0,Y
PW014179,복현보성타운,대구광역시 북구 검단로 64,35.9030191,128.6167687,5,5,0,Y
PW014186,이시아폴리스더샵3차,대구광역시 동구 팔공로51길 10,35.9235431,128.6359188,12,12,0,Y
PW014194,대우트럼프월드수성 입주자대표회의23,대구광역시 수성구 동대구로 59,35.8358474,128.6225479,8,8,0,Y
PW014203,우리모터스(SP),대구광역시 동구 안심로55길 37,35.869451874,128.71543853,2,2,0,Y
PW014204,명성푸르지오 아파트 입주자대표회의,대구광역시 북구 침산로 153,35.8890266,128.5897443,24,24,0,Y
PW014224,아세아택시(SP),대구광역시 남구 중앙대로32길 3,35.847185506,128.59089039,2,2,0,Y
PW014238,주식회사 우성택시(SP),대구광역시 서구 국채보상로 82,35.8684265,128.5401173,2,2,0,Y
PW014263,한국건설생활환경시험연구원 대구경북센터(SP),대구광역시 달성군 유가읍 테크노순환로12길 36,35.6926157,128.4734835,5,5,0,Y
PW014268,서희스타힐스테이 관리사무소,대구광역시 북구 내곡로 90,35.9009703,128.5137,8,8,0,Y
PW014280,메가시티 태왕아너스 오피스텔 관리위원회,대구광역시 달성군 다사읍 궁산2길 12,35.872549017,128.48738920,5,5,0,Y
PW014287,월성E편한세상입주자대표회의(SP),대구광역시 달서구 조암남로 10,35.8246505,128.5291156,10,10,0,Y
PW014291,세광그린맨션23,대구광역시 달서구 진천로7길 47,35.8105856,128.522762,3,3,0,Y
PW014294,월성E편한세상입주자대표회의23,대구광역시 달서구 조암남로 10,35.824650502,128.52911562,10,10,0,Y
PW014311,유성푸르나임르노블입주자대표회의,대구광역시 수성구 달구벌대로 3308,35.834366356,128.71717354,5,5,0,Y
PW014349,대구위브더제니스상가관리사무소23,대구광역시 수성구 달구벌대로 2435,35.8609892,128.628268,3,3,0,Y
PW014366,대한예수교장로회대구제일교회,대구광역시 중구 국채보상로102길 50,35.867667,128.5855662,2,2,0,Y
PW014386,학교법인 계명대학교(성서캠퍼스),대구광역시 달서구 달구벌대로 1095,35.8559056,128.484579,20,20,0,Y
PW014432,학교법인 계명대학교(대명캠퍼스),대구광역시 남구 명덕로 104,35.8555232,128.5793157,6,6,0,Y
PW014434,주식회사 노비아갈라,대구광역시 동구 동촌로 87,35.8879397,128.6517502,6,6,0,Y
PW014437,학교법인 계명대학교(달성캠퍼스),대구광역시 달성군 유가읍 테크노순환로 269,35.687074252,128.46883160,1,1,0,Y
PW014459,명곡미래빌4단지입주자대표회의23,대구광역시 달성군 화원읍 화암로 120,35.798694397,128.50049624,4,4,0,Y
PW014472,신암청아람아파트 입주자대표회의,대구광역시 동구 신암로20길 39,35.879366489,128.61183088,8,8,0,Y
PW014511,한국은행대구경북본부(SP),대구광역시 중구 동덕로 145,35.867939,128.6033679,3,3,0,Y
PW014536,태왕아너스스카이 입주자대표회의,대구광역시 중구 달구벌대로 1975,35.865411666,128.57923751,3,3,0,Y
PW014547,팔공2차보성타운,대구광역시 동구 팔공로101길 55,35.9400914,128.6423505,12,12,0,Y
PW014556,대곡강산타운(SP),대구광역시 달서구 도원로 45,35.805442674,128.53588453,10,10,0,Y
PW014568,안심역우방아이유쉘아파트 관리사무소,대구광역시 동구 금강로21길 10,35.866066717,128.73353771,11,11,0,Y
PW014572,대곡주공9단지아람입주자대표23,대구광역시 달서구 한실로 30,35.8059207,128.53079,6,6,0,Y
PW014573,월성서한이다음입주자대표회의,대구광역시 달서구 학산로 15,35.826938635,128.53027637,7,7,0,Y
PW014578,상리정비현대서비스주식회사(SP),대구광역시 달성군 논공읍 비슬로262길 21,35.745919018,128.41210266,2,2,0,Y
PW014580,대구월배2차IPARK23,대구광역시 달서구 월배로5길 76,35.819460387,128.51371016,16,16,0,Y
PW014581,대구월배2차IPARK(SP),대구광역시 달서구 월배로5길 76,35.819460387,128.51371016,5,5,0,Y
PW014590,칠곡한신아파트 입주자대표회의,대구광역시 북구 관음로 50,35.9344505,128.5421428,10,10,0,Y
PW014624,화원이진캐스빌 입주자대표회의,대구광역시 달성군 화원읍 비슬로 2545,35.8039095,128.4950741,12,12,0,Y
PW014647,천내보성타운관리소(SP),대구광역시 달성군 화원읍 화원로 37,35.807197031,128.49820930,2,2,0,Y
PW014650,동성로하우스디어반 관리사무소,대구광역시 중구 국채보상로 570,35.8705772,128.593249,4,4,0,Y
PW014666,이안센트럴D 입주자대표회의,대구광역시 동구 동대구로 577,35.8808525,128.6235554,14,14,0,Y
PW014669,삼정그린빌입주자대표회의23,대구광역시 달서구 야외음악당로39길 54,35.8541512,128.5543396,4,4,0,Y
PW014688,이안센트럴D 입주자대표회의(SP),대구광역시 동구 동대구로 577,35.8808525,128.6235554,8,8,0,Y
PW014759,월드마크웨스트엔드입주자대표회의,대구광역시 달서구 와룡로 169,35.848732309,128.53638907,15,15,0,Y
PW014834,안심역삼정그린코아더베스트입주자대표회의,대구광역시 동구 반야월북로 355,35.873661186,128.73729905,15,15,0,Y
PW014855,신서청구타운(SP),대구광역시 동구 반야월북로55길 19,35.874268392,128.72712615,3,3,0,Y
PW014856,금강진우타운(SP),대구광역시 동구 반야월북로 175,35.873347222,128.71743349,2,2,0,Y
PW014857,대구동호상록아파트/공무원연금공단(SP),대구광역시 동구 동호로 47,35.865176808,128.72181400,6,6,0,Y
PW014859,롬바드아파트관리사무소(SP),대구광역시 수성구 들안로 325,35.858956912,128.61671919,5,5,0,Y
PW014869,학교법인 계명대학교(동행빌딩),대구광역시 달서구 달구벌대로 1019,35.853426699,128.47889362,1,1,0,Y
PW014874,옥포세광무지개마을,대구광역시 달성군 옥포읍 본리로 102,35.794612652,128.45452442,5,5,0,Y
PW014882,강창태성그린시티입주자대표회의,대구광역시 달성군 다사읍 죽곡2길 6,35.857049298,128.46182558,11,11,0,Y
PW014914,보성청록아파트(SP),대구광역시 남구 큰골길 200,35.834778568,128.58532225,5,5,0,Y
PW014929,성서주공7단지(SP),대구광역시 달서구 성지로 12,35.852621041,128.51763163,2,2,0,Y
PW014946,시지대백 신화창신맨션23,대구광역시 수성구 고산로 90,35.837675994,128.70441776,9,9,0,Y
PW014973,봄모텔(SP),대구광역시 동구 반야월로 7,35.874418415,128.68910058,2,2,0,Y
PW015039,강북컨벤션웨딩(SP),대구광역시 북구 칠곡중앙대로 59,35.901369713,128.54655575,6,6,0,Y
PW015040,주식회사 뉴대구스포츠센터(SP),대구광역시 서구 서대구로 45,35.862021742,128.55600183,3,3,0,Y
PW015041,(주)달구벌종합수산축산(웨딩비엔나)(SP),대구광역시 달서구 달구벌대로 1846,35.860266567,128.56687925,4,4,0,Y
PW015042,주식회사 초이스골프(SP),대구광역시 서구 북비산로 193-14,35.880020269,128.55440945,3,3,0,Y
PW015051,대구역 SD아이프라임/(주)목성엔지니어링(SP),대구광역시 북구 칠성남로30길 40,35.8759762,128.5990953,3,3,0,Y
PW015054,만촌역서한포레스트관리위원회,대구광역시 수성구 달구벌대로 2606,35.857873745,128.64743982,16,16,0,Y
PW015055,만촌역서한포레스트관리위원회(SP),대구광역시 수성구 달구벌대로 2606,35.857873745,128.64743982,4,4,0,Y
PW015062,테크노폴리스 남해오네뜨2차 관리사무소,대구광역시 달성군 유가읍 테크노대로5길 57,35.694894872,128.46439798,21,21,0,Y
PW015079,보성청록아파트 입주자대표회의,대구광역시 남구 큰골길 200,35.834778568,128.58532225,8,8,0,Y
PW015080,세광그린관리사무소,대구광역시 남구 현충로26길 67,35.844283639,128.58368036,3,3,0,Y
PW015094,신서청구타운입주자대표회의,대구광역시 동구 반야월북로55길 19,35.874268392,128.72712615,5,5,0,Y
PW015100,히스토리(SP),대구광역시 남구 대경길 270,35.848769908,128.57681634,2,2,0,Y
PW015101,대곡역화성타운(SP),대구광역시 달서구 비슬로 2731,35.810386005,128.51360637,2,2,0,Y
PW015121,연경금성백조예미지숲속의아침 입주자대표회의(SP),대구광역시 북구 연경중앙로 11,35.943416440,128.61523649,9,9,0,Y
PW015127,우방송현하이츠관리사무소23,대구광역시 달서구 학산남로 90,35.824327379,128.54228551,21,21,0,Y
PW015130,수성대림E편한세상 입주자대표회의(SP),대구광역시 수성구 들안로73길 50-7,35.864562910,128.61488386,10,10,0,Y
PW015136,월배삼정그린코아포레스트입주자대표회의(SP),대구광역시 달서구 조암남로32길 40,35.819351504,128.51500640,23,23,0,Y
PW015139,대한예수교장로회반야월교회(SP),대구광역시 동구 안심로55길 20,35.867614849,128.71633342,6,6,0,Y
PW015140,교동면옥방촌점(SP),대구광역시 동구 화랑로91길 24,35.877700612,128.67486113,2,2,0,Y
PW015154,향나루자연오리농원식당(SP),대구광역시 동구 둔산로 539,35.919769766,128.66587249,2,2,0,Y
PW015173,원더풀스파랜드 관리위원회,대구광역시 달서구 조암로 48,35.824414653,128.52430768,3,3,0,Y
PW015176,인사동고깃집(SP),대구광역시 북구 망월길 2-1,35.922177410,128.59615850,2,2,0,Y
PW015189,대구테크노폴리스 4단지 관리사무소,대구광역시 달성군 유가읍 테크노상업로 111,35.694848,128.461293,17,17,0,Y
PW015255,강변타운관리사무소,대구광역시 남구 명덕로68길 19,35.854481164,128.60651311,6,6,0,Y
PW015300,이시아폴리스더샵3차24,대구광역시 동구 팔공로51길 10,35.923543131,128.63591876,13,13,0,Y
PW015303,수성아이파크입주자대표회의24,대구광역시 수성구 파동로22길 15,35.813278783,128.61802566,11,11,0,Y
PW015305,삼우청솔타운입주자대표회의24,대구광역시 달성군 화원읍 비슬로539길 17,35.809864495,128.50876904,8,8,0,Y
PW015310,이안월배아파트 입주자대표회의,대구광역시 달서구 조암남로 116,35.819307303,128.52110952,13,13,0,Y
PW015317,월배삼정그린코아포레스트입주자대표회의24,대구광역시 달서구 조암남로32길 40,35.819351504,128.51500640,18,18,0,Y
PW015347,이시아폴리스더샵3차24(추가),대구광역시 동구 팔공로51길 10,35.923543131,128.63591876,21,21,0,Y
PW015361,연화정삼계탕(SP),대구광역시 달성군 논공읍 비슬로 1596,35.7638444,128.4044506,2,2,0,Y
PW015363,다인로얄팰리스 동성로 준공추진위원회(민수),대구광역시 중구 국채보상로 525,35.870714720,128.58812239,5,5,0,Y
PW015439,비비라운지(SP),대구광역시 동구 팔공로 481,35.941176583,128.64562139,2,2,0,Y
PW100062,진흥더블파크아파트,대구광역시 달성군 다사읍 서재로24길 29,35.873035872,128.50070744,4,4,0,Y
PW100063,칠곡대백맨션,대구광역시 북구 관음로 24,35.932612976,128.54151902,2,2,0,Y
PW100068,대봉태왕아너스아파트,대구광역시 중구 동덕로 55,35.8599435,128.6039196,6,6,0,Y
PW100359,범어SKVIEW아파트1단지,대구광역시 수성구 범어로 75,35.856328802,128.63450650,3,3,0,Y
PW100360,범어SKVIEW아파트2단지,대구광역시 수성구 범어로 73,35.855654218,128.63455221,7,7,0,Y
PW100434,수목원서한이다음,대구광역시 달서구 한실로6길 123,35.796645140,128.52947036,7,7,0,Y
PW100435,월배2차아이파크,대구광역시 달서구 월배로5길 76,35.819460387,128.51371016,21,21,0,Y
PW100456,신화빌라트,대구광역시 수성구 달구벌대로650길 29,35.835580064,128.70996601,4,4,0,Y
PW100461,대구오페라트루엘시민의숲아파트,대구광역시 북구 고성북로 34,35.883170363,128.58412093,6,6,0,Y
PW100466,칠성동삼성아파트,대구광역시 북구 호암로 40,35.881902949,128.59378189,15,15,0,Y
PW100473,월성청구타운 입주자대표회의,대구광역시 달서구 학산로2길 24,35.824604001,128.53247590,3,3,0,Y
PW100498,강변효성백년가약,대구광역시 남구 봉덕로 135,35.844639579,128.60454481,15,15,0,Y
PW100501,시지보성서한타운,대구광역시 수성구 신매로 21,35.832162659,128.70511206,6,6,0,Y
PW100535,태왕그린힐즈,대구광역시 동구 파계로 46,35.940149563,128.63960453,6,6,0,Y
PW100537,하나리움퀸즈파크,대구광역시 달성군 유가읍 테크노북로 164,35.6964163,128.4613098,13,13,0,Y
PW100553,대구역유림노르웨이숲아파트,대구광역시 북구 칠성남로26길 11,35.877197234,128.59271865,3,3,0,Y
PW100567,죽곡푸르지오1단지,대구광역시 달성군 다사읍 대실역북로 16,35.856809712,128.46861273,3,3,0,Y
PW100573,이시아폴리스더샵2차,대구광역시 동구 팔공로 274,35.926115492,128.64254360,3,3,0,Y
PW100601,대구테크노폴리스4단지,대구광역시 달성군 유가읍 테크노상업로 111,35.694848,128.461293,9,9,0,Y
PW100630,진천트윈팰리스아파트,대구광역시 달서구 월배로 71,35.814231656,128.52212349,6,6,0,Y
PW100670,대구테크노폴리스남해오네뜨1차아파트,대구광역시 달성군 현풍읍 테크노북로4길 11,35.696304528,128.45544407,9,9,0,Y
PW100671,수성3가롯데캐슬입주자대표회의,대구광역시 수성구 명덕로 455,35.856006589,128.62042322,9,9,0,Y
PW100686,안심역우방아이유쉘아파트,대구광역시 동구 금강로21길 10,35.866066717,128.73353771,9,9,0,Y
PW100687,힐스테이트 범어 입주자대표회의,대구광역시 수성구 범어로18길 22,35.856800188,128.63654501,12,12,0,Y
PW100688,이시아폴리스 더샵1차 입주자대표회의,대구광역시 동구 팔공로53길 10,35.925471783,128.63897966,18,18,0,Y
PW100693,강북2차화성파크드림와이드,대구광역시 북구 태전로3길 24,35.921548867,128.54305301,6,6,0,Y
PW100715,더샵리비테르1차아파트,대구광역시 중구 대봉로43길 21,35.8577021,128.6000738,9,9,0,Y
PW100716,더샵리비테르2차아파트,대구광역시 중구 대봉로43길 22,35.857702099,128.60007376,8,8,0,Y
PW100724,수성서한이다음,대구광역시 수성구 수성로69길 15,35.855498550,128.61247237,6,6,0,Y
PW100734,성서2차영남우방타운,대구광역시 달서구 이곡공원로 83,35.855529693,128.51747532,12,12,0,Y
PW100764,월드마크웨스트엔드,대구광역시 달서구 와룡로 169,35.848732309,128.53638907,30,30,0,Y
PW100770,평리푸르지오1단지,대구광역시 서구 국채보상로50길 20,35.869978038,128.55951351,15,15,0,Y
PW100771,평리푸르지오2단지,대구광역시 서구 국채보상로50길 20,35.869978038,128.55951351,23,23,0,Y
PW100772,평리푸르지오3단지,대구광역시 서구 국채보상로50길 20,35.869978038,128.55951351,11,11,0,Y
PW100792,대구옥포르상트레빌,대구광역시 달성군 옥포읍 금계길 12,35.785999491,128.44756732,5,5,0,Y
PW100805,신매효성백년가약청(입주자대표회의),대구광역시 수성구 달구벌대로 3233,35.839098723,128.71038296,6,6,0,Y
PW100815,대구금호스타힐스NHF6단지,대구광역시 북구 내곡로 70,35.901219334,128.51240772,9,9,0,Y
PW100818,대구죽곡휴먼시아1단지,대구광역시 달성군 다사읍 대실역북로1길 6,35.859500684,128.46608114,2,2,0,Y
PW100831,대구신천아이파크,대구광역시 동구 동부로30길 78,35.870078789,128.62879121,3,3,0,Y
PW100836,칠곡롯데아파트입주자대표회의,대구광역시 북구 구암로 12,35.933169178,128.54245758,8,8,0,Y
PW100867,시지대백신화창신맨션,대구광역시 수성구 고산로 90,35.837675994,128.70441776,3,3,0,Y
PW100872,테크노폴리스진아리채,대구광역시 달성군 유가읍 테크노대로5길 79,35.695521715,128.46579889,9,9,0,Y
PW100881,달성우신미가뷰,대구광역시 달성군 논공읍 금포로 75-20,35.769023875,128.42697584,18,18,0,Y
PW100902,율하휴먼시아11단지,대구광역시 동구 율하동로 19,35.861684650,128.69862081,12,12,0,Y
PW100965,태전대백맨션,대구광역시 북구 관음로 18,35.931891770,128.54040476,6,6,0,Y
PW100974,사월화성파크드림2단지,대구광역시 수성구 달구벌대로 3304-1,35.8352548,128.71581,3,3,0,Y
PW100976,월성코오롱하늘채2단지아파트,대구광역시 달서구 조암남로16길 20,35.8223272,128.5233015,2,2,0,Y
PW100986,월배역라온프라이빗,대구광역시 달서구 월배로33길 53,35.817466859,128.52882956,3,3,0,Y
PW101126,유림노르웨이아침아파트,대구광역시 달서구 구마로 97,35.837827286,128.53836580,1,1,0,Y
PW101152,수성아이파크,대구광역시 수성구 파동로22길 15,35.8132788,128.6180257,2,2,0,Y
PW800017,한양은하아파트 입주자대표회의(SP),대구광역시 달서구 상화북로 137,35.8112135,128.5409043,8,8,0,Y
PW800040,만촌화성파크드림1(SP),대구광역시 수성구 달구벌대로 2692,35.8537246,128.6556062,2,2,0,Y
PW800062,시지푸르지오24,대구광역시 수성구 달구벌대로661길 7,35.837944654,128.71836466,5,5,0,Y
PW800081,침산한라스카이빌입주자대표회의24,대구광역시 북구 침산로22길 5,35.886099196,128.59127507,7,7,0,Y
PW800112,범어화산샬레(SP),대구광역시 수성구 청호로 411-3,35.8535933,128.6375437,7,7,0,Y
PW800152,수성서한이다음관리사무소,대구광역시 수성구 수성로69길 15,35.855498550,128.61247237,2,2,0,Y
PW800153,시지누리타운24,대구광역시 수성구 달구벌대로637길 21,35.841897882,128.70616378,9,9,0,Y
PW800156,가든하이츠2단지,대구광역시 수성구 청호로69길 30,35.849463550,128.63645984,2,2,0,Y
PW800163,서재2차보성타운입주자대표회의,대구광역시 달성군 다사읍 서재로30길 7,35.877673892,128.49725976,7,7,0,Y
PW800185,월성서한이다음입주자대표회의24,대구광역시 달서구 학산로 15,35.826938635,128.53027637,6,6,0,Y
PW800194,수성보성타운입주자대표회의,대구광역시 수성구 수성로 412,35.861991002,128.61449215,22,22,0,Y
PW800199,시지효성백년가약2단지24,대구광역시 수성구 달구벌대로 3280-1,35.835737695,128.71387287,10,10,0,Y
PW800210,칠곡대백맨션24,대구광역시 북구 관음로 24,35.932612976,128.54151902,5,5,0,Y
PW800222,태왕아너스리버파크입주자대표회의,대구광역시 동구 공항로54길 51,35.891957623,128.63954076,3,3,0,Y
PW800242,테크노폴리스 화성파크드림 입주자대표회의,대구광역시 달성군 유가읍 테크노북로 165,35.6981095,128.4613017,16,16,0,Y
PW800286,동대구우방아이유쉘 입주자대표회의24,대구광역시 동구 송라로32길 32,35.8805508,128.617245,12,12,0,Y
PW800287,태왕그린힐즈관리사무소,대구광역시 동구 파계로 46,35.9401496,128.6396045,12,12,0,Y
PW800290,센트로팰리스입주자대표회의,대구광역시 중구 대봉로 260,35.8615273,128.6007459,26,26,0,Y
PW800330,복현 건영아파트 입주자대표회의,대구광역시 북구 검단로 28,35.900062,128.6174982,9,9,0,Y
PW800400,세광그린맨션24,대구광역시 달서구 진천로7길 47,35.8105722,128.5227577,2,2,0,Y
PW800403,팔공2차보성타운24,대구광역시 동구 팔공로101길 55,35.9400914,128.6423505,3,3,0,Y
PW800405,태왕아너스스카이 입주자대표회의24,대구광역시 중구 달구벌대로 1975,35.8654117,128.5792375,13,13,0,Y
PW800427,대우트럼프월드수성 입주자대표회의24,대구광역시 수성구 동대구로 59,35.8358474,128.6225479,17,17,0,Y
PW800480,대구동호상록아파트24,대구광역시 동구 동호로 47,35.8651768,128.721814,6,6,0,Y
PW800555,대구역노르웨이숲아파트 입주자대표회의24,대구광역시 북구 칠성남로26길 11,35.877201641,128.59285515,9,9,0,Y
PW800558,이시아폴리스더샵4차 입주자대표회의,대구광역시 동구 팔공로53길 40,35.926425056,128.63636004,21,21,0,Y
PW800572,대덕맨션2차대표회의,대구광역시 남구 앞산순환로 655,35.834094137,128.59381033,11,11,0,Y
PW800585,칠곡롯데아파트 입주자 대표회의24,대구광역시 북구 구암로 12,35.9331692,128.5424576,11,11,0,Y
PW800598,안심역코오롱하늘채 입주자대표회의24,대구광역시 동구 금강로21길 30,35.866614295,128.73313427,10,10,0,Y
PW800610,월배삼정그린코아포레스트입주자대표회의(추가),대구광역시 달서구 조암남로32길 40,35.819384218,128.51497051,24,24,0,Y
PW800620,시지한신휴플러스 입주자대표회의24,대구광역시 수성구 달구벌대로669길 50,35.837940351,128.72227124,16,16,0,Y
PW800640,팔공보성1차 입주자대표회의24,대구광역시 동구 팔공로 489,35.941527028,128.64475400,15,15,0,Y
PW800641,본리롯데캐슬입주자대표회의24,대구광역시 달서구 대명천로 101,35.839027314,128.54719062,14,14,0,Y
PW800660,수목원풍경그린24,대구광역시 달서구 갈밭남로 64,35.8015485,128.5351326,9,9,0,Y
PW800669,동서변월드메르디앙입주자대표회의,대구광역시 북구 서변로 26,35.9188058,128.5972329,14,14,0,Y
PW800689,서대구센트럴자이아파트,대구광역시 서구 고성로 33,35.886333347,128.57253602,20,20,0,Y
PW800745,칠곡청구타운24,대구광역시 북구 학정로 271,35.9286749,128.5588535,2,2,0,Y
PW800746,복현명문세가2단지관리사무소24,대구광역시 북구 복현로 50,35.897524554,128.62473805,3,3,0,Y
PW800747,월배역라온프라이빗 입주자대표회의,대구광역시 달서구 월배로33길 53,35.817466859,128.52882956,3,3,0,Y
PW800748,월성코오롱하늘채2단지 입주자대표회의,대구광역시 달서구 조암남로16길 20,35.822327170,128.52330146,11,11,0,Y
PW800749,호반베르디움더클래스 아파트입주자대표회의,대구광역시 달성군 유가읍 테크노대로5길 80,35.695569388,128.46909522,25,25,0,Y
PW800750,성서주공5단지아파트입주자대표회의24,대구광역시 달서구 선원남로 181,35.857344648,128.52058732,17,17,0,Y
PW800755,칠곡코스모스한양아파트,대구광역시 북구 구암로21길 6,35.932753768,128.55282019,13,13,0,Y
PW800782,수성태영데시앙 입주자대표회의,대구광역시 수성구 들안로 360,35.861277389,128.61947243,16,16,0,Y
PW800785,대구국가산단 반도유보라아이비파크30 입주자대표회의(SPT),대구광역시 달성군 구지면 국가산단북로34길 10,35.6622669,128.4085708,9,9,0,Y
PW800802,칠성동 삼성아파트 입주자대표회의(SP),대구광역시 북구 호암로 40,35.881902949,128.59378189,3,3,0,Y
PW800921,수성태영데시앙 입주자대표회의(SP),대구광역시 수성구 들안로 360,35.861277389,128.61947243,10,10,0,Y
PW800956,롬바드아파트관리사무소24,대구광역시 수성구 들안로 325,35.858956912,128.61671919,5,5,0,Y
PW801040,동대구우방아이유쉘입주자대표회의(SP),대구광역시 동구 송라로32길 32,35.880550788,128.61724504,3,3,0,Y
PW801047,이천주공1단지아파트(SP),대구광역시 남구 명덕로68길 77,35.852129127,128.60587667,6,6,0,Y
PW801051,서대구센트럴자이아파트(SP),대구광역시 서구 고성로 33,35.886333347,128.57253602,20,20,0,Y
PW801089,신화빌라트 입주자대표회의(T),대구광역시 수성구 달구벌대로650길 29,35.835580064,128.70996601,6,6,0,Y
PW801097,월드마크웨스트엔드입주자대표회의25(T),대구광역시 달서구 와룡로 169,35.8487323,128.5363891,30,30,0,Y
PW801098,대실역리슈빌3단지입주자대표회의(SPT),대구광역시 달성군 다사읍 대실역남로 33,35.854429034,128.46662756,10,10,0,Y
PW801099,협성휴포레 이시아폴리스 입주자대표회의(T),대구광역시 동구 팔공로 260,35.922860163,128.64177964,18,18,0,Y
PW801105,이천주공1단지입주자대표회의(T),대구광역시 남구 명덕로68길 77,35.852129127,128.60587667,3,3,0,Y
PW801106,대구국가산단반도유보라아이비파크30입주자대표회의(T),대구광역시 달성군 구지면 국가산단북로34길 10,35.662266943,128.40857080,3,3,0,Y
PW801141,재단법인대구디지털혁신진흥원(T),대구광역시 동구 동대구로 469,35.872142054,128.62483137,2,2,0,Y
PW801190,대한예수교장로회 대한제일교회(SP),대구광역시 달성군 현풍읍 현풍동로22길 29,35.701790978,128.45096359,4,4,0,Y
PW801191,동인삼정그린코아 관리사무소(SP),대구광역시 중구 동덕로30길 53,35.867222850,128.60654157,10,10,0,Y
PW801196,수목원호정포레스트(T),대구광역시 달서구 갈밭남로 17,35.7992559,128.5305488,24,24,0,Y
PW801215,송현제림입주자대표회의25(T),대구광역시 달서구 구마로52안길 57,35.8341166,128.5508042,5,5,0,Y
PW801250,유니버시아드레포츠센터(T),대구광역시 북구 호국로57길 6,35.927999084,128.59794787,5,5,0,Y
PW801304,동우씨엠(주)/대구연경LH천년나무2단지25(T),대구광역시 동구 연경지묘로 153,35.9472345,128.6277654,9,9,0,Y
PW801353,태전남영네오하이츠 관리사무소(SP),대구광역시 북구 칠곡중앙대로46길 15,35.917700816,128.54895072,6,6,0,Y
PW801429,힐스테이트만촌역 입주자대표회의,대구광역시 수성구 달구벌대로 2567,35.860160295,128.64457230,53,53,0,Y
PW801539,대구역센트럴자이 입주자대표회의(SPB),대구광역시 중구 서성로 99,35.875443162,128.58753230,3,3,0,Y
PW801566,더펜트하우스수성입주자대표회의(SPB),대구광역시 수성구 파동로26길 26,35.819516888,128.61846705,5,5,0,Y
PWE00129,대우트럼프월드수성아파트,대구광역시 수성구 동대구로 59,35.83585,128.62255,2,2,0,Y
PWE00145,삼덕청아람리슈빌아파트,대구광역시 중구 달구벌대로447길 77,35.866382084,128.60648773,18,18,0,Y
PWE00153,대구다사e편한세상아파트,대구광역시 달성군 다사읍 다사역로 60,35.86873,128.45644,12,12,0,Y
PWE00471,시지대성유니드아파트,대구광역시 수성구 달구벌대로669길 80,35.83896,128.72028,8,8,0,Y
PWE00593,범어역우방유쉘아파트,대구광역시 수성구 동대구로 345,35.86202,128.62567,13,13,0,Y
PWE00794,월성e편한세상,대구광역시 달서구 조암남로 10,35.82465,128.52911,3,3,0,Y
PWE00804,본리롯데캐슬2차아파트,대구광역시 달서구 대명천로 119,35.83911,128.54554,14,14,0,Y
PWE00827,본리롯데캐슬1차아파트,대구광역시 달서구 대명천로 101,35.83903,128.54719,16,16,0,Y
PWE01064,시지한신휴플러스,대구광역시 수성구 달구벌대로669길 50,35.83794,128.72227,7,7,0,Y
PWE01193,성서삼성명가타운,대구광역시 달서구 호산로 125,35.85022,128.47368,54,54,0,Y
PWE01234,메트로팔레스5단지,대구광역시 수성구 동원로 100,35.86841,128.63918,3,3,0,Y
PWE01250,강북2차화성파크드림와이드,대구광역시 북구 태전로3길 24,35.92155,128.54305,3,3,0,Y
PWE01301,이시아폴리스더샵3차아파트,대구광역시 동구 팔공로51길 10,35.92359,128.63595,99,99,0,Y
PWE01302,수성못코오롱하늘채,대구광역시 수성구 파동로 222,35.82378,128.61114,3,3,0,Y
PWE01307,월성협성휴포레아파트,대구광역시 달서구 조암로10길 11,35.82429,128.52195,3,3,0,Y
PWE01326,복현명문세가2단지,대구광역시 북구 복현로 50,35.89753,128.62474,3,3,0,Y
PWE01334,율하휴먼시아11단지,대구광역시 동구 율하동로 19,35.86163,128.69877,15,15,0,Y
PWE01374,대곡강산타운,대구광역시 달서구 도원로 45,35.80544,128.53589,36,36,0,Y
PWE01415,수성대백인터빌아파트,대구광역시 수성구 수성로69길 14,35.85616,128.61345,3,3,0,Y
PWE01533,메트로팔레스1단지,대구광역시 수성구 동원로 135,35.86918,128.63347,29,29,0,Y
PWE01546,복현명문세가1단지,대구광역시 북구 복현로 71,35.89850,128.62245,12,12,0,Y
PWE01607,이시아폴리스더샵4차아파트,대구광역시 동구 팔공로53길 40,35.92642,128.63636,53,53,0,Y
PWE01744,대구테크노폴리스남해오네뜨2차아파트,대구광역시 달성군 유가읍 테크노대로5길 57,35.69489,128.46440,45,45,0,Y
PWE01953,산격대우아파트,대구광역시 북구 동북로 163,35.89891,128.61252,2,2,0,Y
PWE02028,극동스타클래스남산,대구광역시 중구 남산로 30,35.85926,128.58337,45,45,0,Y
PWE02137,대곡역래미안아파트,대구광역시 달성군 화원읍 비슬로539길 35,35.81245,128.50687,15,15,0,Y
PWE02149,수성1차이편한세상,대구광역시 수성구 들안로73길 50-7,35.86456,128.61488,3,3,0,Y
PWE02156,명곡미래빌4단지,대구광역시 달성군 화원읍 화암로 120,35.79761,128.49851,20,20,0,Y
PWE02170,태왕그린힐즈,대구광역시 동구 파계로 46,35.94015,128.63961,3,3,0,Y
PWE02242,센트로팰리스오피스텔,대구광역시 중구 대봉로 260,35.86154,128.60075,5,5,0,Y
PWE02243,센트로팰리스아파트,대구광역시 중구 대봉로 260,35.86154,128.60075,32,32,0,Y
PWE02386,신서롯데캐슬레전드,대구광역시 동구 안심로73길 22,35.87134,128.72559,3,3,0,Y
PWE02391,두산위브더제니스,대구광역시 수성구 달구벌대로 2435,35.86099,128.62827,71,71,0,Y
PWE02448,평화타운아파트,대구광역시 달서구 성서동로 350,35.85114,128.51644,5,5,0,Y
PWE02462,월성코오롱하늘채2단지아파트,대구광역시 달서구 조암남로16길 20,35.82231,128.52344,3,3,0,Y
PWE02546,월드마크웨스트엔드아파트,대구광역시 달서구 와룡로 169,35.84873,128.53639,99,99,0,Y
PWE02568,동대구반도유보라,대구광역시 동구 송라로16길 11,35.875692829,128.61774761,77,77,0,Y
PWE02670,월성서한이다음,대구광역시 달서구 학산로 15,35.82694,128.53028,19,19,0,Y
PWE02787,시지효성백년가약2단지,대구광역시 수성구 달구벌대로 3280-1,35.83574,128.71387,13,13,0,Y
PWE02855,계명대학교,대구광역시 달서구 달구벌대로 1095,35.85355,128.48149,40,40,0,Y
PWE02875,화원이진캐스빌아파트,대구광역시 달성군 화원읍 비슬로 2545,35.80392,128.49503,12,12,0,Y
PWE02920,태전우방타운1차,대구광역시 북구 매천로 220,35.91567,128.54300,4,4,0,Y
PWE02945,범어월드메르디앙웨스턴카운티아파트,대구광역시 수성구 범어천로 200,35.86368,128.62063,16,16,0,Y
PWE02950,유림노르웨이아침아파트,대구광역시 달서구 구마로 97,35.83783,128.53837,3,3,0,Y
PWE02978,진흥더블파크아파트,대구광역시 달성군 다사읍 서재로24길 29,35.87297,128.50072,3,3,0,Y
PWE03164,팔공2차보성타운,대구광역시 동구 팔공로101길 55,35.94009,128.64235,29,29,0,Y
PWE03322,대봉태왕아너스아파트,대구광역시 중구 동덕로 55,35.85992,128.60393,8,8,0,Y
PWE03516,매천센트럴파크아파트,대구광역시 북구 매전로4길 9,35.90835,128.54422,3,3,0,Y
PWE03650,월배역라온프라이빗,대구광역시 달서구 월배로33길 53,35.817466859,128.52882956,3,3,0,Y
PWE03691,월배쌍용예가아파트,대구광역시 달서구 조암남로32길 13,35.81794,128.51531,18,18,0,Y
PWE04113,죽곡삼정그린코아더베스트아파트,대구광역시 달성군 다사읍 다사로 50,35.8643964,128.4602647,22,22,0,Y
PWE04136,수목원서한이다음,대구광역시 달서구 한실로6길 123,35.796644,128.5294716,18,18,0,Y
PWE04370,범어화성파크리젠시아파트,대구광역시 수성구 동대구로 337,35.860632483,128.62560686,3,3,0,Y
PWE04504,안심역코오롱하늘채,대구광역시 동구 금강로21길 30,35.866615654,128.73313374,20,20,0,Y
PWE04623,시지대백맨션,대구광역시 수성구 달구벌대로625길 22,35.843906118,128.70017151,8,8,0,Y
PWE04647,이안동대구아파트,대구광역시 동구 송라로28길 14,35.878984316,128.61591459,47,47,0,Y
PWE04806,테크노폴리스진아리채,대구광역시 달성군 유가읍 테크노대로5길 79,35.695477603,128.46583951,5,5,0,Y
PWE05030,침산한라스카이빌,대구광역시 북구 침산로22길 5,35.885916516,128.59130364,2,2,0,Y
PWE05205,롯데캐슬오페라,대구광역시 북구 침산남로 160,35.886990496,128.59257481,12,12,0,Y
PWE05213,시지두레타운아파트,대구광역시 수성구 천을로 131,35.844676154,128.70568817,7,7,0,Y
PWE05262,범어skview아파트2단지,대구광역시 수성구 범어로 73,35.8563288,128.6345065,7,7,0,Y
PWE05263,범어skview아파트1단지,대구광역시 수성구 범어로 75,35.8563288,128.6345065,2,2,0,Y
PWE05636,연경금성백조예미지숲속의아침아파트,대구광역시 북구 연경중앙로 11,35.943420134,128.61525662,5,5,0,Y
PWE05809,국가산단반도유보라아이비파크20아파트,대구광역시 달성군 구지면 국가산단북로60길 59,35.65805543,128.42107498,3,3,0,Y
PWE05999,대구혁신도시서한이다음3차아파트,대구광역시 동구 혁신대로 443,35.875144168,128.74548301,16,16,0,Y
PWE06103,시지하나타운아파트,대구광역시 수성구 고산로 123,35.843539247,128.70525299,8,8,0,Y
PWE06186,대구오페라트루엘시민의숲아파트,대구광역시 북구 고성북로 34,35.883170363,128.58412093,14,14,0,Y
PWE06216,침산동코오롱하늘채2단지아파트,대구광역시 북구 중앙대로 591,35.8856611,128.5951943,30,30,0,Y
PWE06239,침산현대아파트,대구광역시 북구 침산로 163,35.890476834,128.5898407,11,11,0,Y
PWE06240,대구두산위브더제니스상가,대구광역시 수성구 달구벌대로 2435,35.86098924,128.62826799,13,13,0,Y
PWE06270,명성푸르지오아파트,대구광역시 북구 침산로 153,35.8889875,128.5897437,4,4,0,Y
PWE06354,보성청록타운아파트,대구광역시 남구 큰골길 200,35.8347786,128.5853223,4,4,0,Y
PWE06573,시지반도유보라아파트,대구광역시 수성구 욱수천로 87,35.835781227,128.71190663,3,3,0,Y
PWE06593,동대구우방아이유쉘아파트,대구광역시 동구 송라로32길 32,35.880555140,128.61725642,17,17,0,Y
PWE06658,대구수성골드클래스아파트,대구광역시 수성구 수성로 185,35.842905024,128.61113252,3,3,0,Y
PWE06751,태전대백맨션,대구광역시 북구 관음로 18,35.931891770,128.54040476,2,2,0,Y
PWE06792,서희스타힐스테이아파트,대구광역시 북구 내곡로 90,35.900970296,128.51377030,20,20,0,Y
PWE06835,이안센트럴D아파트,대구광역시 동구 동대구로 577,35.880852498,128.62355543,79,79,0,Y
PWE06930,만촌역서한포레스트아파트,대구광역시 수성구 달구벌대로 2606,35.857873745,128.64743982,16,16,0,Y
PWE06931,만촌역서한포레스트오피스텔,대구광역시 수성구 달구벌대로 2606,35.857873745,128.64743982,32,32,0,Y
PWE06932,안심역삼정그린코아더베스트아파트,대구광역시 동구 반야월북로 355,35.873661186,128.73729905,5,5,0,Y
RE000154,대구 유니클로,대구광역시 동구 신서로 11,35.869,128.723,3,3,0,Y
RE000180,포산고등학교,대구광역시 달성군 현풍읍 비슬로 556-13,35.691,128.448,2,2,0,Y
RE000181,대구고등학교,대구광역시 남구 중앙대로 171,35.849,128.589,2,2,0,Y
S1100006,동서변월드메르디앙,대구광역시 북구 서변로 26,35.918805847,128.59723291,5,5,0,Y
S1100007,태왕아너스월성,대구광역시 달서구 조암남로 24,35.822944614,128.52891692,5,5,0,Y
SBSB0019,대구기계부품연구원점,대구광역시 달서구 성서공단로11길 32,35.838141,128.489931,1,0,1,N
SBSB0029,대구정밀가공기술지원센터점,대구광역시 달성군 구지면 국가산단대로52길 24-49,35.653870,128.420714,1,1,0,Y
SBSB0054,스마트에코시티점,대구광역시 수성구 알파시티1로32길 2,35.837018,128.683002,2,0,2,N
SF000068,뉴에버빌 (두류동),대구광역시 달서구 두류공원로50길 112,35.857845,128.564789,1,0,1,N
SF000126,한국야스카와전기,대구광역시 달성군 다사읍 세천로7길 33,35.876433,128.470691,1,0,1,N
SF000128,범어센트럴푸르지오,대구광역시 수성구 상록로 15,35.860927,128.623306,75,0,75,N
SF000231,신성미소시티아파트,대구광역시 중구 달구벌대로 2051,35.866858,128.588522,8,0,8,N
SF000232,금호서희스타힐스테이 아파트,대구광역시 북구 내곡로 90,35.900464,128.514246,8,0,8,N
SF000234,국가산단서한이다음 아파트,대구광역시 달성군 현풍읍 국가산단대로70길 41,35.657513,128.418407,74,0,74,N
SF000235,국가산단 반도유보라 아이비파크,대구광역시 달성군 구지면 과학마을로3길 14,35.65714,128.419858,30,0,30,N
SF000238,대구 연경숲 아파트,대구광역시 북구 연경중앙로 55,35.925911855,128.59777834,16,0,16,N
SF000246,수성월드 메르디앙,대구광역시 수성구 노변로 55,35.836391834,128.69940418,10,0,10,N
SF000247,동화로즈빌,대구광역시 달서구 죽전1길 82,35.853181343,128.53913802,9,0,9,N
SF000248,우방연합타운,대구광역시 달성군 논공읍 논공중앙로22길 36,35.723669942,128.44906176,5,0,5,N
SF000279,오페라 트루엘 시민의 숲,대구광역시 북구 고성북로 34,35.882859465,128.58408946,8,0,8,N
SF000280,수목원제일풍경채,대구광역시 달서구 갈밭남로 12,35.804641983,128.51906829,67,0,67,N
SF000281,이시아 폴리스 더샵 1차 아파트,대구광역시 동구 팔공로53길 10,35.944670199,128.67162343,22,0,22,N
SF000282,용산1차 서한 화성타운,대구광역시 달서구 장산로 10,35.854849575,128.52963596,4,0,4,N
SF000283,현대 썬앤빌 대구,대구광역시 달성군 다사읍 세천로 182-10,35.872708115,128.47563057,12,0,12,N
SF000323,옥포 르상트레빌,대구광역시 달성군 옥포읍 금계길 12,35.785026,128.448164,2,0,2,N
SF000324,대곡 수목원 풍경 그린 아파트,대구광역시 달서구 갈밭남로 64,35.804637,128.519048,11,0,11,N
SF000325,팔공3차보성타운,대구광역시 동구 파계로 71,35.940548372,128.63566442,1,0,1,N
SF000326,북죽곡 엠코 타운 더 솔레뉴,대구광역시 달성군 다사읍 세천로 160,35.873366,128.478458,20,0,20,N
SF000584,상인보성맨션 지하주차장,대구광역시 달서구 상인서로 75,35.816324,128.541421,9,0,9,N
SF000609,대구역 서희스타힐스,대구광역시 북구 칠성남로 101,35.879425,128.591514,41,0,41,N
SF000610,두성타운 1차 아파트,대구광역시 북구 태전로7길 10-17,35.923488,128.54292,3,0,3,N
SF000611,센트럴파크 대현,대구광역시 북구 대현남로6길 20,35.880059,128.608497,67,0,67,N
SF000637,대실역리슈빌4단지,대구광역시 달성군 다사읍 대실역남로 35,35.85415,128.465445,13,0,13,N
SF000795,수성아이파크,대구광역시 수성구 파동로22길 15,35.813278783,128.61802566,8,0,8,N
SF000799,제림햇빛촌,대구광역시 동구 공항로52길 28,35.893109356,128.63920459,4,0,4,N
SF000844,진천코오롱하늘채,대구광역시 달서구 상화로 65,35.808275141,128.52092209,15,0,15,N
SF000848,칠곡건영아파트,대구광역시 북구 구암로32길 15,35.929598952,128.55760602,8,0,8,N
SF000859,진천태왕아너스1단지,대구광역시 달서구 상화로5길 23,35.810147430,128.51746856,4,0,4,N
SF000871,우방신천지타운,대구광역시 수성구 청호로46길 16,35.838305861,128.64284764,4,0,4,N
SF000878,지산영남맨션,대구광역시 수성구 지산로 31,35.824255149,128.63152572,6,0,6,N
SF000895,동서무학맨션,대구광역시 수성구 지산로14길 83,35.826606168,128.63830611,8,0,8,N
SF000921,범물신화멘션,대구광역시 수성구 지범로40길 6,35.818837465,128.63951796,4,0,4,N
SF000926,이천뜨란채4단지,대구광역시 남구 대봉로26길 37,35.850949566,128.60613015,4,0,4,N
SF000955,범어 삼환 나우빌,대구광역시 수성구 범어천로 197,35.862679578,128.62051368,4,0,4,N
SF000966,금사리 하이빌아파트,대구광역시 동구 해동로 254,35.883326428,128.65558937,2,0,2,N
SF000977,복현우방타운,대구광역시 북구 공항로 84,35.899292673,128.62425841,6,0,6,N
SF000979,칠곡한신1차아파트,대구광역시 북구 관음로 50,35.9344505,128.5421428,8,0,8,N
SF001002,씨네시티한일,대구광역시 중구 동성로 39,35.870489711,128.59537694,4,0,4,N
SF001077,신서퀸덤아파트,대구광역시 동구 신서로 72,35.874500701,128.72602302,4,0,4,N
SF001082,청구전원타운,대구광역시 수성구 시지로 45,35.840266158,128.69618192,20,0,20,N
SF001094,신용보증기금 (본점),대구광역시 동구 첨단로 7,35.877286845,128.72871955,6,0,6,N
SF001110,e편한세상 남산,대구광역시 중구 달구벌대로 2020,35.865188655,128.58456588,22,0,22,N
SF001155,대현 e편한세상,대구광역시 북구 대현로10길 82,35.882084536,128.60296879,20,0,20,N
SF001284,이천뜨란채3단지,대구광역시 남구 대봉로26길 38,35.849402188,128.60567346,4,0,4,N
SF001285,달서유림 노르웨이숲,대구광역시 달서구 와룡로 67,35.838795140,128.53622362,23,0,23,N
SF001849,기아 대구 드라이빙센터,대구광역시 수성구 동대구로 405,35.866651270,128.62628025,4,0,4,N
SF001858,헤센더테라스,대구광역시 수성구 청수로24길 59,35.837267974,128.62142400,16,16,0,Y
SF002144,보스턴1 (저압수용가),대구광역시 동구 경안로 790-38,35.872531454,128.71561000,1,0,1,N
SF002213,대구 달성군 현풍읍 현풍중앙로14길 71,대구광역시 달성군 현풍읍 현풍중앙로14길 71,35.694568849,128.44899081,1,0,1,N
SF002258,신용보증기금 (대구지점),대구광역시 중구 경상감영길 221,35.8718238,128.5995626,3,0,3,N
SF002260,신용보증기금 (대구 본점) (완속충전기),대구광역시 동구 첨단로 7,35.877286845,128.72871955,2,0,2,N
SF002354,대구수성헤센더테라스 (완속충전기),대구광역시 수성구 청수로24길 59,35.837267974,128.62142400,2,0,2,N
SF002410,칠곡코스모스한양아파트,대구광역시 북구 구암로21길 6,35.932753768,128.55282019,10,0,10,N
SF002471,대구 달서구 성서공단북로43길 40,대구광역시 달서구 성서공단북로43길 40,35.848351245,128.49634741,1,0,1,N
SF002547,방송통신대학교 대구경북지역 (신관) (완속충전기),대구광역시 달서구 선원로 21,35.859786520,128.49483994,1,0,1,N
SF002583,달서유림 노르웨이숲 (완속충전기),대구광역시 달서구 와룡로 67,35.8387951,128.5362236,4,0,4,N
SF002605,동화로즈빌 (완속충전기),대구광역시 달서구 죽전1길 82,35.8526235,128.5392563,4,0,4,N
SF002637,상인대성스카이렉스,대구광역시 달서구 월배로 183,35.818277800,128.53255211,30,0,30,N
SF002638,범어센트럴푸르지오 (오피스텔),대구광역시 수성구 상록로 15,35.861119888,128.62303625,6,0,6,N
SF002642,범어화성파크리젠시,대구광역시 수성구 동대구로 337,35.860631317,128.62560651,18,0,18,N
SF002643,노원보성타운,대구광역시 북구 오봉로3길 47,35.890181501,128.57370527,12,0,12,N
SF002645,삼우그린타운,대구광역시 북구 매천로8길 35,35.900054368,128.54632050,12,0,12,N
SF002646,대구혁신도시 서한 이다음,대구광역시 동구 이노밸리로29길 56,35.884984079,128.71428594,44,0,44,N
SF002746,범어서한포레스트,대구광역시 수성구 동대구로 346,35.8612424,128.6272058,35,0,35,N
SF002795,만촌우방팔레스 (완속충전기),대구광역시 수성구 청수로 551,35.8524206,128.6580814,3,0,3,N
SF002822,동대구해모로스퀘어웨스트 아파트,대구광역시 동구 동북로 340,35.889237592,128.62737542,16,0,16,N
SF002913,빌리브범어 (완속충전기),대구광역시 수성구 청호로 418,35.853345448,128.63906636,6,0,6,N
SF002922,범어서한포레스트 (완속충전기),대구광역시 수성구 동대구로 346,35.861218788,128.62720906,5,0,5,N
SF002932,대구역센트럴자이 (완속충전기),대구광역시 중구 서성로 99,35.875443162,128.58753230,4,0,4,N
SF002945,호산고등학교 (완속충전기),대구광역시 달서구 달서대로109길 86,35.849057295,128.48180711,2,0,2,N
SF002969,한국건강관리협회 대구지부 (완속충전기),대구광역시 동구 장등로 16,35.868790230,128.62353479,2,0,2,N
SF003012,대실역리슈빌4단지 (완속충전기),대구광역시 달성군 다사읍 대실역남로 35,35.8543149,128.464885,12,0,12,N
SF003044,대구성서산업단지관리공단 환경관리본부 (완속충전기),대구광역시 달서구 달서대로 232,35.821971782,128.49407680,3,3,0,Y
SF003055,방촌청구타운 (완속충전기),대구광역시 동구 화랑로73길 36,35.879387516,128.66282030,3,0,3,N
SF003065,경북고등학교 (완속충전기),대구광역시 수성구 청호로 300,35.845014828,128.63943213,4,0,4,N
SF003075,동서무학맨션 (완속충전기),대구광역시 수성구 지산로14길 83,35.826606168,128.63830611,5,0,5,N
SF003159,성광고등학교 (완속충전기),대구광역시 북구 검단로 150,35.907699528,128.62483820,2,0,2,N
SF003166,아모레퍼시픽 대구지역사업부 (완속충전기),대구광역시 동구 동대구로 412,35.867351096,128.62725817,2,2,0,Y
SF003187,대구과학대학교 (완속충전기),대구광역시 북구 영송로 47,35.929229060,128.54279851,18,0,18,N
SF003193,테크노폴리스 중흥S클래스포디움 (완속충전기),대구광역시 달성군 유가읍 테크노순환로 423,35.698303738,128.46852847,39,0,39,N
SF003194,테크노폴리스 중흥S클래스포디움,대구광역시 달성군 유가읍 테크노순환로 423,35.698303738,128.46852847,33,0,33,N
SF003198,칠곡경북대학교병원 (완속충전기),대구광역시 북구 호국로 807,35.956058976,128.56522334,5,0,5,N
SF003234,대구과학대학교 생활관 (완속충전기),대구광역시 북구 태전로 109,35.929119135,128.53977282,1,0,1,N
SF003268,이에스 (완속충전기),대구광역시 동구 팔공로29길 55,35.9128276,128.6352,2,0,2,N
SF003317,대구무역회관 (완속충전기),대구광역시 동구 동대구로 489,35.874208512,128.62482043,1,0,1,N
SF003479,코스트코 평택점 (완속충전기),대구광역시 동구 첨단로 10,37.035859184,127.06927919,6,6,0,Y
SGSOC004,동대구역 부띠크시티 옆 쏘카존,대구광역시 동구 동부로26길 18,35.874225390,128.62768675,1,1,0,Y
SO000081,대구상례원,대구광역시 북구 호국로 133,35.91375877,128.59841488,10,0,10,N
ST271101,허니문모텔,대구광역시 중구 달성로21길 21,35.874925,128.58139,1,1,0,Y
ST271102,히로텔모텔(투숙객 전용),대구광역시 중구 국채보상로 657-12,35.870012,128.603037,1,1,0,Y
ST271103,한국장학재단 대구센터,대구광역시 중구 명륜로23길 89,35.863906,128.594834,1,0,1,N
ST271104,보성황실타운 입주자대표회의-5(입주민 전용),대구광역시 중구 남산로13길 17,35.861676,128.58138,1,0,1,N
ST271105,보성황실타운 입주자대표회의-4(입주민 전용),대구광역시 중구 남산로13길 17,35.861676,128.58138,1,0,1,N
ST271106,보성황실타운 입주자대표회의-3(입주민 전용),대구광역시 중구 남산로13길 17,35.861676,128.58138,1,0,1,N
ST271107,보성황실타운 입주자대표회의-2(입주민 전용),대구광역시 중구 남산로13길 17,35.861676,128.58138,1,0,1,N
ST271108,보성황실타운 입주자대표회의-1(입주민 전용),대구광역시 중구 남산로13길 17,35.861676,128.58138,1,0,1,N
ST271109,동인시티타운(입주민 전용),대구광역시 중구 국채보상로131길 55,35.8728,128.601981,3,0,3,N
ST271110,대백프라자,대구광역시 중구 명덕로 333,35.8557447,128.6063978,6,6,0,Y
ST271401,이마트 반야월점,대구광역시 동구 안심로 389-2,35.869789,128.727483,6,6,0,Y
ST271404,대동택시(운수사 전용),대구광역시 동구 안심로65길 13,35.868103,128.719741,2,2,0,Y
ST271405,율하역엘크루 입주자대표회의-1(입주민 전용),대구광역시 동구 안심로7길 7,35.871835,128.691844,3,0,3,N
ST271406,율하역엘크루 입주자대표회의-2(입주민 전용),대구광역시 동구 안심로7길 7,35.871835,128.691844,1,0,1,N
ST271407,보성강남타운-1(입주민 전용),대구광역시 동구 화랑로88길 30,35.874719,128.669411,1,1,0,Y
ST271408,보성강남타운-2(입주민 전용),대구광역시 동구 화랑로88길 30,35.874719,128.669411,1,0,1,N
ST271409,e편한세상세계육상선수촌2단지 입주자대표회의(입주민 전용),대구광역시 동구 안심로16길 71,35.861738,128.692845,1,1,0,Y
ST271704,대구달성고등학교,대구광역시 서구 달구벌대로 1725,35.8568616,128.5539931,2,0,2,N
ST271705,비원노인복지관,대구광역시 서구 서대구로 268,35.8816414,128.5557167,1,1,0,Y
ST271706,칸타빌평리1(입주민전용),대구광역시 서구 서대구로 152-1,35.871570282,128.55532487,2,2,0,Y
ST271707,칸타빌평리2(입주민전용),대구광역시 서구 서대구로 152-1,35.871570282,128.5553248,2,2,0,Y
ST271708,이마트 T 비산점,대구광역시 서구 팔달로 54,35.889904631,128.55596251,6,0,6,N
ST271709,코레일 서대구역,대구광역시 서구 달서천로 66,35.882159,128.539977,2,0,2,N
ST272303,칠곡동서영남타운 관리사무소-3(입주민 전용),대구광역시 북구 구암로 180,35.930047,128.559511,1,1,0,Y
ST272304,칠곡동서영남타운 관리사무소-2(입주민 전용),대구광역시 북구 구암로 180,35.930047,128.559511,2,2,0,Y
ST272305,칠곡동서영남타운 관리사무소-1(입주민 전용),대구광역시 북구 구암로 180,35.930047,128.559511,2,2,0,Y
ST272306,롯데칠성 남대구지점,대구광역시 북구 노원로 69,35.8946906,128.5690001,1,1,0,Y
ST272307,기아 대구강북지점,대구광역시 북구 칠곡중앙대로 238,35.9171851,128.548754,2,2,0,Y
ST272308,대구종합유통단지 전기재료관,대구광역시 북구 유통단지로 38,35.905735391,128.60726965,5,5,0,Y
ST272309,한국도로공사 대구경북본부,대구광역시 북구 관음로 61-26,35.934957,128.538405,3,3,0,Y
ST272310,이마트 칠성점,대구광역시 북구 침산로 93,35.8852256,128.5897898,10,0,10,N
ST272602,기아 시지지점,대구광역시 수성구 달구벌대로 3162,35.841052,128.7024605,1,1,0,Y
ST272603,현대자동차 시지지점,대구광역시 수성구 달구벌대로 3164,35.8410438,128.7028198,1,1,0,Y
ST272604,수성동양엘레브 입주자대표회의(입주민 전용),대구광역시 수성구 명덕로73길 40,35.856562,128.6110107,3,3,0,Y
ST272605,현대블루핸즈 남부자동차정비공장(시지현대),대구광역시 수성구 욱수천로 90-17,35.8344596,128.7125057,1,1,0,Y
ST272606,이마트 만촌점,대구광역시 수성구 동원로 136,35.8711598,128.6371913,4,0,4,N
ST272607,삼성스토어 동대구,대구광역시 수성구 황금동 567-5,35.8402438,128.6247861,1,1,0,Y
ST272902,기아오토큐 남대구종합서비스,대구광역시 달서구 성서공단로54길 8,35.835071,128.511323,1,1,0,Y
ST272903,대곡삼성래미안2차아파트 입주자대표회의-1(입주민 전용),대구광역시 달서구 상화로 86,35.807021,128.523741,2,2,0,Y
ST272905,대곡삼성래미안2차아파트 입주자대표회의-2(입주민 전용),대구광역시 달서구 상화로 86,35.807021,128.523741,3,3,0,Y
ST272908,대곡우방타운 입주자대표회의(입주민 전용),대구광역시 달서구 비슬로538길 22,35.806947,128.509254,5,5,0,Y
ST272913,용산2차서한화성타운-3(입주민 전용),대구광역시 달서구 용산큰못길 30,35.86023,128.528507,2,0,2,N
ST272914,용산2차서한화성타운-1(입주민 전용),대구광역시 달서구 용산큰못길 30,35.86023,128.528508,2,0,2,N
ST272915,용산파크타운 입주자대표회의-1(입주민 전용),대구광역시 달서구 용산로 259,35.860726,128.528949,1,0,1,N
ST272916,용산파크타운 입주자대표회의-2(입주민 전용),대구광역시 달서구 용산로 259,35.860726,128.528949,1,0,1,N
ST272917,용산파크타운 입주자대표회의-3(입주민 전용),대구광역시 달서구 용산로 259,35.860726,128.528949,3,0,3,N
ST272918,용산2차서한화성타운-2(입주민 전용),대구광역시 달서구 용산큰못길 30,35.8602297,128.5285079,1,0,1,N
ST272919,이마트 대구물류센터,대구광역시 달서구 성서공단북로 104,35.8442614,128.484197,1,1,0,Y
ST272920,이마트 성서점,대구광역시 달서구 이곡동로 24,35.8533319,128.5101703,4,0,4,N
ST272921,대구재활센터,대구광역시 달서구 성서공단북로 124,35.844195279,128.4861926,1,1,0,Y
ST272922,상인역신일해피트리(입주자전용),대구광역시 달서구 월서로 31,35.820210912,128.53160010,19,19,0,Y
ST272923,대구지방조달청,대구광역시 달서구 이곡공원로 54,35.8544855,128.513488,2,2,0,Y
ST272924,이마트 월배점,대구광역시 달서구 진천로 92,35.8171856,128.5236551,8,0,8,N
ST272925,삼성스토어 서대구,대구광역시 달서구 달구벌대로 1652,35.853397,128.547205,2,2,0,Y
ST277103,달성화성파크드림 입주자대표회의(입주민 전용),대구광역시 달성군 구지면 과학마을로2길 6,35.655473,128.415894,2,0,2,N
ST277104,화원한샘타운 입주자대표회의-2(입주민 전용),대구광역시 달성군 화원읍 사문진로6길 17,35.804394,128.491976,2,2,0,Y
ST277105,화원한샘타운 입주자대표회의-1(입주민 전용),대구광역시 달성군 화원읍 사문진로6길 17,35.804394,128.491976,3,3,0,Y
ST277106,대구국가산단반도유보라아이비파크30(입주자 전용),대구광역시 달성군 구지면 국가산단북로34길 10,35.6629202,128.409586,15,15,0,Y
ST277107,경일아파트(입주민 전용),대구광역시 달성군 논공읍 논공로9길 39,35.7310409,128.4396945,4,4,0,Y
ST277108,달성군종합사회복지관,대구광역시 달성군 논공읍 논공로 697-9,35.730295392,128.45167008,1,1,0,Y
ST277109,현대자동차 대구용산 대리점,대구광역시 달성군 다사읍 세천로 265,35.8707562,128.4867814,2,0,2,N
ST277201,㈜민속엘피씨,대구광역시 군위군 군위읍 오곡리 341-1,36.263889764,128.57262896,5,5,0,Y
ST277202,한국도로공사 군위지사,대구광역시 군위군 군위읍 무성리 655-1,36.198053,128.563271,3,3,0,Y
ST477201,군위군노인복지관,대구광역시 군위군 군위읍 군청로 98-6,36.232196,128.5704949,1,1,0,Y
ST477203,군위휴게소 (부산),대구광역시 군위군 군위읍 경북대로 4084,36.266553601,128.57503554,3,3,0,Y
ST600116,기아 황금지점(임직원 전용),대구광역시 수성구 청수로 60,35.8402219,128.6147838,1,1,0,Y
ST600163,기아 학정대리점(임직원 전용),대구광역시 북구 학정로 535-1,35.9525826,128.5651196,2,2,0,Y
ST600274,골프왕 골프존파크,대구광역시 달성군 옥포읍 비슬로453길 29,35.791900899,128.46717158,3,0,3,N
ST600283,두류파크KCC스위첸,대구광역시 달서구 파도고개로 70,35.8539903,128.5713853,30,0,30,N
ST600286,성서대백창신한라타운,대구광역시 달서구 성서서로 316,35.8523895,128.5004199,10,0,10,N
ST600288,서한강변타운1차아파트,대구광역시 동구 동촌로54길 13,35.8788117,128.6680365,5,0,5,N
ST600300,앞산힐스테이트,대구광역시 남구 대덕로 166,35.8406465,128.6019909,9,0,9,N
ST600335,코레일 동대구역(제1주차장),대구광역시 동구 신암동 296-2,35.8794361,128.6287755,3,0,3,N
ST600336,코레일 동대구역(제2주차장),대구광역시 동구 동대구로 550,35.8794361,128.6287755,5,5,0,Y
ST600372,서대구영무예다음,대구광역시 서구 당산로 446,35.876255030,128.54730347,55,55,0,Y
ST600399,삼국유사군위휴게소 (상주),대구광역시 군위군 부계면 치산효령로 989-23,36.079330672,128.69730751,6,6,0,Y
ST600400,군위영천휴게소 (영천),대구광역시 군위군 산성면 치산효령로 865-43,36.0708186,128.7077762,6,6,0,Y
ST600425,기아 대구강북지점(임직원 전용),대구광역시 북구 칠곡중앙대로 238,35.917185,128.548754,3,3,0,Y
ST600537,달서아이꿈센터,대구광역시 달서구 와룡로51길 25,35.855360926,128.53563474,3,3,0,Y
ST600550,효경재가노인돌봄센터,대구광역시 달성군 구지면 창한로 567,35.648317586,128.45462112,3,3,0,Y
ST600649,강동어르신행복센터(노인복지관),대구광역시 동구 안심로 190,35.8657979,128.7059099,3,0,3,N
ST600663,학산보호작업장,대구광역시 달성군 옥포읍 비슬로 447길 20,35.7911126,128.4661158,3,0,3,N
ST600791,냉천개발(주),대구광역시 달성군 가창면 가창로 1037-9,35.7966215,128.6245205,3,0,3,N
ST600793,금호신도시서한이다음,대구광역시 북구 한강로 17,35.897381009,128.51210454,7,7,0,Y
ST600794,성서삼성명가타운 입주자대표회의,대구광역시 달서구 호산로 125,35.8502376,128.473679,44,0,44,N
ST600801,(주)에이더블유호텔,대구광역시 달서구 성서로 413,35.8544438,128.5067042,3,0,3,N
ST601045,월배역포스코더샵입대의,대구광역시 달서구 월서로 51,35.8185502,128.528804,16,16,0,Y
ST601062,파라다이스웨딩컨벤션,대구광역시 달서구 구마로 52,35.8368669,128.5332109,6,6,0,Y
ST601097,(의)강의료재단,대구광역시 북구 노원로 70,35.893732514,128.56994213,2,2,0,Y
ST601138,성서동서화성타운,대구광역시 달서구 이곡공원로 33,35.855485,128.5119385,21,21,0,Y
ST601139,대구교육대학교,"대구광역시 남구 대명동 1797-6, 8",35.8522222,128.5893044,5,0,5,N
ST601140,열경의료재단허병원,대구광역시 달서구 학산로 121,35.8,128.53,4,4,0,Y
ST601225,해바라기주유소(대구),대구 북구 대현로 81,35.8831140,128.6080686,2,2,0,Y
ST601235,수목원주유소,대구 달서구 상화로 99,35.8083978,128.5245634,2,2,0,Y
ST601236,칠곡IC주유소,대구 북구 관음동 1230-2,35.9430067,128.5420158,2,2,0,Y
ST601237,맘모스주유소,대구 북구 동북로 21,35.9018020,128.5960810,2,2,0,Y
ST601240,SK에너지(주) 거산,대구 북구 호국로 303,35.9289742,128.5984069,2,2,0,Y
ST601259,합천주유소,대구 서구 염색공단천로 78,35.8897208,128.5450790,2,2,0,Y
ST601269,SK에너지 중앙2주유소,대구 수성구 화랑로 138,35.8741152,128.6416429,2,2,0,Y
ST601337,대구섬유박물관,대구광역시 동구 팔공로 227,35.9189713,128.6401006,9,9,0,Y
ST601352,대구소방학교,대구광역시 동구 각산동 1116-1,35.8867405,128.708799,2,2,0,Y
ST601395,대구동부소방서,대구광역시 동구 매여로 76,35.887407807,128.70790705,4,4,0,Y
ST601440,HD현대오일뱅크 대구현대주유소,대구광역시 북구 유통단지로13길 38,35.910208341,128.60754457,1,1,0,Y
ST601738,성서4주공아파트(입주민 전용),대구 달서구 성서동로 355-27,35.8513979,128.5129280,5,5,0,Y
ST601839,더샵수성오클레어아파트(입주민 전용),대구광역시 수성구 희망로19길 29,35.8490901,128.6087397,8,0,8,N
TDP00004,홍성블루핀,대구광역시 달성군 다사읍 왕선로1길 20,35.862410097,128.46339000,4,4,0,Y
TDP00005,대동 대구공장,대구광역시 달성군 논공읍 논공중앙로34길 35,35.73022681,128.4557775,8,8,0,Y
TDP00009,교보생명 동성로사옥,대구광역시 중구 국채보상로 586,35.870594,128.594818,2,0,2,N
TDP00010,대구창조캠퍼스,대구광역시 북구 호암로 51,35.883686,128.595975,15,15,0,Y
TDP00011,송해공원골프클럽,대구광역시 달성군 옥포읍 옥포로 607,37.746194,128.487712,3,3,0,Y
TS271101,대구빌리브프리미어,대구광역시 중구 공평로 6,35.864607,128.60017,8,8,0,Y
TS271102,천주교 대구대교구청,대구광역시 중구 남산로4길 112,35.860751,128.587184,6,6,0,Y
TS271401,중앙교육연수원,대구광역시 동구 첨단로 80,35.884666,128.733101,3,3,0,Y
TS271402,청구고등학교,대구광역시 동구 국채보상로 827,35.868361,128.619950,2,2,0,Y
TS271403,프렌즈 스크린 제일공항점,대구광역시 동구 해동로 29,35.895221,128.638118,1,0,1,N
TS271404,대구신암청아람아파트,대구광역시 동구 신암로20길 39,35.878943,128.612698,6,6,0,Y
TS271405,불로동 청호아파트,대구광역시 동구 팔공로25길 46,35.91132691,128.6357894,3,3,0,Y
TS271406,신천동 동아아파트,대구광역시 동구 화랑로11길 66,35.874210,128.630568,2,2,0,Y
TS271407,태왕아너스리버파크2차,대구광역시 동구 공항로54길 60,35.891926,128.638697,3,3,0,Y
TS271701,서대구복합지식산업센터,대구광역시 서구 와룡로90길 41,35.871709,128.543348,3,3,0,Y
TS271702,서대구역센텀화성파크드림,대구광역시 서구 문화로 150,35.873615,128.548832,35,35,0,Y
TS271703,대구서대구영무예다음,대구광역시 서구 당산로 446,35.875756,128.548054,30,30,0,Y
TS272001,앞산힐스테이트,대구광역시 남구 대덕로 166,35.840197,128.602034,7,7,0,Y
TS272002,강변효성백년가약,대구광역시 남구 봉덕로 135,35.845175,128.605029,15,15,0,Y
TS272301,배성의료재단,대구광역시 북구 검단로 140,35.908025,128.621892,2,2,0,Y
TS272302,대구화성센트럴파크,대구광역시 북구 대천로 100,35.935177,128.560561,15,15,0,Y
TS272303,대구역오페라W아파트,대구광역시 북구 칠성남로 50,35.878831,128.585665,31,31,0,Y
TS272304,대구역오페라W오피스텔,대구광역시 북구 칠성남로 50,35.878866,128.585665,5,5,0,Y
TS272305,청암타운,대구광역시 북구 관음동로 128,35.9441336,128.5476477,3,3,0,Y
TS272306,대구공작한양아파트,대구광역시 북구 구암로21길 38,35.935774,128.553786,10,10,0,Y
TS272307,산격에덴3차아파트,대구광역시 북구 동북로37길 58-17,35.903043,128.611333,2,2,0,Y
TS272308,대구서희스타힐스데이,대구광역시 북구 내곡로 90,35.9009703,128.5137703,8,8,0,Y
TS272309,대구칠곡에덴타운,대구광역시 북구 구암로22길 14,35.931252,128.550907,7,7,0,Y
TS272602,대구시지하나타운,대구광역시 수성구 고산로 123,35.842892,128.704765,6,6,0,Y
TS272603,두산위브더제니스,대구광역시 수성구 달구벌대로 2435,35.860401,128.628909,30,30,0,Y
TS272604,만촌1차우방타운,대구광역시 수성구 교학로11길 46,35.849409,128.654695,28,28,0,Y
TS272605,수성센트럴화성파크드림,대구광역시 수성구 수성로 180,35.841303,128.612983,13,13,0,Y
TS272606,대구만촌3차화성파크드림,대구광역시 수성구 교학로 13,35.853761,128.653097,11,11,0,Y
TS272607,고산역화성파크드림,대구광역시 수성구 달구벌대로 3122,35.841898,128.69823,7,7,0,Y
TS272608,호텔수성 옥상주차장,대구광역시 수성구 용학로 106-7,35.824232,128.619432,1,1,0,Y
TS272902,비지니스 골프클럽,대구광역시 달서구 새방로7길 12,35.862643,128.521631,2,2,0,Y
TS272903,대구본리롯데캐슬2차,대구광역시 달서구 대명천로 119,35.838675,128.545908,19,19,0,Y
TS272904,월배역포스코더샵,대구광역시 달서구 월서로 51,35.818588,128.529434,10,10,0,Y
TS272905,대구대곡사계절타운,대구광역시 달서구 한실로 117,35.808287,128.538424,6,6,0,Y
TS272906,대구월배2차귀빈타운,대구광역시 달서구 월배로32안길 66,35.813368,128.529036,10,10,0,Y
TS272907,대구동백맨션,대구광역시 달서구 월배로32안길 35,35.814016,128.53082,4,4,0,Y
TS277101,대구명곡미래빌3단지,대구광역시 달성군 화원읍 명곡로 30,35.797022,128.495744,4,4,0,Y
TS277102,대구 천내우방타운,대구광역시 달성군 화원읍 화원로 26,35.8071203,128.5008602,3,3,0,Y
TS277103,대구죽곡삼정그린코아더베스트,대구광역시 달성군 다사읍 다사로 50,35.8643459,128.4603528,3,3,0,Y
TS472920,대경사과원예농협,대구광역시 동구 동부로 207,35.879431,128.634375,4,4,0,Y
UN000145,대구역제일풍경채위너스카이 아파트,대구광역시 중구 달성로26길 70,35.8750648,128.5861724,31,0,31,N
UN000154,대구역제일풍경채위너스카이 오피스텔,대구광역시 중구 달성로26길 70,35.8750648,128.5861724,5,0,5,N
UN000167,대구 해오름요양원(11kW),대구광역시 수성구 파동로51길 96,35.8221927,128.6089726,2,0,2,N
UN000180,대구 서길 통학로 52길 42-3(7kW),대구광역시 서구 통학로52길 42-3,35.8839325,128.5675781,1,0,1,N
UP491145,대구 태전역더뉴클래스2차,대구광역시 북구 칠곡중앙대로 225,35.9160629,128.5478555,1,0,1,N
VTE00004,브라운스톤 범어오피스텔,대구광역시 수성구 동대구로 354,35.861619,128.628041,7,0,7,N
YC100007,대구세강병원,대구광역시 달서구 구마로 220,35.8367640,128.5516919,8,8,0,Y
YC100008,모빌리티기술혁신센터,대구광역시 달성군 유가읍 테크노순환로 356,35.6947236,128.4708551,2,2,0,Y
YC100012,제일사,대구광역시 서구 염색공단로 20,35.8886608,128.5536738,3,0,3,N
YC100015,올인워크,대구광역시 동구 동부로30길 102-3,35.8678595,128.6295641,4,4,0,Y
YC100016,KB차차차 동대구,대구광역시 동구 안심로59길 36,35.8694388,128.7188089,2,2,0,Y
