statId,statNm,addr,lat,lng,chgerId,chgerType,output,useTime,busiNm,parkingFree,delYn,fetchedAt,lat_f,lng_f,dist_m,complex_id,complex_name,cohort
SF000068,뉴에버빌 (두류동),대구광역시 달서구 두류공원로50길 112,35.857845,128.564789,01,02,3,09:00~18:00,(주)스타코프,N,N,2026-07-25T20:38:50+09:00,35.857845,128.564789,137.8435580891283,APT2025-01,두류역서한포레스트,2025
KP000643,두류보성맨션 아파트,대구광역시 달서구 두류동 두류6길 9,35.8572985718,128.5661655046,02,02,7,,한국전력,Y,N,2026-07-25T20:38:50+09:00,35.8572985718,128.5661655046,143.23110521715316,APT2025-01,두류역서한포레스트,2025
PL031986,대구 달서구 두류보성맨션,대구 달서구 두류6길 9,35.8572996,128.5661712,02,02,7,24시간 이용가능,플러그링크,N,N,2026-07-25T20:38:50+09:00,35.8572996,128.5661712,143.72541332679964,APT2025-01,두류역서한포레스트,2025
PC001247,이월드(대구),대구광역시 달서구 두류공원로 200,35.854855416,128.56482099,03,02,7,24시간 이용가능,아이파킹,N,N,2026-07-25T20:38:50+09:00,35.854855416,128.56482099,194.62316388824328,APT2025-01,두류역서한포레스트,2025
PI530306,대구시 달서구 리베라빌라,대구광역시 달서구 두류공원로50길 113-18,35.8587824,128.5646295,01,02,7,24시간 이용가능,차지비,Y,N,2026-07-25T20:38:50+09:00,35.8587824,128.5646295,242.68298940094525,APT2025-01,두류역서한포레스트,2025
CV003121,대구시_두류 12동 행정복지센터,대구광역시 달서구 두류길 141-8,35.857779,128.567275,01,02,7,24시간 이용가능,채비,Y,N,2026-07-25T20:38:50+09:00,35.857779,128.567275,256.4070276226262,APT2025-01,두류역서한포레스트,2025
CV001130,제봉뜰 두류봉제 지식산업센터,대구광역시 달서구 두류남9길 17,35.85663283,128.56848005,02,06,50,09:00~18:00(운영시간 내 이용가능),채비,N,N,2026-07-25T20:38:50+09:00,35.85663283,128.56848005,329.35064084430303,APT2025-01,두류역서한포레스트,2025
NT101674,대구 현대해상사옥,대구광역시 달서구 달구벌대로 1790,35.85855,128.56079,02,02,7,24시간 이용가능,한국전자금융,N,N,2026-07-25T20:38:50+09:00,35.85855,128.56079,423.1061548982604,APT2025-01,두류역서한포레스트,2025
KP002174,홈플러스 내당점,대구광역시 서구 달구벌대로 1821,35.8603220891,128.5637319974,01,06,,,한국전력,Y,N,2026-07-25T20:38:50+09:00,35.8603220891,128.5637319974,424.83548531572575,APT2025-01,두류역서한포레스트,2025
ME20C182,두류1·2동1공영주차장,대구광역시 달서구 두류동 1252-4,35.855857,128.569531,01,04,100,24시간 이용가능,기후에너지환경부,Y,N,2026-07-25T20:38:50+09:00,35.855857,128.569531,432.1473510414421,APT2025-01,두류역서한포레스트,2025
PW015041,(주)달구벌종합수산축산(웨딩비엔나)(SP),대구광역시 달서구 달구벌대로 1846,35.860266567,128.56687925,04,02,7,24시간 이용가능,파워큐브(SP),Y,N,2026-07-25T20:38:50+09:00,35.860266567,128.56687925,447.16338685626215,APT2025-01,두류역서한포레스트,2025
EZ100674,서광종합건설,대구광역시 달서구 두류공원로 242,35.8553271,128.5598353,01,02,7,24시간 이용가능,차지인,N,N,2026-07-25T20:38:50+09:00,35.8553271,128.5598353,471.68476721371894,APT2025-01,두류역서한포레스트,2025
PL031519,대구 한화생명 내당동사옥,대구 서구 달구벌대로 1833,35.8609,128.5653336,00,02,7,24시간 이용가능,플러그링크,N,N,2026-07-25T20:38:50+09:00,35.8609,128.5653336,479.6931015762999,APT2025-01,두류역서한포레스트,2025
PI530293,BMW차징스테이션 서대구전시장 by한독모터스,대구광역시 서구 달구벌대로 1841,35.8608743,128.5657178,02,04,100,24시간 이용가능,GS차지비,Y,N,2026-07-25T20:38:50+09:00,35.8608743,128.5657178,481.4072100533687,APT2025-01,두류역서한포레스트,2025
PW012453,삼도더펜트하우스수성입주자대표회의,대구광역시 수성구 파동로26길 26,35.819516835,128.6184509,01,02,7,24시간 이용가능,파워큐브,Y,N,2026-07-25T20:38:50+09:00,35.819516835,128.6184509,215.80342105966616,APT2025-02,수성포레스트스위첸,2025
PW801566,더펜트하우스수성입주자대표회의(SPB),대구광역시 수성구 파동로26길 26,35.819516888,128.61846705,03,02,7,24시간 이용가능,파워큐브(SP),Y,N,2026-07-25T20:38:50+09:00,35.819516888,128.61846705,217.0046411109444,APT2025-02,수성포레스트스위첸,2025
EZ001447,더펜트하우스,대구광역시 수성구 파동로26길 26,35.8198337,128.6185492,01,02,7,24시간 이용가능,차지인,N,N,2026-07-25T20:38:50+09:00,35.8198337,128.6185492,244.34418270263,APT2025-02,수성포레스트스위첸,2025
HM000763,우방대자연1차,대구광역시 수성구 파동로 120,35.8142248,128.6159837,04,02,7,24시간 이용가능,휴맥스이브이,N,N,2026-07-25T20:38:50+09:00,35.8142248,128.6159837,467.592729029943,APT2025-02,수성포레스트스위첸,2025
PL031622,대구 화성파크드림이스트밸리,대구 동구 송라로10길 34,35.8715037,128.622714,06,02,7,24시간 이용가능,플러그링크,N,N,2026-07-25T20:38:50+09:00,35.8715037,128.622714,143.85052898773063,APT2025-03,더센트럴화성파크드림,2025
IN053041,신천청아람아파트,대구광역시 동구 송라로14길 132,35.8741,128.6221,09,02,7,24시간 이용가능,신세계아이앤씨,N,Y,2026-07-25T20:38:50+09:00,35.8741,128.6221,172.12316868770105,APT2025-03,더센트럴화성파크드림,2025
PIS00563,대구 동구 신천청아람아파트,대구광역시 동구 송라로14길 132,35.8741,128.6221,01,02,7,24시간 이용가능,GS차지비,Y,N,2026-07-25T20:38:50+09:00,35.8741,128.6221,172.12316868770105,APT2025-03,더센트럴화성파크드림,2025
LU101282,동대구역센트럴시티자이,대구광역시 동구 송라로10길 33,35.8734967,128.6237186,11,02,7,24시간 이용가능,LG유플러스볼트업,Y,N,2026-07-25T20:38:50+09:00,35.8734967,128.6237186,200.4797952912946,APT2025-03,더센트럴화성파크드림,2025
PIH01792,대구 동구 벽산이솔렌스힐아파트,대구광역시 동구 장등로 56,35.8724153,128.6242287,05,02,7,24시간 이용가능,GS차지비,N,N,2026-07-25T20:38:50+09:00,35.8724153,128.6242287,218.6119228612451,APT2025-03,더센트럴화성파크드림,2025
CV000952,동대구벤처밸리 기업성장지원센터,대구광역시 동구 동대구로 465,35.872167,128.62477,01,06,50,09:00~18:00,채비,Y,N,2026-07-25T20:38:50+09:00,35.872167,128.62477,270.4460677517292,APT2025-03,더센트럴화성파크드림,2025
CV001396,대구테크노파크 대구벤처센터,대구광역시 동구 동대구로 475,35.872833,128.624825,01,02,7,24시간 이용가능,채비,Y,N,2026-07-25T20:38:50+09:00,35.872833,128.624825,273.23181001149874,APT2025-03,더센트럴화성파크드림,2025
PW801141,재단법인대구디지털혁신진흥원(T),대구광역시 동구 동대구로 469,35.872142054,128.62483137,02,02,7,24시간 이용가능,파워큐브코리아,Y,N,2026-07-25T20:38:50+09:00,35.872142054,128.62483137,276.3649574356557,APT2025-03,더센트럴화성파크드림,2025
CV003131,대구시_대구테크노파크 동대구캠퍼스 2동,대구광역시 동구 동대구로 481,35.87325,128.624797,01,02,7,24시간 이용가능,채비,Y,N,2026-07-25T20:38:50+09:00,35.87325,128.624797,279.55837107904443,APT2025-03,더센트럴화성파크드림,2025
CV002169,대구스케일업허브,대구광역시 동구 동대구로 465,35.871777,128.624853,01,02,7,24시간 이용가능,채비,N,N,2026-07-25T20:38:50+09:00,35.871777,128.624853,288.01701440390497,APT2025-03,더센트럴화성파크드림,2025
CV002196,대구경북디자인진흥원,대구광역시 동구 동대구로 461,35.871416,128.624825,03,04,100,24시간 이용가능,채비,N,N,2026-07-25T20:38:50+09:00,35.871416,128.624825,300.4454468533154,APT2025-03,더센트럴화성파크드림,2025
SF003317,대구무역회관 (완속충전기),대구광역시 동구 동대구로 489,35.874208512,128.62482043,00,02,7,09:00~18:00,(주)스타코프,N,N,2026-07-25T20:38:50+09:00,35.874208512,128.62482043,326.75724159782425,APT2025-03,더센트럴화성파크드림,2025
EV006712,대구동구 대구무역회관,대구광역시 동구 동대구로 489,35.874208512,128.62482043,02,02,7,24시간 이용가능,에버온,Y,N,2026-07-25T20:38:50+09:00,35.874208512,128.62482043,326.75724159782425,APT2025-03,더센트럴화성파크드림,2025
CV003071,대구시_대구상공회의소,대구광역시 동구 동대구로 457,35.871083,128.624964,01,06,50,24시간 이용가능,채비,N,N,2026-07-25T20:38:50+09:00,35.871083,128.624964,328.7908675018587,APT2025-03,더센트럴화성파크드림,2025
PL033196,동대구삼환나우빌,대구 동구 동부로 81,35.8757736,128.6210968,01,02,7,24시간 이용가능,플러그링크,N,N,2026-07-25T20:38:50+09:00,35.8757736,128.6210968,361.9737844185946,APT2025-03,더센트럴화성파크드림,2025
PL031999,대구 북구 동대구유성푸르나임아파트,대구 동구 동부로22길 48,35.872502,128.6260826,00,02,7,24시간 이용가능,플러그링크,N,N,2026-07-25T20:38:50+09:00,35.872502,128.6260826,385.0515893808993,APT2025-03,더센트럴화성파크드림,2025
KP000666,동대구유성푸르나임 아파트,대구광역시 동구 신천동 동부로22길 48,35.8724363153,128.6262200222,01,06,50,,한국전력,Y,N,2026-07-25T20:38:50+09:00,35.8724363153,128.6262200222,397.6377148495222,APT2025-03,더센트럴화성파크드림,2025
PI722554,신천휴먼시아6단지아파트,대구광역시 동구 송라로11길 39,35.870912318,128.61729013,10,02,7,24시간 이용가능,GS차지비,Y,N,2026-07-25T20:38:50+09:00,35.870912318,128.61729013,447.032266142141,APT2025-03,더센트럴화성파크드림,2025
SF002969,한국건강관리협회 대구지부 (완속충전기),대구광역시 동구 장등로 16,35.86879023,128.62353479,01,02,11,09:00~18:00,(주)스타코프,N,N,2026-07-25T20:38:50+09:00,35.86879023,128.62353479,448.1050710412483,APT2025-03,더센트럴화성파크드림,2025
LU101181,신천두산위브,대구광역시 동구 국채보상로 829,35.8685525,128.6222365,09,02,7,24시간 이용가능,LG유플러스볼트업,Y,N,2026-07-25T20:38:50+09:00,35.8685525,128.6222365,448.37557791923746,APT2025-03,더센트럴화성파크드림,2025
HY000753,현대아울렛 대구점,대구광역시 동구 동대구로 454,35.870779,128.626281,11,02,7,10:30 ~ 21:00,현대엔지니어링,N,N,2026-07-25T20:38:50+09:00,35.870779,128.626281,449.3946872928854,APT2025-03,더센트럴화성파크드림,2025
PI708859,신천두산위브B,대구광역시 동구 국채보상로 829,35.868524806,128.62193026,01,02,7,08:00~20:00,GS차지비,Y,N,2026-07-25T20:38:50+09:00,35.868524806,128.62193026,449.9355567736973,APT2025-03,더센트럴화성파크드림,2025
HY001691,대구 신천휴먼시아6단지,대구광역시 동구 송라로11길 39,35.870891,128.617188,03,02,7,24시간 이용가능,현대엔지니어링,Y,N,2026-07-25T20:38:50+09:00,35.870891,128.617188,456.39634555089725,APT2025-03,더센트럴화성파크드림,2025
HM000519,동대구반도유보라,대구광역시 동구 송라로16길 11,35.875528732,128.61795627,12,02,7,24시간 이용가능,HUMAX EV,N,N,2026-07-25T20:38:50+09:00,35.875528732,128.61795627,478.33701583420435,APT2025-03,더센트럴화성파크드림,2025
CV002401,동대구역더샵센터시티아파트,대구광역시 동구 동부로19길 18,35.876749,128.623464,01,02,7,24시간 이용가능,채비,Y,N,2026-07-25T20:38:50+09:00,35.876749,128.623464,487.9959851619896,APT2025-03,더센트럴화성파크드림,2025
PI000239,대구시 동부소방서,대구광역시 동구 동대구로 507,35.8759858474,128.6252252194,01,02,7,24시간 이용가능,GS차지비,,N,2026-07-25T20:38:50+09:00,35.8759858474,128.6252252194,488.83220777741525,APT2025-03,더센트럴화성파크드림,2025
TS271402,청구고등학교,대구광역시 동구 국채보상로 827,35.868361,128.61995,01,02,7,24시간 이용가능,주식회사 태성콘텍,Y,N,2026-07-25T20:38:50+09:00,35.868361,128.61995,497.1228057584935,APT2025-03,더센트럴화성파크드림,2025
LU100103,대구구병원,대구광역시 달서구 감삼북길 141,35.850682,128.541383,02,02,7,24시간 이용가능,LG유플러스볼트업,Y,N,2026-07-25T20:38:50+09:00,35.850682,128.541383,240.98795426600458,APT2025-04,이안엑소디움에이펙스,2025
CV001529,빌리브스카이아파트,대구광역시 달서구 와룡로 186,35.849141,128.53825,01,02,7,24시간 이용가능(외부인출입불가),채비,N,N,2026-07-25T20:38:50+09:00,35.849141,128.53825,249.07869205881974,APT2025-04,이안엑소디움에이펙스,2025
PL033046,빌리브 스카이 주상복합,대구광역시 달서구 와룡로 186,35.8497392,128.5380927,00,02,7,24시간 이용가능,플러그링크,N,N,2026-07-25T20:38:50+09:00,35.8497392,128.5380927,286.7841297266677,APT2025-04,이안엑소디움에이펙스,2025
EZ001798,대구광역시교육연수원 본원,대구광역시 달서구 당산로 121,35.8481763,128.544184,02,02,7,24시간 이용가능,(주)차지인,Y,N,2026-07-25T20:38:50+09:00,35.8481763,128.544184,297.52692480039195,APT2025-04,이안엑소디움에이펙스,2025
CV000799,아우디_서대구 전시장(코오롱아우토),대구광역시 달서구 와룡로 170,35.847781,128.537639,01,04,150,09:00~18:00,채비,Y,N,2026-07-25T20:38:50+09:00,35.847781,128.537639,307.34731091263416,APT2025-04,이안엑소디움에이펙스,2025
PI794362,대구 달서구 빌리브죽전,대구광역시 달서구 달구벌대로 1581,35.8514336,128.5396172,02,02,7,24시간 이용가능,GS차지비,Y,N,2026-07-25T20:38:50+09:00,35.8514336,128.5396172,341.4988311786443,APT2025-04,이안엑소디움에이펙스,2025
HY001776,대구 동화로즈빌,대구광역시 달서구 죽전1길 82,35.84964,128.5372,03,02,7,24시간 이용가능,현대엔지니어링,N,N,2026-07-25T20:38:50+09:00,35.84964,128.5372,356.1639143725594,APT2025-04,이안엑소디움에이펙스,2025
HD000070,대구 서부 오토스퀘어 E-pit,대구광역시 달서구 달구벌대로 1599,35.8520778,128.5413128,01,04,200,24시간 이용가능,현대자동차,Y,N,2026-07-25T20:38:50+09:00,35.8520778,128.5413128,394.107850849729,APT2025-04,이안엑소디움에이펙스,2025
KP000645,월드마크웨스트엔드 아파트,대구광역시 달서구 감삼동 와룡로 169,35.8487328275,128.5363908546,04,02,7,,한국전력,Y,N,2026-07-25T20:38:50+09:00,35.8487328275,128.5363908546,408.2819087397884,APT2025-04,이안엑소디움에이펙스,2025
PWE02546,월드마크웨스트엔드아파트,대구광역시 달서구 와룡로 169,35.84873,128.53639,66,02,3,24시간 이용가능,파워큐브,Y,N,2026-07-25T20:38:50+09:00,35.84873,128.53639,408.34315902481535,APT2025-04,이안엑소디움에이펙스,2025
PW801097,월드마크웨스트엔드입주자대표회의25(T),대구광역시 달서구 와룡로 169,35.8487323,128.5363891,21,02,7,24시간 이용가능,파워큐브코리아,Y,N,2026-07-25T20:38:50+09:00,35.8487323,128.5363891,408.4369098280813,APT2025-04,이안엑소디움에이펙스,2025
HM001647,월드마크웨스트엔드상가,대구광역시 달서구 와룡로 169,35.8487323,128.5363891,04,02,7,24시간 이용가능,휴맥스이브이,Y,N,2026-07-25T20:38:50+09:00,35.8487323,128.5363891,408.4369098280813,APT2025-04,이안엑소디움에이펙스,2025
HM001533,월드마크웨스트엔드,대구광역시 달서구 와룡로 169,35.848732309,128.53638907,01,02,7,24시간 이용가능,휴맥스이브이,Y,N,2026-07-25T20:38:50+09:00,35.848732309,128.53638907,408.4396604931675,APT2025-04,이안엑소디움에이펙스,2025
PW014759,월드마크웨스트엔드입주자대표회의,대구광역시 달서구 와룡로 169,35.848732309,128.53638907,05,02,7,24시간 이용가능,파워큐브,Y,N,2026-07-25T20:38:50+09:00,35.848732309,128.53638907,408.4396604931675,APT2025-04,이안엑소디움에이펙스,2025
PW100764,월드마크웨스트엔드,대구광역시 달서구 와룡로 169,35.848732309,128.53638907,01,02,7,24시간 이용가능,파워큐브코리아,Y,N,2026-07-25T20:38:50+09:00,35.848732309,128.53638907,408.4396604931675,APT2025-04,이안엑소디움에이펙스,2025
PL031985,대구 달서구 죽전역인터불고라비다,대구 달서구 와룡로 148,35.8458545,128.5377,00,02,7,24시간 이용가능,플러그링크,N,N,2026-07-25T20:38:50+09:00,35.8458545,128.5377,416.75644691066515,APT2025-04,이안엑소디움에이펙스,2025
PI802108,성당코오롱하늘채아파트,대구광역시 달서구 장기로 160,35.844377,128.5419372,08,02,7,24시간 이용가능,GS차지비,Y,N,2026-07-25T20:38:50+09:00,35.844377,128.5419372,472.8787174994887,APT2025-04,이안엑소디움에이펙스,2025
SF002605,동화로즈빌 (완속충전기),대구광역시 달서구 죽전1길 82,35.8526235,128.5392563,00,02,11,09:00~18:00,스타코프(주)스타코프,N,N,2026-07-25T20:38:50+09:00,35.8526235,128.5392563,477.1756083825083,APT2025-04,이안엑소디움에이펙스,2025
PI700396,칠곡e편한세상,대구광역시 북구 칠곡중앙대로 598,35.948891,128.553639,01,02,7,09시~22시,GS차지비,Y,N,2026-07-25T20:38:50+09:00,35.948891,128.553639,158.43724689231644,APT2025-05,화성파크드림구수산공원,2025
EV003987,칠곡e편한세상,대구광역시 북구 칠곡중앙대로 598,35.949567138,128.55337618,08,02,7,24시간 이용가능,에버온,Y,N,2026-07-25T20:38:50+09:00,35.949567138,128.55337618,196.22208304170388,APT2025-05,화성파크드림구수산공원,2025
KE000709,대구SD아이프라임강북103동,대구광역시 북구 칠곡중앙대로125길 7,35.9502922,128.5513526,06,02,7,24시간 이용가능,한국전기차인프라기술,Y,N,2026-07-25T20:38:50+09:00,35.9502922,128.5513526,256.0123725061577,APT2025-05,화성파크드림구수산공원,2025
ME20C286,읍내동 행정복지센터,대구광역시 북구 읍내동 660-2,35.946211,128.550539,21,04,200,24시간 이용가능,기후에너지환경부,Y,N,2026-07-25T20:38:50+09:00,35.946211,128.550539,256.06618968718266,APT2025-05,화성파크드림구수산공원,2025
CV001732,칠곡우방타운아파트,대구광역시 북구 칠곡중앙대로115길 24,35.9477922,128.5491439,04,02,7,24시간 이용가능,채비,Y,N,2026-07-25T20:38:50+09:00,35.9477922,128.5491439,275.59084027311235,APT2025-05,화성파크드림구수산공원,2025
HY000508,대구 칠곡한서타운,대구광역시 북구 동암로7길 39,35.948887,128.5552953,02,02,7,24시간 이용가능,현대엔지니어링,Y,N,2026-07-25T20:38:50+09:00,35.948887,128.5552953,293.8196853818544,APT2025-05,화성파크드림구수산공원,2025
KE001089,대구북구SD아이프라임강북B1-01,대구광역시 북구 칠곡중앙대로125길 7,35.9509709,128.5519915,02,02,7,24시간 이용가능,한국전기차인프라기술(주),N,N,2026-07-25T20:38:50+09:00,35.9509709,128.5519915,320.7836945459483,APT2025-05,화성파크드림구수산공원,2025
KE000230,대구SD아이프라임강북102동,대구광역시 북구 칠곡중앙대로125길 7,35.9509709,128.5519915,02,02,7,24시간 이용가능,한국전기차인프라기술,Y,N,2026-07-25T20:38:50+09:00,35.9509709,128.5519915,320.7836945459483,APT2025-05,화성파크드림구수산공원,2025
KE001090,대구북구SD아이프라임강북B1-02,대구광역시 북구 칠곡중앙대로125길 7,35.9509709,128.5519915,01,02,7,24시간 이용가능,한국전기차인프라기술(주),N,N,2026-07-25T20:38:50+09:00,35.9509709,128.5519915,320.7836945459483,APT2025-05,화성파크드림구수산공원,2025
HY000509,대구 칠곡한서타운,대구광역시 북구 동암로7길 39,35.9485025,128.5557588,01,02,7,24시간 이용가능,현대엔지니어링,Y,N,2026-07-25T20:38:50+09:00,35.9485025,128.5557588,325.1153355108751,APT2025-05,화성파크드림구수산공원,2025
HY000507,대구 칠곡한서타운,대구광역시 북구 동암로7길 39,35.9490674,128.5556313,02,02,7,24시간 이용가능,현대엔지니어링,Y,N,2026-07-25T20:38:50+09:00,35.9490674,128.5556313,328.85839189015417,APT2025-05,화성파크드림구수산공원,2025
KP001594,sd아이프라임강북,대구광역시 북구 읍내동 칠곡중앙대로125길 7,35.9513690611,128.5518573185,01,06,50,,한국전력,Y,N,2026-07-25T20:38:50+09:00,35.9513690611,128.5518573185,365.77091857768204,APT2025-05,화성파크드림구수산공원,2025
EV011762,대구북구 칠곡3차보성타운 4,대구광역시 북구 칠곡중앙대로126길 7-12,35.951026867,128.55442881,03,02,7,24시간 이용가능,에버온,Y,N,2026-07-25T20:38:50+09:00,35.951026867,128.55442881,384.0455478475199,APT2025-05,화성파크드림구수산공원,2025
HY000506,대구 칠곡한서타운,대구광역시 북구 동암로7길 39,35.9498722,128.5561098,01,02,7,24시간 이용가능,현대엔지니어링,Y,N,2026-07-25T20:38:50+09:00,35.9498722,128.5561098,405.2122563155811,APT2025-05,화성파크드림구수산공원,2025
CV000977,포르쉐 데스티네이션 홈플러스 칠곡점,대구광역시 북구 동암로12길 8,35.9447903,128.5555301,01,02,7,10:00~22:00,채비,Y,N,2026-07-25T20:38:50+09:00,35.9447903,128.5555301,474.77667983444525,APT2025-05,화성파크드림구수산공원,2025
EV006886,대구북구 칠곡3차보성타운,대구광역시 북구 칠곡중앙대로126길 7-12,35.951335628,128.55583097,03,02,7,24시간 이용가능,에버온,Y,N,2026-07-25T20:38:50+09:00,35.951335628,128.55583097,487.9030733057484,APT2025-05,화성파크드림구수산공원,2025
DC530017,강북태왕아너스더퍼스,대구광역시 북구 칠곡중앙대로110길 10,35.943697061,128.55246193,01,02,7,24시간 이용가능,대성물류건설(주),Y,N,2026-07-25T20:38:50+09:00,35.943697061,128.55246193,489.1387481741622,APT2025-05,화성파크드림구수산공원,2025
KP002192,홈플러스 칠곡점,대구광역시 북구 동암로12길 8,35.9448492727,128.5559675379,01,06,,,한국전력,Y,N,2026-07-25T20:38:50+09:00,35.9448492727,128.5559675379,495.9055234086702,APT2025-05,화성파크드림구수산공원,2025
CV000976,홈플러스 칠곡점,대구광역시 북구 동암로12길 8,35.944825,128.55597,14,08,30,10:00~22:00,채비,Y,N,2026-07-25T20:38:50+09:00,35.944825,128.55597,498.0220565486615,APT2025-05,화성파크드림구수산공원,2025
KP003790,칠곡홈플러스(추가분),대구광역시 북구 동암로12길 8,35.944876238423,128.5560423157,01,04,50,09:00~18:00,한국전력,N,N,2026-07-25T20:38:50+09:00,35.944876238423,128.5560423157,498.3992019653059,APT2025-05,화성파크드림구수산공원,2025
CV000809,대구시_칠성동,대구광역시 북구 칠성로19길 4,35.879194,128.599966,01,06,100,09:00~18:00,채비,Y,N,2026-07-25T20:38:50+09:00,35.879194,128.599966,105.10611379105337,APT2025-06,빌리브루센트,2025
HM001029,대구역서원프레시빌,대구광역시 북구 칠성남로 176,35.8766044,128.5991137,02,02,7,24시간 이용가능,휴맥스이브이,Y,N,2026-07-25T20:38:50+09:00,35.8766044,128.5991137,205.067586443579,APT2025-06,빌리브루센트,2025
PW015051,대구역 SD아이프라임/(주)목성엔지니어링(SP),대구광역시 북구 칠성남로30길 40,35.8759762,128.5990953,01,02,7,24시간 이용가능,파워큐브(SP),Y,N,2026-07-25T20:38:50+09:00,35.8759762,128.5990953,274.90220604357324,APT2025-06,빌리브루센트,2025
EP220738,대구 뉴그랜드호텔,대구광역시 북구 칠성남로38길 46,35.8761014,128.59781687,01,02,7,24시간 이용가능,이카플러그,Y,N,2026-07-25T20:38:50+09:00,35.8761014,128.59781687,291.0100163362364,APT2025-06,빌리브루센트,2025
KP003224,오페라코오롱하늘채,대구광역시 북구 칠성동2가 중앙대로 540,35.880958,128.59745,02,02,7,,한국전기차충전서비스,Y,N,2026-07-25T20:38:50+09:00,35.880958,128.59745,323.2633157983169,APT2025-06,빌리브루센트,2025
CV001592,칠성공영주차장,대구광역시 북구 칠성남로 196,35.87611,128.60166099,03,04,100,24시간 이용가능,채비,N,N,2026-07-25T20:38:50+09:00,35.87611,128.60166099,338.29244421989705,APT2025-06,빌리브루센트,2025
IN053057,오페라코오롱하늘채,대구광역시 북구 중앙대로 540,35.881,128.597,02,02,7,24시간 이용가능,신세계아이앤씨,N,Y,2026-07-25T20:38:50+09:00,35.881,128.597,349.22081782386596,APT2025-06,빌리브루센트,2025
PIS00580,대구 북구 오페라코오롱하늘채,대구광역시 북구 중앙대로 540,35.881,128.597,01,02,7,24시간 이용가능,GS차지비,Y,N,2026-07-25T20:38:50+09:00,35.881,128.597,349.22081782386596,APT2025-06,빌리브루센트,2025
KP000230,롯데역사(주) 대구점,대구광역시 북구 태평로 161,35.87570569559,128.5968015716,01,06,50,주중/주말 : 24시간,한국전력,Y,N,2026-07-25T20:38:50+09:00,35.87570569559,128.5968015716,376.3208792065825,APT2025-06,빌리브루센트,2025
NT100021,대구 오페라클레시아 오피스텔,대구광역시 북구 중앙대로 513,35.8790937,128.594754,05,02,7,24시간 이용가능,NICE인프라,N,N,2026-07-25T20:38:50+09:00,35.8790937,128.594754,411.8174631319307,APT2025-06,빌리브루센트,2025
CV004108,농협경제지주 대구태평로공판장,대구광역시 중구 태평로 195,35.87467377,128.59964884,01,02,7,24시간 이용가능,채비,N,N,2026-07-25T20:38:50+09:00,35.87467377,128.59964884,420.85748371989337,APT2025-06,빌리브루센트,2025
EV008877,대구중구 라이프아파트,대구광역시 중구 태평로 177,35.87486539,128.59764777,02,02,7,24시간 이용가능,에버온,N,N,2026-07-25T20:38:50+09:00,35.87486539,128.59764777,423.5437894998515,APT2025-06,빌리브루센트,2025
JA270006,롯데백화점 대구점 지상 4층,대구광역시 중구 태평로 160,35.8754831,128.5962573,09,04,30,10:00 ~ 21:00,이브이시스,N,N,2026-07-25T20:38:50+09:00,35.8754831,128.5962573,425.89518743890125,APT2025-06,빌리브루센트,2025
JA270007,롯데백화점 대구점 지상 3층,대구광역시 중구 태평로 160,35.8754317,128.5962314,01,04,30,10:00 ~ 21:00,이브이시스,N,N,2026-07-25T20:38:50+09:00,35.8754317,128.5962314,431.79847577188815,APT2025-06,빌리브루센트,2025
HM001672,우방플러스빌,대구광역시 북구 중앙대로105길 17,35.8803793,128.5944033,01,02,7,24시간 이용가능,휴맥스이브이,Y,N,2026-07-25T20:38:50+09:00,35.8803793,128.5944033,487.0996403610938,APT2025-06,빌리브루센트,2025
EV017808,대구북구 대현e-편한세상 1,대구광역시 북구 대현로10길 82,35.8808524,128.6038144,02,02,7,24시간 이용가능,에버온,N,N,2026-07-25T20:38:50+09:00,35.8808524,128.6038144,490.360674695008,APT2025-06,빌리브루센트,2025
EV017809,대구북구 대현e-편한세상 2,대구광역시 북구 대현로10길 82,35.8809524,128.60375,01,02,7,24시간 이용가능,에버온,N,N,2026-07-25T20:38:50+09:00,35.8809524,128.60375,491.727493613819,APT2025-06,빌리브루센트,2025
CV000809,대구시_칠성동,대구광역시 북구 칠성로19길 4,35.879194,128.599966,01,06,100,09:00~18:00,채비,Y,N,2026-07-25T20:38:50+09:00,35.879194,128.599966,105.10611379105337,APT2025-07,대구역자이더스타,2025
HM001029,대구역서원프레시빌,대구광역시 북구 칠성남로 176,35.8766044,128.5991137,02,02,7,24시간 이용가능,휴맥스이브이,Y,N,2026-07-25T20:38:50+09:00,35.8766044,128.5991137,205.067586443579,APT2025-07,대구역자이더스타,2025
PW015051,대구역 SD아이프라임/(주)목성엔지니어링(SP),대구광역시 북구 칠성남로30길 40,35.8759762,128.5990953,01,02,7,24시간 이용가능,파워큐브(SP),Y,N,2026-07-25T20:38:50+09:00,35.8759762,128.5990953,274.90220604357324,APT2025-07,대구역자이더스타,2025
EP220738,대구 뉴그랜드호텔,대구광역시 북구 칠성남로38길 46,35.8761014,128.59781687,01,02,7,24시간 이용가능,이카플러그,Y,N,2026-07-25T20:38:50+09:00,35.8761014,128.59781687,291.0100163362364,APT2025-07,대구역자이더스타,2025
KP003224,오페라코오롱하늘채,대구광역시 북구 칠성동2가 중앙대로 540,35.880958,128.59745,02,02,7,,한국전기차충전서비스,Y,N,2026-07-25T20:38:50+09:00,35.880958,128.59745,323.2633157983169,APT2025-07,대구역자이더스타,2025
CV001592,칠성공영주차장,대구광역시 북구 칠성남로 196,35.87611,128.60166099,03,04,100,24시간 이용가능,채비,N,N,2026-07-25T20:38:50+09:00,35.87611,128.60166099,338.29244421989705,APT2025-07,대구역자이더스타,2025
IN053057,오페라코오롱하늘채,대구광역시 북구 중앙대로 540,35.881,128.597,02,02,7,24시간 이용가능,신세계아이앤씨,N,Y,2026-07-25T20:38:50+09:00,35.881,128.597,349.22081782386596,APT2025-07,대구역자이더스타,2025
PIS00580,대구 북구 오페라코오롱하늘채,대구광역시 북구 중앙대로 540,35.881,128.597,01,02,7,24시간 이용가능,GS차지비,Y,N,2026-07-25T20:38:50+09:00,35.881,128.597,349.22081782386596,APT2025-07,대구역자이더스타,2025
KP000230,롯데역사(주) 대구점,대구광역시 북구 태평로 161,35.87570569559,128.5968015716,01,06,50,주중/주말 : 24시간,한국전력,Y,N,2026-07-25T20:38:50+09:00,35.87570569559,128.5968015716,376.3208792065825,APT2025-07,대구역자이더스타,2025
NT100021,대구 오페라클레시아 오피스텔,대구광역시 북구 중앙대로 513,35.8790937,128.594754,05,02,7,24시간 이용가능,NICE인프라,N,N,2026-07-25T20:38:50+09:00,35.8790937,128.594754,411.8174631319307,APT2025-07,대구역자이더스타,2025
CV004108,농협경제지주 대구태평로공판장,대구광역시 중구 태평로 195,35.87467377,128.59964884,01,02,7,24시간 이용가능,채비,N,N,2026-07-25T20:38:50+09:00,35.87467377,128.59964884,420.85748371989337,APT2025-07,대구역자이더스타,2025
EV008877,대구중구 라이프아파트,대구광역시 중구 태평로 177,35.87486539,128.59764777,02,02,7,24시간 이용가능,에버온,N,N,2026-07-25T20:38:50+09:00,35.87486539,128.59764777,423.5437894998515,APT2025-07,대구역자이더스타,2025
JA270006,롯데백화점 대구점 지상 4층,대구광역시 중구 태평로 160,35.8754831,128.5962573,09,04,30,10:00 ~ 21:00,이브이시스,N,N,2026-07-25T20:38:50+09:00,35.8754831,128.5962573,425.89518743890125,APT2025-07,대구역자이더스타,2025
JA270007,롯데백화점 대구점 지상 3층,대구광역시 중구 태평로 160,35.8754317,128.5962314,01,04,30,10:00 ~ 21:00,이브이시스,N,N,2026-07-25T20:38:50+09:00,35.8754317,128.5962314,431.79847577188815,APT2025-07,대구역자이더스타,2025
HM001672,우방플러스빌,대구광역시 북구 중앙대로105길 17,35.8803793,128.5944033,01,02,7,24시간 이용가능,휴맥스이브이,Y,N,2026-07-25T20:38:50+09:00,35.8803793,128.5944033,487.0996403610938,APT2025-07,대구역자이더스타,2025
EV017808,대구북구 대현e-편한세상 1,대구광역시 북구 대현로10길 82,35.8808524,128.6038144,02,02,7,24시간 이용가능,에버온,N,N,2026-07-25T20:38:50+09:00,35.8808524,128.6038144,490.360674695008,APT2025-07,대구역자이더스타,2025
EV017809,대구북구 대현e-편한세상 2,대구광역시 북구 대현로10길 82,35.8809524,128.60375,01,02,7,24시간 이용가능,에버온,N,N,2026-07-25T20:38:50+09:00,35.8809524,128.60375,491.727493613819,APT2025-07,대구역자이더스타,2025
IN053035,경남센트로팰리스,대구광역시 중구 태평로 47,35.8778,128.5837,04,02,7,24시간 이용가능,신세계아이앤씨,N,N,2026-07-25T20:38:50+09:00,35.8778,128.5837,147.84648415766966,APT2025-08,힐스테이트대구역퍼스트,2025
TS272303,대구역오페라W아파트,대구광역시 북구 칠성남로 50,35.878831,128.585665,23,02,7,24시간 이용가능,주식회사 태성콘텍,Y,N,2026-07-25T20:38:50+09:00,35.878831,128.585665,169.28272183486231,APT2025-08,힐스테이트대구역퍼스트,2025
TS272304,대구역오페라W오피스텔,대구광역시 북구 칠성남로 50,35.878866,128.585665,01,02,7,24시간 이용가능,주식회사 태성콘텍,Y,N,2026-07-25T20:38:50+09:00,35.878866,128.585665,173.07731655177486,APT2025-08,힐스테이트대구역퍼스트,2025
KP004863,중구보건소,대구광역시 중구 태평로 45,35.877879698,128.58331865,01,04,100,09:00~18:00,한국전력,Y,N,2026-07-25T20:38:50+09:00,35.877879698,128.58331865,183.20111739179936,APT2025-08,힐스테이트대구역퍼스트,2025
PC001286,대구역센트럴자이,대구광역시 중구 서성로 99,35.875656009,128.58627088,18,02,7,24시간 이용가능,아이파킹,Y,N,2026-07-25T20:38:50+09:00,35.875656009,128.58627088,209.64943920931472,APT2025-08,힐스테이트대구역퍼스트,2025
LU101555,대구오페라스위첸,대구광역시 북구 칠성남로 70,35.8788421,128.5874605,06,02,7,24시간 이용가능,LG유플러스볼트업,Y,N,2026-07-25T20:38:50+09:00,35.8788421,128.5874605,259.87734548851853,APT2025-08,힐스테이트대구역퍼스트,2025
UN000145,대구역제일풍경채위너스카이 아파트,대구광역시 중구 달성로26길 70,35.8750648,128.5861724,28,02,3,평일 09:00~18:00,유니이브이,N,N,2026-07-25T20:38:50+09:00,35.8750648,128.5861724,267.2809454454148,APT2025-08,힐스테이트대구역퍼스트,2025
UN000154,대구역제일풍경채위너스카이 오피스텔,대구광역시 중구 달성로26길 70,35.8750648,128.5861724,01,02,3,평일 09:00~18:00,유니이브이,N,N,2026-07-25T20:38:50+09:00,35.8750648,128.5861724,267.2809454454148,APT2025-08,힐스테이트대구역퍼스트,2025
HM000355,대구역센트럴자이,대구광역시 중구 서성로 99,35.875784681,128.58772767,03,02,7,24시간 이용가능,HUMAX EV,N,N,2026-07-25T20:38:50+09:00,35.875784681,128.58772767,283.3989204984026,APT2025-08,힐스테이트대구역퍼스트,2025
PW010042,(급속)대구역센트럴자이,대구광역시 중구 서성로 99,35.87543911229,128.5874092084,02,06,50,24시간 이용가능,파워큐브,Y,N,2026-07-25T20:38:50+09:00,35.87543911229,128.5874092084,288.31064427317233,APT2025-08,힐스테이트대구역퍼스트,2025
ER000384,대구역센트럴자이,대구광역시 중구 서성로 99,35.8754432,128.5875323,07,02,7,24시간 이용가능,위브이,Y,N,2026-07-25T20:38:50+09:00,35.8754432,128.5875323,295.605260791568,APT2025-08,힐스테이트대구역퍼스트,2025
PW015099,대구역센트럴자이(SP),대구광역시 중구 서성로 99,35.8754432,128.5875323,01,02,7,24시간 이용가능,파워큐브(SP),Y,N,2026-07-25T20:38:50+09:00,35.8754432,128.5875323,295.605260791568,APT2025-08,힐스테이트대구역퍼스트,2025
PIH00945,대구역센트럴자이아파트,대구광역시 중구 서성로 99,35.875443162,128.5875323,03,02,3,24시간 이용가능,GS차지비,Y,N,2026-07-25T20:38:50+09:00,35.875443162,128.5875323,295.6082875918641,APT2025-08,힐스테이트대구역퍼스트,2025
PW801539,대구역센트럴자이 입주자대표회의(SPB),대구광역시 중구 서성로 99,35.875443162,128.5875323,02,02,7,24시간 이용가능,파워큐브(SP),Y,N,2026-07-25T20:38:50+09:00,35.875443162,128.5875323,295.6082875918641,APT2025-08,힐스테이트대구역퍼스트,2025
SF002932,대구역센트럴자이 (완속충전기),대구광역시 중구 서성로 99,35.875443162,128.5875323,00,02,11,09:00~18:00,(주)스타코프,N,N,2026-07-25T20:38:50+09:00,35.875443162,128.5875323,295.6082875918641,APT2025-08,힐스테이트대구역퍼스트,2025
CV004674,기아 대구지점,대구광역시 북구 칠성남로 71,35.879276,128.588495,01,02,7,08:00~20:00,채비,Y,N,2026-07-25T20:38:50+09:00,35.879276,128.588495,363.08534162426326,APT2025-08,힐스테이트대구역퍼스트,2025
KP010627,대구복합스포츠타운 P1주차장,대구광역시 북구 고성로 191,35.8803174,128.5876054,02,04,100,"주중 08:00~19:00, 주말 09:00~18:00",한국전력,Y,N,2026-07-25T20:38:50+09:00,35.8803174,128.5876054,392.8863355405053,APT2025-08,힐스테이트대구역퍼스트,2025
LU100059,오페라센텀파크 서한이다음,대구광역시 북구 고성로37길 1,35.88099,128.584656,08,02,7,24시간 이용가능,LG유플러스볼트업,Y,N,2026-07-25T20:38:50+09:00,35.88099,128.584656,408.4657539072973,APT2025-08,힐스테이트대구역퍼스트,2025
ST271101,허니문모텔,대구광역시 중구 달성로21길 21,35.874925,128.58139,01,02,7,24시간 이용가능,SK일렉링크,Y,N,2026-07-25T20:38:50+09:00,35.874925,128.58139,439.40409502076295,APT2025-08,힐스테이트대구역퍼스트,2025
LU101324,고성아파트,대구광역시 북구 고성북로 3,35.8806791,128.5815704,01,02,7,24시간 이용가능,LG유플러스볼트업,Y,N,2026-07-25T20:38:50+09:00,35.8806791,128.5815704,496.714494704771,APT2025-08,힐스테이트대구역퍼스트,2025
IN053035,경남센트로팰리스,대구광역시 중구 태평로 47,35.8778,128.5837,04,02,7,24시간 이용가능,신세계아이앤씨,N,N,2026-07-25T20:38:50+09:00,35.8778,128.5837,147.84648415766966,APT2025-09,힐스테이트대구역퍼스트2차,2025
TS272303,대구역오페라W아파트,대구광역시 북구 칠성남로 50,35.878831,128.585665,23,02,7,24시간 이용가능,주식회사 태성콘텍,Y,N,2026-07-25T20:38:50+09:00,35.878831,128.585665,169.28272183486231,APT2025-09,힐스테이트대구역퍼스트2차,2025
TS272304,대구역오페라W오피스텔,대구광역시 북구 칠성남로 50,35.878866,128.585665,01,02,7,24시간 이용가능,주식회사 태성콘텍,Y,N,2026-07-25T20:38:50+09:00,35.878866,128.585665,173.07731655177486,APT2025-09,힐스테이트대구역퍼스트2차,2025
KP004863,중구보건소,대구광역시 중구 태평로 45,35.877879698,128.58331865,01,04,100,09:00~18:00,한국전력,Y,N,2026-07-25T20:38:50+09:00,35.877879698,128.58331865,183.20111739179936,APT2025-09,힐스테이트대구역퍼스트2차,2025
PC001286,대구역센트럴자이,대구광역시 중구 서성로 99,35.875656009,128.58627088,18,02,7,24시간 이용가능,아이파킹,Y,N,2026-07-25T20:38:50+09:00,35.875656009,128.58627088,209.64943920931472,APT2025-09,힐스테이트대구역퍼스트2차,2025
LU101555,대구오페라스위첸,대구광역시 북구 칠성남로 70,35.8788421,128.5874605,06,02,7,24시간 이용가능,LG유플러스볼트업,Y,N,2026-07-25T20:38:50+09:00,35.8788421,128.5874605,259.87734548851853,APT2025-09,힐스테이트대구역퍼스트2차,2025
UN000145,대구역제일풍경채위너스카이 아파트,대구광역시 중구 달성로26길 70,35.8750648,128.5861724,28,02,3,평일 09:00~18:00,유니이브이,N,N,2026-07-25T20:38:50+09:00,35.8750648,128.5861724,267.2809454454148,APT2025-09,힐스테이트대구역퍼스트2차,2025
UN000154,대구역제일풍경채위너스카이 오피스텔,대구광역시 중구 달성로26길 70,35.8750648,128.5861724,01,02,3,평일 09:00~18:00,유니이브이,N,N,2026-07-25T20:38:50+09:00,35.8750648,128.5861724,267.2809454454148,APT2025-09,힐스테이트대구역퍼스트2차,2025
HM000355,대구역센트럴자이,대구광역시 중구 서성로 99,35.875784681,128.58772767,03,02,7,24시간 이용가능,HUMAX EV,N,N,2026-07-25T20:38:50+09:00,35.875784681,128.58772767,283.3989204984026,APT2025-09,힐스테이트대구역퍼스트2차,2025
PW010042,(급속)대구역센트럴자이,대구광역시 중구 서성로 99,35.87543911229,128.5874092084,02,06,50,24시간 이용가능,파워큐브,Y,N,2026-07-25T20:38:50+09:00,35.87543911229,128.5874092084,288.31064427317233,APT2025-09,힐스테이트대구역퍼스트2차,2025
ER000384,대구역센트럴자이,대구광역시 중구 서성로 99,35.8754432,128.5875323,07,02,7,24시간 이용가능,위브이,Y,N,2026-07-25T20:38:50+09:00,35.8754432,128.5875323,295.605260791568,APT2025-09,힐스테이트대구역퍼스트2차,2025
PW015099,대구역센트럴자이(SP),대구광역시 중구 서성로 99,35.8754432,128.5875323,01,02,7,24시간 이용가능,파워큐브(SP),Y,N,2026-07-25T20:38:50+09:00,35.8754432,128.5875323,295.605260791568,APT2025-09,힐스테이트대구역퍼스트2차,2025
PIH00945,대구역센트럴자이아파트,대구광역시 중구 서성로 99,35.875443162,128.5875323,03,02,3,24시간 이용가능,GS차지비,Y,N,2026-07-25T20:38:50+09:00,35.875443162,128.5875323,295.6082875918641,APT2025-09,힐스테이트대구역퍼스트2차,2025
PW801539,대구역센트럴자이 입주자대표회의(SPB),대구광역시 중구 서성로 99,35.875443162,128.5875323,02,02,7,24시간 이용가능,파워큐브(SP),Y,N,2026-07-25T20:38:50+09:00,35.875443162,128.5875323,295.6082875918641,APT2025-09,힐스테이트대구역퍼스트2차,2025
SF002932,대구역센트럴자이 (완속충전기),대구광역시 중구 서성로 99,35.875443162,128.5875323,00,02,11,09:00~18:00,(주)스타코프,N,N,2026-07-25T20:38:50+09:00,35.875443162,128.5875323,295.6082875918641,APT2025-09,힐스테이트대구역퍼스트2차,2025
CV004674,기아 대구지점,대구광역시 북구 칠성남로 71,35.879276,128.588495,01,02,7,08:00~20:00,채비,Y,N,2026-07-25T20:38:50+09:00,35.879276,128.588495,363.08534162426326,APT2025-09,힐스테이트대구역퍼스트2차,2025
KP010627,대구복합스포츠타운 P1주차장,대구광역시 북구 고성로 191,35.8803174,128.5876054,02,04,100,"주중 08:00~19:00, 주말 09:00~18:00",한국전력,Y,N,2026-07-25T20:38:50+09:00,35.8803174,128.5876054,392.8863355405053,APT2025-09,힐스테이트대구역퍼스트2차,2025
LU100059,오페라센텀파크 서한이다음,대구광역시 북구 고성로37길 1,35.88099,128.584656,08,02,7,24시간 이용가능,LG유플러스볼트업,Y,N,2026-07-25T20:38:50+09:00,35.88099,128.584656,408.4657539072973,APT2025-09,힐스테이트대구역퍼스트2차,2025
ST271101,허니문모텔,대구광역시 중구 달성로21길 21,35.874925,128.58139,01,02,7,24시간 이용가능,SK일렉링크,Y,N,2026-07-25T20:38:50+09:00,35.874925,128.58139,439.40409502076295,APT2025-09,힐스테이트대구역퍼스트2차,2025
LU101324,고성아파트,대구광역시 북구 고성북로 3,35.8806791,128.5815704,01,02,7,24시간 이용가능,LG유플러스볼트업,Y,N,2026-07-25T20:38:50+09:00,35.8806791,128.5815704,496.714494704771,APT2025-09,힐스테이트대구역퍼스트2차,2025
CV000535,대구시_중구청,대구광역시 중구 국채보상로139길 1,35.869326,128.6061579,01,06,50,24시간 이용가능,채비,N,N,2026-07-25T20:38:50+09:00,35.869326,128.6061579,172.41114335343448,APT2025-10,힐스테이트동인,2025
CV001941,대구 중구청 주차장,대구광역시 중구 국채보상로139길 1,35.8699221,128.6057341,01,04,100,24시간 이용가능,채비,N,N,2026-07-25T20:38:50+09:00,35.8699221,128.6057341,178.35155842786583,APT2025-10,힐스테이트동인,2025
CV003570,대구시_동인동 행정복지센터,대구광역시 중구 국채보상로142길 19-5,35.867917,128.609132,01,02,7,24시간 이용가능,채비,N,N,2026-07-25T20:38:50+09:00,35.867917,128.609132,294.63374043947994,APT2025-10,힐스테이트동인,2025
DG110009,동인동행정복지센터,대구광역시 중구 국채보상로142길 19-5,35.867832,128.609096,01,02,,24시간 이용가능,대구환경공단,Y,N,2026-07-25T20:38:50+09:00,35.867832,128.609096,301.7036070929243,APT2025-10,힐스테이트동인,2025
PW801191,동인삼정그린코아 관리사무소(SP),대구광역시 중구 동덕로30길 53,35.86722285,128.60654157,06,02,7,24시간 이용가능,파워큐브(SP),Y,N,2026-07-25T20:38:50+09:00,35.86722285,128.60654157,355.0516325557936,APT2025-10,힐스테이트동인,2025
LU100941,동인태왕아너스라플란드아파트,대구광역시 중구 국채보상로151길 55,35.8709053,128.6115982,01,02,7,24시간 이용가능,LG유플러스볼트업,Y,N,2026-07-25T20:38:50+09:00,35.8709053,128.6115982,361.3055121393213,APT2025-10,힐스테이트동인,2025
PI202801,케이티대구타워,"대구광역시 중구 동덕로 167 (동인동2가, KT대구지사(동인동우체국))",35.8696115,128.603585,22,02,14,비개방,GS차지비,Y,N,2026-07-25T20:38:50+09:00,35.8696115,128.603585,374.9338569588192,APT2025-10,힐스테이트동인,2025
PC000552,경북대학교 의과대학(대구),대구광역시 중구 국채보상로 680,35.8677861,128.6046094,01,02,7,24시간 이용가능,파킹클라우드,Y,N,2026-07-25T20:38:50+09:00,35.8677861,128.6046094,390.93043831045003,APT2025-10,힐스테이트동인,2025
PI202733,케이티대구타워,대구광역시 중구 동덕로 167,35.8696592,128.6033867,02,02,7,비개방,GS차지비,Y,N,2026-07-25T20:38:50+09:00,35.8696592,128.6033867,391.48310721086165,APT2025-10,힐스테이트동인,2025
CV002471,국채보상운동기념공원주차장,대구광역시 중구 국채보상로 670,35.868889,128.60341,04,02,7,24시간 이용가능,채비,Y,N,2026-07-25T20:38:50+09:00,35.868889,128.60341,413.37835590125496,APT2025-10,힐스테이트동인,2025
ST271102,히로텔모텔(투숙객 전용),대구광역시 중구 국채보상로 657-12,35.870012,128.603037,01,02,7,24시간 이용가능,SK일렉링크,Y,N,2026-07-25T20:38:50+09:00,35.870012,128.603037,417.8744887560572,APT2025-10,힐스테이트동인,2025
KP002419,삼덕청아람리슈빌,대구광역시 중구 삼덕동3가 달구벌대로447길 77,35.8665057187,128.6064811551,03,02,7,,한국전기차충전서비스,Y,N,2026-07-25T20:38:50+09:00,35.8665057187,128.6064811551,433.39949769139764,APT2025-10,힐스테이트동인,2025
LU101290,삼덕청아람리슈빌,대구광역시 중구 달구벌대로447길 77,35.8663821,128.6064877,01,02,7,24시간 이용가능,LG유플러스볼트업,Y,N,2026-07-25T20:38:50+09:00,35.8663821,128.6064877,446.5969037980574,APT2025-10,힐스테이트동인,2025
PWE00145,삼덕청아람리슈빌아파트,대구광역시 중구 달구벌대로447길 77,35.866382084,128.60648773,04,02,3,24시간 이용가능,파워큐브,Y,N,2026-07-25T20:38:50+09:00,35.866382084,128.60648773,446.5979915211431,APT2025-10,힐스테이트동인,2025
PW014511,한국은행대구경북본부(SP),대구광역시 중구 동덕로 145,35.867939,128.6033679,01,02,7,09:00~18:00,파워큐브,Y,N,2026-07-25T20:38:50+09:00,35.867939,128.6033679,466.62123849881755,APT2025-10,힐스테이트동인,2025
CV003115,대구시_본동행정복지센터,대구광역시 달서구 구마로26길 62,35.834448,128.541055,01,02,7,24시간 이용가능,채비,Y,N,2026-07-25T20:38:50+09:00,35.834448,128.541055,159.6637533131386,APT2025-11,빌리브라디체,2025
EZ002091,대구공업대학교_위니텍,대구광역시 달서구 송현로 205,35.8351184,128.5419565,01,02,7,24시간 이용가능,(주)차지인,N,N,2026-07-25T20:38:50+09:00,35.8351184,128.5419565,203.20397192446939,APT2025-11,빌리브라디체,2025
PC001562,달서코아루더리브(대구),대구광역시 달서구 와룡로 42,35.8362882,128.5374954,04,02,7,24시간 이용가능,아이파킹,Y,N,2026-07-25T20:38:50+09:00,35.8362882,128.5374954,224.28126434586687,APT2025-11,빌리브라디체,2025
CV002144,올림픽기념국민생활관,대구광역시 달서구 학산로 130,35.8335919,128.5409839,02,04,100,24시간 이용가능,채비,Y,N,2026-07-25T20:38:50+09:00,35.8335919,128.5409839,230.69877022249887,APT2025-11,빌리브라디체,2025
EZ002092,대구공업대학교_평생교육원,대구광역시 달서구 송현로 205,35.835415,128.54285,01,02,7,24시간 이용가능,(주)차지인,Y,N,2026-07-25T20:38:50+09:00,35.835415,128.54285,281.32333769344984,APT2025-11,빌리브라디체,2025
KP003780,달서구노인종합복지관,대구광역시 달서구 학산로 140,35.833430625158,128.5417838845,01,06,50,24시간 이용가능,한국전력,Y,N,2026-07-25T20:38:50+09:00,35.833430625158,128.5417838845,286.82482385011104,APT2025-11,빌리브라디체,2025
PW101126,유림노르웨이아침아파트,대구광역시 달서구 구마로 97,35.837827286,128.5383658,05,02,7,24시간 이용가능,파워큐브,Y,N,2026-07-25T20:38:50+09:00,35.837827286,128.5383658,296.55087978751334,APT2025-11,빌리브라디체,2025
PW010451,유림노르웨이아침,대구광역시 달서구 구마로 97,35.8378288,128.5383673,03,02,7,24시간 이용가능,파워큐브(SP),Y,N,2026-07-25T20:38:50+09:00,35.8378288,128.5383673,296.6481064171088,APT2025-11,빌리브라디체,2025
PWE02950,유림노르웨이아침아파트,대구광역시 달서구 구마로 97,35.83783,128.53837,01,02,3,24시간 이용가능,파워큐브,Y,N,2026-07-25T20:38:50+09:00,35.83783,128.53837,296.66896959163205,APT2025-11,빌리브라디체,2025
LU101542,빌리브클라쎄아파트,대구광역시 달서구 와룡로 41,35.8364656,128.5363571,03,02,7,24시간 이용가능,LG유플러스볼트업,Y,N,2026-07-25T20:38:50+09:00,35.8364656,128.5363571,326.25647469556895,APT2025-11,빌리브라디체,2025
LU003218,주식회사청명건설,대구광역시 달서구 구마로 89,35.837841,128.537598,02,02,7,24시간 이용가능,LG유플러스볼트업,Y,N,2026-07-25T20:38:50+09:00,35.837841,128.537598,332.52447062486465,APT2025-11,빌리브라디체,2025
ME25C167,학산공원 삼거리 주차장,대구광역시 달서구 본동 1118,35.8324695,128.5386968,01,04,100,24시간 이용가능,기후부,Y,N,2026-07-25T20:38:50+09:00,35.8324695,128.5386968,338.91077581297185,APT2025-11,빌리브라디체,2025
LU004186,본리동한신아파트,대구광역시 달서구 와룡로14길 53,35.838306,128.540909,03,02,7,24시간 이용가능,LG유플러스볼트업,Y,N,2026-07-25T20:38:50+09:00,35.838306,128.540909,340.1604065062676,APT2025-11,빌리브라디체,2025
KP003772,학산근린공원삼거리주차장,대구광역시 달서구 학산로 104-11,35.832327247798,128.5385782094,01,06,50,24시간 이용가능,한국전력,Y,N,2026-07-25T20:38:50+09:00,35.832327247798,128.5385782094,357.1056842230155,APT2025-11,빌리브라디체,2025
HM001818,아카시아아파트,대구광역시 달서구 대명천로 153,35.8379774,128.5421457,01,02,7,24시간 이용가능,휴맥스이브이,Y,N,2026-07-25T20:38:50+09:00,35.8379774,128.5421457,359.9598310262577,APT2025-11,빌리브라디체,2025
BNBN0585,대구 새본리중학교,"대구 달서구 대명천로 167 (본리동, 새본리중학교)",35.8392164,128.540979,01,02,7,24시간 이용가능,블루네트웍스,N,N,2026-07-25T20:38:50+09:00,35.8392164,128.540979,439.0408123771695,APT2025-11,빌리브라디체,2025
IN053047,월성5단지아파트,대구광역시 달서구 구마로12길 89,35.8323,128.5364,01,02,7,24시간 이용가능,신세계아이앤씨,N,Y,2026-07-25T20:38:50+09:00,35.8323,128.5364,457.0707857959039,APT2025-11,빌리브라디체,2025
PIS00571,대구 달서구 월성5단지아파트,대구광역시 달서구 구마로12길 89,35.8323,128.5364,07,02,7,24시간 이용가능,GS차지비,Y,N,2026-07-25T20:38:50+09:00,35.8323,128.5364,457.0707857959039,APT2025-11,빌리브라디체,2025
EP190050,달서구 펠리체(한명화),대구광역시 달서구 와룡로16길 27-3,35.8394306,128.5385444,01,02,7,24시간 이용가능/시설 상황에 따라 이용이 제한될 수 있습니다,이카플러그,Y,N,2026-07-25T20:38:50+09:00,35.8394306,128.5385444,460.7125554875147,APT2025-11,빌리브라디체,2025
SF002583,달서유림 노르웨이숲 (완속충전기),대구광역시 달서구 와룡로 67,35.8387951,128.5362236,01,02,11,05:00~익일01:00,스타코프(주)스타코프,N,N,2026-07-25T20:38:50+09:00,35.8387951,128.5362236,492.31122337617825,APT2025-11,빌리브라디체,2025
SF001285,달서유림 노르웨이숲,대구광역시 달서구 와룡로 67,35.83879514,128.53622362,01,02,3,09:00~18:00,(주)스타코프,N,N,2026-07-25T20:38:50+09:00,35.83879514,128.53622362,492.3134765556704,APT2025-11,빌리브라디체,2025
LU100103,대구구병원,대구광역시 달서구 감삼북길 141,35.850682,128.541383,02,02,7,24시간 이용가능,LG유플러스볼트업,Y,N,2026-07-25T20:38:50+09:00,35.850682,128.541383,240.98795426600458,APT2025-12,해링턴플레이스감삼3차,2025
CV001529,빌리브스카이아파트,대구광역시 달서구 와룡로 186,35.849141,128.53825,01,02,7,24시간 이용가능(외부인출입불가),채비,N,N,2026-07-25T20:38:50+09:00,35.849141,128.53825,249.07869205881974,APT2025-12,해링턴플레이스감삼3차,2025
PL033046,빌리브 스카이 주상복합,대구광역시 달서구 와룡로 186,35.8497392,128.5380927,00,02,7,24시간 이용가능,플러그링크,N,N,2026-07-25T20:38:50+09:00,35.8497392,128.5380927,286.7841297266677,APT2025-12,해링턴플레이스감삼3차,2025
EZ001798,대구광역시교육연수원 본원,대구광역시 달서구 당산로 121,35.8481763,128.544184,02,02,7,24시간 이용가능,(주)차지인,Y,N,2026-07-25T20:38:50+09:00,35.8481763,128.544184,297.52692480039195,APT2025-12,해링턴플레이스감삼3차,2025
CV000799,아우디_서대구 전시장(코오롱아우토),대구광역시 달서구 와룡로 170,35.847781,128.537639,01,04,150,09:00~18:00,채비,Y,N,2026-07-25T20:38:50+09:00,35.847781,128.537639,307.34731091263416,APT2025-12,해링턴플레이스감삼3차,2025
PI794362,대구 달서구 빌리브죽전,대구광역시 달서구 달구벌대로 1581,35.8514336,128.5396172,02,02,7,24시간 이용가능,GS차지비,Y,N,2026-07-25T20:38:50+09:00,35.8514336,128.5396172,341.4988311786443,APT2025-12,해링턴플레이스감삼3차,2025
HY001776,대구 동화로즈빌,대구광역시 달서구 죽전1길 82,35.84964,128.5372,03,02,7,24시간 이용가능,현대엔지니어링,N,N,2026-07-25T20:38:50+09:00,35.84964,128.5372,356.1639143725594,APT2025-12,해링턴플레이스감삼3차,2025
HD000070,대구 서부 오토스퀘어 E-pit,대구광역시 달서구 달구벌대로 1599,35.8520778,128.5413128,01,04,200,24시간 이용가능,현대자동차,Y,N,2026-07-25T20:38:50+09:00,35.8520778,128.5413128,394.107850849729,APT2025-12,해링턴플레이스감삼3차,2025
KP000645,월드마크웨스트엔드 아파트,대구광역시 달서구 감삼동 와룡로 169,35.8487328275,128.5363908546,04,02,7,,한국전력,Y,N,2026-07-25T20:38:50+09:00,35.8487328275,128.5363908546,408.2819087397884,APT2025-12,해링턴플레이스감삼3차,2025
PWE02546,월드마크웨스트엔드아파트,대구광역시 달서구 와룡로 169,35.84873,128.53639,66,02,3,24시간 이용가능,파워큐브,Y,N,2026-07-25T20:38:50+09:00,35.84873,128.53639,408.34315902481535,APT2025-12,해링턴플레이스감삼3차,2025
PW801097,월드마크웨스트엔드입주자대표회의25(T),대구광역시 달서구 와룡로 169,35.8487323,128.5363891,21,02,7,24시간 이용가능,파워큐브코리아,Y,N,2026-07-25T20:38:50+09:00,35.8487323,128.5363891,408.4369098280813,APT2025-12,해링턴플레이스감삼3차,2025
HM001647,월드마크웨스트엔드상가,대구광역시 달서구 와룡로 169,35.8487323,128.5363891,04,02,7,24시간 이용가능,휴맥스이브이,Y,N,2026-07-25T20:38:50+09:00,35.8487323,128.5363891,408.4369098280813,APT2025-12,해링턴플레이스감삼3차,2025
HM001533,월드마크웨스트엔드,대구광역시 달서구 와룡로 169,35.848732309,128.53638907,01,02,7,24시간 이용가능,휴맥스이브이,Y,N,2026-07-25T20:38:50+09:00,35.848732309,128.53638907,408.4396604931675,APT2025-12,해링턴플레이스감삼3차,2025
PW014759,월드마크웨스트엔드입주자대표회의,대구광역시 달서구 와룡로 169,35.848732309,128.53638907,05,02,7,24시간 이용가능,파워큐브,Y,N,2026-07-25T20:38:50+09:00,35.848732309,128.53638907,408.4396604931675,APT2025-12,해링턴플레이스감삼3차,2025
PW100764,월드마크웨스트엔드,대구광역시 달서구 와룡로 169,35.848732309,128.53638907,01,02,7,24시간 이용가능,파워큐브코리아,Y,N,2026-07-25T20:38:50+09:00,35.848732309,128.53638907,408.4396604931675,APT2025-12,해링턴플레이스감삼3차,2025
PL031985,대구 달서구 죽전역인터불고라비다,대구 달서구 와룡로 148,35.8458545,128.5377,00,02,7,24시간 이용가능,플러그링크,N,N,2026-07-25T20:38:50+09:00,35.8458545,128.5377,416.75644691066515,APT2025-12,해링턴플레이스감삼3차,2025
PI802108,성당코오롱하늘채아파트,대구광역시 달서구 장기로 160,35.844377,128.5419372,08,02,7,24시간 이용가능,GS차지비,Y,N,2026-07-25T20:38:50+09:00,35.844377,128.5419372,472.8787174994887,APT2025-12,해링턴플레이스감삼3차,2025
SF002605,동화로즈빌 (완속충전기),대구광역시 달서구 죽전1길 82,35.8526235,128.5392563,00,02,11,09:00~18:00,스타코프(주)스타코프,N,N,2026-07-25T20:38:50+09:00,35.8526235,128.5392563,477.1756083825083,APT2025-12,해링턴플레이스감삼3차,2025
LU100059,오페라센텀파크 서한이다음,대구광역시 북구 고성로37길 1,35.88099,128.584656,13,02,7,24시간 이용가능,LG유플러스볼트업,Y,N,2026-07-25T20:38:50+09:00,35.88099,128.584656,61.38177905964957,APT2025-13,태왕디아너스오페라,2025
CV000547,대구시_고성동 행정복지센터,대구광역시 북구 고성로31길 21,35.881917,128.5836099,01,06,50,24시간 이용가능,채비,Y,N,2026-07-25T20:38:50+09:00,35.881917,128.5836099,117.64704767553893,APT2025-13,태왕디아너스오페라,2025
SF000279,오페라 트루엘 시민의 숲,대구광역시 북구 고성북로 34,35.882859465,128.58408946,09,02,3,09:00~18:00,스타코프,N,N,2026-07-25T20:38:50+09:00,35.882859465,128.58408946,162.41300298231636,APT2025-13,태왕디아너스오페라,2025
PI762875,오페라트루엘시민의숲,대구광역시 북구 고성북로 34,35.883170363,128.58412093,04,02,7,00:00~24:00,GS차지비,Y,N,2026-07-25T20:38:50+09:00,35.883170363,128.58412093,193.55711494568706,APT2025-13,태왕디아너스오페라,2025
PWE06186,대구오페라트루엘시민의숲아파트,대구광역시 북구 고성북로 34,35.883170363,128.58412093,14,02,3,24시간 이용가능,파워큐브,Y,N,2026-07-25T20:38:50+09:00,35.883170363,128.58412093,193.55711494568706,APT2025-13,태왕디아너스오페라,2025
PW100461,대구오페라트루엘시민의숲아파트,대구광역시 북구 고성북로 34,35.883170363,128.58412093,05,02,7,24시간 이용가능,파워큐브,Y,N,2026-07-25T20:38:50+09:00,35.883170363,128.58412093,193.55711494568706,APT2025-13,태왕디아너스오페라,2025
PI122225,케이티북대구빌딩,대구광역시 북구 고성로 141,35.8819,128.582,05,02,7,24시간 이용가능,차지비,Y,N,2026-07-25T20:38:50+09:00,35.8819,128.582,257.71651944786714,APT2025-13,태왕디아너스오페라,2025
KP010627,대구복합스포츠타운 P1주차장,대구광역시 북구 고성로 191,35.8803174,128.5876054,02,04,100,"주중 08:00~19:00, 주말 09:00~18:00",한국전력,Y,N,2026-07-25T20:38:50+09:00,35.8803174,128.5876054,284.39565151334875,APT2025-13,태왕디아너스오페라,2025
TS272304,대구역오페라W오피스텔,대구광역시 북구 칠성남로 50,35.878866,128.585665,05,02,7,24시간 이용가능,주식회사 태성콘텍,Y,N,2026-07-25T20:38:50+09:00,35.878866,128.585665,305.26778594609436,APT2025-13,태왕디아너스오페라,2025
LU101324,고성아파트,대구광역시 북구 고성북로 3,35.8806791,128.5815704,01,02,7,24시간 이용가능,LG유플러스볼트업,Y,N,2026-07-25T20:38:50+09:00,35.8806791,128.5815704,307.7636758531879,APT2025-13,태왕디아너스오페라,2025
TS272303,대구역오페라W아파트,대구광역시 북구 칠성남로 50,35.878831,128.585665,28,02,7,24시간 이용가능,주식회사 태성콘텍,Y,N,2026-07-25T20:38:50+09:00,35.878831,128.585665,309.03901436736487,APT2025-13,태왕디아너스오페라,2025
KP004805,대구복합스포츠타운,대구광역시 북구 고성로 191,35.88297688,128.58804465,03,04,50,09:00~18:00,한국전력,Y,N,2026-07-25T20:38:50+09:00,35.88297688,128.58804465,332.1218187537868,APT2025-13,태왕디아너스오페라,2025
PIH00408,태왕아너스로뎀플러스오피스텔,대구광역시 북구 옥산로 87,35.884798,128.5853399,02,02,3,24시간 이용가능,GS차지비,Y,N,2026-07-25T20:38:50+09:00,35.884798,128.5853399,366.8873327134667,APT2025-13,태왕디아너스오페라,2025
CV000561,대구시_침산푸르지오,대구광역시 북구 옥산로 103,35.884521,128.58669,01,06,50,24시간 이용가능,채비,N,N,2026-07-25T20:38:50+09:00,35.884521,128.58669,373.17851520096536,APT2025-13,태왕디아너스오페라,2025
PW000463,침산1차푸르지오2단지-205동,대구광역시 북구 옥산로 103,35.884521506,128.58668965,03,02,7,00:00~23:59,파워큐브,Y,N,2026-07-25T20:38:50+09:00,35.884521506,128.58668965,373.2145302787424,APT2025-13,태왕디아너스오페라,2025
PW000462,침산1차푸르지오2단지-203동,대구광역시 북구 옥산로 103,35.8845215,128.5866897,03,02,7,00:00~23:59,파워큐브,Y,N,2026-07-25T20:38:50+09:00,35.8845215,128.5866897,373.2159645852087,APT2025-13,태왕디아너스오페라,2025
LU101555,대구오페라스위첸,대구광역시 북구 칠성남로 70,35.8788421,128.5874605,07,02,7,24시간 이용가능,LG유플러스볼트업,Y,N,2026-07-25T20:38:50+09:00,35.8788421,128.5874605,381.4200693030448,APT2025-13,태왕디아너스오페라,2025
CV002570,대구시민운동장,대구광역시 북구 고성로 191,35.8816742,128.5892109,01,04,100,24시간 이용가능,채비,Y,N,2026-07-25T20:38:50+09:00,35.8816742,128.5892109,395.67710817934494,APT2025-13,태왕디아너스오페라,2025
CV004674,기아 대구지점,대구광역시 북구 칠성남로 71,35.879276,128.588495,01,02,7,08:00~20:00,채비,Y,N,2026-07-25T20:38:50+09:00,35.879276,128.588495,414.73252585367055,APT2025-13,태왕디아너스오페라,2025
EZ001955,대구광역시립북부도서관,대구광역시 북구 옥산로 75,35.885182,128.5839,02,02,7,24시간 이용가능,(주)차지인,N,N,2026-07-25T20:38:50+09:00,35.885182,128.5839,415.03136980318925,APT2025-13,태왕디아너스오페라,2025
PI773847,대구중앙교회,대구광역시 북구 옥산로17길 10,35.8852831,128.5857173,01,02,7,24시간 이용가능,GS차지비,N,N,2026-07-25T20:38:50+09:00,35.8852831,128.5857173,425.5575924193784,APT2025-13,태왕디아너스오페라,2025
IN053035,경남센트로팰리스,대구광역시 중구 태평로 47,35.8778,128.5837,05,02,7,24시간 이용가능,신세계아이앤씨,N,N,2026-07-25T20:38:50+09:00,35.8778,128.5837,426.39890271144736,APT2025-13,태왕디아너스오페라,2025
KP004863,중구보건소,대구광역시 중구 태평로 45,35.877879698,128.58331865,01,04,100,09:00~18:00,한국전력,Y,N,2026-07-25T20:38:50+09:00,35.877879698,128.58331865,427.4168819311896,APT2025-13,태왕디아너스오페라,2025
CV003459,대구시_북구청,대구광역시 북구 옥산로 65,35.8852353,128.5832902,02,02,7,09:00~18:00,채비,Y,N,2026-07-25T20:38:50+09:00,35.8852353,128.5832902,435.03993995574905,APT2025-13,태왕디아너스오페라,2025
CV003134,대구시_대구은행 제2본점영업부,대구광역시 북구 옥산로 111,35.884442,128.588217,01,06,50,09:00~18:00,채비,N,N,2026-07-25T20:38:50+09:00,35.884442,128.588217,445.75111925003097,APT2025-13,태왕디아너스오페라,2025
KP003268,대성주유소,대구광역시 북구 칠성동2가 66,35.8816453456,128.5899248515,01,06,,24시간 이용가능,한국전력,Y,N,2026-07-25T20:38:50+09:00,35.8816453456,128.5899248515,459.84662740264037,APT2025-13,태왕디아너스오페라,2025
CV003535,대구은행 제2본점영업부,대구광역시 북구 옥산로 111,35.884422713,128.58852277,03,04,100,09:00~18:00,채비,N,N,2026-07-25T20:38:50+09:00,35.884422713,128.58852277,463.5874630813593,APT2025-13,태왕디아너스오페라,2025
PW013454,침산1차푸르지오22,대구광역시 북구 침산로21길 23,35.8856299,128.5868914,18,02,7,24시간 이용가능,파워큐브코리아,Y,N,2026-07-25T20:38:50+09:00,35.8856299,128.5868914,492.999553389873,APT2025-13,태왕디아너스오페라,2025
PI645420,BMW차징스테이션 대구리치프라자 by한독모터스,대구광역시 북구 옥산로17길 14,35.885905,128.585908,01,04,100,24시간 이용가능,GS차지비,Y,N,2026-07-25T20:38:50+09:00,35.885905,128.585908,496.726108386446,APT2025-13,태왕디아너스오페라,2025
CV003458,대구시_비산1동행정복지센터,대구광역시 서구 북비산로65길 18,35.881165,128.568969,01,02,7,24시간 이용가능,채비,Y,N,2026-07-25T20:38:50+09:00,35.881165,128.568969,215.3616584782863,APT2025-14,힐스테이트서대구역센트럴,2025
UN000180,대구 서길 통학로 52길 42-3(7kW),대구광역시 서구 통학로52길 42-3,35.8839325,128.5675781,01,02,7,비개방,유니이브이,N,N,2026-07-25T20:38:50+09:00,35.8839325,128.5675781,325.29830946684154,APT2025-14,힐스테이트서대구역센트럴,2025
PIH01544,주택,대구광역시 서구 통학로50길 53,35.883618,128.56868604,01,02,7,24시간 이용가능,GS차지비,Y,N,2026-07-25T20:38:50+09:00,35.883618,128.56868604,336.3143303926957,APT2025-14,힐스테이트서대구역센트럴,2025
KP005873,비산동 노상주차장,대구광역시 서구 비산동 2131-27,35.88489,128.5682,01,02,14,24시간 이용가능,한국전력,N,N,2026-07-25T20:38:50+09:00,35.88489,128.5682,443.7825694527713,APT2025-14,힐스테이트서대구역센트럴,2025
HE230028,KT공중전화부스 원평치안센터앞,대구광역시 서구 평리동 1621-3,35.8793917,128.5618302,02,04,200,24시간 이용가능,한국전기차충전서비스,Y,N,2026-07-25T20:38:50+09:00,35.8793917,128.5618302,469.09365934864906,APT2025-14,힐스테이트서대구역센트럴,2025
LU002217,홍실1차아파트,대구광역시 서구 서대구로8길 49,35.862228,128.562319,02,02,7,24시간 이용가능,LG유플러스,N,N,2026-07-25T20:38:50+09:00,35.862228,128.562319,53.73624310113509,APT2025-15,두류스타힐스,2025
CV001234,내당1동 행정복지센터,대구광역시 서구 통학로 35,35.86339,128.56397,01,02,14,09:00~18:00,채비,Y,N,2026-07-25T20:38:50+09:00,35.86339,128.56397,209.01769834374275,APT2025-15,두류스타힐스,2025
LU001061,보성홍실2차,대구광역시 서구 통학로 39,35.863941,128.563892,03,02,7,24시간 이용가능,엘지유플러스,N,N,2026-07-25T20:38:50+09:00,35.863941,128.563892,236.9350875185872,APT2025-15,두류스타힐스,2025
KP002174,홈플러스 내당점,대구광역시 서구 달구벌대로 1821,35.8603220891,128.5637319974,01,06,,,한국전력,Y,N,2026-07-25T20:38:50+09:00,35.8603220891,128.5637319974,299.4045233393045,APT2025-15,두류스타힐스,2025
PL031519,대구 한화생명 내당동사옥,대구 서구 달구벌대로 1833,35.8609,128.5653336,00,02,7,24시간 이용가능,플러그링크,N,N,2026-07-25T20:38:50+09:00,35.8609,128.5653336,361.3431447263335,APT2025-15,두류스타힐스,2025
PI530293,BMW차징스테이션 서대구전시장 by한독모터스,대구광역시 서구 달구벌대로 1841,35.8608743,128.5657178,02,04,100,24시간 이용가능,GS차지비,Y,N,2026-07-25T20:38:50+09:00,35.8608743,128.5657178,392.8537324094733,APT2025-15,두류스타힐스,2025
EV008555,대구서구 황제맨션아파트,대구광역시 서구 통학로 46,35.865018634,128.56533466,06,02,7,24시간 이용가능,에버온,Y,N,2026-07-25T20:38:50+09:00,35.865018634,128.56533466,413.6539115309966,APT2025-15,두류스타힐스,2025
EZ001394,현대장여관,대구광역시 서구 평리로62길 16,35.8623503,128.5572185,01,02,7,24시간 이용가능,(주)차지인,Y,N,2026-07-25T20:38:50+09:00,35.8623503,128.5572185,421.43173141517207,APT2025-15,두류스타힐스,2025
PW011725,교동면옥내당점,대구광역시 서구 서대구로 52,35.862606765507,128.5568227477,01,02,7,24시간 이용가능,파워큐브,Y,N,2026-07-25T20:38:50+09:00,35.862606765507,128.5568227477,456.4649778256481,APT2025-15,두류스타힐스,2025
NT101674,대구 현대해상사옥,대구광역시 달서구 달구벌대로 1790,35.85855,128.56079,04,02,7,24시간 이용가능,한국전자금융,N,N,2026-07-25T20:38:50+09:00,35.85855,128.56079,456.9302095044434,APT2025-15,두류스타힐스,2025
PI530306,대구시 달서구 리베라빌라,대구광역시 달서구 두류공원로50길 113-18,35.8587824,128.5646295,01,02,7,24시간 이용가능,차지비,Y,N,2026-07-25T20:38:50+09:00,35.8587824,128.5646295,487.49968999364637,APT2025-15,두류스타힐스,2025
LU002217,홍실1차아파트,대구광역시 서구 서대구로8길 49,35.862228,128.562319,02,02,7,24시간 이용가능,LG유플러스,N,N,2026-07-25T20:38:50+09:00,35.862228,128.562319,53.73624310113509,APT2025-16,두류역자이,2025
CV001234,내당1동 행정복지센터,대구광역시 서구 통학로 35,35.86339,128.56397,01,02,14,09:00~18:00,채비,Y,N,2026-07-25T20:38:50+09:00,35.86339,128.56397,209.01769834374275,APT2025-16,두류역자이,2025
LU001061,보성홍실2차,대구광역시 서구 통학로 39,35.863941,128.563892,03,02,7,24시간 이용가능,엘지유플러스,N,N,2026-07-25T20:38:50+09:00,35.863941,128.563892,236.9350875185872,APT2025-16,두류역자이,2025
KP002174,홈플러스 내당점,대구광역시 서구 달구벌대로 1821,35.8603220891,128.5637319974,01,06,,,한국전력,Y,N,2026-07-25T20:38:50+09:00,35.8603220891,128.5637319974,299.4045233393045,APT2025-16,두류역자이,2025
PL031519,대구 한화생명 내당동사옥,대구 서구 달구벌대로 1833,35.8609,128.5653336,00,02,7,24시간 이용가능,플러그링크,N,N,2026-07-25T20:38:50+09:00,35.8609,128.5653336,361.3431447263335,APT2025-16,두류역자이,2025
PI530293,BMW차징스테이션 서대구전시장 by한독모터스,대구광역시 서구 달구벌대로 1841,35.8608743,128.5657178,02,04,100,24시간 이용가능,GS차지비,Y,N,2026-07-25T20:38:50+09:00,35.8608743,128.5657178,392.8537324094733,APT2025-16,두류역자이,2025
EV008555,대구서구 황제맨션아파트,대구광역시 서구 통학로 46,35.865018634,128.56533466,06,02,7,24시간 이용가능,에버온,Y,N,2026-07-25T20:38:50+09:00,35.865018634,128.56533466,413.6539115309966,APT2025-16,두류역자이,2025
EZ001394,현대장여관,대구광역시 서구 평리로62길 16,35.8623503,128.5572185,01,02,7,24시간 이용가능,(주)차지인,Y,N,2026-07-25T20:38:50+09:00,35.8623503,128.5572185,421.43173141517207,APT2025-16,두류역자이,2025
PW011725,교동면옥내당점,대구광역시 서구 서대구로 52,35.862606765507,128.5568227477,01,02,7,24시간 이용가능,파워큐브,Y,N,2026-07-25T20:38:50+09:00,35.862606765507,128.5568227477,456.4649778256481,APT2025-16,두류역자이,2025
NT101674,대구 현대해상사옥,대구광역시 달서구 달구벌대로 1790,35.85855,128.56079,04,02,7,24시간 이용가능,한국전자금융,N,N,2026-07-25T20:38:50+09:00,35.85855,128.56079,456.9302095044434,APT2025-16,두류역자이,2025
PI530306,대구시 달서구 리베라빌라,대구광역시 달서구 두류공원로50길 113-18,35.8587824,128.5646295,01,02,7,24시간 이용가능,차지비,Y,N,2026-07-25T20:38:50+09:00,35.8587824,128.5646295,487.49968999364637,APT2025-16,두류역자이,2025
ST600537,달서아이꿈센터,대구광역시 달서구 와룡로51길 25,35.855360926,128.53563474,02,04,30,24시간 이용가능,SK일렉링크,Y,N,2026-07-25T20:38:50+09:00,35.855360926,128.53563474,82.04332402718454,APT2025-17,대구죽전행복주택,2025
CV003042,대구소방안전본부,대구광역시 달서구 와룡로49길 30,35.8546135,128.5356894,02,02,7,24시간 이용가능,채비,Y,N,2026-07-25T20:38:50+09:00,35.8546135,128.5356894,119.01409963000344,APT2025-17,대구죽전행복주택,2025
KP003444,대성유니드 주유소,대구광역시 달서구 와룡로248,35.8548928444,128.5378203423,01,06,,24시간 이용가능,한국전력,Y,N,2026-07-25T20:38:50+09:00,35.8548928444,128.5378203423,129.94126974621844,APT2025-17,대구죽전행복주택,2025
DC530008,죽전역에일린의뜰 105동,대구광역시 달서구 와룡로 254,35.855524023,128.53849504,05,02,7,24시간 이용가능,대성물류건설(주),Y,N,2026-07-25T20:38:50+09:00,35.855524023,128.53849504,176.41286798448064,APT2025-17,대구죽전행복주택,2025
DC530007,죽전역에일린의뜰 103동,대구광역시 달서구 와룡로 254,35.854692101,128.53854261,02,02,7,24시간 이용가능,대성물류건설(주),Y,N,2026-07-25T20:38:50+09:00,35.854692101,128.53854261,198.25788384856358,APT2025-17,대구죽전행복주택,2025
DC530009,죽전역에일린의뜰 111동,대구광역시 달서구 와룡로 254,35.856250571,128.53893526,02,02,7,24시간 이용가능,대성물류건설(주),Y,N,2026-07-25T20:38:50+09:00,35.856250571,128.53893526,234.21493836427803,APT2025-17,대구죽전행복주택,2025
PL032109,대구 달서구 죽전그린빌,대구 달서구 와룡로53길 40,35.8569721,128.5342158,07,02,7,24시간 이용가능,플러그링크,N,N,2026-07-25T20:38:50+09:00,35.8569721,128.5342158,270.64866614521816,APT2025-17,대구죽전행복주택,2025
PI780009,죽전그린빌,대구광역시 달서구 와룡로53길 40,35.8575814,128.5347641,03,02,7,24시간 이용가능,GS차지비,Y,N,2026-07-25T20:38:50+09:00,35.8575814,128.5347641,287.7231569727095,APT2025-17,대구죽전행복주택,2025
DC530006,죽전역에일린의뜰 야외주차장,대구광역시 달서구 와룡로 254,35.853804283,128.53908445,07,02,7,24시간 이용가능,대성물류건설(주),Y,N,2026-07-25T20:38:50+09:00,35.853804283,128.53908445,292.047054493507,APT2025-17,대구죽전행복주택,2025
KP001614,동화로즈빌,대구광역시 달서구 죽전동 죽전1길 81,35.8531437132,128.5381717655,02,02,7,,한국전력,Y,N,2026-07-25T20:38:50+09:00,35.8531437132,128.5381717655,293.80857138360864,APT2025-17,대구죽전행복주택,2025
SF000247,동화로즈빌,대구광역시 달서구 죽전1길 82,35.853181343,128.53913802,01,02,3,09:00~18:00,스타코프,N,N,2026-07-25T20:38:50+09:00,35.853181343,128.53913802,342.62901080613256,APT2025-17,대구죽전행복주택,2025
CV002620,티스테이션 달서점,대구광역시 달서구 와룡로 287,35.858501,128.537055,01,04,100,09:00~19:00,채비,Y,N,2026-07-25T20:38:50+09:00,35.858501,128.537055,344.43208137509833,APT2025-17,대구죽전행복주택,2025
SF002605,동화로즈빌 (완속충전기),대구광역시 달서구 죽전1길 82,35.8526235,128.5392563,00,02,11,09:00~18:00,스타코프(주)스타코프,N,N,2026-07-25T20:38:50+09:00,35.8526235,128.5392563,396.7217390045557,APT2025-17,대구죽전행복주택,2025
CV003283,대구의료원라파엘관,대구광역시 서구 평리로 157,35.859030275,128.53919495,03,02,7,24시간 이용가능,채비,N,N,2026-07-25T20:38:50+09:00,35.859030275,128.53919495,466.19044099018527,APT2025-17,대구죽전행복주택,2025
PI712445,용산우방타운,대구광역시 달서구 용산로 174,35.853720309,128.53155296,03,02,7,08:00~22:00,GS차지비,Y,N,2026-07-25T20:38:50+09:00,35.853720309,128.53155296,488.14949967179143,APT2025-17,대구죽전행복주택,2025
CV001710,용산1공영주차장,대구광역시 달서구 용산로 212-7,35.8569574,128.5313916,01,04,100,24시간 이용가능,채비,N,N,2026-07-25T20:38:50+09:00,35.8569574,128.5313916,494.1083873426985,APT2025-17,대구죽전행복주택,2025
CV003093,대구시_용산1동행정복지센터,대구광역시 달서구 용산로 212-7,35.856667,128.531222,01,02,7,24시간 이용가능,채비,Y,N,2026-07-25T20:38:50+09:00,35.856667,128.531222,498.6476763326152,APT2025-17,대구죽전행복주택,2025
PL031622,대구 화성파크드림이스트밸리,대구 동구 송라로10길 34,35.8715037,128.622714,06,02,7,24시간 이용가능,플러그링크,N,N,2026-07-25T20:38:50+09:00,35.8715037,128.622714,143.85052898773063,APT2025-18,더팰리스트데시앙,2025
IN053041,신천청아람아파트,대구광역시 동구 송라로14길 132,35.8741,128.6221,09,02,7,24시간 이용가능,신세계아이앤씨,N,Y,2026-07-25T20:38:50+09:00,35.8741,128.6221,172.12316868770105,APT2025-18,더팰리스트데시앙,2025
PIS00563,대구 동구 신천청아람아파트,대구광역시 동구 송라로14길 132,35.8741,128.6221,01,02,7,24시간 이용가능,GS차지비,Y,N,2026-07-25T20:38:50+09:00,35.8741,128.6221,172.12316868770105,APT2025-18,더팰리스트데시앙,2025
LU101282,동대구역센트럴시티자이,대구광역시 동구 송라로10길 33,35.8734967,128.6237186,11,02,7,24시간 이용가능,LG유플러스볼트업,Y,N,2026-07-25T20:38:50+09:00,35.8734967,128.6237186,200.4797952912946,APT2025-18,더팰리스트데시앙,2025
PIH01792,대구 동구 벽산이솔렌스힐아파트,대구광역시 동구 장등로 56,35.8724153,128.6242287,05,02,7,24시간 이용가능,GS차지비,N,N,2026-07-25T20:38:50+09:00,35.8724153,128.6242287,218.6119228612451,APT2025-18,더팰리스트데시앙,2025
CV000952,동대구벤처밸리 기업성장지원센터,대구광역시 동구 동대구로 465,35.872167,128.62477,01,06,50,09:00~18:00,채비,Y,N,2026-07-25T20:38:50+09:00,35.872167,128.62477,270.4460677517292,APT2025-18,더팰리스트데시앙,2025
CV001396,대구테크노파크 대구벤처센터,대구광역시 동구 동대구로 475,35.872833,128.624825,01,02,7,24시간 이용가능,채비,Y,N,2026-07-25T20:38:50+09:00,35.872833,128.624825,273.23181001149874,APT2025-18,더팰리스트데시앙,2025
PW801141,재단법인대구디지털혁신진흥원(T),대구광역시 동구 동대구로 469,35.872142054,128.62483137,02,02,7,24시간 이용가능,파워큐브코리아,Y,N,2026-07-25T20:38:50+09:00,35.872142054,128.62483137,276.3649574356557,APT2025-18,더팰리스트데시앙,2025
CV003131,대구시_대구테크노파크 동대구캠퍼스 2동,대구광역시 동구 동대구로 481,35.87325,128.624797,01,02,7,24시간 이용가능,채비,Y,N,2026-07-25T20:38:50+09:00,35.87325,128.624797,279.55837107904443,APT2025-18,더팰리스트데시앙,2025
CV002169,대구스케일업허브,대구광역시 동구 동대구로 465,35.871777,128.624853,01,02,7,24시간 이용가능,채비,N,N,2026-07-25T20:38:50+09:00,35.871777,128.624853,288.01701440390497,APT2025-18,더팰리스트데시앙,2025
CV002196,대구경북디자인진흥원,대구광역시 동구 동대구로 461,35.871416,128.624825,03,04,100,24시간 이용가능,채비,N,N,2026-07-25T20:38:50+09:00,35.871416,128.624825,300.4454468533154,APT2025-18,더팰리스트데시앙,2025
SF003317,대구무역회관 (완속충전기),대구광역시 동구 동대구로 489,35.874208512,128.62482043,00,02,7,09:00~18:00,(주)스타코프,N,N,2026-07-25T20:38:50+09:00,35.874208512,128.62482043,326.75724159782425,APT2025-18,더팰리스트데시앙,2025
EV006712,대구동구 대구무역회관,대구광역시 동구 동대구로 489,35.874208512,128.62482043,02,02,7,24시간 이용가능,에버온,Y,N,2026-07-25T20:38:50+09:00,35.874208512,128.62482043,326.75724159782425,APT2025-18,더팰리스트데시앙,2025
CV003071,대구시_대구상공회의소,대구광역시 동구 동대구로 457,35.871083,128.624964,01,06,50,24시간 이용가능,채비,N,N,2026-07-25T20:38:50+09:00,35.871083,128.624964,328.7908675018587,APT2025-18,더팰리스트데시앙,2025
PL033196,동대구삼환나우빌,대구 동구 동부로 81,35.8757736,128.6210968,01,02,7,24시간 이용가능,플러그링크,N,N,2026-07-25T20:38:50+09:00,35.8757736,128.6210968,361.9737844185946,APT2025-18,더팰리스트데시앙,2025
PL031999,대구 북구 동대구유성푸르나임아파트,대구 동구 동부로22길 48,35.872502,128.6260826,00,02,7,24시간 이용가능,플러그링크,N,N,2026-07-25T20:38:50+09:00,35.872502,128.6260826,385.0515893808993,APT2025-18,더팰리스트데시앙,2025
KP000666,동대구유성푸르나임 아파트,대구광역시 동구 신천동 동부로22길 48,35.8724363153,128.6262200222,01,06,50,,한국전력,Y,N,2026-07-25T20:38:50+09:00,35.8724363153,128.6262200222,397.6377148495222,APT2025-18,더팰리스트데시앙,2025
PI722554,신천휴먼시아6단지아파트,대구광역시 동구 송라로11길 39,35.870912318,128.61729013,10,02,7,24시간 이용가능,GS차지비,Y,N,2026-07-25T20:38:50+09:00,35.870912318,128.61729013,447.032266142141,APT2025-18,더팰리스트데시앙,2025
SF002969,한국건강관리협회 대구지부 (완속충전기),대구광역시 동구 장등로 16,35.86879023,128.62353479,01,02,11,09:00~18:00,(주)스타코프,N,N,2026-07-25T20:38:50+09:00,35.86879023,128.62353479,448.1050710412483,APT2025-18,더팰리스트데시앙,2025
LU101181,신천두산위브,대구광역시 동구 국채보상로 829,35.8685525,128.6222365,09,02,7,24시간 이용가능,LG유플러스볼트업,Y,N,2026-07-25T20:38:50+09:00,35.8685525,128.6222365,448.37557791923746,APT2025-18,더팰리스트데시앙,2025
HY000753,현대아울렛 대구점,대구광역시 동구 동대구로 454,35.870779,128.626281,11,02,7,10:30 ~ 21:00,현대엔지니어링,N,N,2026-07-25T20:38:50+09:00,35.870779,128.626281,449.3946872928854,APT2025-18,더팰리스트데시앙,2025
PI708859,신천두산위브B,대구광역시 동구 국채보상로 829,35.868524806,128.62193026,01,02,7,08:00~20:00,GS차지비,Y,N,2026-07-25T20:38:50+09:00,35.868524806,128.62193026,449.9355567736973,APT2025-18,더팰리스트데시앙,2025
HY001691,대구 신천휴먼시아6단지,대구광역시 동구 송라로11길 39,35.870891,128.617188,03,02,7,24시간 이용가능,현대엔지니어링,Y,N,2026-07-25T20:38:50+09:00,35.870891,128.617188,456.39634555089725,APT2025-18,더팰리스트데시앙,2025
HM000519,동대구반도유보라,대구광역시 동구 송라로16길 11,35.875528732,128.61795627,12,02,7,24시간 이용가능,HUMAX EV,N,N,2026-07-25T20:38:50+09:00,35.875528732,128.61795627,478.33701583420435,APT2025-18,더팰리스트데시앙,2025
CV002401,동대구역더샵센터시티아파트,대구광역시 동구 동부로19길 18,35.876749,128.623464,01,02,7,24시간 이용가능,채비,Y,N,2026-07-25T20:38:50+09:00,35.876749,128.623464,487.9959851619896,APT2025-18,더팰리스트데시앙,2025
PI000239,대구시 동부소방서,대구광역시 동구 동대구로 507,35.8759858474,128.6252252194,01,02,7,24시간 이용가능,GS차지비,,N,2026-07-25T20:38:50+09:00,35.8759858474,128.6252252194,488.83220777741525,APT2025-18,더팰리스트데시앙,2025
TS271402,청구고등학교,대구광역시 동구 국채보상로 827,35.868361,128.61995,01,02,7,24시간 이용가능,주식회사 태성콘텍,Y,N,2026-07-25T20:38:50+09:00,35.868361,128.61995,497.1228057584935,APT2025-18,더팰리스트데시앙,2025
PL031622,대구 화성파크드림이스트밸리,대구 동구 송라로10길 34,35.8715037,128.622714,06,02,7,24시간 이용가능,플러그링크,N,N,2026-07-25T20:38:50+09:00,35.8715037,128.622714,143.85052898773063,APT2025-19,e편한세상동대구역센텀스퀘어,2025
IN053041,신천청아람아파트,대구광역시 동구 송라로14길 132,35.8741,128.6221,09,02,7,24시간 이용가능,신세계아이앤씨,N,Y,2026-07-25T20:38:50+09:00,35.8741,128.6221,172.12316868770105,APT2025-19,e편한세상동대구역센텀스퀘어,2025
PIS00563,대구 동구 신천청아람아파트,대구광역시 동구 송라로14길 132,35.8741,128.6221,01,02,7,24시간 이용가능,GS차지비,Y,N,2026-07-25T20:38:50+09:00,35.8741,128.6221,172.12316868770105,APT2025-19,e편한세상동대구역센텀스퀘어,2025
LU101282,동대구역센트럴시티자이,대구광역시 동구 송라로10길 33,35.8734967,128.6237186,11,02,7,24시간 이용가능,LG유플러스볼트업,Y,N,2026-07-25T20:38:50+09:00,35.8734967,128.6237186,200.4797952912946,APT2025-19,e편한세상동대구역센텀스퀘어,2025
PIH01792,대구 동구 벽산이솔렌스힐아파트,대구광역시 동구 장등로 56,35.8724153,128.6242287,05,02,7,24시간 이용가능,GS차지비,N,N,2026-07-25T20:38:50+09:00,35.8724153,128.6242287,218.6119228612451,APT2025-19,e편한세상동대구역센텀스퀘어,2025
CV000952,동대구벤처밸리 기업성장지원센터,대구광역시 동구 동대구로 465,35.872167,128.62477,01,06,50,09:00~18:00,채비,Y,N,2026-07-25T20:38:50+09:00,35.872167,128.62477,270.4460677517292,APT2025-19,e편한세상동대구역센텀스퀘어,2025
CV001396,대구테크노파크 대구벤처센터,대구광역시 동구 동대구로 475,35.872833,128.624825,01,02,7,24시간 이용가능,채비,Y,N,2026-07-25T20:38:50+09:00,35.872833,128.624825,273.23181001149874,APT2025-19,e편한세상동대구역센텀스퀘어,2025
PW801141,재단법인대구디지털혁신진흥원(T),대구광역시 동구 동대구로 469,35.872142054,128.62483137,02,02,7,24시간 이용가능,파워큐브코리아,Y,N,2026-07-25T20:38:50+09:00,35.872142054,128.62483137,276.3649574356557,APT2025-19,e편한세상동대구역센텀스퀘어,2025
CV003131,대구시_대구테크노파크 동대구캠퍼스 2동,대구광역시 동구 동대구로 481,35.87325,128.624797,01,02,7,24시간 이용가능,채비,Y,N,2026-07-25T20:38:50+09:00,35.87325,128.624797,279.55837107904443,APT2025-19,e편한세상동대구역센텀스퀘어,2025
CV002169,대구스케일업허브,대구광역시 동구 동대구로 465,35.871777,128.624853,01,02,7,24시간 이용가능,채비,N,N,2026-07-25T20:38:50+09:00,35.871777,128.624853,288.01701440390497,APT2025-19,e편한세상동대구역센텀스퀘어,2025
CV002196,대구경북디자인진흥원,대구광역시 동구 동대구로 461,35.871416,128.624825,03,04,100,24시간 이용가능,채비,N,N,2026-07-25T20:38:50+09:00,35.871416,128.624825,300.4454468533154,APT2025-19,e편한세상동대구역센텀스퀘어,2025
SF003317,대구무역회관 (완속충전기),대구광역시 동구 동대구로 489,35.874208512,128.62482043,00,02,7,09:00~18:00,(주)스타코프,N,N,2026-07-25T20:38:50+09:00,35.874208512,128.62482043,326.75724159782425,APT2025-19,e편한세상동대구역센텀스퀘어,2025
EV006712,대구동구 대구무역회관,대구광역시 동구 동대구로 489,35.874208512,128.62482043,02,02,7,24시간 이용가능,에버온,Y,N,2026-07-25T20:38:50+09:00,35.874208512,128.62482043,326.75724159782425,APT2025-19,e편한세상동대구역센텀스퀘어,2025
CV003071,대구시_대구상공회의소,대구광역시 동구 동대구로 457,35.871083,128.624964,01,06,50,24시간 이용가능,채비,N,N,2026-07-25T20:38:50+09:00,35.871083,128.624964,328.7908675018587,APT2025-19,e편한세상동대구역센텀스퀘어,2025
PL033196,동대구삼환나우빌,대구 동구 동부로 81,35.8757736,128.6210968,01,02,7,24시간 이용가능,플러그링크,N,N,2026-07-25T20:38:50+09:00,35.8757736,128.6210968,361.9737844185946,APT2025-19,e편한세상동대구역센텀스퀘어,2025
PL031999,대구 북구 동대구유성푸르나임아파트,대구 동구 동부로22길 48,35.872502,128.6260826,00,02,7,24시간 이용가능,플러그링크,N,N,2026-07-25T20:38:50+09:00,35.872502,128.6260826,385.0515893808993,APT2025-19,e편한세상동대구역센텀스퀘어,2025
KP000666,동대구유성푸르나임 아파트,대구광역시 동구 신천동 동부로22길 48,35.8724363153,128.6262200222,01,06,50,,한국전력,Y,N,2026-07-25T20:38:50+09:00,35.8724363153,128.6262200222,397.6377148495222,APT2025-19,e편한세상동대구역센텀스퀘어,2025
PI722554,신천휴먼시아6단지아파트,대구광역시 동구 송라로11길 39,35.870912318,128.61729013,10,02,7,24시간 이용가능,GS차지비,Y,N,2026-07-25T20:38:50+09:00,35.870912318,128.61729013,447.032266142141,APT2025-19,e편한세상동대구역센텀스퀘어,2025
SF002969,한국건강관리협회 대구지부 (완속충전기),대구광역시 동구 장등로 16,35.86879023,128.62353479,01,02,11,09:00~18:00,(주)스타코프,N,N,2026-07-25T20:38:50+09:00,35.86879023,128.62353479,448.1050710412483,APT2025-19,e편한세상동대구역센텀스퀘어,2025
LU101181,신천두산위브,대구광역시 동구 국채보상로 829,35.8685525,128.6222365,09,02,7,24시간 이용가능,LG유플러스볼트업,Y,N,2026-07-25T20:38:50+09:00,35.8685525,128.6222365,448.37557791923746,APT2025-19,e편한세상동대구역센텀스퀘어,2025
HY000753,현대아울렛 대구점,대구광역시 동구 동대구로 454,35.870779,128.626281,11,02,7,10:30 ~ 21:00,현대엔지니어링,N,N,2026-07-25T20:38:50+09:00,35.870779,128.626281,449.3946872928854,APT2025-19,e편한세상동대구역센텀스퀘어,2025
PI708859,신천두산위브B,대구광역시 동구 국채보상로 829,35.868524806,128.62193026,01,02,7,08:00~20:00,GS차지비,Y,N,2026-07-25T20:38:50+09:00,35.868524806,128.62193026,449.9355567736973,APT2025-19,e편한세상동대구역센텀스퀘어,2025
HY001691,대구 신천휴먼시아6단지,대구광역시 동구 송라로11길 39,35.870891,128.617188,03,02,7,24시간 이용가능,현대엔지니어링,Y,N,2026-07-25T20:38:50+09:00,35.870891,128.617188,456.39634555089725,APT2025-19,e편한세상동대구역센텀스퀘어,2025
HM000519,동대구반도유보라,대구광역시 동구 송라로16길 11,35.875528732,128.61795627,12,02,7,24시간 이용가능,HUMAX EV,N,N,2026-07-25T20:38:50+09:00,35.875528732,128.61795627,478.33701583420435,APT2025-19,e편한세상동대구역센텀스퀘어,2025
CV002401,동대구역더샵센터시티아파트,대구광역시 동구 동부로19길 18,35.876749,128.623464,01,02,7,24시간 이용가능,채비,Y,N,2026-07-25T20:38:50+09:00,35.876749,128.623464,487.9959851619896,APT2025-19,e편한세상동대구역센텀스퀘어,2025
PI000239,대구시 동부소방서,대구광역시 동구 동대구로 507,35.8759858474,128.6252252194,01,02,7,24시간 이용가능,GS차지비,,N,2026-07-25T20:38:50+09:00,35.8759858474,128.6252252194,488.83220777741525,APT2025-19,e편한세상동대구역센텀스퀘어,2025
TS271402,청구고등학교,대구광역시 동구 국채보상로 827,35.868361,128.61995,01,02,7,24시간 이용가능,주식회사 태성콘텍,Y,N,2026-07-25T20:38:50+09:00,35.868361,128.61995,497.1228057584935,APT2025-19,e편한세상동대구역센텀스퀘어,2025
LU003389,대구동성로주차장,대구광역시 중구 국채보상로123길 5,35.871214,128.59702,05,02,7,24시간 이용가능,LG유플러스볼트업,Y,N,2026-07-25T20:38:50+09:00,35.871214,128.59702,144.9005579714118,APT2025-20,더샵동성로센트리엘,2025
PI807412,대구 중구 동성로 중앙주차장,대구광역시 중구 동성로2길 80,35.8692144,128.5971838,01,02,7,24시간 이용가능,GS차지비,N,N,2026-07-25T20:38:50+09:00,35.8692144,128.5971838,152.75398462839075,APT2025-20,더샵동성로센트리엘,2025
EZ300474,대구 동성로 스파크,대구광역시 중구 동성로6길 61,35.8687083,128.5987415,01,02,7,24시간 이용가능,(주)차지인,Y,N,2026-07-25T20:38:50+09:00,35.8687083,128.5987415,185.97514895040607,APT2025-20,더샵동성로센트리엘,2025
EZ250001,EVZ 동성로 스파크,대구광역시 중구 동성로3길 84,35.868649,128.598702,01,06,50,24시간 이용가능,(주)차지인,Y,N,2026-07-25T20:38:50+09:00,35.868649,128.598702,191.44860264107436,APT2025-20,더샵동성로센트리엘,2025
SF002258,신용보증기금 (대구지점),대구광역시 중구 경상감영길 221,35.8718238,128.5995626,04,02,3,09:00~18:00,스타코프(주)스타코프,N,N,2026-07-25T20:38:50+09:00,35.8718238,128.5995626,207.98378976681283,APT2025-20,더샵동성로센트리엘,2025
SF001002,씨네시티한일,대구광역시 중구 동성로 39,35.870489711,128.59537694,04,02,3,09:00~18:00,(주)스타코프,N,N,2026-07-25T20:38:50+09:00,35.870489711,128.59537694,254.1756088663394,APT2025-20,더샵동성로센트리엘,2025
TDP00009,교보생명 동성로사옥,대구광역시 중구 국채보상로 586,35.870594,128.594818,01,02,7,07:00~24:00,타디스테크놀로지,N,N,2026-07-25T20:38:50+09:00,35.870594,128.594818,305.36160684186007,APT2025-20,더샵동성로센트리엘,2025
ME184067,대구시청,대구광역시 중구 국채보상로131길 17,35.8706135,128.6016338,01,06,50,24시간 이용가능,기후에너지환경부,N,N,2026-07-25T20:38:50+09:00,35.8706135,128.6016338,312.0189110274249,APT2025-20,더샵동성로센트리엘,2025
CV003571,대구시_대구시청 지상1층,대구광역시 중구 국채보상로131길 17,35.870639,128.6018,02,06,50,24시간 이용가능,채비,N,N,2026-07-25T20:38:50+09:00,35.870639,128.6018,327.2113303609441,APT2025-20,더샵동성로센트리엘,2025
JE080003,(주)우리은행 대구지점,대구광역시 중구 중앙대로 418,35.8702606,128.5941282,01,02,7,평일 09:00~18:00,제주전기자동차서비스,Y,N,2026-07-25T20:38:50+09:00,35.8702606,128.5941282,366.0534358359569,APT2025-20,더샵동성로센트리엘,2025
KP005271,대구경북건설지사,대구광역시 중구 공평로 96,35.8726,128.6012,01,02,7,09:00~18:00,한국전력,Y,N,2026-07-25T20:38:50+09:00,35.8726,128.6012,371.25835153843957,APT2025-20,더샵동성로센트리엘,2025
CV003573,대구시_국채보상운동기념공원주차장,대구광역시 중구 공평로10길 25,35.868444,128.601716,01,02,7,24시간 이용가능,채비,N,N,2026-07-25T20:38:50+09:00,35.868444,128.601716,380.0785693620653,APT2025-20,더샵동성로센트리엘,2025
PI752996,대구시 흥구삼덕빌딩,대구광역시 중구 동성로3길 35,35.866935,128.5972768,01,02,7,24시간 이용가능,GS차지비,N,N,2026-07-25T20:38:50+09:00,35.866935,128.5972768,385.2845515551228,APT2025-20,더샵동성로센트리엘,2025
ST271102,히로텔모텔(투숙객 전용),대구광역시 중구 국채보상로 657-12,35.870012,128.603037,01,02,7,24시간 이용가능,SK일렉링크,Y,N,2026-07-25T20:38:50+09:00,35.870012,128.603037,438.08675300526147,APT2025-20,더샵동성로센트리엘,2025
ST271109,동인시티타운(입주민 전용),대구광역시 중구 국채보상로131길 55,35.8728,128.601981,01,02,7,24시간 이용가능,SK일렉링크,N,N,2026-07-25T20:38:50+09:00,35.8728,128.601981,439.00744355929135,APT2025-20,더샵동성로센트리엘,2025
PW014650,동성로하우스디어반 관리사무소,대구광역시 중구 국채보상로 570,35.8705772,128.593249,02,02,7,24시간 이용가능,파워큐브,Y,N,2026-07-25T20:38:50+09:00,35.8705772,128.593249,446.1320520056334,APT2025-20,더샵동성로센트리엘,2025
PIH01712,비엘주차장,대구광역시 중구 중앙대로81길 7,35.8696717,128.5932232,03,02,7,24시간 이용가능,GS차지비,Y,N,2026-07-25T20:38:50+09:00,35.8696717,128.5932232,453.3102971909745,APT2025-20,더샵동성로센트리엘,2025
EV008499,국민은행 대구지점,대구광역시 중구 중앙대로 401(남일동),35.8688367,128.5934025,02,02,7,24시간 이용가능,에버온,N,N,2026-07-25T20:38:50+09:00,35.8688367,128.5934025,461.8432570608679,APT2025-20,더샵동성로센트리엘,2025
PI202733,케이티대구타워,대구광역시 중구 동덕로 167,35.8696592,128.6033867,11,02,14,비개방,GS차지비,Y,N,2026-07-25T20:38:50+09:00,35.8696592,128.6033867,473.98717058429327,APT2025-20,더샵동성로센트리엘,2025
PI306068,유니온스퀘어,대구광역시 중구 동성로1길 15,35.867008,128.594644,01,02,7,09:00~18:00,GS차지비,N,N,2026-07-25T20:38:50+09:00,35.867008,128.594644,487.56916869874715,APT2025-20,더샵동성로센트리엘,2025
PI202801,케이티대구타워,"대구광역시 중구 동덕로 167 (동인동2가, KT대구지사(동인동우체국))",35.8696115,128.603585,21,02,14,비개방,GS차지비,Y,N,2026-07-25T20:38:50+09:00,35.8696115,128.603585,492.46788390748907,APT2025-20,더샵동성로센트리엘,2025
CV002471,국채보상운동기념공원주차장,대구광역시 중구 국채보상로 670,35.868889,128.60341,03,02,7,24시간 이용가능,채비,Y,N,2026-07-25T20:38:50+09:00,35.868889,128.60341,496.5448529992043,APT2025-20,더샵동성로센트리엘,2025
EV019067,대구남구 용마맨션 1,대구광역시 남구 대명로 145,35.8394639,128.5736919,01,02,7,24시간 이용가능,주식회사 에버온,N,N,2026-07-25T20:38:50+09:00,35.8394639,128.5736919,150.89867687122657,APT2025-21,영대병원역골드클래스센트럴오피스텔,2025
LU004142,동신점보아파트,대구광역시 남구 대명로 177,35.839376,128.577147,01,02,7,24시간 이용가능,LG유플러스볼트업,Y,N,2026-07-25T20:38:50+09:00,35.839376,128.577147,198.0090229056022,APT2025-21,영대병원역골드클래스센트럴오피스텔,2025
PI202778,케이티남대구빌딩,"대구광역시 남구 안지랑로 82 (대명동, KT남대구지사)",35.8388933,128.5719065,02,02,7,24시간 이용가능,GS차지비,Y,N,2026-07-25T20:38:50+09:00,35.8388933,128.5719065,288.44091764552434,APT2025-21,영대병원역골드클래스센트럴오피스텔,2025
KRC10171,하지스퀘어,대구광역시 남구 두류공원로5길 45-8,35.839863,128.572208,02,02,11,24시간 이용가능,이브이씨원,Y,N,2026-07-25T20:38:50+09:00,35.839863,128.572208,289.53561848403575,APT2025-21,영대병원역골드클래스센트럴오피스텔,2025
NT102180,대구 앞산리슈빌앤리마크2단지,대구광역시 남구 안지랑로 74,35.83836,128.57178,02,02,7,24시간 이용가능,NICE인프라,N,N,2026-07-25T20:38:50+09:00,35.83836,128.57178,302.0875226096216,APT2025-21,영대병원역골드클래스센트럴오피스텔,2025
ME18C175,대명1동 행정복지센터,대구광역시 남구 두류공원로 38,35.841448784,128.57357283,01,06,100,24시간 이용가능,기후에너지환경부,Y,N,2026-07-25T20:38:50+09:00,35.841448784,128.57357283,332.18165704145514,APT2025-21,영대병원역골드클래스센트럴오피스텔,2025
HM710014,_KT&G 코스모대구사업소,대구광역시 남구 대명로 124,35.8386299,128.5711945,03,02,7,24시간 이용가능,휴맥스이브이,N,N,2026-07-25T20:38:50+09:00,35.8386299,128.5711945,352.22647044974235,APT2025-21,영대병원역골드클래스센트럴오피스텔,2025
CV003127,대구시_대명9동 행정복지센터,대구광역시 남구 큰골길 53,35.837225,128.579385,01,02,7,24시간 이용가능,채비,Y,N,2026-07-25T20:38:50+09:00,35.837225,128.579385,420.9567100525011,APT2025-21,영대병원역골드클래스센트럴오피스텔,2025
CV003062,홈플러스 남대구점,대구광역시 남구 대명로 116,35.83892,128.570358,03,04,100,10:00~22:00,채비,Y,N,2026-07-25T20:38:50+09:00,35.83892,128.570358,427.9755563575145,APT2025-21,영대병원역골드클래스센트럴오피스텔,2025
LU003963,대명동파크맨션,대구광역시 남구 대명복개로 230,35.84113,128.57112,06,02,7,24시간 이용가능,LG유플러스볼트업,Y,N,2026-07-25T20:38:50+09:00,35.84113,128.57112,447.13256866727204,APT2025-21,영대병원역골드클래스센트럴오피스텔,2025
KP002173,홈플러스 남대구점,대구광역시 남구 대명로 116,35.8386903425,128.5698545725,01,06,,,한국전력,Y,N,2026-07-25T20:38:50+09:00,35.8386903425,128.5698545725,472.8550211509853,APT2025-21,영대병원역골드클래스센트럴오피스텔,2025
EV013088,대구남구 개나리맨션,대구광역시 남구 대명로 117,35.839872789,128.57003713,01,02,7,24시간 이용가능,에버온,N,N,2026-07-25T20:38:50+09:00,35.839872789,128.57003713,473.7356297293079,APT2025-21,영대병원역골드클래스센트럴오피스텔,2025
PL032786,개나리맨션,대구 남구 대명로 117,35.8398728,128.5700371,01,02,7,24시간 이용가능,플러그링크,N,N,2026-07-25T20:38:50+09:00,35.8398728,128.5700371,473.73856293390844,APT2025-21,영대병원역골드클래스센트럴오피스텔,2025
NT102179,대구 앞산리슈빌앤리마크1단지,대구광역시 남구 안지랑로 73,35.83744,128.57,03,02,7,24시간 이용가능,NICE인프라,N,N,2026-07-25T20:38:50+09:00,35.83744,128.57,481.5871003742753,APT2025-21,영대병원역골드클래스센트럴오피스텔,2025
CV003115,대구시_본동행정복지센터,대구광역시 달서구 구마로26길 62,35.834448,128.541055,01,02,7,24시간 이용가능,채비,Y,N,2026-07-25T20:38:50+09:00,35.834448,128.541055,159.6637533131386,APT2025-22,달서롯데캐슬센트럴스카이,2025
EZ002091,대구공업대학교_위니텍,대구광역시 달서구 송현로 205,35.8351184,128.5419565,01,02,7,24시간 이용가능,(주)차지인,N,N,2026-07-25T20:38:50+09:00,35.8351184,128.5419565,203.20397192446939,APT2025-22,달서롯데캐슬센트럴스카이,2025
PC001562,달서코아루더리브(대구),대구광역시 달서구 와룡로 42,35.8362882,128.5374954,04,02,7,24시간 이용가능,아이파킹,Y,N,2026-07-25T20:38:50+09:00,35.8362882,128.5374954,224.28126434586687,APT2025-22,달서롯데캐슬센트럴스카이,2025
CV002144,올림픽기념국민생활관,대구광역시 달서구 학산로 130,35.8335919,128.5409839,02,04,100,24시간 이용가능,채비,Y,N,2026-07-25T20:38:50+09:00,35.8335919,128.5409839,230.69877022249887,APT2025-22,달서롯데캐슬센트럴스카이,2025
EZ002092,대구공업대학교_평생교육원,대구광역시 달서구 송현로 205,35.835415,128.54285,01,02,7,24시간 이용가능,(주)차지인,Y,N,2026-07-25T20:38:50+09:00,35.835415,128.54285,281.32333769344984,APT2025-22,달서롯데캐슬센트럴스카이,2025
KP003780,달서구노인종합복지관,대구광역시 달서구 학산로 140,35.833430625158,128.5417838845,01,06,50,24시간 이용가능,한국전력,Y,N,2026-07-25T20:38:50+09:00,35.833430625158,128.5417838845,286.82482385011104,APT2025-22,달서롯데캐슬센트럴스카이,2025
PW101126,유림노르웨이아침아파트,대구광역시 달서구 구마로 97,35.837827286,128.5383658,05,02,7,24시간 이용가능,파워큐브,Y,N,2026-07-25T20:38:50+09:00,35.837827286,128.5383658,296.55087978751334,APT2025-22,달서롯데캐슬센트럴스카이,2025
PW010451,유림노르웨이아침,대구광역시 달서구 구마로 97,35.8378288,128.5383673,03,02,7,24시간 이용가능,파워큐브(SP),Y,N,2026-07-25T20:38:50+09:00,35.8378288,128.5383673,296.6481064171088,APT2025-22,달서롯데캐슬센트럴스카이,2025
PWE02950,유림노르웨이아침아파트,대구광역시 달서구 구마로 97,35.83783,128.53837,01,02,3,24시간 이용가능,파워큐브,Y,N,2026-07-25T20:38:50+09:00,35.83783,128.53837,296.66896959163205,APT2025-22,달서롯데캐슬센트럴스카이,2025
LU101542,빌리브클라쎄아파트,대구광역시 달서구 와룡로 41,35.8364656,128.5363571,03,02,7,24시간 이용가능,LG유플러스볼트업,Y,N,2026-07-25T20:38:50+09:00,35.8364656,128.5363571,326.25647469556895,APT2025-22,달서롯데캐슬센트럴스카이,2025
LU003218,주식회사청명건설,대구광역시 달서구 구마로 89,35.837841,128.537598,02,02,7,24시간 이용가능,LG유플러스볼트업,Y,N,2026-07-25T20:38:50+09:00,35.837841,128.537598,332.52447062486465,APT2025-22,달서롯데캐슬센트럴스카이,2025
ME25C167,학산공원 삼거리 주차장,대구광역시 달서구 본동 1118,35.8324695,128.5386968,01,04,100,24시간 이용가능,기후부,Y,N,2026-07-25T20:38:50+09:00,35.8324695,128.5386968,338.91077581297185,APT2025-22,달서롯데캐슬센트럴스카이,2025
LU004186,본리동한신아파트,대구광역시 달서구 와룡로14길 53,35.838306,128.540909,03,02,7,24시간 이용가능,LG유플러스볼트업,Y,N,2026-07-25T20:38:50+09:00,35.838306,128.540909,340.1604065062676,APT2025-22,달서롯데캐슬센트럴스카이,2025
KP003772,학산근린공원삼거리주차장,대구광역시 달서구 학산로 104-11,35.832327247798,128.5385782094,01,06,50,24시간 이용가능,한국전력,Y,N,2026-07-25T20:38:50+09:00,35.832327247798,128.5385782094,357.1056842230155,APT2025-22,달서롯데캐슬센트럴스카이,2025
HM001818,아카시아아파트,대구광역시 달서구 대명천로 153,35.8379774,128.5421457,01,02,7,24시간 이용가능,휴맥스이브이,Y,N,2026-07-25T20:38:50+09:00,35.8379774,128.5421457,359.9598310262577,APT2025-22,달서롯데캐슬센트럴스카이,2025
BNBN0585,대구 새본리중학교,"대구 달서구 대명천로 167 (본리동, 새본리중학교)",35.8392164,128.540979,01,02,7,24시간 이용가능,블루네트웍스,N,N,2026-07-25T20:38:50+09:00,35.8392164,128.540979,439.0408123771695,APT2025-22,달서롯데캐슬센트럴스카이,2025
IN053047,월성5단지아파트,대구광역시 달서구 구마로12길 89,35.8323,128.5364,01,02,7,24시간 이용가능,신세계아이앤씨,N,Y,2026-07-25T20:38:50+09:00,35.8323,128.5364,457.0707857959039,APT2025-22,달서롯데캐슬센트럴스카이,2025
PIS00571,대구 달서구 월성5단지아파트,대구광역시 달서구 구마로12길 89,35.8323,128.5364,07,02,7,24시간 이용가능,GS차지비,Y,N,2026-07-25T20:38:50+09:00,35.8323,128.5364,457.0707857959039,APT2025-22,달서롯데캐슬센트럴스카이,2025
EP190050,달서구 펠리체(한명화),대구광역시 달서구 와룡로16길 27-3,35.8394306,128.5385444,01,02,7,24시간 이용가능/시설 상황에 따라 이용이 제한될 수 있습니다,이카플러그,Y,N,2026-07-25T20:38:50+09:00,35.8394306,128.5385444,460.7125554875147,APT2025-22,달서롯데캐슬센트럴스카이,2025
SF002583,달서유림 노르웨이숲 (완속충전기),대구광역시 달서구 와룡로 67,35.8387951,128.5362236,01,02,11,05:00~익일01:00,스타코프(주)스타코프,N,N,2026-07-25T20:38:50+09:00,35.8387951,128.5362236,492.31122337617825,APT2025-22,달서롯데캐슬센트럴스카이,2025
SF001285,달서유림 노르웨이숲,대구광역시 달서구 와룡로 67,35.83879514,128.53622362,01,02,3,09:00~18:00,(주)스타코프,N,N,2026-07-25T20:38:50+09:00,35.83879514,128.53622362,492.3134765556704,APT2025-22,달서롯데캐슬센트럴스카이,2025
CV001701,범어공영주차장,대구광역시 수성구 범어 248-1,35.8569187,128.633352,01,04,100,24시간 이용가능,채비,N,N,2026-07-25T20:38:50+09:00,35.8569187,128.633352,67.12636319755933,APT2026-01,범어자이,2026
ME21B198,대구수성경찰서,대구광역시 수성구 달구벌대로 2460,35.85836914,128.63194358,01,04,100,24시간 이용가능,기후에너지환경부,Y,N,2026-07-25T20:38:50+09:00,35.85836914,128.63194358,155.49976217339682,APT2026-01,범어자이,2026
CV003480,대구시_수성구청,대구광역시 수성구 달구벌대로 2450,35.857973,128.63088,02,02,7,24시간 이용가능,채비,N,N,2026-07-25T20:38:50+09:00,35.857973,128.63088,186.41236059160624,APT2026-01,범어자이,2026
HM710077,범어 SK VIEW 아파트,대구광역시 수성구 범어로 75,35.8563549,128.6345011,02,02,7,24시간 이용가능,휴맥스이브이,Y,N,2026-07-25T20:38:50+09:00,35.8563549,128.6345011,186.7385112554436,APT2026-01,범어자이,2026
PW100359,범어SKVIEW아파트1단지,대구광역시 수성구 범어로 75,35.856328802,128.6345065,02,02,7,24시간 이용가능,파워큐브코리아,Y,N,2026-07-25T20:38:50+09:00,35.856328802,128.6345065,188.45953558254115,APT2026-01,범어자이,2026
PWE05262,범어skview아파트2단지,대구광역시 수성구 범어로 73,35.8563288,128.6345065,01,02,3,24시간 이용가능,파워큐브코리아,Y,N,2026-07-25T20:38:50+09:00,35.8563288,128.6345065,188.45963529418844,APT2026-01,범어자이,2026
PWE05263,범어skview아파트1단지,대구광역시 수성구 범어로 75,35.8563288,128.6345065,01,02,3,24시간 이용가능,파워큐브코리아,Y,N,2026-07-25T20:38:50+09:00,35.8563288,128.6345065,188.45963529418844,APT2026-01,범어자이,2026
EV018307,대구수성 우방3차범어타운 1,대구광역시 수성구 달구벌대로492길 12,35.8575406,128.630619,01,02,7,24시간 이용가능,에버온,N,N,2026-07-25T20:38:50+09:00,35.8575406,128.630619,188.70460167927996,APT2026-01,범어자이,2026
CV002107,수성구청,대구광역시 수성구 달구벌대로 2450,35.8584503,128.6311087,01,04,100,09:00~18:00,채비,Y,N,2026-07-25T20:38:50+09:00,35.8584503,128.6311087,204.69542112727655,APT2026-01,범어자이,2026
PI700664,범어우방파크빌,대구광역시 수성구 달구벌대로496길 36,35.855377511,128.63370858,01,02,7,09시~23시,GS차지비,Y,N,2026-07-25T20:38:50+09:00,35.855377511,128.63370858,213.36811281672172,APT2026-01,범어자이,2026
PI735228,범어우방파크빌B,대구광역시 수성구 달구벌대로496길 36 범어우방파크빌,35.855177063,128.63370446,03,02,7,24시간 이용가능,GS차지비,N,N,2026-07-25T20:38:50+09:00,35.855177063,128.63370446,233.30931065354005,APT2026-01,범어자이,2026
PW100360,범어SKVIEW아파트2단지,대구광역시 수성구 범어로 73,35.855654218,128.63455221,02,02,7,24시간 이용가능,파워큐브,Y,N,2026-07-25T20:38:50+09:00,35.855654218,128.63455221,234.99984253168836,APT2026-01,범어자이,2026
LU003223,디에스라이프,대구광역시 수성구 달구벌대로 2461,35.859195,128.631892,01,02,7,24시간 이용가능,LG유플러스볼트업,Y,N,2026-07-25T20:38:50+09:00,35.859195,128.631892,243.65058644692414,APT2026-01,범어자이,2026
CV002819,대구범어초등학교,대구광역시 수성구 달구벌대로489길 55,35.8598858,128.6325226,03,02,7,24시간 이용가능,채비,Y,N,2026-07-25T20:38:50+09:00,35.8598858,128.6325226,311.1950504883882,APT2026-01,범어자이,2026
HE212797,범어풀비체아파트,대구광역시 수성구 범어로 61,35.854546,128.634695,02,02,7,24시간 이용가능,한국전기차충전서비스,Y,N,2026-07-25T20:38:50+09:00,35.854546,128.634695,338.12624008018656,APT2026-01,범어자이,2026
PW100687,힐스테이트 범어 입주자대표회의,대구광역시 수성구 범어로18길 22,35.856800188,128.63654501,10,02,7,24시간 이용가능,파워큐브코리아,Y,N,2026-07-25T20:38:50+09:00,35.856800188,128.63654501,353.62686066173546,APT2026-01,범어자이,2026
PI067893,두산위브더제니스,대구광역시 수성구 달구벌대로 2435,35.85921142,128.62926245,01,02,7,09:00~18:00,GS차지비,Y,N,2026-07-25T20:38:50+09:00,35.85921142,128.62926245,384.98719352848036,APT2026-01,범어자이,2026
LU100316,가든하이츠1단지,대구광역시 수성구 범어로 45,35.85402041,128.63509205,03,02,7,24시간 이용가능,LG유플러스볼트업,Y,N,2026-07-25T20:38:50+09:00,35.85402041,128.63509205,406.62656127496234,APT2026-01,범어자이,2026
PC001755,수성범어W아파트(대구),대구광역시 수성구 달구벌대로 2436,35.8583723,128.6283459,01,02,7,24시간 이용가능,아이파킹,N,N,2026-07-25T20:38:50+09:00,35.8583723,128.6283459,412.24065802489025,APT2026-01,범어자이,2026
PI068147,두산위브더제니스B,대구광역시 수성구 달구벌대로 2435,35.860367037,128.6296016,04,02,7,24시간 이용가능,GS차지비,N,N,2026-07-25T20:38:50+09:00,35.860367037,128.6296016,455.77297003831086,APT2026-01,범어자이,2026
PI740398,두산위브더제니스지하2층,대구광역시 수성구 달구벌대로 2435,35.8600633,128.6290511,01,02,7,24시간 이용가능,GS차지비,Y,N,2026-07-25T20:38:50+09:00,35.8600633,128.6290511,462.44169964523,APT2026-01,범어자이,2026
KP001671,범어롯데캐슬,대구광역시 수성구 범어동 동대구로 300,35.8567880713,128.6273481909,01,02,7,,한국전기차충전서비스,Y,N,2026-07-25T20:38:50+09:00,35.8567880713,128.6273481909,477.83316939240467,APT2026-01,범어자이,2026
PI808468,대구 수성구 범어롯데캐슬,대구광역시 수성구 동대구로 300,35.8567863,128.6273463,03,02,7,24시간 이용가능,GS차지비,Y,N,2026-07-25T20:38:50+09:00,35.8567863,128.6273463,478.01698250726,APT2026-01,범어자이,2026
EV006878,대구수성 범어롯데캐슬 1,대구광역시 수성구 동대구로 300,35.856786295,128.62734627,01,02,7,24시간 이용가능,에버온,Y,N,2026-07-25T20:38:50+09:00,35.856786295,128.62734627,478.0197185787809,APT2026-01,범어자이,2026
PL031601,대구 범어동일하이빌,대구 수성구 동대구로52길 55,35.8543115,128.6283397,07,02,7,24시간 이용가능,플러그링크,N,N,2026-07-25T20:38:50+09:00,35.8543115,128.6283397,495.353104464206,APT2026-01,범어자이,2026
KP001670,범어동일하이빌,대구광역시 수성구 범어동 동대구로52길 55,35.8543127412,128.6283380968,01,02,7,,한국전력,Y,N,2026-07-25T20:38:50+09:00,35.8543127412,128.6283380968,495.3800725222228,APT2026-01,범어자이,2026
TS272603,두산위브더제니스,대구광역시 수성구 달구벌대로 2435,35.860401,128.628909,01,02,7,24시간 이용가능,주식회사 태성콘텍,Y,N,2026-07-25T20:38:50+09:00,35.860401,128.628909,498.5416770755616,APT2026-01,범어자이,2026
EV019067,대구남구 용마맨션 1,대구광역시 남구 대명로 145,35.8394639,128.5736919,01,02,7,24시간 이용가능,주식회사 에버온,N,N,2026-07-25T20:38:50+09:00,35.8394639,128.5736919,150.89867687122657,APT2026-02,힐스테이트대명센트럴2차,2026
LU004142,동신점보아파트,대구광역시 남구 대명로 177,35.839376,128.577147,01,02,7,24시간 이용가능,LG유플러스볼트업,Y,N,2026-07-25T20:38:50+09:00,35.839376,128.577147,198.0090229056022,APT2026-02,힐스테이트대명센트럴2차,2026
PI202778,케이티남대구빌딩,"대구광역시 남구 안지랑로 82 (대명동, KT남대구지사)",35.8388933,128.5719065,02,02,7,24시간 이용가능,GS차지비,Y,N,2026-07-25T20:38:50+09:00,35.8388933,128.5719065,288.44091764552434,APT2026-02,힐스테이트대명센트럴2차,2026
KRC10171,하지스퀘어,대구광역시 남구 두류공원로5길 45-8,35.839863,128.572208,02,02,11,24시간 이용가능,이브이씨원,Y,N,2026-07-25T20:38:50+09:00,35.839863,128.572208,289.53561848403575,APT2026-02,힐스테이트대명센트럴2차,2026
NT102180,대구 앞산리슈빌앤리마크2단지,대구광역시 남구 안지랑로 74,35.83836,128.57178,02,02,7,24시간 이용가능,NICE인프라,N,N,2026-07-25T20:38:50+09:00,35.83836,128.57178,302.0875226096216,APT2026-02,힐스테이트대명센트럴2차,2026
ME18C175,대명1동 행정복지센터,대구광역시 남구 두류공원로 38,35.841448784,128.57357283,01,06,100,24시간 이용가능,기후에너지환경부,Y,N,2026-07-25T20:38:50+09:00,35.841448784,128.57357283,332.18165704145514,APT2026-02,힐스테이트대명센트럴2차,2026
HM710014,_KT&G 코스모대구사업소,대구광역시 남구 대명로 124,35.8386299,128.5711945,03,02,7,24시간 이용가능,휴맥스이브이,N,N,2026-07-25T20:38:50+09:00,35.8386299,128.5711945,352.22647044974235,APT2026-02,힐스테이트대명센트럴2차,2026
CV003127,대구시_대명9동 행정복지센터,대구광역시 남구 큰골길 53,35.837225,128.579385,01,02,7,24시간 이용가능,채비,Y,N,2026-07-25T20:38:50+09:00,35.837225,128.579385,420.9567100525011,APT2026-02,힐스테이트대명센트럴2차,2026
CV003062,홈플러스 남대구점,대구광역시 남구 대명로 116,35.83892,128.570358,03,04,100,10:00~22:00,채비,Y,N,2026-07-25T20:38:50+09:00,35.83892,128.570358,427.9755563575145,APT2026-02,힐스테이트대명센트럴2차,2026
LU003963,대명동파크맨션,대구광역시 남구 대명복개로 230,35.84113,128.57112,06,02,7,24시간 이용가능,LG유플러스볼트업,Y,N,2026-07-25T20:38:50+09:00,35.84113,128.57112,447.13256866727204,APT2026-02,힐스테이트대명센트럴2차,2026
KP002173,홈플러스 남대구점,대구광역시 남구 대명로 116,35.8386903425,128.5698545725,01,06,,,한국전력,Y,N,2026-07-25T20:38:50+09:00,35.8386903425,128.5698545725,472.8550211509853,APT2026-02,힐스테이트대명센트럴2차,2026
EV013088,대구남구 개나리맨션,대구광역시 남구 대명로 117,35.839872789,128.57003713,01,02,7,24시간 이용가능,에버온,N,N,2026-07-25T20:38:50+09:00,35.839872789,128.57003713,473.7356297293079,APT2026-02,힐스테이트대명센트럴2차,2026
PL032786,개나리맨션,대구 남구 대명로 117,35.8398728,128.5700371,01,02,7,24시간 이용가능,플러그링크,N,N,2026-07-25T20:38:50+09:00,35.8398728,128.5700371,473.73856293390844,APT2026-02,힐스테이트대명센트럴2차,2026
NT102179,대구 앞산리슈빌앤리마크1단지,대구광역시 남구 안지랑로 73,35.83744,128.57,03,02,7,24시간 이용가능,NICE인프라,N,N,2026-07-25T20:38:50+09:00,35.83744,128.57,481.5871003742753,APT2026-02,힐스테이트대명센트럴2차,2026
CV000809,대구시_칠성동,대구광역시 북구 칠성로19길 4,35.879194,128.599966,01,06,100,09:00~18:00,채비,Y,N,2026-07-25T20:38:50+09:00,35.879194,128.599966,105.10611379105337,APT2026-03,힐스테이트칠성더오페라,2026
HM001029,대구역서원프레시빌,대구광역시 북구 칠성남로 176,35.8766044,128.5991137,02,02,7,24시간 이용가능,휴맥스이브이,Y,N,2026-07-25T20:38:50+09:00,35.8766044,128.5991137,205.067586443579,APT2026-03,힐스테이트칠성더오페라,2026
PW015051,대구역 SD아이프라임/(주)목성엔지니어링(SP),대구광역시 북구 칠성남로30길 40,35.8759762,128.5990953,01,02,7,24시간 이용가능,파워큐브(SP),Y,N,2026-07-25T20:38:50+09:00,35.8759762,128.5990953,274.90220604357324,APT2026-03,힐스테이트칠성더오페라,2026
EP220738,대구 뉴그랜드호텔,대구광역시 북구 칠성남로38길 46,35.8761014,128.59781687,01,02,7,24시간 이용가능,이카플러그,Y,N,2026-07-25T20:38:50+09:00,35.8761014,128.59781687,291.0100163362364,APT2026-03,힐스테이트칠성더오페라,2026
KP003224,오페라코오롱하늘채,대구광역시 북구 칠성동2가 중앙대로 540,35.880958,128.59745,02,02,7,,한국전기차충전서비스,Y,N,2026-07-25T20:38:50+09:00,35.880958,128.59745,323.2633157983169,APT2026-03,힐스테이트칠성더오페라,2026
CV001592,칠성공영주차장,대구광역시 북구 칠성남로 196,35.87611,128.60166099,03,04,100,24시간 이용가능,채비,N,N,2026-07-25T20:38:50+09:00,35.87611,128.60166099,338.29244421989705,APT2026-03,힐스테이트칠성더오페라,2026
IN053057,오페라코오롱하늘채,대구광역시 북구 중앙대로 540,35.881,128.597,02,02,7,24시간 이용가능,신세계아이앤씨,N,Y,2026-07-25T20:38:50+09:00,35.881,128.597,349.22081782386596,APT2026-03,힐스테이트칠성더오페라,2026
PIS00580,대구 북구 오페라코오롱하늘채,대구광역시 북구 중앙대로 540,35.881,128.597,01,02,7,24시간 이용가능,GS차지비,Y,N,2026-07-25T20:38:50+09:00,35.881,128.597,349.22081782386596,APT2026-03,힐스테이트칠성더오페라,2026
KP000230,롯데역사(주) 대구점,대구광역시 북구 태평로 161,35.87570569559,128.5968015716,01,06,50,주중/주말 : 24시간,한국전력,Y,N,2026-07-25T20:38:50+09:00,35.87570569559,128.5968015716,376.3208792065825,APT2026-03,힐스테이트칠성더오페라,2026
NT100021,대구 오페라클레시아 오피스텔,대구광역시 북구 중앙대로 513,35.8790937,128.594754,05,02,7,24시간 이용가능,NICE인프라,N,N,2026-07-25T20:38:50+09:00,35.8790937,128.594754,411.8174631319307,APT2026-03,힐스테이트칠성더오페라,2026
CV004108,농협경제지주 대구태평로공판장,대구광역시 중구 태평로 195,35.87467377,128.59964884,01,02,7,24시간 이용가능,채비,N,N,2026-07-25T20:38:50+09:00,35.87467377,128.59964884,420.85748371989337,APT2026-03,힐스테이트칠성더오페라,2026
EV008877,대구중구 라이프아파트,대구광역시 중구 태평로 177,35.87486539,128.59764777,02,02,7,24시간 이용가능,에버온,N,N,2026-07-25T20:38:50+09:00,35.87486539,128.59764777,423.5437894998515,APT2026-03,힐스테이트칠성더오페라,2026
JA270006,롯데백화점 대구점 지상 4층,대구광역시 중구 태평로 160,35.8754831,128.5962573,09,04,30,10:00 ~ 21:00,이브이시스,N,N,2026-07-25T20:38:50+09:00,35.8754831,128.5962573,425.89518743890125,APT2026-03,힐스테이트칠성더오페라,2026
JA270007,롯데백화점 대구점 지상 3층,대구광역시 중구 태평로 160,35.8754317,128.5962314,01,04,30,10:00 ~ 21:00,이브이시스,N,N,2026-07-25T20:38:50+09:00,35.8754317,128.5962314,431.79847577188815,APT2026-03,힐스테이트칠성더오페라,2026
HM001672,우방플러스빌,대구광역시 북구 중앙대로105길 17,35.8803793,128.5944033,01,02,7,24시간 이용가능,휴맥스이브이,Y,N,2026-07-25T20:38:50+09:00,35.8803793,128.5944033,487.0996403610938,APT2026-03,힐스테이트칠성더오페라,2026
EV017808,대구북구 대현e-편한세상 1,대구광역시 북구 대현로10길 82,35.8808524,128.6038144,02,02,7,24시간 이용가능,에버온,N,N,2026-07-25T20:38:50+09:00,35.8808524,128.6038144,490.360674695008,APT2026-03,힐스테이트칠성더오페라,2026
EV017809,대구북구 대현e-편한세상 2,대구광역시 북구 대현로10길 82,35.8809524,128.60375,01,02,7,24시간 이용가능,에버온,N,N,2026-07-25T20:38:50+09:00,35.8809524,128.60375,491.727493613819,APT2026-03,힐스테이트칠성더오페라,2026
EP190050,달서구 펠리체(한명화),대구광역시 달서구 와룡로16길 27-3,35.8394306,128.5385444,01,02,7,24시간 이용가능/시설 상황에 따라 이용이 제한될 수 있습니다,이카플러그,Y,N,2026-07-25T20:38:50+09:00,35.8394306,128.5385444,177.1169398667256,APT2026-04,달서푸르지오시그니처,2026
EV016303,대구달서 성당래미안e편한세상 1단지 1,대구광역시 달서구 장기로 127,35.8420778,128.5410113,01,02,7,24시간 이용가능,에버온,N,N,2026-07-25T20:38:50+09:00,35.8420778,128.5410113,203.64019797638719,APT2026-04,달서푸르지오시그니처,2026
EV016304,대구달서 성당래미안e편한세상 1단지 2,대구광역시 달서구 장기로 127,35.8420778,128.5410113,02,02,7,24시간 이용가능,에버온,N,N,2026-07-25T20:38:50+09:00,35.8420778,128.5410113,203.64019797638719,APT2026-04,달서푸르지오시그니처,2026
EV016305,대구달서 성당래미안e편한세상 1단지 3,대구광역시 달서구 장기로 127,35.8420778,128.5410113,01,02,7,24시간 이용가능,에버온,N,N,2026-07-25T20:38:50+09:00,35.8420778,128.5410113,203.64019797638719,APT2026-04,달서푸르지오시그니처,2026
EV016307,대구달서 성당래미안e편한세상 1단지 5,대구광역시 달서구 장기로 127,35.8420778,128.5410113,02,02,7,24시간 이용가능,에버온,N,N,2026-07-25T20:38:50+09:00,35.8420778,128.5410113,203.64019797638719,APT2026-04,달서푸르지오시그니처,2026
EV016306,대구달서 성당래미안e편한세상 1단지 4,대구광역시 달서구 장기로 127,35.8420778,128.5410113,01,02,7,24시간 이용가능,에버온,N,N,2026-07-25T20:38:50+09:00,35.8420778,128.5410113,203.64019797638719,APT2026-04,달서푸르지오시그니처,2026
EV016308,대구달서 성당래미안e편한세상 1단지 6,대구광역시 달서구 장기로 127,35.8420778,128.5410113,03,02,7,24시간 이용가능,에버온,N,N,2026-07-25T20:38:50+09:00,35.8420778,128.5410113,203.64019797638719,APT2026-04,달서푸르지오시그니처,2026
EV016309,대구달서 성당래미안e편한세상 2단지 1,대구광역시 달서구 장기로 127,35.8420778,128.5410113,02,02,7,24시간 이용가능,에버온,N,N,2026-07-25T20:38:50+09:00,35.8420778,128.5410113,203.64019797638719,APT2026-04,달서푸르지오시그니처,2026
EV016312,대구달서 성당래미안e편한세상 2단지 4,대구광역시 달서구 장기로 127,35.8420778,128.5410113,04,02,7,24시간 이용가능,에버온,N,N,2026-07-25T20:38:50+09:00,35.8420778,128.5410113,203.64019797638719,APT2026-04,달서푸르지오시그니처,2026
EV016313,대구달서 성당래미안e편한세상 2단지 5,대구광역시 달서구 장기로 127,35.8420778,128.5410113,01,02,7,24시간 이용가능,에버온,N,N,2026-07-25T20:38:50+09:00,35.8420778,128.5410113,203.64019797638719,APT2026-04,달서푸르지오시그니처,2026
EV016310,대구달서 성당래미안e편한세상 2단지 2,대구광역시 달서구 장기로 127,35.8420778,128.5410113,01,02,7,24시간 이용가능,에버온,N,N,2026-07-25T20:38:50+09:00,35.8420778,128.5410113,203.64019797638719,APT2026-04,달서푸르지오시그니처,2026
EV016311,대구달서 성당래미안e편한세상 2단지 3,대구광역시 달서구 장기로 127,35.8420778,128.5410113,01,02,7,24시간 이용가능,에버온,N,N,2026-07-25T20:38:50+09:00,35.8420778,128.5410113,203.64019797638719,APT2026-04,달서푸르지오시그니처,2026
EV016315,대구달서 성당래미안e편한세상 2단지 7,대구광역시 달서구 장기로 127,35.8420778,128.5410113,02,02,7,24시간 이용가능,에버온,N,N,2026-07-25T20:38:50+09:00,35.8420778,128.5410113,203.64019797638719,APT2026-04,달서푸르지오시그니처,2026
EV016314,대구달서 성당래미안e편한세상 2단지 6,대구광역시 달서구 장기로 127,35.8420778,128.5410113,01,02,7,24시간 이용가능,에버온,N,N,2026-07-25T20:38:50+09:00,35.8420778,128.5410113,203.64019797638719,APT2026-04,달서푸르지오시그니처,2026
EV016316,대구달서 성당래미안e편한세상 2단지 8,대구광역시 달서구 장기로 127,35.8420778,128.5410113,02,02,7,24시간 이용가능,에버온,N,N,2026-07-25T20:38:50+09:00,35.8420778,128.5410113,203.64019797638719,APT2026-04,달서푸르지오시그니처,2026
EV016317,대구달서 성당래미안e편한세상 2단지 9,대구광역시 달서구 장기로 127,35.8420778,128.5410113,01,02,7,24시간 이용가능,에버온,N,N,2026-07-25T20:38:50+09:00,35.8420778,128.5410113,203.64019797638719,APT2026-04,달서푸르지오시그니처,2026
EV016318,대구달서 성당래미안e편한세상 2단지 10,대구광역시 달서구 장기로 127,35.8420778,128.5410113,01,02,7,24시간 이용가능,에버온,N,N,2026-07-25T20:38:50+09:00,35.8420778,128.5410113,203.64019797638719,APT2026-04,달서푸르지오시그니처,2026
EV016320,대구달서 성당래미안e편한세상 2단지 12,대구광역시 달서구 장기로 127,35.8420778,128.5410113,01,02,7,24시간 이용가능,에버온,N,N,2026-07-25T20:38:50+09:00,35.8420778,128.5410113,203.64019797638719,APT2026-04,달서푸르지오시그니처,2026
EV016319,대구달서 성당래미안e편한세상 2단지 11,대구광역시 달서구 장기로 127,35.8420778,128.5410113,01,02,7,24시간 이용가능,에버온,N,N,2026-07-25T20:38:50+09:00,35.8420778,128.5410113,203.64019797638719,APT2026-04,달서푸르지오시그니처,2026
BNBN0585,대구 새본리중학교,"대구 달서구 대명천로 167 (본리동, 새본리중학교)",35.8392164,128.540979,01,02,7,24시간 이용가능,블루네트웍스,N,N,2026-07-25T20:38:50+09:00,35.8392164,128.540979,243.35942449410473,APT2026-04,달서푸르지오시그니처,2026
LU101552,죽전역태왕아너스,대구광역시 달서구 와룡로 111,35.8426526,128.5366346,06,02,7,24시간 이용가능,LG유플러스볼트업,Y,N,2026-07-25T20:38:50+09:00,35.8426526,128.5366346,306.5142854727801,APT2026-04,달서푸르지오시그니처,2026
LU004186,본리동한신아파트,대구광역시 달서구 와룡로14길 53,35.838306,128.540909,02,02,7,24시간 이용가능,LG유플러스볼트업,Y,N,2026-07-25T20:38:50+09:00,35.838306,128.540909,325.1366566397088,APT2026-04,달서푸르지오시그니처,2026
CV000551,대구시_본리동 행정복지센터,대구광역시 달서구 당산로 37-14,35.841014,128.543167,01,06,50,24시간 이용가능,채비,Y,N,2026-07-25T20:38:50+09:00,35.841014,128.543167,351.4436100614562,APT2026-04,달서푸르지오시그니처,2026
PWE02950,유림노르웨이아침아파트,대구광역시 달서구 구마로 97,35.83783,128.53837,01,02,3,24시간 이용가능,파워큐브,Y,N,2026-07-25T20:38:50+09:00,35.83783,128.53837,352.04873708345707,APT2026-04,달서푸르지오시그니처,2026
PW010451,유림노르웨이아침,대구광역시 달서구 구마로 97,35.8378288,128.5383673,05,02,7,24시간 이용가능,파워큐브(SP),Y,N,2026-07-25T20:38:50+09:00,35.8378288,128.5383673,352.23473675953915,APT2026-04,달서푸르지오시그니처,2026
PW101126,유림노르웨이아침아파트,대구광역시 달서구 구마로 97,35.837827286,128.5383658,05,02,7,24시간 이용가능,파워큐브,Y,N,2026-07-25T20:38:50+09:00,35.837827286,128.5383658,352.42978512830695,APT2026-04,달서푸르지오시그니처,2026
SF001285,달서유림 노르웨이숲,대구광역시 달서구 와룡로 67,35.83879514,128.53622362,06,02,3,09:00~18:00,(주)스타코프,N,N,2026-07-25T20:38:50+09:00,35.83879514,128.53622362,361.60731396023465,APT2026-04,달서푸르지오시그니처,2026
SF002583,달서유림 노르웨이숲 (완속충전기),대구광역시 달서구 와룡로 67,35.8387951,128.5362236,02,02,11,05:00~익일01:00,스타코프(주)스타코프,N,N,2026-07-25T20:38:50+09:00,35.8387951,128.5362236,361.61157676427166,APT2026-04,달서푸르지오시그니처,2026
LU003218,주식회사청명건설,대구광역시 달서구 구마로 89,35.837841,128.537598,02,02,7,24시간 이용가능,LG유플러스볼트업,Y,N,2026-07-25T20:38:50+09:00,35.837841,128.537598,373.14624843270326,APT2026-04,달서푸르지오시그니처,2026
EV016944,대구달서 성당래미안e편한세상 2단지 13,"대구광역시 달서구 장기로 145 (본리동, 성당 래미안 e-편한세상)",35.8431747,128.5426395,01,04,50,24시간 이용가능,에버온,N,N,2026-07-25T20:38:50+09:00,35.8431747,128.5426395,394.4690929345105,APT2026-04,달서푸르지오시그니처,2026
KP004416,달서시장 공영주차장,대구광역시 달서구 감삼길 79,35.84086,128.54375,01,04,50,09:00~18:00,한국전력,Y,N,2026-07-25T20:38:50+09:00,35.84086,128.54375,403.847533010379,APT2026-04,달서푸르지오시그니처,2026
HM001818,아카시아아파트,대구광역시 달서구 대명천로 153,35.8379774,128.5421457,02,02,7,24시간 이용가능,휴맥스이브이,Y,N,2026-07-25T20:38:50+09:00,35.8379774,128.5421457,416.627302898625,APT2026-04,달서푸르지오시그니처,2026
PL032253,대구 달서구 죽전역동화아이위시,대구 달서구 와룡로 123,35.8437974,128.5358467,01,02,7,24시간 이용가능,플러그링크,N,N,2026-07-25T20:38:50+09:00,35.8437974,128.5358467,445.2544174259072,APT2026-04,달서푸르지오시그니처,2026
PI802108,성당코오롱하늘채아파트,대구광역시 달서구 장기로 160,35.844377,128.5419372,12,02,7,24시간 이용가능,GS차지비,Y,N,2026-07-25T20:38:50+09:00,35.844377,128.5419372,454.2493175233455,APT2026-04,달서푸르지오시그니처,2026
PC001756,죽전역코오롱하늘채(대구),대구광역시 달서구 용산로12길 77,35.8427711,128.5343943,14,02,7,00:00 ~ 23:59,아이파킹,N,N,2026-07-25T20:38:50+09:00,35.8427711,128.5343943,485.7528689392113,APT2026-04,달서푸르지오시그니처,2026
HW000659,대구 덕인초등학교 지상주차장,대구광역시 달서구 대명천로43길 66,35.8388821,128.5344875,03,02,7,09:00 ~ 15:00,한화솔루션,N,N,2026-07-25T20:38:50+09:00,35.8388821,128.5344875,486.5680719484211,APT2026-04,달서푸르지오시그니처,2026
HM001720,죽전한양아이클래스,대구광역시 달서구 장기로 228,35.8440656,128.5354511,02,02,7,24시간 이용가능,휴맥스이브이,Y,N,2026-07-25T20:38:50+09:00,35.8440656,128.5354511,491.4918054821638,APT2026-04,달서푸르지오시그니처,2026
PI000241,대구시 북부소방서,대구광역시 북구 칠성남로 112,35.8780019061,128.5923145614,01,02,7,24시간 이용가능,GS차지비,,N,2026-07-25T20:38:50+09:00,35.8780019061,128.5923145614,122.76703021365137,APT2026-05,대구역센트레빌더오페라,2026
PW100553,대구역유림노르웨이숲아파트,대구광역시 북구 칠성남로26길 11,35.877197234,128.59271865,02,02,7,24시간 이용가능,파워큐브,Y,N,2026-07-25T20:38:50+09:00,35.877197234,128.59271865,137.54617511788805,APT2026-05,대구역센트레빌더오페라,2026
PW012841,대구역유림노르웨이숲아파트 입주자대표회의,대구광역시 북구 칠성남로26길 11,35.877197234,128.59271865,05,02,7,24시간 이용가능,파워큐브,Y,N,2026-07-25T20:38:50+09:00,35.877197234,128.59271865,137.54617511788805,APT2026-05,대구역센트레빌더오페라,2026
PW800555,대구역노르웨이숲아파트 입주자대표회의24,대구광역시 북구 칠성남로26길 11,35.877201641,128.59285515,07,02,7,24시간 이용가능,파워큐브코리아,Y,N,2026-07-25T20:38:50+09:00,35.877201641,128.59285515,149.6870256970978,APT2026-05,대구역센트레빌더오페라,2026
PC001102,대구역 서희스타힐스아파트,대구광역시 북구 칠성남로 101,35.8786256,128.5918709,30,02,7,24시간 이용가능,아이파킹,Y,N,2026-07-25T20:38:50+09:00,35.8786256,128.5918709,152.9080549413501,APT2026-05,대구역센트레빌더오페라,2026
SF000609,대구역 서희스타힐스,대구광역시 북구 칠성남로 101,35.879425,128.591514,12,02,3,09:00~18:00,스타코프,N,N,2026-07-25T20:38:50+09:00,35.879425,128.591514,231.2285305035543,APT2026-05,대구역센트레빌더오페라,2026
NS850022,대구 중구청 관리공영주차장 급속충전소,대구광역시 중구 종로 99,35.87471399,128.5905536,11,04,50,24시간 이용가능,뉴텍솔루션(주),Y,N,2026-07-25T20:38:50+09:00,35.87471399,128.5905536,300.09204668340146,APT2026-05,대구역센트레빌더오페라,2026
CV004674,기아 대구지점,대구광역시 북구 칠성남로 71,35.879276,128.588495,01,02,7,08:00~20:00,채비,Y,N,2026-07-25T20:38:50+09:00,35.879276,128.588495,324.02933924764426,APT2026-05,대구역센트레빌더오페라,2026
HM000355,대구역센트럴자이,대구광역시 중구 서성로 99,35.875784681,128.58772767,01,02,7,24시간 이용가능,HUMAX EV,N,N,2026-07-25T20:38:50+09:00,35.875784681,128.58772767,359.0116350385244,APT2026-05,대구역센트레빌더오페라,2026
NT100021,대구 오페라클레시아 오피스텔,대구광역시 북구 중앙대로 513,35.8790937,128.594754,01,02,7,24시간 이용가능,NICE인프라,N,N,2026-07-25T20:38:50+09:00,35.8790937,128.594754,373.3072255843969,APT2026-05,대구역센트레빌더오페라,2026
LU101555,대구오페라스위첸,대구광역시 북구 칠성남로 70,35.8788421,128.5874605,19,02,7,24시간 이용가능,LG유플러스볼트업,Y,N,2026-07-25T20:38:50+09:00,35.8788421,128.5874605,375.47362521733487,APT2026-05,대구역센트레빌더오페라,2026
ER000384,대구역센트럴자이,대구광역시 중구 서성로 99,35.8754432,128.5875323,01,02,7,24시간 이용가능,위브이,Y,N,2026-07-25T20:38:50+09:00,35.8754432,128.5875323,393.6754488826065,APT2026-05,대구역센트레빌더오페라,2026
PW015099,대구역센트럴자이(SP),대구광역시 중구 서성로 99,35.8754432,128.5875323,02,02,7,24시간 이용가능,파워큐브(SP),Y,N,2026-07-25T20:38:50+09:00,35.8754432,128.5875323,393.6754488826065,APT2026-05,대구역센트레빌더오페라,2026
PW801539,대구역센트럴자이 입주자대표회의(SPB),대구광역시 중구 서성로 99,35.875443162,128.5875323,03,02,7,24시간 이용가능,파워큐브(SP),Y,N,2026-07-25T20:38:50+09:00,35.875443162,128.5875323,393.67773734401095,APT2026-05,대구역센트레빌더오페라,2026
PIH00945,대구역센트럴자이아파트,대구광역시 중구 서성로 99,35.875443162,128.5875323,01,02,3,24시간 이용가능,GS차지비,Y,N,2026-07-25T20:38:50+09:00,35.875443162,128.5875323,393.67773734401095,APT2026-05,대구역센트레빌더오페라,2026
SF002932,대구역센트럴자이 (완속충전기),대구광역시 중구 서성로 99,35.875443162,128.5875323,02,02,11,09:00~18:00,(주)스타코프,N,N,2026-07-25T20:38:50+09:00,35.875443162,128.5875323,393.67773734401095,APT2026-05,대구역센트레빌더오페라,2026
PW010042,(급속)대구역센트럴자이,대구광역시 중구 서성로 99,35.87543911229,128.5874092084,02,06,50,24시간 이용가능,파워큐브,Y,N,2026-07-25T20:38:50+09:00,35.87543911229,128.5874092084,403.2840685221029,APT2026-05,대구역센트레빌더오페라,2026
HM000388,칠성우방맨션,대구광역시 북구 중앙대로105길 22,35.880717551,128.59352667,01,02,7,24시간 이용가능,HUMAX EV,N,N,2026-07-25T20:38:50+09:00,35.880717551,128.59352667,427.8710248835769,APT2026-05,대구역센트레빌더오페라,2026
HW000477,대구 대봉초등학교,대구광역시 남구 대봉로26길 33,35.8740084,128.5935501,01,02,14,09:00 ~ 17:00,한화솔루션,N,N,2026-07-25T20:38:50+09:00,35.8740084,128.5935501,428.45151204195344,APT2026-05,대구역센트레빌더오페라,2026
HM001672,우방플러스빌,대구광역시 북구 중앙대로105길 17,35.8803793,128.5944033,01,02,7,24시간 이용가능,휴맥스이브이,Y,N,2026-07-25T20:38:50+09:00,35.8803793,128.5944033,442.36118534343893,APT2026-05,대구역센트레빌더오페라,2026
KP010627,대구복합스포츠타운 P1주차장,대구광역시 북구 고성로 191,35.8803174,128.5876054,02,04,100,"주중 08:00~19:00, 주말 09:00~18:00",한국전력,Y,N,2026-07-25T20:38:50+09:00,35.8803174,128.5876054,461.84251583356894,APT2026-05,대구역센트레빌더오페라,2026
PI770811,대구스테이션,대구광역시 중구 태평로 160,35.8747072,128.5952666,02,02,7,24시간 이용가능,GS차지비,N,N,2026-07-25T20:38:50+09:00,35.8747072,128.5952666,470.04662929005923,APT2026-05,대구역센트레빌더오페라,2026
PC001286,대구역센트럴자이,대구광역시 중구 서성로 99,35.875656009,128.58627088,17,02,7,24시간 이용가능,아이파킹,Y,N,2026-07-25T20:38:50+09:00,35.875656009,128.58627088,483.31376784996684,APT2026-05,대구역센트레빌더오페라,2026
KP003268,대성주유소,대구광역시 북구 칠성동2가 66,35.8816453456,128.5899248515,01,06,,24시간 이용가능,한국전력,Y,N,2026-07-25T20:38:50+09:00,35.8816453456,128.5899248515,490.21186561970256,APT2026-05,대구역센트레빌더오페라,2026
EV019067,대구남구 용마맨션 1,대구광역시 남구 대명로 145,35.8394639,128.5736919,01,02,7,24시간 이용가능,주식회사 에버온,N,N,2026-07-25T20:38:50+09:00,35.8394639,128.5736919,150.89867687122657,APT2026-06,대명자이그랜드시티,2026
LU004142,동신점보아파트,대구광역시 남구 대명로 177,35.839376,128.577147,01,02,7,24시간 이용가능,LG유플러스볼트업,Y,N,2026-07-25T20:38:50+09:00,35.839376,128.577147,198.0090229056022,APT2026-06,대명자이그랜드시티,2026
PI202778,케이티남대구빌딩,"대구광역시 남구 안지랑로 82 (대명동, KT남대구지사)",35.8388933,128.5719065,02,02,7,24시간 이용가능,GS차지비,Y,N,2026-07-25T20:38:50+09:00,35.8388933,128.5719065,288.44091764552434,APT2026-06,대명자이그랜드시티,2026
KRC10171,하지스퀘어,대구광역시 남구 두류공원로5길 45-8,35.839863,128.572208,02,02,11,24시간 이용가능,이브이씨원,Y,N,2026-07-25T20:38:50+09:00,35.839863,128.572208,289.53561848403575,APT2026-06,대명자이그랜드시티,2026
NT102180,대구 앞산리슈빌앤리마크2단지,대구광역시 남구 안지랑로 74,35.83836,128.57178,02,02,7,24시간 이용가능,NICE인프라,N,N,2026-07-25T20:38:50+09:00,35.83836,128.57178,302.0875226096216,APT2026-06,대명자이그랜드시티,2026
ME18C175,대명1동 행정복지센터,대구광역시 남구 두류공원로 38,35.841448784,128.57357283,01,06,100,24시간 이용가능,기후에너지환경부,Y,N,2026-07-25T20:38:50+09:00,35.841448784,128.57357283,332.18165704145514,APT2026-06,대명자이그랜드시티,2026
HM710014,_KT&G 코스모대구사업소,대구광역시 남구 대명로 124,35.8386299,128.5711945,03,02,7,24시간 이용가능,휴맥스이브이,N,N,2026-07-25T20:38:50+09:00,35.8386299,128.5711945,352.22647044974235,APT2026-06,대명자이그랜드시티,2026
CV003127,대구시_대명9동 행정복지센터,대구광역시 남구 큰골길 53,35.837225,128.579385,01,02,7,24시간 이용가능,채비,Y,N,2026-07-25T20:38:50+09:00,35.837225,128.579385,420.9567100525011,APT2026-06,대명자이그랜드시티,2026
CV003062,홈플러스 남대구점,대구광역시 남구 대명로 116,35.83892,128.570358,03,04,100,10:00~22:00,채비,Y,N,2026-07-25T20:38:50+09:00,35.83892,128.570358,427.9755563575145,APT2026-06,대명자이그랜드시티,2026
LU003963,대명동파크맨션,대구광역시 남구 대명복개로 230,35.84113,128.57112,06,02,7,24시간 이용가능,LG유플러스볼트업,Y,N,2026-07-25T20:38:50+09:00,35.84113,128.57112,447.13256866727204,APT2026-06,대명자이그랜드시티,2026
KP002173,홈플러스 남대구점,대구광역시 남구 대명로 116,35.8386903425,128.5698545725,01,06,,,한국전력,Y,N,2026-07-25T20:38:50+09:00,35.8386903425,128.5698545725,472.8550211509853,APT2026-06,대명자이그랜드시티,2026
EV013088,대구남구 개나리맨션,대구광역시 남구 대명로 117,35.839872789,128.57003713,01,02,7,24시간 이용가능,에버온,N,N,2026-07-25T20:38:50+09:00,35.839872789,128.57003713,473.7356297293079,APT2026-06,대명자이그랜드시티,2026
PL032786,개나리맨션,대구 남구 대명로 117,35.8398728,128.5700371,01,02,7,24시간 이용가능,플러그링크,N,N,2026-07-25T20:38:50+09:00,35.8398728,128.5700371,473.73856293390844,APT2026-06,대명자이그랜드시티,2026
NT102179,대구 앞산리슈빌앤리마크1단지,대구광역시 남구 안지랑로 73,35.83744,128.57,03,02,7,24시간 이용가능,NICE인프라,N,N,2026-07-25T20:38:50+09:00,35.83744,128.57,481.5871003742753,APT2026-06,대명자이그랜드시티,2026
PL031622,대구 화성파크드림이스트밸리,대구 동구 송라로10길 34,35.8715037,128.622714,06,02,7,24시간 이용가능,플러그링크,N,N,2026-07-25T20:38:50+09:00,35.8715037,128.622714,143.85052898773063,APT2026-07,힐스테이트동대구센트럴,2026
IN053041,신천청아람아파트,대구광역시 동구 송라로14길 132,35.8741,128.6221,09,02,7,24시간 이용가능,신세계아이앤씨,N,Y,2026-07-25T20:38:50+09:00,35.8741,128.6221,172.12316868770105,APT2026-07,힐스테이트동대구센트럴,2026
PIS00563,대구 동구 신천청아람아파트,대구광역시 동구 송라로14길 132,35.8741,128.6221,01,02,7,24시간 이용가능,GS차지비,Y,N,2026-07-25T20:38:50+09:00,35.8741,128.6221,172.12316868770105,APT2026-07,힐스테이트동대구센트럴,2026
LU101282,동대구역센트럴시티자이,대구광역시 동구 송라로10길 33,35.8734967,128.6237186,11,02,7,24시간 이용가능,LG유플러스볼트업,Y,N,2026-07-25T20:38:50+09:00,35.8734967,128.6237186,200.4797952912946,APT2026-07,힐스테이트동대구센트럴,2026
PIH01792,대구 동구 벽산이솔렌스힐아파트,대구광역시 동구 장등로 56,35.8724153,128.6242287,05,02,7,24시간 이용가능,GS차지비,N,N,2026-07-25T20:38:50+09:00,35.8724153,128.6242287,218.6119228612451,APT2026-07,힐스테이트동대구센트럴,2026
CV000952,동대구벤처밸리 기업성장지원센터,대구광역시 동구 동대구로 465,35.872167,128.62477,01,06,50,09:00~18:00,채비,Y,N,2026-07-25T20:38:50+09:00,35.872167,128.62477,270.4460677517292,APT2026-07,힐스테이트동대구센트럴,2026
CV001396,대구테크노파크 대구벤처센터,대구광역시 동구 동대구로 475,35.872833,128.624825,01,02,7,24시간 이용가능,채비,Y,N,2026-07-25T20:38:50+09:00,35.872833,128.624825,273.23181001149874,APT2026-07,힐스테이트동대구센트럴,2026
PW801141,재단법인대구디지털혁신진흥원(T),대구광역시 동구 동대구로 469,35.872142054,128.62483137,02,02,7,24시간 이용가능,파워큐브코리아,Y,N,2026-07-25T20:38:50+09:00,35.872142054,128.62483137,276.3649574356557,APT2026-07,힐스테이트동대구센트럴,2026
CV003131,대구시_대구테크노파크 동대구캠퍼스 2동,대구광역시 동구 동대구로 481,35.87325,128.624797,01,02,7,24시간 이용가능,채비,Y,N,2026-07-25T20:38:50+09:00,35.87325,128.624797,279.55837107904443,APT2026-07,힐스테이트동대구센트럴,2026
CV002169,대구스케일업허브,대구광역시 동구 동대구로 465,35.871777,128.624853,01,02,7,24시간 이용가능,채비,N,N,2026-07-25T20:38:50+09:00,35.871777,128.624853,288.01701440390497,APT2026-07,힐스테이트동대구센트럴,2026
CV002196,대구경북디자인진흥원,대구광역시 동구 동대구로 461,35.871416,128.624825,03,04,100,24시간 이용가능,채비,N,N,2026-07-25T20:38:50+09:00,35.871416,128.624825,300.4454468533154,APT2026-07,힐스테이트동대구센트럴,2026
SF003317,대구무역회관 (완속충전기),대구광역시 동구 동대구로 489,35.874208512,128.62482043,00,02,7,09:00~18:00,(주)스타코프,N,N,2026-07-25T20:38:50+09:00,35.874208512,128.62482043,326.75724159782425,APT2026-07,힐스테이트동대구센트럴,2026
EV006712,대구동구 대구무역회관,대구광역시 동구 동대구로 489,35.874208512,128.62482043,02,02,7,24시간 이용가능,에버온,Y,N,2026-07-25T20:38:50+09:00,35.874208512,128.62482043,326.75724159782425,APT2026-07,힐스테이트동대구센트럴,2026
CV003071,대구시_대구상공회의소,대구광역시 동구 동대구로 457,35.871083,128.624964,01,06,50,24시간 이용가능,채비,N,N,2026-07-25T20:38:50+09:00,35.871083,128.624964,328.7908675018587,APT2026-07,힐스테이트동대구센트럴,2026
PL033196,동대구삼환나우빌,대구 동구 동부로 81,35.8757736,128.6210968,01,02,7,24시간 이용가능,플러그링크,N,N,2026-07-25T20:38:50+09:00,35.8757736,128.6210968,361.9737844185946,APT2026-07,힐스테이트동대구센트럴,2026
PL031999,대구 북구 동대구유성푸르나임아파트,대구 동구 동부로22길 48,35.872502,128.6260826,00,02,7,24시간 이용가능,플러그링크,N,N,2026-07-25T20:38:50+09:00,35.872502,128.6260826,385.0515893808993,APT2026-07,힐스테이트동대구센트럴,2026
KP000666,동대구유성푸르나임 아파트,대구광역시 동구 신천동 동부로22길 48,35.8724363153,128.6262200222,01,06,50,,한국전력,Y,N,2026-07-25T20:38:50+09:00,35.8724363153,128.6262200222,397.6377148495222,APT2026-07,힐스테이트동대구센트럴,2026
PI722554,신천휴먼시아6단지아파트,대구광역시 동구 송라로11길 39,35.870912318,128.61729013,10,02,7,24시간 이용가능,GS차지비,Y,N,2026-07-25T20:38:50+09:00,35.870912318,128.61729013,447.032266142141,APT2026-07,힐스테이트동대구센트럴,2026
SF002969,한국건강관리협회 대구지부 (완속충전기),대구광역시 동구 장등로 16,35.86879023,128.62353479,01,02,11,09:00~18:00,(주)스타코프,N,N,2026-07-25T20:38:50+09:00,35.86879023,128.62353479,448.1050710412483,APT2026-07,힐스테이트동대구센트럴,2026
LU101181,신천두산위브,대구광역시 동구 국채보상로 829,35.8685525,128.6222365,09,02,7,24시간 이용가능,LG유플러스볼트업,Y,N,2026-07-25T20:38:50+09:00,35.8685525,128.6222365,448.37557791923746,APT2026-07,힐스테이트동대구센트럴,2026
HY000753,현대아울렛 대구점,대구광역시 동구 동대구로 454,35.870779,128.626281,11,02,7,10:30 ~ 21:00,현대엔지니어링,N,N,2026-07-25T20:38:50+09:00,35.870779,128.626281,449.3946872928854,APT2026-07,힐스테이트동대구센트럴,2026
PI708859,신천두산위브B,대구광역시 동구 국채보상로 829,35.868524806,128.62193026,01,02,7,08:00~20:00,GS차지비,Y,N,2026-07-25T20:38:50+09:00,35.868524806,128.62193026,449.9355567736973,APT2026-07,힐스테이트동대구센트럴,2026
HY001691,대구 신천휴먼시아6단지,대구광역시 동구 송라로11길 39,35.870891,128.617188,03,02,7,24시간 이용가능,현대엔지니어링,Y,N,2026-07-25T20:38:50+09:00,35.870891,128.617188,456.39634555089725,APT2026-07,힐스테이트동대구센트럴,2026
HM000519,동대구반도유보라,대구광역시 동구 송라로16길 11,35.875528732,128.61795627,12,02,7,24시간 이용가능,HUMAX EV,N,N,2026-07-25T20:38:50+09:00,35.875528732,128.61795627,478.33701583420435,APT2026-07,힐스테이트동대구센트럴,2026
CV002401,동대구역더샵센터시티아파트,대구광역시 동구 동부로19길 18,35.876749,128.623464,01,02,7,24시간 이용가능,채비,Y,N,2026-07-25T20:38:50+09:00,35.876749,128.623464,487.9959851619896,APT2026-07,힐스테이트동대구센트럴,2026
PI000239,대구시 동부소방서,대구광역시 동구 동대구로 507,35.8759858474,128.6252252194,01,02,7,24시간 이용가능,GS차지비,,N,2026-07-25T20:38:50+09:00,35.8759858474,128.6252252194,488.83220777741525,APT2026-07,힐스테이트동대구센트럴,2026
TS271402,청구고등학교,대구광역시 동구 국채보상로 827,35.868361,128.61995,01,02,7,24시간 이용가능,주식회사 태성콘텍,Y,N,2026-07-25T20:38:50+09:00,35.868361,128.61995,497.1228057584935,APT2026-07,힐스테이트동대구센트럴,2026
PL031622,대구 화성파크드림이스트밸리,대구 동구 송라로10길 34,35.8715037,128.622714,06,02,7,24시간 이용가능,플러그링크,N,N,2026-07-25T20:38:50+09:00,35.8715037,128.622714,143.85052898773063,APT2026-08,벤처밸리푸르지오,2026
IN053041,신천청아람아파트,대구광역시 동구 송라로14길 132,35.8741,128.6221,09,02,7,24시간 이용가능,신세계아이앤씨,N,Y,2026-07-25T20:38:50+09:00,35.8741,128.6221,172.12316868770105,APT2026-08,벤처밸리푸르지오,2026
PIS00563,대구 동구 신천청아람아파트,대구광역시 동구 송라로14길 132,35.8741,128.6221,01,02,7,24시간 이용가능,GS차지비,Y,N,2026-07-25T20:38:50+09:00,35.8741,128.6221,172.12316868770105,APT2026-08,벤처밸리푸르지오,2026
LU101282,동대구역센트럴시티자이,대구광역시 동구 송라로10길 33,35.8734967,128.6237186,11,02,7,24시간 이용가능,LG유플러스볼트업,Y,N,2026-07-25T20:38:50+09:00,35.8734967,128.6237186,200.4797952912946,APT2026-08,벤처밸리푸르지오,2026
PIH01792,대구 동구 벽산이솔렌스힐아파트,대구광역시 동구 장등로 56,35.8724153,128.6242287,05,02,7,24시간 이용가능,GS차지비,N,N,2026-07-25T20:38:50+09:00,35.8724153,128.6242287,218.6119228612451,APT2026-08,벤처밸리푸르지오,2026
CV000952,동대구벤처밸리 기업성장지원센터,대구광역시 동구 동대구로 465,35.872167,128.62477,01,06,50,09:00~18:00,채비,Y,N,2026-07-25T20:38:50+09:00,35.872167,128.62477,270.4460677517292,APT2026-08,벤처밸리푸르지오,2026
CV001396,대구테크노파크 대구벤처센터,대구광역시 동구 동대구로 475,35.872833,128.624825,01,02,7,24시간 이용가능,채비,Y,N,2026-07-25T20:38:50+09:00,35.872833,128.624825,273.23181001149874,APT2026-08,벤처밸리푸르지오,2026
PW801141,재단법인대구디지털혁신진흥원(T),대구광역시 동구 동대구로 469,35.872142054,128.62483137,02,02,7,24시간 이용가능,파워큐브코리아,Y,N,2026-07-25T20:38:50+09:00,35.872142054,128.62483137,276.3649574356557,APT2026-08,벤처밸리푸르지오,2026
CV003131,대구시_대구테크노파크 동대구캠퍼스 2동,대구광역시 동구 동대구로 481,35.87325,128.624797,01,02,7,24시간 이용가능,채비,Y,N,2026-07-25T20:38:50+09:00,35.87325,128.624797,279.55837107904443,APT2026-08,벤처밸리푸르지오,2026
CV002169,대구스케일업허브,대구광역시 동구 동대구로 465,35.871777,128.624853,01,02,7,24시간 이용가능,채비,N,N,2026-07-25T20:38:50+09:00,35.871777,128.624853,288.01701440390497,APT2026-08,벤처밸리푸르지오,2026
CV002196,대구경북디자인진흥원,대구광역시 동구 동대구로 461,35.871416,128.624825,03,04,100,24시간 이용가능,채비,N,N,2026-07-25T20:38:50+09:00,35.871416,128.624825,300.4454468533154,APT2026-08,벤처밸리푸르지오,2026
SF003317,대구무역회관 (완속충전기),대구광역시 동구 동대구로 489,35.874208512,128.62482043,00,02,7,09:00~18:00,(주)스타코프,N,N,2026-07-25T20:38:50+09:00,35.874208512,128.62482043,326.75724159782425,APT2026-08,벤처밸리푸르지오,2026
EV006712,대구동구 대구무역회관,대구광역시 동구 동대구로 489,35.874208512,128.62482043,02,02,7,24시간 이용가능,에버온,Y,N,2026-07-25T20:38:50+09:00,35.874208512,128.62482043,326.75724159782425,APT2026-08,벤처밸리푸르지오,2026
CV003071,대구시_대구상공회의소,대구광역시 동구 동대구로 457,35.871083,128.624964,01,06,50,24시간 이용가능,채비,N,N,2026-07-25T20:38:50+09:00,35.871083,128.624964,328.7908675018587,APT2026-08,벤처밸리푸르지오,2026
PL033196,동대구삼환나우빌,대구 동구 동부로 81,35.8757736,128.6210968,01,02,7,24시간 이용가능,플러그링크,N,N,2026-07-25T20:38:50+09:00,35.8757736,128.6210968,361.9737844185946,APT2026-08,벤처밸리푸르지오,2026
PL031999,대구 북구 동대구유성푸르나임아파트,대구 동구 동부로22길 48,35.872502,128.6260826,00,02,7,24시간 이용가능,플러그링크,N,N,2026-07-25T20:38:50+09:00,35.872502,128.6260826,385.0515893808993,APT2026-08,벤처밸리푸르지오,2026
KP000666,동대구유성푸르나임 아파트,대구광역시 동구 신천동 동부로22길 48,35.8724363153,128.6262200222,01,06,50,,한국전력,Y,N,2026-07-25T20:38:50+09:00,35.8724363153,128.6262200222,397.6377148495222,APT2026-08,벤처밸리푸르지오,2026
PI722554,신천휴먼시아6단지아파트,대구광역시 동구 송라로11길 39,35.870912318,128.61729013,10,02,7,24시간 이용가능,GS차지비,Y,N,2026-07-25T20:38:50+09:00,35.870912318,128.61729013,447.032266142141,APT2026-08,벤처밸리푸르지오,2026
SF002969,한국건강관리협회 대구지부 (완속충전기),대구광역시 동구 장등로 16,35.86879023,128.62353479,01,02,11,09:00~18:00,(주)스타코프,N,N,2026-07-25T20:38:50+09:00,35.86879023,128.62353479,448.1050710412483,APT2026-08,벤처밸리푸르지오,2026
LU101181,신천두산위브,대구광역시 동구 국채보상로 829,35.8685525,128.6222365,09,02,7,24시간 이용가능,LG유플러스볼트업,Y,N,2026-07-25T20:38:50+09:00,35.8685525,128.6222365,448.37557791923746,APT2026-08,벤처밸리푸르지오,2026
HY000753,현대아울렛 대구점,대구광역시 동구 동대구로 454,35.870779,128.626281,11,02,7,10:30 ~ 21:00,현대엔지니어링,N,N,2026-07-25T20:38:50+09:00,35.870779,128.626281,449.3946872928854,APT2026-08,벤처밸리푸르지오,2026
PI708859,신천두산위브B,대구광역시 동구 국채보상로 829,35.868524806,128.62193026,01,02,7,08:00~20:00,GS차지비,Y,N,2026-07-25T20:38:50+09:00,35.868524806,128.62193026,449.9355567736973,APT2026-08,벤처밸리푸르지오,2026
HY001691,대구 신천휴먼시아6단지,대구광역시 동구 송라로11길 39,35.870891,128.617188,03,02,7,24시간 이용가능,현대엔지니어링,Y,N,2026-07-25T20:38:50+09:00,35.870891,128.617188,456.39634555089725,APT2026-08,벤처밸리푸르지오,2026
HM000519,동대구반도유보라,대구광역시 동구 송라로16길 11,35.875528732,128.61795627,12,02,7,24시간 이용가능,HUMAX EV,N,N,2026-07-25T20:38:50+09:00,35.875528732,128.61795627,478.33701583420435,APT2026-08,벤처밸리푸르지오,2026
CV002401,동대구역더샵센터시티아파트,대구광역시 동구 동부로19길 18,35.876749,128.623464,01,02,7,24시간 이용가능,채비,Y,N,2026-07-25T20:38:50+09:00,35.876749,128.623464,487.9959851619896,APT2026-08,벤처밸리푸르지오,2026
PI000239,대구시 동부소방서,대구광역시 동구 동대구로 507,35.8759858474,128.6252252194,01,02,7,24시간 이용가능,GS차지비,,N,2026-07-25T20:38:50+09:00,35.8759858474,128.6252252194,488.83220777741525,APT2026-08,벤처밸리푸르지오,2026
TS271402,청구고등학교,대구광역시 동구 국채보상로 827,35.868361,128.61995,01,02,7,24시간 이용가능,주식회사 태성콘텍,Y,N,2026-07-25T20:38:50+09:00,35.868361,128.61995,497.1228057584935,APT2026-08,벤처밸리푸르지오,2026
CV003115,대구시_본동행정복지센터,대구광역시 달서구 구마로26길 62,35.834448,128.541055,01,02,7,24시간 이용가능,채비,Y,N,2026-07-25T20:38:50+09:00,35.834448,128.541055,159.6637533131386,APT2026-09,더샵달서센트엘로,2026
EZ002091,대구공업대학교_위니텍,대구광역시 달서구 송현로 205,35.8351184,128.5419565,01,02,7,24시간 이용가능,(주)차지인,N,N,2026-07-25T20:38:50+09:00,35.8351184,128.5419565,203.20397192446939,APT2026-09,더샵달서센트엘로,2026
PC001562,달서코아루더리브(대구),대구광역시 달서구 와룡로 42,35.8362882,128.5374954,04,02,7,24시간 이용가능,아이파킹,Y,N,2026-07-25T20:38:50+09:00,35.8362882,128.5374954,224.28126434586687,APT2026-09,더샵달서센트엘로,2026
CV002144,올림픽기념국민생활관,대구광역시 달서구 학산로 130,35.8335919,128.5409839,02,04,100,24시간 이용가능,채비,Y,N,2026-07-25T20:38:50+09:00,35.8335919,128.5409839,230.69877022249887,APT2026-09,더샵달서센트엘로,2026
EZ002092,대구공업대학교_평생교육원,대구광역시 달서구 송현로 205,35.835415,128.54285,01,02,7,24시간 이용가능,(주)차지인,Y,N,2026-07-25T20:38:50+09:00,35.835415,128.54285,281.32333769344984,APT2026-09,더샵달서센트엘로,2026
KP003780,달서구노인종합복지관,대구광역시 달서구 학산로 140,35.833430625158,128.5417838845,01,06,50,24시간 이용가능,한국전력,Y,N,2026-07-25T20:38:50+09:00,35.833430625158,128.5417838845,286.82482385011104,APT2026-09,더샵달서센트엘로,2026
PW101126,유림노르웨이아침아파트,대구광역시 달서구 구마로 97,35.837827286,128.5383658,05,02,7,24시간 이용가능,파워큐브,Y,N,2026-07-25T20:38:50+09:00,35.837827286,128.5383658,296.55087978751334,APT2026-09,더샵달서센트엘로,2026
PW010451,유림노르웨이아침,대구광역시 달서구 구마로 97,35.8378288,128.5383673,03,02,7,24시간 이용가능,파워큐브(SP),Y,N,2026-07-25T20:38:50+09:00,35.8378288,128.5383673,296.6481064171088,APT2026-09,더샵달서센트엘로,2026
PWE02950,유림노르웨이아침아파트,대구광역시 달서구 구마로 97,35.83783,128.53837,01,02,3,24시간 이용가능,파워큐브,Y,N,2026-07-25T20:38:50+09:00,35.83783,128.53837,296.66896959163205,APT2026-09,더샵달서센트엘로,2026
LU101542,빌리브클라쎄아파트,대구광역시 달서구 와룡로 41,35.8364656,128.5363571,03,02,7,24시간 이용가능,LG유플러스볼트업,Y,N,2026-07-25T20:38:50+09:00,35.8364656,128.5363571,326.25647469556895,APT2026-09,더샵달서센트엘로,2026
LU003218,주식회사청명건설,대구광역시 달서구 구마로 89,35.837841,128.537598,02,02,7,24시간 이용가능,LG유플러스볼트업,Y,N,2026-07-25T20:38:50+09:00,35.837841,128.537598,332.52447062486465,APT2026-09,더샵달서센트엘로,2026
ME25C167,학산공원 삼거리 주차장,대구광역시 달서구 본동 1118,35.8324695,128.5386968,01,04,100,24시간 이용가능,기후부,Y,N,2026-07-25T20:38:50+09:00,35.8324695,128.5386968,338.91077581297185,APT2026-09,더샵달서센트엘로,2026
LU004186,본리동한신아파트,대구광역시 달서구 와룡로14길 53,35.838306,128.540909,03,02,7,24시간 이용가능,LG유플러스볼트업,Y,N,2026-07-25T20:38:50+09:00,35.838306,128.540909,340.1604065062676,APT2026-09,더샵달서센트엘로,2026
KP003772,학산근린공원삼거리주차장,대구광역시 달서구 학산로 104-11,35.832327247798,128.5385782094,01,06,50,24시간 이용가능,한국전력,Y,N,2026-07-25T20:38:50+09:00,35.832327247798,128.5385782094,357.1056842230155,APT2026-09,더샵달서센트엘로,2026
HM001818,아카시아아파트,대구광역시 달서구 대명천로 153,35.8379774,128.5421457,01,02,7,24시간 이용가능,휴맥스이브이,Y,N,2026-07-25T20:38:50+09:00,35.8379774,128.5421457,359.9598310262577,APT2026-09,더샵달서센트엘로,2026
BNBN0585,대구 새본리중학교,"대구 달서구 대명천로 167 (본리동, 새본리중학교)",35.8392164,128.540979,01,02,7,24시간 이용가능,블루네트웍스,N,N,2026-07-25T20:38:50+09:00,35.8392164,128.540979,439.0408123771695,APT2026-09,더샵달서센트엘로,2026
IN053047,월성5단지아파트,대구광역시 달서구 구마로12길 89,35.8323,128.5364,01,02,7,24시간 이용가능,신세계아이앤씨,N,Y,2026-07-25T20:38:50+09:00,35.8323,128.5364,457.0707857959039,APT2026-09,더샵달서센트엘로,2026
PIS00571,대구 달서구 월성5단지아파트,대구광역시 달서구 구마로12길 89,35.8323,128.5364,07,02,7,24시간 이용가능,GS차지비,Y,N,2026-07-25T20:38:50+09:00,35.8323,128.5364,457.0707857959039,APT2026-09,더샵달서센트엘로,2026
EP190050,달서구 펠리체(한명화),대구광역시 달서구 와룡로16길 27-3,35.8394306,128.5385444,01,02,7,24시간 이용가능/시설 상황에 따라 이용이 제한될 수 있습니다,이카플러그,Y,N,2026-07-25T20:38:50+09:00,35.8394306,128.5385444,460.7125554875147,APT2026-09,더샵달서센트엘로,2026
SF002583,달서유림 노르웨이숲 (완속충전기),대구광역시 달서구 와룡로 67,35.8387951,128.5362236,01,02,11,05:00~익일01:00,스타코프(주)스타코프,N,N,2026-07-25T20:38:50+09:00,35.8387951,128.5362236,492.31122337617825,APT2026-09,더샵달서센트엘로,2026
SF001285,달서유림 노르웨이숲,대구광역시 달서구 와룡로 67,35.83879514,128.53622362,01,02,3,09:00~18:00,(주)스타코프,N,N,2026-07-25T20:38:50+09:00,35.83879514,128.53622362,492.3134765556704,APT2026-09,더샵달서센트엘로,2026
