statId,feature_as_of,target_time,matched_arrival_time,horizon_minutes,tmap_eta_min,haversine_km,origin_id,current_available_count,arrival_available_count,target_available_at_arrival,label_name,label_definition,eta_source
CV000978,2026-07-31 07:42:04,2026-07-31 08:07:04,2026-07-31 08:12:11,25,25.3,6.225,dongdaegu,5,4,True,target_available_at_arrival,available_count>0 at panel tick nearest as_of+tmap_eta,tmap_routes
EV012411,2026-07-31 19:55:36,2026-07-31 20:25:36,2026-07-31 20:25:41,30,29.9,6.418,dongdaegu,4,2,True,target_available_at_arrival,available_count>0 at panel tick nearest as_of+tmap_eta,tmap_routes
ST600335,2026-08-03 23:14:07,2026-08-03 23:20:07,2026-08-03 23:24:08,6,6.3,0.045,dongdaegu,3,3,True,target_available_at_arrival,available_count>0 at panel tick nearest as_of+tmap_eta,tmap_routes
CV002197,2026-08-02 03:06:28,2026-08-02 03:32:28,2026-08-02 03:36:33,26,25.7,4.225,dongdaegu,1,0,False,target_available_at_arrival,available_count>0 at panel tick nearest as_of+tmap_eta,tmap_routes
CV003457,2026-07-23 09:05:36,2026-07-23 09:33:36,2026-07-23 09:35:44,28,27.5,4.998,dongdaegu,1,1,True,target_available_at_arrival,available_count>0 at panel tick nearest as_of+tmap_eta,tmap_routes
CV003121,2026-08-03 02:01:59,2026-08-03 02:35:59,2026-08-03 02:42:00,34,34.3,6.023,dongdaegu,1,1,True,target_available_at_arrival,available_count>0 at panel tick nearest as_of+tmap_eta,tmap_routes
EV003703,2026-07-30 12:05:18,2026-07-30 12:31:18,2026-07-30 12:35:22,26,25.8,7.845,dongdaegu,2,2,True,target_available_at_arrival,available_count>0 at panel tick nearest as_of+tmap_eta,tmap_routes
PI750070,2026-08-05 16:21:57,2026-08-05 16:39:57,2026-08-05 16:41:58,18,18.3,3.62,dongdaegu,3,3,True,target_available_at_arrival,available_count>0 at panel tick nearest as_of+tmap_eta,tmap_routes
CV000567,2026-07-27 16:34:56,2026-07-27 17:03:56,2026-07-27 17:05:03,29,28.6,4.444,dongdaegu,1,1,True,target_available_at_arrival,available_count>0 at panel tick nearest as_of+tmap_eta,tmap_routes
PI740287,2026-08-01 18:42:15,2026-08-01 19:00:15,2026-08-01 19:02:18,18,18.2,2.761,dongdaegu,1,1,True,target_available_at_arrival,available_count>0 at panel tick nearest as_of+tmap_eta,tmap_routes
NT100596,2026-08-07 01:21:17,2026-08-07 01:50:17,2026-08-07 01:51:18,29,29.2,9.485,dongdaegu,2,2,True,target_available_at_arrival,available_count>0 at panel tick nearest as_of+tmap_eta,tmap_routes
PC001965,2026-07-25 11:24:26,2026-07-25 11:38:26,2026-07-25 11:44:30,14,14.5,2.68,dongdaegu,2,2,True,target_available_at_arrival,available_count>0 at panel tick nearest as_of+tmap_eta,tmap_routes
TS272902,2026-07-30 10:34:53,2026-07-30 11:02:53,2026-07-30 11:05:01,28,28.4,9.806,dongdaegu,2,2,True,target_available_at_arrival,available_count>0 at panel tick nearest as_of+tmap_eta,tmap_routes
CV000818,2026-08-08 10:17:42,2026-08-08 10:54:42,2026-08-08 10:57:44,37,37.1,11.9,dongdaegu,1,1,True,target_available_at_arrival,available_count>0 at panel tick nearest as_of+tmap_eta,tmap_routes
CV003118,2026-08-03 15:42:51,2026-08-03 16:09:51,2026-08-03 16:12:52,27,26.8,8.47,dongdaegu,1,1,True,target_available_at_arrival,available_count>0 at panel tick nearest as_of+tmap_eta,tmap_routes
CV001397,2026-08-08 00:37:04,2026-08-08 01:17:04,2026-08-08 01:17:05,40,39.9,13.598,dongdaegu,3,3,True,target_available_at_arrival,available_count>0 at panel tick nearest as_of+tmap_eta,tmap_routes
DC530029,2026-07-30 22:08:00,2026-07-30 22:53:00,2026-07-30 22:58:08,45,44.9,12.015,dongdaegu,3,4,True,target_available_at_arrival,available_count>0 at panel tick nearest as_of+tmap_eta,tmap_routes
CV002570,2026-07-28 09:29:40,2026-07-28 09:49:40,2026-07-28 09:49:45,20,19.7,3.538,dongdaegu,3,2,True,target_available_at_arrival,available_count>0 at panel tick nearest as_of+tmap_eta,tmap_routes
PW000789,2026-08-06 12:26:19,2026-08-06 12:50:19,2026-08-06 12:56:21,24,24.5,9.182,dongdaegu,1,1,True,target_available_at_arrival,available_count>0 at panel tick nearest as_of+tmap_eta,tmap_routes
ME24A244,2026-07-29 21:20:05,2026-07-29 22:15:05,2026-07-29 22:20:16,55,54.7,27.807,dongdaegu,2,2,True,target_available_at_arrival,available_count>0 at panel tick nearest as_of+tmap_eta,tmap_routes
ME21A903,2026-07-25 09:44:02,2026-07-25 10:42:02,2026-07-25 10:44:18,58,57.6,24.021,dongdaegu,4,4,True,target_available_at_arrival,available_count>0 at panel tick nearest as_of+tmap_eta,tmap_routes
CV002390,2026-07-31 14:43:11,2026-07-31 15:09:11,2026-07-31 15:13:20,26,25.7,8.182,dongdaegu,2,1,True,target_available_at_arrival,available_count>0 at panel tick nearest as_of+tmap_eta,tmap_routes
CV002951,2026-08-03 20:03:54,2026-08-03 20:53:54,2026-08-03 20:53:57,50,49.6,39.256,dongdaegu,2,2,True,target_available_at_arrival,available_count>0 at panel tick nearest as_of+tmap_eta,tmap_routes
ME183071,2026-07-28 00:38:20,2026-07-28 01:16:20,2026-07-28 01:18:24,38,37.8,12.564,dongdaegu,1,1,True,target_available_at_arrival,available_count>0 at panel tick nearest as_of+tmap_eta,tmap_routes
CV004541,2026-07-23 01:37:49,2026-07-23 01:53:49,2026-07-23 01:57:57,16,16.1,3.267,dongdaegu,2,2,True,target_available_at_arrival,available_count>0 at panel tick nearest as_of+tmap_eta,tmap_routes
SF000611,2026-08-04 23:48:09,2026-08-04 23:57:09,2026-08-04 23:58:09,9,9.2,1.794,dongdaegu,6,6,True,target_available_at_arrival,available_count>0 at panel tick nearest as_of+tmap_eta,tmap_routes
HE240384,2026-07-23 05:18:45,2026-07-23 06:21:45,2026-07-23 06:24:02,63,62.7,24.739,dongdaegu,1,1,True,target_available_at_arrival,available_count>0 at panel tick nearest as_of+tmap_eta,tmap_routes
LU003651,2026-07-27 10:43:44,2026-07-27 11:40:44,2026-07-27 11:43:54,57,57.2,26.562,dongdaegu,1,1,True,target_available_at_arrival,available_count>0 at panel tick nearest as_of+tmap_eta,tmap_routes
CV001636,2026-07-28 02:08:29,2026-07-28 02:46:29,2026-07-28 02:48:33,38,37.9,9.77,dongdaegu,2,2,True,target_available_at_arrival,available_count>0 at panel tick nearest as_of+tmap_eta,tmap_routes
CV001632,2026-07-23 06:49:15,2026-07-23 07:17:15,2026-07-23 07:19:23,28,27.8,8.198,dongdaegu,3,3,True,target_available_at_arrival,available_count>0 at panel tick nearest as_of+tmap_eta,tmap_routes
PI530312,2026-07-29 09:17:56,2026-07-29 09:45:56,2026-07-29 09:48:00,28,27.7,5.4,dongdaegu,3,3,True,target_available_at_arrival,available_count>0 at panel tick nearest as_of+tmap_eta,tmap_routes
CV002048,2026-08-03 01:21:57,2026-08-03 01:59:57,2026-08-03 02:01:59,38,37.7,10.255,dongdaegu,3,3,True,target_available_at_arrival,available_count>0 at panel tick nearest as_of+tmap_eta,tmap_routes
PW015051,2026-08-07 23:13:23,2026-08-07 23:28:23,2026-08-07 23:33:24,15,14.8,2.673,dongdaegu,1,1,True,target_available_at_arrival,available_count>0 at panel tick nearest as_of+tmap_eta,tmap_routes
CV001767,2026-08-06 18:06:46,2026-08-06 18:41:46,2026-08-06 18:46:49,35,35.3,7.264,dongdaegu,3,3,True,target_available_at_arrival,available_count>0 at panel tick nearest as_of+tmap_eta,tmap_routes
CV003103,2026-07-27 03:12:30,2026-07-27 03:52:30,2026-07-27 03:52:35,40,39.7,8.056,dongdaegu,1,1,True,target_available_at_arrival,available_count>0 at panel tick nearest as_of+tmap_eta,tmap_routes
PI740574,2026-07-29 13:48:35,2026-07-29 14:08:35,2026-07-29 14:08:37,20,19.7,4.629,dongdaegu,3,3,True,target_available_at_arrival,available_count>0 at panel tick nearest as_of+tmap_eta,tmap_routes
CV004674,2026-08-02 03:56:34,2026-08-02 04:16:34,2026-08-02 04:16:37,20,20.3,3.596,dongdaegu,1,1,True,target_available_at_arrival,available_count>0 at panel tick nearest as_of+tmap_eta,tmap_routes
PI740113,2026-07-26 15:18:58,2026-07-26 15:42:58,2026-07-26 15:49:02,24,23.8,5.523,dongdaegu,1,1,True,target_available_at_arrival,available_count>0 at panel tick nearest as_of+tmap_eta,tmap_routes
PW801141,2026-07-29 16:39:06,2026-07-29 16:49:06,2026-07-29 16:49:07,10,10.1,0.9,dongdaegu,2,2,True,target_available_at_arrival,available_count>0 at panel tick nearest as_of+tmap_eta,tmap_routes
ME25C172,2026-08-02 13:58:14,2026-08-02 14:14:14,2026-08-02 14:18:17,16,15.6,2.366,dongdaegu,1,1,True,target_available_at_arrival,available_count>0 at panel tick nearest as_of+tmap_eta,tmap_routes
CV001904,2026-07-31 19:55:36,2026-07-31 20:19:36,2026-07-31 20:25:41,24,23.9,6.982,dongdaegu,2,2,True,target_available_at_arrival,available_count>0 at panel tick nearest as_of+tmap_eta,tmap_routes
ME183064,2026-08-04 12:07:24,2026-08-04 12:36:24,2026-08-04 12:37:26,29,29.2,9.767,dongdaegu,1,1,True,target_available_at_arrival,available_count>0 at panel tick nearest as_of+tmap_eta,tmap_routes
CV004339,2026-08-02 23:09:31,2026-08-02 23:35:31,2026-08-02 23:39:33,26,26.2,7.956,dongdaegu,1,2,True,target_available_at_arrival,available_count>0 at panel tick nearest as_of+tmap_eta,tmap_routes
ST601337,2026-08-08 03:57:17,2026-08-08 04:16:17,2026-08-08 04:17:18,19,18.7,4.492,dongdaegu,9,9,True,target_available_at_arrival,available_count>0 at panel tick nearest as_of+tmap_eta,tmap_routes
KE000386,2026-07-26 21:19:48,2026-07-26 21:46:48,2026-07-26 21:49:53,27,27.0,10.39,dongdaegu,1,1,True,target_available_at_arrival,available_count>0 at panel tick nearest as_of+tmap_eta,tmap_routes
PI740086,2026-07-26 13:38:44,2026-07-26 14:04:44,2026-07-26 14:08:48,26,26.5,9.134,dongdaegu,1,1,True,target_available_at_arrival,available_count>0 at panel tick nearest as_of+tmap_eta,tmap_routes
JA270005,2026-07-31 03:41:13,2026-07-31 04:01:13,2026-07-31 04:01:17,20,20.5,6.034,dongdaegu,15,15,True,target_available_at_arrival,available_count>0 at panel tick nearest as_of+tmap_eta,tmap_routes
PI740574,2026-08-02 06:16:57,2026-08-02 06:36:57,2026-08-02 06:36:58,20,19.7,4.629,dongdaegu,3,3,True,target_available_at_arrival,available_count>0 at panel tick nearest as_of+tmap_eta,tmap_routes
CV001600,2026-07-26 12:58:39,2026-07-26 13:22:39,2026-07-26 13:28:43,24,23.9,7.151,dongdaegu,2,2,True,target_available_at_arrival,available_count>0 at panel tick nearest as_of+tmap_eta,tmap_routes
SF001284,2026-07-31 10:42:39,2026-07-31 11:01:39,2026-07-31 11:02:41,19,18.6,3.943,dongdaegu,2,2,True,target_available_at_arrival,available_count>0 at panel tick nearest as_of+tmap_eta,tmap_routes
PI530312,2026-07-27 02:22:26,2026-07-27 02:50:26,2026-07-27 02:52:29,28,27.7,5.4,dongdaegu,3,3,True,target_available_at_arrival,available_count>0 at panel tick nearest as_of+tmap_eta,tmap_routes
CV001885,2026-07-26 15:08:56,2026-07-26 15:48:56,2026-07-26 15:49:02,40,39.5,13.367,dongdaegu,4,3,True,target_available_at_arrival,available_count>0 at panel tick nearest as_of+tmap_eta,tmap_routes
CV000811,2026-08-06 18:16:47,2026-08-06 18:45:47,2026-08-06 18:46:49,29,29.1,8.544,dongdaegu,1,1,True,target_available_at_arrival,available_count>0 at panel tick nearest as_of+tmap_eta,tmap_routes
PI700382,2026-07-28 22:33:40,2026-07-28 22:51:40,2026-07-28 22:53:42,18,17.7,1.24,dongdaegu,1,1,True,target_available_at_arrival,available_count>0 at panel tick nearest as_of+tmap_eta,tmap_routes
DC530020,2026-07-22 22:55:24,2026-07-22 23:18:24,2026-07-22 23:20:37,23,23.2,4.562,dongdaegu,2,2,True,target_available_at_arrival,available_count>0 at panel tick nearest as_of+tmap_eta,tmap_routes
PI752996,2026-08-05 08:01:18,2026-08-05 08:21:18,2026-08-05 08:21:20,20,19.7,3.143,dongdaegu,1,1,True,target_available_at_arrival,available_count>0 at panel tick nearest as_of+tmap_eta,tmap_routes
CV001604,2026-07-25 19:14:19,2026-07-25 19:43:19,2026-07-25 19:44:24,29,28.8,6.963,dongdaegu,2,2,True,target_available_at_arrival,available_count>0 at panel tick nearest as_of+tmap_eta,tmap_routes
PIS00565,2026-07-27 10:13:40,2026-07-27 10:37:40,2026-07-27 10:43:44,24,24.1,9.01,dongdaegu,5,5,True,target_available_at_arrival,available_count>0 at panel tick nearest as_of+tmap_eta,tmap_routes
CV003143,2026-08-03 19:13:51,2026-08-03 19:46:51,2026-08-03 19:53:54,33,33.0,12.115,dongdaegu,1,1,True,target_available_at_arrival,available_count>0 at panel tick nearest as_of+tmap_eta,tmap_routes
SF002945,2026-07-27 18:45:22,2026-07-27 19:20:22,2026-07-27 19:25:37,35,35.4,13.642,dongdaegu,1,1,True,target_available_at_arrival,available_count>0 at panel tick nearest as_of+tmap_eta,tmap_routes
HE000883,2026-08-07 13:22:13,2026-08-07 13:51:13,2026-08-07 13:52:15,29,29.2,9.221,dongdaegu,20,17,True,target_available_at_arrival,available_count>0 at panel tick nearest as_of+tmap_eta,tmap_routes
CV000567,2026-08-02 02:46:25,2026-08-02 03:15:25,2026-08-02 03:16:29,29,28.6,4.444,dongdaegu,1,1,True,target_available_at_arrival,available_count>0 at panel tick nearest as_of+tmap_eta,tmap_routes
CV001885,2026-08-07 10:31:58,2026-08-07 11:11:58,2026-08-07 11:12:04,40,39.5,13.367,dongdaegu,2,1,True,target_available_at_arrival,available_count>0 at panel tick nearest as_of+tmap_eta,tmap_routes
PW015361,2026-08-05 01:41:00,2026-08-05 02:29:00,2026-08-05 02:31:03,48,48.2,23.951,dongdaegu,2,2,True,target_available_at_arrival,available_count>0 at panel tick nearest as_of+tmap_eta,tmap_routes
CV001623,2026-07-31 02:10:54,2026-07-31 02:43:54,2026-07-31 02:51:01,33,33.0,8.52,dongdaegu,2,2,True,target_available_at_arrival,available_count>0 at panel tick nearest as_of+tmap_eta,tmap_routes
PI530316,2026-08-08 02:37:12,2026-08-08 03:10:12,2026-08-08 03:17:14,33,32.9,8.285,dongdaegu,1,1,True,target_available_at_arrival,available_count>0 at panel tick nearest as_of+tmap_eta,tmap_routes
CV000536,2026-07-29 07:07:12,2026-07-29 07:32:12,2026-07-29 07:37:20,25,24.9,4.632,dongdaegu,1,1,True,target_available_at_arrival,available_count>0 at panel tick nearest as_of+tmap_eta,tmap_routes
PI740298,2026-08-03 10:32:32,2026-08-03 11:00:32,2026-08-03 11:02:33,28,27.7,6.071,dongdaegu,1,1,True,target_available_at_arrival,available_count>0 at panel tick nearest as_of+tmap_eta,tmap_routes
ME18C230,2026-07-19 11:30:39,2026-07-19 12:24:39,2026-07-19 12:30:50,54,54.0,40.041,dongdaegu,2,2,True,target_available_at_arrival,available_count>0 at panel tick nearest as_of+tmap_eta,tmap_routes
KE001051,2026-07-26 12:38:36,2026-07-26 13:01:36,2026-07-26 13:08:40,23,22.6,3.639,dongdaegu,1,1,True,target_available_at_arrival,available_count>0 at panel tick nearest as_of+tmap_eta,tmap_routes
ME18C260,2026-07-26 17:19:15,2026-07-26 17:34:15,2026-07-26 17:39:17,15,14.7,3.117,dongdaegu,1,1,True,target_available_at_arrival,available_count>0 at panel tick nearest as_of+tmap_eta,tmap_routes
CV000152,2026-08-05 20:12:21,2026-08-05 20:38:21,2026-08-05 20:42:22,26,25.8,3.903,dongdaegu,2,2,True,target_available_at_arrival,available_count>0 at panel tick nearest as_of+tmap_eta,tmap_routes
KP000236,2026-08-08 01:57:09,2026-08-08 02:16:09,2026-08-08 02:17:11,19,18.9,4.127,dongdaegu,1,1,True,target_available_at_arrival,available_count>0 at panel tick nearest as_of+tmap_eta,tmap_routes
CV002995,2026-07-26 20:59:45,2026-07-26 21:23:45,2026-07-26 21:29:49,24,24.1,4.399,dongdaegu,1,1,True,target_available_at_arrival,available_count>0 at panel tick nearest as_of+tmap_eta,tmap_routes
CV000657,2026-07-28 14:11:15,2026-07-28 14:31:15,2026-07-28 14:31:34,20,19.6,3.582,dongdaegu,1,1,True,target_available_at_arrival,available_count>0 at panel tick nearest as_of+tmap_eta,tmap_routes
CV000512,2026-07-31 00:08:15,2026-07-31 00:28:15,2026-07-31 00:30:44,20,20.0,5.082,dongdaegu,1,1,True,target_available_at_arrival,available_count>0 at panel tick nearest as_of+tmap_eta,tmap_routes
CV003464,2026-07-25 22:34:47,2026-07-25 23:01:47,2026-07-25 23:04:50,27,27.0,5.866,dongdaegu,4,4,True,target_available_at_arrival,available_count>0 at panel tick nearest as_of+tmap_eta,tmap_routes
ST601240,2026-07-23 15:13:24,2026-07-23 15:36:24,2026-07-23 15:38:30,23,22.6,6.109,dongdaegu,1,1,True,target_available_at_arrival,available_count>0 at panel tick nearest as_of+tmap_eta,tmap_routes
BNBN0586,2026-07-24 16:48:30,2026-07-24 17:26:30,2026-07-24 17:28:43,38,38.5,10.312,dongdaegu,2,2,True,target_available_at_arrival,available_count>0 at panel tick nearest as_of+tmap_eta,tmap_routes
NT101504,2026-07-28 06:49:05,2026-07-28 07:14:05,2026-07-28 07:19:09,25,24.7,9.04,dongdaegu,1,1,True,target_available_at_arrival,available_count>0 at panel tick nearest as_of+tmap_eta,tmap_routes
HY000753,2026-08-03 18:13:47,2026-08-03 18:29:47,2026-08-03 18:33:49,16,16.4,1.01,dongdaegu,10,9,True,target_available_at_arrival,available_count>0 at panel tick nearest as_of+tmap_eta,tmap_routes
CV003062,2026-08-02 04:06:37,2026-08-02 04:40:37,2026-08-02 04:46:40,34,34.1,6.923,dongdaegu,4,4,True,target_available_at_arrival,available_count>0 at panel tick nearest as_of+tmap_eta,tmap_routes
ME184067,2026-08-03 23:14:07,2026-08-03 23:29:07,2026-08-03 23:34:08,15,15.3,2.615,dongdaegu,1,1,True,target_available_at_arrival,available_count>0 at panel tick nearest as_of+tmap_eta,tmap_routes
CV000896,2026-07-24 05:48:23,2026-07-24 06:32:23,2026-07-24 06:33:43,44,43.9,9.703,dongdaegu,8,8,True,target_available_at_arrival,available_count>0 at panel tick nearest as_of+tmap_eta,tmap_routes
CV000567,2026-08-08 02:37:12,2026-08-08 03:06:12,2026-08-08 03:07:13,29,28.6,4.444,dongdaegu,1,1,True,target_available_at_arrival,available_count>0 at panel tick nearest as_of+tmap_eta,tmap_routes
CV003445,2026-07-29 21:20:05,2026-07-29 21:36:05,2026-07-29 21:40:08,16,16.4,3.24,dongdaegu,3,3,True,target_available_at_arrival,available_count>0 at panel tick nearest as_of+tmap_eta,tmap_routes
CV003133,2026-07-27 13:24:19,2026-07-27 13:57:19,2026-07-27 14:04:28,33,33.2,8.22,dongdaegu,1,1,True,target_available_at_arrival,available_count>0 at panel tick nearest as_of+tmap_eta,tmap_routes
EV006497,2026-07-30 07:24:10,2026-07-30 08:03:10,2026-07-30 08:04:17,39,39.0,10.915,dongdaegu,3,3,True,target_available_at_arrival,available_count>0 at panel tick nearest as_of+tmap_eta,tmap_routes
CV002203,2026-07-23 03:08:12,2026-07-23 03:43:12,2026-07-23 03:43:21,35,35.2,13.714,dongdaegu,1,1,True,target_available_at_arrival,available_count>0 at panel tick nearest as_of+tmap_eta,tmap_routes
CV000195,2026-08-04 03:16:51,2026-08-04 03:46:51,2026-08-04 03:46:52,30,29.9,9.211,dongdaegu,1,1,True,target_available_at_arrival,available_count>0 at panel tick nearest as_of+tmap_eta,tmap_routes
PI740088,2026-07-31 09:12:27,2026-07-31 09:38:27,2026-07-31 09:42:32,26,26.5,9.147,dongdaegu,1,1,True,target_available_at_arrival,available_count>0 at panel tick nearest as_of+tmap_eta,tmap_routes
KP000240,2026-08-03 05:32:08,2026-08-03 06:26:08,2026-08-03 06:32:12,54,53.8,25.79,dongdaegu,2,2,True,target_available_at_arrival,available_count>0 at panel tick nearest as_of+tmap_eta,tmap_routes
EV000673,2026-08-02 21:59:26,2026-08-02 22:57:26,2026-08-02 22:59:31,58,57.5,26.41,dongdaegu,1,1,True,target_available_at_arrival,available_count>0 at panel tick nearest as_of+tmap_eta,tmap_routes
PI202313,2026-08-03 10:42:32,2026-08-03 11:05:32,2026-08-03 11:12:35,23,23.1,6.153,dongdaegu,1,1,True,target_available_at_arrival,available_count>0 at panel tick nearest as_of+tmap_eta,tmap_routes
KP005311,2026-07-20 15:00:32,2026-07-20 15:52:32,2026-07-20 15:55:45,52,51.7,26.19,dongdaegu,1,1,True,target_available_at_arrival,available_count>0 at panel tick nearest as_of+tmap_eta,tmap_routes
PC000305,2026-08-04 07:37:03,2026-08-04 08:10:03,2026-08-04 08:17:06,33,32.8,9.814,dongdaegu,5,5,True,target_available_at_arrival,available_count>0 at panel tick nearest as_of+tmap_eta,tmap_routes
CV001489,2026-07-29 11:28:14,2026-07-29 12:03:14,2026-07-29 12:08:24,35,35.4,10.18,dongdaegu,1,1,True,target_available_at_arrival,available_count>0 at panel tick nearest as_of+tmap_eta,tmap_routes
HW000508,2026-07-27 02:42:28,2026-07-27 03:12:28,2026-07-27 03:12:30,30,30.0,7.629,dongdaegu,1,1,True,target_available_at_arrival,available_count>0 at panel tick nearest as_of+tmap_eta,tmap_routes
RE000154,2026-08-05 09:01:22,2026-08-05 09:25:22,2026-08-05 09:31:24,24,24.5,8.606,dongdaegu,3,3,True,target_available_at_arrival,available_count>0 at panel tick nearest as_of+tmap_eta,tmap_routes
PI530274,2026-07-26 00:56:51,2026-07-26 01:49:51,2026-07-26 01:56:59,53,53.4,25.315,dongdaegu,5,5,True,target_available_at_arrival,available_count>0 at panel tick nearest as_of+tmap_eta,tmap_routes
ST601240,2026-07-29 23:30:24,2026-07-29 23:53:24,2026-07-30 00:00:31,23,22.6,6.109,dongdaegu,1,2,True,target_available_at_arrival,available_count>0 at panel tick nearest as_of+tmap_eta,tmap_routes
LU100907,2026-08-05 10:21:30,2026-08-05 10:37:30,2026-08-05 10:41:33,16,15.8,3.485,dongdaegu,3,3,True,target_available_at_arrival,available_count>0 at panel tick nearest as_of+tmap_eta,tmap_routes
SF002945,2026-08-04 02:46:50,2026-08-04 03:21:50,2026-08-04 03:26:52,35,35.4,13.642,dongdaegu,1,1,True,target_available_at_arrival,available_count>0 at panel tick nearest as_of+tmap_eta,tmap_routes
PC000306,2026-08-02 04:26:38,2026-08-02 05:05:38,2026-08-02 05:06:43,39,39.1,12.302,dongdaegu,5,5,True,target_available_at_arrival,available_count>0 at panel tick nearest as_of+tmap_eta,tmap_routes
CV000814,2026-08-07 22:53:22,2026-08-07 23:23:22,2026-08-07 23:23:23,30,29.9,6.292,dongdaegu,1,1,True,target_available_at_arrival,available_count>0 at panel tick nearest as_of+tmap_eta,tmap_routes
KP003779,2026-08-07 12:22:08,2026-08-07 13:02:08,2026-08-07 13:02:12,40,40.5,17.466,dongdaegu,1,1,True,target_available_at_arrival,available_count>0 at panel tick nearest as_of+tmap_eta,tmap_routes
CV000566,2026-07-31 18:55:21,2026-07-31 19:34:21,2026-07-31 19:35:33,39,38.8,17.91,dongdaegu,2,2,True,target_available_at_arrival,available_count>0 at panel tick nearest as_of+tmap_eta,tmap_routes
NT100890,2026-07-26 10:18:13,2026-07-26 11:16:13,2026-07-26 11:18:25,58,58.0,25.646,dongdaegu,1,1,True,target_available_at_arrival,available_count>0 at panel tick nearest as_of+tmap_eta,tmap_routes
CV000657,2026-07-27 21:46:08,2026-07-27 22:06:08,2026-07-27 22:06:11,20,19.6,3.582,dongdaegu,1,1,True,target_available_at_arrival,available_count>0 at panel tick nearest as_of+tmap_eta,tmap_routes
NT100595,2026-08-04 04:06:53,2026-08-04 04:35:53,2026-08-04 04:36:54,29,29.3,9.579,dongdaegu,2,2,True,target_available_at_arrival,available_count>0 at panel tick nearest as_of+tmap_eta,tmap_routes
ME21B1D2,2026-08-07 07:11:35,2026-08-07 08:05:35,2026-08-07 08:11:43,54,53.8,30.781,dongdaegu,1,1,True,target_available_at_arrival,available_count>0 at panel tick nearest as_of+tmap_eta,tmap_routes
CV003284,2026-08-04 20:37:55,2026-08-04 21:13:55,2026-08-04 21:18:00,36,35.6,8.37,dongdaegu,1,1,True,target_available_at_arrival,available_count>0 at panel tick nearest as_of+tmap_eta,tmap_routes
SF002583,2026-08-02 18:58:59,2026-08-02 19:42:59,2026-08-02 19:49:09,44,44.5,9.471,dongdaegu,2,3,True,target_available_at_arrival,available_count>0 at panel tick nearest as_of+tmap_eta,tmap_routes
CV003205,2026-07-27 11:13:47,2026-07-27 12:10:47,2026-07-27 12:13:58,57,56.8,25.455,dongdaegu,1,2,True,target_available_at_arrival,available_count>0 at panel tick nearest as_of+tmap_eta,tmap_routes
CV003124,2026-07-26 10:18:13,2026-07-26 10:27:13,2026-07-26 10:28:14,9,8.6,0.993,dongdaegu,2,2,True,target_available_at_arrival,available_count>0 at panel tick nearest as_of+tmap_eta,tmap_routes
ME19W401,2026-07-31 15:54:39,2026-07-31 16:48:39,2026-07-31 16:54:53,54,53.5,31.956,dongdaegu,6,6,True,target_available_at_arrival,available_count>0 at panel tick nearest as_of+tmap_eta,tmap_routes
PW015041,2026-08-01 07:49:50,2026-08-01 08:17:50,2026-08-01 08:19:55,28,27.8,5.95,dongdaegu,4,4,True,target_available_at_arrival,available_count>0 at panel tick nearest as_of+tmap_eta,tmap_routes
KL001847,2026-08-03 02:42:00,2026-08-03 02:59:00,2026-08-03 03:02:01,17,17.4,3.371,dongdaegu,2,2,True,target_available_at_arrival,available_count>0 at panel tick nearest as_of+tmap_eta,tmap_routes
EV005193,2026-08-03 03:22:02,2026-08-03 03:57:02,2026-08-03 04:02:04,35,35.0,9.715,dongdaegu,4,4,True,target_available_at_arrival,available_count>0 at panel tick nearest as_of+tmap_eta,tmap_routes
EV014737,2026-07-31 06:31:41,2026-07-31 06:41:41,2026-07-31 06:41:45,10,10.3,1.868,dongdaegu,1,1,True,target_available_at_arrival,available_count>0 at panel tick nearest as_of+tmap_eta,tmap_routes
NT101301,2026-08-02 09:07:21,2026-08-02 09:53:21,2026-08-02 09:57:31,46,46.0,23.701,dongdaegu,2,2,True,target_available_at_arrival,available_count>0 at panel tick nearest as_of+tmap_eta,tmap_routes
ST277109,2026-08-06 20:16:55,2026-08-06 20:52:55,2026-08-06 20:57:05,36,35.6,12.799,dongdaegu,2,2,True,target_available_at_arrival,available_count>0 at panel tick nearest as_of+tmap_eta,tmap_routes
ME25C276,2026-08-05 20:12:21,2026-08-05 21:10:21,2026-08-05 21:12:24,58,58.0,30.689,dongdaegu,2,2,True,target_available_at_arrival,available_count>0 at panel tick nearest as_of+tmap_eta,tmap_routes
ME23B186,2026-07-23 10:51:33,2026-07-23 11:08:33,2026-07-23 11:11:42,17,16.9,2.531,dongdaegu,1,1,True,target_available_at_arrival,available_count>0 at panel tick nearest as_of+tmap_eta,tmap_routes
KP006964,2026-08-04 15:47:36,2026-08-04 16:41:36,2026-08-04 16:47:41,54,54.0,31.044,dongdaegu,1,1,True,target_available_at_arrival,available_count>0 at panel tick nearest as_of+tmap_eta,tmap_routes
ST272606,2026-08-07 21:43:16,2026-08-07 21:58:16,2026-08-07 22:03:19,15,14.8,1.237,dongdaegu,4,4,True,target_available_at_arrival,available_count>0 at panel tick nearest as_of+tmap_eta,tmap_routes
ME18C259,2026-08-03 07:52:18,2026-08-03 08:16:18,2026-08-03 08:22:20,24,23.8,6.576,dongdaegu,2,2,True,target_available_at_arrival,available_count>0 at panel tick nearest as_of+tmap_eta,tmap_routes
ME18C265,2026-08-05 20:42:22,2026-08-05 21:12:22,2026-08-05 21:12:24,30,30.0,11.147,dongdaegu,2,2,True,target_available_at_arrival,available_count>0 at panel tick nearest as_of+tmap_eta,tmap_routes
CV003464,2026-07-24 05:43:22,2026-07-24 06:10:22,2026-07-24 06:13:36,27,27.0,5.866,dongdaegu,2,2,True,target_available_at_arrival,available_count>0 at panel tick nearest as_of+tmap_eta,tmap_routes
CV001646,2026-08-07 03:11:21,2026-08-07 03:39:21,2026-08-07 03:41:22,28,28.5,6.755,dongdaegu,2,2,True,target_available_at_arrival,available_count>0 at panel tick nearest as_of+tmap_eta,tmap_routes
EV005838,2026-07-26 22:19:57,2026-07-26 22:45:57,2026-07-26 22:50:00,26,25.7,7.322,dongdaegu,2,2,True,target_available_at_arrival,available_count>0 at panel tick nearest as_of+tmap_eta,tmap_routes
CV002973,2026-08-02 11:47:49,2026-08-02 12:31:49,2026-08-02 12:37:59,44,44.3,17.838,dongdaegu,6,6,True,target_available_at_arrival,available_count>0 at panel tick nearest as_of+tmap_eta,tmap_routes
KE000385,2026-07-24 18:29:00,2026-07-24 18:56:00,2026-07-24 18:59:07,27,27.1,10.449,dongdaegu,2,2,True,target_available_at_arrival,available_count>0 at panel tick nearest as_of+tmap_eta,tmap_routes
CV001606,2026-08-08 03:27:16,2026-08-08 03:56:16,2026-08-08 03:57:17,29,29.0,7.584,dongdaegu,2,2,True,target_available_at_arrival,available_count>0 at panel tick nearest as_of+tmap_eta,tmap_routes
KL001847,2026-08-08 08:07:32,2026-08-08 08:24:32,2026-08-08 08:27:33,17,17.4,3.371,dongdaegu,2,2,True,target_available_at_arrival,available_count>0 at panel tick nearest as_of+tmap_eta,tmap_routes
CV000039,2026-07-28 17:12:31,2026-07-28 17:29:31,2026-07-28 17:32:33,17,17.4,3.346,dongdaegu,2,2,True,target_available_at_arrival,available_count>0 at panel tick nearest as_of+tmap_eta,tmap_routes
PC000296,2026-07-26 14:18:50,2026-07-26 14:35:50,2026-07-26 14:38:52,17,16.9,3.783,dongdaegu,2,2,True,target_available_at_arrival,available_count>0 at panel tick nearest as_of+tmap_eta,tmap_routes
CV003082,2026-07-28 16:22:13,2026-07-28 16:51:13,2026-07-28 16:52:20,29,29.1,6.499,dongdaegu,1,2,True,target_available_at_arrival,available_count>0 at panel tick nearest as_of+tmap_eta,tmap_routes
AZ100022,2026-08-04 11:47:24,2026-08-04 12:45:24,2026-08-04 12:47:26,58,57.6,25.0,dongdaegu,1,1,True,target_available_at_arrival,available_count>0 at panel tick nearest as_of+tmap_eta,tmap_routes
PC001321,2026-07-31 10:22:37,2026-07-31 10:46:37,2026-07-31 10:52:40,24,24.2,8.909,dongdaegu,2,2,True,target_available_at_arrival,available_count>0 at panel tick nearest as_of+tmap_eta,tmap_routes
EV005518,2026-07-23 08:55:20,2026-07-23 09:46:20,2026-07-23 09:51:01,51,51.0,13.366,dongdaegu,1,1,True,target_available_at_arrival,available_count>0 at panel tick nearest as_of+tmap_eta,tmap_routes
PW015100,2026-07-28 10:29:53,2026-07-28 10:59:53,2026-07-28 10:59:56,30,30.1,5.782,dongdaegu,1,1,True,target_available_at_arrival,available_count>0 at panel tick nearest as_of+tmap_eta,tmap_routes
TS271401,2026-07-29 08:57:45,2026-07-29 09:25:45,2026-07-29 09:27:57,28,27.8,9.449,dongdaegu,3,3,True,target_available_at_arrival,available_count>0 at panel tick nearest as_of+tmap_eta,tmap_routes
CV000146,2026-08-03 16:12:52,2026-08-03 16:32:52,2026-08-03 16:32:57,20,19.5,3.384,dongdaegu,2,2,True,target_available_at_arrival,available_count>0 at panel tick nearest as_of+tmap_eta,tmap_routes
CV001129,2026-07-28 15:42:04,2026-07-28 16:16:04,2026-07-28 16:22:13,34,34.5,13.349,dongdaegu,2,2,True,target_available_at_arrival,available_count>0 at panel tick nearest as_of+tmap_eta,tmap_routes
IN053072,2026-08-05 16:21:57,2026-08-05 16:47:57,2026-08-05 16:51:59,26,25.9,8.457,dongdaegu,21,21,True,target_available_at_arrival,available_count>0 at panel tick nearest as_of+tmap_eta,tmap_routes
PI740280,2026-08-05 02:31:03,2026-08-05 02:54:03,2026-08-05 03:01:04,23,23.1,6.214,dongdaegu,1,1,True,target_available_at_arrival,available_count>0 at panel tick nearest as_of+tmap_eta,tmap_routes
EV004925,2026-08-04 08:17:06,2026-08-04 09:04:06,2026-08-04 09:07:09,47,46.7,9.487,dongdaegu,3,3,True,target_available_at_arrival,available_count>0 at panel tick nearest as_of+tmap_eta,tmap_routes
PC001831,2026-07-31 09:02:26,2026-07-31 09:15:26,2026-07-31 09:22:29,13,12.9,2.868,dongdaegu,4,2,True,target_available_at_arrival,available_count>0 at panel tick nearest as_of+tmap_eta,tmap_routes
EV004924,2026-08-04 16:47:41,2026-08-04 17:34:41,2026-08-04 17:37:44,47,46.7,9.487,dongdaegu,2,2,True,target_available_at_arrival,available_count>0 at panel tick nearest as_of+tmap_eta,tmap_routes
EV005963,2026-07-31 19:15:30,2026-07-31 19:59:30,2026-07-31 20:05:38,44,44.5,15.209,dongdaegu,1,1,True,target_available_at_arrival,available_count>0 at panel tick nearest as_of+tmap_eta,tmap_routes
PIH00573,2026-08-06 14:26:27,2026-08-06 14:46:27,2026-08-06 14:46:28,20,20.4,3.842,dongdaegu,1,1,True,target_available_at_arrival,available_count>0 at panel tick nearest as_of+tmap_eta,tmap_routes
EV008152,2026-08-03 13:02:41,2026-08-03 13:28:41,2026-08-03 13:32:42,26,25.8,7.784,dongdaegu,4,4,True,target_available_at_arrival,available_count>0 at panel tick nearest as_of+tmap_eta,tmap_routes
CV001219,2026-07-26 05:17:23,2026-07-26 05:31:23,2026-07-26 05:37:26,14,14.0,2.364,dongdaegu,2,2,True,target_available_at_arrival,available_count>0 at panel tick nearest as_of+tmap_eta,tmap_routes
KP004798,2026-08-06 09:36:10,2026-08-06 09:43:10,2026-08-06 09:46:11,7,7.4,1.273,dongdaegu,2,2,True,target_available_at_arrival,available_count>0 at panel tick nearest as_of+tmap_eta,tmap_routes
CV001126,2026-08-08 07:57:31,2026-08-08 08:33:31,2026-08-08 08:37:33,36,35.9,9.85,dongdaegu,1,1,True,target_available_at_arrival,available_count>0 at panel tick nearest as_of+tmap_eta,tmap_routes
CV001048,2026-07-31 21:35:56,2026-07-31 22:20:56,2026-07-31 22:26:06,45,45.1,12.446,dongdaegu,1,1,True,target_available_at_arrival,available_count>0 at panel tick nearest as_of+tmap_eta,tmap_routes
CV004491,2026-07-28 14:51:36,2026-07-28 15:19:36,2026-07-28 15:21:39,28,28.4,5.02,dongdaegu,1,1,True,target_available_at_arrival,available_count>0 at panel tick nearest as_of+tmap_eta,tmap_routes
LU100148,2026-07-29 07:37:20,2026-07-29 08:00:20,2026-07-29 08:07:30,23,23.1,7.057,dongdaegu,1,1,True,target_available_at_arrival,available_count>0 at panel tick nearest as_of+tmap_eta,tmap_routes
PW015140,2026-07-31 01:00:47,2026-07-31 01:13:47,2026-07-31 01:20:49,13,13.0,4.192,dongdaegu,2,2,True,target_available_at_arrival,available_count>0 at panel tick nearest as_of+tmap_eta,tmap_routes
SF001858,2026-07-30 20:07:41,2026-07-30 20:31:41,2026-07-30 20:37:47,24,23.6,4.76,dongdaegu,3,3,True,target_available_at_arrival,available_count>0 at panel tick nearest as_of+tmap_eta,tmap_routes
ST601140,2026-08-03 16:22:57,2026-08-03 16:59:57,2026-08-03 17:02:59,37,37.3,12.538,dongdaegu,3,3,True,target_available_at_arrival,available_count>0 at panel tick nearest as_of+tmap_eta,tmap_routes
CV003066,2026-08-01 03:49:19,2026-08-01 04:29:19,2026-08-01 04:29:22,40,39.9,11.512,dongdaegu,1,1,True,target_available_at_arrival,available_count>0 at panel tick nearest as_of+tmap_eta,tmap_routes
CV004296,2026-08-06 06:35:55,2026-08-06 07:08:55,2026-08-06 07:15:57,33,32.6,16.54,dongdaegu,1,1,True,target_available_at_arrival,available_count>0 at panel tick nearest as_of+tmap_eta,tmap_routes
SF002471,2026-08-02 22:19:27,2026-08-02 22:52:27,2026-08-02 22:59:31,33,32.8,12.4,dongdaegu,1,1,True,target_available_at_arrival,available_count>0 at panel tick nearest as_of+tmap_eta,tmap_routes
CV003127,2026-08-07 03:11:21,2026-08-07 03:41:21,2026-08-07 03:41:22,30,29.6,6.467,dongdaegu,1,1,True,target_available_at_arrival,available_count>0 at panel tick nearest as_of+tmap_eta,tmap_routes
KP005267,2026-07-29 21:40:08,2026-07-29 22:00:08,2026-07-29 22:00:13,20,19.9,3.393,dongdaegu,1,1,True,target_available_at_arrival,available_count>0 at panel tick nearest as_of+tmap_eta,tmap_routes
CV003453,2026-07-31 20:05:38,2026-07-31 20:21:38,2026-07-31 20:25:41,16,16.1,3.323,dongdaegu,2,2,True,target_available_at_arrival,available_count>0 at panel tick nearest as_of+tmap_eta,tmap_routes
EV004925,2026-07-29 15:18:47,2026-07-29 16:05:47,2026-07-29 16:08:53,47,46.7,9.487,dongdaegu,3,3,True,target_available_at_arrival,available_count>0 at panel tick nearest as_of+tmap_eta,tmap_routes
ME19D216,2026-07-17 20:54:57,2026-07-17 21:17:57,2026-07-17 21:24:59,23,22.9,4.76,dongdaegu,1,1,True,target_available_at_arrival,available_count>0 at panel tick nearest as_of+tmap_eta,tmap_routes
CV001967,2026-07-26 20:19:40,2026-07-26 20:38:40,2026-07-26 20:39:42,19,19.4,3.176,dongdaegu,2,2,True,target_available_at_arrival,available_count>0 at panel tick nearest as_of+tmap_eta,tmap_routes
PC001547,2026-08-05 06:11:11,2026-08-05 06:41:11,2026-08-05 06:41:14,30,29.9,9.605,dongdaegu,1,1,True,target_available_at_arrival,available_count>0 at panel tick nearest as_of+tmap_eta,tmap_routes
KE000387,2026-07-31 07:42:04,2026-07-31 08:09:04,2026-07-31 08:12:11,27,26.9,10.294,dongdaegu,1,1,True,target_available_at_arrival,available_count>0 at panel tick nearest as_of+tmap_eta,tmap_routes
EV013999,2026-08-01 09:40:15,2026-08-01 10:10:15,2026-08-01 10:10:28,30,30.4,9.549,dongdaegu,1,1,True,target_available_at_arrival,available_count>0 at panel tick nearest as_of+tmap_eta,tmap_routes
CV001221,2026-08-07 23:53:25,2026-08-08 00:11:25,2026-08-08 00:17:03,18,17.6,3.387,dongdaegu,10,10,True,target_available_at_arrival,available_count>0 at panel tick nearest as_of+tmap_eta,tmap_routes
ME23B186,2026-07-30 19:37:36,2026-07-30 19:54:36,2026-07-30 19:57:39,17,16.9,2.531,dongdaegu,1,1,True,target_available_at_arrival,available_count>0 at panel tick nearest as_of+tmap_eta,tmap_routes
ME25C169,2026-08-01 01:19:04,2026-08-01 02:09:04,2026-08-01 02:09:09,50,49.9,16.4,dongdaegu,1,1,True,target_available_at_arrival,available_count>0 at panel tick nearest as_of+tmap_eta,tmap_routes
CV001851,2026-07-23 02:02:58,2026-07-23 02:34:58,2026-07-23 02:38:07,32,31.9,7.45,dongdaegu,1,1,True,target_available_at_arrival,available_count>0 at panel tick nearest as_of+tmap_eta,tmap_routes
IN053074,2026-07-26 21:29:49,2026-07-26 21:49:49,2026-07-26 21:49:53,20,20.2,3.77,dongdaegu,14,14,True,target_available_at_arrival,available_count>0 at panel tick nearest as_of+tmap_eta,tmap_routes
CV002181,2026-07-24 15:28:19,2026-07-24 16:04:19,2026-07-24 16:08:25,36,35.9,10.517,dongdaegu,4,4,True,target_available_at_arrival,available_count>0 at panel tick nearest as_of+tmap_eta,tmap_routes
ME19D114,2026-07-29 11:18:12,2026-07-29 12:07:12,2026-07-29 12:08:24,49,48.6,28.839,dongdaegu,1,1,True,target_available_at_arrival,available_count>0 at panel tick nearest as_of+tmap_eta,tmap_routes
EC270007,2026-08-03 11:22:36,2026-08-03 12:17:36,2026-08-03 12:22:39,55,55.1,17.325,dongdaegu,1,1,True,target_available_at_arrival,available_count>0 at panel tick nearest as_of+tmap_eta,tmap_routes
HW000492,2026-08-03 08:42:21,2026-08-03 09:06:21,2026-08-03 09:12:25,24,23.9,5.958,dongdaegu,1,1,True,target_available_at_arrival,available_count>0 at panel tick nearest as_of+tmap_eta,tmap_routes
PI700382,2026-08-07 08:31:47,2026-08-07 08:49:47,2026-08-07 08:51:48,18,17.7,1.24,dongdaegu,1,1,True,target_available_at_arrival,available_count>0 at panel tick nearest as_of+tmap_eta,tmap_routes
PI740628,2026-08-07 10:21:57,2026-08-07 10:47:57,2026-08-07 10:52:03,26,26.1,8.918,dongdaegu,2,2,True,target_available_at_arrival,available_count>0 at panel tick nearest as_of+tmap_eta,tmap_routes
PI730038,2026-08-02 13:28:10,2026-08-02 14:21:10,2026-08-02 14:28:22,53,52.9,33.46,dongdaegu,1,1,True,target_available_at_arrival,available_count>0 at panel tick nearest as_of+tmap_eta,tmap_routes
CV002085,2026-08-02 16:28:39,2026-08-02 17:04:39,2026-08-02 17:08:43,36,36.3,12.606,dongdaegu,4,4,True,target_available_at_arrival,available_count>0 at panel tick nearest as_of+tmap_eta,tmap_routes
TS271401,2026-08-08 04:47:19,2026-08-08 05:15:19,2026-08-08 05:17:22,28,27.8,9.449,dongdaegu,3,3,True,target_available_at_arrival,available_count>0 at panel tick nearest as_of+tmap_eta,tmap_routes
ME24B142,2026-08-02 08:47:19,2026-08-02 09:22:19,2026-08-02 09:27:25,35,35.0,11.205,dongdaegu,1,1,True,target_available_at_arrival,available_count>0 at panel tick nearest as_of+tmap_eta,tmap_routes
HE000883,2026-07-29 23:40:29,2026-07-30 00:09:29,2026-07-30 00:12:57,29,29.2,9.221,dongdaegu,20,20,True,target_available_at_arrival,available_count>0 at panel tick nearest as_of+tmap_eta,tmap_routes
HM000698,2026-07-28 01:58:28,2026-07-28 02:56:28,2026-07-28 02:58:34,58,58.5,38.332,dongdaegu,1,1,True,target_available_at_arrival,available_count>0 at panel tick nearest as_of+tmap_eta,tmap_routes
EV008164,2026-08-02 09:17:22,2026-08-02 09:55:22,2026-08-02 09:57:31,38,38.1,10.464,dongdaegu,2,2,True,target_available_at_arrival,available_count>0 at panel tick nearest as_of+tmap_eta,tmap_routes
ME24B143,2026-07-23 00:42:39,2026-07-23 01:16:39,2026-07-23 01:17:45,34,34.0,10.369,dongdaegu,1,1,True,target_available_at_arrival,available_count>0 at panel tick nearest as_of+tmap_eta,tmap_routes
CV003450,2026-07-30 02:43:10,2026-07-30 02:58:10,2026-07-30 03:03:14,15,14.7,2.789,dongdaegu,3,4,True,target_available_at_arrival,available_count>0 at panel tick nearest as_of+tmap_eta,tmap_routes
EC005054,2026-07-27 15:54:52,2026-07-27 16:14:52,2026-07-27 16:14:54,20,20.0,3.423,dongdaegu,1,1,True,target_available_at_arrival,available_count>0 at panel tick nearest as_of+tmap_eta,tmap_routes
GS000055,2026-08-02 00:46:00,2026-08-02 01:14:00,2026-08-02 01:16:03,28,27.8,8.549,dongdaegu,2,2,True,target_available_at_arrival,available_count>0 at panel tick nearest as_of+tmap_eta,tmap_routes
CV000560,2026-08-07 23:43:24,2026-08-07 23:58:24,2026-08-08 00:03:25,15,14.9,3.632,dongdaegu,2,1,True,target_available_at_arrival,available_count>0 at panel tick nearest as_of+tmap_eta,tmap_routes
NT101504,2026-08-04 21:28:00,2026-08-04 21:53:00,2026-08-04 21:58:03,25,24.7,9.04,dongdaegu,1,1,True,target_available_at_arrival,available_count>0 at panel tick nearest as_of+tmap_eta,tmap_routes
KP000235,2026-08-06 00:25:41,2026-08-06 00:38:41,2026-08-06 00:45:42,13,13.3,2.71,dongdaegu,1,1,True,target_available_at_arrival,available_count>0 at panel tick nearest as_of+tmap_eta,tmap_routes
EV005709,2026-08-07 22:33:21,2026-08-07 23:08:21,2026-08-07 23:13:23,35,34.7,9.64,dongdaegu,2,2,True,target_available_at_arrival,available_count>0 at panel tick nearest as_of+tmap_eta,tmap_routes
CV001605,2026-08-04 17:17:43,2026-08-04 17:46:43,2026-08-04 17:47:44,29,29.2,7.17,dongdaegu,2,2,True,target_available_at_arrival,available_count>0 at panel tick nearest as_of+tmap_eta,tmap_routes
KP002190,2026-08-08 06:57:26,2026-08-08 07:13:26,2026-08-08 07:17:27,16,15.8,3.532,dongdaegu,1,1,True,target_available_at_arrival,available_count>0 at panel tick nearest as_of+tmap_eta,tmap_routes
CV000502,2026-07-30 13:05:26,2026-07-30 13:39:26,2026-07-30 13:45:44,34,34.3,9.78,dongdaegu,1,1,True,target_available_at_arrival,available_count>0 at panel tick nearest as_of+tmap_eta,tmap_routes
AM900026,2026-07-26 01:06:51,2026-07-26 01:34:51,2026-07-26 01:36:57,28,27.8,9.43,dongdaegu,1,1,True,target_available_at_arrival,available_count>0 at panel tick nearest as_of+tmap_eta,tmap_routes
CV004463,2026-07-17 20:09:52,2026-07-17 20:50:52,2026-07-17 20:54:57,41,40.7,10.877,dongdaegu,2,2,True,target_available_at_arrival,available_count>0 at panel tick nearest as_of+tmap_eta,tmap_routes
EV005432,2026-08-03 12:02:38,2026-08-03 12:41:38,2026-08-03 12:42:40,39,39.4,9.3,dongdaegu,3,3,True,target_available_at_arrival,available_count>0 at panel tick nearest as_of+tmap_eta,tmap_routes
CV003076,2026-08-07 10:41:58,2026-08-07 11:09:58,2026-08-07 11:12:04,28,27.8,6.202,dongdaegu,1,1,True,target_available_at_arrival,available_count>0 at panel tick nearest as_of+tmap_eta,tmap_routes
EC005054,2026-07-31 00:30:44,2026-07-31 00:50:44,2026-07-31 00:50:47,20,20.0,3.423,dongdaegu,2,2,True,target_available_at_arrival,available_count>0 at panel tick nearest as_of+tmap_eta,tmap_routes
ME184067,2026-08-07 02:21:20,2026-08-07 02:36:20,2026-08-07 02:41:20,15,15.3,2.615,dongdaegu,1,1,True,target_available_at_arrival,available_count>0 at panel tick nearest as_of+tmap_eta,tmap_routes
PI740289,2026-07-25 23:54:57,2026-07-26 00:12:57,2026-07-26 00:16:47,18,18.3,2.75,dongdaegu,2,2,True,target_available_at_arrival,available_count>0 at panel tick nearest as_of+tmap_eta,tmap_routes
PW015039,2026-07-22 22:05:13,2026-07-22 22:32:13,2026-07-22 22:35:20,27,27.1,7.757,dongdaegu,1,1,True,target_available_at_arrival,available_count>0 at panel tick nearest as_of+tmap_eta,tmap_routes
PI740289,2026-07-24 15:28:19,2026-07-24 15:46:19,2026-07-24 15:48:22,18,18.3,2.75,dongdaegu,1,1,True,target_available_at_arrival,available_count>0 at panel tick nearest as_of+tmap_eta,tmap_routes
PI530285,2026-07-23 09:15:39,2026-07-23 09:43:39,2026-07-23 09:46:00,28,28.2,6.939,dongdaegu,1,1,True,target_available_at_arrival,available_count>0 at panel tick nearest as_of+tmap_eta,tmap_routes
ME20C414,2026-07-26 20:59:45,2026-07-26 21:52:45,2026-07-26 21:59:54,53,52.7,31.25,dongdaegu,4,4,True,target_available_at_arrival,available_count>0 at panel tick nearest as_of+tmap_eta,tmap_routes
PI718662,2026-07-23 12:02:15,2026-07-23 12:09:15,2026-07-23 12:12:17,7,7.3,1.737,dongdaegu,1,1,True,target_available_at_arrival,available_count>0 at panel tick nearest as_of+tmap_eta,tmap_routes
ME22C251,2026-08-06 11:56:18,2026-08-06 12:24:18,2026-08-06 12:26:19,28,27.9,8.298,dongdaegu,1,2,True,target_available_at_arrival,available_count>0 at panel tick nearest as_of+tmap_eta,tmap_routes
CV003065,2026-08-07 22:13:19,2026-08-07 22:43:19,2026-08-07 22:43:21,30,29.5,12.376,dongdaegu,1,0,False,target_available_at_arrival,available_count>0 at panel tick nearest as_of+tmap_eta,tmap_routes
CV003535,2026-07-26 16:19:07,2026-07-26 16:39:07,2026-07-26 16:39:09,20,20.0,3.631,dongdaegu,5,5,True,target_available_at_arrival,available_count>0 at panel tick nearest as_of+tmap_eta,tmap_routes
CV003256,2026-08-06 08:16:01,2026-08-06 09:20:01,2026-08-06 09:26:10,64,63.8,32.189,dongdaegu,11,11,True,target_available_at_arrival,available_count>0 at panel tick nearest as_of+tmap_eta,tmap_routes
CV002150,2026-07-22 22:45:22,2026-07-22 23:15:22,2026-07-22 23:15:35,30,30.4,11.163,dongdaegu,1,1,True,target_available_at_arrival,available_count>0 at panel tick nearest as_of+tmap_eta,tmap_routes
DC530012,2026-07-26 11:38:27,2026-07-26 12:04:27,2026-07-26 12:08:33,26,26.5,4.462,dongdaegu,4,3,True,target_available_at_arrival,available_count>0 at panel tick nearest as_of+tmap_eta,tmap_routes
PIH02046,2026-08-03 10:42:32,2026-08-03 11:09:32,2026-08-03 11:12:35,27,27.3,9.361,dongdaegu,1,1,True,target_available_at_arrival,available_count>0 at panel tick nearest as_of+tmap_eta,tmap_routes
CV002253,2026-08-04 19:07:50,2026-08-04 19:53:50,2026-08-04 19:57:53,46,46.0,21.152,dongdaegu,16,16,True,target_available_at_arrival,available_count>0 at panel tick nearest as_of+tmap_eta,tmap_routes
CV001491,2026-08-03 18:43:49,2026-08-03 19:07:49,2026-08-03 19:13:51,24,24.3,7.173,dongdaegu,4,4,True,target_available_at_arrival,available_count>0 at panel tick nearest as_of+tmap_eta,tmap_routes
CV003042,2026-08-01 05:49:29,2026-08-01 06:25:29,2026-08-01 06:29:39,36,35.9,8.808,dongdaegu,1,1,True,target_available_at_arrival,available_count>0 at panel tick nearest as_of+tmap_eta,tmap_routes
PIS00791,2026-08-04 23:58:09,2026-08-05 00:14:09,2026-08-05 00:20:57,16,15.7,2.355,dongdaegu,7,7,True,target_available_at_arrival,available_count>0 at panel tick nearest as_of+tmap_eta,tmap_routes
PI740598,2026-07-26 04:47:20,2026-07-26 05:05:20,2026-07-26 05:07:22,18,17.8,3.853,dongdaegu,1,1,True,target_available_at_arrival,available_count>0 at panel tick nearest as_of+tmap_eta,tmap_routes
CV002914,2026-07-26 02:17:01,2026-07-26 02:41:01,2026-07-26 02:47:04,24,24.4,8.623,dongdaegu,1,1,True,target_available_at_arrival,available_count>0 at panel tick nearest as_of+tmap_eta,tmap_routes
EO000005,2026-07-20 20:41:05,2026-07-20 21:19:05,2026-07-20 21:21:08,38,38.0,9.744,dongdaegu,1,1,True,target_available_at_arrival,available_count>0 at panel tick nearest as_of+tmap_eta,tmap_routes
TS272301,2026-08-07 04:31:26,2026-08-07 04:50:26,2026-08-07 04:51:27,19,19.3,3.204,dongdaegu,2,2,True,target_available_at_arrival,available_count>0 at panel tick nearest as_of+tmap_eta,tmap_routes
DC530007,2026-08-07 17:32:38,2026-08-07 18:15:38,2026-08-07 18:22:45,43,42.9,8.561,dongdaegu,1,2,True,target_available_at_arrival,available_count>0 at panel tick nearest as_of+tmap_eta,tmap_routes
ME183054,2026-07-24 02:27:00,2026-07-24 03:20:00,2026-07-24 03:22:12,53,53.0,31.309,dongdaegu,1,1,True,target_available_at_arrival,available_count>0 at panel tick nearest as_of+tmap_eta,tmap_routes
PI750070,2026-07-29 15:38:50,2026-07-29 15:56:50,2026-07-29 15:58:52,18,18.3,3.62,dongdaegu,4,4,True,target_available_at_arrival,available_count>0 at panel tick nearest as_of+tmap_eta,tmap_routes
KP005260,2026-08-02 04:36:39,2026-08-02 05:36:39,2026-08-02 05:36:46,60,59.8,23.596,dongdaegu,1,1,True,target_available_at_arrival,available_count>0 at panel tick nearest as_of+tmap_eta,tmap_routes
PC000330,2026-07-31 23:36:15,2026-07-31 23:50:15,2026-07-31 23:56:18,14,14.4,0.498,dongdaegu,3,3,True,target_available_at_arrival,available_count>0 at panel tick nearest as_of+tmap_eta,tmap_routes
KE000245,2026-07-27 06:53:01,2026-07-27 07:20:01,2026-07-27 07:23:12,27,26.6,7.893,dongdaegu,2,2,True,target_available_at_arrival,available_count>0 at panel tick nearest as_of+tmap_eta,tmap_routes
SF000637,2026-07-23 11:06:41,2026-07-23 11:48:41,2026-07-23 11:52:13,42,42.0,14.956,dongdaegu,1,1,True,target_available_at_arrival,available_count>0 at panel tick nearest as_of+tmap_eta,tmap_routes
SF002354,2026-07-31 08:12:11,2026-07-31 08:36:11,2026-07-31 08:42:23,24,23.6,4.76,dongdaegu,2,2,True,target_available_at_arrival,available_count>0 at panel tick nearest as_of+tmap_eta,tmap_routes
CV003455,2026-08-06 03:15:48,2026-08-06 03:40:48,2026-08-06 03:45:49,25,24.9,5.418,dongdaegu,1,1,True,target_available_at_arrival,available_count>0 at panel tick nearest as_of+tmap_eta,tmap_routes
HY001434,2026-08-05 16:31:58,2026-08-05 16:54:58,2026-08-05 17:02:00,23,23.2,6.573,dongdaegu,2,2,True,target_available_at_arrival,available_count>0 at panel tick nearest as_of+tmap_eta,tmap_routes
DC530012,2026-07-27 01:52:24,2026-07-27 02:18:24,2026-07-27 02:22:26,26,26.5,4.462,dongdaegu,3,4,True,target_available_at_arrival,available_count>0 at panel tick nearest as_of+tmap_eta,tmap_routes
CV000978,2026-08-08 01:47:06,2026-08-08 02:12:06,2026-08-08 02:17:11,25,25.3,6.225,dongdaegu,5,5,True,target_available_at_arrival,available_count>0 at panel tick nearest as_of+tmap_eta,tmap_routes
SF000799,2026-08-07 16:02:32,2026-08-07 16:12:32,2026-08-07 16:12:33,10,9.7,1.781,dongdaegu,3,3,True,target_available_at_arrival,available_count>0 at panel tick nearest as_of+tmap_eta,tmap_routes
CV001264,2026-08-08 09:37:37,2026-08-08 10:31:37,2026-08-08 10:37:43,54,54.4,27.511,dongdaegu,2,2,True,target_available_at_arrival,available_count>0 at panel tick nearest as_of+tmap_eta,tmap_routes
ME18C265,2026-07-26 04:47:20,2026-07-26 05:17:20,2026-07-26 05:17:23,30,30.0,11.147,dongdaegu,2,2,True,target_available_at_arrival,available_count>0 at panel tick nearest as_of+tmap_eta,tmap_routes
VTE00004,2026-07-22 22:15:15,2026-07-22 22:32:15,2026-07-22 22:35:20,17,16.6,2.011,dongdaegu,1,1,True,target_available_at_arrival,available_count>0 at panel tick nearest as_of+tmap_eta,tmap_routes
ME19C130,2026-08-02 04:26:38,2026-08-02 05:33:38,2026-08-02 05:36:46,67,66.8,43.953,dongdaegu,1,1,True,target_available_at_arrival,available_count>0 at panel tick nearest as_of+tmap_eta,tmap_routes
CV002939,2026-08-06 18:56:50,2026-08-06 19:24:50,2026-08-06 19:26:52,28,28.3,5.851,dongdaegu,6,5,True,target_available_at_arrival,available_count>0 at panel tick nearest as_of+tmap_eta,tmap_routes
CV000151,2026-08-02 23:29:32,2026-08-02 23:58:32,2026-08-02 23:59:33,29,28.6,6.223,dongdaegu,2,2,True,target_available_at_arrival,available_count>0 at panel tick nearest as_of+tmap_eta,tmap_routes
CV004674,2026-08-07 23:03:22,2026-08-07 23:23:22,2026-08-07 23:23:23,20,20.3,3.596,dongdaegu,1,1,True,target_available_at_arrival,available_count>0 at panel tick nearest as_of+tmap_eta,tmap_routes
EV005230,2026-08-03 00:21:55,2026-08-03 00:39:55,2026-08-03 00:41:56,18,17.8,3.927,dongdaegu,1,1,True,target_available_at_arrival,available_count>0 at panel tick nearest as_of+tmap_eta,tmap_routes
BNBN0586,2026-08-03 19:23:52,2026-08-03 20:01:52,2026-08-03 20:03:54,38,38.5,10.312,dongdaegu,2,2,True,target_available_at_arrival,available_count>0 at panel tick nearest as_of+tmap_eta,tmap_routes
CV002394,2026-07-21 16:02:34,2026-07-21 16:35:34,2026-07-21 16:42:51,33,33.3,13.237,dongdaegu,1,1,True,target_available_at_arrival,available_count>0 at panel tick nearest as_of+tmap_eta,tmap_routes
CV004491,2026-08-04 19:07:50,2026-08-04 19:35:50,2026-08-04 19:37:52,28,28.4,5.02,dongdaegu,1,1,True,target_available_at_arrival,available_count>0 at panel tick nearest as_of+tmap_eta,tmap_routes
CV003283,2026-07-23 12:12:17,2026-07-23 12:46:17,2026-07-23 12:47:32,34,33.9,8.36,dongdaegu,1,1,True,target_available_at_arrival,available_count>0 at panel tick nearest as_of+tmap_eta,tmap_routes
CV003284,2026-07-27 06:22:56,2026-07-27 06:58:56,2026-07-27 07:03:02,36,35.6,8.37,dongdaegu,1,1,True,target_available_at_arrival,available_count>0 at panel tick nearest as_of+tmap_eta,tmap_routes
CV001223,2026-08-03 10:22:31,2026-08-03 10:47:31,2026-08-03 10:52:33,25,24.8,7.045,dongdaegu,2,2,True,target_available_at_arrival,available_count>0 at panel tick nearest as_of+tmap_eta,tmap_routes
CV000783,2026-08-02 23:19:32,2026-08-02 23:49:32,2026-08-02 23:49:33,30,30.1,9.004,dongdaegu,1,1,True,target_available_at_arrival,available_count>0 at panel tick nearest as_of+tmap_eta,tmap_routes
PI530295,2026-08-02 20:59:19,2026-08-02 21:12:19,2026-08-02 21:19:22,13,13.2,2.981,dongdaegu,1,1,True,target_available_at_arrival,available_count>0 at panel tick nearest as_of+tmap_eta,tmap_routes
LU101255,2026-07-29 12:58:30,2026-07-29 13:13:30,2026-07-29 13:18:32,15,15.0,0.469,dongdaegu,2,2,True,target_available_at_arrival,available_count>0 at panel tick nearest as_of+tmap_eta,tmap_routes
CV003566,2026-07-31 09:52:33,2026-07-31 10:16:33,2026-07-31 10:22:37,24,24.4,3.698,dongdaegu,1,1,True,target_available_at_arrival,available_count>0 at panel tick nearest as_of+tmap_eta,tmap_routes
ME25C428,2026-08-07 08:41:47,2026-08-07 09:00:47,2026-08-07 09:01:51,19,18.8,3.899,dongdaegu,4,4,True,target_available_at_arrival,available_count>0 at panel tick nearest as_of+tmap_eta,tmap_routes
KE000359,2026-08-02 11:57:51,2026-08-02 12:43:51,2026-08-02 12:48:02,46,46.5,15.594,dongdaegu,3,3,True,target_available_at_arrival,available_count>0 at panel tick nearest as_of+tmap_eta,tmap_routes
CV000569,2026-07-23 06:49:15,2026-07-23 07:11:15,2026-07-23 07:14:21,22,22.0,7.728,dongdaegu,1,1,True,target_available_at_arrival,available_count>0 at panel tick nearest as_of+tmap_eta,tmap_routes
CV001906,2026-07-26 16:49:11,2026-07-26 17:19:11,2026-07-26 17:19:15,30,29.6,8.24,dongdaegu,2,1,True,target_available_at_arrival,available_count>0 at panel tick nearest as_of+tmap_eta,tmap_routes
CV001048,2026-08-04 00:36:42,2026-08-04 01:21:42,2026-08-04 01:26:43,45,45.1,12.446,dongdaegu,1,1,True,target_available_at_arrival,available_count>0 at panel tick nearest as_of+tmap_eta,tmap_routes
KP005644,2026-08-03 18:43:49,2026-08-03 18:56:49,2026-08-03 19:03:50,13,12.8,1.502,dongdaegu,5,5,True,target_available_at_arrival,available_count>0 at panel tick nearest as_of+tmap_eta,tmap_routes
EC005057,2026-08-07 08:31:47,2026-08-07 08:58:47,2026-08-07 09:01:51,27,27.3,8.896,dongdaegu,1,1,True,target_available_at_arrival,available_count>0 at panel tick nearest as_of+tmap_eta,tmap_routes
PI530282,2026-07-26 01:36:57,2026-07-26 02:02:57,2026-07-26 02:07:00,26,25.9,4.171,dongdaegu,2,2,True,target_available_at_arrival,available_count>0 at panel tick nearest as_of+tmap_eta,tmap_routes
ME21C219,2026-07-20 13:45:09,2026-07-20 14:15:09,2026-07-20 14:15:11,30,29.5,9.814,dongdaegu,2,1,True,target_available_at_arrival,available_count>0 at panel tick nearest as_of+tmap_eta,tmap_routes
HE240383,2026-08-07 18:32:47,2026-08-07 19:35:47,2026-08-07 19:43:02,63,62.8,24.74,dongdaegu,6,5,True,target_available_at_arrival,available_count>0 at panel tick nearest as_of+tmap_eta,tmap_routes
CV004699,2026-07-30 08:14:19,2026-07-30 08:30:19,2026-07-30 08:34:22,16,15.8,4.103,dongdaegu,6,6,True,target_available_at_arrival,available_count>0 at panel tick nearest as_of+tmap_eta,tmap_routes
PW012854,2026-07-30 13:35:43,2026-07-30 13:55:43,2026-07-30 13:55:52,20,20.1,3.411,dongdaegu,2,2,True,target_available_at_arrival,available_count>0 at panel tick nearest as_of+tmap_eta,tmap_routes
CV003462,2026-07-31 21:05:52,2026-07-31 21:21:52,2026-07-31 21:25:54,16,15.9,3.351,dongdaegu,1,1,True,target_available_at_arrival,available_count>0 at panel tick nearest as_of+tmap_eta,tmap_routes
PI723157,2026-07-23 07:44:33,2026-07-23 08:15:33,2026-07-23 08:19:50,31,30.9,9.533,dongdaegu,1,1,True,target_available_at_arrival,available_count>0 at panel tick nearest as_of+tmap_eta,tmap_routes
PC000548,2026-07-25 20:54:34,2026-07-25 21:04:34,2026-07-25 21:04:35,10,10.1,1.643,dongdaegu,4,4,True,target_available_at_arrival,available_count>0 at panel tick nearest as_of+tmap_eta,tmap_routes
NT101390,2026-08-07 05:11:28,2026-08-07 05:36:28,2026-08-07 05:41:31,25,24.6,9.025,dongdaegu,1,1,True,target_available_at_arrival,available_count>0 at panel tick nearest as_of+tmap_eta,tmap_routes
CV002302,2026-07-24 12:37:46,2026-07-24 13:07:46,2026-07-24 13:07:49,30,29.7,11.329,dongdaegu,2,2,True,target_available_at_arrival,available_count>0 at panel tick nearest as_of+tmap_eta,tmap_routes
CV001974,2026-07-23 00:37:36,2026-07-23 00:58:36,2026-07-23 01:02:42,21,20.9,4.419,dongdaegu,1,1,True,target_available_at_arrival,available_count>0 at panel tick nearest as_of+tmap_eta,tmap_routes
KP000234,2026-07-29 16:28:58,2026-07-29 17:08:58,2026-07-29 17:09:16,40,39.9,13.48,dongdaegu,1,2,True,target_available_at_arrival,available_count>0 at panel tick nearest as_of+tmap_eta,tmap_routes
CV001318,2026-07-30 15:26:37,2026-07-30 15:54:37,2026-07-30 15:56:41,28,28.5,5.908,dongdaegu,4,4,True,target_available_at_arrival,available_count>0 at panel tick nearest as_of+tmap_eta,tmap_routes
EV006187,2026-07-27 00:22:16,2026-07-27 00:55:16,2026-07-27 01:02:19,33,32.7,9.315,dongdaegu,3,3,True,target_available_at_arrival,available_count>0 at panel tick nearest as_of+tmap_eta,tmap_routes
HY001080,2026-07-29 22:10:14,2026-07-29 23:04:14,2026-07-29 23:10:22,54,54.1,26.412,dongdaegu,1,1,True,target_available_at_arrival,available_count>0 at panel tick nearest as_of+tmap_eta,tmap_routes
ME20C288,2026-07-19 12:30:50,2026-07-19 12:59:50,2026-07-19 13:00:55,29,29.1,9.321,dongdaegu,2,2,True,target_available_at_arrival,available_count>0 at panel tick nearest as_of+tmap_eta,tmap_routes
CV003085,2026-08-01 05:29:28,2026-08-01 05:53:28,2026-08-01 05:59:31,24,24.5,6.588,dongdaegu,2,2,True,target_available_at_arrival,available_count>0 at panel tick nearest as_of+tmap_eta,tmap_routes
CV003450,2026-08-04 08:37:07,2026-08-04 08:52:07,2026-08-04 08:57:08,15,14.7,2.789,dongdaegu,3,3,True,target_available_at_arrival,available_count>0 at panel tick nearest as_of+tmap_eta,tmap_routes
CV002188,2026-08-01 17:11:59,2026-08-01 17:36:59,2026-08-01 17:42:03,25,25.1,6.932,dongdaegu,2,2,True,target_available_at_arrival,available_count>0 at panel tick nearest as_of+tmap_eta,tmap_routes
IN053072,2026-07-27 02:32:27,2026-07-27 02:58:27,2026-07-27 03:02:30,26,25.9,8.457,dongdaegu,11,10,True,target_available_at_arrival,available_count>0 at panel tick nearest as_of+tmap_eta,tmap_routes
CV003786,2026-08-07 23:23:23,2026-08-07 23:47:23,2026-08-07 23:53:25,24,23.6,4.545,dongdaegu,12,12,True,target_available_at_arrival,available_count>0 at panel tick nearest as_of+tmap_eta,tmap_routes
CV002348,2026-08-02 06:06:49,2026-08-02 06:51:49,2026-08-02 06:57:00,45,45.2,15.52,dongdaegu,9,9,True,target_available_at_arrival,available_count>0 at panel tick nearest as_of+tmap_eta,tmap_routes
PI740598,2026-07-29 10:58:09,2026-07-29 11:16:09,2026-07-29 11:18:12,18,17.8,3.853,dongdaegu,1,1,True,target_available_at_arrival,available_count>0 at panel tick nearest as_of+tmap_eta,tmap_routes
NT100893,2026-08-04 16:17:37,2026-08-04 16:45:37,2026-08-04 16:47:41,28,28.2,9.352,dongdaegu,3,3,True,target_available_at_arrival,available_count>0 at panel tick nearest as_of+tmap_eta,tmap_routes
CV000556,2026-07-27 13:44:23,2026-07-27 14:24:23,2026-07-27 14:24:37,40,40.5,11.691,dongdaegu,1,1,True,target_available_at_arrival,available_count>0 at panel tick nearest as_of+tmap_eta,tmap_routes
CV002940,2026-07-17 16:54:42,2026-07-17 17:39:42,2026-07-17 17:39:44,45,44.8,18.996,dongdaegu,1,1,True,target_available_at_arrival,available_count>0 at panel tick nearest as_of+tmap_eta,tmap_routes
CV003146,2026-08-04 10:27:15,2026-08-04 11:12:15,2026-08-04 11:17:18,45,44.9,22.12,dongdaegu,1,1,True,target_available_at_arrival,available_count>0 at panel tick nearest as_of+tmap_eta,tmap_routes
CV000724,2026-08-02 12:07:52,2026-08-02 13:02:52,2026-08-02 13:08:04,55,54.6,32.134,dongdaegu,1,1,True,target_available_at_arrival,available_count>0 at panel tick nearest as_of+tmap_eta,tmap_routes
KP000236,2026-08-05 23:52:32,2026-08-06 00:11:32,2026-08-06 00:15:41,19,18.9,4.127,dongdaegu,1,1,True,target_available_at_arrival,available_count>0 at panel tick nearest as_of+tmap_eta,tmap_routes
ST272310,2026-07-22 15:00:22,2026-07-22 15:18:22,2026-07-22 15:20:24,18,18.3,3.532,dongdaegu,6,6,True,target_available_at_arrival,available_count>0 at panel tick nearest as_of+tmap_eta,tmap_routes
PI530304,2026-07-23 07:19:23,2026-07-23 07:25:23,2026-07-23 07:29:25,6,6.5,0.55,dongdaegu,1,1,True,target_available_at_arrival,available_count>0 at panel tick nearest as_of+tmap_eta,tmap_routes
KP002190,2026-08-03 04:32:05,2026-08-03 04:48:05,2026-08-03 04:52:06,16,15.8,3.532,dongdaegu,1,1,True,target_available_at_arrival,available_count>0 at panel tick nearest as_of+tmap_eta,tmap_routes
PI752996,2026-08-02 00:56:01,2026-08-02 01:16:01,2026-08-02 01:16:03,20,19.7,3.143,dongdaegu,1,1,True,target_available_at_arrival,available_count>0 at panel tick nearest as_of+tmap_eta,tmap_routes
PI740086,2026-08-04 03:06:51,2026-08-04 03:32:51,2026-08-04 03:36:52,26,26.5,9.134,dongdaegu,1,1,True,target_available_at_arrival,available_count>0 at panel tick nearest as_of+tmap_eta,tmap_routes
TS272902,2026-08-01 05:29:28,2026-08-01 05:57:28,2026-08-01 05:59:31,28,28.4,9.806,dongdaegu,2,2,True,target_available_at_arrival,available_count>0 at panel tick nearest as_of+tmap_eta,tmap_routes
HE230047,2026-08-07 09:01:51,2026-08-07 09:54:51,2026-08-07 10:01:56,53,53.4,38.877,dongdaegu,2,2,True,target_available_at_arrival,available_count>0 at panel tick nearest as_of+tmap_eta,tmap_routes
PI780101,2026-07-20 16:05:46,2026-07-20 16:30:46,2026-07-20 16:30:51,25,24.6,6.622,dongdaegu,1,1,True,target_available_at_arrival,available_count>0 at panel tick nearest as_of+tmap_eta,tmap_routes
TDP00010,2026-08-02 21:19:22,2026-08-02 21:37:22,2026-08-02 21:39:23,18,17.7,2.955,dongdaegu,15,15,True,target_available_at_arrival,available_count>0 at panel tick nearest as_of+tmap_eta,tmap_routes
PIH01792,2026-08-02 18:18:53,2026-08-02 18:28:53,2026-08-02 18:28:54,10,10.1,0.893,dongdaegu,3,3,True,target_available_at_arrival,available_count>0 at panel tick nearest as_of+tmap_eta,tmap_routes
CU530010,2026-07-25 20:14:28,2026-07-25 20:42:28,2026-07-25 20:44:32,28,27.6,8.681,dongdaegu,9,9,True,target_available_at_arrival,available_count>0 at panel tick nearest as_of+tmap_eta,tmap_routes
ST271709,2026-07-30 08:24:20,2026-07-30 08:53:20,2026-07-30 08:54:25,29,28.9,7.971,dongdaegu,2,2,True,target_available_at_arrival,available_count>0 at panel tick nearest as_of+tmap_eta,tmap_routes
EV005709,2026-07-28 09:29:40,2026-07-28 10:04:40,2026-07-28 10:09:47,35,34.7,9.64,dongdaegu,1,1,True,target_available_at_arrival,available_count>0 at panel tick nearest as_of+tmap_eta,tmap_routes
IN053043,2026-07-25 18:44:13,2026-07-25 19:10:13,2026-07-25 19:14:19,26,26.2,7.385,dongdaegu,1,1,True,target_available_at_arrival,available_count>0 at panel tick nearest as_of+tmap_eta,tmap_routes
CV003065,2026-07-26 08:37:59,2026-07-26 09:07:59,2026-07-26 09:08:05,30,29.5,12.376,dongdaegu,1,1,True,target_available_at_arrival,available_count>0 at panel tick nearest as_of+tmap_eta,tmap_routes
ME25C171,2026-08-01 03:39:18,2026-08-01 03:56:18,2026-08-01 03:59:20,17,16.6,2.432,dongdaegu,1,1,True,target_available_at_arrival,available_count>0 at panel tick nearest as_of+tmap_eta,tmap_routes
HY000912,2026-07-27 12:03:57,2026-07-27 12:27:57,2026-07-27 12:34:05,24,23.5,6.608,dongdaegu,3,3,True,target_available_at_arrival,available_count>0 at panel tick nearest as_of+tmap_eta,tmap_routes
PC000305,2026-07-21 21:12:56,2026-07-21 21:45:56,2026-07-21 21:53:06,33,32.8,9.814,dongdaegu,1,1,True,target_available_at_arrival,available_count>0 at panel tick nearest as_of+tmap_eta,tmap_routes
EV006297,2026-07-24 08:26:54,2026-07-24 08:44:54,2026-07-24 08:46:58,18,17.9,4.098,dongdaegu,1,1,True,target_available_at_arrival,available_count>0 at panel tick nearest as_of+tmap_eta,tmap_routes
NT101559,2026-08-05 12:41:42,2026-08-05 13:05:42,2026-08-05 13:11:44,24,24.4,7.069,dongdaegu,2,2,True,target_available_at_arrival,available_count>0 at panel tick nearest as_of+tmap_eta,tmap_routes
CV000658,2026-08-02 05:16:44,2026-08-02 05:46:44,2026-08-02 05:46:47,30,29.7,11.549,dongdaegu,2,2,True,target_available_at_arrival,available_count>0 at panel tick nearest as_of+tmap_eta,tmap_routes
NT100890,2026-08-03 03:22:02,2026-08-03 04:20:02,2026-08-03 04:22:05,58,58.0,25.646,dongdaegu,2,2,True,target_available_at_arrival,available_count>0 at panel tick nearest as_of+tmap_eta,tmap_routes
PI530303,2026-07-23 14:53:09,2026-07-23 15:19:09,2026-07-23 15:23:27,26,25.5,6.41,dongdaegu,4,5,True,target_available_at_arrival,available_count>0 at panel tick nearest as_of+tmap_eta,tmap_routes
PW015041,2026-08-03 01:31:58,2026-08-03 01:59:58,2026-08-03 02:01:59,28,27.8,5.95,dongdaegu,4,4,True,target_available_at_arrival,available_count>0 at panel tick nearest as_of+tmap_eta,tmap_routes
CV003571,2026-07-22 17:00:56,2026-07-22 17:17:56,2026-07-22 17:21:05,17,17.4,2.6,dongdaegu,1,1,True,target_available_at_arrival,available_count>0 at panel tick nearest as_of+tmap_eta,tmap_routes
HE240485,2026-08-01 11:00:34,2026-08-01 11:30:34,2026-08-01 11:30:40,30,29.7,8.57,dongdaegu,2,2,True,target_available_at_arrival,available_count>0 at panel tick nearest as_of+tmap_eta,tmap_routes
LU100685,2026-07-28 18:12:53,2026-07-28 18:28:53,2026-07-28 18:32:58,16,16.5,3.566,dongdaegu,2,2,True,target_available_at_arrival,available_count>0 at panel tick nearest as_of+tmap_eta,tmap_routes
CV004116,2026-08-01 21:22:45,2026-08-01 21:35:45,2026-08-01 21:42:47,13,13.2,2.245,dongdaegu,11,11,True,target_available_at_arrival,available_count>0 at panel tick nearest as_of+tmap_eta,tmap_routes
PIH00556,2026-07-28 03:38:38,2026-07-28 04:11:38,2026-07-28 04:18:42,33,33.0,8.546,dongdaegu,1,1,True,target_available_at_arrival,available_count>0 at panel tick nearest as_of+tmap_eta,tmap_routes
CV000557,2026-07-21 13:41:49,2026-07-21 14:05:49,2026-07-21 14:12:00,24,24.4,5.378,dongdaegu,1,1,True,target_available_at_arrival,available_count>0 at panel tick nearest as_of+tmap_eta,tmap_routes
PI740227,2026-07-22 11:19:42,2026-07-22 11:25:42,2026-07-22 11:29:43,6,6.0,0.717,dongdaegu,1,1,True,target_available_at_arrival,available_count>0 at panel tick nearest as_of+tmap_eta,tmap_routes
CV001223,2026-08-02 10:27:35,2026-08-02 10:52:35,2026-08-02 10:57:42,25,24.8,7.045,dongdaegu,2,2,True,target_available_at_arrival,available_count>0 at panel tick nearest as_of+tmap_eta,tmap_routes
HW000497,2026-07-28 22:53:42,2026-07-28 23:17:42,2026-07-28 23:23:48,24,24.1,4.737,dongdaegu,2,2,True,target_available_at_arrival,available_count>0 at panel tick nearest as_of+tmap_eta,tmap_routes
CV004736,2026-08-08 05:17:22,2026-08-08 06:14:22,2026-08-08 06:17:24,57,57.4,24.095,dongdaegu,1,2,True,target_available_at_arrival,available_count>0 at panel tick nearest as_of+tmap_eta,tmap_routes
CV003728,2026-08-02 22:59:31,2026-08-02 23:37:31,2026-08-02 23:39:33,38,38.5,12.942,dongdaegu,2,2,True,target_available_at_arrival,available_count>0 at panel tick nearest as_of+tmap_eta,tmap_routes
BNBN0594,2026-07-30 12:45:23,2026-07-30 13:01:23,2026-07-30 13:05:26,16,16.4,3.558,dongdaegu,1,1,True,target_available_at_arrival,available_count>0 at panel tick nearest as_of+tmap_eta,tmap_routes
KRC10088,2026-08-05 02:51:04,2026-08-05 03:27:04,2026-08-05 03:31:05,36,36.4,11.942,dongdaegu,1,1,True,target_available_at_arrival,available_count>0 at panel tick nearest as_of+tmap_eta,tmap_routes
CV003072,2026-07-30 03:33:21,2026-07-30 03:51:21,2026-07-30 03:53:25,18,17.8,3.667,dongdaegu,1,1,True,target_available_at_arrival,available_count>0 at panel tick nearest as_of+tmap_eta,tmap_routes
CV003136,2026-07-25 08:20:23,2026-07-25 08:48:23,2026-07-25 08:53:43,28,28.2,8.505,dongdaegu,1,1,True,target_available_at_arrival,available_count>0 at panel tick nearest as_of+tmap_eta,tmap_routes
KP005833,2026-07-29 04:26:42,2026-07-29 05:19:42,2026-07-29 05:26:52,53,53.4,23.9,dongdaegu,1,1,True,target_available_at_arrival,available_count>0 at panel tick nearest as_of+tmap_eta,tmap_routes
CV001594,2026-08-01 04:39:23,2026-08-01 05:05:23,2026-08-01 05:09:26,26,25.9,6.561,dongdaegu,1,2,True,target_available_at_arrival,available_count>0 at panel tick nearest as_of+tmap_eta,tmap_routes
NT000053,2026-07-30 10:14:52,2026-07-30 10:49:52,2026-07-30 10:55:00,35,35.0,11.924,dongdaegu,2,2,True,target_available_at_arrival,available_count>0 at panel tick nearest as_of+tmap_eta,tmap_routes
ME25C278,2026-08-07 10:11:57,2026-08-07 10:29:57,2026-08-07 10:31:58,18,18.5,3.795,dongdaegu,2,2,True,target_available_at_arrival,available_count>0 at panel tick nearest as_of+tmap_eta,tmap_routes
CV001632,2026-07-27 13:34:22,2026-07-27 14:02:22,2026-07-27 14:04:28,28,27.8,8.198,dongdaegu,3,3,True,target_available_at_arrival,available_count>0 at panel tick nearest as_of+tmap_eta,tmap_routes
CV003148,2026-08-01 01:49:07,2026-08-01 02:18:07,2026-08-01 02:19:09,29,29.4,10.43,dongdaegu,1,1,True,target_available_at_arrival,available_count>0 at panel tick nearest as_of+tmap_eta,tmap_routes
ME21B301,2026-07-26 18:39:26,2026-07-26 19:14:26,2026-07-26 19:19:31,35,34.6,12.022,dongdaegu,1,2,True,target_available_at_arrival,available_count>0 at panel tick nearest as_of+tmap_eta,tmap_routes
PI306105,2026-08-03 03:22:02,2026-08-03 03:35:02,2026-08-03 03:42:03,13,13.3,2.325,dongdaegu,5,5,True,target_available_at_arrival,available_count>0 at panel tick nearest as_of+tmap_eta,tmap_routes
ME21A903,2026-07-31 15:54:39,2026-07-31 16:52:39,2026-07-31 16:54:53,58,57.6,24.021,dongdaegu,2,3,True,target_available_at_arrival,available_count>0 at panel tick nearest as_of+tmap_eta,tmap_routes
KRC10088,2026-07-30 15:56:41,2026-07-30 16:32:41,2026-07-30 16:36:46,36,36.4,11.942,dongdaegu,1,1,True,target_available_at_arrival,available_count>0 at panel tick nearest as_of+tmap_eta,tmap_routes
SF002213,2026-08-07 10:52:03,2026-08-07 11:47:03,2026-08-07 11:52:06,55,54.8,26.185,dongdaegu,1,1,True,target_available_at_arrival,available_count>0 at panel tick nearest as_of+tmap_eta,tmap_routes
KP000234,2026-08-05 09:01:22,2026-08-05 09:41:22,2026-08-05 09:41:24,40,39.9,13.48,dongdaegu,2,2,True,target_available_at_arrival,available_count>0 at panel tick nearest as_of+tmap_eta,tmap_routes
CV002620,2026-08-01 10:30:30,2026-08-01 11:04:30,2026-08-01 11:10:38,34,34.0,8.562,dongdaegu,1,1,True,target_available_at_arrival,available_count>0 at panel tick nearest as_of+tmap_eta,tmap_routes
PW801190,2026-08-05 03:11:04,2026-08-05 04:05:04,2026-08-05 04:11:06,54,54.1,25.446,dongdaegu,3,3,True,target_available_at_arrival,available_count>0 at panel tick nearest as_of+tmap_eta,tmap_routes
ME21C219,2026-07-23 05:33:50,2026-07-23 06:03:50,2026-07-23 06:03:57,30,29.5,9.814,dongdaegu,2,2,True,target_available_at_arrival,available_count>0 at panel tick nearest as_of+tmap_eta,tmap_routes
PW014386,2026-07-28 11:09:58,2026-07-28 11:45:58,2026-07-28 11:50:19,36,36.5,13.227,dongdaegu,2,2,True,target_available_at_arrival,available_count>0 at panel tick nearest as_of+tmap_eta,tmap_routes
KP003786,2026-08-03 19:13:51,2026-08-03 19:30:51,2026-08-03 19:33:52,17,17.2,3.39,dongdaegu,2,2,True,target_available_at_arrival,available_count>0 at panel tick nearest as_of+tmap_eta,tmap_routes
CV003286,2026-07-27 22:46:15,2026-07-27 23:21:15,2026-07-27 23:26:19,35,35.0,7.378,dongdaegu,2,2,True,target_available_at_arrival,available_count>0 at panel tick nearest as_of+tmap_eta,tmap_routes
ME19F412,2026-07-17 20:24:53,2026-07-17 21:18:53,2026-07-17 21:24:59,54,54.5,32.172,dongdaegu,2,2,True,target_available_at_arrival,available_count>0 at panel tick nearest as_of+tmap_eta,tmap_routes
LU100103,2026-07-31 11:52:46,2026-07-31 12:29:46,2026-07-31 12:32:51,37,36.6,8.479,dongdaegu,1,1,True,target_available_at_arrival,available_count>0 at panel tick nearest as_of+tmap_eta,tmap_routes
CV002085,2026-07-24 05:43:22,2026-07-24 06:19:22,2026-07-24 06:23:41,36,36.3,12.606,dongdaegu,2,2,True,target_available_at_arrival,available_count>0 at panel tick nearest as_of+tmap_eta,tmap_routes
ME21E401,2026-07-26 05:07:22,2026-07-26 06:00:22,2026-07-26 06:07:30,53,52.7,31.252,dongdaegu,1,1,True,target_available_at_arrival,available_count>0 at panel tick nearest as_of+tmap_eta,tmap_routes
PC001162,2026-08-03 15:02:49,2026-08-03 16:00:49,2026-08-03 16:02:52,58,57.5,26.099,dongdaegu,1,1,True,target_available_at_arrival,available_count>0 at panel tick nearest as_of+tmap_eta,tmap_routes
EV012380,2026-08-07 14:42:17,2026-08-07 15:09:17,2026-08-07 15:12:27,27,26.9,8.446,dongdaegu,2,2,True,target_available_at_arrival,available_count>0 at panel tick nearest as_of+tmap_eta,tmap_routes
EV008884,2026-07-28 01:28:25,2026-07-28 01:58:25,2026-07-28 01:58:28,30,29.9,10.451,dongdaegu,1,0,False,target_available_at_arrival,available_count>0 at panel tick nearest as_of+tmap_eta,tmap_routes
ME19E161,2026-08-02 23:29:32,2026-08-02 23:48:32,2026-08-02 23:49:33,19,18.7,1.98,dongdaegu,1,1,True,target_available_at_arrival,available_count>0 at panel tick nearest as_of+tmap_eta,tmap_routes
ME183068,2026-07-21 16:32:50,2026-07-21 16:56:50,2026-07-21 17:03:06,24,23.9,7.001,dongdaegu,1,1,True,target_available_at_arrival,available_count>0 at panel tick nearest as_of+tmap_eta,tmap_routes
EV008138,2026-08-01 14:11:19,2026-08-01 14:31:19,2026-08-01 14:31:26,20,19.9,1.724,dongdaegu,1,1,True,target_available_at_arrival,available_count>0 at panel tick nearest as_of+tmap_eta,tmap_routes
PI740722,2026-08-01 20:52:38,2026-08-01 21:08:38,2026-08-01 21:12:44,16,16.4,2.83,dongdaegu,1,1,True,target_available_at_arrival,available_count>0 at panel tick nearest as_of+tmap_eta,tmap_routes
ME21E401,2026-07-30 22:28:05,2026-07-30 23:21:05,2026-07-30 23:28:11,53,52.7,31.252,dongdaegu,3,4,True,target_available_at_arrival,available_count>0 at panel tick nearest as_of+tmap_eta,tmap_routes
SF002583,2026-07-25 23:04:50,2026-07-25 23:48:50,2026-07-25 23:54:57,44,44.5,9.471,dongdaegu,2,2,True,target_available_at_arrival,available_count>0 at panel tick nearest as_of+tmap_eta,tmap_routes
CV000542,2026-08-01 00:06:21,2026-08-01 00:16:21,2026-08-01 00:18:55,10,9.8,2.222,dongdaegu,1,1,True,target_available_at_arrival,available_count>0 at panel tick nearest as_of+tmap_eta,tmap_routes
EV005838,2026-07-29 06:47:09,2026-07-29 07:13:09,2026-07-29 07:17:13,26,25.7,7.322,dongdaegu,1,1,True,target_available_at_arrival,available_count>0 at panel tick nearest as_of+tmap_eta,tmap_routes
CV001967,2026-07-30 16:06:42,2026-07-30 16:25:42,2026-07-30 16:26:45,19,19.4,3.176,dongdaegu,1,1,True,target_available_at_arrival,available_count>0 at panel tick nearest as_of+tmap_eta,tmap_routes
NT100656,2026-07-22 16:50:42,2026-07-22 17:06:42,2026-07-22 17:11:04,16,16.0,1.994,dongdaegu,1,1,True,target_available_at_arrival,available_count>0 at panel tick nearest as_of+tmap_eta,tmap_routes
HW000695,2026-07-30 10:34:53,2026-07-30 11:07:53,2026-07-30 11:15:12,33,32.6,7.975,dongdaegu,1,1,True,target_available_at_arrival,available_count>0 at panel tick nearest as_of+tmap_eta,tmap_routes
HE240382,2026-08-05 18:12:07,2026-08-05 19:15:07,2026-08-05 19:22:14,63,62.7,24.773,dongdaegu,1,2,True,target_available_at_arrival,available_count>0 at panel tick nearest as_of+tmap_eta,tmap_routes
CV003096,2026-07-31 00:40:46,2026-07-31 01:10:46,2026-07-31 01:10:48,30,30.5,6.455,dongdaegu,1,1,True,target_available_at_arrival,available_count>0 at panel tick nearest as_of+tmap_eta,tmap_routes
PI700593,2026-07-31 15:44:34,2026-07-31 16:04:34,2026-07-31 16:04:41,20,20.1,4.863,dongdaegu,1,1,True,target_available_at_arrival,available_count>0 at panel tick nearest as_of+tmap_eta,tmap_routes
SF003166,2026-08-05 18:22:08,2026-08-05 18:38:08,2026-08-05 18:42:09,16,16.0,1.377,dongdaegu,1,1,True,target_available_at_arrival,available_count>0 at panel tick nearest as_of+tmap_eta,tmap_routes
PI530077,2026-08-07 08:31:47,2026-08-07 09:06:47,2026-08-07 09:11:51,35,35.3,11.644,dongdaegu,1,1,True,target_available_at_arrival,available_count>0 at panel tick nearest as_of+tmap_eta,tmap_routes
DC530029,2026-08-02 08:57:20,2026-08-02 09:42:20,2026-08-02 09:47:28,45,44.9,12.015,dongdaegu,5,5,True,target_available_at_arrival,available_count>0 at panel tick nearest as_of+tmap_eta,tmap_routes
NT101503,2026-08-04 13:37:29,2026-08-04 14:02:29,2026-08-04 14:07:30,25,24.9,9.063,dongdaegu,1,1,True,target_available_at_arrival,available_count>0 at panel tick nearest as_of+tmap_eta,tmap_routes
CV000566,2026-07-18 18:20:58,2026-07-18 18:59:58,2026-07-18 19:06:06,39,38.8,17.91,dongdaegu,1,1,True,target_available_at_arrival,available_count>0 at panel tick nearest as_of+tmap_eta,tmap_routes
ME25C170,2026-08-05 13:11:44,2026-08-05 13:40:44,2026-08-05 13:41:46,29,28.6,8.088,dongdaegu,1,1,True,target_available_at_arrival,available_count>0 at panel tick nearest as_of+tmap_eta,tmap_routes
SF002583,2026-07-24 15:18:18,2026-07-24 16:02:18,2026-07-24 16:08:25,44,44.5,9.471,dongdaegu,2,2,True,target_available_at_arrival,available_count>0 at panel tick nearest as_of+tmap_eta,tmap_routes
KP002189,2026-07-26 12:38:36,2026-07-26 12:53:36,2026-07-26 12:58:39,15,15.4,3.325,dongdaegu,2,2,True,target_available_at_arrival,available_count>0 at panel tick nearest as_of+tmap_eta,tmap_routes
KP000230,2026-08-05 18:32:08,2026-08-05 18:46:08,2026-08-05 18:52:10,14,13.8,2.881,dongdaegu,2,2,True,target_available_at_arrival,available_count>0 at panel tick nearest as_of+tmap_eta,tmap_routes
HY000979,2026-08-02 15:58:34,2026-08-02 16:12:34,2026-08-02 16:18:38,14,14.0,2.863,dongdaegu,3,3,True,target_available_at_arrival,available_count>0 at panel tick nearest as_of+tmap_eta,tmap_routes
PI530278,2026-07-24 04:02:51,2026-07-24 04:58:51,2026-07-24 05:03:13,56,55.5,26.206,dongdaegu,2,3,True,target_available_at_arrival,available_count>0 at panel tick nearest as_of+tmap_eta,tmap_routes
HW000692,2026-08-07 23:03:22,2026-08-07 23:11:22,2026-08-07 23:13:23,8,8.3,1.603,dongdaegu,2,2,True,target_available_at_arrival,available_count>0 at panel tick nearest as_of+tmap_eta,tmap_routes
PC000330,2026-07-24 20:49:27,2026-07-24 21:03:27,2026-07-24 21:09:32,14,14.4,0.498,dongdaegu,1,1,True,target_available_at_arrival,available_count>0 at panel tick nearest as_of+tmap_eta,tmap_routes
TDP00010,2026-07-24 03:52:24,2026-07-24 04:10:24,2026-07-24 04:12:54,18,17.7,2.955,dongdaegu,1,1,True,target_available_at_arrival,available_count>0 at panel tick nearest as_of+tmap_eta,tmap_routes
CV000519,2026-07-17 16:54:42,2026-07-17 17:20:42,2026-07-17 17:24:43,26,25.8,5.074,dongdaegu,1,1,True,target_available_at_arrival,available_count>0 at panel tick nearest as_of+tmap_eta,tmap_routes
CV000831,2026-07-27 10:43:44,2026-07-27 10:53:44,2026-07-27 10:53:45,10,9.9,0.571,dongdaegu,1,1,True,target_available_at_arrival,available_count>0 at panel tick nearest as_of+tmap_eta,tmap_routes
KP004005,2026-07-23 14:53:09,2026-07-23 15:20:09,2026-07-23 15:23:27,27,27.1,6.364,dongdaegu,1,1,True,target_available_at_arrival,available_count>0 at panel tick nearest as_of+tmap_eta,tmap_routes
CV004116,2026-07-23 10:21:08,2026-07-23 10:34:08,2026-07-23 10:36:17,13,13.2,2.245,dongdaegu,2,2,True,target_available_at_arrival,available_count>0 at panel tick nearest as_of+tmap_eta,tmap_routes
CV001488,2026-07-23 03:33:19,2026-07-23 04:03:19,2026-07-23 04:03:26,30,30.3,7.059,dongdaegu,1,1,True,target_available_at_arrival,available_count>0 at panel tick nearest as_of+tmap_eta,tmap_routes
ME20C186,2026-07-28 08:49:35,2026-07-28 09:33:35,2026-07-28 09:39:42,44,44.2,22.102,dongdaegu,1,1,True,target_available_at_arrival,available_count>0 at panel tick nearest as_of+tmap_eta,tmap_routes
CV000504,2026-08-01 11:30:40,2026-08-01 11:58:40,2026-08-01 12:00:43,28,28.4,8.106,dongdaegu,1,1,True,target_available_at_arrival,available_count>0 at panel tick nearest as_of+tmap_eta,tmap_routes
PIS00550,2026-07-23 14:43:03,2026-07-23 14:49:03,2026-07-23 14:53:09,6,6.3,0.388,dongdaegu,1,2,True,target_available_at_arrival,available_count>0 at panel tick nearest as_of+tmap_eta,tmap_routes
HE000883,2026-08-08 08:57:35,2026-08-08 09:26:35,2026-08-08 09:27:37,29,29.2,9.221,dongdaegu,20,20,True,target_available_at_arrival,available_count>0 at panel tick nearest as_of+tmap_eta,tmap_routes
CV003485,2026-07-24 17:08:34,2026-07-24 17:56:34,2026-07-24 17:58:47,48,48.2,16.03,dongdaegu,2,2,True,target_available_at_arrival,available_count>0 at panel tick nearest as_of+tmap_eta,tmap_routes
CV001462,2026-07-27 08:43:28,2026-07-27 09:07:28,2026-07-27 09:13:33,24,23.7,5.26,dongdaegu,2,2,True,target_available_at_arrival,available_count>0 at panel tick nearest as_of+tmap_eta,tmap_routes
EV007655,2026-07-29 12:28:26,2026-07-29 12:57:26,2026-07-29 12:58:30,29,29.4,8.407,dongdaegu,2,2,True,target_available_at_arrival,available_count>0 at panel tick nearest as_of+tmap_eta,tmap_routes
DC530012,2026-07-25 17:24:03,2026-07-25 17:50:03,2026-07-25 17:54:07,26,26.5,4.462,dongdaegu,5,5,True,target_available_at_arrival,available_count>0 at panel tick nearest as_of+tmap_eta,tmap_routes
CV000504,2026-07-26 13:48:45,2026-07-26 14:16:45,2026-07-26 14:18:50,28,28.4,8.106,dongdaegu,2,2,True,target_available_at_arrival,available_count>0 at panel tick nearest as_of+tmap_eta,tmap_routes
ST271401,2026-08-03 08:22:20,2026-08-03 08:47:20,2026-08-03 08:52:21,25,24.8,8.995,dongdaegu,5,5,True,target_available_at_arrival,available_count>0 at panel tick nearest as_of+tmap_eta,tmap_routes
ME25C171,2026-07-27 21:26:06,2026-07-27 21:43:06,2026-07-27 21:46:08,17,16.6,2.432,dongdaegu,1,1,True,target_available_at_arrival,available_count>0 at panel tick nearest as_of+tmap_eta,tmap_routes
EV008884,2026-07-18 20:21:11,2026-07-18 20:51:11,2026-07-18 20:51:15,30,29.9,10.451,dongdaegu,1,1,True,target_available_at_arrival,available_count>0 at panel tick nearest as_of+tmap_eta,tmap_routes
PI530303,2026-07-26 20:39:42,2026-07-26 21:05:42,2026-07-26 21:09:46,26,25.5,6.41,dongdaegu,1,1,True,target_available_at_arrival,available_count>0 at panel tick nearest as_of+tmap_eta,tmap_routes
PIH01804,2026-08-07 07:11:35,2026-08-07 07:29:35,2026-08-07 07:31:38,18,17.8,3.532,dongdaegu,12,12,True,target_available_at_arrival,available_count>0 at panel tick nearest as_of+tmap_eta,tmap_routes
HY000912,2026-08-02 10:57:42,2026-08-02 11:21:42,2026-08-02 11:27:45,24,23.5,6.608,dongdaegu,5,6,True,target_available_at_arrival,available_count>0 at panel tick nearest as_of+tmap_eta,tmap_routes
DC530008,2026-08-03 08:52:21,2026-08-03 09:35:21,2026-08-03 09:42:29,43,42.8,8.536,dongdaegu,5,4,True,target_available_at_arrival,available_count>0 at panel tick nearest as_of+tmap_eta,tmap_routes
KP004005,2026-07-27 23:36:21,2026-07-28 00:03:21,2026-07-28 00:06:26,27,27.1,6.364,dongdaegu,1,1,True,target_available_at_arrival,available_count>0 at panel tick nearest as_of+tmap_eta,tmap_routes
PW000296,2026-08-04 08:17:06,2026-08-04 08:35:06,2026-08-04 08:37:07,18,18.3,4.495,dongdaegu,1,1,True,target_available_at_arrival,available_count>0 at panel tick nearest as_of+tmap_eta,tmap_routes
PI740280,2026-08-02 03:06:28,2026-08-02 03:29:28,2026-08-02 03:36:33,23,23.1,6.214,dongdaegu,2,2,True,target_available_at_arrival,available_count>0 at panel tick nearest as_of+tmap_eta,tmap_routes
CV001635,2026-07-19 11:00:33,2026-07-19 11:38:33,2026-07-19 11:45:40,38,37.6,10.026,dongdaegu,1,2,True,target_available_at_arrival,available_count>0 at panel tick nearest as_of+tmap_eta,tmap_routes
CV003133,2026-08-03 01:51:58,2026-08-03 02:24:58,2026-08-03 02:32:00,33,33.2,8.22,dongdaegu,1,1,True,target_available_at_arrival,available_count>0 at panel tick nearest as_of+tmap_eta,tmap_routes
CV001631,2026-08-03 09:42:29,2026-08-03 10:19:29,2026-08-03 10:22:31,37,37.1,9.223,dongdaegu,2,2,True,target_available_at_arrival,available_count>0 at panel tick nearest as_of+tmap_eta,tmap_routes
ST271704,2026-08-05 02:01:01,2026-08-05 02:30:01,2026-08-05 02:31:03,29,29.4,7.17,dongdaegu,1,1,True,target_available_at_arrival,available_count>0 at panel tick nearest as_of+tmap_eta,tmap_routes
HE192131,2026-08-06 09:36:10,2026-08-06 09:54:10,2026-08-06 09:56:12,18,17.5,2.483,dongdaegu,1,1,True,target_available_at_arrival,available_count>0 at panel tick nearest as_of+tmap_eta,tmap_routes
KP005644,2026-08-01 14:31:26,2026-08-01 14:44:26,2026-08-01 14:51:29,13,12.8,1.502,dongdaegu,3,3,True,target_available_at_arrival,available_count>0 at panel tick nearest as_of+tmap_eta,tmap_routes
UP491145,2026-07-30 07:34:13,2026-07-30 08:01:13,2026-07-30 08:04:17,27,26.8,8.306,dongdaegu,1,1,True,target_available_at_arrival,available_count>0 at panel tick nearest as_of+tmap_eta,tmap_routes
CV004353,2026-07-25 17:14:01,2026-07-25 18:02:01,2026-07-25 18:04:08,48,48.1,15.293,dongdaegu,4,4,True,target_available_at_arrival,available_count>0 at panel tick nearest as_of+tmap_eta,tmap_routes
KE000230,2026-07-23 07:29:25,2026-07-23 08:01:25,2026-07-23 08:04:41,32,32.1,10.495,dongdaegu,3,2,True,target_available_at_arrival,available_count>0 at panel tick nearest as_of+tmap_eta,tmap_routes
CV002150,2026-07-29 22:00:13,2026-07-29 22:30:13,2026-07-29 22:30:17,30,30.4,11.163,dongdaegu,2,2,True,target_available_at_arrival,available_count>0 at panel tick nearest as_of+tmap_eta,tmap_routes
CV003146,2026-07-31 04:21:19,2026-07-31 05:06:19,2026-07-31 05:11:24,45,44.9,22.12,dongdaegu,1,1,True,target_available_at_arrival,available_count>0 at panel tick nearest as_of+tmap_eta,tmap_routes
NX000019,2026-08-06 19:46:54,2026-08-06 20:11:54,2026-08-06 20:16:55,25,25.0,5.726,dongdaegu,1,1,True,target_available_at_arrival,available_count>0 at panel tick nearest as_of+tmap_eta,tmap_routes
SF000126,2026-07-28 08:29:24,2026-07-28 09:06:24,2026-07-28 09:09:38,37,36.6,14.214,dongdaegu,1,1,True,target_available_at_arrival,available_count>0 at panel tick nearest as_of+tmap_eta,tmap_routes
ST600649,2026-08-04 05:56:57,2026-08-04 06:16:57,2026-08-04 06:16:58,20,19.5,7.153,dongdaegu,2,2,True,target_available_at_arrival,available_count>0 at panel tick nearest as_of+tmap_eta,tmap_routes
CV002128,2026-07-23 09:30:43,2026-07-23 10:01:43,2026-07-23 10:06:04,31,31.4,9.681,dongdaegu,3,3,True,target_available_at_arrival,available_count>0 at panel tick nearest as_of+tmap_eta,tmap_routes
PI740284,2026-08-01 15:01:30,2026-08-01 15:24:30,2026-08-01 15:31:34,23,23.2,6.235,dongdaegu,1,1,True,target_available_at_arrival,available_count>0 at panel tick nearest as_of+tmap_eta,tmap_routes
PI730038,2026-08-07 14:22:16,2026-08-07 15:15:16,2026-08-07 15:22:28,53,52.9,33.46,dongdaegu,1,1,True,target_available_at_arrival,available_count>0 at panel tick nearest as_of+tmap_eta,tmap_routes
ME19W401,2026-07-22 10:19:25,2026-07-22 11:13:25,2026-07-22 11:19:42,54,53.5,31.956,dongdaegu,7,8,True,target_available_at_arrival,available_count>0 at panel tick nearest as_of+tmap_eta,tmap_routes
CV000219,2026-08-03 13:02:41,2026-08-03 13:39:41,2026-08-03 13:42:43,37,37.2,14.875,dongdaegu,2,2,True,target_available_at_arrival,available_count>0 at panel tick nearest as_of+tmap_eta,tmap_routes
CV002973,2026-08-04 09:17:10,2026-08-04 10:01:10,2026-08-04 10:07:14,44,44.3,17.838,dongdaegu,6,6,True,target_available_at_arrival,available_count>0 at panel tick nearest as_of+tmap_eta,tmap_routes
ME19C404,2026-07-31 07:12:00,2026-07-31 07:37:00,2026-07-31 07:42:04,25,25.1,5.074,dongdaegu,4,4,True,target_available_at_arrival,available_count>0 at panel tick nearest as_of+tmap_eta,tmap_routes
EV007837,2026-07-26 07:37:45,2026-07-26 08:03:45,2026-07-26 08:07:55,26,25.9,3.73,dongdaegu,1,1,True,target_available_at_arrival,available_count>0 at panel tick nearest as_of+tmap_eta,tmap_routes
EV012412,2026-08-01 04:59:25,2026-08-01 05:29:25,2026-08-01 05:29:28,30,29.9,6.418,dongdaegu,3,3,True,target_available_at_arrival,available_count>0 at panel tick nearest as_of+tmap_eta,tmap_routes
PC001162,2026-08-01 21:22:45,2026-08-01 22:20:45,2026-08-01 22:22:52,58,57.5,26.099,dongdaegu,1,1,True,target_available_at_arrival,available_count>0 at panel tick nearest as_of+tmap_eta,tmap_routes
ME18C264,2026-08-01 16:21:48,2026-08-01 16:49:48,2026-08-01 16:51:56,28,27.7,8.834,dongdaegu,2,1,True,target_available_at_arrival,available_count>0 at panel tick nearest as_of+tmap_eta,tmap_routes
SF001077,2026-08-07 06:51:34,2026-08-07 07:17:34,2026-08-07 07:21:38,26,25.6,8.815,dongdaegu,2,2,True,target_available_at_arrival,available_count>0 at panel tick nearest as_of+tmap_eta,tmap_routes
LU001877,2026-08-08 07:17:27,2026-08-08 07:46:27,2026-08-08 07:47:29,29,29.3,9.229,dongdaegu,8,8,True,target_available_at_arrival,available_count>0 at panel tick nearest as_of+tmap_eta,tmap_routes
CV000678,2026-08-07 11:52:06,2026-08-07 12:50:06,2026-08-07 12:52:09,58,58.0,26.591,dongdaegu,6,6,True,target_available_at_arrival,available_count>0 at panel tick nearest as_of+tmap_eta,tmap_routes
EV005192,2026-07-30 15:06:25,2026-07-30 15:41:25,2026-07-30 15:46:40,35,34.8,9.708,dongdaegu,2,0,False,target_available_at_arrival,available_count>0 at panel tick nearest as_of+tmap_eta,tmap_routes
CV003129,2026-08-06 16:46:39,2026-08-06 17:19:39,2026-08-06 17:26:42,33,33.1,9.279,dongdaegu,1,1,True,target_available_at_arrival,available_count>0 at panel tick nearest as_of+tmap_eta,tmap_routes
PI530290,2026-08-07 00:07:22,2026-08-07 00:35:22,2026-08-07 00:41:16,28,28.5,5.483,dongdaegu,2,2,True,target_available_at_arrival,available_count>0 at panel tick nearest as_of+tmap_eta,tmap_routes
ME21A903,2026-07-26 17:19:15,2026-07-26 18:17:15,2026-07-26 18:19:23,58,57.6,24.021,dongdaegu,2,3,True,target_available_at_arrival,available_count>0 at panel tick nearest as_of+tmap_eta,tmap_routes
PI740262,2026-08-03 01:41:58,2026-08-03 02:24:58,2026-08-03 02:32:00,43,42.8,15.204,dongdaegu,1,1,True,target_available_at_arrival,available_count>0 at panel tick nearest as_of+tmap_eta,tmap_routes
KP005266,2026-08-04 21:38:03,2026-08-04 21:54:03,2026-08-04 21:58:03,16,16.3,3.409,dongdaegu,2,2,True,target_available_at_arrival,available_count>0 at panel tick nearest as_of+tmap_eta,tmap_routes
CV000556,2026-08-03 01:41:58,2026-08-03 02:21:58,2026-08-03 02:21:59,40,40.5,11.691,dongdaegu,1,1,True,target_available_at_arrival,available_count>0 at panel tick nearest as_of+tmap_eta,tmap_routes
PI718662,2026-08-04 11:57:24,2026-08-04 12:04:24,2026-08-04 12:07:24,7,7.3,1.737,dongdaegu,2,2,True,target_available_at_arrival,available_count>0 at panel tick nearest as_of+tmap_eta,tmap_routes
SF003187,2026-08-03 04:52:06,2026-08-03 05:22:06,2026-08-03 05:22:07,30,29.6,9.475,dongdaegu,6,6,True,target_available_at_arrival,available_count>0 at panel tick nearest as_of+tmap_eta,tmap_routes
ME21C219,2026-08-08 07:37:28,2026-08-08 08:07:28,2026-08-08 08:07:32,30,29.5,9.814,dongdaegu,2,2,True,target_available_at_arrival,available_count>0 at panel tick nearest as_of+tmap_eta,tmap_routes
ME24B208,2026-08-06 00:55:43,2026-08-06 01:48:43,2026-08-06 01:55:45,53,52.7,24.633,dongdaegu,2,2,True,target_available_at_arrival,available_count>0 at panel tick nearest as_of+tmap_eta,tmap_routes
CV003454,2026-08-03 22:14:04,2026-08-03 22:30:04,2026-08-03 22:34:05,16,16.1,3.323,dongdaegu,2,2,True,target_available_at_arrival,available_count>0 at panel tick nearest as_of+tmap_eta,tmap_routes
KP006964,2026-08-01 12:30:52,2026-08-01 13:24:52,2026-08-01 13:31:15,54,54.0,31.044,dongdaegu,1,1,True,target_available_at_arrival,available_count>0 at panel tick nearest as_of+tmap_eta,tmap_routes
LU003651,2026-08-02 07:27:06,2026-08-02 08:24:06,2026-08-02 08:27:16,57,57.2,26.562,dongdaegu,5,5,True,target_available_at_arrival,available_count>0 at panel tick nearest as_of+tmap_eta,tmap_routes
KL002550,2026-07-29 15:28:49,2026-07-29 15:56:49,2026-07-29 15:58:52,28,28.0,9.113,dongdaegu,2,2,True,target_available_at_arrival,available_count>0 at panel tick nearest as_of+tmap_eta,tmap_routes
CV000979,2026-07-26 01:46:58,2026-07-26 02:05:58,2026-07-26 02:07:00,19,19.1,5.333,dongdaegu,1,1,True,target_available_at_arrival,available_count>0 at panel tick nearest as_of+tmap_eta,tmap_routes
TS472920,2026-07-24 14:08:02,2026-07-24 14:14:02,2026-07-24 14:18:04,6,6.3,0.539,dongdaegu,2,2,True,target_available_at_arrival,available_count>0 at panel tick nearest as_of+tmap_eta,tmap_routes
CV003084,2026-07-19 16:16:19,2026-07-19 16:59:19,2026-07-19 17:01:22,43,43.2,12.141,dongdaegu,1,1,True,target_available_at_arrival,available_count>0 at panel tick nearest as_of+tmap_eta,tmap_routes
CV003111,2026-08-02 18:48:58,2026-08-02 19:52:58,2026-08-02 19:59:12,64,64.1,23.433,dongdaegu,1,1,True,target_available_at_arrival,available_count>0 at panel tick nearest as_of+tmap_eta,tmap_routes
ME19X430,2026-07-21 12:01:25,2026-07-21 12:19:25,2026-07-21 12:21:27,18,17.6,4.834,dongdaegu,6,6,True,target_available_at_arrival,available_count>0 at panel tick nearest as_of+tmap_eta,tmap_routes
CV000818,2026-08-07 02:11:19,2026-08-07 02:48:19,2026-08-07 02:51:21,37,37.1,11.9,dongdaegu,1,1,True,target_available_at_arrival,available_count>0 at panel tick nearest as_of+tmap_eta,tmap_routes
LU001880,2026-08-03 12:52:40,2026-08-03 13:22:40,2026-08-03 13:22:42,30,30.2,9.246,dongdaegu,3,3,True,target_available_at_arrival,available_count>0 at panel tick nearest as_of+tmap_eta,tmap_routes
NX000018,2026-08-04 05:06:55,2026-08-04 05:33:55,2026-08-04 05:36:56,27,27.1,8.327,dongdaegu,1,1,True,target_available_at_arrival,available_count>0 at panel tick nearest as_of+tmap_eta,tmap_routes
PI740208,2026-07-26 08:17:56,2026-07-26 09:02:56,2026-07-26 09:08:05,45,45.0,15.233,dongdaegu,1,1,True,target_available_at_arrival,available_count>0 at panel tick nearest as_of+tmap_eta,tmap_routes
CV002939,2026-07-22 22:35:20,2026-07-22 23:03:20,2026-07-22 23:05:33,28,28.3,5.851,dongdaegu,2,3,True,target_available_at_arrival,available_count>0 at panel tick nearest as_of+tmap_eta,tmap_routes
ME19E139,2026-08-01 07:19:45,2026-08-01 08:26:45,2026-08-01 08:29:57,67,66.8,33.463,dongdaegu,1,1,True,target_available_at_arrival,available_count>0 at panel tick nearest as_of+tmap_eta,tmap_routes
DC530005,2026-08-05 14:21:49,2026-08-05 14:47:49,2026-08-05 14:51:52,26,25.8,4.529,dongdaegu,1,1,True,target_available_at_arrival,available_count>0 at panel tick nearest as_of+tmap_eta,tmap_routes
PI530086,2026-07-27 15:04:42,2026-07-27 15:59:42,2026-07-27 16:04:53,55,55.4,26.06,dongdaegu,1,1,True,target_available_at_arrival,available_count>0 at panel tick nearest as_of+tmap_eta,tmap_routes
CV003064,2026-07-29 13:28:33,2026-07-29 13:56:33,2026-07-29 13:58:36,28,28.5,7.639,dongdaegu,1,1,True,target_available_at_arrival,available_count>0 at panel tick nearest as_of+tmap_eta,tmap_routes
KE000386,2026-07-30 02:23:08,2026-07-30 02:50:08,2026-07-30 02:53:11,27,27.0,10.39,dongdaegu,2,2,True,target_available_at_arrival,available_count>0 at panel tick nearest as_of+tmap_eta,tmap_routes
CV000810,2026-07-25 15:43:46,2026-07-25 15:59:46,2026-07-25 16:03:49,16,15.9,3.65,dongdaegu,1,1,True,target_available_at_arrival,available_count>0 at panel tick nearest as_of+tmap_eta,tmap_routes
KE000540,2026-07-30 00:53:00,2026-07-30 01:03:00,2026-07-30 01:03:01,10,10.2,1.469,dongdaegu,2,2,True,target_available_at_arrival,available_count>0 at panel tick nearest as_of+tmap_eta,tmap_routes
ST600399,2026-07-31 03:31:07,2026-07-31 04:28:07,2026-07-31 04:31:20,57,57.3,23.048,dongdaegu,5,4,True,target_available_at_arrival,available_count>0 at panel tick nearest as_of+tmap_eta,tmap_routes
ME21E401,2026-07-25 17:44:06,2026-07-25 18:37:06,2026-07-25 18:44:13,53,52.7,31.252,dongdaegu,1,1,True,target_available_at_arrival,available_count>0 at panel tick nearest as_of+tmap_eta,tmap_routes
CV001626,2026-07-30 18:37:27,2026-07-30 19:25:27,2026-07-30 19:27:34,48,48.5,14.505,dongdaegu,2,2,True,target_available_at_arrival,available_count>0 at panel tick nearest as_of+tmap_eta,tmap_routes
EV000674,2026-07-24 06:13:36,2026-07-24 07:12:36,2026-07-24 07:14:02,59,59.0,26.331,dongdaegu,1,1,True,target_available_at_arrival,available_count>0 at panel tick nearest as_of+tmap_eta,tmap_routes
PI740457,2026-07-31 07:42:04,2026-07-31 07:59:04,2026-07-31 08:02:10,17,16.6,4.639,dongdaegu,1,1,True,target_available_at_arrival,available_count>0 at panel tick nearest as_of+tmap_eta,tmap_routes
ME22C250,2026-07-21 09:10:57,2026-07-21 10:07:57,2026-07-21 10:11:03,57,57.1,24.108,dongdaegu,2,2,True,target_available_at_arrival,available_count>0 at panel tick nearest as_of+tmap_eta,tmap_routes
SF002932,2026-07-28 01:38:26,2026-07-28 01:54:26,2026-07-28 01:58:28,16,16.3,3.712,dongdaegu,2,2,True,target_available_at_arrival,available_count>0 at panel tick nearest as_of+tmap_eta,tmap_routes
CV003111,2026-08-04 16:07:37,2026-08-04 17:11:37,2026-08-04 17:17:43,64,64.1,23.433,dongdaegu,1,1,True,target_available_at_arrival,available_count>0 at panel tick nearest as_of+tmap_eta,tmap_routes
IN053072,2026-08-04 07:47:04,2026-08-04 08:13:04,2026-08-04 08:17:06,26,25.9,8.457,dongdaegu,18,17,True,target_available_at_arrival,available_count>0 at panel tick nearest as_of+tmap_eta,tmap_routes
PI740250,2026-08-03 00:21:55,2026-08-03 00:45:55,2026-08-03 00:51:56,24,23.5,5.437,dongdaegu,1,1,True,target_available_at_arrival,available_count>0 at panel tick nearest as_of+tmap_eta,tmap_routes
PI730038,2026-07-30 08:44:23,2026-07-30 09:37:23,2026-07-30 09:44:38,53,52.9,33.46,dongdaegu,2,2,True,target_available_at_arrival,available_count>0 at panel tick nearest as_of+tmap_eta,tmap_routes
HE001033,2026-07-30 14:05:56,2026-07-30 14:31:56,2026-07-30 14:36:07,26,26.1,6.663,dongdaegu,1,1,True,target_available_at_arrival,available_count>0 at panel tick nearest as_of+tmap_eta,tmap_routes
ME18C260,2026-08-05 04:31:07,2026-08-05 04:46:07,2026-08-05 04:51:08,15,14.7,3.117,dongdaegu,1,1,True,target_available_at_arrival,available_count>0 at panel tick nearest as_of+tmap_eta,tmap_routes
HW000648,2026-08-01 10:40:31,2026-08-01 11:08:31,2026-08-01 11:10:38,28,27.5,9.134,dongdaegu,2,2,True,target_available_at_arrival,available_count>0 at panel tick nearest as_of+tmap_eta,tmap_routes
ME18C257,2026-07-23 12:57:37,2026-07-23 13:54:37,2026-07-23 13:57:52,57,57.2,24.092,dongdaegu,2,2,True,target_available_at_arrival,available_count>0 at panel tick nearest as_of+tmap_eta,tmap_routes
CV001678,2026-07-30 00:22:58,2026-07-30 01:01:58,2026-07-30 01:03:01,39,39.3,11.521,dongdaegu,2,2,True,target_available_at_arrival,available_count>0 at panel tick nearest as_of+tmap_eta,tmap_routes
PC000306,2026-07-29 01:16:16,2026-07-29 01:55:16,2026-07-29 01:56:20,39,39.1,12.302,dongdaegu,7,7,True,target_available_at_arrival,available_count>0 at panel tick nearest as_of+tmap_eta,tmap_routes
DC530029,2026-08-07 02:21:20,2026-08-07 03:06:20,2026-08-07 03:11:21,45,44.9,12.015,dongdaegu,4,5,True,target_available_at_arrival,available_count>0 at panel tick nearest as_of+tmap_eta,tmap_routes
CV000039,2026-07-27 07:33:17,2026-07-27 07:50:17,2026-07-27 07:53:20,17,17.4,3.346,dongdaegu,2,2,True,target_available_at_arrival,available_count>0 at panel tick nearest as_of+tmap_eta,tmap_routes
PI530280,2026-07-31 05:01:22,2026-07-31 05:28:22,2026-07-31 05:31:34,27,26.6,8.385,dongdaegu,2,2,True,target_available_at_arrival,available_count>0 at panel tick nearest as_of+tmap_eta,tmap_routes
CV002516,2026-08-02 19:09:00,2026-08-02 20:09:00,2026-08-02 20:09:13,60,59.5,26.011,dongdaegu,3,3,True,target_available_at_arrival,available_count>0 at panel tick nearest as_of+tmap_eta,tmap_routes
KE001052,2026-07-28 09:39:42,2026-07-28 09:54:42,2026-07-28 09:59:46,15,14.6,2.759,dongdaegu,1,1,True,target_available_at_arrival,available_count>0 at panel tick nearest as_of+tmap_eta,tmap_routes
PI700382,2026-08-02 23:19:32,2026-08-02 23:37:32,2026-08-02 23:39:33,18,17.7,1.24,dongdaegu,1,1,True,target_available_at_arrival,available_count>0 at panel tick nearest as_of+tmap_eta,tmap_routes
CV003065,2026-08-07 21:13:12,2026-08-07 21:43:12,2026-08-07 21:43:16,30,29.5,12.376,dongdaegu,2,2,True,target_available_at_arrival,available_count>0 at panel tick nearest as_of+tmap_eta,tmap_routes
EV005838,2026-07-23 13:47:50,2026-07-23 14:13:50,2026-07-23 14:17:56,26,25.7,7.322,dongdaegu,1,1,True,target_available_at_arrival,available_count>0 at panel tick nearest as_of+tmap_eta,tmap_routes
CV003142,2026-07-20 16:25:52,2026-07-20 17:08:52,2026-07-20 17:15:53,43,43.4,19.606,dongdaegu,1,1,True,target_available_at_arrival,available_count>0 at panel tick nearest as_of+tmap_eta,tmap_routes
EV012412,2026-08-04 22:08:04,2026-08-04 22:38:04,2026-08-04 22:38:06,30,29.9,6.418,dongdaegu,5,5,True,target_available_at_arrival,available_count>0 at panel tick nearest as_of+tmap_eta,tmap_routes
CV004305,2026-07-26 13:48:45,2026-07-26 14:22:45,2026-07-26 14:28:51,34,33.9,11.326,dongdaegu,1,1,True,target_available_at_arrival,available_count>0 at panel tick nearest as_of+tmap_eta,tmap_routes
PI740524,2026-07-27 22:06:11,2026-07-27 22:20:11,2026-07-27 22:26:13,14,14.4,2.794,dongdaegu,4,4,True,target_available_at_arrival,available_count>0 at panel tick nearest as_of+tmap_eta,tmap_routes
CV004104,2026-07-28 14:31:34,2026-07-28 14:50:34,2026-07-28 14:51:36,19,19.3,7.318,dongdaegu,15,15,True,target_available_at_arrival,available_count>0 at panel tick nearest as_of+tmap_eta,tmap_routes
CV004116,2026-07-24 06:43:45,2026-07-24 06:56:45,2026-07-24 06:58:56,13,13.2,2.245,dongdaegu,2,2,True,target_available_at_arrival,available_count>0 at panel tick nearest as_of+tmap_eta,tmap_routes
SBSB0054,2026-08-03 23:54:09,2026-08-04 00:15:09,2026-08-04 00:16:41,21,20.9,6.837,dongdaegu,2,2,True,target_available_at_arrival,available_count>0 at panel tick nearest as_of+tmap_eta,tmap_routes
EC004338,2026-08-07 06:31:33,2026-08-07 07:05:33,2026-08-07 07:11:35,34,34.1,11.583,dongdaegu,4,4,True,target_available_at_arrival,available_count>0 at panel tick nearest as_of+tmap_eta,tmap_routes
CV001904,2026-07-28 07:49:17,2026-07-28 08:13:17,2026-07-28 08:19:21,24,23.9,6.982,dongdaegu,2,2,True,target_available_at_arrival,available_count>0 at panel tick nearest as_of+tmap_eta,tmap_routes
PI740572,2026-08-01 14:01:18,2026-08-01 14:21:18,2026-08-01 14:21:20,20,19.7,4.587,dongdaegu,1,1,True,target_available_at_arrival,available_count>0 at panel tick nearest as_of+tmap_eta,tmap_routes
CV001462,2026-07-20 17:00:53,2026-07-20 17:24:53,2026-07-20 17:25:56,24,23.7,5.26,dongdaegu,2,2,True,target_available_at_arrival,available_count>0 at panel tick nearest as_of+tmap_eta,tmap_routes
CV003462,2026-08-02 06:06:49,2026-08-02 06:22:49,2026-08-02 06:26:57,16,15.9,3.351,dongdaegu,1,1,True,target_available_at_arrival,available_count>0 at panel tick nearest as_of+tmap_eta,tmap_routes
CV002940,2026-07-25 16:23:55,2026-07-25 17:08:55,2026-07-25 17:14:01,45,44.8,18.996,dongdaegu,1,1,True,target_available_at_arrival,available_count>0 at panel tick nearest as_of+tmap_eta,tmap_routes
PI000253,2026-08-01 14:31:26,2026-08-01 15:01:26,2026-08-01 15:01:30,30,30.3,7.574,dongdaegu,1,1,True,target_available_at_arrival,available_count>0 at panel tick nearest as_of+tmap_eta,tmap_routes
PI747158,2026-07-27 01:32:22,2026-07-27 02:09:22,2026-07-27 02:12:25,37,37.3,11.696,dongdaegu,1,1,True,target_available_at_arrival,available_count>0 at panel tick nearest as_of+tmap_eta,tmap_routes
CV001594,2026-07-27 08:33:27,2026-07-27 08:59:27,2026-07-27 09:03:32,26,25.9,6.561,dongdaegu,2,2,True,target_available_at_arrival,available_count>0 at panel tick nearest as_of+tmap_eta,tmap_routes
CV004302,2026-07-23 07:44:33,2026-07-23 08:11:33,2026-07-23 08:14:46,27,27.2,6.116,dongdaegu,1,0,False,target_available_at_arrival,available_count>0 at panel tick nearest as_of+tmap_eta,tmap_routes
CV000504,2026-07-24 05:08:14,2026-07-24 05:36:14,2026-07-24 05:38:20,28,28.4,8.106,dongdaegu,1,1,True,target_available_at_arrival,available_count>0 at panel tick nearest as_of+tmap_eta,tmap_routes
ME21B198,2026-07-27 13:24:19,2026-07-27 13:44:19,2026-07-27 13:44:23,20,20.2,2.393,dongdaegu,1,1,True,target_available_at_arrival,available_count>0 at panel tick nearest as_of+tmap_eta,tmap_routes
CV001594,2026-08-03 02:52:01,2026-08-03 03:18:01,2026-08-03 03:22:02,26,25.9,6.561,dongdaegu,2,2,True,target_available_at_arrival,available_count>0 at panel tick nearest as_of+tmap_eta,tmap_routes
PI530303,2026-07-31 15:03:19,2026-07-31 15:29:19,2026-07-31 15:33:23,26,25.5,6.41,dongdaegu,6,5,True,target_available_at_arrival,available_count>0 at panel tick nearest as_of+tmap_eta,tmap_routes
SF002638,2026-07-18 19:51:09,2026-07-18 20:06:09,2026-07-18 20:06:10,15,14.9,2.122,dongdaegu,1,1,True,target_available_at_arrival,available_count>0 at panel tick nearest as_of+tmap_eta,tmap_routes
PI306072,2026-08-02 02:16:18,2026-08-02 02:50:18,2026-08-02 02:56:26,34,33.8,10.535,dongdaegu,2,2,True,target_available_at_arrival,available_count>0 at panel tick nearest as_of+tmap_eta,tmap_routes
PIH00737,2026-08-03 01:01:57,2026-08-03 01:29:57,2026-08-03 01:31:58,28,28.1,9.346,dongdaegu,5,5,True,target_available_at_arrival,available_count>0 at panel tick nearest as_of+tmap_eta,tmap_routes
ME22D254,2026-07-31 23:36:15,2026-08-01 00:22:15,2026-08-01 00:28:56,46,46.2,13.899,dongdaegu,2,1,True,target_available_at_arrival,available_count>0 at panel tick nearest as_of+tmap_eta,tmap_routes
PI747199,2026-07-23 10:51:33,2026-07-23 11:18:33,2026-07-23 11:21:55,27,27.3,5.386,dongdaegu,3,3,True,target_available_at_arrival,available_count>0 at panel tick nearest as_of+tmap_eta,tmap_routes
ME183069,2026-07-18 21:21:16,2026-07-18 21:45:16,2026-07-18 21:51:18,24,23.8,4.237,dongdaegu,1,1,True,target_available_at_arrival,available_count>0 at panel tick nearest as_of+tmap_eta,tmap_routes
PIS00555,2026-07-29 05:46:56,2026-07-29 06:04:56,2026-07-29 06:06:58,18,17.9,1.225,dongdaegu,1,1,True,target_available_at_arrival,available_count>0 at panel tick nearest as_of+tmap_eta,tmap_routes
KP003776,2026-08-03 07:42:17,2026-08-03 08:08:17,2026-08-03 08:12:19,26,26.2,5.489,dongdaegu,1,1,True,target_available_at_arrival,available_count>0 at panel tick nearest as_of+tmap_eta,tmap_routes
CV000558,2026-08-02 23:59:33,2026-08-03 00:06:33,2026-08-03 00:09:34,7,7.2,1.25,dongdaegu,1,1,True,target_available_at_arrival,available_count>0 at panel tick nearest as_of+tmap_eta,tmap_routes
JA270004,2026-07-27 17:15:05,2026-07-27 17:48:05,2026-07-27 17:55:11,33,32.8,10.493,dongdaegu,9,9,True,target_available_at_arrival,available_count>0 at panel tick nearest as_of+tmap_eta,tmap_routes
ME21A903,2026-07-22 09:19:12,2026-07-22 10:17:12,2026-07-22 10:19:25,58,57.6,24.021,dongdaegu,3,4,True,target_available_at_arrival,available_count>0 at panel tick nearest as_of+tmap_eta,tmap_routes
ME21A903,2026-07-24 06:38:44,2026-07-24 07:36:44,2026-07-24 07:39:08,58,57.6,24.021,dongdaegu,4,4,True,target_available_at_arrival,available_count>0 at panel tick nearest as_of+tmap_eta,tmap_routes
CV002371,2026-07-24 15:58:23,2026-07-24 16:28:23,2026-07-24 16:28:27,30,29.7,7.719,dongdaegu,2,2,True,target_available_at_arrival,available_count>0 at panel tick nearest as_of+tmap_eta,tmap_routes
AZ100022,2026-08-04 13:07:27,2026-08-04 14:05:27,2026-08-04 14:07:30,58,57.6,25.0,dongdaegu,1,1,True,target_available_at_arrival,available_count>0 at panel tick nearest as_of+tmap_eta,tmap_routes
PI740280,2026-07-25 19:24:21,2026-07-25 19:47:21,2026-07-25 19:54:25,23,23.1,6.214,dongdaegu,1,1,True,target_available_at_arrival,available_count>0 at panel tick nearest as_of+tmap_eta,tmap_routes
NT101228,2026-08-05 10:21:30,2026-08-05 10:46:30,2026-08-05 10:51:34,25,25.2,6.875,dongdaegu,3,2,True,target_available_at_arrival,available_count>0 at panel tick nearest as_of+tmap_eta,tmap_routes
CV002914,2026-07-30 05:13:41,2026-07-30 05:37:41,2026-07-30 05:43:44,24,24.4,8.623,dongdaegu,1,0,False,target_available_at_arrival,available_count>0 at panel tick nearest as_of+tmap_eta,tmap_routes
NT100469,2026-07-23 01:27:47,2026-07-23 01:48:47,2026-07-23 01:52:56,21,20.6,5.944,dongdaegu,1,1,True,target_available_at_arrival,available_count>0 at panel tick nearest as_of+tmap_eta,tmap_routes
CV004510,2026-08-01 13:01:00,2026-08-01 13:30:00,2026-08-01 13:31:15,29,29.4,6.162,dongdaegu,1,1,True,target_available_at_arrival,available_count>0 at panel tick nearest as_of+tmap_eta,tmap_routes
CV004108,2026-08-06 18:26:48,2026-08-06 18:40:48,2026-08-06 18:46:49,14,13.9,2.65,dongdaegu,1,1,True,target_available_at_arrival,available_count>0 at panel tick nearest as_of+tmap_eta,tmap_routes
ST272307,2026-08-02 09:07:21,2026-08-02 09:33:21,2026-08-02 09:37:26,26,25.8,8.297,dongdaegu,2,2,True,target_available_at_arrival,available_count>0 at panel tick nearest as_of+tmap_eta,tmap_routes
CV002298,2026-07-31 10:02:34,2026-07-31 10:32:34,2026-07-31 10:32:38,30,29.6,11.989,dongdaegu,2,2,True,target_available_at_arrival,available_count>0 at panel tick nearest as_of+tmap_eta,tmap_routes
CV002253,2026-08-06 09:16:09,2026-08-06 10:02:09,2026-08-06 10:06:12,46,46.0,21.152,dongdaegu,12,13,True,target_available_at_arrival,available_count>0 at panel tick nearest as_of+tmap_eta,tmap_routes
LU001880,2026-07-23 12:02:15,2026-07-23 12:32:15,2026-07-23 12:32:29,30,30.2,9.246,dongdaegu,2,2,True,target_available_at_arrival,available_count>0 at panel tick nearest as_of+tmap_eta,tmap_routes
ST271708,2026-08-02 18:08:52,2026-08-02 18:36:52,2026-08-02 18:38:56,28,27.9,6.624,dongdaegu,5,6,True,target_available_at_arrival,available_count>0 at panel tick nearest as_of+tmap_eta,tmap_routes
PI000132,2026-08-03 03:32:03,2026-08-03 03:45:03,2026-08-03 03:52:04,13,13.1,1.238,dongdaegu,1,1,True,target_available_at_arrival,available_count>0 at panel tick nearest as_of+tmap_eta,tmap_routes
KP003475,2026-08-04 03:56:53,2026-08-04 04:29:53,2026-08-04 04:36:54,33,32.8,7.058,dongdaegu,4,4,True,target_available_at_arrival,available_count>0 at panel tick nearest as_of+tmap_eta,tmap_routes
CV000543,2026-07-27 13:44:23,2026-07-27 13:54:23,2026-07-27 13:54:27,10,10.2,1.51,dongdaegu,1,1,True,target_available_at_arrival,available_count>0 at panel tick nearest as_of+tmap_eta,tmap_routes
PI000241,2026-07-29 18:49:35,2026-07-29 19:06:35,2026-07-29 19:09:38,17,16.8,3.257,dongdaegu,1,1,True,target_available_at_arrival,available_count>0 at panel tick nearest as_of+tmap_eta,tmap_routes
PI740557,2026-08-08 07:37:28,2026-08-08 08:15:28,2026-08-08 08:17:32,38,38.5,9.192,dongdaegu,1,1,True,target_available_at_arrival,available_count>0 at panel tick nearest as_of+tmap_eta,tmap_routes
ST272310,2026-07-23 04:58:42,2026-07-23 05:16:42,2026-07-23 05:18:45,18,18.3,3.532,dongdaegu,2,2,True,target_available_at_arrival,available_count>0 at panel tick nearest as_of+tmap_eta,tmap_routes
HW000610,2026-08-01 21:12:44,2026-08-01 21:46:44,2026-08-01 21:52:49,34,34.3,9.051,dongdaegu,1,1,True,target_available_at_arrival,available_count>0 at panel tick nearest as_of+tmap_eta,tmap_routes
CV004550,2026-07-26 18:19:23,2026-07-26 18:43:23,2026-07-26 18:49:27,24,24.4,3.14,dongdaegu,1,1,True,target_available_at_arrival,available_count>0 at panel tick nearest as_of+tmap_eta,tmap_routes
HY000978,2026-07-26 07:47:51,2026-07-26 08:00:51,2026-07-26 08:07:55,13,13.4,2.845,dongdaegu,2,2,True,target_available_at_arrival,available_count>0 at panel tick nearest as_of+tmap_eta,tmap_routes
LU100689,2026-07-30 19:47:37,2026-07-30 20:43:37,2026-07-30 20:47:49,56,56.1,25.94,dongdaegu,1,1,True,target_available_at_arrival,available_count>0 at panel tick nearest as_of+tmap_eta,tmap_routes
CV003085,2026-08-06 10:26:13,2026-08-06 10:50:13,2026-08-06 10:56:15,24,24.5,6.588,dongdaegu,1,1,True,target_available_at_arrival,available_count>0 at panel tick nearest as_of+tmap_eta,tmap_routes
ME20C185,2026-07-26 18:49:27,2026-07-26 19:24:27,2026-07-26 19:29:32,35,34.6,12.087,dongdaegu,1,1,True,target_available_at_arrival,available_count>0 at panel tick nearest as_of+tmap_eta,tmap_routes
ME20C185,2026-08-02 11:57:51,2026-08-02 12:32:51,2026-08-02 12:37:59,35,34.6,12.087,dongdaegu,1,1,True,target_available_at_arrival,available_count>0 at panel tick nearest as_of+tmap_eta,tmap_routes
PI530284,2026-08-05 22:02:27,2026-08-05 22:59:27,2026-08-05 23:02:30,57,57.4,25.643,dongdaegu,12,12,True,target_available_at_arrival,available_count>0 at panel tick nearest as_of+tmap_eta,tmap_routes
EV008140,2026-08-06 19:46:54,2026-08-06 20:04:54,2026-08-06 20:06:55,18,17.8,1.688,dongdaegu,3,3,True,target_available_at_arrival,available_count>0 at panel tick nearest as_of+tmap_eta,tmap_routes
KP004804,2026-07-29 10:48:07,2026-07-29 11:15:07,2026-07-29 11:18:12,27,27.0,8.693,dongdaegu,1,1,True,target_available_at_arrival,available_count>0 at panel tick nearest as_of+tmap_eta,tmap_routes
CV002350,2026-08-01 22:32:53,2026-08-01 23:20:53,2026-08-01 23:22:59,48,47.8,13.156,dongdaegu,2,2,True,target_available_at_arrival,available_count>0 at panel tick nearest as_of+tmap_eta,tmap_routes
KP002190,2026-08-04 07:47:04,2026-08-04 08:03:04,2026-08-04 08:07:05,16,15.8,3.532,dongdaegu,1,1,True,target_available_at_arrival,available_count>0 at panel tick nearest as_of+tmap_eta,tmap_routes
CV000906,2026-08-06 02:15:46,2026-08-06 02:23:46,2026-08-06 02:25:46,8,7.7,1.201,dongdaegu,1,1,True,target_available_at_arrival,available_count>0 at panel tick nearest as_of+tmap_eta,tmap_routes
CV004305,2026-07-28 13:01:09,2026-07-28 13:35:09,2026-07-28 13:41:12,34,33.9,11.326,dongdaegu,2,2,True,target_available_at_arrival,available_count>0 at panel tick nearest as_of+tmap_eta,tmap_routes
ME18C174,2026-07-23 01:12:44,2026-07-23 01:44:44,2026-07-23 01:47:55,32,32.1,7.471,dongdaegu,1,1,True,target_available_at_arrival,available_count>0 at panel tick nearest as_of+tmap_eta,tmap_routes
CV002048,2026-07-23 12:12:17,2026-07-23 12:50:17,2026-07-23 12:52:33,38,37.7,10.255,dongdaegu,2,2,True,target_available_at_arrival,available_count>0 at panel tick nearest as_of+tmap_eta,tmap_routes
PI701108,2026-08-01 14:41:28,2026-08-01 15:11:28,2026-08-01 15:11:31,30,30.1,9.416,dongdaegu,5,5,True,target_available_at_arrival,available_count>0 at panel tick nearest as_of+tmap_eta,tmap_routes
LU003223,2026-07-21 15:22:23,2026-07-21 15:36:23,2026-07-21 15:42:33,14,13.5,2.302,dongdaegu,1,1,True,target_available_at_arrival,available_count>0 at panel tick nearest as_of+tmap_eta,tmap_routes
CV000556,2026-07-25 18:44:13,2026-07-25 19:24:13,2026-07-25 19:24:21,40,40.5,11.691,dongdaegu,1,1,True,target_available_at_arrival,available_count>0 at panel tick nearest as_of+tmap_eta,tmap_routes
SF002638,2026-08-05 17:32:02,2026-08-05 17:47:02,2026-08-05 17:52:03,15,14.9,2.122,dongdaegu,4,4,True,target_available_at_arrival,available_count>0 at panel tick nearest as_of+tmap_eta,tmap_routes
CV003122,2026-08-02 10:17:34,2026-08-02 10:36:34,2026-08-02 10:37:39,19,19.2,1.934,dongdaegu,1,1,True,target_available_at_arrival,available_count>0 at panel tick nearest as_of+tmap_eta,tmap_routes
EV005350,2026-08-05 07:31:17,2026-08-05 08:10:17,2026-08-05 08:11:19,39,39.1,12.479,dongdaegu,1,1,True,target_available_at_arrival,available_count>0 at panel tick nearest as_of+tmap_eta,tmap_routes
ME183066,2026-07-23 02:53:10,2026-07-23 03:15:10,2026-07-23 03:18:15,22,21.6,5.338,dongdaegu,1,1,True,target_available_at_arrival,available_count>0 at panel tick nearest as_of+tmap_eta,tmap_routes
CV002394,2026-07-30 20:47:49,2026-07-30 21:20:49,2026-07-30 21:27:55,33,33.3,13.237,dongdaegu,4,4,True,target_available_at_arrival,available_count>0 at panel tick nearest as_of+tmap_eta,tmap_routes
CI0F0003,2026-08-07 08:41:47,2026-08-07 09:26:47,2026-08-07 09:31:52,45,44.6,12.526,dongdaegu,1,1,True,target_available_at_arrival,available_count>0 at panel tick nearest as_of+tmap_eta,tmap_routes
PC000235,2026-07-27 09:03:32,2026-07-27 09:16:32,2026-07-27 09:23:34,13,12.8,1.908,dongdaegu,2,2,True,target_available_at_arrival,available_count>0 at panel tick nearest as_of+tmap_eta,tmap_routes
LU002435,2026-08-06 05:35:53,2026-08-06 06:15:53,2026-08-06 06:15:55,40,40.1,20.089,dongdaegu,2,2,True,target_available_at_arrival,available_count>0 at panel tick nearest as_of+tmap_eta,tmap_routes
NT101499,2026-07-30 01:13:02,2026-07-30 01:52:02,2026-07-30 01:53:05,39,39.0,10.787,dongdaegu,1,1,True,target_available_at_arrival,available_count>0 at panel tick nearest as_of+tmap_eta,tmap_routes
CV001634,2026-07-29 21:30:06,2026-07-29 22:05:06,2026-07-29 22:10:14,35,35.1,9.858,dongdaegu,1,1,True,target_available_at_arrival,available_count>0 at panel tick nearest as_of+tmap_eta,tmap_routes
BNBN1180,2026-08-07 20:33:07,2026-08-07 21:09:07,2026-08-07 21:13:12,36,36.3,12.826,dongdaegu,1,1,True,target_available_at_arrival,available_count>0 at panel tick nearest as_of+tmap_eta,tmap_routes
ME18C172,2026-07-25 08:22:15,2026-07-25 08:41:15,2026-07-25 08:43:41,19,18.7,3.773,dongdaegu,1,1,True,target_available_at_arrival,available_count>0 at panel tick nearest as_of+tmap_eta,tmap_routes
ME183066,2026-07-24 04:12:54,2026-07-24 04:34:54,2026-07-24 04:38:04,22,21.6,5.338,dongdaegu,1,1,True,target_available_at_arrival,available_count>0 at panel tick nearest as_of+tmap_eta,tmap_routes
HE001131,2026-07-30 20:37:47,2026-07-30 20:56:47,2026-07-30 20:57:50,19,18.6,3.1,dongdaegu,13,13,True,target_available_at_arrival,available_count>0 at panel tick nearest as_of+tmap_eta,tmap_routes
CV003185,2026-07-25 18:04:08,2026-07-25 18:34:08,2026-07-25 18:34:12,30,30.1,9.788,dongdaegu,5,5,True,target_available_at_arrival,available_count>0 at panel tick nearest as_of+tmap_eta,tmap_routes
CV000559,2026-07-24 09:37:13,2026-07-24 10:03:13,2026-07-24 10:07:16,26,25.9,4.657,dongdaegu,1,1,True,target_available_at_arrival,available_count>0 at panel tick nearest as_of+tmap_eta,tmap_routes
KE001517,2026-07-25 10:24:09,2026-07-25 10:51:09,2026-07-25 10:54:19,27,27.4,6.394,dongdaegu,1,2,True,target_available_at_arrival,available_count>0 at panel tick nearest as_of+tmap_eta,tmap_routes
EV003741,2026-07-30 17:47:07,2026-07-30 18:17:07,2026-07-30 18:17:11,30,29.6,8.772,dongdaegu,2,2,True,target_available_at_arrival,available_count>0 at panel tick nearest as_of+tmap_eta,tmap_routes
EV005709,2026-08-01 04:49:24,2026-08-01 05:24:24,2026-08-01 05:29:28,35,34.7,9.64,dongdaegu,2,2,True,target_available_at_arrival,available_count>0 at panel tick nearest as_of+tmap_eta,tmap_routes
ME18C259,2026-08-05 10:41:33,2026-08-05 11:05:33,2026-08-05 11:11:35,24,23.8,6.576,dongdaegu,2,2,True,target_available_at_arrival,available_count>0 at panel tick nearest as_of+tmap_eta,tmap_routes
EV005193,2026-07-27 03:42:33,2026-07-27 04:17:33,2026-07-27 04:22:39,35,35.0,9.715,dongdaegu,1,1,True,target_available_at_arrival,available_count>0 at panel tick nearest as_of+tmap_eta,tmap_routes
EP220609,2026-07-31 18:55:21,2026-07-31 19:24:21,2026-07-31 19:25:32,29,28.7,5.033,dongdaegu,2,2,True,target_available_at_arrival,available_count>0 at panel tick nearest as_of+tmap_eta,tmap_routes
TS472920,2026-07-23 10:41:27,2026-07-23 10:47:27,2026-07-23 10:51:33,6,6.3,0.539,dongdaegu,1,1,True,target_available_at_arrival,available_count>0 at panel tick nearest as_of+tmap_eta,tmap_routes
EV004924,2026-07-23 09:40:51,2026-07-23 10:27:51,2026-07-23 10:31:10,47,46.7,9.487,dongdaegu,1,1,True,target_available_at_arrival,available_count>0 at panel tick nearest as_of+tmap_eta,tmap_routes
ME18C263,2026-07-23 11:26:56,2026-07-23 12:20:56,2026-07-23 12:22:26,54,54.1,25.684,dongdaegu,2,2,True,target_available_at_arrival,available_count>0 at panel tick nearest as_of+tmap_eta,tmap_routes
EV003987,2026-07-28 19:03:03,2026-07-28 19:36:03,2026-07-28 19:43:13,33,32.6,10.296,dongdaegu,5,5,True,target_available_at_arrival,available_count>0 at panel tick nearest as_of+tmap_eta,tmap_routes
CV003062,2026-07-26 21:09:46,2026-07-26 21:43:46,2026-07-26 21:49:53,34,34.1,6.923,dongdaegu,1,1,True,target_available_at_arrival,available_count>0 at panel tick nearest as_of+tmap_eta,tmap_routes
CU530011,2026-07-29 10:18:04,2026-07-29 10:34:04,2026-07-29 10:38:06,16,15.6,2.998,dongdaegu,20,20,True,target_available_at_arrival,available_count>0 at panel tick nearest as_of+tmap_eta,tmap_routes
ME21A140,2026-07-22 23:15:35,2026-07-23 00:08:35,2026-07-23 00:12:27,53,53.0,40.12,dongdaegu,1,1,True,target_available_at_arrival,available_count>0 at panel tick nearest as_of+tmap_eta,tmap_routes
PC000603,2026-08-06 05:25:53,2026-08-06 05:53:53,2026-08-06 05:55:54,28,28.1,8.922,dongdaegu,1,1,True,target_available_at_arrival,available_count>0 at panel tick nearest as_of+tmap_eta,tmap_routes
BE241250,2026-07-31 06:51:46,2026-07-31 07:45:46,2026-07-31 07:52:08,54,54.0,26.162,dongdaegu,2,2,True,target_available_at_arrival,available_count>0 at panel tick nearest as_of+tmap_eta,tmap_routes
CV001626,2026-08-03 13:02:41,2026-08-03 13:50:41,2026-08-03 13:52:45,48,48.5,14.505,dongdaegu,2,2,True,target_available_at_arrival,available_count>0 at panel tick nearest as_of+tmap_eta,tmap_routes
HY000510,2026-08-04 05:06:55,2026-08-04 05:25:55,2026-08-04 05:26:56,19,19.2,4.088,dongdaegu,2,2,True,target_available_at_arrival,available_count>0 at panel tick nearest as_of+tmap_eta,tmap_routes
CV002115,2026-07-23 14:07:54,2026-07-23 14:37:54,2026-07-23 14:38:02,30,29.8,9.615,dongdaegu,3,3,True,target_available_at_arrival,available_count>0 at panel tick nearest as_of+tmap_eta,tmap_routes
IN053072,2026-07-30 04:43:35,2026-07-30 05:09:35,2026-07-30 05:13:41,26,25.9,8.457,dongdaegu,9,9,True,target_available_at_arrival,available_count>0 at panel tick nearest as_of+tmap_eta,tmap_routes
ME25C172,2026-08-01 02:29:10,2026-08-01 02:45:10,2026-08-01 02:49:12,16,15.6,2.366,dongdaegu,1,1,True,target_available_at_arrival,available_count>0 at panel tick nearest as_of+tmap_eta,tmap_routes
EV004401,2026-07-23 05:28:49,2026-07-23 06:05:49,2026-07-23 06:08:58,37,36.6,11.918,dongdaegu,1,1,True,target_available_at_arrival,available_count>0 at panel tick nearest as_of+tmap_eta,tmap_routes
ST272925,2026-07-25 20:54:34,2026-07-25 21:27:34,2026-07-25 21:34:39,33,32.9,7.879,dongdaegu,1,1,True,target_available_at_arrival,available_count>0 at panel tick nearest as_of+tmap_eta,tmap_routes
HE240385,2026-07-23 10:51:33,2026-07-23 11:53:33,2026-07-23 11:57:14,62,62.4,24.796,dongdaegu,1,1,True,target_available_at_arrival,available_count>0 at panel tick nearest as_of+tmap_eta,tmap_routes
CV001604,2026-07-23 05:33:50,2026-07-23 06:02:50,2026-07-23 06:03:57,29,28.8,6.963,dongdaegu,1,1,True,target_available_at_arrival,available_count>0 at panel tick nearest as_of+tmap_eta,tmap_routes
KE000385,2026-07-30 07:54:16,2026-07-30 08:21:16,2026-07-30 08:24:20,27,27.1,10.449,dongdaegu,1,1,True,target_available_at_arrival,available_count>0 at panel tick nearest as_of+tmap_eta,tmap_routes
EV005837,2026-07-29 22:40:18,2026-07-29 23:06:18,2026-07-29 23:10:22,26,26.4,7.33,dongdaegu,2,2,True,target_available_at_arrival,available_count>0 at panel tick nearest as_of+tmap_eta,tmap_routes
PI530290,2026-07-23 03:58:23,2026-07-23 04:26:23,2026-07-23 04:28:33,28,28.5,5.483,dongdaegu,1,1,True,target_available_at_arrival,available_count>0 at panel tick nearest as_of+tmap_eta,tmap_routes
AZ100022,2026-08-04 01:16:43,2026-08-04 02:14:43,2026-08-04 02:16:49,58,57.6,25.0,dongdaegu,1,1,True,target_available_at_arrival,available_count>0 at panel tick nearest as_of+tmap_eta,tmap_routes
CV000811,2026-07-29 15:18:47,2026-07-29 15:47:47,2026-07-29 15:48:51,29,29.1,8.544,dongdaegu,1,0,False,target_available_at_arrival,available_count>0 at panel tick nearest as_of+tmap_eta,tmap_routes
EV012412,2026-07-31 07:01:47,2026-07-31 07:31:47,2026-07-31 07:32:03,30,29.9,6.418,dongdaegu,5,5,True,target_available_at_arrival,available_count>0 at panel tick nearest as_of+tmap_eta,tmap_routes
CV003444,2026-07-31 18:35:14,2026-07-31 19:03:14,2026-07-31 19:05:25,28,28.1,8.078,dongdaegu,1,1,True,target_available_at_arrival,available_count>0 at panel tick nearest as_of+tmap_eta,tmap_routes
ME18C257,2026-08-03 17:23:00,2026-08-03 18:20:00,2026-08-03 18:23:48,57,57.2,24.092,dongdaegu,2,2,True,target_available_at_arrival,available_count>0 at panel tick nearest as_of+tmap_eta,tmap_routes
CV001967,2026-07-24 09:47:14,2026-07-24 10:06:14,2026-07-24 10:07:16,19,19.4,3.176,dongdaegu,2,2,True,target_available_at_arrival,available_count>0 at panel tick nearest as_of+tmap_eta,tmap_routes
CV003559,2026-08-05 01:00:59,2026-08-05 01:17:59,2026-08-05 01:21:00,17,16.7,2.572,dongdaegu,1,1,True,target_available_at_arrival,available_count>0 at panel tick nearest as_of+tmap_eta,tmap_routes
PI740688,2026-08-07 23:53:25,2026-08-08 00:14:25,2026-08-08 00:17:03,21,21.4,7.632,dongdaegu,1,1,True,target_available_at_arrival,available_count>0 at panel tick nearest as_of+tmap_eta,tmap_routes
CV004339,2026-07-31 05:11:24,2026-07-31 05:37:24,2026-07-31 05:41:35,26,26.2,7.956,dongdaegu,2,2,True,target_available_at_arrival,available_count>0 at panel tick nearest as_of+tmap_eta,tmap_routes
EC005058,2026-08-05 04:31:07,2026-08-05 04:58:07,2026-08-05 05:01:08,27,27.4,8.907,dongdaegu,1,1,True,target_available_at_arrival,available_count>0 at panel tick nearest as_of+tmap_eta,tmap_routes
PI730030,2026-08-06 08:06:00,2026-08-06 08:42:00,2026-08-06 08:46:06,36,35.6,12.645,dongdaegu,2,2,True,target_available_at_arrival,available_count>0 at panel tick nearest as_of+tmap_eta,tmap_routes
CV003084,2026-07-26 00:36:49,2026-07-26 01:19:49,2026-07-26 01:26:56,43,43.2,12.141,dongdaegu,1,1,True,target_available_at_arrival,available_count>0 at panel tick nearest as_of+tmap_eta,tmap_routes
PW014973,2026-08-06 06:05:54,2026-08-06 06:24:54,2026-08-06 06:25:55,19,18.7,5.5,dongdaegu,1,1,True,target_available_at_arrival,available_count>0 at panel tick nearest as_of+tmap_eta,tmap_routes
CV000219,2026-07-21 13:01:38,2026-07-21 13:38:38,2026-07-21 13:41:49,37,37.2,14.875,dongdaegu,1,1,True,target_available_at_arrival,available_count>0 at panel tick nearest as_of+tmap_eta,tmap_routes
HE000883,2026-07-30 21:37:57,2026-07-30 22:06:57,2026-07-30 22:08:00,29,29.2,9.221,dongdaegu,19,20,True,target_available_at_arrival,available_count>0 at panel tick nearest as_of+tmap_eta,tmap_routes
CV001002,2026-07-27 19:55:43,2026-07-27 20:13:43,2026-07-27 20:15:49,18,17.5,3.402,dongdaegu,3,2,True,target_available_at_arrival,available_count>0 at panel tick nearest as_of+tmap_eta,tmap_routes
CV000149,2026-08-05 10:51:34,2026-08-05 11:28:34,2026-08-05 11:31:39,37,36.7,13.425,dongdaegu,1,1,True,target_available_at_arrival,available_count>0 at panel tick nearest as_of+tmap_eta,tmap_routes
EV003741,2026-07-25 18:54:15,2026-07-25 19:24:15,2026-07-25 19:24:21,30,29.6,8.772,dongdaegu,1,1,True,target_available_at_arrival,available_count>0 at panel tick nearest as_of+tmap_eta,tmap_routes
HM710062,2026-08-01 20:32:35,2026-08-01 20:52:35,2026-08-01 20:52:38,20,20.1,2.189,dongdaegu,2,2,True,target_available_at_arrival,available_count>0 at panel tick nearest as_of+tmap_eta,tmap_routes
CV003144,2026-07-23 15:18:25,2026-07-23 15:43:25,2026-07-23 15:43:31,25,24.9,8.247,dongdaegu,1,1,True,target_available_at_arrival,available_count>0 at panel tick nearest as_of+tmap_eta,tmap_routes
PI530286,2026-08-02 05:46:47,2026-08-02 06:14:47,2026-08-02 06:16:57,28,28.1,7.492,dongdaegu,1,1,True,target_available_at_arrival,available_count>0 at panel tick nearest as_of+tmap_eta,tmap_routes
ME22C1A2,2026-07-17 20:54:57,2026-07-17 21:33:57,2026-07-17 21:40:00,39,39.2,13.424,dongdaegu,1,1,True,target_available_at_arrival,available_count>0 at panel tick nearest as_of+tmap_eta,tmap_routes
PI740435,2026-07-26 21:49:53,2026-07-26 22:27:53,2026-07-26 22:29:58,38,37.5,11.158,dongdaegu,2,2,True,target_available_at_arrival,available_count>0 at panel tick nearest as_of+tmap_eta,tmap_routes
HY000896,2026-07-28 09:39:42,2026-07-28 10:12:42,2026-07-28 10:19:48,33,32.8,9.291,dongdaegu,3,4,True,target_available_at_arrival,available_count>0 at panel tick nearest as_of+tmap_eta,tmap_routes
CV003139,2026-07-23 11:06:41,2026-07-23 11:32:41,2026-07-23 11:36:58,26,26.4,8.714,dongdaegu,1,1,True,target_available_at_arrival,available_count>0 at panel tick nearest as_of+tmap_eta,tmap_routes
LU000912,2026-07-31 17:25:02,2026-07-31 17:34:02,2026-07-31 17:35:04,9,8.7,1.659,dongdaegu,1,1,True,target_available_at_arrival,available_count>0 at panel tick nearest as_of+tmap_eta,tmap_routes
HW000553,2026-07-29 07:07:12,2026-07-29 07:23:12,2026-07-29 07:27:19,16,16.5,3.974,dongdaegu,1,1,True,target_available_at_arrival,available_count>0 at panel tick nearest as_of+tmap_eta,tmap_routes
CV003128,2026-07-25 15:23:39,2026-07-25 15:52:39,2026-07-25 15:53:48,29,28.9,5.462,dongdaegu,1,0,False,target_available_at_arrival,available_count>0 at panel tick nearest as_of+tmap_eta,tmap_routes
PI000645,2026-07-29 07:57:27,2026-07-29 08:14:27,2026-07-29 08:17:38,17,17.3,3.85,dongdaegu,1,1,True,target_available_at_arrival,available_count>0 at panel tick nearest as_of+tmap_eta,tmap_routes
PI747199,2026-08-04 13:57:30,2026-08-04 14:24:30,2026-08-04 14:27:31,27,27.3,5.386,dongdaegu,2,3,True,target_available_at_arrival,available_count>0 at panel tick nearest as_of+tmap_eta,tmap_routes
CV004108,2026-07-30 03:33:21,2026-07-30 03:47:21,2026-07-30 03:53:25,14,13.9,2.65,dongdaegu,2,2,True,target_available_at_arrival,available_count>0 at panel tick nearest as_of+tmap_eta,tmap_routes
KL001763,2026-07-29 07:37:20,2026-07-29 08:24:20,2026-07-29 08:27:41,47,47.2,19.423,dongdaegu,1,1,True,target_available_at_arrival,available_count>0 at panel tick nearest as_of+tmap_eta,tmap_routes
CV000891,2026-07-24 05:58:25,2026-07-24 06:57:25,2026-07-24 06:58:56,59,58.9,26.194,dongdaegu,2,2,True,target_available_at_arrival,available_count>0 at panel tick nearest as_of+tmap_eta,tmap_routes
IN053074,2026-07-31 13:33:00,2026-07-31 13:53:00,2026-07-31 13:53:02,20,20.2,3.77,dongdaegu,10,10,True,target_available_at_arrival,available_count>0 at panel tick nearest as_of+tmap_eta,tmap_routes
CV003444,2026-07-26 23:10:04,2026-07-26 23:38:04,2026-07-26 23:40:06,28,28.1,8.078,dongdaegu,1,1,True,target_available_at_arrival,available_count>0 at panel tick nearest as_of+tmap_eta,tmap_routes
KP002190,2026-07-26 01:06:51,2026-07-26 01:22:51,2026-07-26 01:26:56,16,15.8,3.532,dongdaegu,1,1,True,target_available_at_arrival,available_count>0 at panel tick nearest as_of+tmap_eta,tmap_routes
CV003063,2026-07-21 11:41:23,2026-07-21 12:19:23,2026-07-21 12:21:27,38,38.4,10.075,dongdaegu,1,1,True,target_available_at_arrival,available_count>0 at panel tick nearest as_of+tmap_eta,tmap_routes
CV003128,2026-07-23 11:31:57,2026-07-23 12:00:57,2026-07-23 12:02:15,29,28.9,5.462,dongdaegu,1,1,True,target_available_at_arrival,available_count>0 at panel tick nearest as_of+tmap_eta,tmap_routes
HW000646,2026-08-03 19:53:54,2026-08-03 20:20:54,2026-08-03 20:23:56,27,27.0,5.569,dongdaegu,1,1,True,target_available_at_arrival,available_count>0 at panel tick nearest as_of+tmap_eta,tmap_routes
PI530316,2026-07-28 14:21:16,2026-07-28 14:54:16,2026-07-28 15:01:37,33,32.9,8.285,dongdaegu,1,1,True,target_available_at_arrival,available_count>0 at panel tick nearest as_of+tmap_eta,tmap_routes
CV004326,2026-08-03 22:04:03,2026-08-03 22:51:03,2026-08-03 22:54:06,47,47.1,21.479,dongdaegu,2,2,True,target_available_at_arrival,available_count>0 at panel tick nearest as_of+tmap_eta,tmap_routes
CV000813,2026-07-23 00:37:36,2026-07-23 00:57:36,2026-07-23 00:57:41,20,20.0,2.739,dongdaegu,1,1,True,target_available_at_arrival,available_count>0 at panel tick nearest as_of+tmap_eta,tmap_routes
EV005349,2026-07-19 16:46:21,2026-07-19 17:25:21,2026-07-19 17:31:25,39,39.3,12.559,dongdaegu,4,4,True,target_available_at_arrival,available_count>0 at panel tick nearest as_of+tmap_eta,tmap_routes
ME25C428,2026-07-29 10:48:07,2026-07-29 11:07:07,2026-07-29 11:08:11,19,18.8,3.899,dongdaegu,4,4,True,target_available_at_arrival,available_count>0 at panel tick nearest as_of+tmap_eta,tmap_routes
ME25C427,2026-07-31 14:23:09,2026-07-31 14:40:09,2026-07-31 14:43:11,17,16.9,2.432,dongdaegu,4,4,True,target_available_at_arrival,available_count>0 at panel tick nearest as_of+tmap_eta,tmap_routes
CV001318,2026-07-24 16:08:25,2026-07-24 16:36:25,2026-07-24 16:38:28,28,28.5,5.908,dongdaegu,4,3,True,target_available_at_arrival,available_count>0 at panel tick nearest as_of+tmap_eta,tmap_routes
PI700099,2026-08-06 04:35:51,2026-08-06 05:09:51,2026-08-06 05:15:52,34,33.5,11.076,dongdaegu,1,1,True,target_available_at_arrival,available_count>0 at panel tick nearest as_of+tmap_eta,tmap_routes
CV001636,2026-07-28 10:49:55,2026-07-28 11:27:55,2026-07-28 11:30:08,38,37.9,9.77,dongdaegu,2,2,True,target_available_at_arrival,available_count>0 at panel tick nearest as_of+tmap_eta,tmap_routes
PIS00556,2026-08-01 22:22:52,2026-08-01 22:49:52,2026-08-01 22:52:56,27,27.3,6.618,dongdaegu,2,3,True,target_available_at_arrival,available_count>0 at panel tick nearest as_of+tmap_eta,tmap_routes
IN053043,2026-07-28 23:13:45,2026-07-28 23:39:45,2026-07-28 23:43:51,26,26.2,7.385,dongdaegu,1,1,True,target_available_at_arrival,available_count>0 at panel tick nearest as_of+tmap_eta,tmap_routes
CV001566,2026-07-26 18:39:26,2026-07-26 18:56:26,2026-07-26 18:59:28,17,17.3,3.217,dongdaegu,4,3,True,target_available_at_arrival,available_count>0 at panel tick nearest as_of+tmap_eta,tmap_routes
ME184070,2026-07-31 11:32:44,2026-07-31 11:57:44,2026-07-31 12:02:47,25,25.3,8.197,dongdaegu,1,1,True,target_available_at_arrival,available_count>0 at panel tick nearest as_of+tmap_eta,tmap_routes
CV002690,2026-08-02 22:49:28,2026-08-02 23:43:28,2026-08-02 23:49:33,54,54.3,31.501,dongdaegu,4,4,True,target_available_at_arrival,available_count>0 at panel tick nearest as_of+tmap_eta,tmap_routes
ME183065,2026-08-01 22:22:52,2026-08-01 22:56:52,2026-08-01 23:02:57,34,34.4,10.368,dongdaegu,1,1,True,target_available_at_arrival,available_count>0 at panel tick nearest as_of+tmap_eta,tmap_routes
CV000219,2026-07-26 20:49:44,2026-07-26 21:26:44,2026-07-26 21:29:49,37,37.2,14.875,dongdaegu,2,2,True,target_available_at_arrival,available_count>0 at panel tick nearest as_of+tmap_eta,tmap_routes
PIS00599,2026-08-03 10:12:31,2026-08-03 10:48:31,2026-08-03 10:52:33,36,35.7,12.543,dongdaegu,30,32,True,target_available_at_arrival,available_count>0 at panel tick nearest as_of+tmap_eta,tmap_routes
LU003147,2026-07-26 20:09:38,2026-07-26 20:29:38,2026-07-26 20:29:41,20,20.1,6.413,dongdaegu,3,3,True,target_available_at_arrival,available_count>0 at panel tick nearest as_of+tmap_eta,tmap_routes
ST601140,2026-07-29 22:50:19,2026-07-29 23:27:19,2026-07-29 23:30:24,37,37.3,12.538,dongdaegu,3,3,True,target_available_at_arrival,available_count>0 at panel tick nearest as_of+tmap_eta,tmap_routes
ME24B142,2026-07-31 04:21:19,2026-07-31 04:56:19,2026-07-31 05:01:22,35,35.0,11.205,dongdaegu,1,1,True,target_available_at_arrival,available_count>0 at panel tick nearest as_of+tmap_eta,tmap_routes
CV003148,2026-07-26 05:27:25,2026-07-26 05:56:25,2026-07-26 05:57:29,29,29.4,10.43,dongdaegu,1,1,True,target_available_at_arrival,available_count>0 at panel tick nearest as_of+tmap_eta,tmap_routes
PI645405,2026-07-23 15:03:20,2026-07-23 15:39:20,2026-07-23 15:43:31,36,35.8,12.364,dongdaegu,1,1,True,target_available_at_arrival,available_count>0 at panel tick nearest as_of+tmap_eta,tmap_routes
PI530310,2026-07-28 07:19:09,2026-07-28 07:44:09,2026-07-28 07:49:17,25,25.0,7.513,dongdaegu,2,2,True,target_available_at_arrival,available_count>0 at panel tick nearest as_of+tmap_eta,tmap_routes
NX000024,2026-07-25 17:54:07,2026-07-25 18:13:07,2026-07-25 18:14:10,19,19.2,5.643,dongdaegu,2,2,True,target_available_at_arrival,available_count>0 at panel tick nearest as_of+tmap_eta,tmap_routes
PC001131,2026-07-28 20:33:20,2026-07-28 20:48:20,2026-07-28 20:53:22,15,15.4,3.325,dongdaegu,1,1,True,target_available_at_arrival,available_count>0 at panel tick nearest as_of+tmap_eta,tmap_routes
BNBN0721,2026-08-05 07:51:18,2026-08-05 08:16:18,2026-08-05 08:21:20,25,25.2,6.457,dongdaegu,1,1,True,target_available_at_arrival,available_count>0 at panel tick nearest as_of+tmap_eta,tmap_routes
KP010627,2026-07-31 18:35:14,2026-07-31 18:53:14,2026-07-31 18:55:21,18,17.9,3.676,dongdaegu,2,2,True,target_available_at_arrival,available_count>0 at panel tick nearest as_of+tmap_eta,tmap_routes
CV002951,2026-08-01 03:39:18,2026-08-01 04:29:18,2026-08-01 04:29:22,50,49.6,39.256,dongdaegu,1,1,True,target_available_at_arrival,available_count>0 at panel tick nearest as_of+tmap_eta,tmap_routes
KP006964,2026-07-27 08:33:27,2026-07-27 09:27:27,2026-07-27 09:33:36,54,54.0,31.044,dongdaegu,1,1,True,target_available_at_arrival,available_count>0 at panel tick nearest as_of+tmap_eta,tmap_routes
CV000547,2026-07-22 13:50:02,2026-07-22 14:09:02,2026-07-22 14:10:04,19,18.8,4.043,dongdaegu,1,1,True,target_available_at_arrival,available_count>0 at panel tick nearest as_of+tmap_eta,tmap_routes
LU002365,2026-07-20 11:44:55,2026-07-20 12:14:55,2026-07-20 12:14:56,30,30.5,8.144,dongdaegu,1,1,True,target_available_at_arrival,available_count>0 at panel tick nearest as_of+tmap_eta,tmap_routes
EV012548,2026-08-07 18:22:45,2026-08-07 18:29:45,2026-08-07 18:32:47,7,7.4,0.969,dongdaegu,2,2,True,target_available_at_arrival,available_count>0 at panel tick nearest as_of+tmap_eta,tmap_routes
ST600399,2026-08-05 09:11:23,2026-08-05 10:08:23,2026-08-05 10:11:30,57,57.3,23.048,dongdaegu,1,1,True,target_available_at_arrival,available_count>0 at panel tick nearest as_of+tmap_eta,tmap_routes
CV001706,2026-08-04 13:27:28,2026-08-04 14:22:28,2026-08-04 14:27:31,55,54.8,26.617,dongdaegu,2,2,True,target_available_at_arrival,available_count>0 at panel tick nearest as_of+tmap_eta,tmap_routes
CV003728,2026-08-08 09:47:38,2026-08-08 10:25:38,2026-08-08 10:27:43,38,38.5,12.942,dongdaegu,2,2,True,target_available_at_arrival,available_count>0 at panel tick nearest as_of+tmap_eta,tmap_routes
PIS00546,2026-07-28 09:59:46,2026-07-28 10:27:46,2026-07-28 10:29:53,28,28.2,9.181,dongdaegu,2,2,True,target_available_at_arrival,available_count>0 at panel tick nearest as_of+tmap_eta,tmap_routes
NT100890,2026-08-01 09:30:09,2026-08-01 10:28:09,2026-08-01 10:30:30,58,58.0,25.646,dongdaegu,3,3,True,target_available_at_arrival,available_count>0 at panel tick nearest as_of+tmap_eta,tmap_routes
PW012390,2026-08-07 13:02:12,2026-08-07 13:28:12,2026-08-07 13:32:14,26,26.0,8.161,dongdaegu,1,1,True,target_available_at_arrival,available_count>0 at panel tick nearest as_of+tmap_eta,tmap_routes
PI530294,2026-07-26 10:38:15,2026-07-26 10:53:15,2026-07-26 10:58:21,15,14.9,2.628,dongdaegu,1,1,True,target_available_at_arrival,available_count>0 at panel tick nearest as_of+tmap_eta,tmap_routes
PI740086,2026-07-21 10:41:09,2026-07-21 11:07:09,2026-07-21 11:11:21,26,26.5,9.134,dongdaegu,1,1,True,target_available_at_arrival,available_count>0 at panel tick nearest as_of+tmap_eta,tmap_routes
ME21A903,2026-07-29 02:06:21,2026-07-29 03:04:21,2026-07-29 03:06:32,58,57.6,24.021,dongdaegu,3,4,True,target_available_at_arrival,available_count>0 at panel tick nearest as_of+tmap_eta,tmap_routes
CV003040,2026-07-19 20:31:41,2026-07-19 20:56:41,2026-07-19 21:02:33,25,24.9,7.898,dongdaegu,5,5,True,target_available_at_arrival,available_count>0 at panel tick nearest as_of+tmap_eta,tmap_routes
GS000145,2026-07-23 04:53:39,2026-07-23 05:32:39,2026-07-23 05:33:50,39,39.3,14.116,dongdaegu,1,1,True,target_available_at_arrival,available_count>0 at panel tick nearest as_of+tmap_eta,tmap_routes
CV003140,2026-07-26 19:59:36,2026-07-26 20:43:36,2026-07-26 20:49:44,44,44.4,15.17,dongdaegu,1,1,True,target_available_at_arrival,available_count>0 at panel tick nearest as_of+tmap_eta,tmap_routes
CV003444,2026-08-05 05:41:10,2026-08-05 06:09:10,2026-08-05 06:11:11,28,28.1,8.078,dongdaegu,1,1,True,target_available_at_arrival,available_count>0 at panel tick nearest as_of+tmap_eta,tmap_routes
PI730038,2026-07-19 13:16:04,2026-07-19 14:09:04,2026-07-19 14:16:11,53,52.9,33.46,dongdaegu,1,1,True,target_available_at_arrival,available_count>0 at panel tick nearest as_of+tmap_eta,tmap_routes
PI540413,2026-07-26 09:18:06,2026-07-26 10:16:06,2026-07-26 10:18:13,58,58.1,26.276,dongdaegu,1,1,True,target_available_at_arrival,available_count>0 at panel tick nearest as_of+tmap_eta,tmap_routes
EC270011,2026-08-07 16:52:35,2026-08-07 17:21:35,2026-08-07 17:22:37,29,28.6,10.954,dongdaegu,1,1,True,target_available_at_arrival,available_count>0 at panel tick nearest as_of+tmap_eta,tmap_routes
KP002190,2026-07-24 14:18:04,2026-07-24 14:34:04,2026-07-24 14:38:07,16,15.8,3.532,dongdaegu,1,1,True,target_available_at_arrival,available_count>0 at panel tick nearest as_of+tmap_eta,tmap_routes
PC000159,2026-08-02 02:16:18,2026-08-02 03:06:18,2026-08-02 03:06:28,50,49.6,14.896,dongdaegu,1,1,True,target_available_at_arrival,available_count>0 at panel tick nearest as_of+tmap_eta,tmap_routes
PW015361,2026-08-03 13:02:41,2026-08-03 13:50:41,2026-08-03 13:52:45,48,48.2,23.951,dongdaegu,1,1,True,target_available_at_arrival,available_count>0 at panel tick nearest as_of+tmap_eta,tmap_routes
CV003079,2026-07-27 07:13:06,2026-07-27 07:29:06,2026-07-27 07:33:17,16,16.3,3.908,dongdaegu,1,1,True,target_available_at_arrival,available_count>0 at panel tick nearest as_of+tmap_eta,tmap_routes
SF002471,2026-07-30 16:16:44,2026-07-30 16:49:44,2026-07-30 16:56:48,33,32.8,12.4,dongdaegu,1,1,True,target_available_at_arrival,available_count>0 at panel tick nearest as_of+tmap_eta,tmap_routes
LU003143,2026-07-30 19:37:36,2026-07-30 19:55:36,2026-07-30 19:57:39,18,17.9,4.605,dongdaegu,1,1,True,target_available_at_arrival,available_count>0 at panel tick nearest as_of+tmap_eta,tmap_routes
CV000559,2026-08-07 16:52:35,2026-08-07 17:18:35,2026-08-07 17:22:37,26,25.9,4.657,dongdaegu,1,0,False,target_available_at_arrival,available_count>0 at panel tick nearest as_of+tmap_eta,tmap_routes
ME20C183,2026-07-31 18:25:12,2026-07-31 19:00:12,2026-07-31 19:05:25,35,35.0,8.06,dongdaegu,1,0,False,target_available_at_arrival,available_count>0 at panel tick nearest as_of+tmap_eta,tmap_routes
PIS00555,2026-08-01 07:09:43,2026-08-01 07:27:43,2026-08-01 07:29:46,18,17.9,1.225,dongdaegu,3,3,True,target_available_at_arrival,available_count>0 at panel tick nearest as_of+tmap_eta,tmap_routes
ME183144,2026-08-07 16:42:34,2026-08-07 17:38:34,2026-08-07 17:42:40,56,56.2,27.909,dongdaegu,3,3,True,target_available_at_arrival,available_count>0 at panel tick nearest as_of+tmap_eta,tmap_routes
ME18C229,2026-08-05 20:32:22,2026-08-05 21:25:22,2026-08-05 21:32:25,53,52.9,43.083,dongdaegu,2,2,True,target_available_at_arrival,available_count>0 at panel tick nearest as_of+tmap_eta,tmap_routes
CV002952,2026-07-23 08:34:55,2026-07-23 09:25:55,2026-07-23 09:30:43,51,50.7,33.64,dongdaegu,2,2,True,target_available_at_arrival,available_count>0 at panel tick nearest as_of+tmap_eta,tmap_routes
ST600399,2026-07-24 04:33:03,2026-07-24 05:30:03,2026-07-24 05:33:19,57,57.3,23.048,dongdaegu,4,5,True,target_available_at_arrival,available_count>0 at panel tick nearest as_of+tmap_eta,tmap_routes
PI740140,2026-07-23 15:08:22,2026-07-23 15:38:22,2026-07-23 15:38:30,30,30.1,9.429,dongdaegu,1,0,False,target_available_at_arrival,available_count>0 at panel tick nearest as_of+tmap_eta,tmap_routes
CV004736,2026-07-25 14:14:53,2026-07-25 15:11:53,2026-07-25 15:12:22,57,57.4,24.095,dongdaegu,1,1,True,target_available_at_arrival,available_count>0 at panel tick nearest as_of+tmap_eta,tmap_routes
CV004690,2026-08-04 20:57:59,2026-08-04 21:45:59,2026-08-04 21:48:03,48,47.5,12.082,dongdaegu,6,6,True,target_available_at_arrival,available_count>0 at panel tick nearest as_of+tmap_eta,tmap_routes
PC001839,2026-07-25 14:04:52,2026-07-25 14:27:52,2026-07-25 14:34:58,23,23.3,6.246,dongdaegu,1,1,True,target_available_at_arrival,available_count>0 at panel tick nearest as_of+tmap_eta,tmap_routes
PI530303,2026-07-23 11:31:57,2026-07-23 11:57:57,2026-07-23 12:02:15,26,25.5,6.41,dongdaegu,6,4,True,target_available_at_arrival,available_count>0 at panel tick nearest as_of+tmap_eta,tmap_routes
ST601236,2026-07-31 23:16:12,2026-07-31 23:49:12,2026-07-31 23:56:18,33,32.8,10.492,dongdaegu,2,2,True,target_available_at_arrival,available_count>0 at panel tick nearest as_of+tmap_eta,tmap_routes
KE000548,2026-07-23 07:59:39,2026-07-23 08:04:39,2026-07-23 08:04:41,5,4.6,0.685,dongdaegu,1,1,True,target_available_at_arrival,available_count>0 at panel tick nearest as_of+tmap_eta,tmap_routes
NT101295,2026-07-23 14:07:54,2026-07-23 14:24:54,2026-07-23 14:27:58,17,17.2,6.908,dongdaegu,1,1,True,target_available_at_arrival,available_count>0 at panel tick nearest as_of+tmap_eta,tmap_routes
CV000562,2026-07-26 06:07:30,2026-07-26 06:21:30,2026-07-26 06:27:36,14,14.0,1.777,dongdaegu,2,2,True,target_available_at_arrival,available_count>0 at panel tick nearest as_of+tmap_eta,tmap_routes
HW000610,2026-08-05 07:51:18,2026-08-05 08:25:18,2026-08-05 08:31:20,34,34.3,9.051,dongdaegu,2,2,True,target_available_at_arrival,available_count>0 at panel tick nearest as_of+tmap_eta,tmap_routes
PC001831,2026-07-19 17:01:22,2026-07-19 17:14:22,2026-07-19 17:16:23,13,12.9,2.868,dongdaegu,5,5,True,target_available_at_arrival,available_count>0 at panel tick nearest as_of+tmap_eta,tmap_routes
EV005267,2026-07-24 06:13:36,2026-07-24 06:43:36,2026-07-24 06:43:45,30,29.6,10.5,dongdaegu,2,2,True,target_available_at_arrival,available_count>0 at panel tick nearest as_of+tmap_eta,tmap_routes
CV002238,2026-07-23 14:58:19,2026-07-23 15:42:19,2026-07-23 15:43:31,44,44.1,12.969,dongdaegu,2,2,True,target_available_at_arrival,available_count>0 at panel tick nearest as_of+tmap_eta,tmap_routes
ME19F260,2026-08-01 03:49:19,2026-08-01 04:55:19,2026-08-01 04:59:25,66,65.9,37.257,dongdaegu,2,2,True,target_available_at_arrival,available_count>0 at panel tick nearest as_of+tmap_eta,tmap_routes
PI645107,2026-08-01 09:50:16,2026-08-01 10:27:16,2026-08-01 10:30:30,37,37.4,12.227,dongdaegu,1,1,True,target_available_at_arrival,available_count>0 at panel tick nearest as_of+tmap_eta,tmap_routes
CV003042,2026-08-03 20:23:56,2026-08-03 20:59:56,2026-08-03 21:03:58,36,35.9,8.808,dongdaegu,2,2,True,target_available_at_arrival,available_count>0 at panel tick nearest as_of+tmap_eta,tmap_routes
CV001488,2026-07-28 19:03:03,2026-07-28 19:33:03,2026-07-28 19:33:12,30,30.3,7.059,dongdaegu,2,2,True,target_available_at_arrival,available_count>0 at panel tick nearest as_of+tmap_eta,tmap_routes
NT100925,2026-07-30 12:35:22,2026-07-30 13:34:22,2026-07-30 13:35:43,59,58.9,26.625,dongdaegu,1,1,True,target_available_at_arrival,available_count>0 at panel tick nearest as_of+tmap_eta,tmap_routes
PI530037,2026-08-01 22:02:50,2026-08-01 22:25:50,2026-08-01 22:32:53,23,23.0,8.181,dongdaegu,1,1,True,target_available_at_arrival,available_count>0 at panel tick nearest as_of+tmap_eta,tmap_routes
AZ100023,2026-08-05 22:12:27,2026-08-05 22:36:27,2026-08-05 22:42:29,24,23.6,5.362,dongdaegu,1,1,True,target_available_at_arrival,available_count>0 at panel tick nearest as_of+tmap_eta,tmap_routes
PI740263,2026-08-01 15:11:31,2026-08-01 15:54:31,2026-08-01 16:01:38,43,43.4,15.153,dongdaegu,1,1,True,target_available_at_arrival,available_count>0 at panel tick nearest as_of+tmap_eta,tmap_routes
CV001590,2026-08-04 03:56:53,2026-08-04 04:35:53,2026-08-04 04:36:54,39,39.0,13.429,dongdaegu,4,4,True,target_available_at_arrival,available_count>0 at panel tick nearest as_of+tmap_eta,tmap_routes
CV003468,2026-07-27 17:05:03,2026-07-27 17:41:03,2026-07-27 17:45:09,36,36.5,10.238,dongdaegu,1,0,False,target_available_at_arrival,available_count>0 at panel tick nearest as_of+tmap_eta,tmap_routes
CV003446,2026-08-04 05:26:56,2026-08-04 05:52:56,2026-08-04 05:56:57,26,25.6,6.06,dongdaegu,1,1,True,target_available_at_arrival,available_count>0 at panel tick nearest as_of+tmap_eta,tmap_routes
PC001131,2026-08-06 07:56:00,2026-08-06 08:11:00,2026-08-06 08:16:01,15,15.4,3.325,dongdaegu,2,2,True,target_available_at_arrival,available_count>0 at panel tick nearest as_of+tmap_eta,tmap_routes
ME183065,2026-07-22 22:55:24,2026-07-22 23:29:24,2026-07-22 23:30:39,34,34.4,10.368,dongdaegu,1,1,True,target_available_at_arrival,available_count>0 at panel tick nearest as_of+tmap_eta,tmap_routes
KE000385,2026-07-18 17:50:57,2026-07-18 18:17:57,2026-07-18 18:20:58,27,27.1,10.449,dongdaegu,1,1,True,target_available_at_arrival,available_count>0 at panel tick nearest as_of+tmap_eta,tmap_routes
CV000899,2026-07-29 13:58:36,2026-07-29 14:05:36,2026-07-29 14:08:37,7,6.7,0.393,dongdaegu,2,2,True,target_available_at_arrival,available_count>0 at panel tick nearest as_of+tmap_eta,tmap_routes
CV003065,2026-08-08 09:57:38,2026-08-08 10:27:38,2026-08-08 10:27:43,30,29.5,12.376,dongdaegu,2,2,True,target_available_at_arrival,available_count>0 at panel tick nearest as_of+tmap_eta,tmap_routes
EV005961,2026-07-24 17:48:46,2026-07-24 18:34:46,2026-07-24 18:39:04,46,45.5,15.14,dongdaegu,3,3,True,target_available_at_arrival,available_count>0 at panel tick nearest as_of+tmap_eta,tmap_routes
ME18C172,2026-07-24 19:29:12,2026-07-24 19:48:12,2026-07-24 19:49:15,19,18.7,3.773,dongdaegu,1,1,True,target_available_at_arrival,available_count>0 at panel tick nearest as_of+tmap_eta,tmap_routes
ME20C288,2026-07-29 18:49:35,2026-07-29 19:18:35,2026-07-29 19:19:40,29,29.1,9.321,dongdaegu,2,2,True,target_available_at_arrival,available_count>0 at panel tick nearest as_of+tmap_eta,tmap_routes
ME183067,2026-07-26 02:57:05,2026-07-26 03:22:05,2026-07-26 03:27:10,25,24.9,5.762,dongdaegu,1,1,True,target_available_at_arrival,available_count>0 at panel tick nearest as_of+tmap_eta,tmap_routes
TS272902,2026-07-30 12:55:25,2026-07-30 13:23:25,2026-07-30 13:25:42,28,28.4,9.806,dongdaegu,1,1,True,target_available_at_arrival,available_count>0 at panel tick nearest as_of+tmap_eta,tmap_routes
NX000018,2026-07-30 13:55:52,2026-07-30 14:22:52,2026-07-30 14:25:58,27,27.1,8.327,dongdaegu,2,2,True,target_available_at_arrival,available_count>0 at panel tick nearest as_of+tmap_eta,tmap_routes
CV001462,2026-07-28 14:51:36,2026-07-28 15:15:36,2026-07-28 15:21:39,24,23.7,5.26,dongdaegu,2,2,True,target_available_at_arrival,available_count>0 at panel tick nearest as_of+tmap_eta,tmap_routes
CV002014,2026-07-30 19:07:31,2026-07-30 19:43:31,2026-07-30 19:47:37,36,35.5,11.855,dongdaegu,1,2,True,target_available_at_arrival,available_count>0 at panel tick nearest as_of+tmap_eta,tmap_routes
PC000654,2026-07-23 11:31:57,2026-07-23 11:59:57,2026-07-23 12:02:15,28,27.9,8.761,dongdaegu,4,4,True,target_available_at_arrival,available_count>0 at panel tick nearest as_of+tmap_eta,tmap_routes
PI740400,2026-08-01 16:41:55,2026-08-01 16:54:55,2026-08-01 17:01:58,13,12.7,3.813,dongdaegu,1,1,True,target_available_at_arrival,available_count>0 at panel tick nearest as_of+tmap_eta,tmap_routes
CV003141,2026-07-27 00:12:15,2026-07-27 00:59:15,2026-07-27 01:02:19,47,46.7,21.256,dongdaegu,2,2,True,target_available_at_arrival,available_count>0 at panel tick nearest as_of+tmap_eta,tmap_routes
PI740454,2026-07-26 10:18:13,2026-07-26 10:37:13,2026-07-26 10:38:15,19,19.2,4.511,dongdaegu,1,1,True,target_available_at_arrival,available_count>0 at panel tick nearest as_of+tmap_eta,tmap_routes
CV000665,2026-07-31 07:22:02,2026-07-31 07:51:02,2026-07-31 07:52:08,29,29.3,6.294,dongdaegu,3,3,True,target_available_at_arrival,available_count>0 at panel tick nearest as_of+tmap_eta,tmap_routes
NT100890,2026-08-05 13:31:46,2026-08-05 14:29:46,2026-08-05 14:31:51,58,58.0,25.646,dongdaegu,3,2,True,target_available_at_arrival,available_count>0 at panel tick nearest as_of+tmap_eta,tmap_routes
NX000024,2026-07-28 04:38:46,2026-07-28 04:57:46,2026-07-28 04:58:50,19,19.2,5.643,dongdaegu,5,5,True,target_available_at_arrival,available_count>0 at panel tick nearest as_of+tmap_eta,tmap_routes
PI740140,2026-07-26 10:28:14,2026-07-26 10:58:14,2026-07-26 10:58:21,30,30.1,9.429,dongdaegu,1,2,True,target_available_at_arrival,available_count>0 at panel tick nearest as_of+tmap_eta,tmap_routes
GS000145,2026-07-23 13:47:50,2026-07-23 14:26:50,2026-07-23 14:27:58,39,39.3,14.116,dongdaegu,2,2,True,target_available_at_arrival,available_count>0 at panel tick nearest as_of+tmap_eta,tmap_routes
EC270007,2026-07-25 17:34:04,2026-07-25 18:29:04,2026-07-25 18:34:12,55,55.1,17.325,dongdaegu,1,1,True,target_available_at_arrival,available_count>0 at panel tick nearest as_of+tmap_eta,tmap_routes
ST601337,2026-08-07 08:51:48,2026-08-07 09:10:48,2026-08-07 09:11:51,19,18.7,4.492,dongdaegu,6,4,True,target_available_at_arrival,available_count>0 at panel tick nearest as_of+tmap_eta,tmap_routes
PIS00549,2026-08-04 21:18:00,2026-08-04 21:53:00,2026-08-04 21:58:03,35,34.7,10.454,dongdaegu,2,1,True,target_available_at_arrival,available_count>0 at panel tick nearest as_of+tmap_eta,tmap_routes
PW012854,2026-07-28 10:29:53,2026-07-28 10:49:53,2026-07-28 10:49:55,20,20.1,3.411,dongdaegu,1,1,True,target_available_at_arrival,available_count>0 at panel tick nearest as_of+tmap_eta,tmap_routes
ME23B113,2026-07-26 07:57:52,2026-07-26 08:51:52,2026-07-26 08:58:04,54,54.4,40.695,dongdaegu,1,1,True,target_available_at_arrival,available_count>0 at panel tick nearest as_of+tmap_eta,tmap_routes
LU003732,2026-08-07 14:12:16,2026-08-07 15:07:16,2026-08-07 15:12:27,55,54.8,25.143,dongdaegu,1,1,True,target_available_at_arrival,available_count>0 at panel tick nearest as_of+tmap_eta,tmap_routes
CV002393,2026-08-03 04:02:04,2026-08-03 04:36:04,2026-08-03 04:42:06,34,33.7,13.337,dongdaegu,2,2,True,target_available_at_arrival,available_count>0 at panel tick nearest as_of+tmap_eta,tmap_routes
CV001297,2026-07-28 12:00:20,2026-07-28 12:18:20,2026-07-28 12:20:36,18,17.7,4.389,dongdaegu,1,1,True,target_available_at_arrival,available_count>0 at panel tick nearest as_of+tmap_eta,tmap_routes
PI530033,2026-08-01 21:42:47,2026-08-01 22:02:47,2026-08-01 22:02:50,20,20.4,4.625,dongdaegu,1,1,True,target_available_at_arrival,available_count>0 at panel tick nearest as_of+tmap_eta,tmap_routes
PW000293,2026-07-30 08:04:17,2026-07-30 08:19:17,2026-07-30 08:24:20,15,14.7,1.056,dongdaegu,1,1,True,target_available_at_arrival,available_count>0 at panel tick nearest as_of+tmap_eta,tmap_routes
EBSSBILL,2026-07-28 08:49:35,2026-07-28 09:08:35,2026-07-28 09:09:38,19,18.9,2.758,dongdaegu,1,1,True,target_available_at_arrival,available_count>0 at panel tick nearest as_of+tmap_eta,tmap_routes
ME19X430,2026-07-21 20:22:51,2026-07-21 20:40:51,2026-07-21 20:42:53,18,17.6,4.834,dongdaegu,6,6,True,target_available_at_arrival,available_count>0 at panel tick nearest as_of+tmap_eta,tmap_routes
KE001011,2026-07-27 18:15:14,2026-07-27 18:45:14,2026-07-27 18:45:22,30,29.5,5.032,dongdaegu,2,2,True,target_available_at_arrival,available_count>0 at panel tick nearest as_of+tmap_eta,tmap_routes
PI740149,2026-08-05 16:11:57,2026-08-05 16:29:57,2026-08-05 16:31:58,18,17.5,3.784,dongdaegu,2,2,True,target_available_at_arrival,available_count>0 at panel tick nearest as_of+tmap_eta,tmap_routes
PI740699,2026-07-29 17:19:18,2026-07-29 17:57:18,2026-07-29 17:59:24,38,37.5,10.472,dongdaegu,1,1,True,target_available_at_arrival,available_count>0 at panel tick nearest as_of+tmap_eta,tmap_routes
CV000508,2026-08-06 03:35:49,2026-08-06 04:13:49,2026-08-06 04:15:50,38,38.4,13.599,dongdaegu,1,1,True,target_available_at_arrival,available_count>0 at panel tick nearest as_of+tmap_eta,tmap_routes
LU100685,2026-08-02 12:07:52,2026-08-02 12:23:52,2026-08-02 12:27:58,16,16.5,3.566,dongdaegu,1,1,True,target_available_at_arrival,available_count>0 at panel tick nearest as_of+tmap_eta,tmap_routes
KL001809,2026-07-31 17:35:04,2026-07-31 17:55:04,2026-07-31 17:55:07,20,19.9,3.27,dongdaegu,2,2,True,target_available_at_arrival,available_count>0 at panel tick nearest as_of+tmap_eta,tmap_routes
ME18C172,2026-08-07 17:32:38,2026-08-07 17:51:38,2026-08-07 17:52:43,19,18.7,3.773,dongdaegu,1,1,True,target_available_at_arrival,available_count>0 at panel tick nearest as_of+tmap_eta,tmap_routes
ME20C186,2026-07-28 09:59:46,2026-07-28 10:43:46,2026-07-28 10:49:55,44,44.2,22.102,dongdaegu,1,1,True,target_available_at_arrival,available_count>0 at panel tick nearest as_of+tmap_eta,tmap_routes
HW000648,2026-07-23 12:07:16,2026-07-23 12:35:16,2026-07-23 12:37:30,28,27.5,9.134,dongdaegu,1,1,True,target_available_at_arrival,available_count>0 at panel tick nearest as_of+tmap_eta,tmap_routes
CV002389,2026-08-06 02:15:46,2026-08-06 02:42:46,2026-08-06 02:45:47,27,26.9,8.258,dongdaegu,1,1,True,target_available_at_arrival,available_count>0 at panel tick nearest as_of+tmap_eta,tmap_routes
CV002279,2026-08-06 05:45:53,2026-08-06 06:03:53,2026-08-06 06:05:54,18,17.9,4.819,dongdaegu,3,2,True,target_available_at_arrival,available_count>0 at panel tick nearest as_of+tmap_eta,tmap_routes
NT101390,2026-08-07 04:31:26,2026-08-07 04:56:26,2026-08-07 05:01:27,25,24.6,9.025,dongdaegu,1,1,True,target_available_at_arrival,available_count>0 at panel tick nearest as_of+tmap_eta,tmap_routes
CV003465,2026-08-06 11:46:17,2026-08-06 12:16:17,2026-08-06 12:16:19,30,30.4,9.002,dongdaegu,1,0,False,target_available_at_arrival,available_count>0 at panel tick nearest as_of+tmap_eta,tmap_routes
PIS00551,2026-08-07 13:02:12,2026-08-07 13:27:12,2026-08-07 13:32:14,25,25.1,8.977,dongdaegu,6,6,True,target_available_at_arrival,available_count>0 at panel tick nearest as_of+tmap_eta,tmap_routes
CV004598,2026-07-26 07:27:42,2026-07-26 07:55:42,2026-07-26 07:57:52,28,27.7,5.237,dongdaegu,4,4,True,target_available_at_arrival,available_count>0 at panel tick nearest as_of+tmap_eta,tmap_routes
PI740372,2026-08-04 10:47:16,2026-08-04 11:14:16,2026-08-04 11:17:18,27,27.0,8.013,dongdaegu,2,2,True,target_available_at_arrival,available_count>0 at panel tick nearest as_of+tmap_eta,tmap_routes
KP005260,2026-08-05 04:41:07,2026-08-05 05:41:07,2026-08-05 05:41:10,60,59.8,23.596,dongdaegu,2,2,True,target_available_at_arrival,available_count>0 at panel tick nearest as_of+tmap_eta,tmap_routes
ME19E215,2026-07-24 03:42:20,2026-07-24 04:23:20,2026-07-24 04:28:02,41,41.2,10.968,dongdaegu,2,2,True,target_available_at_arrival,available_count>0 at panel tick nearest as_of+tmap_eta,tmap_routes
BE482306,2026-08-07 09:01:51,2026-08-07 09:21:51,2026-08-07 09:21:52,20,20.1,3.537,dongdaegu,7,6,True,target_available_at_arrival,available_count>0 at panel tick nearest as_of+tmap_eta,tmap_routes
ME19F412,2026-07-31 21:35:56,2026-07-31 22:29:56,2026-07-31 22:36:07,54,54.5,32.172,dongdaegu,3,3,True,target_available_at_arrival,available_count>0 at panel tick nearest as_of+tmap_eta,tmap_routes
ST272307,2026-08-02 21:39:23,2026-08-02 22:05:23,2026-08-02 22:09:26,26,25.8,8.297,dongdaegu,2,2,True,target_available_at_arrival,available_count>0 at panel tick nearest as_of+tmap_eta,tmap_routes
ST271704,2026-08-01 01:39:06,2026-08-01 02:08:06,2026-08-01 02:09:09,29,29.4,7.17,dongdaegu,1,1,True,target_available_at_arrival,available_count>0 at panel tick nearest as_of+tmap_eta,tmap_routes
HW000492,2026-07-30 02:23:08,2026-07-30 02:47:08,2026-07-30 02:53:11,24,23.9,5.958,dongdaegu,1,1,True,target_available_at_arrival,available_count>0 at panel tick nearest as_of+tmap_eta,tmap_routes
CV000814,2026-07-25 15:33:45,2026-07-25 16:03:45,2026-07-25 16:03:49,30,29.9,6.292,dongdaegu,1,1,True,target_available_at_arrival,available_count>0 at panel tick nearest as_of+tmap_eta,tmap_routes
PI202438,2026-08-02 15:48:33,2026-08-02 16:13:33,2026-08-02 16:18:38,25,24.6,6.768,dongdaegu,4,4,True,target_available_at_arrival,available_count>0 at panel tick nearest as_of+tmap_eta,tmap_routes
PW015054,2026-07-18 20:21:11,2026-07-18 20:32:11,2026-07-18 20:36:12,11,11.2,2.972,dongdaegu,1,1,True,target_available_at_arrival,available_count>0 at panel tick nearest as_of+tmap_eta,tmap_routes
EV006227,2026-07-24 20:49:27,2026-07-24 21:27:27,2026-07-24 21:29:34,38,37.6,13.391,dongdaegu,1,1,True,target_available_at_arrival,available_count>0 at panel tick nearest as_of+tmap_eta,tmap_routes
CV000616,2026-07-24 15:18:18,2026-07-24 15:42:18,2026-07-24 15:48:22,24,24.3,3.502,dongdaegu,1,1,True,target_available_at_arrival,available_count>0 at panel tick nearest as_of+tmap_eta,tmap_routes
CV001768,2026-07-28 17:32:33,2026-07-28 18:25:33,2026-07-28 18:32:58,53,53.0,25.977,dongdaegu,7,8,True,target_available_at_arrival,available_count>0 at panel tick nearest as_of+tmap_eta,tmap_routes
ME22C253,2026-07-25 17:44:06,2026-07-25 18:18:06,2026-07-25 18:24:11,34,34.5,12.074,dongdaegu,2,2,True,target_available_at_arrival,available_count>0 at panel tick nearest as_of+tmap_eta,tmap_routes
KE001062,2026-07-26 05:27:25,2026-07-26 05:56:25,2026-07-26 05:57:29,29,29.4,9.056,dongdaegu,2,2,True,target_available_at_arrival,available_count>0 at panel tick nearest as_of+tmap_eta,tmap_routes
PI740628,2026-07-26 13:18:42,2026-07-26 13:44:42,2026-07-26 13:48:45,26,26.1,8.918,dongdaegu,1,1,True,target_available_at_arrival,available_count>0 at panel tick nearest as_of+tmap_eta,tmap_routes
HE240512,2026-07-28 04:38:46,2026-07-28 05:07:46,2026-07-28 05:08:51,29,29.2,9.227,dongdaegu,4,4,True,target_available_at_arrival,available_count>0 at panel tick nearest as_of+tmap_eta,tmap_routes
CV003716,2026-07-29 13:08:31,2026-07-29 13:56:31,2026-07-29 13:58:36,48,48.1,26.925,dongdaegu,4,4,True,target_available_at_arrival,available_count>0 at panel tick nearest as_of+tmap_eta,tmap_routes
SBSB0019,2026-08-01 21:52:49,2026-08-01 22:28:49,2026-08-01 22:32:53,36,36.1,13.307,dongdaegu,1,1,True,target_available_at_arrival,available_count>0 at panel tick nearest as_of+tmap_eta,tmap_routes
CV002033,2026-07-29 21:00:01,2026-07-29 21:34:01,2026-07-29 21:40:08,34,33.9,10.471,dongdaegu,1,0,False,target_available_at_arrival,available_count>0 at panel tick nearest as_of+tmap_eta,tmap_routes
CV002155,2026-07-22 20:54:41,2026-07-22 21:44:41,2026-07-22 21:45:08,50,49.6,23.361,dongdaegu,1,1,True,target_available_at_arrival,available_count>0 at panel tick nearest as_of+tmap_eta,tmap_routes
EV008884,2026-08-04 09:57:14,2026-08-04 10:27:14,2026-08-04 10:27:15,30,29.9,10.451,dongdaegu,2,2,True,target_available_at_arrival,available_count>0 at panel tick nearest as_of+tmap_eta,tmap_routes
SF002258,2026-07-27 19:35:39,2026-07-27 19:51:39,2026-07-27 19:55:43,16,15.8,2.742,dongdaegu,1,1,True,target_available_at_arrival,available_count>0 at panel tick nearest as_of+tmap_eta,tmap_routes
KP000234,2026-07-30 09:14:34,2026-07-30 09:54:34,2026-07-30 09:54:39,40,39.9,13.48,dongdaegu,1,2,True,target_available_at_arrival,available_count>0 at panel tick nearest as_of+tmap_eta,tmap_routes
NT100596,2026-08-03 13:32:42,2026-08-03 14:01:42,2026-08-03 14:02:46,29,29.2,9.485,dongdaegu,1,1,True,target_available_at_arrival,available_count>0 at panel tick nearest as_of+tmap_eta,tmap_routes
EV004402,2026-07-22 23:25:38,2026-07-23 00:02:38,2026-07-23 00:07:26,37,37.4,11.986,dongdaegu,1,1,True,target_available_at_arrival,available_count>0 at panel tick nearest as_of+tmap_eta,tmap_routes
PC001576,2026-07-29 16:18:57,2026-07-29 17:07:57,2026-07-29 17:09:16,49,49.2,14.77,dongdaegu,3,3,True,target_available_at_arrival,available_count>0 at panel tick nearest as_of+tmap_eta,tmap_routes
CV003158,2026-08-07 11:42:06,2026-08-07 12:28:06,2026-08-07 12:32:08,46,46.5,15.819,dongdaegu,1,1,True,target_available_at_arrival,available_count>0 at panel tick nearest as_of+tmap_eta,tmap_routes
CV003122,2026-08-03 10:32:32,2026-08-03 10:51:32,2026-08-03 10:52:33,19,19.2,1.934,dongdaegu,1,1,True,target_available_at_arrival,available_count>0 at panel tick nearest as_of+tmap_eta,tmap_routes
EV005511,2026-08-01 08:19:55,2026-08-01 09:07:55,2026-08-01 09:10:06,48,47.6,13.5,dongdaegu,1,3,True,target_available_at_arrival,available_count>0 at panel tick nearest as_of+tmap_eta,tmap_routes
EO000005,2026-07-28 00:06:26,2026-07-28 00:44:26,2026-07-28 00:48:21,38,38.0,9.744,dongdaegu,1,2,True,target_available_at_arrival,available_count>0 at panel tick nearest as_of+tmap_eta,tmap_routes
PI700382,2026-08-07 13:12:12,2026-08-07 13:30:12,2026-08-07 13:32:14,18,17.7,1.24,dongdaegu,1,1,True,target_available_at_arrival,available_count>0 at panel tick nearest as_of+tmap_eta,tmap_routes
EV016325,2026-08-04 20:17:54,2026-08-04 20:32:54,2026-08-04 20:37:55,15,15.2,3.142,dongdaegu,1,1,True,target_available_at_arrival,available_count>0 at panel tick nearest as_of+tmap_eta,tmap_routes
PC000120,2026-08-05 03:21:05,2026-08-05 04:16:05,2026-08-05 04:21:07,55,55.0,24.945,dongdaegu,3,3,True,target_available_at_arrival,available_count>0 at panel tick nearest as_of+tmap_eta,tmap_routes
CV003786,2026-07-27 03:12:30,2026-07-27 03:36:30,2026-07-27 03:42:33,24,23.6,4.545,dongdaegu,10,10,True,target_available_at_arrival,available_count>0 at panel tick nearest as_of+tmap_eta,tmap_routes
CV002914,2026-08-05 04:31:07,2026-08-05 04:55:07,2026-08-05 05:01:08,24,24.4,8.623,dongdaegu,1,1,True,target_available_at_arrival,available_count>0 at panel tick nearest as_of+tmap_eta,tmap_routes
PI740374,2026-08-05 02:21:03,2026-08-05 02:48:03,2026-08-05 02:51:04,27,27.0,8.019,dongdaegu,2,2,True,target_available_at_arrival,available_count>0 at panel tick nearest as_of+tmap_eta,tmap_routes
EV006497,2026-07-31 04:31:20,2026-07-31 05:10:20,2026-07-31 05:11:24,39,39.0,10.915,dongdaegu,3,3,True,target_available_at_arrival,available_count>0 at panel tick nearest as_of+tmap_eta,tmap_routes
HM000698,2026-07-30 01:53:05,2026-07-30 02:51:05,2026-07-30 02:53:11,58,58.5,38.332,dongdaegu,1,1,True,target_available_at_arrival,available_count>0 at panel tick nearest as_of+tmap_eta,tmap_routes
KP004798,2026-08-07 22:53:22,2026-08-07 23:00:22,2026-08-07 23:03:22,7,7.4,1.273,dongdaegu,2,2,True,target_available_at_arrival,available_count>0 at panel tick nearest as_of+tmap_eta,tmap_routes
CV000547,2026-07-24 14:38:07,2026-07-24 14:57:07,2026-07-24 14:58:15,19,18.8,4.043,dongdaegu,1,1,True,target_available_at_arrival,available_count>0 at panel tick nearest as_of+tmap_eta,tmap_routes
PI740140,2026-07-26 20:19:40,2026-07-26 20:49:40,2026-07-26 20:49:44,30,30.1,9.429,dongdaegu,1,1,True,target_available_at_arrival,available_count>0 at panel tick nearest as_of+tmap_eta,tmap_routes
CV003428,2026-07-28 11:20:07,2026-07-28 11:39:07,2026-07-28 11:40:18,19,18.9,3.756,dongdaegu,1,1,True,target_available_at_arrival,available_count>0 at panel tick nearest as_of+tmap_eta,tmap_routes
ME18C171,2026-07-30 08:04:17,2026-07-30 08:28:17,2026-07-30 08:34:22,24,23.6,4.864,dongdaegu,1,1,True,target_available_at_arrival,available_count>0 at panel tick nearest as_of+tmap_eta,tmap_routes
CV000567,2026-08-02 23:19:32,2026-08-02 23:48:32,2026-08-02 23:49:33,29,28.6,4.444,dongdaegu,1,1,True,target_available_at_arrival,available_count>0 at panel tick nearest as_of+tmap_eta,tmap_routes
EV005964,2026-08-06 12:46:20,2026-08-06 13:31:20,2026-08-06 13:36:25,45,44.7,15.164,dongdaegu,2,2,True,target_available_at_arrival,available_count>0 at panel tick nearest as_of+tmap_eta,tmap_routes
CV004104,2026-08-04 21:58:03,2026-08-04 22:17:03,2026-08-04 22:18:05,19,19.3,7.318,dongdaegu,14,14,True,target_available_at_arrival,available_count>0 at panel tick nearest as_of+tmap_eta,tmap_routes
PW000296,2026-08-03 20:53:57,2026-08-03 21:11:57,2026-08-03 21:13:58,18,18.3,4.495,dongdaegu,1,1,True,target_available_at_arrival,available_count>0 at panel tick nearest as_of+tmap_eta,tmap_routes
CV003123,2026-07-22 17:31:23,2026-07-22 17:39:23,2026-07-22 17:41:25,8,8.5,0.332,dongdaegu,1,2,True,target_available_at_arrival,available_count>0 at panel tick nearest as_of+tmap_eta,tmap_routes
CV000513,2026-08-04 03:06:51,2026-08-04 03:29:51,2026-08-04 03:36:52,23,22.8,3.906,dongdaegu,1,1,True,target_available_at_arrival,available_count>0 at panel tick nearest as_of+tmap_eta,tmap_routes
CV000667,2026-08-06 16:26:38,2026-08-06 17:11:38,2026-08-06 17:16:41,45,45.4,18.244,dongdaegu,1,1,True,target_available_at_arrival,available_count>0 at panel tick nearest as_of+tmap_eta,tmap_routes
PC000552,2026-08-01 11:30:40,2026-08-01 11:45:40,2026-08-01 11:50:42,15,14.8,2.52,dongdaegu,1,1,True,target_available_at_arrival,available_count>0 at panel tick nearest as_of+tmap_eta,tmap_routes
PIS00528,2026-07-23 03:28:17,2026-07-23 03:39:17,2026-07-23 03:43:21,11,11.2,1.491,dongdaegu,1,1,True,target_available_at_arrival,available_count>0 at panel tick nearest as_of+tmap_eta,tmap_routes
ME18C229,2026-07-21 10:11:03,2026-07-21 11:04:03,2026-07-21 11:11:21,53,52.9,43.083,dongdaegu,1,2,True,target_available_at_arrival,available_count>0 at panel tick nearest as_of+tmap_eta,tmap_routes
KP003780,2026-07-31 16:34:51,2026-07-31 17:11:51,2026-07-31 17:15:00,37,37.2,9.349,dongdaegu,1,1,True,target_available_at_arrival,available_count>0 at panel tick nearest as_of+tmap_eta,tmap_routes
DYME2012,2026-07-30 10:34:53,2026-07-30 11:10:53,2026-07-30 11:15:12,36,36.5,7.491,dongdaegu,1,1,True,target_available_at_arrival,available_count>0 at panel tick nearest as_of+tmap_eta,tmap_routes
PC000159,2026-07-27 18:35:20,2026-07-27 19:25:20,2026-07-27 19:25:37,50,49.6,14.896,dongdaegu,1,0,False,target_available_at_arrival,available_count>0 at panel tick nearest as_of+tmap_eta,tmap_routes
SF001858,2026-08-05 21:22:25,2026-08-05 21:46:25,2026-08-05 21:52:26,24,23.6,4.76,dongdaegu,5,5,True,target_available_at_arrival,available_count>0 at panel tick nearest as_of+tmap_eta,tmap_routes
CV000149,2026-08-05 08:11:19,2026-08-05 08:48:19,2026-08-05 08:51:21,37,36.7,13.425,dongdaegu,1,1,True,target_available_at_arrival,available_count>0 at panel tick nearest as_of+tmap_eta,tmap_routes
HE240187,2026-08-07 04:41:26,2026-08-07 05:07:26,2026-08-07 05:11:28,26,26.1,6.661,dongdaegu,4,4,True,target_available_at_arrival,available_count>0 at panel tick nearest as_of+tmap_eta,tmap_routes
PIH01792,2026-07-20 16:35:52,2026-07-20 16:45:52,2026-07-20 16:45:52,10,10.1,0.893,dongdaegu,3,2,True,target_available_at_arrival,available_count>0 at panel tick nearest as_of+tmap_eta,tmap_routes
ST600537,2026-07-29 15:58:52,2026-07-29 16:33:52,2026-07-29 16:39:06,35,35.3,8.786,dongdaegu,3,3,True,target_available_at_arrival,available_count>0 at panel tick nearest as_of+tmap_eta,tmap_routes
PI763257,2026-08-07 11:12:04,2026-08-07 11:31:04,2026-08-07 11:32:05,19,19.3,6.215,dongdaegu,1,1,True,target_available_at_arrival,available_count>0 at panel tick nearest as_of+tmap_eta,tmap_routes
KE001402,2026-08-02 22:59:31,2026-08-02 23:19:31,2026-08-02 23:19:32,20,20.4,3.742,dongdaegu,1,1,True,target_available_at_arrival,available_count>0 at panel tick nearest as_of+tmap_eta,tmap_routes
DC530015,2026-08-05 02:51:04,2026-08-05 03:38:04,2026-08-05 03:41:05,47,46.8,9.409,dongdaegu,1,1,True,target_available_at_arrival,available_count>0 at panel tick nearest as_of+tmap_eta,tmap_routes
CV001002,2026-07-26 02:27:02,2026-07-26 02:45:02,2026-07-26 02:47:04,18,17.5,3.402,dongdaegu,2,2,True,target_available_at_arrival,available_count>0 at panel tick nearest as_of+tmap_eta,tmap_routes
PI752996,2026-08-03 19:03:50,2026-08-03 19:23:50,2026-08-03 19:23:52,20,19.7,3.143,dongdaegu,1,1,True,target_available_at_arrival,available_count>0 at panel tick nearest as_of+tmap_eta,tmap_routes
NT101295,2026-07-28 12:00:20,2026-07-28 12:17:20,2026-07-28 12:20:36,17,17.2,6.908,dongdaegu,1,1,True,target_available_at_arrival,available_count>0 at panel tick nearest as_of+tmap_eta,tmap_routes
EV005267,2026-08-04 20:07:54,2026-08-04 20:37:54,2026-08-04 20:37:55,30,29.6,10.5,dongdaegu,1,0,False,target_available_at_arrival,available_count>0 at panel tick nearest as_of+tmap_eta,tmap_routes
CV000813,2026-07-21 14:42:18,2026-07-21 15:02:18,2026-07-21 15:02:20,20,20.0,2.739,dongdaegu,1,1,True,target_available_at_arrival,available_count>0 at panel tick nearest as_of+tmap_eta,tmap_routes
EC004338,2026-08-06 11:56:18,2026-08-06 12:30:18,2026-08-06 12:36:20,34,34.1,11.583,dongdaegu,4,4,True,target_available_at_arrival,available_count>0 at panel tick nearest as_of+tmap_eta,tmap_routes
ST277201,2026-07-26 10:48:19,2026-07-26 11:42:19,2026-07-26 11:48:31,54,53.7,43.013,dongdaegu,2,2,True,target_available_at_arrival,available_count>0 at panel tick nearest as_of+tmap_eta,tmap_routes
CV000103,2026-08-07 02:51:21,2026-08-07 03:19:21,2026-08-07 03:21:22,28,28.4,9.288,dongdaegu,1,1,True,target_available_at_arrival,available_count>0 at panel tick nearest as_of+tmap_eta,tmap_routes
ST271708,2026-07-27 19:25:37,2026-07-27 19:53:37,2026-07-27 19:55:43,28,27.9,6.624,dongdaegu,5,5,True,target_available_at_arrival,available_count>0 at panel tick nearest as_of+tmap_eta,tmap_routes
PI740252,2026-08-07 15:22:28,2026-08-07 15:46:28,2026-08-07 15:52:32,24,24.0,5.429,dongdaegu,2,2,True,target_available_at_arrival,available_count>0 at panel tick nearest as_of+tmap_eta,tmap_routes
ME24A243,2026-07-23 12:52:33,2026-07-23 13:46:33,2026-07-23 13:47:50,54,54.0,40.6,dongdaegu,2,2,True,target_available_at_arrival,available_count>0 at panel tick nearest as_of+tmap_eta,tmap_routes
HY000979,2026-07-28 20:33:20,2026-07-28 20:47:20,2026-07-28 20:53:22,14,14.0,2.863,dongdaegu,1,1,True,target_available_at_arrival,available_count>0 at panel tick nearest as_of+tmap_eta,tmap_routes
CV000985,2026-07-17 16:54:42,2026-07-17 17:39:42,2026-07-17 17:39:44,45,44.6,13.107,dongdaegu,2,2,True,target_available_at_arrival,available_count>0 at panel tick nearest as_of+tmap_eta,tmap_routes
CV001242,2026-08-07 02:31:20,2026-08-07 03:10:20,2026-08-07 03:11:21,39,38.9,13.135,dongdaegu,5,5,True,target_available_at_arrival,available_count>0 at panel tick nearest as_of+tmap_eta,tmap_routes
SF003268,2026-08-01 22:12:51,2026-08-01 22:30:51,2026-08-01 22:32:53,18,17.6,3.734,dongdaegu,1,1,True,target_available_at_arrival,available_count>0 at panel tick nearest as_of+tmap_eta,tmap_routes
ME22C1A1,2026-08-06 21:27:12,2026-08-06 22:13:12,2026-08-06 22:17:15,46,46.4,10.157,dongdaegu,1,1,True,target_available_at_arrival,available_count>0 at panel tick nearest as_of+tmap_eta,tmap_routes
DC530001,2026-08-08 03:17:14,2026-08-08 03:53:14,2026-08-08 03:57:17,36,35.9,10.361,dongdaegu,5,5,True,target_available_at_arrival,available_count>0 at panel tick nearest as_of+tmap_eta,tmap_routes
EV000669,2026-07-31 06:51:46,2026-07-31 07:16:46,2026-07-31 07:22:02,25,25.1,7.002,dongdaegu,3,3,True,target_available_at_arrival,available_count>0 at panel tick nearest as_of+tmap_eta,tmap_routes
SF003055,2026-08-02 09:47:28,2026-08-02 10:01:28,2026-08-02 10:07:33,14,14.1,3.101,dongdaegu,2,2,True,target_available_at_arrival,available_count>0 at panel tick nearest as_of+tmap_eta,tmap_routes
EV005349,2026-07-21 15:12:22,2026-07-21 15:51:22,2026-07-21 15:52:34,39,39.3,12.559,dongdaegu,4,3,True,target_available_at_arrival,available_count>0 at panel tick nearest as_of+tmap_eta,tmap_routes
ME19E161,2026-08-03 20:33:56,2026-08-03 20:52:56,2026-08-03 20:53:57,19,18.7,1.98,dongdaegu,1,1,True,target_available_at_arrival,available_count>0 at panel tick nearest as_of+tmap_eta,tmap_routes
HE192131,2026-08-03 04:52:06,2026-08-03 05:10:06,2026-08-03 05:12:07,18,17.5,2.483,dongdaegu,2,2,True,target_available_at_arrival,available_count>0 at panel tick nearest as_of+tmap_eta,tmap_routes
CV000165,2026-08-08 05:47:23,2026-08-08 06:03:23,2026-08-08 06:07:24,16,15.7,2.135,dongdaegu,5,6,True,target_available_at_arrival,available_count>0 at panel tick nearest as_of+tmap_eta,tmap_routes
CV000783,2026-08-07 09:41:53,2026-08-07 10:11:53,2026-08-07 10:11:57,30,30.1,9.004,dongdaegu,2,2,True,target_available_at_arrival,available_count>0 at panel tick nearest as_of+tmap_eta,tmap_routes
CV002253,2026-08-03 02:42:00,2026-08-03 03:28:00,2026-08-03 03:32:03,46,46.0,21.152,dongdaegu,16,16,True,target_available_at_arrival,available_count>0 at panel tick nearest as_of+tmap_eta,tmap_routes
EV006617,2026-07-30 14:46:08,2026-07-30 15:24:08,2026-07-30 15:26:37,38,37.6,13.391,dongdaegu,2,2,True,target_available_at_arrival,available_count>0 at panel tick nearest as_of+tmap_eta,tmap_routes
KL002465,2026-08-08 00:03:25,2026-08-08 00:35:25,2026-08-08 00:37:04,32,31.9,8.764,dongdaegu,13,13,True,target_available_at_arrival,available_count>0 at panel tick nearest as_of+tmap_eta,tmap_routes
DC530025,2026-07-28 19:03:03,2026-07-28 19:22:03,2026-07-28 19:23:10,19,18.8,3.852,dongdaegu,3,3,True,target_available_at_arrival,available_count>0 at panel tick nearest as_of+tmap_eta,tmap_routes
PI740284,2026-08-04 00:46:42,2026-08-04 01:09:42,2026-08-04 01:16:43,23,23.2,6.235,dongdaegu,1,1,True,target_available_at_arrival,available_count>0 at panel tick nearest as_of+tmap_eta,tmap_routes
EV008719,2026-08-01 05:49:29,2026-08-01 06:18:29,2026-08-01 06:19:35,29,29.2,8.45,dongdaegu,2,2,True,target_available_at_arrival,available_count>0 at panel tick nearest as_of+tmap_eta,tmap_routes
CV002163,2026-08-03 02:11:59,2026-08-03 02:38:59,2026-08-03 02:42:00,27,26.6,6.988,dongdaegu,8,7,True,target_available_at_arrival,available_count>0 at panel tick nearest as_of+tmap_eta,tmap_routes
CV002471,2026-07-26 17:49:19,2026-07-26 18:07:19,2026-07-26 18:09:22,18,18.0,2.552,dongdaegu,3,3,True,target_available_at_arrival,available_count>0 at panel tick nearest as_of+tmap_eta,tmap_routes
EV012379,2026-07-30 10:55:00,2026-07-30 11:22:00,2026-07-30 11:25:13,27,27.3,8.408,dongdaegu,5,5,True,target_available_at_arrival,available_count>0 at panel tick nearest as_of+tmap_eta,tmap_routes
EC005054,2026-08-04 23:38:08,2026-08-04 23:58:08,2026-08-04 23:58:09,20,20.0,3.423,dongdaegu,2,2,True,target_available_at_arrival,available_count>0 at panel tick nearest as_of+tmap_eta,tmap_routes
CV001241,2026-07-24 08:09:21,2026-07-24 08:31:21,2026-07-24 08:36:56,22,22.0,3.71,dongdaegu,1,1,True,target_available_at_arrival,available_count>0 at panel tick nearest as_of+tmap_eta,tmap_routes
CV000783,2026-07-30 16:46:47,2026-07-30 17:16:47,2026-07-30 17:17:00,30,30.1,9.004,dongdaegu,1,0,False,target_available_at_arrival,available_count>0 at panel tick nearest as_of+tmap_eta,tmap_routes
PI740280,2026-07-27 21:56:10,2026-07-27 22:19:10,2026-07-27 22:26:13,23,23.1,6.214,dongdaegu,1,1,True,target_available_at_arrival,available_count>0 at panel tick nearest as_of+tmap_eta,tmap_routes
EV005710,2026-08-07 01:31:18,2026-08-07 02:06:18,2026-08-07 02:11:19,35,34.8,9.721,dongdaegu,3,3,True,target_available_at_arrival,available_count>0 at panel tick nearest as_of+tmap_eta,tmap_routes
CV000510,2026-07-30 14:46:08,2026-07-30 15:03:08,2026-07-30 15:06:25,17,16.9,3.721,dongdaegu,3,3,True,target_available_at_arrival,available_count>0 at panel tick nearest as_of+tmap_eta,tmap_routes
ME183053,2026-07-29 06:47:09,2026-07-29 07:24:09,2026-07-29 07:27:19,37,36.9,10.152,dongdaegu,1,1,True,target_available_at_arrival,available_count>0 at panel tick nearest as_of+tmap_eta,tmap_routes
ST601097,2026-08-05 22:12:27,2026-08-05 22:38:27,2026-08-05 22:42:29,26,25.5,5.493,dongdaegu,2,2,True,target_available_at_arrival,available_count>0 at panel tick nearest as_of+tmap_eta,tmap_routes
PIS00565,2026-07-29 05:26:52,2026-07-29 05:50:52,2026-07-29 05:56:57,24,24.1,9.01,dongdaegu,6,6,True,target_available_at_arrival,available_count>0 at panel tick nearest as_of+tmap_eta,tmap_routes
LU002535,2026-08-06 16:26:38,2026-08-06 16:54:38,2026-08-06 16:56:40,28,28.4,10.33,dongdaegu,1,2,True,target_available_at_arrival,available_count>0 at panel tick nearest as_of+tmap_eta,tmap_routes
DC530029,2026-08-04 17:27:43,2026-08-04 18:12:43,2026-08-04 18:17:46,45,44.9,12.015,dongdaegu,5,4,True,target_available_at_arrival,available_count>0 at panel tick nearest as_of+tmap_eta,tmap_routes
CV000952,2026-07-20 17:15:53,2026-07-20 17:27:53,2026-07-20 17:30:54,12,12.2,0.899,dongdaegu,1,1,True,target_available_at_arrival,available_count>0 at panel tick nearest as_of+tmap_eta,tmap_routes
EV000669,2026-08-03 16:32:57,2026-08-03 16:57:57,2026-08-03 17:02:59,25,25.1,7.002,dongdaegu,2,2,True,target_available_at_arrival,available_count>0 at panel tick nearest as_of+tmap_eta,tmap_routes
CV001113,2026-07-25 14:44:59,2026-07-25 15:16:59,2026-07-25 15:23:39,32,31.7,8.852,dongdaegu,1,1,True,target_available_at_arrival,available_count>0 at panel tick nearest as_of+tmap_eta,tmap_routes
EV006187,2026-08-01 15:21:33,2026-08-01 15:54:33,2026-08-01 16:01:38,33,32.7,9.315,dongdaegu,1,1,True,target_available_at_arrival,available_count>0 at panel tick nearest as_of+tmap_eta,tmap_routes
CV001496,2026-08-06 09:26:10,2026-08-06 10:02:10,2026-08-06 10:06:12,36,35.9,10.455,dongdaegu,1,1,True,target_available_at_arrival,available_count>0 at panel tick nearest as_of+tmap_eta,tmap_routes
CV003123,2026-07-31 16:14:42,2026-07-31 16:22:42,2026-07-31 16:24:46,8,8.5,0.332,dongdaegu,1,1,True,target_available_at_arrival,available_count>0 at panel tick nearest as_of+tmap_eta,tmap_routes
CV004690,2026-08-04 14:57:33,2026-08-04 15:45:33,2026-08-04 15:47:36,48,47.5,12.082,dongdaegu,6,7,True,target_available_at_arrival,available_count>0 at panel tick nearest as_of+tmap_eta,tmap_routes
EV005432,2026-08-01 10:00:18,2026-08-01 10:39:18,2026-08-01 10:40:31,39,39.4,9.3,dongdaegu,3,3,True,target_available_at_arrival,available_count>0 at panel tick nearest as_of+tmap_eta,tmap_routes
PIH01900,2026-07-28 07:39:13,2026-07-28 07:54:13,2026-07-28 07:59:18,15,15.4,2.819,dongdaegu,1,1,True,target_available_at_arrival,available_count>0 at panel tick nearest as_of+tmap_eta,tmap_routes
CV000981,2026-08-08 02:27:12,2026-08-08 02:52:12,2026-08-08 02:57:13,25,25.3,6.225,dongdaegu,1,1,True,target_available_at_arrival,available_count>0 at panel tick nearest as_of+tmap_eta,tmap_routes
SF001285,2026-07-24 06:23:41,2026-07-24 07:07:41,2026-07-24 07:08:58,44,44.5,9.471,dongdaegu,1,1,True,target_available_at_arrival,available_count>0 at panel tick nearest as_of+tmap_eta,tmap_routes
ST272920,2026-07-18 16:20:47,2026-07-18 16:50:47,2026-07-18 16:50:49,30,30.1,11.05,dongdaegu,2,2,True,target_available_at_arrival,available_count>0 at panel tick nearest as_of+tmap_eta,tmap_routes
EC270008,2026-08-05 02:31:03,2026-08-05 03:26:03,2026-08-05 03:31:05,55,55.4,17.317,dongdaegu,5,5,True,target_available_at_arrival,available_count>0 at panel tick nearest as_of+tmap_eta,tmap_routes
PI764798,2026-08-08 09:57:38,2026-08-08 10:20:38,2026-08-08 10:27:43,23,22.6,6.222,dongdaegu,2,2,True,target_available_at_arrival,available_count>0 at panel tick nearest as_of+tmap_eta,tmap_routes
ME24A243,2026-07-29 10:18:04,2026-07-29 11:12:04,2026-07-29 11:18:12,54,54.0,40.6,dongdaegu,2,2,True,target_available_at_arrival,available_count>0 at panel tick nearest as_of+tmap_eta,tmap_routes
CV000991,2026-08-02 00:46:00,2026-08-02 01:10:00,2026-08-02 01:16:03,24,23.5,6.811,dongdaegu,2,2,True,target_available_at_arrival,available_count>0 at panel tick nearest as_of+tmap_eta,tmap_routes
EV008138,2026-08-04 10:07:14,2026-08-04 10:27:14,2026-08-04 10:27:15,20,19.9,1.724,dongdaegu,3,3,True,target_available_at_arrival,available_count>0 at panel tick nearest as_of+tmap_eta,tmap_routes
CV001701,2026-07-30 11:05:01,2026-07-30 11:30:01,2026-07-30 11:35:14,25,24.7,2.572,dongdaegu,1,1,True,target_available_at_arrival,available_count>0 at panel tick nearest as_of+tmap_eta,tmap_routes
PC000330,2026-07-23 08:40:06,2026-07-23 08:54:06,2026-07-23 08:55:20,14,14.4,0.498,dongdaegu,2,2,True,target_available_at_arrival,available_count>0 at panel tick nearest as_of+tmap_eta,tmap_routes
SF002258,2026-08-03 05:02:06,2026-08-03 05:18:06,2026-08-03 05:22:07,16,15.8,2.742,dongdaegu,1,1,True,target_available_at_arrival,available_count>0 at panel tick nearest as_of+tmap_eta,tmap_routes
PI530307,2026-08-05 15:21:54,2026-08-05 15:46:54,2026-08-05 15:51:56,25,24.8,6.538,dongdaegu,1,1,True,target_available_at_arrival,available_count>0 at panel tick nearest as_of+tmap_eta,tmap_routes
JA270008,2026-08-03 03:52:04,2026-08-03 04:12:04,2026-08-03 04:12:04,20,20.5,4.637,dongdaegu,17,17,True,target_available_at_arrival,available_count>0 at panel tick nearest as_of+tmap_eta,tmap_routes
CV004339,2026-07-24 21:19:33,2026-07-24 21:45:33,2026-07-24 21:49:37,26,26.2,7.956,dongdaegu,1,2,True,target_available_at_arrival,available_count>0 at panel tick nearest as_of+tmap_eta,tmap_routes
CV000557,2026-08-01 23:12:58,2026-08-01 23:36:58,2026-08-01 23:43:01,24,24.4,5.378,dongdaegu,1,1,True,target_available_at_arrival,available_count>0 at panel tick nearest as_of+tmap_eta,tmap_routes
ME183054,2026-07-31 00:20:43,2026-07-31 01:13:43,2026-07-31 01:20:49,53,53.0,31.309,dongdaegu,1,1,True,target_available_at_arrival,available_count>0 at panel tick nearest as_of+tmap_eta,tmap_routes
CV004464,2026-07-31 06:11:39,2026-07-31 06:35:39,2026-07-31 06:41:45,24,23.7,8.761,dongdaegu,4,4,True,target_available_at_arrival,available_count>0 at panel tick nearest as_of+tmap_eta,tmap_routes
ME19E217,2026-07-25 08:16:38,2026-07-25 08:43:38,2026-07-25 08:43:41,27,26.8,6.823,dongdaegu,2,2,True,target_available_at_arrival,available_count>0 at panel tick nearest as_of+tmap_eta,tmap_routes
EC270008,2026-08-03 14:02:46,2026-08-03 14:57:46,2026-08-03 15:02:49,55,55.4,17.317,dongdaegu,5,4,True,target_available_at_arrival,available_count>0 at panel tick nearest as_of+tmap_eta,tmap_routes
LU003651,2026-08-04 05:46:57,2026-08-04 06:43:57,2026-08-04 06:46:59,57,57.2,26.562,dongdaegu,5,5,True,target_available_at_arrival,available_count>0 at panel tick nearest as_of+tmap_eta,tmap_routes
CV002181,2026-07-26 04:27:18,2026-07-26 05:03:18,2026-07-26 05:07:22,36,35.9,10.517,dongdaegu,4,4,True,target_available_at_arrival,available_count>0 at panel tick nearest as_of+tmap_eta,tmap_routes
PI740437,2026-07-24 16:38:28,2026-07-24 17:16:28,2026-07-24 17:18:35,38,37.5,11.182,dongdaegu,2,2,True,target_available_at_arrival,available_count>0 at panel tick nearest as_of+tmap_eta,tmap_routes
LU002360,2026-07-27 16:14:54,2026-07-27 16:51:54,2026-07-27 16:55:02,37,37.4,13.555,dongdaegu,1,1,True,target_available_at_arrival,available_count>0 at panel tick nearest as_of+tmap_eta,tmap_routes
PI530303,2026-08-03 06:02:11,2026-08-03 06:28:11,2026-08-03 06:32:12,26,25.5,6.41,dongdaegu,9,9,True,target_available_at_arrival,available_count>0 at panel tick nearest as_of+tmap_eta,tmap_routes
HW000501,2026-08-05 02:31:03,2026-08-05 02:49:03,2026-08-05 02:51:04,18,17.9,3.428,dongdaegu,4,4,True,target_available_at_arrival,available_count>0 at panel tick nearest as_of+tmap_eta,tmap_routes
ME183144,2026-07-22 23:15:35,2026-07-23 00:11:35,2026-07-23 00:12:27,56,56.2,27.909,dongdaegu,3,3,True,target_available_at_arrival,available_count>0 at panel tick nearest as_of+tmap_eta,tmap_routes
SF002642,2026-07-24 17:48:46,2026-07-24 18:02:46,2026-07-24 18:08:51,14,13.8,2.135,dongdaegu,1,1,True,target_available_at_arrival,available_count>0 at panel tick nearest as_of+tmap_eta,tmap_routes
PW000293,2026-07-31 15:13:20,2026-07-31 15:28:20,2026-07-31 15:33:23,15,14.7,1.056,dongdaegu,1,1,True,target_available_at_arrival,available_count>0 at panel tick nearest as_of+tmap_eta,tmap_routes
ME19D216,2026-07-30 12:25:20,2026-07-30 12:48:20,2026-07-30 12:55:25,23,22.9,4.76,dongdaegu,2,2,True,target_available_at_arrival,available_count>0 at panel tick nearest as_of+tmap_eta,tmap_routes
ME25C278,2026-07-31 02:10:54,2026-07-31 02:28:54,2026-07-31 02:30:56,18,18.5,3.795,dongdaegu,2,2,True,target_available_at_arrival,available_count>0 at panel tick nearest as_of+tmap_eta,tmap_routes
KP005267,2026-08-05 09:11:23,2026-08-05 09:31:23,2026-08-05 09:31:24,20,19.9,3.393,dongdaegu,1,1,True,target_available_at_arrival,available_count>0 at panel tick nearest as_of+tmap_eta,tmap_routes
CV002951,2026-08-06 15:56:36,2026-08-06 16:46:36,2026-08-06 16:46:39,50,49.6,39.256,dongdaegu,2,2,True,target_available_at_arrival,available_count>0 at panel tick nearest as_of+tmap_eta,tmap_routes
PIS00555,2026-08-01 04:49:24,2026-08-01 05:07:24,2026-08-01 05:09:26,18,17.9,1.225,dongdaegu,3,3,True,target_available_at_arrival,available_count>0 at panel tick nearest as_of+tmap_eta,tmap_routes
PC001162,2026-08-05 20:12:21,2026-08-05 21:10:21,2026-08-05 21:12:24,58,57.5,26.099,dongdaegu,1,1,True,target_available_at_arrival,available_count>0 at panel tick nearest as_of+tmap_eta,tmap_routes
CV001496,2026-08-01 05:49:29,2026-08-01 06:25:29,2026-08-01 06:29:39,36,35.9,10.455,dongdaegu,2,2,True,target_available_at_arrival,available_count>0 at panel tick nearest as_of+tmap_eta,tmap_routes
ME183055,2026-08-02 18:18:53,2026-08-02 18:58:53,2026-08-02 18:58:59,40,40.0,13.395,dongdaegu,1,1,True,target_available_at_arrival,available_count>0 at panel tick nearest as_of+tmap_eta,tmap_routes
ME25C167,2026-08-02 01:06:02,2026-08-02 01:52:02,2026-08-02 01:56:15,46,45.9,9.64,dongdaegu,1,1,True,target_available_at_arrival,available_count>0 at panel tick nearest as_of+tmap_eta,tmap_routes
CV001464,2026-07-20 10:44:49,2026-07-20 11:10:49,2026-07-20 11:14:54,26,26.3,7.512,dongdaegu,1,1,True,target_available_at_arrival,available_count>0 at panel tick nearest as_of+tmap_eta,tmap_routes
CV001580,2026-07-25 20:14:28,2026-07-25 20:34:28,2026-07-25 20:34:31,20,19.6,3.217,dongdaegu,2,2,True,target_available_at_arrival,available_count>0 at panel tick nearest as_of+tmap_eta,tmap_routes
SF002922,2026-08-08 00:57:04,2026-08-08 01:13:04,2026-08-08 01:17:05,16,15.8,2.058,dongdaegu,2,2,True,target_available_at_arrival,available_count>0 at panel tick nearest as_of+tmap_eta,tmap_routes
CV000831,2026-08-06 10:36:13,2026-08-06 10:46:13,2026-08-06 10:46:14,10,9.9,0.571,dongdaegu,2,2,True,target_available_at_arrival,available_count>0 at panel tick nearest as_of+tmap_eta,tmap_routes
PI770811,2026-08-05 20:02:20,2026-08-05 20:22:20,2026-08-05 20:22:21,20,19.5,3.036,dongdaegu,1,1,True,target_available_at_arrival,available_count>0 at panel tick nearest as_of+tmap_eta,tmap_routes
PIS00567,2026-07-25 16:53:59,2026-07-25 17:07:59,2026-07-25 17:14:01,14,14.4,5.298,dongdaegu,1,1,True,target_available_at_arrival,available_count>0 at panel tick nearest as_of+tmap_eta,tmap_routes
ST601139,2026-07-28 03:18:35,2026-07-28 03:45:35,2026-07-28 03:48:39,27,27.2,4.663,dongdaegu,3,3,True,target_available_at_arrival,available_count>0 at panel tick nearest as_of+tmap_eta,tmap_routes
LU001880,2026-07-30 19:47:37,2026-07-30 20:17:37,2026-07-30 20:17:42,30,30.2,9.246,dongdaegu,2,1,True,target_available_at_arrival,available_count>0 at panel tick nearest as_of+tmap_eta,tmap_routes
NT101295,2026-08-01 19:42:24,2026-08-01 19:59:24,2026-08-01 20:02:28,17,17.2,6.908,dongdaegu,1,1,True,target_available_at_arrival,available_count>0 at panel tick nearest as_of+tmap_eta,tmap_routes
CV002189,2026-08-06 16:06:37,2026-08-06 16:12:37,2026-08-06 16:16:38,6,6.2,0.869,dongdaegu,1,1,True,target_available_at_arrival,available_count>0 at panel tick nearest as_of+tmap_eta,tmap_routes
HE240485,2026-07-29 16:28:58,2026-07-29 16:58:58,2026-07-29 16:59:14,30,29.7,8.57,dongdaegu,3,3,True,target_available_at_arrival,available_count>0 at panel tick nearest as_of+tmap_eta,tmap_routes
EV005518,2026-07-23 14:43:03,2026-07-23 15:34:03,2026-07-23 15:38:30,51,51.0,13.366,dongdaegu,1,0,False,target_available_at_arrival,available_count>0 at panel tick nearest as_of+tmap_eta,tmap_routes
CV002163,2026-07-26 15:59:05,2026-07-26 16:26:05,2026-07-26 16:29:08,27,26.6,6.988,dongdaegu,4,5,True,target_available_at_arrival,available_count>0 at panel tick nearest as_of+tmap_eta,tmap_routes
PI530292,2026-07-28 08:49:35,2026-07-28 09:02:35,2026-07-28 09:09:38,13,13.1,3.081,dongdaegu,4,4,True,target_available_at_arrival,available_count>0 at panel tick nearest as_of+tmap_eta,tmap_routes
CV003066,2026-07-27 00:00:08,2026-07-27 00:40:08,2026-07-27 00:42:18,40,39.9,11.512,dongdaegu,1,1,True,target_available_at_arrival,available_count>0 at panel tick nearest as_of+tmap_eta,tmap_routes
NS850022,2026-07-26 03:47:14,2026-07-26 04:04:14,2026-07-26 04:07:16,17,17.3,3.455,dongdaegu,1,1,True,target_available_at_arrival,available_count>0 at panel tick nearest as_of+tmap_eta,tmap_routes
BNBN1092,2026-07-30 18:07:09,2026-07-30 19:02:09,2026-07-30 19:07:31,55,55.2,26.589,dongdaegu,8,7,True,target_available_at_arrival,available_count>0 at panel tick nearest as_of+tmap_eta,tmap_routes
ME19F412,2026-07-27 16:14:54,2026-07-27 17:08:54,2026-07-27 17:15:05,54,54.5,32.172,dongdaegu,1,2,True,target_available_at_arrival,available_count>0 at panel tick nearest as_of+tmap_eta,tmap_routes
CSCS1024,2026-07-31 16:44:52,2026-07-31 17:07:52,2026-07-31 17:15:00,23,23.3,4.109,dongdaegu,1,1,True,target_available_at_arrival,available_count>0 at panel tick nearest as_of+tmap_eta,tmap_routes
ME183068,2026-07-18 07:50:12,2026-07-18 08:14:12,2026-07-18 08:20:17,24,23.9,7.001,dongdaegu,1,1,True,target_available_at_arrival,available_count>0 at panel tick nearest as_of+tmap_eta,tmap_routes
CV001462,2026-07-26 00:46:50,2026-07-26 01:10:50,2026-07-26 01:16:55,24,23.7,5.26,dongdaegu,1,1,True,target_available_at_arrival,available_count>0 at panel tick nearest as_of+tmap_eta,tmap_routes
ME22D254,2026-08-07 17:22:37,2026-08-07 18:08:37,2026-08-07 18:12:44,46,46.2,13.899,dongdaegu,2,2,True,target_available_at_arrival,available_count>0 at panel tick nearest as_of+tmap_eta,tmap_routes
CV000500,2026-07-24 04:58:11,2026-07-24 05:39:11,2026-07-24 05:43:22,41,40.9,13.759,dongdaegu,1,1,True,target_available_at_arrival,available_count>0 at panel tick nearest as_of+tmap_eta,tmap_routes
TDP00009,2026-07-23 07:54:38,2026-07-23 08:15:38,2026-07-23 08:19:50,21,21.2,3.191,dongdaegu,1,0,False,target_available_at_arrival,available_count>0 at panel tick nearest as_of+tmap_eta,tmap_routes
CV000814,2026-07-29 06:57:11,2026-07-29 07:27:11,2026-07-29 07:27:19,30,29.9,6.292,dongdaegu,1,1,True,target_available_at_arrival,available_count>0 at panel tick nearest as_of+tmap_eta,tmap_routes
PIS00567,2026-07-25 16:03:49,2026-07-25 16:17:49,2026-07-25 16:23:55,14,14.4,5.298,dongdaegu,1,1,True,target_available_at_arrival,available_count>0 at panel tick nearest as_of+tmap_eta,tmap_routes
NT100925,2026-07-29 15:58:52,2026-07-29 16:57:52,2026-07-29 16:59:14,59,58.9,26.625,dongdaegu,1,1,True,target_available_at_arrival,available_count>0 at panel tick nearest as_of+tmap_eta,tmap_routes
PI530280,2026-07-30 21:37:57,2026-07-30 22:04:57,2026-07-30 22:08:00,27,26.6,8.385,dongdaegu,1,1,True,target_available_at_arrival,available_count>0 at panel tick nearest as_of+tmap_eta,tmap_routes
PI000645,2026-08-04 17:07:42,2026-08-04 17:24:42,2026-08-04 17:27:43,17,17.3,3.85,dongdaegu,1,1,True,target_available_at_arrival,available_count>0 at panel tick nearest as_of+tmap_eta,tmap_routes
PI740250,2026-08-05 13:31:46,2026-08-05 13:55:46,2026-08-05 14:01:47,24,23.5,5.437,dongdaegu,3,3,True,target_available_at_arrival,available_count>0 at panel tick nearest as_of+tmap_eta,tmap_routes
LU101255,2026-07-18 19:21:07,2026-07-18 19:36:07,2026-07-18 19:36:08,15,15.0,0.469,dongdaegu,2,2,True,target_available_at_arrival,available_count>0 at panel tick nearest as_of+tmap_eta,tmap_routes
VTE00004,2026-08-03 16:32:57,2026-08-03 16:49:57,2026-08-03 16:52:59,17,16.6,2.011,dongdaegu,6,6,True,target_available_at_arrival,available_count>0 at panel tick nearest as_of+tmap_eta,tmap_routes
EV012412,2026-08-02 10:37:39,2026-08-02 11:07:39,2026-08-02 11:07:43,30,29.9,6.418,dongdaegu,3,3,True,target_available_at_arrival,available_count>0 at panel tick nearest as_of+tmap_eta,tmap_routes
CV001316,2026-08-04 07:17:01,2026-08-04 07:50:01,2026-08-04 07:57:04,33,32.6,7.903,dongdaegu,2,2,True,target_available_at_arrival,available_count>0 at panel tick nearest as_of+tmap_eta,tmap_routes
CV000899,2026-07-28 19:53:15,2026-07-28 20:00:15,2026-07-28 20:03:16,7,6.7,0.393,dongdaegu,2,2,True,target_available_at_arrival,available_count>0 at panel tick nearest as_of+tmap_eta,tmap_routes
LU100685,2026-08-04 15:27:35,2026-08-04 15:43:35,2026-08-04 15:47:36,16,16.5,3.566,dongdaegu,2,2,True,target_available_at_arrival,available_count>0 at panel tick nearest as_of+tmap_eta,tmap_routes
TS271405,2026-08-04 13:57:30,2026-08-04 14:15:30,2026-08-04 14:17:31,18,17.6,3.579,dongdaegu,1,1,True,target_available_at_arrival,available_count>0 at panel tick nearest as_of+tmap_eta,tmap_routes
CV002238,2026-08-02 04:26:38,2026-08-02 05:10:38,2026-08-02 05:16:44,44,44.1,12.969,dongdaegu,4,5,True,target_available_at_arrival,available_count>0 at panel tick nearest as_of+tmap_eta,tmap_routes
CV003062,2026-08-04 14:57:33,2026-08-04 15:31:33,2026-08-04 15:37:35,34,34.1,6.923,dongdaegu,6,6,True,target_available_at_arrival,available_count>0 at panel tick nearest as_of+tmap_eta,tmap_routes
PI700594,2026-07-26 11:28:26,2026-07-26 11:57:26,2026-07-26 11:58:32,29,28.9,6.592,dongdaegu,1,0,False,target_available_at_arrival,available_count>0 at panel tick nearest as_of+tmap_eta,tmap_routes
ME23B186,2026-08-07 16:02:32,2026-08-07 16:19:32,2026-08-07 16:22:33,17,16.9,2.531,dongdaegu,1,1,True,target_available_at_arrival,available_count>0 at panel tick nearest as_of+tmap_eta,tmap_routes
CV002471,2026-07-25 22:54:49,2026-07-25 23:12:49,2026-07-25 23:14:51,18,18.0,2.552,dongdaegu,4,3,True,target_available_at_arrival,available_count>0 at panel tick nearest as_of+tmap_eta,tmap_routes
ME20C185,2026-08-01 07:09:43,2026-08-01 07:44:43,2026-08-01 07:49:50,35,34.6,12.087,dongdaegu,1,1,True,target_available_at_arrival,available_count>0 at panel tick nearest as_of+tmap_eta,tmap_routes
PI747158,2026-08-05 23:52:32,2026-08-06 00:29:32,2026-08-06 00:35:42,37,37.3,11.696,dongdaegu,2,2,True,target_available_at_arrival,available_count>0 at panel tick nearest as_of+tmap_eta,tmap_routes
ME18C405,2026-08-05 14:01:47,2026-08-05 14:15:47,2026-08-05 14:21:49,14,14.4,2.77,dongdaegu,3,4,True,target_available_at_arrival,available_count>0 at panel tick nearest as_of+tmap_eta,tmap_routes
CV001627,2026-07-26 21:59:54,2026-07-26 22:38:54,2026-07-26 22:39:59,39,39.0,13.103,dongdaegu,2,2,True,target_available_at_arrival,available_count>0 at panel tick nearest as_of+tmap_eta,tmap_routes
PI306067,2026-07-27 13:14:14,2026-07-27 13:41:14,2026-07-27 13:44:23,27,27.0,9.229,dongdaegu,2,2,True,target_available_at_arrival,available_count>0 at panel tick nearest as_of+tmap_eta,tmap_routes
CV000478,2026-07-27 03:52:35,2026-07-27 04:36:35,2026-07-27 04:42:41,44,44.0,17.313,dongdaegu,1,1,True,target_available_at_arrival,available_count>0 at panel tick nearest as_of+tmap_eta,tmap_routes
PI740602,2026-08-01 23:33:00,2026-08-02 00:14:00,2026-08-02 00:15:55,41,41.0,14.884,dongdaegu,3,3,True,target_available_at_arrival,available_count>0 at panel tick nearest as_of+tmap_eta,tmap_routes
ST601240,2026-07-23 06:34:06,2026-07-23 06:57:06,2026-07-23 06:59:17,23,22.6,6.109,dongdaegu,1,1,True,target_available_at_arrival,available_count>0 at panel tick nearest as_of+tmap_eta,tmap_routes
EV006614,2026-07-24 08:14:27,2026-07-24 08:52:27,2026-07-24 08:57:07,38,37.6,13.391,dongdaegu,2,3,True,target_available_at_arrival,available_count>0 at panel tick nearest as_of+tmap_eta,tmap_routes
CV001891,2026-07-23 11:41:59,2026-07-23 12:21:59,2026-07-23 12:22:26,40,39.5,13.333,dongdaegu,4,4,True,target_available_at_arrival,available_count>0 at panel tick nearest as_of+tmap_eta,tmap_routes
EV003703,2026-08-08 06:07:24,2026-08-08 06:33:24,2026-08-08 06:37:25,26,25.8,7.845,dongdaegu,2,2,True,target_available_at_arrival,available_count>0 at panel tick nearest as_of+tmap_eta,tmap_routes
CV001706,2026-07-26 08:58:04,2026-07-26 09:53:04,2026-07-26 09:58:11,55,54.8,26.617,dongdaegu,1,2,True,target_available_at_arrival,available_count>0 at panel tick nearest as_of+tmap_eta,tmap_routes
ME25C428,2026-07-31 23:36:15,2026-07-31 23:55:15,2026-07-31 23:56:18,19,18.8,3.899,dongdaegu,4,4,True,target_available_at_arrival,available_count>0 at panel tick nearest as_of+tmap_eta,tmap_routes
CV000557,2026-08-05 04:31:07,2026-08-05 04:55:07,2026-08-05 05:01:08,24,24.4,5.378,dongdaegu,1,1,True,target_available_at_arrival,available_count>0 at panel tick nearest as_of+tmap_eta,tmap_routes
ME18C177,2026-07-28 05:48:58,2026-07-28 06:45:58,2026-07-28 06:49:05,57,57.1,32.73,dongdaegu,1,1,True,target_available_at_arrival,available_count>0 at panel tick nearest as_of+tmap_eta,tmap_routes
SF002583,2026-07-26 14:58:55,2026-07-26 15:42:55,2026-07-26 15:49:02,44,44.5,9.471,dongdaegu,2,2,True,target_available_at_arrival,available_count>0 at panel tick nearest as_of+tmap_eta,tmap_routes
ME25C170,2026-08-05 06:41:14,2026-08-05 07:10:14,2026-08-05 07:11:15,29,28.6,8.088,dongdaegu,1,1,True,target_available_at_arrival,available_count>0 at panel tick nearest as_of+tmap_eta,tmap_routes
ME18C254,2026-08-06 14:06:26,2026-08-06 14:40:26,2026-08-06 14:46:28,34,34.3,7.296,dongdaegu,2,2,True,target_available_at_arrival,available_count>0 at panel tick nearest as_of+tmap_eta,tmap_routes
ME19Y406,2026-07-22 10:59:32,2026-07-22 11:02:32,2026-07-22 11:09:40,3,2.6,0.183,dongdaegu,4,4,True,target_available_at_arrival,available_count>0 at panel tick nearest as_of+tmap_eta,tmap_routes
CV000561,2026-08-07 01:11:17,2026-08-07 01:31:17,2026-08-07 01:31:18,20,20.5,3.796,dongdaegu,2,2,True,target_available_at_arrival,available_count>0 at panel tick nearest as_of+tmap_eta,tmap_routes
CV003698,2026-08-04 20:07:54,2026-08-04 20:55:54,2026-08-04 20:57:59,48,47.9,27.104,dongdaegu,2,2,True,target_available_at_arrival,available_count>0 at panel tick nearest as_of+tmap_eta,tmap_routes
SF000955,2026-07-31 12:42:52,2026-07-31 12:55:52,2026-07-31 13:02:57,13,12.6,2.022,dongdaegu,4,4,True,target_available_at_arrival,available_count>0 at panel tick nearest as_of+tmap_eta,tmap_routes
CV003565,2026-07-25 21:24:38,2026-07-25 21:51:38,2026-07-25 21:54:41,27,26.6,7.173,dongdaegu,1,1,True,target_available_at_arrival,available_count>0 at panel tick nearest as_of+tmap_eta,tmap_routes
NT101499,2026-07-26 11:48:31,2026-07-26 12:27:31,2026-07-26 12:28:35,39,39.0,10.787,dongdaegu,1,1,True,target_available_at_arrival,available_count>0 at panel tick nearest as_of+tmap_eta,tmap_routes
AZ100014,2026-07-23 13:27:45,2026-07-23 13:38:45,2026-07-23 13:42:49,11,11.1,1.585,dongdaegu,1,1,True,target_available_at_arrival,available_count>0 at panel tick nearest as_of+tmap_eta,tmap_routes
ME24B142,2026-07-28 20:43:21,2026-07-28 21:18:21,2026-07-28 21:23:28,35,35.0,11.205,dongdaegu,1,1,True,target_available_at_arrival,available_count>0 at panel tick nearest as_of+tmap_eta,tmap_routes
VTE00004,2026-07-20 17:15:53,2026-07-20 17:32:53,2026-07-20 17:35:57,17,16.6,2.011,dongdaegu,4,4,True,target_available_at_arrival,available_count>0 at panel tick nearest as_of+tmap_eta,tmap_routes
ME19C404,2026-08-08 05:57:24,2026-08-08 06:22:24,2026-08-08 06:27:25,25,25.1,5.074,dongdaegu,3,4,True,target_available_at_arrival,available_count>0 at panel tick nearest as_of+tmap_eta,tmap_routes
CV003075,2026-07-24 02:37:05,2026-07-24 03:03:05,2026-07-24 03:07:10,26,26.1,8.655,dongdaegu,1,1,True,target_available_at_arrival,available_count>0 at panel tick nearest as_of+tmap_eta,tmap_routes
CV000599,2026-08-08 05:17:22,2026-08-08 05:42:22,2026-08-08 05:47:23,25,25.4,7.913,dongdaegu,2,2,True,target_available_at_arrival,available_count>0 at panel tick nearest as_of+tmap_eta,tmap_routes
CV000503,2026-07-31 05:11:24,2026-07-31 05:44:24,2026-07-31 05:51:37,33,32.9,10.327,dongdaegu,2,2,True,target_available_at_arrival,available_count>0 at panel tick nearest as_of+tmap_eta,tmap_routes
KE000360,2026-07-30 12:35:22,2026-07-30 13:21:22,2026-07-30 13:25:42,46,46.5,15.594,dongdaegu,2,2,True,target_available_at_arrival,available_count>0 at panel tick nearest as_of+tmap_eta,tmap_routes
ST277201,2026-07-26 19:29:32,2026-07-26 20:23:32,2026-07-26 20:29:41,54,53.7,43.013,dongdaegu,2,2,True,target_available_at_arrival,available_count>0 at panel tick nearest as_of+tmap_eta,tmap_routes
CV003040,2026-07-25 16:13:51,2026-07-25 16:38:51,2026-07-25 16:43:57,25,24.9,7.898,dongdaegu,2,1,True,target_available_at_arrival,available_count>0 at panel tick nearest as_of+tmap_eta,tmap_routes
SF000795,2026-08-07 19:22:51,2026-08-07 19:49:51,2026-08-07 19:53:03,27,26.9,7.445,dongdaegu,3,3,True,target_available_at_arrival,available_count>0 at panel tick nearest as_of+tmap_eta,tmap_routes
ME19W401,2026-08-04 11:47:24,2026-08-04 12:41:24,2026-08-04 12:47:26,54,53.5,31.956,dongdaegu,6,6,True,target_available_at_arrival,available_count>0 at panel tick nearest as_of+tmap_eta,tmap_routes
CV003286,2026-08-07 13:12:12,2026-08-07 13:47:12,2026-08-07 13:52:15,35,35.0,7.378,dongdaegu,2,1,True,target_available_at_arrival,available_count>0 at panel tick nearest as_of+tmap_eta,tmap_routes
HD000070,2026-08-06 15:16:34,2026-08-06 15:59:34,2026-08-06 16:06:37,43,42.7,8.427,dongdaegu,2,2,True,target_available_at_arrival,available_count>0 at panel tick nearest as_of+tmap_eta,tmap_routes
CU530004,2026-08-05 17:02:00,2026-08-05 17:12:00,2026-08-05 17:12:00,10,9.6,1.543,dongdaegu,5,5,True,target_available_at_arrival,available_count>0 at panel tick nearest as_of+tmap_eta,tmap_routes
HE240485,2026-07-30 00:22:58,2026-07-30 00:52:58,2026-07-30 00:53:00,30,29.7,8.57,dongdaegu,1,1,True,target_available_at_arrival,available_count>0 at panel tick nearest as_of+tmap_eta,tmap_routes
PI740113,2026-07-24 13:37:53,2026-07-24 14:01:53,2026-07-24 14:08:02,24,23.8,5.523,dongdaegu,1,1,True,target_available_at_arrival,available_count>0 at panel tick nearest as_of+tmap_eta,tmap_routes
HE240512,2026-07-24 18:18:58,2026-07-24 18:47:58,2026-07-24 18:49:06,29,29.2,9.227,dongdaegu,3,4,True,target_available_at_arrival,available_count>0 at panel tick nearest as_of+tmap_eta,tmap_routes
PI740776,2026-07-22 15:00:22,2026-07-22 15:17:22,2026-07-22 15:20:24,17,17.4,3.523,dongdaegu,1,1,True,target_available_at_arrival,available_count>0 at panel tick nearest as_of+tmap_eta,tmap_routes
CV002033,2026-08-04 17:47:44,2026-08-04 18:21:44,2026-08-04 18:27:47,34,33.9,10.471,dongdaegu,1,1,True,target_available_at_arrival,available_count>0 at panel tick nearest as_of+tmap_eta,tmap_routes
ME21A903,2026-08-02 22:19:27,2026-08-02 23:17:27,2026-08-02 23:19:32,58,57.6,24.021,dongdaegu,4,4,True,target_available_at_arrival,available_count>0 at panel tick nearest as_of+tmap_eta,tmap_routes
PI530278,2026-07-30 18:57:30,2026-07-30 19:53:30,2026-07-30 19:57:39,56,55.5,26.206,dongdaegu,5,5,True,target_available_at_arrival,available_count>0 at panel tick nearest as_of+tmap_eta,tmap_routes
CU530007,2026-07-26 07:47:51,2026-07-26 08:13:51,2026-07-26 08:17:56,26,25.5,9.004,dongdaegu,9,9,True,target_available_at_arrival,available_count>0 at panel tick nearest as_of+tmap_eta,tmap_routes
CV003165,2026-07-28 18:32:58,2026-07-28 19:01:58,2026-07-28 19:03:03,29,28.6,8.976,dongdaegu,1,0,False,target_available_at_arrival,available_count>0 at panel tick nearest as_of+tmap_eta,tmap_routes
CV001171,2026-08-07 06:31:33,2026-08-07 07:04:33,2026-08-07 07:11:35,33,32.8,8.058,dongdaegu,3,3,True,target_available_at_arrival,available_count>0 at panel tick nearest as_of+tmap_eta,tmap_routes
CV001314,2026-07-18 14:50:43,2026-07-18 15:45:43,2026-07-18 15:50:46,55,55.4,31.478,dongdaegu,2,2,True,target_available_at_arrival,available_count>0 at panel tick nearest as_of+tmap_eta,tmap_routes
CV003698,2026-07-27 05:22:44,2026-07-27 06:10:44,2026-07-27 06:12:54,48,47.9,27.104,dongdaegu,1,2,True,target_available_at_arrival,available_count>0 at panel tick nearest as_of+tmap_eta,tmap_routes
PI530305,2026-07-30 06:23:57,2026-07-30 07:08:57,2026-07-30 07:14:04,45,45.4,19.208,dongdaegu,2,2,True,target_available_at_arrival,available_count>0 at panel tick nearest as_of+tmap_eta,tmap_routes
CV001906,2026-08-02 01:56:15,2026-08-02 02:26:15,2026-08-02 02:26:19,30,29.6,8.24,dongdaegu,2,2,True,target_available_at_arrival,available_count>0 at panel tick nearest as_of+tmap_eta,tmap_routes
KL002703,2026-07-30 00:22:58,2026-07-30 00:49:58,2026-07-30 00:53:00,27,27.1,9.036,dongdaegu,1,1,True,target_available_at_arrival,available_count>0 at panel tick nearest as_of+tmap_eta,tmap_routes
KP005644,2026-07-30 14:05:56,2026-07-30 14:18:56,2026-07-30 14:25:58,13,12.8,1.502,dongdaegu,4,4,True,target_available_at_arrival,available_count>0 at panel tick nearest as_of+tmap_eta,tmap_routes
ME22C253,2026-08-03 17:23:00,2026-08-03 17:57:00,2026-08-03 18:03:46,34,34.5,12.074,dongdaegu,1,2,True,target_available_at_arrival,available_count>0 at panel tick nearest as_of+tmap_eta,tmap_routes
CV002188,2026-07-28 08:29:24,2026-07-28 08:54:24,2026-07-28 08:59:37,25,25.1,6.932,dongdaegu,2,2,True,target_available_at_arrival,available_count>0 at panel tick nearest as_of+tmap_eta,tmap_routes
CV001076,2026-08-02 17:58:50,2026-08-02 18:37:50,2026-08-02 18:38:56,39,38.6,12.457,dongdaegu,2,2,True,target_available_at_arrival,available_count>0 at panel tick nearest as_of+tmap_eta,tmap_routes
CV001885,2026-08-05 22:02:27,2026-08-05 22:42:27,2026-08-05 22:42:29,40,39.5,13.367,dongdaegu,4,4,True,target_available_at_arrival,available_count>0 at panel tick nearest as_of+tmap_eta,tmap_routes
CV003283,2026-07-30 14:36:07,2026-07-30 15:10:07,2026-07-30 15:16:36,34,33.9,8.36,dongdaegu,2,2,True,target_available_at_arrival,available_count>0 at panel tick nearest as_of+tmap_eta,tmap_routes
PW801190,2026-07-30 08:04:17,2026-07-30 08:58:17,2026-07-30 09:04:27,54,54.1,25.446,dongdaegu,4,4,True,target_available_at_arrival,available_count>0 at panel tick nearest as_of+tmap_eta,tmap_routes
CV003085,2026-08-02 18:38:56,2026-08-02 19:02:56,2026-08-02 19:09:00,24,24.5,6.588,dongdaegu,2,2,True,target_available_at_arrival,available_count>0 at panel tick nearest as_of+tmap_eta,tmap_routes
PW801141,2026-08-01 10:50:33,2026-08-01 11:00:33,2026-08-01 11:00:34,10,10.1,0.9,dongdaegu,1,1,True,target_available_at_arrival,available_count>0 at panel tick nearest as_of+tmap_eta,tmap_routes
KP005267,2026-07-28 21:13:25,2026-07-28 21:33:25,2026-07-28 21:33:29,20,19.9,3.393,dongdaegu,1,1,True,target_available_at_arrival,available_count>0 at panel tick nearest as_of+tmap_eta,tmap_routes
EV007630,2026-08-03 23:44:08,2026-08-04 00:16:08,2026-08-04 00:16:41,32,32.1,8.436,dongdaegu,2,2,True,target_available_at_arrival,available_count>0 at panel tick nearest as_of+tmap_eta,tmap_routes
ME21A140,2026-07-17 16:09:40,2026-07-17 17:02:40,2026-07-17 17:09:42,53,53.0,40.12,dongdaegu,1,1,True,target_available_at_arrival,available_count>0 at panel tick nearest as_of+tmap_eta,tmap_routes
ST272605,2026-08-01 17:22:00,2026-08-01 17:49:00,2026-08-01 17:52:05,27,26.7,9.097,dongdaegu,1,1,True,target_available_at_arrival,available_count>0 at panel tick nearest as_of+tmap_eta,tmap_routes
EV012411,2026-08-06 05:35:53,2026-08-06 06:05:53,2026-08-06 06:05:54,30,29.9,6.418,dongdaegu,3,3,True,target_available_at_arrival,available_count>0 at panel tick nearest as_of+tmap_eta,tmap_routes
EV012411,2026-07-23 09:56:02,2026-07-23 10:26:02,2026-07-23 10:26:09,30,29.9,6.418,dongdaegu,4,4,True,target_available_at_arrival,available_count>0 at panel tick nearest as_of+tmap_eta,tmap_routes
PC000132,2026-07-29 01:56:20,2026-07-29 02:16:20,2026-07-29 02:16:22,20,20.3,6.481,dongdaegu,1,1,True,target_available_at_arrival,available_count>0 at panel tick nearest as_of+tmap_eta,tmap_routes
CV000538,2026-08-06 15:16:34,2026-08-06 15:50:34,2026-08-06 15:56:36,34,34.5,6.499,dongdaegu,1,1,True,target_available_at_arrival,available_count>0 at panel tick nearest as_of+tmap_eta,tmap_routes
HM710014,2026-08-05 00:40:58,2026-08-05 01:17:58,2026-08-05 01:21:00,37,37.1,6.887,dongdaegu,2,2,True,target_available_at_arrival,available_count>0 at panel tick nearest as_of+tmap_eta,tmap_routes
CV000808,2026-08-02 03:46:34,2026-08-02 04:21:34,2026-08-02 04:26:38,35,34.9,7.273,dongdaegu,1,1,True,target_available_at_arrival,available_count>0 at panel tick nearest as_of+tmap_eta,tmap_routes
ST600649,2026-08-07 02:21:20,2026-08-07 02:41:20,2026-08-07 02:41:20,20,19.5,7.153,dongdaegu,3,3,True,target_available_at_arrival,available_count>0 at panel tick nearest as_of+tmap_eta,tmap_routes
LU002360,2026-08-03 02:01:59,2026-08-03 02:38:59,2026-08-03 02:42:00,37,37.4,13.555,dongdaegu,2,2,True,target_available_at_arrival,available_count>0 at panel tick nearest as_of+tmap_eta,tmap_routes
PI740284,2026-08-02 11:07:43,2026-08-02 11:30:43,2026-08-02 11:37:47,23,23.2,6.235,dongdaegu,1,1,True,target_available_at_arrival,available_count>0 at panel tick nearest as_of+tmap_eta,tmap_routes
CV003181,2026-07-29 12:58:30,2026-07-29 13:22:30,2026-07-29 13:28:33,24,24.5,5.641,dongdaegu,1,1,True,target_available_at_arrival,available_count>0 at panel tick nearest as_of+tmap_eta,tmap_routes
CV004541,2026-07-27 05:42:46,2026-07-27 05:58:46,2026-07-27 06:02:51,16,16.1,3.267,dongdaegu,4,4,True,target_available_at_arrival,available_count>0 at panel tick nearest as_of+tmap_eta,tmap_routes
CV003107,2026-08-05 17:22:01,2026-08-05 17:52:01,2026-08-05 17:52:03,30,29.6,7.548,dongdaegu,1,1,True,target_available_at_arrival,available_count>0 at panel tick nearest as_of+tmap_eta,tmap_routes
ME18C230,2026-07-18 09:35:20,2026-07-18 10:29:20,2026-07-18 10:35:25,54,54.0,40.041,dongdaegu,1,2,True,target_available_at_arrival,available_count>0 at panel tick nearest as_of+tmap_eta,tmap_routes
HD000070,2026-07-24 20:29:23,2026-07-24 21:12:23,2026-07-24 21:19:33,43,42.7,8.427,dongdaegu,2,1,True,target_available_at_arrival,available_count>0 at panel tick nearest as_of+tmap_eta,tmap_routes
PI740242,2026-07-31 22:26:06,2026-07-31 22:40:06,2026-07-31 22:46:08,14,13.5,2.008,dongdaegu,1,1,True,target_available_at_arrival,available_count>0 at panel tick nearest as_of+tmap_eta,tmap_routes
CV000506,2026-07-29 09:48:00,2026-07-29 09:57:00,2026-07-29 09:58:02,9,9.0,2.041,dongdaegu,1,1,True,target_available_at_arrival,available_count>0 at panel tick nearest as_of+tmap_eta,tmap_routes
CU530004,2026-08-03 01:41:58,2026-08-03 01:51:58,2026-08-03 01:51:58,10,9.6,1.543,dongdaegu,3,3,True,target_available_at_arrival,available_count>0 at panel tick nearest as_of+tmap_eta,tmap_routes
EV005965,2026-07-17 14:39:31,2026-07-17 15:24:31,2026-07-17 15:24:35,45,44.7,15.12,dongdaegu,2,2,True,target_available_at_arrival,available_count>0 at panel tick nearest as_of+tmap_eta,tmap_routes
PC000466,2026-07-23 10:16:07,2026-07-23 10:38:07,2026-07-23 10:41:27,22,22.4,7.301,dongdaegu,12,13,True,target_available_at_arrival,available_count>0 at panel tick nearest as_of+tmap_eta,tmap_routes
CV003573,2026-07-29 18:49:35,2026-07-29 19:06:35,2026-07-29 19:09:38,17,17.1,2.711,dongdaegu,3,2,True,target_available_at_arrival,available_count>0 at panel tick nearest as_of+tmap_eta,tmap_routes
ME21B301,2026-07-25 17:14:01,2026-07-25 17:49:01,2026-07-25 17:54:07,35,34.6,12.022,dongdaegu,2,2,True,target_available_at_arrival,available_count>0 at panel tick nearest as_of+tmap_eta,tmap_routes
PC001255,2026-08-02 08:47:19,2026-08-02 09:07:19,2026-08-02 09:07:21,20,20.3,3.165,dongdaegu,1,1,True,target_available_at_arrival,available_count>0 at panel tick nearest as_of+tmap_eta,tmap_routes
PI530297,2026-07-28 21:43:30,2026-07-28 21:56:30,2026-07-28 22:03:35,13,13.1,5.211,dongdaegu,2,2,True,target_available_at_arrival,available_count>0 at panel tick nearest as_of+tmap_eta,tmap_routes
LU003143,2026-08-05 02:21:03,2026-08-05 02:39:03,2026-08-05 02:41:03,18,17.9,4.605,dongdaegu,3,3,True,target_available_at_arrival,available_count>0 at panel tick nearest as_of+tmap_eta,tmap_routes
CV003181,2026-08-02 08:17:15,2026-08-02 08:41:15,2026-08-02 08:47:19,24,24.5,5.641,dongdaegu,1,1,True,target_available_at_arrival,available_count>0 at panel tick nearest as_of+tmap_eta,tmap_routes
CU530008,2026-07-27 18:55:23,2026-07-27 19:24:23,2026-07-27 19:25:37,29,29.1,9.81,dongdaegu,4,4,True,target_available_at_arrival,available_count>0 at panel tick nearest as_of+tmap_eta,tmap_routes
NX000023,2026-08-08 00:47:04,2026-08-08 01:06:04,2026-08-08 01:07:05,19,19.4,5.588,dongdaegu,2,2,True,target_available_at_arrival,available_count>0 at panel tick nearest as_of+tmap_eta,tmap_routes
KP003774,2026-08-02 10:07:33,2026-08-02 10:40:33,2026-08-02 10:47:40,33,32.7,11.159,dongdaegu,1,1,True,target_available_at_arrival,available_count>0 at panel tick nearest as_of+tmap_eta,tmap_routes
EC005058,2026-08-07 19:12:50,2026-08-07 19:39:50,2026-08-07 19:43:02,27,27.4,8.907,dongdaegu,1,1,True,target_available_at_arrival,available_count>0 at panel tick nearest as_of+tmap_eta,tmap_routes
PI721980,2026-07-24 18:29:00,2026-07-24 18:44:00,2026-07-24 18:49:06,15,14.7,3.613,dongdaegu,2,2,True,target_available_at_arrival,available_count>0 at panel tick nearest as_of+tmap_eta,tmap_routes
SF000231,2026-08-03 17:43:45,2026-08-03 18:07:45,2026-08-03 18:13:47,24,23.5,3.866,dongdaegu,1,1,True,target_available_at_arrival,available_count>0 at panel tick nearest as_of+tmap_eta,tmap_routes
PIS00580,2026-08-02 23:19:32,2026-08-02 23:34:32,2026-08-02 23:39:33,15,15.2,2.833,dongdaegu,7,7,True,target_available_at_arrival,available_count>0 at panel tick nearest as_of+tmap_eta,tmap_routes
ME183050,2026-07-23 04:08:27,2026-07-23 04:30:27,2026-07-23 04:33:35,22,22.1,5.571,dongdaegu,2,2,True,target_available_at_arrival,available_count>0 at panel tick nearest as_of+tmap_eta,tmap_routes
CV001121,2026-08-03 19:53:54,2026-08-03 20:23:54,2026-08-03 20:23:56,30,29.7,8.333,dongdaegu,1,1,True,target_available_at_arrival,available_count>0 at panel tick nearest as_of+tmap_eta,tmap_routes
PIS00791,2026-08-05 13:21:45,2026-08-05 13:37:45,2026-08-05 13:41:46,16,15.7,2.355,dongdaegu,11,11,True,target_available_at_arrival,available_count>0 at panel tick nearest as_of+tmap_eta,tmap_routes
CV000849,2026-07-28 14:51:36,2026-07-28 15:49:36,2026-07-28 15:52:09,58,58.3,26.591,dongdaegu,6,5,True,target_available_at_arrival,available_count>0 at panel tick nearest as_of+tmap_eta,tmap_routes
CV003453,2026-07-29 07:27:19,2026-07-29 07:43:19,2026-07-29 07:47:23,16,16.1,3.323,dongdaegu,1,1,True,target_available_at_arrival,available_count>0 at panel tick nearest as_of+tmap_eta,tmap_routes
CV000750,2026-07-27 05:02:43,2026-07-27 06:02:43,2026-07-27 06:02:51,60,60.4,26.025,dongdaegu,5,5,True,target_available_at_arrival,available_count>0 at panel tick nearest as_of+tmap_eta,tmap_routes
KL001847,2026-08-05 10:51:34,2026-08-05 11:08:34,2026-08-05 11:11:35,17,17.4,3.371,dongdaegu,2,2,True,target_available_at_arrival,available_count>0 at panel tick nearest as_of+tmap_eta,tmap_routes
EC005054,2026-08-05 08:41:21,2026-08-05 09:01:21,2026-08-05 09:01:22,20,20.0,3.423,dongdaegu,2,2,True,target_available_at_arrival,available_count>0 at panel tick nearest as_of+tmap_eta,tmap_routes
PI740249,2026-08-07 01:31:18,2026-08-07 01:55:18,2026-08-07 02:01:19,24,23.7,5.418,dongdaegu,1,1,True,target_available_at_arrival,available_count>0 at panel tick nearest as_of+tmap_eta,tmap_routes
LU002435,2026-08-02 10:07:33,2026-08-02 10:47:33,2026-08-02 10:47:40,40,40.1,20.089,dongdaegu,2,2,True,target_available_at_arrival,available_count>0 at panel tick nearest as_of+tmap_eta,tmap_routes
ST601240,2026-07-30 14:15:57,2026-07-30 14:38:57,2026-07-30 14:46:08,23,22.6,6.109,dongdaegu,2,2,True,target_available_at_arrival,available_count>0 at panel tick nearest as_of+tmap_eta,tmap_routes
KP004005,2026-07-31 19:45:35,2026-07-31 20:12:35,2026-07-31 20:15:40,27,27.1,6.364,dongdaegu,1,1,True,target_available_at_arrival,available_count>0 at panel tick nearest as_of+tmap_eta,tmap_routes
CV001580,2026-08-05 17:42:03,2026-08-05 18:02:03,2026-08-05 18:02:04,20,19.6,3.217,dongdaegu,2,2,True,target_available_at_arrival,available_count>0 at panel tick nearest as_of+tmap_eta,tmap_routes
SF002638,2026-07-18 18:05:58,2026-07-18 18:20:58,2026-07-18 18:20:58,15,14.9,2.122,dongdaegu,1,1,True,target_available_at_arrival,available_count>0 at panel tick nearest as_of+tmap_eta,tmap_routes
PI740398,2026-08-01 23:12:58,2026-08-01 23:28:58,2026-08-01 23:33:00,16,16.2,2.184,dongdaegu,1,0,False,target_available_at_arrival,available_count>0 at panel tick nearest as_of+tmap_eta,tmap_routes
NT100108,2026-08-04 23:08:07,2026-08-04 23:37:07,2026-08-04 23:38:08,29,29.3,10.825,dongdaegu,1,1,True,target_available_at_arrival,available_count>0 at panel tick nearest as_of+tmap_eta,tmap_routes
ME22C252,2026-07-26 16:59:12,2026-07-26 17:27:12,2026-07-26 17:29:16,28,28.4,5.748,dongdaegu,1,2,True,target_available_at_arrival,available_count>0 at panel tick nearest as_of+tmap_eta,tmap_routes
KP003782,2026-08-02 04:16:37,2026-08-02 04:52:37,2026-08-02 04:56:42,36,36.5,8.043,dongdaegu,1,1,True,target_available_at_arrival,available_count>0 at panel tick nearest as_of+tmap_eta,tmap_routes
CV003565,2026-08-06 10:16:13,2026-08-06 10:43:13,2026-08-06 10:46:14,27,26.6,7.173,dongdaegu,3,3,True,target_available_at_arrival,available_count>0 at panel tick nearest as_of+tmap_eta,tmap_routes
CV000406,2026-08-06 06:35:55,2026-08-06 07:10:55,2026-08-06 07:15:57,35,35.3,7.809,dongdaegu,1,1,True,target_available_at_arrival,available_count>0 at panel tick nearest as_of+tmap_eta,tmap_routes
PI740149,2026-08-05 13:31:46,2026-08-05 13:49:46,2026-08-05 13:51:47,18,17.5,3.784,dongdaegu,2,2,True,target_available_at_arrival,available_count>0 at panel tick nearest as_of+tmap_eta,tmap_routes
PI752996,2026-08-06 05:35:53,2026-08-06 05:55:53,2026-08-06 05:55:54,20,19.7,3.143,dongdaegu,1,1,True,target_available_at_arrival,available_count>0 at panel tick nearest as_of+tmap_eta,tmap_routes
NT101554,2026-08-06 09:46:11,2026-08-06 10:19:11,2026-08-06 10:26:13,33,33.0,9.405,dongdaegu,2,2,True,target_available_at_arrival,available_count>0 at panel tick nearest as_of+tmap_eta,tmap_routes
SF003055,2026-08-05 06:11:11,2026-08-05 06:25:11,2026-08-05 06:31:12,14,14.1,3.101,dongdaegu,1,1,True,target_available_at_arrival,available_count>0 at panel tick nearest as_of+tmap_eta,tmap_routes
CV000510,2026-07-24 06:53:52,2026-07-24 07:10:52,2026-07-24 07:14:02,17,16.9,3.721,dongdaegu,1,1,True,target_available_at_arrival,available_count>0 at panel tick nearest as_of+tmap_eta,tmap_routes
PC000132,2026-07-29 19:49:48,2026-07-29 20:09:48,2026-07-29 20:09:52,20,20.3,6.481,dongdaegu,1,0,False,target_available_at_arrival,available_count>0 at panel tick nearest as_of+tmap_eta,tmap_routes
ME183059,2026-07-24 04:28:02,2026-07-24 04:39:02,2026-07-24 04:43:05,11,11.2,1.741,dongdaegu,1,1,True,target_available_at_arrival,available_count>0 at panel tick nearest as_of+tmap_eta,tmap_routes
ME18C172,2026-07-29 09:27:57,2026-07-29 09:46:57,2026-07-29 09:48:00,19,18.7,3.773,dongdaegu,1,1,True,target_available_at_arrival,available_count>0 at panel tick nearest as_of+tmap_eta,tmap_routes
SF002258,2026-08-01 06:39:40,2026-08-01 06:55:40,2026-08-01 06:59:42,16,15.8,2.742,dongdaegu,1,1,True,target_available_at_arrival,available_count>0 at panel tick nearest as_of+tmap_eta,tmap_routes
PC001966,2026-07-23 10:51:33,2026-07-23 11:13:33,2026-07-23 11:16:43,22,22.1,3.737,dongdaegu,1,1,True,target_available_at_arrival,available_count>0 at panel tick nearest as_of+tmap_eta,tmap_routes
CV002690,2026-08-06 08:16:01,2026-08-06 09:10:01,2026-08-06 09:16:09,54,54.3,31.501,dongdaegu,4,4,True,target_available_at_arrival,available_count>0 at panel tick nearest as_of+tmap_eta,tmap_routes
PI645107,2026-08-02 04:56:42,2026-08-02 05:33:42,2026-08-02 05:36:46,37,37.4,12.227,dongdaegu,3,3,True,target_available_at_arrival,available_count>0 at panel tick nearest as_of+tmap_eta,tmap_routes
ME25C426,2026-07-19 11:15:38,2026-07-19 11:44:38,2026-07-19 11:45:40,29,28.7,8.088,dongdaegu,4,4,True,target_available_at_arrival,available_count>0 at panel tick nearest as_of+tmap_eta,tmap_routes
PIS00553,2026-08-05 03:21:05,2026-08-05 03:39:05,2026-08-05 03:41:05,18,17.6,3.52,dongdaegu,11,11,True,target_available_at_arrival,available_count>0 at panel tick nearest as_of+tmap_eta,tmap_routes
CV000558,2026-07-31 23:36:15,2026-07-31 23:43:15,2026-07-31 23:46:16,7,7.2,1.25,dongdaegu,1,1,True,target_available_at_arrival,available_count>0 at panel tick nearest as_of+tmap_eta,tmap_routes
BE482306,2026-08-02 23:19:32,2026-08-02 23:39:32,2026-08-02 23:39:33,20,20.1,3.537,dongdaegu,10,10,True,target_available_at_arrival,available_count>0 at panel tick nearest as_of+tmap_eta,tmap_routes
PI530287,2026-08-07 09:41:53,2026-08-07 10:05:53,2026-08-07 10:11:57,24,24.2,7.048,dongdaegu,1,1,True,target_available_at_arrival,available_count>0 at panel tick nearest as_of+tmap_eta,tmap_routes
ME20C189,2026-07-27 07:33:17,2026-07-27 08:03:17,2026-07-27 08:03:22,30,30.4,9.61,dongdaegu,1,1,True,target_available_at_arrival,available_count>0 at panel tick nearest as_of+tmap_eta,tmap_routes
CV004464,2026-07-20 14:30:19,2026-07-20 14:54:19,2026-07-20 15:00:32,24,23.7,8.761,dongdaegu,1,1,True,target_available_at_arrival,available_count>0 at panel tick nearest as_of+tmap_eta,tmap_routes
CV004541,2026-08-01 03:49:19,2026-08-01 04:05:19,2026-08-01 04:09:20,16,16.1,3.267,dongdaegu,4,4,True,target_available_at_arrival,available_count>0 at panel tick nearest as_of+tmap_eta,tmap_routes
PIS00597,2026-07-25 20:34:31,2026-07-25 20:51:31,2026-07-25 20:54:34,17,16.9,4.131,dongdaegu,4,2,True,target_available_at_arrival,available_count>0 at panel tick nearest as_of+tmap_eta,tmap_routes
ME19D216,2026-07-23 00:32:35,2026-07-23 00:55:35,2026-07-23 00:57:41,23,22.9,4.76,dongdaegu,2,2,True,target_available_at_arrival,available_count>0 at panel tick nearest as_of+tmap_eta,tmap_routes
EV005511,2026-07-26 17:29:16,2026-07-26 18:17:16,2026-07-26 18:19:23,48,47.6,13.5,dongdaegu,2,2,True,target_available_at_arrival,available_count>0 at panel tick nearest as_of+tmap_eta,tmap_routes
UP491145,2026-07-24 04:43:05,2026-07-24 05:10:05,2026-07-24 05:13:15,27,26.8,8.306,dongdaegu,1,1,True,target_available_at_arrival,available_count>0 at panel tick nearest as_of+tmap_eta,tmap_routes
CV003763,2026-07-30 16:46:47,2026-07-30 17:26:47,2026-07-30 17:27:04,40,40.0,9.438,dongdaegu,2,0,False,target_available_at_arrival,available_count>0 at panel tick nearest as_of+tmap_eta,tmap_routes
ST601440,2026-07-28 20:43:21,2026-07-28 21:02:21,2026-07-28 21:03:24,19,18.7,3.878,dongdaegu,1,1,True,target_available_at_arrival,available_count>0 at panel tick nearest as_of+tmap_eta,tmap_routes
PI718662,2026-08-05 21:52:26,2026-08-05 21:59:26,2026-08-05 22:02:27,7,7.3,1.737,dongdaegu,2,2,True,target_available_at_arrival,available_count>0 at panel tick nearest as_of+tmap_eta,tmap_routes
CV001594,2026-08-02 13:18:05,2026-08-02 13:44:05,2026-08-02 13:48:13,26,25.9,6.561,dongdaegu,2,2,True,target_available_at_arrival,available_count>0 at panel tick nearest as_of+tmap_eta,tmap_routes
CV000817,2026-07-23 07:09:20,2026-07-23 07:35:20,2026-07-23 07:39:31,26,25.8,7.07,dongdaegu,1,1,True,target_available_at_arrival,available_count>0 at panel tick nearest as_of+tmap_eta,tmap_routes
EV007657,2026-07-18 10:50:25,2026-07-18 11:30:25,2026-07-18 11:35:33,40,39.7,10.96,dongdaegu,1,1,True,target_available_at_arrival,available_count>0 at panel tick nearest as_of+tmap_eta,tmap_routes
ST600791,2026-08-02 19:39:06,2026-08-02 20:05:06,2026-08-02 20:09:13,26,26.1,9.245,dongdaegu,3,3,True,target_available_at_arrival,available_count>0 at panel tick nearest as_of+tmap_eta,tmap_routes
PC000235,2026-07-30 01:13:02,2026-07-30 01:26:02,2026-07-30 01:33:04,13,12.8,1.908,dongdaegu,3,3,True,target_available_at_arrival,available_count>0 at panel tick nearest as_of+tmap_eta,tmap_routes
PL031519,2026-07-23 10:26:09,2026-07-23 10:53:09,2026-07-23 10:56:34,27,26.8,6.055,dongdaegu,1,1,True,target_available_at_arrival,available_count>0 at panel tick nearest as_of+tmap_eta,tmap_routes
EV003702,2026-07-17 17:54:45,2026-07-17 18:20:45,2026-07-17 18:24:46,26,25.8,7.845,dongdaegu,1,1,True,target_available_at_arrival,available_count>0 at panel tick nearest as_of+tmap_eta,tmap_routes
KE001046,2026-08-06 18:56:50,2026-08-06 19:15:50,2026-08-06 19:16:52,19,19.2,4.181,dongdaegu,1,1,True,target_available_at_arrival,available_count>0 at panel tick nearest as_of+tmap_eta,tmap_routes
EV008233,2026-07-26 17:59:20,2026-07-26 18:32:20,2026-07-26 18:39:26,33,32.8,9.184,dongdaegu,1,1,True,target_available_at_arrival,available_count>0 at panel tick nearest as_of+tmap_eta,tmap_routes
CV001767,2026-08-05 04:51:08,2026-08-05 05:26:08,2026-08-05 05:31:09,35,35.3,7.264,dongdaegu,3,3,True,target_available_at_arrival,available_count>0 at panel tick nearest as_of+tmap_eta,tmap_routes
NT101503,2026-08-02 13:08:04,2026-08-02 13:33:04,2026-08-02 13:38:11,25,24.9,9.063,dongdaegu,1,1,True,target_available_at_arrival,available_count>0 at panel tick nearest as_of+tmap_eta,tmap_routes
BNBN0594,2026-07-29 05:36:53,2026-07-29 05:52:53,2026-07-29 05:56:57,16,16.4,3.558,dongdaegu,1,1,True,target_available_at_arrival,available_count>0 at panel tick nearest as_of+tmap_eta,tmap_routes
CV001678,2026-07-28 12:10:21,2026-07-28 12:49:21,2026-07-28 12:50:56,39,39.3,11.521,dongdaegu,2,2,True,target_available_at_arrival,available_count>0 at panel tick nearest as_of+tmap_eta,tmap_routes
PI805002,2026-08-02 09:07:21,2026-08-02 09:27:21,2026-08-02 09:27:25,20,19.7,6.751,dongdaegu,2,2,True,target_available_at_arrival,available_count>0 at panel tick nearest as_of+tmap_eta,tmap_routes
PIH01276,2026-07-21 14:52:19,2026-07-21 15:07:19,2026-07-21 15:12:22,15,15.4,3.464,dongdaegu,10,10,True,target_available_at_arrival,available_count>0 at panel tick nearest as_of+tmap_eta,tmap_routes
CV001566,2026-07-27 15:54:52,2026-07-27 16:11:52,2026-07-27 16:14:54,17,17.3,3.217,dongdaegu,4,4,True,target_available_at_arrival,available_count>0 at panel tick nearest as_of+tmap_eta,tmap_routes
HW000648,2026-08-03 02:52:01,2026-08-03 03:20:01,2026-08-03 03:22:02,28,27.5,9.134,dongdaegu,3,3,True,target_available_at_arrival,available_count>0 at panel tick nearest as_of+tmap_eta,tmap_routes
ME183144,2026-07-19 15:16:15,2026-07-19 16:12:15,2026-07-19 16:16:19,56,56.2,27.909,dongdaegu,2,3,True,target_available_at_arrival,available_count>0 at panel tick nearest as_of+tmap_eta,tmap_routes
PIH01792,2026-07-28 11:50:19,2026-07-28 12:00:19,2026-07-28 12:00:20,10,10.1,0.893,dongdaegu,4,4,True,target_available_at_arrival,available_count>0 at panel tick nearest as_of+tmap_eta,tmap_routes
CV003063,2026-08-02 01:16:03,2026-08-02 01:54:03,2026-08-02 01:56:15,38,38.4,10.075,dongdaegu,1,1,True,target_available_at_arrival,available_count>0 at panel tick nearest as_of+tmap_eta,tmap_routes
PI802709,2026-08-03 14:52:48,2026-08-03 15:28:48,2026-08-03 15:32:50,36,35.5,12.382,dongdaegu,1,0,False,target_available_at_arrival,available_count>0 at panel tick nearest as_of+tmap_eta,tmap_routes
CV000980,2026-08-01 17:52:05,2026-08-01 18:25:05,2026-08-01 18:32:14,33,33.4,9.489,dongdaegu,1,0,False,target_available_at_arrival,available_count>0 at panel tick nearest as_of+tmap_eta,tmap_routes
KL002459,2026-07-23 11:47:12,2026-07-23 12:01:12,2026-07-23 12:02:15,14,13.9,1.914,dongdaegu,6,6,True,target_available_at_arrival,available_count>0 at panel tick nearest as_of+tmap_eta,tmap_routes
KE000387,2026-07-23 03:03:11,2026-07-23 03:30:11,2026-07-23 03:33:19,27,26.9,10.294,dongdaegu,1,1,True,target_available_at_arrival,available_count>0 at panel tick nearest as_of+tmap_eta,tmap_routes
ME183072,2026-07-24 03:57:25,2026-07-24 04:19:25,2026-07-24 04:22:57,22,22.5,6.873,dongdaegu,1,1,True,target_available_at_arrival,available_count>0 at panel tick nearest as_of+tmap_eta,tmap_routes
ME18C254,2026-08-01 06:29:39,2026-08-01 07:03:39,2026-08-01 07:09:43,34,34.3,7.296,dongdaegu,2,2,True,target_available_at_arrival,available_count>0 at panel tick nearest as_of+tmap_eta,tmap_routes
CV003137,2026-07-26 06:57:39,2026-07-26 07:57:39,2026-07-26 07:57:52,60,60.1,26.029,dongdaegu,4,4,True,target_available_at_arrival,available_count>0 at panel tick nearest as_of+tmap_eta,tmap_routes
PIS00551,2026-08-05 01:51:01,2026-08-05 02:16:01,2026-08-05 02:21:03,25,25.1,8.977,dongdaegu,7,7,True,target_available_at_arrival,available_count>0 at panel tick nearest as_of+tmap_eta,tmap_routes
CV002690,2026-07-25 20:14:28,2026-07-25 21:08:28,2026-07-25 21:14:36,54,54.3,31.501,dongdaegu,1,1,True,target_available_at_arrival,available_count>0 at panel tick nearest as_of+tmap_eta,tmap_routes
CV001462,2026-07-30 23:08:09,2026-07-30 23:32:09,2026-07-30 23:38:12,24,23.7,5.26,dongdaegu,2,2,True,target_available_at_arrival,available_count>0 at panel tick nearest as_of+tmap_eta,tmap_routes
PIS00550,2026-07-30 07:54:16,2026-07-30 08:00:16,2026-07-30 08:04:17,6,6.3,0.388,dongdaegu,24,24,True,target_available_at_arrival,available_count>0 at panel tick nearest as_of+tmap_eta,tmap_routes
CV001768,2026-07-23 03:03:11,2026-07-23 03:56:11,2026-07-23 03:58:23,53,53.0,25.977,dongdaegu,5,5,True,target_available_at_arrival,available_count>0 at panel tick nearest as_of+tmap_eta,tmap_routes
CV000151,2026-07-17 17:24:43,2026-07-17 17:53:43,2026-07-17 17:54:45,29,28.6,6.223,dongdaegu,1,1,True,target_available_at_arrival,available_count>0 at panel tick nearest as_of+tmap_eta,tmap_routes
SF002922,2026-07-30 04:43:35,2026-07-30 04:59:35,2026-07-30 05:03:40,16,15.8,2.058,dongdaegu,1,1,True,target_available_at_arrival,available_count>0 at panel tick nearest as_of+tmap_eta,tmap_routes
CV003117,2026-08-03 10:12:31,2026-08-03 11:01:31,2026-08-03 11:02:33,49,48.7,17.255,dongdaegu,1,1,True,target_available_at_arrival,available_count>0 at panel tick nearest as_of+tmap_eta,tmap_routes
PI740113,2026-08-07 23:13:23,2026-08-07 23:37:23,2026-08-07 23:43:24,24,23.8,5.523,dongdaegu,1,1,True,target_available_at_arrival,available_count>0 at panel tick nearest as_of+tmap_eta,tmap_routes
GS000055,2026-07-31 05:31:34,2026-07-31 05:59:34,2026-07-31 06:01:38,28,27.8,8.549,dongdaegu,1,1,True,target_available_at_arrival,available_count>0 at panel tick nearest as_of+tmap_eta,tmap_routes
PI540413,2026-08-03 20:53:57,2026-08-03 21:51:57,2026-08-03 21:54:00,58,58.1,26.276,dongdaegu,5,5,True,target_available_at_arrival,available_count>0 at panel tick nearest as_of+tmap_eta,tmap_routes
CV000906,2026-08-01 13:01:00,2026-08-01 13:09:00,2026-08-01 13:11:02,8,7.7,1.201,dongdaegu,1,1,True,target_available_at_arrival,available_count>0 at panel tick nearest as_of+tmap_eta,tmap_routes
ME183061,2026-07-21 14:12:00,2026-07-21 14:28:00,2026-07-21 14:32:07,16,15.5,1.801,dongdaegu,1,1,True,target_available_at_arrival,available_count>0 at panel tick nearest as_of+tmap_eta,tmap_routes
CV003458,2026-08-02 20:29:16,2026-08-02 20:52:16,2026-08-02 20:59:19,23,23.1,5.357,dongdaegu,1,1,True,target_available_at_arrival,available_count>0 at panel tick nearest as_of+tmap_eta,tmap_routes
CI0F0003,2026-08-03 09:22:26,2026-08-03 10:07:26,2026-08-03 10:12:31,45,44.6,12.526,dongdaegu,1,1,True,target_available_at_arrival,available_count>0 at panel tick nearest as_of+tmap_eta,tmap_routes
CV001208,2026-08-06 04:35:51,2026-08-06 05:15:51,2026-08-06 05:15:52,40,40.1,7.766,dongdaegu,1,1,True,target_available_at_arrival,available_count>0 at panel tick nearest as_of+tmap_eta,tmap_routes
SF000279,2026-07-30 01:53:05,2026-07-30 02:11:05,2026-07-30 02:13:07,18,18.1,4.008,dongdaegu,2,2,True,target_available_at_arrival,available_count>0 at panel tick nearest as_of+tmap_eta,tmap_routes
AM900048,2026-08-07 03:01:21,2026-08-07 03:25:21,2026-08-07 03:31:22,24,24.0,3.8,dongdaegu,1,1,True,target_available_at_arrival,available_count>0 at panel tick nearest as_of+tmap_eta,tmap_routes
PI763257,2026-07-29 07:17:13,2026-07-29 07:36:13,2026-07-29 07:37:20,19,19.3,6.215,dongdaegu,1,1,True,target_available_at_arrival,available_count>0 at panel tick nearest as_of+tmap_eta,tmap_routes
CV000559,2026-08-06 06:25:55,2026-08-06 06:51:55,2026-08-06 06:55:56,26,25.9,4.657,dongdaegu,2,2,True,target_available_at_arrival,available_count>0 at panel tick nearest as_of+tmap_eta,tmap_routes
ST271704,2026-08-01 11:20:39,2026-08-01 11:49:39,2026-08-01 11:50:42,29,29.4,7.17,dongdaegu,1,1,True,target_available_at_arrival,available_count>0 at panel tick nearest as_of+tmap_eta,tmap_routes
DC530012,2026-07-30 08:54:25,2026-07-30 09:20:25,2026-07-30 09:24:36,26,26.5,4.462,dongdaegu,5,5,True,target_available_at_arrival,available_count>0 at panel tick nearest as_of+tmap_eta,tmap_routes
CV003566,2026-08-07 16:52:35,2026-08-07 17:16:35,2026-08-07 17:22:37,24,24.4,3.698,dongdaegu,2,2,True,target_available_at_arrival,available_count>0 at panel tick nearest as_of+tmap_eta,tmap_routes
CV002298,2026-07-28 12:50:56,2026-07-28 13:20:56,2026-07-28 13:21:10,30,29.6,11.989,dongdaegu,2,2,True,target_available_at_arrival,available_count>0 at panel tick nearest as_of+tmap_eta,tmap_routes
CV003119,2026-07-21 16:52:59,2026-07-21 17:30:59,2026-07-21 17:33:16,38,37.5,7.142,dongdaegu,2,3,True,target_available_at_arrival,available_count>0 at panel tick nearest as_of+tmap_eta,tmap_routes
LU001880,2026-08-03 22:04:03,2026-08-03 22:34:03,2026-08-03 22:34:05,30,30.2,9.246,dongdaegu,4,4,True,target_available_at_arrival,available_count>0 at panel tick nearest as_of+tmap_eta,tmap_routes
LU001561,2026-07-24 15:58:23,2026-07-24 16:02:23,2026-07-24 16:08:25,4,4.5,0.671,dongdaegu,1,1,True,target_available_at_arrival,available_count>0 at panel tick nearest as_of+tmap_eta,tmap_routes
PI530050,2026-07-30 05:53:45,2026-07-30 06:21:45,2026-07-30 06:23:57,28,27.9,5.947,dongdaegu,1,1,True,target_available_at_arrival,available_count>0 at panel tick nearest as_of+tmap_eta,tmap_routes
NT100237,2026-07-30 09:44:38,2026-07-30 10:17:38,2026-07-30 10:24:52,33,32.6,10.832,dongdaegu,2,2,True,target_available_at_arrival,available_count>0 at panel tick nearest as_of+tmap_eta,tmap_routes
CV002048,2026-07-30 10:55:00,2026-07-30 11:33:00,2026-07-30 11:35:14,38,37.7,10.255,dongdaegu,2,3,True,target_available_at_arrival,available_count>0 at panel tick nearest as_of+tmap_eta,tmap_routes
KP000230,2026-08-01 03:09:14,2026-08-01 03:23:14,2026-08-01 03:29:17,14,13.8,2.881,dongdaegu,2,2,True,target_available_at_arrival,available_count>0 at panel tick nearest as_of+tmap_eta,tmap_routes
CV001623,2026-07-26 18:59:28,2026-07-26 19:32:28,2026-07-26 19:39:34,33,33.0,8.52,dongdaegu,2,2,True,target_available_at_arrival,available_count>0 at panel tick nearest as_of+tmap_eta,tmap_routes
TDP00005,2026-08-02 00:03:03,2026-08-02 00:49:03,2026-08-02 00:56:01,46,46.4,22.772,dongdaegu,4,4,True,target_available_at_arrival,available_count>0 at panel tick nearest as_of+tmap_eta,tmap_routes
CV003258,2026-07-29 18:39:33,2026-07-29 19:33:33,2026-07-29 19:39:43,54,53.9,40.599,dongdaegu,6,5,True,target_available_at_arrival,available_count>0 at panel tick nearest as_of+tmap_eta,tmap_routes
ME184070,2026-07-20 20:51:06,2026-07-20 21:16:06,2026-07-20 21:21:08,25,25.3,8.197,dongdaegu,1,1,True,target_available_at_arrival,available_count>0 at panel tick nearest as_of+tmap_eta,tmap_routes
NT100237,2026-08-05 00:40:58,2026-08-05 01:13:58,2026-08-05 01:21:00,33,32.6,10.832,dongdaegu,2,2,True,target_available_at_arrival,available_count>0 at panel tick nearest as_of+tmap_eta,tmap_routes
CV003453,2026-08-07 17:12:36,2026-08-07 17:28:36,2026-08-07 17:32:38,16,16.1,3.323,dongdaegu,2,2,True,target_available_at_arrival,available_count>0 at panel tick nearest as_of+tmap_eta,tmap_routes
DC530020,2026-07-22 12:09:48,2026-07-22 12:32:48,2026-07-22 12:39:51,23,23.2,4.562,dongdaegu,1,1,True,target_available_at_arrival,available_count>0 at panel tick nearest as_of+tmap_eta,tmap_routes
NX000024,2026-07-26 03:57:14,2026-07-26 04:16:14,2026-07-26 04:17:17,19,19.2,5.643,dongdaegu,2,2,True,target_available_at_arrival,available_count>0 at panel tick nearest as_of+tmap_eta,tmap_routes
DC530012,2026-07-30 15:06:25,2026-07-30 15:32:25,2026-07-30 15:36:38,26,26.5,4.462,dongdaegu,5,4,True,target_available_at_arrival,available_count>0 at panel tick nearest as_of+tmap_eta,tmap_routes
CV002350,2026-07-29 19:29:42,2026-07-29 20:17:42,2026-07-29 20:19:54,48,47.8,13.156,dongdaegu,2,2,True,target_available_at_arrival,available_count>0 at panel tick nearest as_of+tmap_eta,tmap_routes
PI530316,2026-08-01 22:22:52,2026-08-01 22:55:52,2026-08-01 23:02:57,33,32.9,8.285,dongdaegu,1,1,True,target_available_at_arrival,available_count>0 at panel tick nearest as_of+tmap_eta,tmap_routes
PW000305,2026-08-02 21:49:23,2026-08-02 22:13:23,2026-08-02 22:19:27,24,24.1,5.361,dongdaegu,1,1,True,target_available_at_arrival,available_count>0 at panel tick nearest as_of+tmap_eta,tmap_routes
PI530285,2026-08-08 09:17:36,2026-08-08 09:45:36,2026-08-08 09:47:38,28,28.2,6.939,dongdaegu,1,1,True,target_available_at_arrival,available_count>0 at panel tick nearest as_of+tmap_eta,tmap_routes
ME18C171,2026-07-27 02:12:25,2026-07-27 02:36:25,2026-07-27 02:42:28,24,23.6,4.864,dongdaegu,1,1,True,target_available_at_arrival,available_count>0 at panel tick nearest as_of+tmap_eta,tmap_routes
KE000386,2026-07-28 02:18:30,2026-07-28 02:45:30,2026-07-28 02:48:33,27,27.0,10.39,dongdaegu,2,2,True,target_available_at_arrival,available_count>0 at panel tick nearest as_of+tmap_eta,tmap_routes
CV004305,2026-08-04 10:27:15,2026-08-04 11:01:15,2026-08-04 11:07:17,34,33.9,11.326,dongdaegu,2,2,True,target_available_at_arrival,available_count>0 at panel tick nearest as_of+tmap_eta,tmap_routes
PC000235,2026-07-24 03:27:13,2026-07-24 03:40:13,2026-07-24 03:42:20,13,12.8,1.908,dongdaegu,1,1,True,target_available_at_arrival,available_count>0 at panel tick nearest as_of+tmap_eta,tmap_routes
CV001123,2026-07-26 20:29:41,2026-07-26 21:09:41,2026-07-26 21:09:46,40,40.0,13.364,dongdaegu,1,1,True,target_available_at_arrival,available_count>0 at panel tick nearest as_of+tmap_eta,tmap_routes
CV003560,2026-08-07 02:11:19,2026-08-07 03:07:19,2026-08-07 03:11:21,56,55.9,32.014,dongdaegu,1,1,True,target_available_at_arrival,available_count>0 at panel tick nearest as_of+tmap_eta,tmap_routes
KP004805,2026-07-23 12:07:16,2026-07-23 12:24:16,2026-07-23 12:27:28,17,17.0,3.654,dongdaegu,2,2,True,target_available_at_arrival,available_count>0 at panel tick nearest as_of+tmap_eta,tmap_routes
CV002956,2026-08-04 17:47:44,2026-08-04 18:10:44,2026-08-04 18:17:46,23,23.3,7.169,dongdaegu,1,1,True,target_available_at_arrival,available_count>0 at panel tick nearest as_of+tmap_eta,tmap_routes
BNMI4438,2026-07-19 20:01:40,2026-07-19 20:39:40,2026-07-19 20:46:42,38,37.5,10.05,dongdaegu,1,1,True,target_available_at_arrival,available_count>0 at panel tick nearest as_of+tmap_eta,tmap_routes
ST271709,2026-07-30 01:43:05,2026-07-30 02:12:05,2026-07-30 02:13:07,29,28.9,7.971,dongdaegu,2,2,True,target_available_at_arrival,available_count>0 at panel tick nearest as_of+tmap_eta,tmap_routes
CV001223,2026-07-27 13:04:13,2026-07-27 13:29:13,2026-07-27 13:34:22,25,24.8,7.045,dongdaegu,2,2,True,target_available_at_arrival,available_count>0 at panel tick nearest as_of+tmap_eta,tmap_routes
CV000561,2026-07-26 21:09:46,2026-07-26 21:29:46,2026-07-26 21:29:49,20,20.5,3.796,dongdaegu,1,1,True,target_available_at_arrival,available_count>0 at panel tick nearest as_of+tmap_eta,tmap_routes
KE001518,2026-08-05 19:42:19,2026-08-05 20:32:19,2026-08-05 20:32:22,50,50.4,31.245,dongdaegu,1,2,True,target_available_at_arrival,available_count>0 at panel tick nearest as_of+tmap_eta,tmap_routes
EV006220,2026-07-29 15:08:46,2026-07-29 15:46:46,2026-07-29 15:48:51,38,37.6,13.391,dongdaegu,1,1,True,target_available_at_arrival,available_count>0 at panel tick nearest as_of+tmap_eta,tmap_routes
EV006226,2026-07-27 00:32:17,2026-07-27 01:10:17,2026-07-27 01:12:20,38,37.6,13.391,dongdaegu,1,1,True,target_available_at_arrival,available_count>0 at panel tick nearest as_of+tmap_eta,tmap_routes
PI740239,2026-08-01 00:59:02,2026-08-01 01:14:02,2026-08-01 01:19:04,15,14.8,2.101,dongdaegu,2,2,True,target_available_at_arrival,available_count>0 at panel tick nearest as_of+tmap_eta,tmap_routes
DC530008,2026-07-23 03:53:22,2026-07-23 04:36:22,2026-07-23 04:38:36,43,42.8,8.536,dongdaegu,3,3,True,target_available_at_arrival,available_count>0 at panel tick nearest as_of+tmap_eta,tmap_routes
PC001513,2026-08-07 19:22:51,2026-08-07 19:39:51,2026-08-07 19:43:02,17,16.9,2.629,dongdaegu,16,16,True,target_available_at_arrival,available_count>0 at panel tick nearest as_of+tmap_eta,tmap_routes
KP004413,2026-08-04 14:57:33,2026-08-04 15:51:33,2026-08-04 15:57:36,54,54.3,25.275,dongdaegu,2,2,True,target_available_at_arrival,available_count>0 at panel tick nearest as_of+tmap_eta,tmap_routes
CV002144,2026-07-29 00:16:11,2026-07-29 01:01:11,2026-07-29 01:06:15,45,44.6,9.399,dongdaegu,3,3,True,target_available_at_arrival,available_count>0 at panel tick nearest as_of+tmap_eta,tmap_routes
KE000375,2026-08-04 20:17:54,2026-08-04 20:46:54,2026-08-04 20:47:56,29,29.2,9.751,dongdaegu,2,2,True,target_available_at_arrival,available_count>0 at panel tick nearest as_of+tmap_eta,tmap_routes
CV004510,2026-07-30 01:53:05,2026-07-30 02:22:05,2026-07-30 02:23:08,29,29.4,6.162,dongdaegu,1,1,True,target_available_at_arrival,available_count>0 at panel tick nearest as_of+tmap_eta,tmap_routes
ME18C171,2026-08-01 22:22:52,2026-08-01 22:46:52,2026-08-01 22:52:56,24,23.6,4.864,dongdaegu,1,1,True,target_available_at_arrival,available_count>0 at panel tick nearest as_of+tmap_eta,tmap_routes
LU001877,2026-08-02 19:49:09,2026-08-02 20:18:09,2026-08-02 20:19:14,29,29.3,9.229,dongdaegu,7,7,True,target_available_at_arrival,available_count>0 at panel tick nearest as_of+tmap_eta,tmap_routes
ME19C143,2026-08-05 19:02:10,2026-08-05 19:57:10,2026-08-05 20:02:20,55,54.7,26.56,dongdaegu,1,1,True,target_available_at_arrival,available_count>0 at panel tick nearest as_of+tmap_eta,tmap_routes
CV001687,2026-07-24 19:19:10,2026-07-24 19:36:10,2026-07-24 19:39:13,17,16.8,3.319,dongdaegu,1,1,True,target_available_at_arrival,available_count>0 at panel tick nearest as_of+tmap_eta,tmap_routes
ST600399,2026-07-25 08:14:43,2026-07-25 09:11:43,2026-07-25 09:13:47,57,57.3,23.048,dongdaegu,2,4,True,target_available_at_arrival,available_count>0 at panel tick nearest as_of+tmap_eta,tmap_routes
CV000977,2026-07-29 23:40:29,2026-07-30 00:12:29,2026-07-30 00:12:57,32,31.9,9.77,dongdaegu,1,1,True,target_available_at_arrival,available_count>0 at panel tick nearest as_of+tmap_eta,tmap_routes
HW000407,2026-08-03 06:12:11,2026-08-03 06:42:11,2026-08-03 06:42:12,30,29.6,10.81,dongdaegu,5,5,True,target_available_at_arrival,available_count>0 at panel tick nearest as_of+tmap_eta,tmap_routes
PI540413,2026-08-04 17:57:45,2026-08-04 18:55:45,2026-08-04 18:57:49,58,58.1,26.276,dongdaegu,6,5,True,target_available_at_arrival,available_count>0 at panel tick nearest as_of+tmap_eta,tmap_routes
CV001969,2026-08-01 06:09:31,2026-08-01 06:39:31,2026-08-01 06:39:40,30,29.9,6.01,dongdaegu,1,1,True,target_available_at_arrival,available_count>0 at panel tick nearest as_of+tmap_eta,tmap_routes
ST601225,2026-07-24 05:58:25,2026-07-24 06:08:25,2026-07-24 06:08:35,10,9.8,1.871,dongdaegu,1,1,True,target_available_at_arrival,available_count>0 at panel tick nearest as_of+tmap_eta,tmap_routes
KP002181,2026-07-31 13:02:57,2026-07-31 13:35:57,2026-07-31 13:43:01,33,33.0,12.761,dongdaegu,1,0,False,target_available_at_arrival,available_count>0 at panel tick nearest as_of+tmap_eta,tmap_routes
PI740250,2026-08-04 03:56:53,2026-08-04 04:20:53,2026-08-04 04:26:54,24,23.5,5.437,dongdaegu,1,1,True,target_available_at_arrival,available_count>0 at panel tick nearest as_of+tmap_eta,tmap_routes
CV001493,2026-08-08 10:07:39,2026-08-08 10:41:39,2026-08-08 10:47:44,34,33.5,10.19,dongdaegu,3,3,True,target_available_at_arrival,available_count>0 at panel tick nearest as_of+tmap_eta,tmap_routes
ME19C227,2026-08-02 11:47:49,2026-08-02 12:40:49,2026-08-02 12:48:02,53,53.1,26.623,dongdaegu,1,2,True,target_available_at_arrival,available_count>0 at panel tick nearest as_of+tmap_eta,tmap_routes
EV008720,2026-07-29 03:36:35,2026-07-29 04:05:35,2026-07-29 04:06:40,29,29.0,8.593,dongdaegu,1,1,True,target_available_at_arrival,available_count>0 at panel tick nearest as_of+tmap_eta,tmap_routes
CV003096,2026-08-05 22:32:29,2026-08-05 23:02:29,2026-08-05 23:02:30,30,30.5,6.455,dongdaegu,1,1,True,target_available_at_arrival,available_count>0 at panel tick nearest as_of+tmap_eta,tmap_routes
KP004864,2026-07-30 12:35:22,2026-07-30 12:54:22,2026-07-30 12:55:25,19,18.9,4.039,dongdaegu,1,1,True,target_available_at_arrival,available_count>0 at panel tick nearest as_of+tmap_eta,tmap_routes
RE000181,2026-08-05 08:21:20,2026-08-05 08:47:20,2026-08-05 08:51:21,26,25.7,4.925,dongdaegu,2,2,True,target_available_at_arrival,available_count>0 at panel tick nearest as_of+tmap_eta,tmap_routes
ME25C171,2026-07-22 20:24:25,2026-07-22 20:41:25,2026-07-22 20:44:38,17,16.6,2.432,dongdaegu,1,1,True,target_available_at_arrival,available_count>0 at panel tick nearest as_of+tmap_eta,tmap_routes
PI202438,2026-08-04 03:36:52,2026-08-04 04:01:52,2026-08-04 04:06:53,25,24.6,6.768,dongdaegu,4,4,True,target_available_at_arrival,available_count>0 at panel tick nearest as_of+tmap_eta,tmap_routes
EV005965,2026-07-26 22:19:57,2026-07-26 23:04:57,2026-07-26 23:10:04,45,44.7,15.12,dongdaegu,3,3,True,target_available_at_arrival,available_count>0 at panel tick nearest as_of+tmap_eta,tmap_routes
CV002302,2026-08-03 09:42:29,2026-08-03 10:12:29,2026-08-03 10:12:31,30,29.7,11.329,dongdaegu,2,3,True,target_available_at_arrival,available_count>0 at panel tick nearest as_of+tmap_eta,tmap_routes
CV000906,2026-07-26 14:48:53,2026-07-26 14:56:53,2026-07-26 14:58:55,8,7.7,1.201,dongdaegu,1,1,True,target_available_at_arrival,available_count>0 at panel tick nearest as_of+tmap_eta,tmap_routes
HE240512,2026-08-01 19:22:20,2026-08-01 19:51:20,2026-08-01 19:52:26,29,29.2,9.227,dongdaegu,3,1,True,target_available_at_arrival,available_count>0 at panel tick nearest as_of+tmap_eta,tmap_routes
CV003041,2026-08-03 03:12:02,2026-08-03 03:36:02,2026-08-03 03:42:03,24,24.3,7.564,dongdaegu,14,15,True,target_available_at_arrival,available_count>0 at panel tick nearest as_of+tmap_eta,tmap_routes
ST601225,2026-08-03 11:12:35,2026-08-03 11:22:35,2026-08-03 11:22:36,10,9.8,1.871,dongdaegu,2,1,True,target_available_at_arrival,available_count>0 at panel tick nearest as_of+tmap_eta,tmap_routes
PI530271,2026-07-28 13:51:13,2026-07-28 14:15:13,2026-07-28 14:21:16,24,24.5,6.422,dongdaegu,2,2,True,target_available_at_arrival,available_count>0 at panel tick nearest as_of+tmap_eta,tmap_routes
CV001566,2026-07-29 15:48:51,2026-07-29 16:05:51,2026-07-29 16:08:53,17,17.3,3.217,dongdaegu,4,4,True,target_available_at_arrival,available_count>0 at panel tick nearest as_of+tmap_eta,tmap_routes
PIH02017,2026-07-29 06:06:58,2026-07-29 06:46:58,2026-07-29 06:47:09,40,39.5,14.443,dongdaegu,1,1,True,target_available_at_arrival,available_count>0 at panel tick nearest as_of+tmap_eta,tmap_routes
CV001048,2026-08-03 20:13:55,2026-08-03 20:58:55,2026-08-03 21:03:58,45,45.1,12.446,dongdaegu,1,1,True,target_available_at_arrival,available_count>0 at panel tick nearest as_of+tmap_eta,tmap_routes
PC000306,2026-08-01 00:38:59,2026-08-01 01:17:59,2026-08-01 01:19:04,39,39.1,12.302,dongdaegu,6,6,True,target_available_at_arrival,available_count>0 at panel tick nearest as_of+tmap_eta,tmap_routes
CV001264,2026-08-07 21:23:13,2026-08-07 22:17:13,2026-08-07 22:23:20,54,54.4,27.511,dongdaegu,3,3,True,target_available_at_arrival,available_count>0 at panel tick nearest as_of+tmap_eta,tmap_routes
CV002238,2026-07-20 11:44:55,2026-07-20 12:28:55,2026-07-20 12:30:00,44,44.1,12.969,dongdaegu,1,1,True,target_available_at_arrival,available_count>0 at panel tick nearest as_of+tmap_eta,tmap_routes
PIH00556,2026-07-30 12:25:20,2026-07-30 12:58:20,2026-07-30 13:05:26,33,33.0,8.546,dongdaegu,1,1,True,target_available_at_arrival,available_count>0 at panel tick nearest as_of+tmap_eta,tmap_routes
NX000018,2026-08-02 14:38:23,2026-08-02 15:05:23,2026-08-02 15:08:27,27,27.1,8.327,dongdaegu,2,2,True,target_available_at_arrival,available_count>0 at panel tick nearest as_of+tmap_eta,tmap_routes
CV003140,2026-08-01 17:32:02,2026-08-01 18:16:02,2026-08-01 18:22:13,44,44.4,15.17,dongdaegu,1,1,True,target_available_at_arrival,available_count>0 at panel tick nearest as_of+tmap_eta,tmap_routes
ME183070,2026-08-06 02:55:47,2026-08-06 03:44:47,2026-08-06 03:45:49,49,49.1,29.79,dongdaegu,1,1,True,target_available_at_arrival,available_count>0 at panel tick nearest as_of+tmap_eta,tmap_routes
ST272921,2026-07-31 17:15:00,2026-07-31 17:51:00,2026-07-31 17:55:07,36,36.5,13.409,dongdaegu,1,1,True,target_available_at_arrival,available_count>0 at panel tick nearest as_of+tmap_eta,tmap_routes
ST600274,2026-08-04 19:57:53,2026-08-04 20:32:53,2026-08-04 20:37:55,35,35.3,17.509,dongdaegu,1,1,True,target_available_at_arrival,available_count>0 at panel tick nearest as_of+tmap_eta,tmap_routes
CV000817,2026-08-03 23:54:09,2026-08-04 00:20:09,2026-08-04 00:26:41,26,25.8,7.07,dongdaegu,1,1,True,target_available_at_arrival,available_count>0 at panel tick nearest as_of+tmap_eta,tmap_routes
CV001488,2026-08-01 19:22:20,2026-08-01 19:52:20,2026-08-01 19:52:26,30,30.3,7.059,dongdaegu,1,1,True,target_available_at_arrival,available_count>0 at panel tick nearest as_of+tmap_eta,tmap_routes
HW000648,2026-08-02 11:47:49,2026-08-02 12:15:49,2026-08-02 12:17:53,28,27.5,9.134,dongdaegu,3,3,True,target_available_at_arrival,available_count>0 at panel tick nearest as_of+tmap_eta,tmap_routes
KP002181,2026-08-05 23:42:32,2026-08-06 00:15:32,2026-08-06 00:15:41,33,33.0,12.761,dongdaegu,1,1,True,target_available_at_arrival,available_count>0 at panel tick nearest as_of+tmap_eta,tmap_routes
HE192131,2026-08-07 00:07:22,2026-08-07 00:25:22,2026-08-07 00:31:15,18,17.5,2.483,dongdaegu,2,2,True,target_available_at_arrival,available_count>0 at panel tick nearest as_of+tmap_eta,tmap_routes
CV003134,2026-08-07 23:13:23,2026-08-07 23:31:23,2026-08-07 23:33:24,18,18.1,3.658,dongdaegu,1,1,True,target_available_at_arrival,available_count>0 at panel tick nearest as_of+tmap_eta,tmap_routes
PI202438,2026-08-01 03:49:19,2026-08-01 04:14:19,2026-08-01 04:19:22,25,24.6,6.768,dongdaegu,5,5,True,target_available_at_arrival,available_count>0 at panel tick nearest as_of+tmap_eta,tmap_routes
CV002389,2026-08-02 17:08:43,2026-08-02 17:35:43,2026-08-02 17:38:47,27,26.9,8.258,dongdaegu,1,1,True,target_available_at_arrival,available_count>0 at panel tick nearest as_of+tmap_eta,tmap_routes
PI306067,2026-08-08 08:17:32,2026-08-08 08:44:32,2026-08-08 08:47:34,27,27.0,9.229,dongdaegu,3,3,True,target_available_at_arrival,available_count>0 at panel tick nearest as_of+tmap_eta,tmap_routes
CV003468,2026-07-24 09:27:11,2026-07-24 10:03:11,2026-07-24 10:07:16,36,36.5,10.238,dongdaegu,1,1,True,target_available_at_arrival,available_count>0 at panel tick nearest as_of+tmap_eta,tmap_routes
SF000323,2026-08-01 18:22:13,2026-08-01 19:01:13,2026-08-01 19:02:18,39,39.2,19.36,dongdaegu,1,1,True,target_available_at_arrival,available_count>0 at panel tick nearest as_of+tmap_eta,tmap_routes
ST600663,2026-08-01 21:02:40,2026-08-01 21:38:40,2026-08-01 21:42:47,36,35.8,17.637,dongdaegu,3,3,True,target_available_at_arrival,available_count>0 at panel tick nearest as_of+tmap_eta,tmap_routes
ME19E161,2026-08-02 17:08:43,2026-08-02 17:27:43,2026-08-02 17:28:46,19,18.7,1.98,dongdaegu,1,1,True,target_available_at_arrival,available_count>0 at panel tick nearest as_of+tmap_eta,tmap_routes
TS272902,2026-08-02 10:37:39,2026-08-02 11:05:39,2026-08-02 11:07:43,28,28.4,9.806,dongdaegu,2,2,True,target_available_at_arrival,available_count>0 at panel tick nearest as_of+tmap_eta,tmap_routes
EV016067,2026-08-07 02:51:21,2026-08-07 03:35:21,2026-08-07 03:41:22,44,44.4,15.001,dongdaegu,2,2,True,target_available_at_arrival,available_count>0 at panel tick nearest as_of+tmap_eta,tmap_routes
CV003080,2026-08-05 01:10:59,2026-08-05 02:06:59,2026-08-05 02:11:02,56,56.0,32.563,dongdaegu,1,1,True,target_available_at_arrival,available_count>0 at panel tick nearest as_of+tmap_eta,tmap_routes
KP000240,2026-08-04 13:17:28,2026-08-04 14:11:28,2026-08-04 14:17:31,54,53.8,25.79,dongdaegu,2,2,True,target_available_at_arrival,available_count>0 at panel tick nearest as_of+tmap_eta,tmap_routes
PI700664,2026-08-06 09:56:12,2026-08-06 10:13:12,2026-08-06 10:16:13,17,16.7,2.747,dongdaegu,1,1,True,target_available_at_arrival,available_count>0 at panel tick nearest as_of+tmap_eta,tmap_routes
PIS00791,2026-07-26 20:39:42,2026-07-26 20:55:42,2026-07-26 20:59:45,16,15.7,2.355,dongdaegu,6,6,True,target_available_at_arrival,available_count>0 at panel tick nearest as_of+tmap_eta,tmap_routes
CV003096,2026-07-18 20:06:10,2026-07-18 20:36:10,2026-07-18 20:36:12,30,30.5,6.455,dongdaegu,1,1,True,target_available_at_arrival,available_count>0 at panel tick nearest as_of+tmap_eta,tmap_routes
KP002183,2026-07-28 08:29:24,2026-07-28 08:43:24,2026-07-28 08:49:35,14,14.1,4.396,dongdaegu,2,2,True,target_available_at_arrival,available_count>0 at panel tick nearest as_of+tmap_eta,tmap_routes
CV003237,2026-07-26 12:58:39,2026-07-26 13:25:39,2026-07-26 13:28:43,27,27.1,8.007,dongdaegu,1,1,True,target_available_at_arrival,available_count>0 at panel tick nearest as_of+tmap_eta,tmap_routes
PW015361,2026-08-04 17:37:44,2026-08-04 18:25:44,2026-08-04 18:27:47,48,48.2,23.951,dongdaegu,2,2,True,target_available_at_arrival,available_count>0 at panel tick nearest as_of+tmap_eta,tmap_routes
PW012357,2026-08-01 21:02:40,2026-08-01 21:35:40,2026-08-01 21:42:47,33,33.0,11.743,dongdaegu,1,1,True,target_available_at_arrival,available_count>0 at panel tick nearest as_of+tmap_eta,tmap_routes
HM000722,2026-08-06 00:55:43,2026-08-06 01:45:43,2026-08-06 01:45:45,50,49.6,13.089,dongdaegu,7,7,True,target_available_at_arrival,available_count>0 at panel tick nearest as_of+tmap_eta,tmap_routes
EV004924,2026-07-27 18:05:13,2026-07-27 18:52:13,2026-07-27 18:55:23,47,46.7,9.487,dongdaegu,2,2,True,target_available_at_arrival,available_count>0 at panel tick nearest as_of+tmap_eta,tmap_routes
HW000501,2026-08-03 05:02:06,2026-08-03 05:20:06,2026-08-03 05:22:07,18,17.9,3.428,dongdaegu,4,4,True,target_available_at_arrival,available_count>0 at panel tick nearest as_of+tmap_eta,tmap_routes
EV006187,2026-08-06 22:27:16,2026-08-06 23:00:16,2026-08-06 23:07:18,33,32.7,9.315,dongdaegu,3,3,True,target_available_at_arrival,available_count>0 at panel tick nearest as_of+tmap_eta,tmap_routes
CV002012,2026-08-03 17:23:00,2026-08-03 17:57:00,2026-08-03 18:03:46,34,33.6,10.327,dongdaegu,1,1,True,target_available_at_arrival,available_count>0 at panel tick nearest as_of+tmap_eta,tmap_routes
CV000556,2026-07-25 15:13:38,2026-07-25 15:53:38,2026-07-25 15:53:48,40,40.5,11.691,dongdaegu,1,1,True,target_available_at_arrival,available_count>0 at panel tick nearest as_of+tmap_eta,tmap_routes
KE000540,2026-08-03 12:12:38,2026-08-03 12:22:38,2026-08-03 12:22:39,10,10.2,1.469,dongdaegu,2,2,True,target_available_at_arrival,available_count>0 at panel tick nearest as_of+tmap_eta,tmap_routes
ME21A140,2026-07-27 18:45:22,2026-07-27 19:38:22,2026-07-27 19:45:42,53,53.0,40.12,dongdaegu,1,1,True,target_available_at_arrival,available_count>0 at panel tick nearest as_of+tmap_eta,tmap_routes
LU001682,2026-08-08 10:27:43,2026-08-08 10:50:43,2026-08-08 10:57:44,23,22.7,6.713,dongdaegu,2,2,True,target_available_at_arrival,available_count>0 at panel tick nearest as_of+tmap_eta,tmap_routes
CV001048,2026-08-05 15:31:54,2026-08-05 16:16:54,2026-08-05 16:21:57,45,45.1,12.446,dongdaegu,1,1,True,target_available_at_arrival,available_count>0 at panel tick nearest as_of+tmap_eta,tmap_routes
CV002048,2026-07-29 01:16:16,2026-07-29 01:54:16,2026-07-29 01:56:20,38,37.7,10.255,dongdaegu,3,3,True,target_available_at_arrival,available_count>0 at panel tick nearest as_of+tmap_eta,tmap_routes
PI740262,2026-07-26 04:57:22,2026-07-26 05:40:22,2026-07-26 05:47:29,43,42.8,15.204,dongdaegu,1,1,True,target_available_at_arrival,available_count>0 at panel tick nearest as_of+tmap_eta,tmap_routes
NT101301,2026-07-27 20:56:01,2026-07-27 21:42:01,2026-07-27 21:46:08,46,46.0,23.701,dongdaegu,1,1,True,target_available_at_arrival,available_count>0 at panel tick nearest as_of+tmap_eta,tmap_routes
CV002034,2026-07-29 13:58:36,2026-07-29 14:33:36,2026-07-29 14:38:43,35,35.0,10.495,dongdaegu,2,2,True,target_available_at_arrival,available_count>0 at panel tick nearest as_of+tmap_eta,tmap_routes
CV003064,2026-08-05 14:41:52,2026-08-05 15:09:52,2026-08-05 15:11:53,28,28.5,7.639,dongdaegu,1,1,True,target_available_at_arrival,available_count>0 at panel tick nearest as_of+tmap_eta,tmap_routes
KE000354,2026-07-27 06:53:01,2026-07-27 07:10:01,2026-07-27 07:13:06,17,16.6,4.132,dongdaegu,2,2,True,target_available_at_arrival,available_count>0 at panel tick nearest as_of+tmap_eta,tmap_routes
BNBN0586,2026-08-06 14:56:29,2026-08-06 15:34:29,2026-08-06 15:36:35,38,38.5,10.312,dongdaegu,2,2,True,target_available_at_arrival,available_count>0 at panel tick nearest as_of+tmap_eta,tmap_routes
KP004864,2026-08-02 03:26:30,2026-08-02 03:45:30,2026-08-02 03:46:34,19,18.9,4.039,dongdaegu,2,2,True,target_available_at_arrival,available_count>0 at panel tick nearest as_of+tmap_eta,tmap_routes
CV004541,2026-07-28 10:29:53,2026-07-28 10:45:53,2026-07-28 10:49:55,16,16.1,3.267,dongdaegu,4,4,True,target_available_at_arrival,available_count>0 at panel tick nearest as_of+tmap_eta,tmap_routes
EV004924,2026-07-26 11:38:27,2026-07-26 12:25:27,2026-07-26 12:28:35,47,46.7,9.487,dongdaegu,2,2,True,target_available_at_arrival,available_count>0 at panel tick nearest as_of+tmap_eta,tmap_routes
PI764798,2026-08-04 14:47:32,2026-08-04 15:10:32,2026-08-04 15:17:34,23,22.6,6.222,dongdaegu,2,2,True,target_available_at_arrival,available_count>0 at panel tick nearest as_of+tmap_eta,tmap_routes
HW000466,2026-07-24 10:07:16,2026-07-24 11:07:16,2026-07-24 11:07:28,60,60.4,25.938,dongdaegu,2,2,True,target_available_at_arrival,available_count>0 at panel tick nearest as_of+tmap_eta,tmap_routes
IN053043,2026-08-06 16:16:38,2026-08-06 16:42:38,2026-08-06 16:46:39,26,26.2,7.385,dongdaegu,1,1,True,target_available_at_arrival,available_count>0 at panel tick nearest as_of+tmap_eta,tmap_routes
CV001636,2026-08-02 18:38:56,2026-08-02 19:16:56,2026-08-02 19:19:02,38,37.9,9.77,dongdaegu,2,2,True,target_available_at_arrival,available_count>0 at panel tick nearest as_of+tmap_eta,tmap_routes
IN053082,2026-07-18 10:20:24,2026-07-18 10:59:24,2026-07-18 11:05:26,39,39.1,13.086,dongdaegu,4,6,True,target_available_at_arrival,available_count>0 at panel tick nearest as_of+tmap_eta,tmap_routes
HY000978,2026-07-31 10:12:36,2026-07-31 10:25:36,2026-07-31 10:32:38,13,13.4,2.845,dongdaegu,3,3,True,target_available_at_arrival,available_count>0 at panel tick nearest as_of+tmap_eta,tmap_routes
EV005838,2026-07-23 08:19:50,2026-07-23 08:45:50,2026-07-23 08:50:19,26,25.7,7.322,dongdaegu,1,1,True,target_available_at_arrival,available_count>0 at panel tick nearest as_of+tmap_eta,tmap_routes
ME183061,2026-07-24 15:08:16,2026-07-24 15:24:16,2026-07-24 15:28:19,16,15.5,1.801,dongdaegu,1,1,True,target_available_at_arrival,available_count>0 at panel tick nearest as_of+tmap_eta,tmap_routes
CV003040,2026-07-24 18:39:04,2026-07-24 19:04:04,2026-07-24 19:09:08,25,24.9,7.898,dongdaegu,3,2,True,target_available_at_arrival,available_count>0 at panel tick nearest as_of+tmap_eta,tmap_routes
PC000235,2026-07-26 12:28:35,2026-07-26 12:41:35,2026-07-26 12:48:38,13,12.8,1.908,dongdaegu,3,3,True,target_available_at_arrival,available_count>0 at panel tick nearest as_of+tmap_eta,tmap_routes
CV001894,2026-07-28 06:59:06,2026-07-28 07:16:06,2026-07-28 07:19:09,17,16.7,3.567,dongdaegu,1,1,True,target_available_at_arrival,available_count>0 at panel tick nearest as_of+tmap_eta,tmap_routes
CV001343,2026-07-28 05:38:57,2026-07-28 06:06:57,2026-07-28 06:09:00,28,28.3,6.858,dongdaegu,1,1,True,target_available_at_arrival,available_count>0 at panel tick nearest as_of+tmap_eta,tmap_routes
PI530310,2026-07-29 04:36:46,2026-07-29 05:01:46,2026-07-29 05:06:51,25,25.0,7.513,dongdaegu,1,1,True,target_available_at_arrival,available_count>0 at panel tick nearest as_of+tmap_eta,tmap_routes
CV002197,2026-08-01 14:11:19,2026-08-01 14:37:19,2026-08-01 14:41:28,26,25.7,4.225,dongdaegu,1,0,False,target_available_at_arrival,available_count>0 at panel tick nearest as_of+tmap_eta,tmap_routes
KE001402,2026-07-24 10:47:26,2026-07-24 11:07:26,2026-07-24 11:07:28,20,20.4,3.742,dongdaegu,1,1,True,target_available_at_arrival,available_count>0 at panel tick nearest as_of+tmap_eta,tmap_routes
PI530305,2026-08-04 22:58:07,2026-08-04 23:43:07,2026-08-04 23:48:09,45,45.4,19.208,dongdaegu,2,2,True,target_available_at_arrival,available_count>0 at panel tick nearest as_of+tmap_eta,tmap_routes
KE001518,2026-07-23 02:43:08,2026-07-23 03:33:08,2026-07-23 03:33:19,50,50.4,31.245,dongdaegu,1,1,True,target_available_at_arrival,available_count>0 at panel tick nearest as_of+tmap_eta,tmap_routes
ME19D114,2026-08-01 23:43:01,2026-08-02 00:32:01,2026-08-02 00:35:57,49,48.6,28.839,dongdaegu,1,1,True,target_available_at_arrival,available_count>0 at panel tick nearest as_of+tmap_eta,tmap_routes
EV005963,2026-07-25 14:34:58,2026-07-25 15:18:58,2026-07-25 15:23:39,44,44.5,15.209,dongdaegu,1,2,True,target_available_at_arrival,available_count>0 at panel tick nearest as_of+tmap_eta,tmap_routes
ME21B198,2026-08-01 12:20:51,2026-08-01 12:40:51,2026-08-01 12:40:53,20,20.2,2.393,dongdaegu,1,0,False,target_available_at_arrival,available_count>0 at panel tick nearest as_of+tmap_eta,tmap_routes
LU002365,2026-07-28 15:52:09,2026-07-28 16:22:09,2026-07-28 16:22:13,30,30.5,8.144,dongdaegu,1,1,True,target_available_at_arrival,available_count>0 at panel tick nearest as_of+tmap_eta,tmap_routes
CV004551,2026-07-28 15:11:38,2026-07-28 16:05:38,2026-07-28 16:12:12,54,54.2,40.076,dongdaegu,2,2,True,target_available_at_arrival,available_count>0 at panel tick nearest as_of+tmap_eta,tmap_routes
CV001906,2026-07-20 14:15:11,2026-07-20 14:45:11,2026-07-20 14:45:24,30,29.6,8.24,dongdaegu,2,2,True,target_available_at_arrival,available_count>0 at panel tick nearest as_of+tmap_eta,tmap_routes
ME18C255,2026-08-01 13:11:02,2026-08-01 13:41:02,2026-08-01 13:41:16,30,29.8,8.943,dongdaegu,2,2,True,target_available_at_arrival,available_count>0 at panel tick nearest as_of+tmap_eta,tmap_routes
LU001877,2026-07-25 16:43:57,2026-07-25 17:12:57,2026-07-25 17:14:01,29,29.3,9.229,dongdaegu,1,1,True,target_available_at_arrival,available_count>0 at panel tick nearest as_of+tmap_eta,tmap_routes
EP230165,2026-07-28 19:23:10,2026-07-28 19:57:10,2026-07-28 20:03:16,34,34.1,11.583,dongdaegu,1,1,True,target_available_at_arrival,available_count>0 at panel tick nearest as_of+tmap_eta,tmap_routes
CU530011,2026-07-29 15:48:51,2026-07-29 16:04:51,2026-07-29 16:08:53,16,15.6,2.998,dongdaegu,20,20,True,target_available_at_arrival,available_count>0 at panel tick nearest as_of+tmap_eta,tmap_routes
NX000024,2026-08-06 13:16:24,2026-08-06 13:35:24,2026-08-06 13:36:25,19,19.2,5.643,dongdaegu,3,3,True,target_available_at_arrival,available_count>0 at panel tick nearest as_of+tmap_eta,tmap_routes
ST600663,2026-08-07 02:51:21,2026-08-07 03:27:21,2026-08-07 03:31:22,36,35.8,17.637,dongdaegu,2,2,True,target_available_at_arrival,available_count>0 at panel tick nearest as_of+tmap_eta,tmap_routes
PIH01804,2026-07-30 00:32:58,2026-07-30 00:50:58,2026-07-30 00:53:00,18,17.8,3.532,dongdaegu,12,12,True,target_available_at_arrival,available_count>0 at panel tick nearest as_of+tmap_eta,tmap_routes
CV003185,2026-08-02 21:09:21,2026-08-02 21:39:21,2026-08-02 21:39:23,30,30.1,9.788,dongdaegu,7,7,True,target_available_at_arrival,available_count>0 at panel tick nearest as_of+tmap_eta,tmap_routes
KP004852,2026-07-27 16:04:53,2026-07-27 16:41:53,2026-07-27 16:45:00,37,36.9,12.656,dongdaegu,1,1,True,target_available_at_arrival,available_count>0 at panel tick nearest as_of+tmap_eta,tmap_routes
TS271407,2026-07-24 13:58:01,2026-07-24 14:08:01,2026-07-24 14:08:02,10,10.3,1.646,dongdaegu,3,3,True,target_available_at_arrival,available_count>0 at panel tick nearest as_of+tmap_eta,tmap_routes
CV003117,2026-08-07 13:22:13,2026-08-07 14:11:13,2026-08-07 14:12:16,49,48.7,17.255,dongdaegu,1,1,True,target_available_at_arrival,available_count>0 at panel tick nearest as_of+tmap_eta,tmap_routes
ST277202,2026-07-30 07:54:16,2026-07-30 08:42:16,2026-07-30 08:44:23,48,47.9,35.88,dongdaegu,2,2,True,target_available_at_arrival,available_count>0 at panel tick nearest as_of+tmap_eta,tmap_routes
JA270008,2026-07-29 10:38:06,2026-07-29 10:58:06,2026-07-29 10:58:09,20,20.5,4.637,dongdaegu,15,15,True,target_available_at_arrival,available_count>0 at panel tick nearest as_of+tmap_eta,tmap_routes
CV000321,2026-07-28 11:09:58,2026-07-28 11:26:58,2026-07-28 11:30:08,17,17.2,4.756,dongdaegu,2,2,True,target_available_at_arrival,available_count>0 at panel tick nearest as_of+tmap_eta,tmap_routes
ME21B198,2026-08-01 08:09:54,2026-08-01 08:29:54,2026-08-01 08:29:57,20,20.2,2.393,dongdaegu,1,1,True,target_available_at_arrival,available_count>0 at panel tick nearest as_of+tmap_eta,tmap_routes
CV000219,2026-08-05 04:21:07,2026-08-05 04:58:07,2026-08-05 05:01:08,37,37.2,14.875,dongdaegu,2,2,True,target_available_at_arrival,available_count>0 at panel tick nearest as_of+tmap_eta,tmap_routes
PW012357,2026-08-01 03:59:20,2026-08-01 04:32:20,2026-08-01 04:39:23,33,33.0,11.743,dongdaegu,1,1,True,target_available_at_arrival,available_count>0 at panel tick nearest as_of+tmap_eta,tmap_routes
CV002072,2026-08-07 07:21:38,2026-08-07 07:41:38,2026-08-07 07:41:39,20,20.2,4.511,dongdaegu,1,1,True,target_available_at_arrival,available_count>0 at panel tick nearest as_of+tmap_eta,tmap_routes
PI122336,2026-07-30 03:43:21,2026-07-30 04:26:21,2026-07-30 04:33:34,43,43.4,15.158,dongdaegu,1,1,True,target_available_at_arrival,available_count>0 at panel tick nearest as_of+tmap_eta,tmap_routes
EV003858,2026-08-05 02:01:01,2026-08-05 02:11:01,2026-08-05 02:11:02,10,10.2,1.868,dongdaegu,1,1,True,target_available_at_arrival,available_count>0 at panel tick nearest as_of+tmap_eta,tmap_routes
CV001623,2026-08-04 00:26:41,2026-08-04 00:59:41,2026-08-04 01:06:43,33,33.0,8.52,dongdaegu,2,2,True,target_available_at_arrival,available_count>0 at panel tick nearest as_of+tmap_eta,tmap_routes
ST272308,2026-08-01 06:19:35,2026-08-01 06:35:35,2026-08-01 06:39:40,16,15.9,3.465,dongdaegu,3,3,True,target_available_at_arrival,available_count>0 at panel tick nearest as_of+tmap_eta,tmap_routes
CV002115,2026-07-24 02:57:08,2026-07-24 03:27:08,2026-07-24 03:27:13,30,29.8,9.615,dongdaegu,2,2,True,target_available_at_arrival,available_count>0 at panel tick nearest as_of+tmap_eta,tmap_routes
CV003573,2026-08-04 21:38:03,2026-08-04 21:55:03,2026-08-04 21:58:03,17,17.1,2.711,dongdaegu,2,2,True,target_available_at_arrival,available_count>0 at panel tick nearest as_of+tmap_eta,tmap_routes
NH270001,2026-07-26 22:29:58,2026-07-26 23:22:58,2026-07-26 23:30:06,53,52.7,39.287,dongdaegu,2,2,True,target_available_at_arrival,available_count>0 at panel tick nearest as_of+tmap_eta,tmap_routes
KP004864,2026-07-26 02:17:01,2026-07-26 02:36:01,2026-07-26 02:37:03,19,18.9,4.039,dongdaegu,1,1,True,target_available_at_arrival,available_count>0 at panel tick nearest as_of+tmap_eta,tmap_routes
CV003078,2026-07-26 02:07:00,2026-07-26 03:02:00,2026-07-26 03:07:06,55,54.9,26.032,dongdaegu,1,1,True,target_available_at_arrival,available_count>0 at panel tick nearest as_of+tmap_eta,tmap_routes
KL001763,2026-08-01 07:19:45,2026-08-01 08:06:45,2026-08-01 08:09:54,47,47.2,19.423,dongdaegu,1,0,False,target_available_at_arrival,available_count>0 at panel tick nearest as_of+tmap_eta,tmap_routes
CV003763,2026-08-01 14:21:20,2026-08-01 15:01:20,2026-08-01 15:01:30,40,40.0,9.438,dongdaegu,4,3,True,target_available_at_arrival,available_count>0 at panel tick nearest as_of+tmap_eta,tmap_routes
ME24B144,2026-08-03 13:02:41,2026-08-03 13:55:41,2026-08-03 14:02:46,53,53.4,31.05,dongdaegu,1,1,True,target_available_at_arrival,available_count>0 at panel tick nearest as_of+tmap_eta,tmap_routes
CV001124,2026-07-30 18:17:11,2026-07-30 18:57:11,2026-07-30 18:57:30,40,40.4,13.358,dongdaegu,1,1,True,target_available_at_arrival,available_count>0 at panel tick nearest as_of+tmap_eta,tmap_routes
CV003205,2026-07-31 03:11:03,2026-07-31 04:08:03,2026-07-31 04:11:18,57,56.8,25.455,dongdaegu,6,6,True,target_available_at_arrival,available_count>0 at panel tick nearest as_of+tmap_eta,tmap_routes
ME21B301,2026-08-02 13:48:13,2026-08-02 14:23:13,2026-08-02 14:28:22,35,34.6,12.022,dongdaegu,1,3,True,target_available_at_arrival,available_count>0 at panel tick nearest as_of+tmap_eta,tmap_routes
CV001635,2026-08-02 04:46:40,2026-08-02 05:24:40,2026-08-02 05:26:45,38,37.6,10.026,dongdaegu,2,2,True,target_available_at_arrival,available_count>0 at panel tick nearest as_of+tmap_eta,tmap_routes
SF003065,2026-07-27 21:26:06,2026-07-27 21:42:06,2026-07-27 21:46:08,16,15.7,3.983,dongdaegu,1,1,True,target_available_at_arrival,available_count>0 at panel tick nearest as_of+tmap_eta,tmap_routes
HE000883,2026-08-04 22:48:06,2026-08-04 23:17:06,2026-08-04 23:18:07,29,29.2,9.221,dongdaegu,20,20,True,target_available_at_arrival,available_count>0 at panel tick nearest as_of+tmap_eta,tmap_routes
ME22C250,2026-07-29 09:48:00,2026-07-29 10:45:00,2026-07-29 10:48:07,57,57.1,24.108,dongdaegu,2,2,True,target_available_at_arrival,available_count>0 at panel tick nearest as_of+tmap_eta,tmap_routes
CV002203,2026-08-03 02:11:59,2026-08-03 02:46:59,2026-08-03 02:52:01,35,35.2,13.714,dongdaegu,4,4,True,target_available_at_arrival,available_count>0 at panel tick nearest as_of+tmap_eta,tmap_routes
KP000240,2026-08-02 15:18:28,2026-08-02 16:12:28,2026-08-02 16:18:38,54,53.8,25.79,dongdaegu,2,2,True,target_available_at_arrival,available_count>0 at panel tick nearest as_of+tmap_eta,tmap_routes
CV001566,2026-07-27 23:36:21,2026-07-27 23:53:21,2026-07-27 23:56:26,17,17.3,3.217,dongdaegu,3,3,True,target_available_at_arrival,available_count>0 at panel tick nearest as_of+tmap_eta,tmap_routes
CV000701,2026-08-06 12:56:21,2026-08-06 13:41:21,2026-08-06 13:46:25,45,44.6,14.992,dongdaegu,4,4,True,target_available_at_arrival,available_count>0 at panel tick nearest as_of+tmap_eta,tmap_routes
EC005058,2026-08-02 01:16:03,2026-08-02 01:43:03,2026-08-02 01:46:10,27,27.4,8.907,dongdaegu,1,1,True,target_available_at_arrival,available_count>0 at panel tick nearest as_of+tmap_eta,tmap_routes
LU100968,2026-08-01 18:42:15,2026-08-01 18:55:15,2026-08-01 19:02:18,13,12.8,0.497,dongdaegu,3,3,True,target_available_at_arrival,available_count>0 at panel tick nearest as_of+tmap_eta,tmap_routes
CV001318,2026-07-30 08:14:19,2026-07-30 08:42:19,2026-07-30 08:44:23,28,28.5,5.908,dongdaegu,3,4,True,target_available_at_arrival,available_count>0 at panel tick nearest as_of+tmap_eta,tmap_routes
ST271401,2026-07-31 13:33:00,2026-07-31 13:58:00,2026-07-31 14:03:04,25,24.8,8.995,dongdaegu,6,5,True,target_available_at_arrival,available_count>0 at panel tick nearest as_of+tmap_eta,tmap_routes
CV001972,2026-08-05 14:11:48,2026-08-05 14:27:48,2026-08-05 14:31:51,16,15.9,2.727,dongdaegu,1,1,True,target_available_at_arrival,available_count>0 at panel tick nearest as_of+tmap_eta,tmap_routes
PI700651,2026-07-26 04:37:19,2026-07-26 04:54:19,2026-07-26 04:57:22,17,17.4,3.421,dongdaegu,2,2,True,target_available_at_arrival,available_count>0 at panel tick nearest as_of+tmap_eta,tmap_routes
ME23B186,2026-08-01 01:29:05,2026-08-01 01:46:05,2026-08-01 01:49:07,17,16.9,2.531,dongdaegu,1,1,True,target_available_at_arrival,available_count>0 at panel tick nearest as_of+tmap_eta,tmap_routes
LU003651,2026-08-06 07:05:57,2026-08-06 08:02:57,2026-08-06 08:06:00,57,57.2,26.562,dongdaegu,5,5,True,target_available_at_arrival,available_count>0 at panel tick nearest as_of+tmap_eta,tmap_routes
CV003120,2026-08-08 01:37:06,2026-08-08 02:06:06,2026-08-08 02:07:09,29,28.6,8.931,dongdaegu,1,1,True,target_available_at_arrival,available_count>0 at panel tick nearest as_of+tmap_eta,tmap_routes
CV001706,2026-08-05 08:41:21,2026-08-05 09:36:21,2026-08-05 09:41:24,55,54.8,26.617,dongdaegu,2,2,True,target_available_at_arrival,available_count>0 at panel tick nearest as_of+tmap_eta,tmap_routes
CV003129,2026-07-31 11:12:42,2026-07-31 11:45:42,2026-07-31 11:52:46,33,33.1,9.279,dongdaegu,1,1,True,target_available_at_arrival,available_count>0 at panel tick nearest as_of+tmap_eta,tmap_routes
ME20C184,2026-07-24 07:08:58,2026-07-24 07:39:58,2026-07-24 07:44:14,31,30.6,9.593,dongdaegu,1,1,True,target_available_at_arrival,available_count>0 at panel tick nearest as_of+tmap_eta,tmap_routes
ME183062,2026-07-29 09:48:00,2026-07-29 10:26:00,2026-07-29 10:28:05,38,38.3,13.119,dongdaegu,1,1,True,target_available_at_arrival,available_count>0 at panel tick nearest as_of+tmap_eta,tmap_routes
KE001051,2026-08-01 06:19:35,2026-08-01 06:42:35,2026-08-01 06:49:41,23,22.6,3.639,dongdaegu,1,1,True,target_available_at_arrival,available_count>0 at panel tick nearest as_of+tmap_eta,tmap_routes
ME181302,2026-08-01 13:51:17,2026-08-01 14:39:17,2026-08-01 14:41:28,48,47.9,13.111,dongdaegu,1,1,True,target_available_at_arrival,available_count>0 at panel tick nearest as_of+tmap_eta,tmap_routes
CV001971,2026-08-03 08:12:19,2026-08-03 08:26:19,2026-08-03 08:32:20,14,14.4,3.104,dongdaegu,1,1,True,target_available_at_arrival,available_count>0 at panel tick nearest as_of+tmap_eta,tmap_routes
CV000555,2026-08-06 19:36:53,2026-08-06 19:46:53,2026-08-06 19:46:54,10,9.6,1.415,dongdaegu,1,1,True,target_available_at_arrival,available_count>0 at panel tick nearest as_of+tmap_eta,tmap_routes
RE000154,2026-08-07 08:41:47,2026-08-07 09:05:47,2026-08-07 09:11:51,24,24.5,8.606,dongdaegu,3,3,True,target_available_at_arrival,available_count>0 at panel tick nearest as_of+tmap_eta,tmap_routes
CV001488,2026-07-28 18:12:53,2026-07-28 18:42:53,2026-07-28 18:43:00,30,30.3,7.059,dongdaegu,2,2,True,target_available_at_arrival,available_count>0 at panel tick nearest as_of+tmap_eta,tmap_routes
CV000194,2026-07-28 12:20:36,2026-07-28 13:09:36,2026-07-28 13:11:09,49,48.9,17.248,dongdaegu,1,1,True,target_available_at_arrival,available_count>0 at panel tick nearest as_of+tmap_eta,tmap_routes
ST277109,2026-08-03 11:12:35,2026-08-03 11:48:35,2026-08-03 11:52:37,36,35.6,12.799,dongdaegu,2,2,True,target_available_at_arrival,available_count>0 at panel tick nearest as_of+tmap_eta,tmap_routes
ME18C254,2026-08-04 13:17:28,2026-08-04 13:51:28,2026-08-04 13:57:30,34,34.3,7.296,dongdaegu,2,2,True,target_available_at_arrival,available_count>0 at panel tick nearest as_of+tmap_eta,tmap_routes
SF002471,2026-08-04 19:47:53,2026-08-04 20:20:53,2026-08-04 20:27:55,33,32.8,12.4,dongdaegu,1,1,True,target_available_at_arrival,available_count>0 at panel tick nearest as_of+tmap_eta,tmap_routes
PIS00579,2026-07-28 02:08:29,2026-07-28 02:33:29,2026-07-28 02:38:32,25,24.8,8.567,dongdaegu,2,2,True,target_available_at_arrival,available_count>0 at panel tick nearest as_of+tmap_eta,tmap_routes
CV000321,2026-07-26 19:39:34,2026-07-26 19:56:34,2026-07-26 19:59:36,17,17.2,4.756,dongdaegu,1,1,True,target_available_at_arrival,available_count>0 at panel tick nearest as_of+tmap_eta,tmap_routes
PI740227,2026-08-04 14:27:31,2026-08-04 14:33:31,2026-08-04 14:37:32,6,6.0,0.717,dongdaegu,2,2,True,target_available_at_arrival,available_count>0 at panel tick nearest as_of+tmap_eta,tmap_routes
SF000955,2026-08-06 11:46:17,2026-08-06 11:59:17,2026-08-06 12:06:18,13,12.6,2.022,dongdaegu,4,4,True,target_available_at_arrival,available_count>0 at panel tick nearest as_of+tmap_eta,tmap_routes
ME183056,2026-07-22 22:25:18,2026-07-22 22:57:18,2026-07-22 23:00:24,32,32.0,6.812,dongdaegu,1,1,True,target_available_at_arrival,available_count>0 at panel tick nearest as_of+tmap_eta,tmap_routes
KP005873,2026-08-04 15:07:33,2026-08-04 15:32:33,2026-08-04 15:37:35,25,24.6,5.454,dongdaegu,1,1,True,target_available_at_arrival,available_count>0 at panel tick nearest as_of+tmap_eta,tmap_routes
CV000146,2026-07-27 23:06:17,2026-07-27 23:26:17,2026-07-27 23:26:19,20,19.5,3.384,dongdaegu,2,2,True,target_available_at_arrival,available_count>0 at panel tick nearest as_of+tmap_eta,tmap_routes
AZ100017,2026-08-07 00:07:22,2026-08-07 00:46:22,2026-08-07 00:51:16,39,39.2,8.401,dongdaegu,7,7,True,target_available_at_arrival,available_count>0 at panel tick nearest as_of+tmap_eta,tmap_routes
CV003565,2026-07-24 20:29:23,2026-07-24 20:56:23,2026-07-24 20:59:30,27,26.6,7.173,dongdaegu,1,1,True,target_available_at_arrival,available_count>0 at panel tick nearest as_of+tmap_eta,tmap_routes
CV004698,2026-08-07 10:11:57,2026-08-07 10:29:57,2026-08-07 10:31:58,18,18.4,2.885,dongdaegu,1,1,True,target_available_at_arrival,available_count>0 at panel tick nearest as_of+tmap_eta,tmap_routes
CV000978,2026-07-29 16:49:07,2026-07-29 17:14:07,2026-07-29 17:19:18,25,25.3,6.225,dongdaegu,4,5,True,target_available_at_arrival,available_count>0 at panel tick nearest as_of+tmap_eta,tmap_routes
CV004714,2026-07-27 12:54:07,2026-07-27 13:20:07,2026-07-27 13:24:19,26,26.4,6.104,dongdaegu,3,3,True,target_available_at_arrival,available_count>0 at panel tick nearest as_of+tmap_eta,tmap_routes
CV004614,2026-08-01 14:21:20,2026-08-01 15:06:20,2026-08-01 15:11:31,45,45.3,12.103,dongdaegu,3,3,True,target_available_at_arrival,available_count>0 at panel tick nearest as_of+tmap_eta,tmap_routes
PC001576,2026-07-24 08:16:52,2026-07-24 09:05:52,2026-07-24 09:07:09,49,49.2,14.77,dongdaegu,5,7,True,target_available_at_arrival,available_count>0 at panel tick nearest as_of+tmap_eta,tmap_routes
ME23B113,2026-07-25 09:03:46,2026-07-25 09:57:46,2026-07-25 10:04:05,54,54.4,40.695,dongdaegu,1,1,True,target_available_at_arrival,available_count>0 at panel tick nearest as_of+tmap_eta,tmap_routes
PI805002,2026-08-06 10:16:13,2026-08-06 10:36:13,2026-08-06 10:36:13,20,19.7,6.751,dongdaegu,2,2,True,target_available_at_arrival,available_count>0 at panel tick nearest as_of+tmap_eta,tmap_routes
CV000513,2026-07-31 04:51:21,2026-07-31 05:14:21,2026-07-31 05:21:26,23,22.8,3.906,dongdaegu,1,1,True,target_available_at_arrival,available_count>0 at panel tick nearest as_of+tmap_eta,tmap_routes
EV007656,2026-08-01 23:12:58,2026-08-01 23:41:58,2026-08-01 23:43:01,29,29.4,8.407,dongdaegu,1,1,True,target_available_at_arrival,available_count>0 at panel tick nearest as_of+tmap_eta,tmap_routes
NT101228,2026-07-23 09:05:36,2026-07-23 09:30:36,2026-07-23 09:30:43,25,25.2,6.875,dongdaegu,1,1,True,target_available_at_arrival,available_count>0 at panel tick nearest as_of+tmap_eta,tmap_routes
ME22D191,2026-07-19 19:31:38,2026-07-19 19:42:38,2026-07-19 19:46:39,11,11.2,1.861,dongdaegu,1,1,True,target_available_at_arrival,available_count>0 at panel tick nearest as_of+tmap_eta,tmap_routes
PIS00549,2026-07-31 12:02:47,2026-07-31 12:37:47,2026-07-31 12:42:52,35,34.7,10.454,dongdaegu,4,4,True,target_available_at_arrival,available_count>0 at panel tick nearest as_of+tmap_eta,tmap_routes
ME25C428,2026-07-24 05:33:19,2026-07-24 05:52:19,2026-07-24 05:53:24,19,18.8,3.899,dongdaegu,4,4,True,target_available_at_arrival,available_count>0 at panel tick nearest as_of+tmap_eta,tmap_routes
ME24A243,2026-08-04 10:17:15,2026-08-04 11:11:15,2026-08-04 11:17:18,54,54.0,40.6,dongdaegu,1,2,True,target_available_at_arrival,available_count>0 at panel tick nearest as_of+tmap_eta,tmap_routes
ME183067,2026-07-27 23:16:18,2026-07-27 23:41:18,2026-07-27 23:46:22,25,24.9,5.762,dongdaegu,1,1,True,target_available_at_arrival,available_count>0 at panel tick nearest as_of+tmap_eta,tmap_routes
LU001561,2026-07-30 05:03:40,2026-07-30 05:07:40,2026-07-30 05:13:41,4,4.5,0.671,dongdaegu,4,4,True,target_available_at_arrival,available_count>0 at panel tick nearest as_of+tmap_eta,tmap_routes
PC000159,2026-07-25 22:14:45,2026-07-25 23:04:45,2026-07-25 23:04:50,50,49.6,14.896,dongdaegu,1,1,True,target_available_at_arrival,available_count>0 at panel tick nearest as_of+tmap_eta,tmap_routes
CV001464,2026-08-03 21:13:58,2026-08-03 21:39:58,2026-08-03 21:44:00,26,26.3,7.512,dongdaegu,2,2,True,target_available_at_arrival,available_count>0 at panel tick nearest as_of+tmap_eta,tmap_routes
CV002115,2026-07-29 10:38:06,2026-07-29 11:08:06,2026-07-29 11:08:11,30,29.8,9.615,dongdaegu,4,3,True,target_available_at_arrival,available_count>0 at panel tick nearest as_of+tmap_eta,tmap_routes
EV005268,2026-07-23 12:22:26,2026-07-23 12:52:26,2026-07-23 12:52:33,30,29.6,10.5,dongdaegu,2,2,True,target_available_at_arrival,available_count>0 at panel tick nearest as_of+tmap_eta,tmap_routes
CV004690,2026-08-03 10:42:32,2026-08-03 11:30:32,2026-08-03 11:32:36,48,47.5,12.082,dongdaegu,6,7,True,target_available_at_arrival,available_count>0 at panel tick nearest as_of+tmap_eta,tmap_routes
CV000567,2026-08-01 10:00:18,2026-08-01 10:29:18,2026-08-01 10:30:30,29,28.6,4.444,dongdaegu,1,1,True,target_available_at_arrival,available_count>0 at panel tick nearest as_of+tmap_eta,tmap_routes
PC000206,2026-08-02 05:46:47,2026-08-02 06:23:47,2026-08-02 06:26:57,37,37.4,11.796,dongdaegu,1,1,True,target_available_at_arrival,available_count>0 at panel tick nearest as_of+tmap_eta,tmap_routes
CV000503,2026-07-27 15:14:45,2026-07-27 15:47:45,2026-07-27 15:54:52,33,32.9,10.327,dongdaegu,2,2,True,target_available_at_arrival,available_count>0 at panel tick nearest as_of+tmap_eta,tmap_routes
PI805002,2026-07-28 02:08:29,2026-07-28 02:28:29,2026-07-28 02:28:31,20,19.7,6.751,dongdaegu,2,2,True,target_available_at_arrival,available_count>0 at panel tick nearest as_of+tmap_eta,tmap_routes
KP000402,2026-08-06 17:36:44,2026-08-06 18:09:44,2026-08-06 18:16:47,33,32.6,11.034,dongdaegu,1,2,True,target_available_at_arrival,available_count>0 at panel tick nearest as_of+tmap_eta,tmap_routes
ME19W401,2026-08-04 05:36:56,2026-08-04 06:30:56,2026-08-04 06:36:59,54,53.5,31.956,dongdaegu,6,6,True,target_available_at_arrival,available_count>0 at panel tick nearest as_of+tmap_eta,tmap_routes
PIS00553,2026-07-31 10:52:40,2026-07-31 11:10:40,2026-07-31 11:12:42,18,17.6,3.52,dongdaegu,11,10,True,target_available_at_arrival,available_count>0 at panel tick nearest as_of+tmap_eta,tmap_routes
ME22D254,2026-07-26 02:47:04,2026-07-26 03:33:04,2026-07-26 03:37:13,46,46.2,13.899,dongdaegu,2,2,True,target_available_at_arrival,available_count>0 at panel tick nearest as_of+tmap_eta,tmap_routes
PIS00561,2026-08-06 05:25:53,2026-08-06 05:53:53,2026-08-06 05:55:54,28,27.8,9.974,dongdaegu,8,8,True,target_available_at_arrival,available_count>0 at panel tick nearest as_of+tmap_eta,tmap_routes
EV013929,2026-07-26 16:19:07,2026-07-26 16:53:07,2026-07-26 16:59:12,34,34.1,9.214,dongdaegu,1,1,True,target_available_at_arrival,available_count>0 at panel tick nearest as_of+tmap_eta,tmap_routes
CV003716,2026-08-05 18:42:09,2026-08-05 19:30:09,2026-08-05 19:32:14,48,48.1,26.925,dongdaegu,6,5,True,target_available_at_arrival,available_count>0 at panel tick nearest as_of+tmap_eta,tmap_routes
DC530005,2026-07-27 22:26:13,2026-07-27 22:52:13,2026-07-27 22:56:16,26,25.8,4.529,dongdaegu,1,1,True,target_available_at_arrival,available_count>0 at panel tick nearest as_of+tmap_eta,tmap_routes
CV004701,2026-07-31 15:13:20,2026-07-31 15:19:20,2026-07-31 15:23:21,6,5.9,0.675,dongdaegu,3,3,True,target_available_at_arrival,available_count>0 at panel tick nearest as_of+tmap_eta,tmap_routes
CV003447,2026-07-28 13:41:12,2026-07-28 14:07:12,2026-07-28 14:11:15,26,25.9,5.885,dongdaegu,1,1,True,target_available_at_arrival,available_count>0 at panel tick nearest as_of+tmap_eta,tmap_routes
SF002795,2026-08-03 09:42:29,2026-08-03 09:56:29,2026-08-03 10:02:30,14,14.1,4.044,dongdaegu,3,3,True,target_available_at_arrival,available_count>0 at panel tick nearest as_of+tmap_eta,tmap_routes
CV002973,2026-07-27 16:34:56,2026-07-27 17:18:56,2026-07-27 17:25:06,44,44.3,17.838,dongdaegu,6,5,True,target_available_at_arrival,available_count>0 at panel tick nearest as_of+tmap_eta,tmap_routes
CV003141,2026-07-28 19:33:12,2026-07-28 20:20:12,2026-07-28 20:23:19,47,46.7,21.256,dongdaegu,1,1,True,target_available_at_arrival,available_count>0 at panel tick nearest as_of+tmap_eta,tmap_routes
CV000805,2026-08-03 02:11:59,2026-08-03 02:48:59,2026-08-03 02:52:01,37,37.2,9.03,dongdaegu,1,1,True,target_available_at_arrival,available_count>0 at panel tick nearest as_of+tmap_eta,tmap_routes
ME22C1A4,2026-08-04 19:47:53,2026-08-04 20:37:53,2026-08-04 20:37:55,50,49.7,23.023,dongdaegu,1,1,True,target_available_at_arrival,available_count>0 at panel tick nearest as_of+tmap_eta,tmap_routes
KL002550,2026-08-01 22:12:51,2026-08-01 22:40:51,2026-08-01 22:42:55,28,28.0,9.113,dongdaegu,4,4,True,target_available_at_arrival,available_count>0 at panel tick nearest as_of+tmap_eta,tmap_routes
CV000558,2026-08-03 06:02:11,2026-08-03 06:09:11,2026-08-03 06:12:11,7,7.2,1.25,dongdaegu,1,1,True,target_available_at_arrival,available_count>0 at panel tick nearest as_of+tmap_eta,tmap_routes
CV000224,2026-08-06 00:25:41,2026-08-06 00:43:41,2026-08-06 00:45:42,18,17.5,3.322,dongdaegu,5,5,True,target_available_at_arrival,available_count>0 at panel tick nearest as_of+tmap_eta,tmap_routes
NT101508,2026-08-07 23:43:24,2026-08-08 00:16:24,2026-08-08 00:17:03,33,32.9,10.835,dongdaegu,1,1,True,target_available_at_arrival,available_count>0 at panel tick nearest as_of+tmap_eta,tmap_routes
PI530274,2026-08-05 10:21:30,2026-08-05 11:14:30,2026-08-05 11:21:36,53,53.4,25.315,dongdaegu,9,10,True,target_available_at_arrival,available_count>0 at panel tick nearest as_of+tmap_eta,tmap_routes
CV000562,2026-08-02 08:17:15,2026-08-02 08:31:15,2026-08-02 08:37:18,14,14.0,1.777,dongdaegu,1,2,True,target_available_at_arrival,available_count>0 at panel tick nearest as_of+tmap_eta,tmap_routes
PI740227,2026-08-05 06:31:12,2026-08-05 06:37:12,2026-08-05 06:41:14,6,6.0,0.717,dongdaegu,2,2,True,target_available_at_arrival,available_count>0 at panel tick nearest as_of+tmap_eta,tmap_routes
ST271709,2026-08-02 23:49:33,2026-08-03 00:18:33,2026-08-03 00:21:55,29,28.9,7.971,dongdaegu,2,2,True,target_available_at_arrival,available_count>0 at panel tick nearest as_of+tmap_eta,tmap_routes
PIS00791,2026-07-28 15:21:39,2026-07-28 15:37:39,2026-07-28 15:41:42,16,15.7,2.355,dongdaegu,7,7,True,target_available_at_arrival,available_count>0 at panel tick nearest as_of+tmap_eta,tmap_routes
ME19E138,2026-07-21 15:52:34,2026-07-21 16:52:34,2026-07-21 16:52:59,60,59.6,35.136,dongdaegu,1,1,True,target_available_at_arrival,available_count>0 at panel tick nearest as_of+tmap_eta,tmap_routes
PI740572,2026-08-02 05:06:43,2026-08-02 05:26:43,2026-08-02 05:26:45,20,19.7,4.587,dongdaegu,1,1,True,target_available_at_arrival,available_count>0 at panel tick nearest as_of+tmap_eta,tmap_routes
HW000499,2026-08-07 22:23:20,2026-08-07 22:52:20,2026-08-07 22:53:22,29,29.0,8.153,dongdaegu,1,1,True,target_available_at_arrival,available_count>0 at panel tick nearest as_of+tmap_eta,tmap_routes
CV004108,2026-07-24 12:17:39,2026-07-24 12:31:39,2026-07-24 12:37:46,14,13.9,2.65,dongdaegu,1,1,True,target_available_at_arrival,available_count>0 at panel tick nearest as_of+tmap_eta,tmap_routes
CV003066,2026-07-24 07:24:05,2026-07-24 08:04:05,2026-07-24 08:04:20,40,39.9,11.512,dongdaegu,1,0,False,target_available_at_arrival,available_count>0 at panel tick nearest as_of+tmap_eta,tmap_routes
EV008153,2026-08-07 21:43:16,2026-08-07 22:08:16,2026-08-07 22:13:19,25,25.4,7.671,dongdaegu,2,2,True,target_available_at_arrival,available_count>0 at panel tick nearest as_of+tmap_eta,tmap_routes
KP003777,2026-08-08 05:37:23,2026-08-08 05:51:23,2026-08-08 05:57:24,14,13.6,3.777,dongdaegu,2,2,True,target_available_at_arrival,available_count>0 at panel tick nearest as_of+tmap_eta,tmap_routes
CV003461,2026-08-06 00:45:42,2026-08-06 01:14:42,2026-08-06 01:15:43,29,28.9,8.566,dongdaegu,2,2,True,target_available_at_arrival,available_count>0 at panel tick nearest as_of+tmap_eta,tmap_routes
CV003133,2026-07-31 16:54:53,2026-07-31 17:27:53,2026-07-31 17:35:04,33,33.2,8.22,dongdaegu,1,1,True,target_available_at_arrival,available_count>0 at panel tick nearest as_of+tmap_eta,tmap_routes
BNBN0494,2026-07-29 16:28:58,2026-07-29 17:28:58,2026-07-29 17:29:20,60,60.3,26.273,dongdaegu,3,3,True,target_available_at_arrival,available_count>0 at panel tick nearest as_of+tmap_eta,tmap_routes
CV004541,2026-08-06 21:27:12,2026-08-06 21:43:12,2026-08-06 21:47:14,16,16.1,3.267,dongdaegu,4,4,True,target_available_at_arrival,available_count>0 at panel tick nearest as_of+tmap_eta,tmap_routes
CV002085,2026-07-30 12:45:23,2026-07-30 13:21:23,2026-07-30 13:25:42,36,36.3,12.606,dongdaegu,3,2,True,target_available_at_arrival,available_count>0 at panel tick nearest as_of+tmap_eta,tmap_routes
ME19X404,2026-08-04 14:37:32,2026-08-04 15:01:32,2026-08-04 15:07:33,24,23.7,7.894,dongdaegu,6,6,True,target_available_at_arrival,available_count>0 at panel tick nearest as_of+tmap_eta,tmap_routes
ME19Y406,2026-08-04 03:26:52,2026-08-04 03:29:52,2026-08-04 03:36:52,3,2.6,0.183,dongdaegu,4,4,True,target_available_at_arrival,available_count>0 at panel tick nearest as_of+tmap_eta,tmap_routes
PI808200,2026-08-04 02:06:48,2026-08-04 02:44:48,2026-08-04 02:46:50,38,37.5,11.167,dongdaegu,2,2,True,target_available_at_arrival,available_count>0 at panel tick nearest as_of+tmap_eta,tmap_routes
PI530280,2026-07-31 22:46:08,2026-07-31 23:13:08,2026-07-31 23:16:12,27,26.6,8.385,dongdaegu,1,1,True,target_available_at_arrival,available_count>0 at panel tick nearest as_of+tmap_eta,tmap_routes
LU001880,2026-07-22 13:29:59,2026-07-22 13:59:59,2026-07-22 14:00:03,30,30.2,9.246,dongdaegu,2,2,True,target_available_at_arrival,available_count>0 at panel tick nearest as_of+tmap_eta,tmap_routes
ME183067,2026-07-24 20:29:23,2026-07-24 20:54:23,2026-07-24 20:59:30,25,24.9,5.762,dongdaegu,1,1,True,target_available_at_arrival,available_count>0 at panel tick nearest as_of+tmap_eta,tmap_routes
PW000789,2026-08-05 23:32:31,2026-08-05 23:56:31,2026-08-06 00:02:32,24,24.5,9.182,dongdaegu,1,1,True,target_available_at_arrival,available_count>0 at panel tick nearest as_of+tmap_eta,tmap_routes
ME18C172,2026-07-24 15:28:19,2026-07-24 15:47:19,2026-07-24 15:48:22,19,18.7,3.773,dongdaegu,1,1,True,target_available_at_arrival,available_count>0 at panel tick nearest as_of+tmap_eta,tmap_routes
PI740291,2026-08-01 16:01:38,2026-08-01 16:19:38,2026-08-01 16:21:48,18,18.4,2.827,dongdaegu,1,1,True,target_available_at_arrival,available_count>0 at panel tick nearest as_of+tmap_eta,tmap_routes
PW015051,2026-07-25 17:54:07,2026-07-25 18:09:07,2026-07-25 18:14:10,15,14.8,2.673,dongdaegu,1,1,True,target_available_at_arrival,available_count>0 at panel tick nearest as_of+tmap_eta,tmap_routes
CV004253,2026-07-29 14:58:45,2026-07-29 15:52:45,2026-07-29 15:58:52,54,53.6,40.474,dongdaegu,2,2,True,target_available_at_arrival,available_count>0 at panel tick nearest as_of+tmap_eta,tmap_routes
KE001062,2026-07-31 13:12:58,2026-07-31 13:41:58,2026-07-31 13:43:01,29,29.4,9.056,dongdaegu,3,3,True,target_available_at_arrival,available_count>0 at panel tick nearest as_of+tmap_eta,tmap_routes
EV008883,2026-08-05 17:52:03,2026-08-05 18:22:03,2026-08-05 18:22:08,30,30.1,10.528,dongdaegu,2,2,True,target_available_at_arrival,available_count>0 at panel tick nearest as_of+tmap_eta,tmap_routes
ME24A243,2026-07-26 15:39:01,2026-07-26 16:33:01,2026-07-26 16:39:09,54,54.0,40.6,dongdaegu,2,2,True,target_available_at_arrival,available_count>0 at panel tick nearest as_of+tmap_eta,tmap_routes
PIS00565,2026-07-26 08:48:03,2026-07-26 09:12:03,2026-07-26 09:18:06,24,24.1,9.01,dongdaegu,4,4,True,target_available_at_arrival,available_count>0 at panel tick nearest as_of+tmap_eta,tmap_routes
CU530001,2026-08-08 07:57:31,2026-08-08 08:31:31,2026-08-08 08:37:33,34,33.8,11.393,dongdaegu,1,1,True,target_available_at_arrival,available_count>0 at panel tick nearest as_of+tmap_eta,tmap_routes
NH270001,2026-08-06 09:16:09,2026-08-06 10:09:09,2026-08-06 10:16:13,53,52.7,39.287,dongdaegu,2,2,True,target_available_at_arrival,available_count>0 at panel tick nearest as_of+tmap_eta,tmap_routes
L3004610,2026-07-21 16:22:48,2026-07-21 16:50:48,2026-07-21 16:52:59,28,27.6,6.755,dongdaegu,1,1,True,target_available_at_arrival,available_count>0 at panel tick nearest as_of+tmap_eta,tmap_routes
DC530003,2026-08-06 02:45:47,2026-08-06 03:04:47,2026-08-06 03:05:47,19,18.8,3.965,dongdaegu,5,5,True,target_available_at_arrival,available_count>0 at panel tick nearest as_of+tmap_eta,tmap_routes
EC000412,2026-07-31 13:12:58,2026-07-31 13:38:58,2026-07-31 13:43:01,26,25.9,5.039,dongdaegu,1,1,True,target_available_at_arrival,available_count>0 at panel tick nearest as_of+tmap_eta,tmap_routes
PIS00553,2026-08-05 20:42:22,2026-08-05 21:00:22,2026-08-05 21:02:23,18,17.6,3.52,dongdaegu,11,11,True,target_available_at_arrival,available_count>0 at panel tick nearest as_of+tmap_eta,tmap_routes
ST272308,2026-08-08 10:07:39,2026-08-08 10:23:39,2026-08-08 10:27:43,16,15.9,3.465,dongdaegu,4,4,True,target_available_at_arrival,available_count>0 at panel tick nearest as_of+tmap_eta,tmap_routes
KE000420,2026-08-05 20:52:23,2026-08-05 21:09:23,2026-08-05 21:12:24,17,17.2,3.19,dongdaegu,1,1,True,target_available_at_arrival,available_count>0 at panel tick nearest as_of+tmap_eta,tmap_routes
PW000296,2026-08-07 22:33:21,2026-08-07 22:51:21,2026-08-07 22:53:22,18,18.3,4.495,dongdaegu,1,1,True,target_available_at_arrival,available_count>0 at panel tick nearest as_of+tmap_eta,tmap_routes
PI530312,2026-07-28 12:20:36,2026-07-28 12:48:36,2026-07-28 12:50:56,28,27.7,5.4,dongdaegu,3,3,True,target_available_at_arrival,available_count>0 at panel tick nearest as_of+tmap_eta,tmap_routes
CV003077,2026-08-03 14:32:47,2026-08-03 14:59:47,2026-08-03 15:02:49,27,26.6,8.273,dongdaegu,1,1,True,target_available_at_arrival,available_count>0 at panel tick nearest as_of+tmap_eta,tmap_routes
KP005311,2026-07-23 02:07:59,2026-07-23 02:59:59,2026-07-23 03:03:11,52,51.7,26.19,dongdaegu,1,1,True,target_available_at_arrival,available_count>0 at panel tick nearest as_of+tmap_eta,tmap_routes
ME25C277,2026-08-01 17:22:00,2026-08-01 18:01:00,2026-08-01 18:02:06,39,39.4,11.416,dongdaegu,2,2,True,target_available_at_arrival,available_count>0 at panel tick nearest as_of+tmap_eta,tmap_routes
KP004857,2026-07-23 06:39:07,2026-07-23 07:11:07,2026-07-23 07:14:21,32,31.5,5.172,dongdaegu,1,1,True,target_available_at_arrival,available_count>0 at panel tick nearest as_of+tmap_eta,tmap_routes
ME183065,2026-08-02 13:18:05,2026-08-02 13:52:05,2026-08-02 13:58:14,34,34.4,10.368,dongdaegu,1,1,True,target_available_at_arrival,available_count>0 at panel tick nearest as_of+tmap_eta,tmap_routes
ME23B113,2026-08-04 04:46:55,2026-08-04 05:40:55,2026-08-04 05:46:57,54,54.4,40.695,dongdaegu,1,1,True,target_available_at_arrival,available_count>0 at panel tick nearest as_of+tmap_eta,tmap_routes
CV004550,2026-08-05 16:21:57,2026-08-05 16:45:57,2026-08-05 16:51:59,24,24.4,3.14,dongdaegu,1,1,True,target_available_at_arrival,available_count>0 at panel tick nearest as_of+tmap_eta,tmap_routes
HM001574,2026-07-30 07:44:14,2026-07-30 08:02:14,2026-07-30 08:04:17,18,17.6,1.66,dongdaegu,1,1,True,target_available_at_arrival,available_count>0 at panel tick nearest as_of+tmap_eta,tmap_routes
IN053072,2026-07-27 22:26:13,2026-07-27 22:52:13,2026-07-27 22:56:16,26,25.9,8.457,dongdaegu,4,5,True,target_available_at_arrival,available_count>0 at panel tick nearest as_of+tmap_eta,tmap_routes
PI645405,2026-08-07 13:12:12,2026-08-07 13:48:12,2026-08-07 13:52:15,36,35.8,12.364,dongdaegu,4,3,True,target_available_at_arrival,available_count>0 at panel tick nearest as_of+tmap_eta,tmap_routes
EV008233,2026-07-30 14:15:57,2026-07-30 14:48:57,2026-07-30 14:56:24,33,32.8,9.184,dongdaegu,1,1,True,target_available_at_arrival,available_count>0 at panel tick nearest as_of+tmap_eta,tmap_routes
CV000542,2026-07-25 20:54:34,2026-07-25 21:04:34,2026-07-25 21:04:35,10,9.8,2.222,dongdaegu,1,1,True,target_available_at_arrival,available_count>0 at panel tick nearest as_of+tmap_eta,tmap_routes
PIS00579,2026-08-03 15:02:49,2026-08-03 15:27:49,2026-08-03 15:32:50,25,24.8,8.567,dongdaegu,7,7,True,target_available_at_arrival,available_count>0 at panel tick nearest as_of+tmap_eta,tmap_routes
PI740250,2026-07-30 00:32:58,2026-07-30 00:56:58,2026-07-30 01:03:01,24,23.5,5.437,dongdaegu,1,1,True,target_available_at_arrival,available_count>0 at panel tick nearest as_of+tmap_eta,tmap_routes
CV002298,2026-08-05 10:31:33,2026-08-05 11:01:33,2026-08-05 11:01:34,30,29.6,11.989,dongdaegu,2,2,True,target_available_at_arrival,available_count>0 at panel tick nearest as_of+tmap_eta,tmap_routes
EC270008,2026-08-07 14:22:16,2026-08-07 15:17:16,2026-08-07 15:22:28,55,55.4,17.317,dongdaegu,5,5,True,target_available_at_arrival,available_count>0 at panel tick nearest as_of+tmap_eta,tmap_routes
PI121974,2026-07-26 07:47:51,2026-07-26 08:04:51,2026-07-26 08:07:55,17,16.7,3.199,dongdaegu,7,7,True,target_available_at_arrival,available_count>0 at panel tick nearest as_of+tmap_eta,tmap_routes
CV001219,2026-08-08 04:07:17,2026-08-08 04:21:17,2026-08-08 04:27:18,14,14.0,2.364,dongdaegu,3,3,True,target_available_at_arrival,available_count>0 at panel tick nearest as_of+tmap_eta,tmap_routes
JA270006,2026-07-28 14:31:34,2026-07-28 14:45:34,2026-07-28 14:51:36,14,14.1,2.934,dongdaegu,7,6,True,target_available_at_arrival,available_count>0 at panel tick nearest as_of+tmap_eta,tmap_routes
EV003987,2026-08-06 20:57:05,2026-08-06 21:30:05,2026-08-06 21:37:13,33,32.6,10.296,dongdaegu,6,7,True,target_available_at_arrival,available_count>0 at panel tick nearest as_of+tmap_eta,tmap_routes
JA270012,2026-07-25 17:04:00,2026-07-25 17:33:00,2026-07-25 17:34:04,29,29.1,10.507,dongdaegu,2,2,True,target_available_at_arrival,available_count>0 at panel tick nearest as_of+tmap_eta,tmap_routes
KL001990,2026-08-04 01:16:43,2026-08-04 01:34:43,2026-08-04 01:36:46,18,17.8,2.838,dongdaegu,1,2,True,target_available_at_arrival,available_count>0 at panel tick nearest as_of+tmap_eta,tmap_routes
EC270008,2026-07-28 16:52:20,2026-07-28 17:47:20,2026-07-28 17:52:36,55,55.4,17.317,dongdaegu,4,4,True,target_available_at_arrival,available_count>0 at panel tick nearest as_of+tmap_eta,tmap_routes
CV000559,2026-08-01 05:59:31,2026-08-01 06:25:31,2026-08-01 06:29:39,26,25.9,4.657,dongdaegu,1,1,True,target_available_at_arrival,available_count>0 at panel tick nearest as_of+tmap_eta,tmap_routes
CV003786,2026-08-08 10:47:44,2026-08-08 11:11:44,2026-08-08 11:17:46,24,23.6,4.545,dongdaegu,11,12,True,target_available_at_arrival,available_count>0 at panel tick nearest as_of+tmap_eta,tmap_routes
CV001626,2026-08-03 23:54:09,2026-08-04 00:42:09,2026-08-04 00:46:42,48,48.5,14.505,dongdaegu,2,2,True,target_available_at_arrival,available_count>0 at panel tick nearest as_of+tmap_eta,tmap_routes
KE001062,2026-07-28 16:32:17,2026-07-28 17:01:17,2026-07-28 17:02:21,29,29.4,9.056,dongdaegu,2,2,True,target_available_at_arrival,available_count>0 at panel tick nearest as_of+tmap_eta,tmap_routes
IN053072,2026-08-07 17:22:37,2026-08-07 17:48:37,2026-08-07 17:52:43,26,25.9,8.457,dongdaegu,16,16,True,target_available_at_arrival,available_count>0 at panel tick nearest as_of+tmap_eta,tmap_routes
ME183064,2026-07-27 18:05:13,2026-07-27 18:34:13,2026-07-27 18:35:20,29,29.2,9.767,dongdaegu,1,0,False,target_available_at_arrival,available_count>0 at panel tick nearest as_of+tmap_eta,tmap_routes
PC000159,2026-07-25 08:09:15,2026-07-25 08:59:15,2026-07-25 09:03:46,50,49.6,14.896,dongdaegu,1,1,True,target_available_at_arrival,available_count>0 at panel tick nearest as_of+tmap_eta,tmap_routes
ME20C414,2026-08-06 11:26:16,2026-08-06 12:19:16,2026-08-06 12:26:19,53,52.7,31.25,dongdaegu,4,4,True,target_available_at_arrival,available_count>0 at panel tick nearest as_of+tmap_eta,tmap_routes
CV001967,2026-07-27 01:02:19,2026-07-27 01:21:19,2026-07-27 01:22:21,19,19.4,3.176,dongdaegu,2,2,True,target_available_at_arrival,available_count>0 at panel tick nearest as_of+tmap_eta,tmap_routes
EV012379,2026-07-29 07:47:23,2026-07-29 08:14:23,2026-07-29 08:17:38,27,27.3,8.408,dongdaegu,2,2,True,target_available_at_arrival,available_count>0 at panel tick nearest as_of+tmap_eta,tmap_routes
EV005965,2026-07-20 13:45:09,2026-07-20 14:30:09,2026-07-20 14:30:19,45,44.7,15.12,dongdaegu,1,1,True,target_available_at_arrival,available_count>0 at panel tick nearest as_of+tmap_eta,tmap_routes
PIH01276,2026-07-28 16:22:13,2026-07-28 16:37:13,2026-07-28 16:42:18,15,15.4,3.464,dongdaegu,9,9,True,target_available_at_arrival,available_count>0 at panel tick nearest as_of+tmap_eta,tmap_routes
CV003148,2026-08-03 05:52:10,2026-08-03 06:21:10,2026-08-03 06:22:12,29,29.4,10.43,dongdaegu,1,0,False,target_available_at_arrival,available_count>0 at panel tick nearest as_of+tmap_eta,tmap_routes
EV005229,2026-08-02 18:48:58,2026-08-02 19:06:58,2026-08-02 19:09:00,18,17.8,3.927,dongdaegu,1,1,True,target_available_at_arrival,available_count>0 at panel tick nearest as_of+tmap_eta,tmap_routes
PI740096,2026-08-01 10:00:18,2026-08-01 10:23:18,2026-08-01 10:30:30,23,23.4,7.899,dongdaegu,2,2,True,target_available_at_arrival,available_count>0 at panel tick nearest as_of+tmap_eta,tmap_routes
PI202438,2026-07-29 01:16:16,2026-07-29 01:41:16,2026-07-29 01:46:18,25,24.6,6.768,dongdaegu,2,2,True,target_available_at_arrival,available_count>0 at panel tick nearest as_of+tmap_eta,tmap_routes
ME25C428,2026-07-29 19:59:51,2026-07-29 20:18:51,2026-07-29 20:19:54,19,18.8,3.899,dongdaegu,4,4,True,target_available_at_arrival,available_count>0 at panel tick nearest as_of+tmap_eta,tmap_routes
CV001124,2026-08-05 01:41:00,2026-08-05 02:21:00,2026-08-05 02:21:03,40,40.4,13.358,dongdaegu,1,1,True,target_available_at_arrival,available_count>0 at panel tick nearest as_of+tmap_eta,tmap_routes
HY000979,2026-07-19 12:15:50,2026-07-19 12:29:50,2026-07-19 12:30:50,14,14.0,2.863,dongdaegu,1,1,True,target_available_at_arrival,available_count>0 at panel tick nearest as_of+tmap_eta,tmap_routes
PI530292,2026-08-01 23:02:57,2026-08-01 23:15:57,2026-08-01 23:22:59,13,13.1,3.081,dongdaegu,3,3,True,target_available_at_arrival,available_count>0 at panel tick nearest as_of+tmap_eta,tmap_routes
EV005965,2026-08-08 07:57:31,2026-08-08 08:42:31,2026-08-08 08:47:34,45,44.7,15.12,dongdaegu,1,2,True,target_available_at_arrival,available_count>0 at panel tick nearest as_of+tmap_eta,tmap_routes
CV001242,2026-07-31 11:52:46,2026-07-31 12:31:46,2026-07-31 12:32:51,39,38.9,13.135,dongdaegu,7,7,True,target_available_at_arrival,available_count>0 at panel tick nearest as_of+tmap_eta,tmap_routes
CV000701,2026-08-02 09:27:25,2026-08-02 10:12:25,2026-08-02 10:17:34,45,44.6,14.992,dongdaegu,4,4,True,target_available_at_arrival,available_count>0 at panel tick nearest as_of+tmap_eta,tmap_routes
PI645107,2026-07-28 18:02:41,2026-07-28 18:39:41,2026-07-28 18:43:00,37,37.4,12.227,dongdaegu,2,2,True,target_available_at_arrival,available_count>0 at panel tick nearest as_of+tmap_eta,tmap_routes
ME183056,2026-07-24 06:23:41,2026-07-24 06:55:41,2026-07-24 06:58:56,32,32.0,6.812,dongdaegu,1,1,True,target_available_at_arrival,available_count>0 at panel tick nearest as_of+tmap_eta,tmap_routes
PIS00579,2026-08-02 20:29:16,2026-08-02 20:54:16,2026-08-02 20:59:19,25,24.8,8.567,dongdaegu,6,6,True,target_available_at_arrival,available_count>0 at panel tick nearest as_of+tmap_eta,tmap_routes
EC005054,2026-08-01 11:00:34,2026-08-01 11:20:34,2026-08-01 11:20:39,20,20.0,3.423,dongdaegu,2,2,True,target_available_at_arrival,available_count>0 at panel tick nearest as_of+tmap_eta,tmap_routes
KP003782,2026-07-29 19:09:38,2026-07-29 19:45:38,2026-07-29 19:49:48,36,36.5,8.043,dongdaegu,1,1,True,target_available_at_arrival,available_count>0 at panel tick nearest as_of+tmap_eta,tmap_routes
CV000536,2026-07-24 01:56:54,2026-07-24 02:21:54,2026-07-24 02:21:59,25,24.9,4.632,dongdaegu,1,1,True,target_available_at_arrival,available_count>0 at panel tick nearest as_of+tmap_eta,tmap_routes
EV008882,2026-07-26 03:07:06,2026-07-26 03:37:06,2026-07-26 03:37:13,30,30.1,10.5,dongdaegu,1,1,True,target_available_at_arrival,available_count>0 at panel tick nearest as_of+tmap_eta,tmap_routes
KP004864,2026-07-28 01:08:23,2026-07-28 01:27:23,2026-07-28 01:28:25,19,18.9,4.039,dongdaegu,2,2,True,target_available_at_arrival,available_count>0 at panel tick nearest as_of+tmap_eta,tmap_routes
CV001048,2026-07-31 20:55:45,2026-07-31 21:40:45,2026-07-31 21:45:57,45,45.1,12.446,dongdaegu,1,1,True,target_available_at_arrival,available_count>0 at panel tick nearest as_of+tmap_eta,tmap_routes
CV001129,2026-08-01 11:30:40,2026-08-01 12:04:40,2026-08-01 12:10:44,34,34.5,13.349,dongdaegu,2,2,True,target_available_at_arrival,available_count>0 at panel tick nearest as_of+tmap_eta,tmap_routes
CV004698,2026-08-02 16:18:38,2026-08-02 16:36:38,2026-08-02 16:38:39,18,18.4,2.885,dongdaegu,2,2,True,target_available_at_arrival,available_count>0 at panel tick nearest as_of+tmap_eta,tmap_routes
KP003786,2026-08-07 09:11:51,2026-08-07 09:28:51,2026-08-07 09:31:52,17,17.2,3.39,dongdaegu,2,2,True,target_available_at_arrival,available_count>0 at panel tick nearest as_of+tmap_eta,tmap_routes
CV000724,2026-07-29 18:59:37,2026-07-29 19:54:37,2026-07-29 19:59:51,55,54.6,32.134,dongdaegu,1,1,True,target_available_at_arrival,available_count>0 at panel tick nearest as_of+tmap_eta,tmap_routes
HM710121,2026-08-06 14:46:28,2026-08-06 15:06:28,2026-08-06 15:06:33,20,20.1,3.305,dongdaegu,1,1,True,target_available_at_arrival,available_count>0 at panel tick nearest as_of+tmap_eta,tmap_routes
EV006225,2026-07-30 05:13:41,2026-07-30 05:51:41,2026-07-30 05:53:45,38,37.6,13.391,dongdaegu,2,2,True,target_available_at_arrival,available_count>0 at panel tick nearest as_of+tmap_eta,tmap_routes
KP003475,2026-07-29 10:08:03,2026-07-29 10:41:03,2026-07-29 10:48:07,33,32.8,7.058,dongdaegu,4,4,True,target_available_at_arrival,available_count>0 at panel tick nearest as_of+tmap_eta,tmap_routes
EP230165,2026-08-06 00:45:42,2026-08-06 01:19:42,2026-08-06 01:25:44,34,34.1,11.583,dongdaegu,2,2,True,target_available_at_arrival,available_count>0 at panel tick nearest as_of+tmap_eta,tmap_routes
KP002182,2026-08-05 19:52:19,2026-08-05 20:07:19,2026-08-05 20:12:21,15,15.0,2.363,dongdaegu,3,3,True,target_available_at_arrival,available_count>0 at panel tick nearest as_of+tmap_eta,tmap_routes
CV001600,2026-07-31 09:42:32,2026-07-31 10:06:32,2026-07-31 10:12:36,24,23.9,7.151,dongdaegu,2,1,True,target_available_at_arrival,available_count>0 at panel tick nearest as_of+tmap_eta,tmap_routes
ST600537,2026-08-06 02:55:47,2026-08-06 03:30:47,2026-08-06 03:35:49,35,35.3,8.786,dongdaegu,3,3,True,target_available_at_arrival,available_count>0 at panel tick nearest as_of+tmap_eta,tmap_routes
SF002605,2026-08-05 09:51:25,2026-08-05 10:25:25,2026-08-05 10:31:33,34,33.8,8.579,dongdaegu,4,4,True,target_available_at_arrival,available_count>0 at panel tick nearest as_of+tmap_eta,tmap_routes
PI721980,2026-07-22 22:50:23,2026-07-22 23:05:23,2026-07-22 23:05:33,15,14.7,3.613,dongdaegu,1,1,True,target_available_at_arrival,available_count>0 at panel tick nearest as_of+tmap_eta,tmap_routes
HY000510,2026-08-02 22:49:28,2026-08-02 23:08:28,2026-08-02 23:09:31,19,19.2,4.088,dongdaegu,2,2,True,target_available_at_arrival,available_count>0 at panel tick nearest as_of+tmap_eta,tmap_routes
ME19X430,2026-08-06 11:46:17,2026-08-06 12:04:17,2026-08-06 12:06:18,18,17.6,4.834,dongdaegu,6,6,True,target_available_at_arrival,available_count>0 at panel tick nearest as_of+tmap_eta,tmap_routes
EV008719,2026-08-06 08:36:05,2026-08-06 09:05:05,2026-08-06 09:06:09,29,29.2,8.45,dongdaegu,2,2,True,target_available_at_arrival,available_count>0 at panel tick nearest as_of+tmap_eta,tmap_routes
KL001809,2026-07-29 17:39:21,2026-07-29 17:59:21,2026-07-29 17:59:24,20,19.9,3.27,dongdaegu,2,2,True,target_available_at_arrival,available_count>0 at panel tick nearest as_of+tmap_eta,tmap_routes
CV003083,2026-07-26 16:19:07,2026-07-26 16:49:07,2026-07-26 16:49:11,30,29.6,9.706,dongdaegu,1,0,False,target_available_at_arrival,available_count>0 at panel tick nearest as_of+tmap_eta,tmap_routes
PI740668,2026-07-18 11:35:33,2026-07-18 12:04:33,2026-07-18 12:05:34,29,29.1,10.335,dongdaegu,1,1,True,target_available_at_arrival,available_count>0 at panel tick nearest as_of+tmap_eta,tmap_routes
CV002913,2026-08-01 08:29:57,2026-08-01 09:14:57,2026-08-01 09:20:08,45,45.0,15.459,dongdaegu,1,1,True,target_available_at_arrival,available_count>0 at panel tick nearest as_of+tmap_eta,tmap_routes
LU002386,2026-07-29 15:38:50,2026-07-29 16:14:50,2026-07-29 16:18:57,36,35.8,8.682,dongdaegu,2,2,True,target_available_at_arrival,available_count>0 at panel tick nearest as_of+tmap_eta,tmap_routes
HE240383,2026-08-06 01:15:43,2026-08-06 02:18:43,2026-08-06 02:25:46,63,62.8,24.74,dongdaegu,5,5,True,target_available_at_arrival,available_count>0 at panel tick nearest as_of+tmap_eta,tmap_routes
PI764798,2026-08-07 11:32:05,2026-08-07 11:55:05,2026-08-07 12:02:07,23,22.6,6.222,dongdaegu,2,2,True,target_available_at_arrival,available_count>0 at panel tick nearest as_of+tmap_eta,tmap_routes
CV003079,2026-07-27 09:43:37,2026-07-27 09:59:37,2026-07-27 10:03:39,16,16.3,3.908,dongdaegu,1,1,True,target_available_at_arrival,available_count>0 at panel tick nearest as_of+tmap_eta,tmap_routes
KP000240,2026-08-05 13:41:46,2026-08-05 14:35:46,2026-08-05 14:41:52,54,53.8,25.79,dongdaegu,2,2,True,target_available_at_arrival,available_count>0 at panel tick nearest as_of+tmap_eta,tmap_routes
CV002139,2026-07-23 11:47:12,2026-07-23 12:00:12,2026-07-23 12:02:15,13,12.8,2.192,dongdaegu,1,2,True,target_available_at_arrival,available_count>0 at panel tick nearest as_of+tmap_eta,tmap_routes
PC001965,2026-08-02 17:58:50,2026-08-02 18:12:50,2026-08-02 18:18:53,14,14.5,2.68,dongdaegu,3,3,True,target_available_at_arrival,available_count>0 at panel tick nearest as_of+tmap_eta,tmap_routes
ST272307,2026-08-01 20:22:34,2026-08-01 20:48:34,2026-08-01 20:52:38,26,25.8,8.297,dongdaegu,1,1,True,target_available_at_arrival,available_count>0 at panel tick nearest as_of+tmap_eta,tmap_routes
SF003268,2026-08-07 12:12:07,2026-08-07 12:30:07,2026-08-07 12:32:08,18,17.6,3.734,dongdaegu,1,1,True,target_available_at_arrival,available_count>0 at panel tick nearest as_of+tmap_eta,tmap_routes
DC530021,2026-07-19 19:16:36,2026-07-19 19:41:36,2026-07-19 19:46:39,25,24.7,3.799,dongdaegu,2,3,True,target_available_at_arrival,available_count>0 at panel tick nearest as_of+tmap_eta,tmap_routes
CV002189,2026-07-30 22:48:07,2026-07-30 22:54:07,2026-07-30 22:58:08,6,6.2,0.869,dongdaegu,1,1,True,target_available_at_arrival,available_count>0 at panel tick nearest as_of+tmap_eta,tmap_routes
DC530022,2026-07-22 23:25:38,2026-07-22 23:47:38,2026-07-22 23:50:42,22,22.1,7.373,dongdaegu,1,1,True,target_available_at_arrival,available_count>0 at panel tick nearest as_of+tmap_eta,tmap_routes
CV003040,2026-07-27 04:32:40,2026-07-27 04:57:40,2026-07-27 05:02:43,25,24.9,7.898,dongdaegu,5,5,True,target_available_at_arrival,available_count>0 at panel tick nearest as_of+tmap_eta,tmap_routes
CV003165,2026-07-29 18:19:27,2026-07-29 18:48:27,2026-07-29 18:49:35,29,28.6,8.976,dongdaegu,1,1,True,target_available_at_arrival,available_count>0 at panel tick nearest as_of+tmap_eta,tmap_routes
PI740111,2026-07-25 15:13:38,2026-07-25 15:39:38,2026-07-25 15:43:46,26,25.9,5.527,dongdaegu,1,1,True,target_available_at_arrival,available_count>0 at panel tick nearest as_of+tmap_eta,tmap_routes
PI740598,2026-08-06 06:35:55,2026-08-06 06:53:55,2026-08-06 06:55:56,18,17.8,3.853,dongdaegu,1,1,True,target_available_at_arrival,available_count>0 at panel tick nearest as_of+tmap_eta,tmap_routes
CV003041,2026-07-24 12:17:39,2026-07-24 12:41:39,2026-07-24 12:47:47,24,24.3,7.564,dongdaegu,2,2,True,target_available_at_arrival,available_count>0 at panel tick nearest as_of+tmap_eta,tmap_routes
DC530003,2026-07-23 09:30:43,2026-07-23 09:49:43,2026-07-23 09:51:01,19,18.8,3.965,dongdaegu,5,6,True,target_available_at_arrival,available_count>0 at panel tick nearest as_of+tmap_eta,tmap_routes
CV001048,2026-07-26 00:26:48,2026-07-26 01:11:48,2026-07-26 01:16:55,45,45.1,12.446,dongdaegu,1,1,True,target_available_at_arrival,available_count>0 at panel tick nearest as_of+tmap_eta,tmap_routes
CV001208,2026-07-26 21:59:54,2026-07-26 22:39:54,2026-07-26 22:39:59,40,40.1,7.766,dongdaegu,1,1,True,target_available_at_arrival,available_count>0 at panel tick nearest as_of+tmap_eta,tmap_routes
CV003066,2026-07-29 21:20:05,2026-07-29 22:00:05,2026-07-29 22:00:13,40,39.9,11.512,dongdaegu,1,1,True,target_available_at_arrival,available_count>0 at panel tick nearest as_of+tmap_eta,tmap_routes
CV001626,2026-07-27 19:15:36,2026-07-27 20:03:36,2026-07-27 20:05:44,48,48.5,14.505,dongdaegu,2,2,True,target_available_at_arrival,available_count>0 at panel tick nearest as_of+tmap_eta,tmap_routes
EV008883,2026-07-26 23:10:04,2026-07-26 23:40:04,2026-07-26 23:40:06,30,30.1,10.528,dongdaegu,1,1,True,target_available_at_arrival,available_count>0 at panel tick nearest as_of+tmap_eta,tmap_routes
ME18C173,2026-08-01 17:32:02,2026-08-01 17:52:02,2026-08-01 17:52:05,20,19.8,4.372,dongdaegu,1,1,True,target_available_at_arrival,available_count>0 at panel tick nearest as_of+tmap_eta,tmap_routes
BE482306,2026-07-28 23:13:45,2026-07-28 23:33:45,2026-07-28 23:33:50,20,20.1,3.537,dongdaegu,10,10,True,target_available_at_arrival,available_count>0 at panel tick nearest as_of+tmap_eta,tmap_routes
SF002605,2026-08-05 12:31:42,2026-08-05 13:05:42,2026-08-05 13:11:44,34,33.8,8.579,dongdaegu,4,4,True,target_available_at_arrival,available_count>0 at panel tick nearest as_of+tmap_eta,tmap_routes
KE001516,2026-08-03 06:52:13,2026-08-03 07:16:13,2026-08-03 07:22:14,24,24.1,7.653,dongdaegu,1,1,True,target_available_at_arrival,available_count>0 at panel tick nearest as_of+tmap_eta,tmap_routes
CV001604,2026-08-04 21:58:03,2026-08-04 22:27:03,2026-08-04 22:28:05,29,28.8,6.963,dongdaegu,2,2,True,target_available_at_arrival,available_count>0 at panel tick nearest as_of+tmap_eta,tmap_routes
HY000510,2026-07-21 12:11:26,2026-07-21 12:30:26,2026-07-21 12:31:28,19,19.2,4.088,dongdaegu,1,1,True,target_available_at_arrival,available_count>0 at panel tick nearest as_of+tmap_eta,tmap_routes
CV004541,2026-07-29 01:06:15,2026-07-29 01:22:15,2026-07-29 01:26:17,16,16.1,3.267,dongdaegu,2,2,True,target_available_at_arrival,available_count>0 at panel tick nearest as_of+tmap_eta,tmap_routes
CV003458,2026-08-05 05:21:09,2026-08-05 05:44:09,2026-08-05 05:51:10,23,23.1,5.357,dongdaegu,1,1,True,target_available_at_arrival,available_count>0 at panel tick nearest as_of+tmap_eta,tmap_routes
ME20C182,2026-07-28 23:23:48,2026-07-28 23:52:48,2026-07-28 23:53:52,29,28.9,5.93,dongdaegu,1,1,True,target_available_at_arrival,available_count>0 at panel tick nearest as_of+tmap_eta,tmap_routes
EV004402,2026-07-23 13:42:49,2026-07-23 14:19:49,2026-07-23 14:22:57,37,37.4,11.986,dongdaegu,3,3,True,target_available_at_arrival,available_count>0 at panel tick nearest as_of+tmap_eta,tmap_routes
ST271708,2026-07-18 21:21:16,2026-07-18 21:49:16,2026-07-18 21:51:18,28,27.9,6.624,dongdaegu,4,4,True,target_available_at_arrival,available_count>0 at panel tick nearest as_of+tmap_eta,tmap_routes
EV005837,2026-07-17 15:54:36,2026-07-17 16:20:36,2026-07-17 16:24:40,26,26.4,7.33,dongdaegu,1,1,True,target_available_at_arrival,available_count>0 at panel tick nearest as_of+tmap_eta,tmap_routes
ME22C252,2026-07-22 15:10:23,2026-07-22 15:38:23,2026-07-22 15:40:33,28,28.4,5.748,dongdaegu,2,1,True,target_available_at_arrival,available_count>0 at panel tick nearest as_of+tmap_eta,tmap_routes
KP000231,2026-08-03 04:32:05,2026-08-03 05:01:05,2026-08-03 05:02:06,29,29.4,11.27,dongdaegu,1,1,True,target_available_at_arrival,available_count>0 at panel tick nearest as_of+tmap_eta,tmap_routes
KP000235,2026-07-28 23:43:51,2026-07-28 23:56:51,2026-07-29 00:03:53,13,13.3,2.71,dongdaegu,1,1,True,target_available_at_arrival,available_count>0 at panel tick nearest as_of+tmap_eta,tmap_routes
EO000005,2026-08-03 21:33:59,2026-08-03 22:11:59,2026-08-03 22:14:04,38,38.0,9.744,dongdaegu,2,1,True,target_available_at_arrival,available_count>0 at panel tick nearest as_of+tmap_eta,tmap_routes
CV002633,2026-07-26 20:09:38,2026-07-26 20:44:38,2026-07-26 20:49:44,35,34.9,9.916,dongdaegu,2,1,True,target_available_at_arrival,available_count>0 at panel tick nearest as_of+tmap_eta,tmap_routes
PI740149,2026-07-30 04:33:34,2026-07-30 04:51:34,2026-07-30 04:53:36,18,17.5,3.784,dongdaegu,1,1,True,target_available_at_arrival,available_count>0 at panel tick nearest as_of+tmap_eta,tmap_routes
CV001594,2026-07-28 14:11:15,2026-07-28 14:37:15,2026-07-28 14:41:35,26,25.9,6.561,dongdaegu,2,1,True,target_available_at_arrival,available_count>0 at panel tick nearest as_of+tmap_eta,tmap_routes
CV001605,2026-07-30 21:57:59,2026-07-30 22:26:59,2026-07-30 22:28:05,29,29.2,7.17,dongdaegu,2,2,True,target_available_at_arrival,available_count>0 at panel tick nearest as_of+tmap_eta,tmap_routes
PI530316,2026-07-26 00:56:51,2026-07-26 01:29:51,2026-07-26 01:36:57,33,32.9,8.285,dongdaegu,1,1,True,target_available_at_arrival,available_count>0 at panel tick nearest as_of+tmap_eta,tmap_routes
DC530001,2026-08-03 18:13:47,2026-08-03 18:49:47,2026-08-03 18:53:50,36,35.9,10.361,dongdaegu,3,4,True,target_available_at_arrival,available_count>0 at panel tick nearest as_of+tmap_eta,tmap_routes
CV003080,2026-08-04 02:16:49,2026-08-04 03:12:49,2026-08-04 03:16:51,56,56.0,32.563,dongdaegu,1,1,True,target_available_at_arrival,available_count>0 at panel tick nearest as_of+tmap_eta,tmap_routes
SF002583,2026-07-26 05:37:26,2026-07-26 06:21:26,2026-07-26 06:27:36,44,44.5,9.471,dongdaegu,2,2,True,target_available_at_arrival,available_count>0 at panel tick nearest as_of+tmap_eta,tmap_routes
KP000237,2026-07-29 06:57:11,2026-07-29 07:21:11,2026-07-29 07:27:19,24,24.5,3.358,dongdaegu,3,3,True,target_available_at_arrival,available_count>0 at panel tick nearest as_of+tmap_eta,tmap_routes
PI540344,2026-07-31 18:05:08,2026-07-31 18:55:08,2026-07-31 18:55:21,50,49.7,18.463,dongdaegu,1,1,True,target_available_at_arrival,available_count>0 at panel tick nearest as_of+tmap_eta,tmap_routes
DC530007,2026-07-26 11:08:22,2026-07-26 11:51:22,2026-07-26 11:58:32,43,42.9,8.561,dongdaegu,2,2,True,target_available_at_arrival,available_count>0 at panel tick nearest as_of+tmap_eta,tmap_routes
CV003698,2026-08-02 09:57:31,2026-08-02 10:45:31,2026-08-02 10:47:40,48,47.9,27.104,dongdaegu,2,2,True,target_available_at_arrival,available_count>0 at panel tick nearest as_of+tmap_eta,tmap_routes
ST601235,2026-07-30 17:47:07,2026-07-30 18:22:07,2026-07-30 18:27:22,35,35.3,12.266,dongdaegu,2,1,True,target_available_at_arrival,available_count>0 at panel tick nearest as_of+tmap_eta,tmap_routes
CV003801,2026-08-03 09:52:30,2026-08-03 10:29:30,2026-08-03 10:32:32,37,36.6,12.36,dongdaegu,1,1,True,target_available_at_arrival,available_count>0 at panel tick nearest as_of+tmap_eta,tmap_routes
PI645405,2026-08-03 08:52:21,2026-08-03 09:28:21,2026-08-03 09:32:27,36,35.8,12.364,dongdaegu,4,4,True,target_available_at_arrival,available_count>0 at panel tick nearest as_of+tmap_eta,tmap_routes
CV001967,2026-07-30 12:55:25,2026-07-30 13:14:25,2026-07-30 13:15:39,19,19.4,3.176,dongdaegu,1,1,True,target_available_at_arrival,available_count>0 at panel tick nearest as_of+tmap_eta,tmap_routes
PI740372,2026-07-24 17:28:43,2026-07-24 17:55:43,2026-07-24 17:58:47,27,27.0,8.013,dongdaegu,1,1,True,target_available_at_arrival,available_count>0 at panel tick nearest as_of+tmap_eta,tmap_routes
EV005837,2026-08-03 11:32:36,2026-08-03 11:58:36,2026-08-03 12:02:38,26,26.4,7.33,dongdaegu,3,3,True,target_available_at_arrival,available_count>0 at panel tick nearest as_of+tmap_eta,tmap_routes
ME25C169,2026-08-03 03:02:01,2026-08-03 03:52:01,2026-08-03 03:52:04,50,49.9,16.4,dongdaegu,1,1,True,target_available_at_arrival,available_count>0 at panel tick nearest as_of+tmap_eta,tmap_routes
KP002189,2026-08-05 23:22:31,2026-08-05 23:37:31,2026-08-05 23:42:32,15,15.4,3.325,dongdaegu,2,2,True,target_available_at_arrival,available_count>0 at panel tick nearest as_of+tmap_eta,tmap_routes
CV001316,2026-07-31 05:31:34,2026-07-31 06:04:34,2026-07-31 06:11:39,33,32.6,7.903,dongdaegu,2,2,True,target_available_at_arrival,available_count>0 at panel tick nearest as_of+tmap_eta,tmap_routes
CV003484,2026-07-23 00:07:26,2026-07-23 00:53:26,2026-07-23 00:57:41,46,46.3,10.238,dongdaegu,1,1,True,target_available_at_arrival,available_count>0 at panel tick nearest as_of+tmap_eta,tmap_routes
ME18C405,2026-08-06 00:25:41,2026-08-06 00:39:41,2026-08-06 00:45:42,14,14.4,2.77,dongdaegu,4,4,True,target_available_at_arrival,available_count>0 at panel tick nearest as_of+tmap_eta,tmap_routes
ST601269,2026-07-27 15:14:45,2026-07-27 15:24:45,2026-07-27 15:24:46,10,9.6,1.345,dongdaegu,1,1,True,target_available_at_arrival,available_count>0 at panel tick nearest as_of+tmap_eta,tmap_routes
JA270005,2026-07-29 22:20:16,2026-07-29 22:40:16,2026-07-29 22:40:18,20,20.5,6.034,dongdaegu,12,12,True,target_available_at_arrival,available_count>0 at panel tick nearest as_of+tmap_eta,tmap_routes
EBSSBILL,2026-08-03 18:33:49,2026-08-03 18:52:49,2026-08-03 18:53:50,19,18.9,2.758,dongdaegu,1,1,True,target_available_at_arrival,available_count>0 at panel tick nearest as_of+tmap_eta,tmap_routes
SF003198,2026-07-30 00:42:59,2026-07-30 01:08:59,2026-07-30 01:13:02,26,26.4,10.221,dongdaegu,3,3,True,target_available_at_arrival,available_count>0 at panel tick nearest as_of+tmap_eta,tmap_routes
PI202438,2026-07-28 06:19:01,2026-07-28 06:44:01,2026-07-28 06:49:05,25,24.6,6.768,dongdaegu,5,5,True,target_available_at_arrival,available_count>0 at panel tick nearest as_of+tmap_eta,tmap_routes
SF002258,2026-07-27 17:45:09,2026-07-27 18:01:09,2026-07-27 18:05:13,16,15.8,2.742,dongdaegu,1,1,True,target_available_at_arrival,available_count>0 at panel tick nearest as_of+tmap_eta,tmap_routes
ME18C258,2026-08-03 03:52:04,2026-08-03 04:12:04,2026-08-03 04:12:04,20,19.5,4.374,dongdaegu,2,2,True,target_available_at_arrival,available_count>0 at panel tick nearest as_of+tmap_eta,tmap_routes
PC000552,2026-07-21 16:32:50,2026-07-21 16:47:50,2026-07-21 16:52:59,15,14.8,2.52,dongdaegu,1,1,True,target_available_at_arrival,available_count>0 at panel tick nearest as_of+tmap_eta,tmap_routes
HE240384,2026-07-28 16:22:13,2026-07-28 17:25:13,2026-07-28 17:32:33,63,62.7,24.739,dongdaegu,2,2,True,target_available_at_arrival,available_count>0 at panel tick nearest as_of+tmap_eta,tmap_routes
ME20C183,2026-08-06 05:05:52,2026-08-06 05:40:52,2026-08-06 05:45:53,35,35.0,8.06,dongdaegu,1,1,True,target_available_at_arrival,available_count>0 at panel tick nearest as_of+tmap_eta,tmap_routes
EV006219,2026-07-28 08:09:20,2026-07-28 08:47:20,2026-07-28 08:49:35,38,37.6,13.391,dongdaegu,1,1,True,target_available_at_arrival,available_count>0 at panel tick nearest as_of+tmap_eta,tmap_routes
PW801190,2026-08-02 17:18:45,2026-08-02 18:12:45,2026-08-02 18:18:53,54,54.1,25.446,dongdaegu,2,3,True,target_available_at_arrival,available_count>0 at panel tick nearest as_of+tmap_eta,tmap_routes
CV000513,2026-07-25 08:17:15,2026-07-25 08:40:15,2026-07-25 08:43:41,23,22.8,3.906,dongdaegu,1,1,True,target_available_at_arrival,available_count>0 at panel tick nearest as_of+tmap_eta,tmap_routes
DC530014,2026-08-03 11:42:37,2026-08-03 12:08:37,2026-08-03 12:12:38,26,25.7,4.392,dongdaegu,9,9,True,target_available_at_arrival,available_count>0 at panel tick nearest as_of+tmap_eta,tmap_routes
LU100968,2026-07-30 17:47:07,2026-07-30 18:00:07,2026-07-30 18:07:09,13,12.8,0.497,dongdaegu,2,2,True,target_available_at_arrival,available_count>0 at panel tick nearest as_of+tmap_eta,tmap_routes
ME19X430,2026-08-06 05:05:52,2026-08-06 05:23:52,2026-08-06 05:25:53,18,17.6,4.834,dongdaegu,6,6,True,target_available_at_arrival,available_count>0 at panel tick nearest as_of+tmap_eta,tmap_routes
CV003096,2026-07-27 11:53:56,2026-07-27 12:23:56,2026-07-27 12:23:59,30,30.5,6.455,dongdaegu,1,1,True,target_available_at_arrival,available_count>0 at panel tick nearest as_of+tmap_eta,tmap_routes
ME184067,2026-07-23 06:19:01,2026-07-23 06:34:01,2026-07-23 06:34:06,15,15.3,2.615,dongdaegu,1,1,True,target_available_at_arrival,available_count>0 at panel tick nearest as_of+tmap_eta,tmap_routes
KE000354,2026-07-30 07:44:14,2026-07-30 08:01:14,2026-07-30 08:04:17,17,16.6,4.132,dongdaegu,3,3,True,target_available_at_arrival,available_count>0 at panel tick nearest as_of+tmap_eta,tmap_routes
KP003780,2026-07-31 17:35:04,2026-07-31 18:12:04,2026-07-31 18:15:10,37,37.2,9.349,dongdaegu,1,1,True,target_available_at_arrival,available_count>0 at panel tick nearest as_of+tmap_eta,tmap_routes
NT101499,2026-07-29 05:56:57,2026-07-29 06:35:57,2026-07-29 06:37:08,39,39.0,10.787,dongdaegu,1,1,True,target_available_at_arrival,available_count>0 at panel tick nearest as_of+tmap_eta,tmap_routes
CV001219,2026-08-05 00:50:59,2026-08-05 01:04:59,2026-08-05 01:10:59,14,14.0,2.364,dongdaegu,3,3,True,target_available_at_arrival,available_count>0 at panel tick nearest as_of+tmap_eta,tmap_routes
PIS00588,2026-07-26 14:18:50,2026-07-26 15:13:50,2026-07-26 15:18:58,55,55.0,9.555,dongdaegu,5,5,True,target_available_at_arrival,available_count>0 at panel tick nearest as_of+tmap_eta,tmap_routes
KP003777,2026-07-28 11:09:58,2026-07-28 11:23:58,2026-07-28 11:30:08,14,13.6,3.777,dongdaegu,1,1,True,target_available_at_arrival,available_count>0 at panel tick nearest as_of+tmap_eta,tmap_routes
CV001264,2026-08-03 14:32:47,2026-08-03 15:26:47,2026-08-03 15:32:50,54,54.4,27.511,dongdaegu,2,2,True,target_available_at_arrival,available_count>0 at panel tick nearest as_of+tmap_eta,tmap_routes
CV000814,2026-07-24 14:58:15,2026-07-24 15:28:15,2026-07-24 15:28:19,30,29.9,6.292,dongdaegu,1,1,True,target_available_at_arrival,available_count>0 at panel tick nearest as_of+tmap_eta,tmap_routes
EC004338,2026-08-06 11:46:17,2026-08-06 12:20:17,2026-08-06 12:26:19,34,34.1,11.583,dongdaegu,4,4,True,target_available_at_arrival,available_count>0 at panel tick nearest as_of+tmap_eta,tmap_routes
JA270006,2026-08-04 17:07:42,2026-08-04 17:21:42,2026-08-04 17:27:43,14,14.1,2.934,dongdaegu,8,8,True,target_available_at_arrival,available_count>0 at panel tick nearest as_of+tmap_eta,tmap_routes
CU530012,2026-08-08 01:57:09,2026-08-08 02:34:09,2026-08-08 02:37:12,37,36.8,12.536,dongdaegu,24,24,True,target_available_at_arrival,available_count>0 at panel tick nearest as_of+tmap_eta,tmap_routes
CV001493,2026-08-02 04:26:38,2026-08-02 05:00:38,2026-08-02 05:06:43,34,33.5,10.19,dongdaegu,4,4,True,target_available_at_arrival,available_count>0 at panel tick nearest as_of+tmap_eta,tmap_routes
ST272607,2026-08-06 06:15:55,2026-08-06 06:34:55,2026-08-06 06:35:55,19,19.4,4.399,dongdaegu,1,1,True,target_available_at_arrival,available_count>0 at panel tick nearest as_of+tmap_eta,tmap_routes
PC000270,2026-07-26 04:47:20,2026-07-26 05:13:20,2026-07-26 05:17:23,26,25.8,9.071,dongdaegu,1,1,True,target_available_at_arrival,available_count>0 at panel tick nearest as_of+tmap_eta,tmap_routes
PI530086,2026-07-26 08:27:57,2026-07-26 09:22:57,2026-07-26 09:28:07,55,55.4,26.06,dongdaegu,1,1,True,target_available_at_arrival,available_count>0 at panel tick nearest as_of+tmap_eta,tmap_routes
CV000544,2026-08-04 15:47:36,2026-08-04 16:05:36,2026-08-04 16:07:37,18,17.6,3.938,dongdaegu,1,1,True,target_available_at_arrival,available_count>0 at panel tick nearest as_of+tmap_eta,tmap_routes
ME184069,2026-08-02 05:26:45,2026-08-02 05:44:45,2026-08-02 05:46:47,18,18.1,3.348,dongdaegu,1,1,True,target_available_at_arrival,available_count>0 at panel tick nearest as_of+tmap_eta,tmap_routes
EV006225,2026-07-31 08:02:10,2026-07-31 08:40:10,2026-07-31 08:42:23,38,37.6,13.391,dongdaegu,1,1,True,target_available_at_arrival,available_count>0 at panel tick nearest as_of+tmap_eta,tmap_routes
JA270007,2026-07-30 17:06:53,2026-07-30 17:20:53,2026-07-30 17:27:04,14,13.6,2.937,dongdaegu,4,4,True,target_available_at_arrival,available_count>0 at panel tick nearest as_of+tmap_eta,tmap_routes
ME20C189,2026-07-26 03:37:13,2026-07-26 04:07:13,2026-07-26 04:07:16,30,30.4,9.61,dongdaegu,1,1,True,target_available_at_arrival,available_count>0 at panel tick nearest as_of+tmap_eta,tmap_routes
CV000513,2026-08-04 14:47:32,2026-08-04 15:10:32,2026-08-04 15:17:34,23,22.8,3.906,dongdaegu,1,1,True,target_available_at_arrival,available_count>0 at panel tick nearest as_of+tmap_eta,tmap_routes
CV002348,2026-07-17 18:24:46,2026-07-17 19:09:46,2026-07-17 19:09:50,45,45.2,15.52,dongdaegu,1,1,True,target_available_at_arrival,available_count>0 at panel tick nearest as_of+tmap_eta,tmap_routes
CV000113,2026-08-07 15:42:31,2026-08-07 16:00:31,2026-08-07 16:02:32,18,17.9,3.891,dongdaegu,3,3,True,target_available_at_arrival,available_count>0 at panel tick nearest as_of+tmap_eta,tmap_routes
PI740088,2026-07-31 19:45:35,2026-07-31 20:11:35,2026-07-31 20:15:40,26,26.5,9.147,dongdaegu,2,1,True,target_available_at_arrival,available_count>0 at panel tick nearest as_of+tmap_eta,tmap_routes
KE001051,2026-08-04 20:07:54,2026-08-04 20:30:54,2026-08-04 20:37:55,23,22.6,3.639,dongdaegu,1,1,True,target_available_at_arrival,available_count>0 at panel tick nearest as_of+tmap_eta,tmap_routes
CV001242,2026-07-24 01:51:54,2026-07-24 02:30:54,2026-07-24 02:32:00,39,38.9,13.135,dongdaegu,1,1,True,target_available_at_arrival,available_count>0 at panel tick nearest as_of+tmap_eta,tmap_routes
PI740615,2026-08-07 16:12:33,2026-08-07 16:50:33,2026-08-07 16:52:35,38,38.5,11.556,dongdaegu,1,1,True,target_available_at_arrival,available_count>0 at panel tick nearest as_of+tmap_eta,tmap_routes
EC004338,2026-08-06 07:15:57,2026-08-06 07:49:57,2026-08-06 07:56:00,34,34.1,11.583,dongdaegu,4,4,True,target_available_at_arrival,available_count>0 at panel tick nearest as_of+tmap_eta,tmap_routes
ME18C255,2026-08-02 13:48:13,2026-08-02 14:18:13,2026-08-02 14:18:17,30,29.8,8.943,dongdaegu,2,2,True,target_available_at_arrival,available_count>0 at panel tick nearest as_of+tmap_eta,tmap_routes
PIS00555,2026-07-29 00:36:12,2026-07-29 00:54:12,2026-07-29 00:56:14,18,17.9,1.225,dongdaegu,1,1,True,target_available_at_arrival,available_count>0 at panel tick nearest as_of+tmap_eta,tmap_routes
CV003159,2026-08-05 18:02:04,2026-08-05 18:37:04,2026-08-05 18:42:09,35,34.7,13.603,dongdaegu,1,1,True,target_available_at_arrival,available_count>0 at panel tick nearest as_of+tmap_eta,tmap_routes
KP002184,2026-08-05 03:51:06,2026-08-05 04:20:06,2026-08-05 04:21:07,29,28.6,8.977,dongdaegu,1,1,True,target_available_at_arrival,available_count>0 at panel tick nearest as_of+tmap_eta,tmap_routes
EV003858,2026-08-06 13:26:24,2026-08-06 13:36:24,2026-08-06 13:36:25,10,10.2,1.868,dongdaegu,1,1,True,target_available_at_arrival,available_count>0 at panel tick nearest as_of+tmap_eta,tmap_routes
ST272902,2026-08-01 08:39:58,2026-08-01 09:12:58,2026-08-01 09:20:08,33,32.9,11.66,dongdaegu,1,1,True,target_available_at_arrival,available_count>0 at panel tick nearest as_of+tmap_eta,tmap_routes
CV002914,2026-07-29 14:48:44,2026-07-29 15:12:44,2026-07-29 15:18:47,24,24.4,8.623,dongdaegu,1,1,True,target_available_at_arrival,available_count>0 at panel tick nearest as_of+tmap_eta,tmap_routes
ME25C165,2026-07-24 07:49:15,2026-07-24 08:41:15,2026-07-24 08:46:58,52,52.4,40.88,dongdaegu,1,1,True,target_available_at_arrival,available_count>0 at panel tick nearest as_of+tmap_eta,tmap_routes
SF000921,2026-08-07 11:22:05,2026-08-07 11:46:05,2026-08-07 11:52:06,24,24.2,6.841,dongdaegu,3,3,True,target_available_at_arrival,available_count>0 at panel tick nearest as_of+tmap_eta,tmap_routes
CV001646,2026-07-31 17:25:02,2026-07-31 17:53:02,2026-07-31 17:55:07,28,28.5,6.755,dongdaegu,2,2,True,target_available_at_arrival,available_count>0 at panel tick nearest as_of+tmap_eta,tmap_routes
CV000667,2026-08-01 01:39:06,2026-08-01 02:24:06,2026-08-01 02:29:10,45,45.4,18.244,dongdaegu,1,1,True,target_available_at_arrival,available_count>0 at panel tick nearest as_of+tmap_eta,tmap_routes
KL002703,2026-08-07 18:42:48,2026-08-07 19:09:48,2026-08-07 19:12:50,27,27.1,9.036,dongdaegu,1,1,True,target_available_at_arrival,available_count>0 at panel tick nearest as_of+tmap_eta,tmap_routes
SF002642,2026-08-06 22:47:17,2026-08-06 23:01:17,2026-08-06 23:07:18,14,13.8,2.135,dongdaegu,14,14,True,target_available_at_arrival,available_count>0 at panel tick nearest as_of+tmap_eta,tmap_routes
PIS00599,2026-07-20 21:01:07,2026-07-20 21:37:07,2026-07-20 21:41:09,36,35.7,12.543,dongdaegu,1,2,True,target_available_at_arrival,available_count>0 at panel tick nearest as_of+tmap_eta,tmap_routes
CV001493,2026-08-01 08:39:58,2026-08-01 09:13:58,2026-08-01 09:20:08,34,33.5,10.19,dongdaegu,4,4,True,target_available_at_arrival,available_count>0 at panel tick nearest as_of+tmap_eta,tmap_routes
ME19F260,2026-07-31 04:01:17,2026-07-31 05:07:17,2026-07-31 05:11:24,66,65.9,37.257,dongdaegu,2,2,True,target_available_at_arrival,available_count>0 at panel tick nearest as_of+tmap_eta,tmap_routes
PI530330,2026-08-04 05:36:56,2026-08-04 05:52:56,2026-08-04 05:56:57,16,15.8,3.38,dongdaegu,2,2,True,target_available_at_arrival,available_count>0 at panel tick nearest as_of+tmap_eta,tmap_routes
PI701108,2026-08-04 12:57:27,2026-08-04 13:27:27,2026-08-04 13:27:28,30,30.1,9.416,dongdaegu,2,2,True,target_available_at_arrival,available_count>0 at panel tick nearest as_of+tmap_eta,tmap_routes
CV004318,2026-08-03 00:41:56,2026-08-03 01:15:56,2026-08-03 01:21:57,34,34.0,7.925,dongdaegu,6,7,True,target_available_at_arrival,available_count>0 at panel tick nearest as_of+tmap_eta,tmap_routes
CV003286,2026-08-08 01:27:06,2026-08-08 02:02:06,2026-08-08 02:07:09,35,35.0,7.378,dongdaegu,2,2,True,target_available_at_arrival,available_count>0 at panel tick nearest as_of+tmap_eta,tmap_routes
PIS00538,2026-08-04 23:38:08,2026-08-04 23:55:08,2026-08-04 23:58:09,17,17.2,2.96,dongdaegu,2,2,True,target_available_at_arrival,available_count>0 at panel tick nearest as_of+tmap_eta,tmap_routes
ME21A140,2026-08-07 00:41:16,2026-08-07 01:34:16,2026-08-07 01:41:18,53,53.0,40.12,dongdaegu,1,1,True,target_available_at_arrival,available_count>0 at panel tick nearest as_of+tmap_eta,tmap_routes
EV005511,2026-08-06 21:17:09,2026-08-06 22:05:09,2026-08-06 22:07:15,48,47.6,13.5,dongdaegu,1,1,True,target_available_at_arrival,available_count>0 at panel tick nearest as_of+tmap_eta,tmap_routes
PW014973,2026-08-06 05:35:53,2026-08-06 05:54:53,2026-08-06 05:55:54,19,18.7,5.5,dongdaegu,1,1,True,target_available_at_arrival,available_count>0 at panel tick nearest as_of+tmap_eta,tmap_routes
SF000611,2026-08-05 16:01:56,2026-08-05 16:10:56,2026-08-05 16:11:57,9,9.2,1.794,dongdaegu,6,6,True,target_available_at_arrival,available_count>0 at panel tick nearest as_of+tmap_eta,tmap_routes
ME21E401,2026-07-24 00:21:19,2026-07-24 01:14:19,2026-07-24 01:16:47,53,52.7,31.252,dongdaegu,1,1,True,target_available_at_arrival,available_count>0 at panel tick nearest as_of+tmap_eta,tmap_routes
KL001990,2026-07-26 07:27:42,2026-07-26 07:45:42,2026-07-26 07:47:51,18,17.8,2.838,dongdaegu,3,3,True,target_available_at_arrival,available_count>0 at panel tick nearest as_of+tmap_eta,tmap_routes
SF001285,2026-08-05 05:31:09,2026-08-05 06:15:09,2026-08-05 06:21:11,44,44.5,9.471,dongdaegu,10,10,True,target_available_at_arrival,available_count>0 at panel tick nearest as_of+tmap_eta,tmap_routes
CV001316,2026-07-26 12:38:36,2026-07-26 13:11:36,2026-07-26 13:18:42,33,32.6,7.903,dongdaegu,2,2,True,target_available_at_arrival,available_count>0 at panel tick nearest as_of+tmap_eta,tmap_routes
PI740263,2026-07-25 20:34:31,2026-07-25 21:17:31,2026-07-25 21:24:38,43,43.4,15.153,dongdaegu,1,1,True,target_available_at_arrival,available_count>0 at panel tick nearest as_of+tmap_eta,tmap_routes
BE241251,2026-08-01 22:32:53,2026-08-01 23:17:53,2026-08-01 23:22:59,45,44.8,26.34,dongdaegu,2,1,True,target_available_at_arrival,available_count>0 at panel tick nearest as_of+tmap_eta,tmap_routes
CV003284,2026-07-31 09:32:31,2026-07-31 10:08:31,2026-07-31 10:12:36,36,35.6,8.37,dongdaegu,1,1,True,target_available_at_arrival,available_count>0 at panel tick nearest as_of+tmap_eta,tmap_routes
CV003159,2026-08-03 18:23:48,2026-08-03 18:58:48,2026-08-03 19:03:50,35,34.7,13.603,dongdaegu,1,1,True,target_available_at_arrival,available_count>0 at panel tick nearest as_of+tmap_eta,tmap_routes
PC000159,2026-07-30 14:15:57,2026-07-30 15:05:57,2026-07-30 15:06:25,50,49.6,14.896,dongdaegu,2,2,True,target_available_at_arrival,available_count>0 at panel tick nearest as_of+tmap_eta,tmap_routes
CV001564,2026-07-29 01:16:16,2026-07-29 01:49:16,2026-07-29 01:56:20,33,32.9,9.561,dongdaegu,2,2,True,target_available_at_arrival,available_count>0 at panel tick nearest as_of+tmap_eta,tmap_routes
CV000506,2026-08-01 13:21:14,2026-08-01 13:30:14,2026-08-01 13:31:15,9,9.0,2.041,dongdaegu,1,1,True,target_available_at_arrival,available_count>0 at panel tick nearest as_of+tmap_eta,tmap_routes
CV002951,2026-07-30 12:45:23,2026-07-30 13:35:23,2026-07-30 13:35:43,50,49.6,39.256,dongdaegu,2,2,True,target_available_at_arrival,available_count>0 at panel tick nearest as_of+tmap_eta,tmap_routes
CV000810,2026-07-31 19:05:25,2026-07-31 19:21:25,2026-07-31 19:25:32,16,15.9,3.65,dongdaegu,1,1,True,target_available_at_arrival,available_count>0 at panel tick nearest as_of+tmap_eta,tmap_routes
CV001123,2026-07-28 13:41:12,2026-07-28 14:21:12,2026-07-28 14:21:16,40,40.0,13.364,dongdaegu,1,1,True,target_available_at_arrival,available_count>0 at panel tick nearest as_of+tmap_eta,tmap_routes
EV008163,2026-07-27 21:16:04,2026-07-27 21:54:04,2026-07-27 21:56:10,38,37.7,10.328,dongdaegu,2,2,True,target_available_at_arrival,available_count>0 at panel tick nearest as_of+tmap_eta,tmap_routes
CV002150,2026-08-04 01:46:46,2026-08-04 02:16:46,2026-08-04 02:16:49,30,30.4,11.163,dongdaegu,2,2,True,target_available_at_arrival,available_count>0 at panel tick nearest as_of+tmap_eta,tmap_routes
EV008139,2026-07-22 20:34:34,2026-07-22 20:54:34,2026-07-22 20:54:41,20,19.9,1.726,dongdaegu,1,0,False,target_available_at_arrival,available_count>0 at panel tick nearest as_of+tmap_eta,tmap_routes
BE241251,2026-08-05 21:42:26,2026-08-05 22:27:26,2026-08-05 22:32:29,45,44.8,26.34,dongdaegu,2,1,True,target_available_at_arrival,available_count>0 at panel tick nearest as_of+tmap_eta,tmap_routes
ME23B186,2026-07-27 21:46:08,2026-07-27 22:03:08,2026-07-27 22:06:11,17,16.9,2.531,dongdaegu,1,1,True,target_available_at_arrival,available_count>0 at panel tick nearest as_of+tmap_eta,tmap_routes
ME19C130,2026-07-27 03:32:32,2026-07-27 04:39:32,2026-07-27 04:42:41,67,66.8,43.953,dongdaegu,1,1,True,target_available_at_arrival,available_count>0 at panel tick nearest as_of+tmap_eta,tmap_routes
CV000535,2026-07-24 02:21:59,2026-07-24 02:35:59,2026-07-24 02:37:05,14,13.6,2.312,dongdaegu,1,1,True,target_available_at_arrival,available_count>0 at panel tick nearest as_of+tmap_eta,tmap_routes
EBSSBILL,2026-07-29 23:10:22,2026-07-29 23:29:22,2026-07-29 23:30:24,19,18.9,2.758,dongdaegu,1,1,True,target_available_at_arrival,available_count>0 at panel tick nearest as_of+tmap_eta,tmap_routes
PIS00555,2026-08-07 04:01:25,2026-08-07 04:19:25,2026-08-07 04:21:26,18,17.9,1.225,dongdaegu,8,8,True,target_available_at_arrival,available_count>0 at panel tick nearest as_of+tmap_eta,tmap_routes
IN053069,2026-07-27 10:03:39,2026-07-27 10:26:39,2026-07-27 10:33:42,23,23.0,4.503,dongdaegu,16,16,True,target_available_at_arrival,available_count>0 at panel tick nearest as_of+tmap_eta,tmap_routes
PC001247,2026-08-04 23:58:09,2026-08-05 00:28:09,2026-08-05 00:30:58,30,29.8,6.36,dongdaegu,7,7,True,target_available_at_arrival,available_count>0 at panel tick nearest as_of+tmap_eta,tmap_routes
HM000722,2026-08-07 06:01:32,2026-08-07 06:51:32,2026-08-07 06:51:34,50,49.6,13.089,dongdaegu,11,11,True,target_available_at_arrival,available_count>0 at panel tick nearest as_of+tmap_eta,tmap_routes
ME18C264,2026-07-28 03:08:35,2026-07-28 03:36:35,2026-07-28 03:38:38,28,27.7,8.834,dongdaegu,2,2,True,target_available_at_arrival,available_count>0 at panel tick nearest as_of+tmap_eta,tmap_routes
SF002945,2026-08-03 14:42:48,2026-08-03 15:17:48,2026-08-03 15:22:50,35,35.4,13.642,dongdaegu,1,1,True,target_available_at_arrival,available_count>0 at panel tick nearest as_of+tmap_eta,tmap_routes
CV003082,2026-07-30 09:24:36,2026-07-30 09:53:36,2026-07-30 09:54:39,29,29.1,6.499,dongdaegu,1,1,True,target_available_at_arrival,available_count>0 at panel tick nearest as_of+tmap_eta,tmap_routes
CV002034,2026-08-01 14:41:28,2026-08-01 15:16:28,2026-08-01 15:21:33,35,35.0,10.495,dongdaegu,1,2,True,target_available_at_arrival,available_count>0 at panel tick nearest as_of+tmap_eta,tmap_routes
ME22C252,2026-07-21 09:51:01,2026-07-21 10:19:01,2026-07-21 10:21:04,28,28.4,5.748,dongdaegu,2,1,True,target_available_at_arrival,available_count>0 at panel tick nearest as_of+tmap_eta,tmap_routes
CU530008,2026-07-28 20:33:20,2026-07-28 21:02:20,2026-07-28 21:03:24,29,29.1,9.81,dongdaegu,5,4,True,target_available_at_arrival,available_count>0 at panel tick nearest as_of+tmap_eta,tmap_routes
PI740372,2026-07-31 09:52:33,2026-07-31 10:19:33,2026-07-31 10:22:37,27,27.0,8.013,dongdaegu,2,2,True,target_available_at_arrival,available_count>0 at panel tick nearest as_of+tmap_eta,tmap_routes
PI203015,2026-08-08 02:37:12,2026-08-08 03:07:12,2026-08-08 03:07:13,30,29.5,8.23,dongdaegu,1,1,True,target_available_at_arrival,available_count>0 at panel tick nearest as_of+tmap_eta,tmap_routes
PC001338,2026-07-26 07:57:52,2026-07-26 08:17:52,2026-07-26 08:17:56,20,20.1,4.064,dongdaegu,6,5,True,target_available_at_arrival,available_count>0 at panel tick nearest as_of+tmap_eta,tmap_routes
PI530290,2026-07-23 13:52:51,2026-07-23 14:20:51,2026-07-23 14:22:57,28,28.5,5.483,dongdaegu,2,2,True,target_available_at_arrival,available_count>0 at panel tick nearest as_of+tmap_eta,tmap_routes
PW000296,2026-07-30 23:48:13,2026-07-31 00:06:13,2026-07-31 00:08:15,18,18.3,4.495,dongdaegu,1,1,True,target_available_at_arrival,available_count>0 at panel tick nearest as_of+tmap_eta,tmap_routes
PIS00567,2026-08-03 03:02:01,2026-08-03 03:16:01,2026-08-03 03:22:02,14,14.4,5.298,dongdaegu,1,1,True,target_available_at_arrival,available_count>0 at panel tick nearest as_of+tmap_eta,tmap_routes
CV003076,2026-08-01 19:42:24,2026-08-01 20:10:24,2026-08-01 20:12:32,28,27.8,6.202,dongdaegu,1,1,True,target_available_at_arrival,available_count>0 at panel tick nearest as_of+tmap_eta,tmap_routes
SF001110,2026-08-07 15:52:32,2026-08-07 16:16:32,2026-08-07 16:22:33,24,24.3,4.267,dongdaegu,15,15,True,target_available_at_arrival,available_count>0 at panel tick nearest as_of+tmap_eta,tmap_routes
ST600663,2026-07-23 01:32:48,2026-07-23 02:08:48,2026-07-23 02:13:00,36,35.8,17.637,dongdaegu,1,1,True,target_available_at_arrival,available_count>0 at panel tick nearest as_of+tmap_eta,tmap_routes
ME25C171,2026-07-31 22:56:10,2026-07-31 23:13:10,2026-07-31 23:16:12,17,16.6,2.432,dongdaegu,1,1,True,target_available_at_arrival,available_count>0 at panel tick nearest as_of+tmap_eta,tmap_routes
CV002203,2026-07-31 18:45:19,2026-07-31 19:20:19,2026-07-31 19:25:32,35,35.2,13.714,dongdaegu,3,2,True,target_available_at_arrival,available_count>0 at panel tick nearest as_of+tmap_eta,tmap_routes
CV000991,2026-07-29 18:09:25,2026-07-29 18:33:25,2026-07-29 18:39:33,24,23.5,6.811,dongdaegu,1,1,True,target_available_at_arrival,available_count>0 at panel tick nearest as_of+tmap_eta,tmap_routes
PI000241,2026-08-04 03:16:51,2026-08-04 03:33:51,2026-08-04 03:36:52,17,16.8,3.257,dongdaegu,1,1,True,target_available_at_arrival,available_count>0 at panel tick nearest as_of+tmap_eta,tmap_routes
ME20C414,2026-07-27 21:16:04,2026-07-27 22:09:04,2026-07-27 22:16:12,53,52.7,31.25,dongdaegu,4,4,True,target_available_at_arrival,available_count>0 at panel tick nearest as_of+tmap_eta,tmap_routes
PI740437,2026-07-31 09:02:26,2026-07-31 09:40:26,2026-07-31 09:42:32,38,37.5,11.182,dongdaegu,1,1,True,target_available_at_arrival,available_count>0 at panel tick nearest as_of+tmap_eta,tmap_routes
CV001637,2026-07-30 14:36:07,2026-07-30 15:14:07,2026-07-30 15:16:36,38,38.4,17.352,dongdaegu,1,1,True,target_available_at_arrival,available_count>0 at panel tick nearest as_of+tmap_eta,tmap_routes
CV000899,2026-08-06 11:26:16,2026-08-06 11:33:16,2026-08-06 11:36:17,7,6.7,0.393,dongdaegu,2,2,True,target_available_at_arrival,available_count>0 at panel tick nearest as_of+tmap_eta,tmap_routes
CV004551,2026-08-01 18:12:11,2026-08-01 19:06:11,2026-08-01 19:12:19,54,54.2,40.076,dongdaegu,2,2,True,target_available_at_arrival,available_count>0 at panel tick nearest as_of+tmap_eta,tmap_routes
LU001877,2026-08-07 11:12:04,2026-08-07 11:41:04,2026-08-07 11:42:06,29,29.3,9.229,dongdaegu,6,7,True,target_available_at_arrival,available_count>0 at panel tick nearest as_of+tmap_eta,tmap_routes
CV003069,2026-07-18 15:50:46,2026-07-18 16:05:46,2026-07-18 16:05:47,15,15.4,2.813,dongdaegu,1,1,True,target_available_at_arrival,available_count>0 at panel tick nearest as_of+tmap_eta,tmap_routes
DC530015,2026-08-05 21:02:23,2026-08-05 21:49:23,2026-08-05 21:52:26,47,46.8,9.409,dongdaegu,1,1,True,target_available_at_arrival,available_count>0 at panel tick nearest as_of+tmap_eta,tmap_routes
LU100103,2026-07-29 20:39:56,2026-07-29 21:16:56,2026-07-29 21:20:05,37,36.6,8.479,dongdaegu,2,2,True,target_available_at_arrival,available_count>0 at panel tick nearest as_of+tmap_eta,tmap_routes
CV003041,2026-08-06 04:45:51,2026-08-06 05:09:51,2026-08-06 05:15:52,24,24.3,7.564,dongdaegu,16,16,True,target_available_at_arrival,available_count>0 at panel tick nearest as_of+tmap_eta,tmap_routes
PI700593,2026-07-26 07:57:52,2026-07-26 08:17:52,2026-07-26 08:17:56,20,20.1,4.863,dongdaegu,1,1,True,target_available_at_arrival,available_count>0 at panel tick nearest as_of+tmap_eta,tmap_routes
CV002321,2026-08-05 02:41:03,2026-08-05 03:14:03,2026-08-05 03:21:05,33,33.2,9.951,dongdaegu,1,1,True,target_available_at_arrival,available_count>0 at panel tick nearest as_of+tmap_eta,tmap_routes
EV005961,2026-08-02 13:38:11,2026-08-02 14:24:11,2026-08-02 14:28:22,46,45.5,15.14,dongdaegu,4,4,True,target_available_at_arrival,available_count>0 at panel tick nearest as_of+tmap_eta,tmap_routes
ME21A910,2026-07-23 03:33:19,2026-07-23 04:14:19,2026-07-23 04:18:30,41,40.9,23.827,dongdaegu,2,2,True,target_available_at_arrival,available_count>0 at panel tick nearest as_of+tmap_eta,tmap_routes
CV001397,2026-07-23 09:00:25,2026-07-23 09:40:25,2026-07-23 09:40:51,40,39.9,13.598,dongdaegu,1,1,True,target_available_at_arrival,available_count>0 at panel tick nearest as_of+tmap_eta,tmap_routes
PI740280,2026-08-05 12:01:40,2026-08-05 12:24:40,2026-08-05 12:31:42,23,23.1,6.214,dongdaegu,2,2,True,target_available_at_arrival,available_count>0 at panel tick nearest as_of+tmap_eta,tmap_routes
CV000978,2026-08-01 12:00:43,2026-08-01 12:25:43,2026-08-01 12:30:52,25,25.3,6.225,dongdaegu,4,4,True,target_available_at_arrival,available_count>0 at panel tick nearest as_of+tmap_eta,tmap_routes
DC530020,2026-08-01 06:39:40,2026-08-01 07:02:40,2026-08-01 07:09:43,23,23.2,4.562,dongdaegu,13,13,True,target_available_at_arrival,available_count>0 at panel tick nearest as_of+tmap_eta,tmap_routes
KE000387,2026-07-23 02:23:04,2026-07-23 02:50:04,2026-07-23 02:53:10,27,26.9,10.294,dongdaegu,1,1,True,target_available_at_arrival,available_count>0 at panel tick nearest as_of+tmap_eta,tmap_routes
EV004924,2026-08-02 06:06:49,2026-08-02 06:53:49,2026-08-02 06:57:00,47,46.7,9.487,dongdaegu,1,2,True,target_available_at_arrival,available_count>0 at panel tick nearest as_of+tmap_eta,tmap_routes
PC000296,2026-07-28 16:52:20,2026-07-28 17:09:20,2026-07-28 17:12:31,17,16.9,3.783,dongdaegu,1,1,True,target_available_at_arrival,available_count>0 at panel tick nearest as_of+tmap_eta,tmap_routes
CV001627,2026-08-06 01:25:44,2026-08-06 02:04:44,2026-08-06 02:05:45,39,39.0,13.103,dongdaegu,2,2,True,target_available_at_arrival,available_count>0 at panel tick nearest as_of+tmap_eta,tmap_routes
CV003076,2026-08-07 20:03:03,2026-08-07 20:31:03,2026-08-07 20:33:07,28,27.8,6.202,dongdaegu,1,1,True,target_available_at_arrival,available_count>0 at panel tick nearest as_of+tmap_eta,tmap_routes
HW000508,2026-08-05 12:41:42,2026-08-05 13:11:42,2026-08-05 13:11:44,30,30.0,7.629,dongdaegu,2,2,True,target_available_at_arrival,available_count>0 at panel tick nearest as_of+tmap_eta,tmap_routes
KE000385,2026-07-30 07:44:14,2026-07-30 08:11:14,2026-07-30 08:14:19,27,27.1,10.449,dongdaegu,1,1,True,target_available_at_arrival,available_count>0 at panel tick nearest as_of+tmap_eta,tmap_routes
LU000912,2026-07-31 20:15:40,2026-07-31 20:24:40,2026-07-31 20:25:41,9,8.7,1.659,dongdaegu,2,2,True,target_available_at_arrival,available_count>0 at panel tick nearest as_of+tmap_eta,tmap_routes
CV001126,2026-08-06 16:26:38,2026-08-06 17:02:38,2026-08-06 17:06:41,36,35.9,9.85,dongdaegu,1,1,True,target_available_at_arrival,available_count>0 at panel tick nearest as_of+tmap_eta,tmap_routes
SF001285,2026-07-30 17:27:04,2026-07-30 18:11:04,2026-07-30 18:17:11,44,44.5,9.471,dongdaegu,9,9,True,target_available_at_arrival,available_count>0 at panel tick nearest as_of+tmap_eta,tmap_routes
CV003428,2026-08-05 08:51:21,2026-08-05 09:10:21,2026-08-05 09:11:23,19,18.9,3.756,dongdaegu,1,1,True,target_available_at_arrival,available_count>0 at panel tick nearest as_of+tmap_eta,tmap_routes
CV000406,2026-07-27 03:52:35,2026-07-27 04:27:35,2026-07-27 04:32:40,35,35.3,7.809,dongdaegu,1,1,True,target_available_at_arrival,available_count>0 at panel tick nearest as_of+tmap_eta,tmap_routes
CV002393,2026-08-02 22:29:27,2026-08-02 23:03:27,2026-08-02 23:09:31,34,33.7,13.337,dongdaegu,2,2,True,target_available_at_arrival,available_count>0 at panel tick nearest as_of+tmap_eta,tmap_routes
CV003570,2026-07-22 22:25:18,2026-07-22 22:42:18,2026-07-22 22:45:22,17,17.3,2.175,dongdaegu,1,1,True,target_available_at_arrival,available_count>0 at panel tick nearest as_of+tmap_eta,tmap_routes
CV004598,2026-08-05 17:22:01,2026-08-05 17:50:01,2026-08-05 17:52:03,28,27.7,5.237,dongdaegu,4,3,True,target_available_at_arrival,available_count>0 at panel tick nearest as_of+tmap_eta,tmap_routes
CV000547,2026-07-31 13:53:02,2026-07-31 14:12:02,2026-07-31 14:13:05,19,18.8,4.043,dongdaegu,1,1,True,target_available_at_arrival,available_count>0 at panel tick nearest as_of+tmap_eta,tmap_routes
KP004864,2026-08-03 23:14:07,2026-08-03 23:33:07,2026-08-03 23:34:08,19,18.9,4.039,dongdaegu,2,2,True,target_available_at_arrival,available_count>0 at panel tick nearest as_of+tmap_eta,tmap_routes
CV003134,2026-07-31 07:12:00,2026-07-31 07:30:00,2026-07-31 07:32:03,18,18.1,3.658,dongdaegu,1,1,True,target_available_at_arrival,available_count>0 at panel tick nearest as_of+tmap_eta,tmap_routes
KP003782,2026-07-29 05:56:57,2026-07-29 06:32:57,2026-07-29 06:37:08,36,36.5,8.043,dongdaegu,1,1,True,target_available_at_arrival,available_count>0 at panel tick nearest as_of+tmap_eta,tmap_routes
EC270011,2026-08-06 07:05:57,2026-08-06 07:34:57,2026-08-06 07:35:58,29,28.6,10.954,dongdaegu,1,1,True,target_available_at_arrival,available_count>0 at panel tick nearest as_of+tmap_eta,tmap_routes
PI740111,2026-07-31 15:44:34,2026-07-31 16:10:34,2026-07-31 16:14:42,26,25.9,5.527,dongdaegu,1,1,True,target_available_at_arrival,available_count>0 at panel tick nearest as_of+tmap_eta,tmap_routes
PIH01792,2026-08-04 12:17:25,2026-08-04 12:27:25,2026-08-04 12:27:25,10,10.1,0.893,dongdaegu,2,2,True,target_available_at_arrival,available_count>0 at panel tick nearest as_of+tmap_eta,tmap_routes
CV002862,2026-07-29 05:36:53,2026-07-29 06:31:53,2026-07-29 06:37:08,55,55.1,31.788,dongdaegu,1,1,True,target_available_at_arrival,available_count>0 at panel tick nearest as_of+tmap_eta,tmap_routes
EP220264,2026-07-28 23:03:44,2026-07-28 23:39:44,2026-07-28 23:43:51,36,35.6,11.349,dongdaegu,1,1,True,target_available_at_arrival,available_count>0 at panel tick nearest as_of+tmap_eta,tmap_routes
CV004551,2026-07-26 03:47:14,2026-07-26 04:41:14,2026-07-26 04:47:20,54,54.2,40.076,dongdaegu,1,1,True,target_available_at_arrival,available_count>0 at panel tick nearest as_of+tmap_eta,tmap_routes
ST271110,2026-07-17 15:24:35,2026-07-17 15:39:35,2026-07-17 15:39:36,15,14.9,3.321,dongdaegu,1,1,True,target_available_at_arrival,available_count>0 at panel tick nearest as_of+tmap_eta,tmap_routes
NT100237,2026-07-30 00:12:57,2026-07-30 00:45:57,2026-07-30 00:53:00,33,32.6,10.832,dongdaegu,2,2,True,target_available_at_arrival,available_count>0 at panel tick nearest as_of+tmap_eta,tmap_routes
ME19X413,2026-08-07 09:51:56,2026-08-07 10:25:56,2026-08-07 10:31:58,34,34.4,11.991,dongdaegu,5,4,True,target_available_at_arrival,available_count>0 at panel tick nearest as_of+tmap_eta,tmap_routes
CV002348,2026-07-23 11:16:43,2026-07-23 12:01:43,2026-07-23 12:02:15,45,45.2,15.52,dongdaegu,5,5,True,target_available_at_arrival,available_count>0 at panel tick nearest as_of+tmap_eta,tmap_routes
PC001315,2026-07-29 19:59:51,2026-07-29 20:24:51,2026-07-29 20:29:55,25,24.6,5.255,dongdaegu,2,2,True,target_available_at_arrival,available_count>0 at panel tick nearest as_of+tmap_eta,tmap_routes
ME25C173,2026-07-25 22:44:48,2026-07-25 22:58:48,2026-07-25 23:04:50,14,14.0,2.896,dongdaegu,1,1,True,target_available_at_arrival,available_count>0 at panel tick nearest as_of+tmap_eta,tmap_routes
CV002347,2026-08-02 13:08:04,2026-08-02 13:32:04,2026-08-02 13:38:11,24,24.2,9.135,dongdaegu,4,4,True,target_available_at_arrival,available_count>0 at panel tick nearest as_of+tmap_eta,tmap_routes
ME20C288,2026-08-03 06:42:12,2026-08-03 07:11:12,2026-08-03 07:12:14,29,29.1,9.321,dongdaegu,2,2,True,target_available_at_arrival,available_count>0 at panel tick nearest as_of+tmap_eta,tmap_routes
HY000979,2026-08-07 05:11:28,2026-08-07 05:25:28,2026-08-07 05:31:29,14,14.0,2.863,dongdaegu,3,3,True,target_available_at_arrival,available_count>0 at panel tick nearest as_of+tmap_eta,tmap_routes
CV003256,2026-08-04 22:48:06,2026-08-04 23:52:06,2026-08-04 23:58:09,64,63.8,32.189,dongdaegu,11,11,True,target_available_at_arrival,available_count>0 at panel tick nearest as_of+tmap_eta,tmap_routes
ME19W401,2026-08-05 10:41:33,2026-08-05 11:35:33,2026-08-05 11:41:39,54,53.5,31.956,dongdaegu,6,6,True,target_available_at_arrival,available_count>0 at panel tick nearest as_of+tmap_eta,tmap_routes
CV003117,2026-07-30 04:53:36,2026-07-30 05:42:36,2026-07-30 05:43:44,49,48.7,17.255,dongdaegu,1,1,True,target_available_at_arrival,available_count>0 at panel tick nearest as_of+tmap_eta,tmap_routes
PI800355,2026-08-07 12:32:08,2026-08-07 13:30:08,2026-08-07 13:32:14,58,57.5,42.32,dongdaegu,1,0,False,target_available_at_arrival,available_count>0 at panel tick nearest as_of+tmap_eta,tmap_routes
PI530287,2026-08-08 07:27:28,2026-08-08 07:51:28,2026-08-08 07:57:31,24,24.2,7.048,dongdaegu,1,1,True,target_available_at_arrival,available_count>0 at panel tick nearest as_of+tmap_eta,tmap_routes
ME25C167,2026-07-24 02:21:59,2026-07-24 03:07:59,2026-07-24 03:12:11,46,45.9,9.64,dongdaegu,1,1,True,target_available_at_arrival,available_count>0 at panel tick nearest as_of+tmap_eta,tmap_routes
ME20C414,2026-07-25 08:18:32,2026-07-25 09:11:32,2026-07-25 09:13:47,53,52.7,31.25,dongdaegu,4,4,True,target_available_at_arrival,available_count>0 at panel tick nearest as_of+tmap_eta,tmap_routes
CV003158,2026-08-07 08:41:47,2026-08-07 09:27:47,2026-08-07 09:31:52,46,46.5,15.819,dongdaegu,1,1,True,target_available_at_arrival,available_count>0 at panel tick nearest as_of+tmap_eta,tmap_routes
PI530328,2026-07-28 06:19:01,2026-07-28 07:02:01,2026-07-28 07:09:07,43,42.9,10.026,dongdaegu,1,1,True,target_available_at_arrival,available_count>0 at panel tick nearest as_of+tmap_eta,tmap_routes
SF002583,2026-08-07 23:13:23,2026-08-07 23:57:23,2026-08-08 00:03:25,44,44.5,9.471,dongdaegu,2,2,True,target_available_at_arrival,available_count>0 at panel tick nearest as_of+tmap_eta,tmap_routes
PIH00094,2026-07-23 13:32:47,2026-07-23 13:58:47,2026-07-23 14:02:53,26,25.6,9.271,dongdaegu,7,7,True,target_available_at_arrival,available_count>0 at panel tick nearest as_of+tmap_eta,tmap_routes
PIH00153,2026-07-24 12:47:47,2026-07-24 13:23:47,2026-07-24 13:27:52,36,35.6,10.821,dongdaegu,5,5,True,target_available_at_arrival,available_count>0 at panel tick nearest as_of+tmap_eta,tmap_routes
EV012548,2026-07-31 22:56:10,2026-07-31 23:03:10,2026-07-31 23:06:11,7,7.4,0.969,dongdaegu,2,2,True,target_available_at_arrival,available_count>0 at panel tick nearest as_of+tmap_eta,tmap_routes
CV003452,2026-07-26 10:18:13,2026-07-26 10:45:13,2026-07-26 10:48:19,27,27.4,5.606,dongdaegu,1,1,True,target_available_at_arrival,available_count>0 at panel tick nearest as_of+tmap_eta,tmap_routes
CV000891,2026-08-08 07:47:29,2026-08-08 08:46:29,2026-08-08 08:47:34,59,58.9,26.194,dongdaegu,2,3,True,target_available_at_arrival,available_count>0 at panel tick nearest as_of+tmap_eta,tmap_routes
PI690013,2026-07-29 00:36:12,2026-07-29 01:12:12,2026-07-29 01:16:16,36,36.5,13.527,dongdaegu,18,18,True,target_available_at_arrival,available_count>0 at panel tick nearest as_of+tmap_eta,tmap_routes
PI530082,2026-08-05 00:20:57,2026-08-05 00:34:57,2026-08-05 00:40:58,14,14.2,2.347,dongdaegu,1,1,True,target_available_at_arrival,available_count>0 at panel tick nearest as_of+tmap_eta,tmap_routes
CV002371,2026-07-23 09:46:00,2026-07-23 10:16:00,2026-07-23 10:16:07,30,29.7,7.719,dongdaegu,1,1,True,target_available_at_arrival,available_count>0 at panel tick nearest as_of+tmap_eta,tmap_routes
ME183144,2026-07-26 20:19:40,2026-07-26 21:15:40,2026-07-26 21:19:48,56,56.2,27.909,dongdaegu,3,3,True,target_available_at_arrival,available_count>0 at panel tick nearest as_of+tmap_eta,tmap_routes
CV003141,2026-07-29 01:26:17,2026-07-29 02:13:17,2026-07-29 02:16:22,47,46.7,21.256,dongdaegu,2,2,True,target_available_at_arrival,available_count>0 at panel tick nearest as_of+tmap_eta,tmap_routes
CV004104,2026-08-02 08:27:16,2026-08-02 08:46:16,2026-08-02 08:47:19,19,19.3,7.318,dongdaegu,13,13,True,target_available_at_arrival,available_count>0 at panel tick nearest as_of+tmap_eta,tmap_routes
PI700651,2026-08-03 21:54:00,2026-08-03 22:11:00,2026-08-03 22:14:04,17,17.4,3.421,dongdaegu,3,3,True,target_available_at_arrival,available_count>0 at panel tick nearest as_of+tmap_eta,tmap_routes
KP000231,2026-07-28 08:39:34,2026-07-28 09:08:34,2026-07-28 09:09:38,29,29.4,11.27,dongdaegu,1,1,True,target_available_at_arrival,available_count>0 at panel tick nearest as_of+tmap_eta,tmap_routes
CV002144,2026-08-03 01:41:58,2026-08-03 02:26:58,2026-08-03 02:32:00,45,44.6,9.399,dongdaegu,3,2,True,target_available_at_arrival,available_count>0 at panel tick nearest as_of+tmap_eta,tmap_routes
CV001493,2026-08-04 07:07:00,2026-08-04 07:41:00,2026-08-04 07:47:04,34,33.5,10.19,dongdaegu,4,4,True,target_available_at_arrival,available_count>0 at panel tick nearest as_of+tmap_eta,tmap_routes
ME183058,2026-07-23 02:13:00,2026-07-23 02:21:00,2026-07-23 02:23:04,8,8.1,1.178,dongdaegu,1,1,True,target_available_at_arrival,available_count>0 at panel tick nearest as_of+tmap_eta,tmap_routes
PI530275,2026-08-08 01:17:05,2026-08-08 01:41:05,2026-08-08 01:47:06,24,24.2,7.702,dongdaegu,3,3,True,target_available_at_arrival,available_count>0 at panel tick nearest as_of+tmap_eta,tmap_routes
CV004736,2026-07-20 08:59:42,2026-07-20 09:56:42,2026-07-20 09:59:44,57,57.4,24.095,dongdaegu,1,1,True,target_available_at_arrival,available_count>0 at panel tick nearest as_of+tmap_eta,tmap_routes
ME18C173,2026-07-23 04:18:30,2026-07-23 04:38:30,2026-07-23 04:38:36,20,19.8,4.372,dongdaegu,1,1,True,target_available_at_arrival,available_count>0 at panel tick nearest as_of+tmap_eta,tmap_routes
ME18C260,2026-07-27 19:35:39,2026-07-27 19:50:39,2026-07-27 19:55:43,15,14.7,3.117,dongdaegu,1,2,True,target_available_at_arrival,available_count>0 at panel tick nearest as_of+tmap_eta,tmap_routes
ST277202,2026-07-22 14:30:11,2026-07-22 15:18:11,2026-07-22 15:20:24,48,47.9,35.88,dongdaegu,1,1,True,target_available_at_arrival,available_count>0 at panel tick nearest as_of+tmap_eta,tmap_routes
AM900026,2026-07-26 14:08:48,2026-07-26 14:36:48,2026-07-26 14:38:52,28,27.8,9.43,dongdaegu,1,1,True,target_available_at_arrival,available_count>0 at panel tick nearest as_of+tmap_eta,tmap_routes
CV004541,2026-08-04 02:46:50,2026-08-04 03:02:50,2026-08-04 03:06:51,16,16.1,3.267,dongdaegu,4,4,True,target_available_at_arrival,available_count>0 at panel tick nearest as_of+tmap_eta,tmap_routes
LU002435,2026-08-03 19:23:52,2026-08-03 20:03:52,2026-08-03 20:03:54,40,40.1,20.089,dongdaegu,2,2,True,target_available_at_arrival,available_count>0 at panel tick nearest as_of+tmap_eta,tmap_routes
CV001605,2026-08-06 06:15:55,2026-08-06 06:44:55,2026-08-06 06:45:56,29,29.2,7.17,dongdaegu,2,2,True,target_available_at_arrival,available_count>0 at panel tick nearest as_of+tmap_eta,tmap_routes
KP003779,2026-08-01 14:51:29,2026-08-01 15:31:29,2026-08-01 15:31:34,40,40.5,17.466,dongdaegu,1,1,True,target_available_at_arrival,available_count>0 at panel tick nearest as_of+tmap_eta,tmap_routes
PI700382,2026-08-06 22:07:15,2026-08-06 22:25:15,2026-08-06 22:27:16,18,17.7,1.24,dongdaegu,1,1,True,target_available_at_arrival,available_count>0 at panel tick nearest as_of+tmap_eta,tmap_routes
ME19E139,2026-07-31 01:00:47,2026-07-31 02:07:47,2026-07-31 02:10:54,67,66.8,33.463,dongdaegu,1,1,True,target_available_at_arrival,available_count>0 at panel tick nearest as_of+tmap_eta,tmap_routes
PI122336,2026-07-29 15:38:50,2026-07-29 16:21:50,2026-07-29 16:28:58,43,43.4,15.158,dongdaegu,1,1,True,target_available_at_arrival,available_count>0 at panel tick nearest as_of+tmap_eta,tmap_routes
CV004598,2026-07-23 03:43:21,2026-07-23 04:11:21,2026-07-23 04:13:28,28,27.7,5.237,dongdaegu,3,3,True,target_available_at_arrival,available_count>0 at panel tick nearest as_of+tmap_eta,tmap_routes
CV001637,2026-08-01 02:29:10,2026-08-01 03:07:10,2026-08-01 03:09:14,38,38.4,17.352,dongdaegu,1,1,True,target_available_at_arrival,available_count>0 at panel tick nearest as_of+tmap_eta,tmap_routes
ME18C263,2026-07-22 20:54:41,2026-07-22 21:48:41,2026-07-22 21:50:10,54,54.1,25.684,dongdaegu,2,2,True,target_available_at_arrival,available_count>0 at panel tick nearest as_of+tmap_eta,tmap_routes
ME22C253,2026-08-04 04:06:53,2026-08-04 04:40:53,2026-08-04 04:46:55,34,34.5,12.074,dongdaegu,2,2,True,target_available_at_arrival,available_count>0 at panel tick nearest as_of+tmap_eta,tmap_routes
KP003782,2026-08-03 07:12:14,2026-08-03 07:48:14,2026-08-03 07:52:18,36,36.5,8.043,dongdaegu,1,1,True,target_available_at_arrival,available_count>0 at panel tick nearest as_of+tmap_eta,tmap_routes
ME183144,2026-07-21 10:41:09,2026-07-21 11:37:09,2026-07-21 11:41:23,56,56.2,27.909,dongdaegu,3,3,True,target_available_at_arrival,available_count>0 at panel tick nearest as_of+tmap_eta,tmap_routes
ST601269,2026-08-01 13:41:16,2026-08-01 13:51:16,2026-08-01 13:51:17,10,9.6,1.345,dongdaegu,1,1,True,target_available_at_arrival,available_count>0 at panel tick nearest as_of+tmap_eta,tmap_routes
CV004318,2026-08-07 04:41:26,2026-08-07 05:15:26,2026-08-07 05:21:28,34,34.0,7.925,dongdaegu,7,7,True,target_available_at_arrival,available_count>0 at panel tick nearest as_of+tmap_eta,tmap_routes
ME183054,2026-07-27 04:02:36,2026-07-27 04:55:36,2026-07-27 05:02:43,53,53.0,31.309,dongdaegu,1,1,True,target_available_at_arrival,available_count>0 at panel tick nearest as_of+tmap_eta,tmap_routes
CV000556,2026-08-06 00:35:42,2026-08-06 01:15:42,2026-08-06 01:15:43,40,40.5,11.691,dongdaegu,1,1,True,target_available_at_arrival,available_count>0 at panel tick nearest as_of+tmap_eta,tmap_routes
ME23B113,2026-08-07 15:22:28,2026-08-07 16:16:28,2026-08-07 16:22:33,54,54.4,40.695,dongdaegu,1,1,True,target_available_at_arrival,available_count>0 at panel tick nearest as_of+tmap_eta,tmap_routes
PI530285,2026-08-02 17:08:43,2026-08-02 17:36:43,2026-08-02 17:38:47,28,28.2,6.939,dongdaegu,1,1,True,target_available_at_arrival,available_count>0 at panel tick nearest as_of+tmap_eta,tmap_routes
ME19X413,2026-07-24 02:27:00,2026-07-24 03:01:00,2026-07-24 03:02:09,34,34.4,11.991,dongdaegu,5,5,True,target_available_at_arrival,available_count>0 at panel tick nearest as_of+tmap_eta,tmap_routes
ST601236,2026-08-06 15:46:36,2026-08-06 16:19:36,2026-08-06 16:26:38,33,32.8,10.492,dongdaegu,2,2,True,target_available_at_arrival,available_count>0 at panel tick nearest as_of+tmap_eta,tmap_routes
CV003119,2026-07-30 12:55:25,2026-07-30 13:33:25,2026-07-30 13:35:43,38,37.5,7.142,dongdaegu,4,3,True,target_available_at_arrival,available_count>0 at panel tick nearest as_of+tmap_eta,tmap_routes
EV005511,2026-07-21 09:41:00,2026-07-21 10:29:00,2026-07-21 10:31:05,48,47.6,13.5,dongdaegu,3,3,True,target_available_at_arrival,available_count>0 at panel tick nearest as_of+tmap_eta,tmap_routes
KP003786,2026-07-31 04:11:18,2026-07-31 04:28:18,2026-07-31 04:31:20,17,17.2,3.39,dongdaegu,2,2,True,target_available_at_arrival,available_count>0 at panel tick nearest as_of+tmap_eta,tmap_routes
CV003462,2026-07-24 11:47:36,2026-07-24 12:03:36,2026-07-24 12:07:38,16,15.9,3.351,dongdaegu,1,1,True,target_available_at_arrival,available_count>0 at panel tick nearest as_of+tmap_eta,tmap_routes
PI000126,2026-08-04 03:16:51,2026-08-04 03:53:51,2026-08-04 03:56:53,37,36.9,10.677,dongdaegu,2,2,True,target_available_at_arrival,available_count>0 at panel tick nearest as_of+tmap_eta,tmap_routes
PI530310,2026-07-27 21:46:08,2026-07-27 22:11:08,2026-07-27 22:16:12,25,25.0,7.513,dongdaegu,2,2,True,target_available_at_arrival,available_count>0 at panel tick nearest as_of+tmap_eta,tmap_routes
EV005966,2026-07-28 23:53:52,2026-07-29 00:38:52,2026-07-29 00:46:13,45,44.7,15.17,dongdaegu,1,1,True,target_available_at_arrival,available_count>0 at panel tick nearest as_of+tmap_eta,tmap_routes
SF002583,2026-08-06 09:16:09,2026-08-06 10:00:09,2026-08-06 10:06:12,44,44.5,9.471,dongdaegu,4,4,True,target_available_at_arrival,available_count>0 at panel tick nearest as_of+tmap_eta,tmap_routes
CV001600,2026-08-06 03:05:47,2026-08-06 03:29:47,2026-08-06 03:35:49,24,23.9,7.151,dongdaegu,2,2,True,target_available_at_arrival,available_count>0 at panel tick nearest as_of+tmap_eta,tmap_routes
PI805002,2026-07-27 19:25:37,2026-07-27 19:45:37,2026-07-27 19:45:42,20,19.7,6.751,dongdaegu,2,2,True,target_available_at_arrival,available_count>0 at panel tick nearest as_of+tmap_eta,tmap_routes
PL033630,2026-08-01 20:12:32,2026-08-01 20:28:32,2026-08-01 20:32:35,16,15.7,2.058,dongdaegu,3,3,True,target_available_at_arrival,available_count>0 at panel tick nearest as_of+tmap_eta,tmap_routes
EV008720,2026-07-27 23:46:22,2026-07-28 00:15:22,2026-07-28 00:18:19,29,29.0,8.593,dongdaegu,1,1,True,target_available_at_arrival,available_count>0 at panel tick nearest as_of+tmap_eta,tmap_routes
CV002191,2026-08-02 19:29:03,2026-08-02 20:04:03,2026-08-02 20:09:13,35,34.8,11.172,dongdaegu,2,2,True,target_available_at_arrival,available_count>0 at panel tick nearest as_of+tmap_eta,tmap_routes
DC530005,2026-07-29 16:49:07,2026-07-29 17:15:07,2026-07-29 17:19:18,26,25.8,4.529,dongdaegu,1,1,True,target_available_at_arrival,available_count>0 at panel tick nearest as_of+tmap_eta,tmap_routes
SF003198,2026-08-07 12:02:07,2026-08-07 12:28:07,2026-08-07 12:32:08,26,26.4,10.221,dongdaegu,2,3,True,target_available_at_arrival,available_count>0 at panel tick nearest as_of+tmap_eta,tmap_routes
CV001767,2026-07-27 00:12:15,2026-07-27 00:47:15,2026-07-27 00:52:18,35,35.3,7.264,dongdaegu,2,2,True,target_available_at_arrival,available_count>0 at panel tick nearest as_of+tmap_eta,tmap_routes
KRC10088,2026-08-07 01:11:17,2026-08-07 01:47:17,2026-08-07 01:51:18,36,36.4,11.942,dongdaegu,1,1,True,target_available_at_arrival,available_count>0 at panel tick nearest as_of+tmap_eta,tmap_routes
BNBN1092,2026-07-31 11:12:42,2026-07-31 12:07:42,2026-07-31 12:12:48,55,55.2,26.589,dongdaegu,2,2,True,target_available_at_arrival,available_count>0 at panel tick nearest as_of+tmap_eta,tmap_routes
PIS00588,2026-08-03 12:32:39,2026-08-03 13:27:39,2026-08-03 13:32:42,55,55.0,9.555,dongdaegu,5,5,True,target_available_at_arrival,available_count>0 at panel tick nearest as_of+tmap_eta,tmap_routes
ME25C168,2026-07-24 18:18:58,2026-07-24 19:01:58,2026-07-24 19:09:08,43,42.7,12.324,dongdaegu,1,1,True,target_available_at_arrival,available_count>0 at panel tick nearest as_of+tmap_eta,tmap_routes
KP004800,2026-07-27 05:52:47,2026-07-27 06:47:47,2026-07-27 06:53:01,55,55.3,24.797,dongdaegu,1,1,True,target_available_at_arrival,available_count>0 at panel tick nearest as_of+tmap_eta,tmap_routes
ME24B144,2026-07-30 15:06:25,2026-07-30 15:59:25,2026-07-30 16:06:42,53,53.4,31.05,dongdaegu,1,1,True,target_available_at_arrival,available_count>0 at panel tick nearest as_of+tmap_eta,tmap_routes
CV000152,2026-08-05 14:11:48,2026-08-05 14:37:48,2026-08-05 14:41:52,26,25.8,3.903,dongdaegu,2,2,True,target_available_at_arrival,available_count>0 at panel tick nearest as_of+tmap_eta,tmap_routes
PI530286,2026-08-04 12:07:24,2026-08-04 12:35:24,2026-08-04 12:37:26,28,28.1,7.492,dongdaegu,1,1,True,target_available_at_arrival,available_count>0 at panel tick nearest as_of+tmap_eta,tmap_routes
EC270007,2026-08-03 17:02:59,2026-08-03 17:57:59,2026-08-03 18:03:46,55,55.1,17.325,dongdaegu,1,1,True,target_available_at_arrival,available_count>0 at panel tick nearest as_of+tmap_eta,tmap_routes
CV001851,2026-07-23 03:08:12,2026-07-23 03:40:12,2026-07-23 03:43:21,32,31.9,7.45,dongdaegu,2,2,True,target_available_at_arrival,available_count>0 at panel tick nearest as_of+tmap_eta,tmap_routes
PI740140,2026-07-29 14:18:38,2026-07-29 14:48:38,2026-07-29 14:48:44,30,30.1,9.429,dongdaegu,2,2,True,target_available_at_arrival,available_count>0 at panel tick nearest as_of+tmap_eta,tmap_routes
CV004541,2026-08-08 05:37:23,2026-08-08 05:53:23,2026-08-08 05:57:24,16,16.1,3.267,dongdaegu,4,4,True,target_available_at_arrival,available_count>0 at panel tick nearest as_of+tmap_eta,tmap_routes
KE000375,2026-08-03 23:04:07,2026-08-03 23:33:07,2026-08-03 23:34:08,29,29.2,9.751,dongdaegu,2,2,True,target_available_at_arrival,available_count>0 at panel tick nearest as_of+tmap_eta,tmap_routes
PI000132,2026-08-04 17:17:43,2026-08-04 17:30:43,2026-08-04 17:37:44,13,13.1,1.238,dongdaegu,1,1,True,target_available_at_arrival,available_count>0 at panel tick nearest as_of+tmap_eta,tmap_routes
DC530005,2026-08-01 08:50:02,2026-08-01 09:16:02,2026-08-01 09:20:08,26,25.8,4.529,dongdaegu,1,0,False,target_available_at_arrival,available_count>0 at panel tick nearest as_of+tmap_eta,tmap_routes
CV000512,2026-07-23 09:46:00,2026-07-23 10:06:00,2026-07-23 10:06:04,20,20.0,5.082,dongdaegu,1,1,True,target_available_at_arrival,available_count>0 at panel tick nearest as_of+tmap_eta,tmap_routes
EV005350,2026-07-30 17:47:07,2026-07-30 18:26:07,2026-07-30 18:27:22,39,39.1,12.479,dongdaegu,1,0,False,target_available_at_arrival,available_count>0 at panel tick nearest as_of+tmap_eta,tmap_routes
CV003482,2026-08-06 00:55:43,2026-08-06 01:21:43,2026-08-06 01:25:44,26,25.5,4.456,dongdaegu,4,4,True,target_available_at_arrival,available_count>0 at panel tick nearest as_of+tmap_eta,tmap_routes
PI780101,2026-07-26 18:09:22,2026-07-26 18:34:22,2026-07-26 18:39:26,25,24.6,6.622,dongdaegu,2,2,True,target_available_at_arrival,available_count>0 at panel tick nearest as_of+tmap_eta,tmap_routes
CV002144,2026-07-24 05:38:20,2026-07-24 06:23:20,2026-07-24 06:23:41,45,44.6,9.399,dongdaegu,2,2,True,target_available_at_arrival,available_count>0 at panel tick nearest as_of+tmap_eta,tmap_routes
EV005228,2026-08-05 15:01:53,2026-08-05 15:19:53,2026-08-05 15:21:54,18,17.8,3.927,dongdaegu,1,1,True,target_available_at_arrival,available_count>0 at panel tick nearest as_of+tmap_eta,tmap_routes
EV008138,2026-07-27 03:42:33,2026-07-27 04:02:33,2026-07-27 04:02:36,20,19.9,1.724,dongdaegu,1,1,True,target_available_at_arrival,available_count>0 at panel tick nearest as_of+tmap_eta,tmap_routes
CV002471,2026-07-27 16:14:54,2026-07-27 16:32:54,2026-07-27 16:34:56,18,18.0,2.552,dongdaegu,4,3,True,target_available_at_arrival,available_count>0 at panel tick nearest as_of+tmap_eta,tmap_routes
ME183058,2026-08-02 12:48:02,2026-08-02 12:56:02,2026-08-02 12:58:03,8,8.1,1.178,dongdaegu,1,1,True,target_available_at_arrival,available_count>0 at panel tick nearest as_of+tmap_eta,tmap_routes
KP000230,2026-08-04 00:46:42,2026-08-04 01:00:42,2026-08-04 01:06:43,14,13.8,2.881,dongdaegu,2,2,True,target_available_at_arrival,available_count>0 at panel tick nearest as_of+tmap_eta,tmap_routes
PI740698,2026-08-03 15:52:51,2026-08-03 16:29:51,2026-08-03 16:32:57,37,37.4,10.556,dongdaegu,1,1,True,target_available_at_arrival,available_count>0 at panel tick nearest as_of+tmap_eta,tmap_routes
CV001314,2026-07-26 04:57:22,2026-07-26 05:52:22,2026-07-26 05:57:29,55,55.4,31.478,dongdaegu,2,2,True,target_available_at_arrival,available_count>0 at panel tick nearest as_of+tmap_eta,tmap_routes
EC000145,2026-08-03 22:24:04,2026-08-03 22:44:04,2026-08-03 22:44:05,20,19.7,3.897,dongdaegu,2,2,True,target_available_at_arrival,available_count>0 at panel tick nearest as_of+tmap_eta,tmap_routes
PW014432,2026-08-07 23:53:25,2026-08-08 00:22:25,2026-08-08 00:27:03,29,28.9,5.176,dongdaegu,6,6,True,target_available_at_arrival,available_count>0 at panel tick nearest as_of+tmap_eta,tmap_routes
CV002914,2026-07-27 08:23:24,2026-07-27 08:47:24,2026-07-27 08:53:30,24,24.4,8.623,dongdaegu,1,1,True,target_available_at_arrival,available_count>0 at panel tick nearest as_of+tmap_eta,tmap_routes
KL001990,2026-08-06 14:36:28,2026-08-06 14:54:28,2026-08-06 14:56:29,18,17.8,2.838,dongdaegu,3,3,True,target_available_at_arrival,available_count>0 at panel tick nearest as_of+tmap_eta,tmap_routes
EV012412,2026-07-25 17:44:06,2026-07-25 18:14:06,2026-07-25 18:14:10,30,29.9,6.418,dongdaegu,2,2,True,target_available_at_arrival,available_count>0 at panel tick nearest as_of+tmap_eta,tmap_routes
CV003082,2026-07-28 14:11:15,2026-07-28 14:40:15,2026-07-28 14:41:35,29,29.1,6.499,dongdaegu,2,2,True,target_available_at_arrival,available_count>0 at panel tick nearest as_of+tmap_eta,tmap_routes
ME19C130,2026-07-23 06:49:15,2026-07-23 07:56:15,2026-07-23 07:59:39,67,66.8,43.953,dongdaegu,1,1,True,target_available_at_arrival,available_count>0 at panel tick nearest as_of+tmap_eta,tmap_routes
PI530285,2026-07-30 10:34:53,2026-07-30 11:02:53,2026-07-30 11:05:01,28,28.2,6.939,dongdaegu,1,1,True,target_available_at_arrival,available_count>0 at panel tick nearest as_of+tmap_eta,tmap_routes
EV006497,2026-08-07 06:21:33,2026-08-07 07:00:33,2026-08-07 07:01:35,39,39.0,10.915,dongdaegu,4,4,True,target_available_at_arrival,available_count>0 at panel tick nearest as_of+tmap_eta,tmap_routes
PI740662,2026-08-06 14:06:26,2026-08-06 14:23:26,2026-08-06 14:26:27,17,17.1,4.512,dongdaegu,1,1,True,target_available_at_arrival,available_count>0 at panel tick nearest as_of+tmap_eta,tmap_routes
CV001904,2026-07-30 14:05:56,2026-07-30 14:29:56,2026-07-30 14:36:07,24,23.9,6.982,dongdaegu,2,2,True,target_available_at_arrival,available_count>0 at panel tick nearest as_of+tmap_eta,tmap_routes
KP002189,2026-08-01 09:00:04,2026-08-01 09:15:04,2026-08-01 09:20:08,15,15.4,3.325,dongdaegu,2,2,True,target_available_at_arrival,available_count>0 at panel tick nearest as_of+tmap_eta,tmap_routes
CV000151,2026-07-30 03:03:14,2026-07-30 03:32:14,2026-07-30 03:33:21,29,28.6,6.223,dongdaegu,2,2,True,target_available_at_arrival,available_count>0 at panel tick nearest as_of+tmap_eta,tmap_routes
ME25C427,2026-07-30 11:15:12,2026-07-30 11:32:12,2026-07-30 11:35:14,17,16.9,2.432,dongdaegu,4,4,True,target_available_at_arrival,available_count>0 at panel tick nearest as_of+tmap_eta,tmap_routes
CV004674,2026-08-02 16:18:38,2026-08-02 16:38:38,2026-08-02 16:38:39,20,20.3,3.596,dongdaegu,1,1,True,target_available_at_arrival,available_count>0 at panel tick nearest as_of+tmap_eta,tmap_routes
ME25C170,2026-07-26 16:49:11,2026-07-26 17:18:11,2026-07-26 17:19:15,29,28.6,8.088,dongdaegu,1,1,True,target_available_at_arrival,available_count>0 at panel tick nearest as_of+tmap_eta,tmap_routes
HW000494,2026-07-27 20:46:00,2026-07-27 21:13:00,2026-07-27 21:16:04,27,26.6,7.426,dongdaegu,1,1,True,target_available_at_arrival,available_count>0 at panel tick nearest as_of+tmap_eta,tmap_routes
CV001208,2026-08-02 05:46:47,2026-08-02 06:26:47,2026-08-02 06:26:57,40,40.1,7.766,dongdaegu,1,1,True,target_available_at_arrival,available_count>0 at panel tick nearest as_of+tmap_eta,tmap_routes
CV003063,2026-08-06 22:17:15,2026-08-06 22:55:15,2026-08-06 22:57:17,38,38.4,10.075,dongdaegu,1,1,True,target_available_at_arrival,available_count>0 at panel tick nearest as_of+tmap_eta,tmap_routes
PI740652,2026-08-06 03:15:48,2026-08-06 03:40:48,2026-08-06 03:45:49,25,24.7,8.597,dongdaegu,2,2,True,target_available_at_arrival,available_count>0 at panel tick nearest as_of+tmap_eta,tmap_routes
PIS00554,2026-08-01 03:59:20,2026-08-01 04:37:20,2026-08-01 04:39:23,38,38.0,11.718,dongdaegu,4,4,True,target_available_at_arrival,available_count>0 at panel tick nearest as_of+tmap_eta,tmap_routes
PI721980,2026-08-05 16:31:58,2026-08-05 16:46:58,2026-08-05 16:51:59,15,14.7,3.613,dongdaegu,4,4,True,target_available_at_arrival,available_count>0 at panel tick nearest as_of+tmap_eta,tmap_routes
PI740287,2026-07-26 17:49:19,2026-07-26 18:07:19,2026-07-26 18:09:22,18,18.2,2.761,dongdaegu,1,1,True,target_available_at_arrival,available_count>0 at panel tick nearest as_of+tmap_eta,tmap_routes
NT100656,2026-08-08 01:07:05,2026-08-08 01:23:05,2026-08-08 01:27:06,16,16.0,1.994,dongdaegu,1,1,True,target_available_at_arrival,available_count>0 at panel tick nearest as_of+tmap_eta,tmap_routes
CV002940,2026-08-07 09:01:51,2026-08-07 09:46:51,2026-08-07 09:51:56,45,44.8,18.996,dongdaegu,3,3,True,target_available_at_arrival,available_count>0 at panel tick nearest as_of+tmap_eta,tmap_routes
CV002389,2026-07-28 15:52:09,2026-07-28 16:19:09,2026-07-28 16:22:13,27,26.9,8.258,dongdaegu,1,1,True,target_available_at_arrival,available_count>0 at panel tick nearest as_of+tmap_eta,tmap_routes
PC000654,2026-08-06 12:36:20,2026-08-06 13:04:20,2026-08-06 13:06:21,28,27.9,8.761,dongdaegu,4,4,True,target_available_at_arrival,available_count>0 at panel tick nearest as_of+tmap_eta,tmap_routes
ST271705,2026-08-06 16:06:37,2026-08-06 16:30:37,2026-08-06 16:36:39,24,24.4,6.552,dongdaegu,1,1,True,target_available_at_arrival,available_count>0 at panel tick nearest as_of+tmap_eta,tmap_routes
CV000151,2026-08-03 01:11:57,2026-08-03 01:40:57,2026-08-03 01:41:58,29,28.6,6.223,dongdaegu,2,2,True,target_available_at_arrival,available_count>0 at panel tick nearest as_of+tmap_eta,tmap_routes
CV002012,2026-08-01 08:19:55,2026-08-01 08:53:55,2026-08-01 09:00:04,34,33.6,10.327,dongdaegu,1,1,True,target_available_at_arrival,available_count>0 at panel tick nearest as_of+tmap_eta,tmap_routes
PI800355,2026-07-30 03:23:20,2026-07-30 04:21:20,2026-07-30 04:23:33,58,57.5,42.32,dongdaegu,4,4,True,target_available_at_arrival,available_count>0 at panel tick nearest as_of+tmap_eta,tmap_routes
PI722615,2026-08-04 04:26:54,2026-08-04 04:44:54,2026-08-04 04:46:55,18,18.3,3.033,dongdaegu,3,3,True,target_available_at_arrival,available_count>0 at panel tick nearest as_of+tmap_eta,tmap_routes
CV002107,2026-08-07 07:21:38,2026-08-07 07:44:38,2026-08-07 07:51:40,23,22.6,2.375,dongdaegu,1,1,True,target_available_at_arrival,available_count>0 at panel tick nearest as_of+tmap_eta,tmap_routes
EV008233,2026-07-31 06:41:45,2026-07-31 07:14:45,2026-07-31 07:22:02,33,32.8,9.184,dongdaegu,1,1,True,target_available_at_arrival,available_count>0 at panel tick nearest as_of+tmap_eta,tmap_routes
KP004798,2026-07-28 12:50:56,2026-07-28 12:57:56,2026-07-28 13:01:09,7,7.4,1.273,dongdaegu,1,1,True,target_available_at_arrival,available_count>0 at panel tick nearest as_of+tmap_eta,tmap_routes
ME24A244,2026-07-26 02:07:00,2026-07-26 03:02:00,2026-07-26 03:07:06,55,54.7,27.807,dongdaegu,2,2,True,target_available_at_arrival,available_count>0 at panel tick nearest as_of+tmap_eta,tmap_routes
HW000695,2026-08-01 18:52:17,2026-08-01 19:25:17,2026-08-01 19:32:23,33,32.6,7.975,dongdaegu,1,1,True,target_available_at_arrival,available_count>0 at panel tick nearest as_of+tmap_eta,tmap_routes
CV000678,2026-07-26 01:46:58,2026-07-26 02:44:58,2026-07-26 02:47:04,58,58.0,26.591,dongdaegu,3,3,True,target_available_at_arrival,available_count>0 at panel tick nearest as_of+tmap_eta,tmap_routes
EV006297,2026-07-23 12:37:30,2026-07-23 12:55:30,2026-07-23 12:57:37,18,17.9,4.098,dongdaegu,2,2,True,target_available_at_arrival,available_count>0 at panel tick nearest as_of+tmap_eta,tmap_routes
PIH00153,2026-07-24 05:28:18,2026-07-24 06:04:18,2026-07-24 06:08:35,36,35.6,10.821,dongdaegu,1,2,True,target_available_at_arrival,available_count>0 at panel tick nearest as_of+tmap_eta,tmap_routes
CV002393,2026-08-06 00:15:41,2026-08-06 00:49:41,2026-08-06 00:55:43,34,33.7,13.337,dongdaegu,2,2,True,target_available_at_arrival,available_count>0 at panel tick nearest as_of+tmap_eta,tmap_routes
ME183053,2026-08-07 21:13:12,2026-08-07 21:50:12,2026-08-07 21:53:16,37,36.9,10.152,dongdaegu,1,1,True,target_available_at_arrival,available_count>0 at panel tick nearest as_of+tmap_eta,tmap_routes
PI067893,2026-07-31 11:42:45,2026-07-31 11:57:45,2026-07-31 12:02:47,15,15.2,2.28,dongdaegu,2,2,True,target_available_at_arrival,available_count>0 at panel tick nearest as_of+tmap_eta,tmap_routes
KE000375,2026-07-28 10:59:56,2026-07-28 11:28:56,2026-07-28 11:30:08,29,29.2,9.751,dongdaegu,2,2,True,target_available_at_arrival,available_count>0 at panel tick nearest as_of+tmap_eta,tmap_routes
CV000783,2026-07-31 18:55:21,2026-07-31 19:25:21,2026-07-31 19:25:32,30,30.1,9.004,dongdaegu,1,1,True,target_available_at_arrival,available_count>0 at panel tick nearest as_of+tmap_eta,tmap_routes
CV001002,2026-07-23 15:33:29,2026-07-23 15:51:29,2026-07-23 15:53:35,18,17.5,3.402,dongdaegu,3,3,True,target_available_at_arrival,available_count>0 at panel tick nearest as_of+tmap_eta,tmap_routes
ST277202,2026-07-30 11:35:14,2026-07-30 12:23:14,2026-07-30 12:25:20,48,47.9,35.88,dongdaegu,2,2,True,target_available_at_arrival,available_count>0 at panel tick nearest as_of+tmap_eta,tmap_routes
CV003185,2026-07-29 03:36:35,2026-07-29 04:06:35,2026-07-29 04:06:40,30,30.1,9.788,dongdaegu,7,7,True,target_available_at_arrival,available_count>0 at panel tick nearest as_of+tmap_eta,tmap_routes
ME19D216,2026-08-03 13:52:45,2026-08-03 14:15:45,2026-08-03 14:22:47,23,22.9,4.76,dongdaegu,2,2,True,target_available_at_arrival,available_count>0 at panel tick nearest as_of+tmap_eta,tmap_routes
IN053073,2026-08-06 12:06:18,2026-08-06 12:26:18,2026-08-06 12:26:19,20,20.5,4.346,dongdaegu,20,20,True,target_available_at_arrival,available_count>0 at panel tick nearest as_of+tmap_eta,tmap_routes
PI730038,2026-07-26 09:18:06,2026-07-26 10:11:06,2026-07-26 10:18:13,53,52.9,33.46,dongdaegu,1,1,True,target_available_at_arrival,available_count>0 at panel tick nearest as_of+tmap_eta,tmap_routes
CV002155,2026-07-27 01:12:20,2026-07-27 02:02:20,2026-07-27 02:02:25,50,49.6,23.361,dongdaegu,2,2,True,target_available_at_arrival,available_count>0 at panel tick nearest as_of+tmap_eta,tmap_routes
CV003089,2026-07-23 14:07:54,2026-07-23 14:42:54,2026-07-23 14:43:03,35,35.2,10.526,dongdaegu,1,1,True,target_available_at_arrival,available_count>0 at panel tick nearest as_of+tmap_eta,tmap_routes
ME19C227,2026-08-07 12:22:08,2026-08-07 13:15:08,2026-08-07 13:22:13,53,53.1,26.623,dongdaegu,2,2,True,target_available_at_arrival,available_count>0 at panel tick nearest as_of+tmap_eta,tmap_routes
PC000305,2026-08-08 03:37:16,2026-08-08 04:10:16,2026-08-08 04:17:18,33,32.8,9.814,dongdaegu,4,6,True,target_available_at_arrival,available_count>0 at panel tick nearest as_of+tmap_eta,tmap_routes
ST272308,2026-08-03 05:12:07,2026-08-03 05:28:07,2026-08-03 05:32:08,16,15.9,3.465,dongdaegu,3,3,True,target_available_at_arrival,available_count>0 at panel tick nearest as_of+tmap_eta,tmap_routes
NT100108,2026-08-04 17:17:43,2026-08-04 17:46:43,2026-08-04 17:47:44,29,29.3,10.825,dongdaegu,1,1,True,target_available_at_arrival,available_count>0 at panel tick nearest as_of+tmap_eta,tmap_routes
PI530054,2026-08-02 15:08:27,2026-08-02 15:34:27,2026-08-02 15:38:31,26,25.5,7.562,dongdaegu,1,1,True,target_available_at_arrival,available_count>0 at panel tick nearest as_of+tmap_eta,tmap_routes
EV008882,2026-08-01 12:30:52,2026-08-01 13:00:52,2026-08-01 13:01:00,30,30.1,10.5,dongdaegu,3,3,True,target_available_at_arrival,available_count>0 at panel tick nearest as_of+tmap_eta,tmap_routes
NT100925,2026-07-28 18:32:58,2026-07-28 19:31:58,2026-07-28 19:33:12,59,58.9,26.625,dongdaegu,1,1,True,target_available_at_arrival,available_count>0 at panel tick nearest as_of+tmap_eta,tmap_routes
GS000055,2026-07-31 03:31:07,2026-07-31 03:59:07,2026-07-31 04:01:17,28,27.8,8.549,dongdaegu,1,1,True,target_available_at_arrival,available_count>0 at panel tick nearest as_of+tmap_eta,tmap_routes
CV000194,2026-07-21 13:21:40,2026-07-21 14:10:40,2026-07-21 14:12:00,49,48.9,17.248,dongdaegu,1,1,True,target_available_at_arrival,available_count>0 at panel tick nearest as_of+tmap_eta,tmap_routes
PI740088,2026-07-27 10:43:44,2026-07-27 11:09:44,2026-07-27 11:13:47,26,26.5,9.147,dongdaegu,2,2,True,target_available_at_arrival,available_count>0 at panel tick nearest as_of+tmap_eta,tmap_routes
CV000151,2026-07-28 21:03:24,2026-07-28 21:32:24,2026-07-28 21:33:29,29,28.6,6.223,dongdaegu,2,2,True,target_available_at_arrival,available_count>0 at panel tick nearest as_of+tmap_eta,tmap_routes
ME25C173,2026-07-25 09:03:46,2026-07-25 09:17:46,2026-07-25 09:23:56,14,14.0,2.896,dongdaegu,1,1,True,target_available_at_arrival,available_count>0 at panel tick nearest as_of+tmap_eta,tmap_routes
CV003140,2026-08-05 13:41:46,2026-08-05 14:25:46,2026-08-05 14:31:51,44,44.4,15.17,dongdaegu,1,1,True,target_available_at_arrival,available_count>0 at panel tick nearest as_of+tmap_eta,tmap_routes
BE482306,2026-07-25 17:14:01,2026-07-25 17:34:01,2026-07-25 17:34:04,20,20.1,3.537,dongdaegu,8,8,True,target_available_at_arrival,available_count>0 at panel tick nearest as_of+tmap_eta,tmap_routes
ME183062,2026-08-04 18:17:46,2026-08-04 18:55:46,2026-08-04 18:57:49,38,38.3,13.119,dongdaegu,1,1,True,target_available_at_arrival,available_count>0 at panel tick nearest as_of+tmap_eta,tmap_routes
CU530009,2026-07-27 16:45:00,2026-07-27 17:00:00,2026-07-27 17:05:03,15,15.4,3.179,dongdaegu,5,5,True,target_available_at_arrival,available_count>0 at panel tick nearest as_of+tmap_eta,tmap_routes
PIS00551,2026-07-28 15:41:42,2026-07-28 16:06:42,2026-07-28 16:12:12,25,25.1,8.977,dongdaegu,5,5,True,target_available_at_arrival,available_count>0 at panel tick nearest as_of+tmap_eta,tmap_routes
CV001632,2026-08-03 22:04:03,2026-08-03 22:32:03,2026-08-03 22:34:05,28,27.8,8.198,dongdaegu,3,3,True,target_available_at_arrival,available_count>0 at panel tick nearest as_of+tmap_eta,tmap_routes
ME20C186,2026-07-19 08:04:27,2026-07-19 08:48:27,2026-07-19 08:49:29,44,44.2,22.102,dongdaegu,1,1,True,target_available_at_arrival,available_count>0 at panel tick nearest as_of+tmap_eta,tmap_routes
CV001631,2026-07-30 20:07:41,2026-07-30 20:44:41,2026-07-30 20:47:49,37,37.1,9.223,dongdaegu,1,1,True,target_available_at_arrival,available_count>0 at panel tick nearest as_of+tmap_eta,tmap_routes
KE000360,2026-07-27 16:04:53,2026-07-27 16:50:53,2026-07-27 16:55:02,46,46.5,15.594,dongdaegu,2,2,True,target_available_at_arrival,available_count>0 at panel tick nearest as_of+tmap_eta,tmap_routes
PI740113,2026-08-04 21:28:00,2026-08-04 21:52:00,2026-08-04 21:58:03,24,23.8,5.523,dongdaegu,3,3,True,target_available_at_arrival,available_count>0 at panel tick nearest as_of+tmap_eta,tmap_routes
ME18C265,2026-07-30 20:07:41,2026-07-30 20:37:41,2026-07-30 20:37:47,30,30.0,11.147,dongdaegu,2,2,True,target_available_at_arrival,available_count>0 at panel tick nearest as_of+tmap_eta,tmap_routes
HE240381,2026-07-29 14:28:39,2026-07-29 15:31:39,2026-07-29 15:38:50,63,63.2,24.855,dongdaegu,1,1,True,target_available_at_arrival,available_count>0 at panel tick nearest as_of+tmap_eta,tmap_routes
CV000543,2026-07-23 13:47:50,2026-07-23 13:57:50,2026-07-23 13:57:52,10,10.2,1.51,dongdaegu,1,1,True,target_available_at_arrival,available_count>0 at panel tick nearest as_of+tmap_eta,tmap_routes
KP004800,2026-07-30 03:33:21,2026-07-30 04:28:21,2026-07-30 04:33:34,55,55.3,24.797,dongdaegu,1,1,True,target_available_at_arrival,available_count>0 at panel tick nearest as_of+tmap_eta,tmap_routes
ME24A243,2026-07-25 18:34:12,2026-07-25 19:28:12,2026-07-25 19:34:22,54,54.0,40.6,dongdaegu,2,2,True,target_available_at_arrival,available_count>0 at panel tick nearest as_of+tmap_eta,tmap_routes
CV003570,2026-08-06 01:15:43,2026-08-06 01:32:43,2026-08-06 01:35:44,17,17.3,2.175,dongdaegu,1,1,True,target_available_at_arrival,available_count>0 at panel tick nearest as_of+tmap_eta,tmap_routes
ME18C254,2026-08-01 06:59:42,2026-08-01 07:33:42,2026-08-01 07:39:49,34,34.3,7.296,dongdaegu,2,2,True,target_available_at_arrival,available_count>0 at panel tick nearest as_of+tmap_eta,tmap_routes
EV005710,2026-07-23 07:19:23,2026-07-23 07:54:23,2026-07-23 07:54:38,35,34.8,9.721,dongdaegu,1,1,True,target_available_at_arrival,available_count>0 at panel tick nearest as_of+tmap_eta,tmap_routes
CV004491,2026-07-29 01:36:17,2026-07-29 02:04:17,2026-07-29 02:06:21,28,28.4,5.02,dongdaegu,1,1,True,target_available_at_arrival,available_count>0 at panel tick nearest as_of+tmap_eta,tmap_routes
HE240187,2026-08-03 04:42:06,2026-08-03 05:08:06,2026-08-03 05:12:07,26,26.1,6.661,dongdaegu,4,4,True,target_available_at_arrival,available_count>0 at panel tick nearest as_of+tmap_eta,tmap_routes
CV001592,2026-07-19 18:31:32,2026-07-19 18:43:32,2026-07-19 18:46:35,12,12.4,2.442,dongdaegu,3,3,True,target_available_at_arrival,available_count>0 at panel tick nearest as_of+tmap_eta,tmap_routes
EV012380,2026-07-31 19:15:30,2026-07-31 19:42:30,2026-07-31 19:45:35,27,26.9,8.446,dongdaegu,3,3,True,target_available_at_arrival,available_count>0 at panel tick nearest as_of+tmap_eta,tmap_routes
CV003455,2026-08-05 20:02:20,2026-08-05 20:27:20,2026-08-05 20:32:22,25,24.9,5.418,dongdaegu,1,1,True,target_available_at_arrival,available_count>0 at panel tick nearest as_of+tmap_eta,tmap_routes
CV003763,2026-08-04 17:17:43,2026-08-04 17:57:43,2026-08-04 17:57:45,40,40.0,9.438,dongdaegu,3,3,True,target_available_at_arrival,available_count>0 at panel tick nearest as_of+tmap_eta,tmap_routes
SF003055,2026-08-04 14:07:30,2026-08-04 14:21:30,2026-08-04 14:27:31,14,14.1,3.101,dongdaegu,2,2,True,target_available_at_arrival,available_count>0 at panel tick nearest as_of+tmap_eta,tmap_routes
EC270007,2026-08-07 01:01:17,2026-08-07 01:56:17,2026-08-07 02:01:19,55,55.1,17.325,dongdaegu,1,1,True,target_available_at_arrival,available_count>0 at panel tick nearest as_of+tmap_eta,tmap_routes
HY000130,2026-07-31 18:15:10,2026-07-31 18:43:10,2026-07-31 18:45:19,28,28.1,9.534,dongdaegu,1,1,True,target_available_at_arrival,available_count>0 at panel tick nearest as_of+tmap_eta,tmap_routes
EV007657,2026-08-07 23:43:24,2026-08-08 00:23:24,2026-08-08 00:27:03,40,39.7,10.96,dongdaegu,1,1,True,target_available_at_arrival,available_count>0 at panel tick nearest as_of+tmap_eta,tmap_routes
BE241250,2026-08-07 22:23:20,2026-08-07 23:17:20,2026-08-07 23:23:23,54,54.0,26.162,dongdaegu,2,1,True,target_available_at_arrival,available_count>0 at panel tick nearest as_of+tmap_eta,tmap_routes
ST272902,2026-08-04 01:06:43,2026-08-04 01:39:43,2026-08-04 01:46:46,33,32.9,11.66,dongdaegu,1,1,True,target_available_at_arrival,available_count>0 at panel tick nearest as_of+tmap_eta,tmap_routes
EC270009,2026-08-05 12:11:41,2026-08-05 12:59:41,2026-08-05 13:01:43,48,48.2,12.61,dongdaegu,6,6,True,target_available_at_arrival,available_count>0 at panel tick nearest as_of+tmap_eta,tmap_routes
NX000018,2026-07-26 05:57:29,2026-07-26 06:24:29,2026-07-26 06:27:36,27,27.1,8.327,dongdaegu,1,1,True,target_available_at_arrival,available_count>0 at panel tick nearest as_of+tmap_eta,tmap_routes
CV002202,2026-08-04 04:26:54,2026-08-04 04:46:54,2026-08-04 04:46:55,20,20.3,5.522,dongdaegu,2,2,True,target_available_at_arrival,available_count>0 at panel tick nearest as_of+tmap_eta,tmap_routes
CV001492,2026-07-30 10:04:44,2026-07-30 10:58:44,2026-07-30 11:05:01,54,54.3,30.993,dongdaegu,2,2,True,target_available_at_arrival,available_count>0 at panel tick nearest as_of+tmap_eta,tmap_routes
ST272920,2026-08-02 03:46:34,2026-08-02 04:16:34,2026-08-02 04:16:37,30,30.1,11.05,dongdaegu,2,2,True,target_available_at_arrival,available_count>0 at panel tick nearest as_of+tmap_eta,tmap_routes
CV001126,2026-08-01 03:49:19,2026-08-01 04:25:19,2026-08-01 04:29:22,36,35.9,9.85,dongdaegu,1,1,True,target_available_at_arrival,available_count>0 at panel tick nearest as_of+tmap_eta,tmap_routes
CV000831,2026-08-03 16:22:57,2026-08-03 16:32:57,2026-08-03 16:32:57,10,9.9,0.571,dongdaegu,2,2,True,target_available_at_arrival,available_count>0 at panel tick nearest as_of+tmap_eta,tmap_routes
PI530330,2026-08-06 13:56:25,2026-08-06 14:12:25,2026-08-06 14:16:27,16,15.8,3.38,dongdaegu,2,2,True,target_available_at_arrival,available_count>0 at panel tick nearest as_of+tmap_eta,tmap_routes
DC530008,2026-07-20 16:15:48,2026-07-20 16:58:48,2026-07-20 17:00:53,43,42.8,8.536,dongdaegu,1,1,True,target_available_at_arrival,available_count>0 at panel tick nearest as_of+tmap_eta,tmap_routes
ST272308,2026-07-29 21:10:04,2026-07-29 21:26:04,2026-07-29 21:30:06,16,15.9,3.465,dongdaegu,3,3,True,target_available_at_arrival,available_count>0 at panel tick nearest as_of+tmap_eta,tmap_routes
ME20C414,2026-08-04 05:26:56,2026-08-04 06:19:56,2026-08-04 06:26:58,53,52.7,31.25,dongdaegu,4,3,True,target_available_at_arrival,available_count>0 at panel tick nearest as_of+tmap_eta,tmap_routes
PI740231,2026-08-01 21:12:44,2026-08-01 21:18:44,2026-08-01 21:22:45,6,5.8,0.622,dongdaegu,1,1,True,target_available_at_arrival,available_count>0 at panel tick nearest as_of+tmap_eta,tmap_routes
CV003483,2026-08-07 21:03:11,2026-08-07 21:31:11,2026-08-07 21:33:15,28,28.1,6.301,dongdaegu,1,1,True,target_available_at_arrival,available_count>0 at panel tick nearest as_of+tmap_eta,tmap_routes
CV003237,2026-08-03 12:42:40,2026-08-03 13:09:40,2026-08-03 13:12:41,27,27.1,8.007,dongdaegu,1,1,True,target_available_at_arrival,available_count>0 at panel tick nearest as_of+tmap_eta,tmap_routes
PI740231,2026-08-07 05:11:28,2026-08-07 05:17:28,2026-08-07 05:21:28,6,5.8,0.622,dongdaegu,1,1,True,target_available_at_arrival,available_count>0 at panel tick nearest as_of+tmap_eta,tmap_routes
PI740454,2026-07-25 08:17:15,2026-07-25 08:36:15,2026-07-25 08:43:41,19,19.2,4.511,dongdaegu,1,1,True,target_available_at_arrival,available_count>0 at panel tick nearest as_of+tmap_eta,tmap_routes
PI740172,2026-07-23 05:43:54,2026-07-23 05:51:54,2026-07-23 05:53:56,8,8.3,1.966,dongdaegu,1,1,True,target_available_at_arrival,available_count>0 at panel tick nearest as_of+tmap_eta,tmap_routes
PI530050,2026-08-06 02:25:46,2026-08-06 02:53:46,2026-08-06 02:55:47,28,27.9,5.947,dongdaegu,1,1,True,target_available_at_arrival,available_count>0 at panel tick nearest as_of+tmap_eta,tmap_routes
EV006614,2026-08-06 03:15:48,2026-08-06 03:53:48,2026-08-06 03:55:49,38,37.6,13.391,dongdaegu,3,3,True,target_available_at_arrival,available_count>0 at panel tick nearest as_of+tmap_eta,tmap_routes
EV003987,2026-07-27 15:24:46,2026-07-27 15:57:46,2026-07-27 16:04:53,33,32.6,10.296,dongdaegu,6,6,True,target_available_at_arrival,available_count>0 at panel tick nearest as_of+tmap_eta,tmap_routes
SF000584,2026-08-05 12:21:41,2026-08-05 12:51:41,2026-08-05 12:51:43,30,30.2,10.541,dongdaegu,1,1,True,target_available_at_arrival,available_count>0 at panel tick nearest as_of+tmap_eta,tmap_routes
ME24B142,2026-07-28 02:08:29,2026-07-28 02:43:29,2026-07-28 02:48:33,35,35.0,11.205,dongdaegu,1,1,True,target_available_at_arrival,available_count>0 at panel tick nearest as_of+tmap_eta,tmap_routes
KP005267,2026-08-04 05:26:56,2026-08-04 05:46:56,2026-08-04 05:46:57,20,19.9,3.393,dongdaegu,1,1,True,target_available_at_arrival,available_count>0 at panel tick nearest as_of+tmap_eta,tmap_routes
PIS00551,2026-08-04 19:17:50,2026-08-04 19:42:50,2026-08-04 19:47:53,25,25.1,8.977,dongdaegu,7,7,True,target_available_at_arrival,available_count>0 at panel tick nearest as_of+tmap_eta,tmap_routes
DC530025,2026-08-03 11:22:36,2026-08-03 11:41:36,2026-08-03 11:42:37,19,18.8,3.852,dongdaegu,2,2,True,target_available_at_arrival,available_count>0 at panel tick nearest as_of+tmap_eta,tmap_routes
CV000799,2026-07-27 13:44:23,2026-07-27 14:28:23,2026-07-27 14:34:38,44,43.8,8.916,dongdaegu,1,1,True,target_available_at_arrival,available_count>0 at panel tick nearest as_of+tmap_eta,tmap_routes
CV000321,2026-07-29 04:36:46,2026-07-29 04:53:46,2026-07-29 04:56:50,17,17.2,4.756,dongdaegu,2,2,True,target_available_at_arrival,available_count>0 at panel tick nearest as_of+tmap_eta,tmap_routes
EV005962,2026-07-27 02:22:26,2026-07-27 03:07:26,2026-07-27 03:12:30,45,45.3,15.129,dongdaegu,1,1,True,target_available_at_arrival,available_count>0 at panel tick nearest as_of+tmap_eta,tmap_routes
ME20C182,2026-07-26 00:56:51,2026-07-26 01:25:51,2026-07-26 01:26:56,29,28.9,5.93,dongdaegu,1,1,True,target_available_at_arrival,available_count>0 at panel tick nearest as_of+tmap_eta,tmap_routes
ME21B198,2026-07-28 09:59:46,2026-07-28 10:19:46,2026-07-28 10:19:48,20,20.2,2.393,dongdaegu,1,1,True,target_available_at_arrival,available_count>0 at panel tick nearest as_of+tmap_eta,tmap_routes
PIS00549,2026-08-08 05:47:23,2026-08-08 06:22:23,2026-08-08 06:27:25,35,34.7,10.454,dongdaegu,2,2,True,target_available_at_arrival,available_count>0 at panel tick nearest as_of+tmap_eta,tmap_routes
PW014349,2026-08-03 13:42:43,2026-08-03 13:59:43,2026-08-03 14:02:46,17,16.6,2.081,dongdaegu,2,2,True,target_available_at_arrival,available_count>0 at panel tick nearest as_of+tmap_eta,tmap_routes
ME183058,2026-08-07 12:32:08,2026-08-07 12:40:08,2026-08-07 12:42:09,8,8.1,1.178,dongdaegu,1,1,True,target_available_at_arrival,available_count>0 at panel tick nearest as_of+tmap_eta,tmap_routes
CV003479,2026-07-28 12:00:20,2026-07-28 12:23:20,2026-07-28 12:30:43,23,22.6,6.788,dongdaegu,1,1,True,target_available_at_arrival,available_count>0 at panel tick nearest as_of+tmap_eta,tmap_routes
CV004510,2026-08-06 03:25:48,2026-08-06 03:54:48,2026-08-06 03:55:49,29,29.4,6.162,dongdaegu,1,1,True,target_available_at_arrival,available_count>0 at panel tick nearest as_of+tmap_eta,tmap_routes
CU530010,2026-07-19 15:46:16,2026-07-19 16:14:16,2026-07-19 16:16:19,28,27.6,8.681,dongdaegu,6,6,True,target_available_at_arrival,available_count>0 at panel tick nearest as_of+tmap_eta,tmap_routes
CV000553,2026-07-27 16:55:02,2026-07-27 17:38:02,2026-07-27 17:45:09,43,42.8,9.106,dongdaegu,1,1,True,target_available_at_arrival,available_count>0 at panel tick nearest as_of+tmap_eta,tmap_routes
CV001129,2026-08-04 20:57:59,2026-08-04 21:31:59,2026-08-04 21:38:03,34,34.5,13.349,dongdaegu,2,2,True,target_available_at_arrival,available_count>0 at panel tick nearest as_of+tmap_eta,tmap_routes
EV003703,2026-08-06 07:05:57,2026-08-06 07:31:57,2026-08-06 07:35:58,26,25.8,7.845,dongdaegu,2,2,True,target_available_at_arrival,available_count>0 at panel tick nearest as_of+tmap_eta,tmap_routes
DYME2012,2026-08-07 17:22:37,2026-08-07 17:58:37,2026-08-07 18:02:44,36,36.5,7.491,dongdaegu,2,2,True,target_available_at_arrival,available_count>0 at panel tick nearest as_of+tmap_eta,tmap_routes
CI0F0001,2026-07-25 10:44:18,2026-07-25 11:07:18,2026-07-25 11:14:22,23,22.9,3.818,dongdaegu,1,1,True,target_available_at_arrival,available_count>0 at panel tick nearest as_of+tmap_eta,tmap_routes
CV003082,2026-07-23 14:22:57,2026-07-23 14:51:57,2026-07-23 14:53:09,29,29.1,6.499,dongdaegu,1,1,True,target_available_at_arrival,available_count>0 at panel tick nearest as_of+tmap_eta,tmap_routes
ST601097,2026-08-08 05:27:22,2026-08-08 05:53:22,2026-08-08 05:57:24,26,25.5,5.493,dongdaegu,2,2,True,target_available_at_arrival,available_count>0 at panel tick nearest as_of+tmap_eta,tmap_routes
IN053072,2026-08-06 04:05:50,2026-08-06 04:31:50,2026-08-06 04:35:51,26,25.9,8.457,dongdaegu,10,10,True,target_available_at_arrival,available_count>0 at panel tick nearest as_of+tmap_eta,tmap_routes
KP004851,2026-08-05 14:21:49,2026-08-05 14:57:49,2026-08-05 15:01:53,36,35.8,13.299,dongdaegu,1,1,True,target_available_at_arrival,available_count>0 at panel tick nearest as_of+tmap_eta,tmap_routes
CV004701,2026-08-06 08:46:06,2026-08-06 08:52:06,2026-08-06 08:56:08,6,5.9,0.675,dongdaegu,3,3,True,target_available_at_arrival,available_count>0 at panel tick nearest as_of+tmap_eta,tmap_routes
CV000630,2026-08-01 19:42:24,2026-08-01 19:58:24,2026-08-01 20:02:28,16,16.5,2.193,dongdaegu,1,1,True,target_available_at_arrival,available_count>0 at panel tick nearest as_of+tmap_eta,tmap_routes
EV016325,2026-08-04 09:57:14,2026-08-04 10:12:14,2026-08-04 10:17:15,15,15.2,3.142,dongdaegu,2,1,True,target_available_at_arrival,available_count>0 at panel tick nearest as_of+tmap_eta,tmap_routes
CV003148,2026-07-23 03:18:15,2026-07-23 03:47:15,2026-07-23 03:48:21,29,29.4,10.43,dongdaegu,1,1,True,target_available_at_arrival,available_count>0 at panel tick nearest as_of+tmap_eta,tmap_routes
HE240281,2026-08-07 04:31:26,2026-08-07 05:34:26,2026-08-07 05:41:31,63,63.2,24.883,dongdaegu,11,11,True,target_available_at_arrival,available_count>0 at panel tick nearest as_of+tmap_eta,tmap_routes
PI740280,2026-07-27 06:42:58,2026-07-27 07:05:58,2026-07-27 07:13:06,23,23.1,6.214,dongdaegu,1,1,True,target_available_at_arrival,available_count>0 at panel tick nearest as_of+tmap_eta,tmap_routes
JA270010,2026-07-24 01:11:46,2026-07-24 01:53:46,2026-07-24 01:56:54,42,42.3,9.495,dongdaegu,1,1,True,target_available_at_arrival,available_count>0 at panel tick nearest as_of+tmap_eta,tmap_routes
ME22D254,2026-07-25 23:14:51,2026-07-26 00:00:51,2026-07-26 00:04:58,46,46.2,13.899,dongdaegu,1,1,True,target_available_at_arrival,available_count>0 at panel tick nearest as_of+tmap_eta,tmap_routes
ME184067,2026-07-24 04:22:57,2026-07-24 04:37:57,2026-07-24 04:38:04,15,15.3,2.615,dongdaegu,1,1,True,target_available_at_arrival,available_count>0 at panel tick nearest as_of+tmap_eta,tmap_routes
ME181303,2026-08-02 08:17:15,2026-08-02 08:54:15,2026-08-02 08:57:20,37,37.1,12.615,dongdaegu,1,1,True,target_available_at_arrival,available_count>0 at panel tick nearest as_of+tmap_eta,tmap_routes
CV002201,2026-07-24 07:14:02,2026-07-24 07:38:02,2026-07-24 07:39:08,24,23.6,6.784,dongdaegu,4,3,True,target_available_at_arrival,available_count>0 at panel tick nearest as_of+tmap_eta,tmap_routes
CV003428,2026-08-01 18:52:17,2026-08-01 19:11:17,2026-08-01 19:12:19,19,18.9,3.756,dongdaegu,1,1,True,target_available_at_arrival,available_count>0 at panel tick nearest as_of+tmap_eta,tmap_routes
CV002372,2026-07-28 16:12:12,2026-07-28 16:41:12,2026-07-28 16:42:18,29,29.2,8.209,dongdaegu,1,1,True,target_available_at_arrival,available_count>0 at panel tick nearest as_of+tmap_eta,tmap_routes
EV016067,2026-08-05 12:31:42,2026-08-05 13:15:42,2026-08-05 13:21:45,44,44.4,15.001,dongdaegu,2,2,True,target_available_at_arrival,available_count>0 at panel tick nearest as_of+tmap_eta,tmap_routes
DC530012,2026-07-28 00:18:19,2026-07-28 00:44:19,2026-07-28 00:48:21,26,26.5,4.462,dongdaegu,3,3,True,target_available_at_arrival,available_count>0 at panel tick nearest as_of+tmap_eta,tmap_routes
CV001308,2026-08-02 14:38:23,2026-08-02 15:24:23,2026-08-02 15:28:30,46,46.1,16.696,dongdaegu,4,4,True,target_available_at_arrival,available_count>0 at panel tick nearest as_of+tmap_eta,tmap_routes
ME18C229,2026-07-25 14:14:53,2026-07-25 15:07:53,2026-07-25 15:11:26,53,52.9,43.083,dongdaegu,1,1,True,target_available_at_arrival,available_count>0 at panel tick nearest as_of+tmap_eta,tmap_routes
SF002471,2026-07-31 20:55:45,2026-07-31 21:28:45,2026-07-31 21:35:56,33,32.8,12.4,dongdaegu,1,1,True,target_available_at_arrival,available_count>0 at panel tick nearest as_of+tmap_eta,tmap_routes
CV000566,2026-07-29 18:19:27,2026-07-29 18:58:27,2026-07-29 18:59:37,39,38.8,17.91,dongdaegu,1,1,True,target_available_at_arrival,available_count>0 at panel tick nearest as_of+tmap_eta,tmap_routes
CV002128,2026-07-23 06:49:15,2026-07-23 07:20:15,2026-07-23 07:24:24,31,31.4,9.681,dongdaegu,3,3,True,target_available_at_arrival,available_count>0 at panel tick nearest as_of+tmap_eta,tmap_routes
CV002350,2026-08-02 10:57:42,2026-08-02 11:45:42,2026-08-02 11:47:49,48,47.8,13.156,dongdaegu,2,2,True,target_available_at_arrival,available_count>0 at panel tick nearest as_of+tmap_eta,tmap_routes
CV000154,2026-07-27 03:42:33,2026-07-27 04:17:33,2026-07-27 04:22:39,35,35.4,11.631,dongdaegu,2,1,True,target_available_at_arrival,available_count>0 at panel tick nearest as_of+tmap_eta,tmap_routes
HM710121,2026-07-29 11:28:14,2026-07-29 11:48:14,2026-07-29 11:48:21,20,20.1,3.305,dongdaegu,1,1,True,target_available_at_arrival,available_count>0 at panel tick nearest as_of+tmap_eta,tmap_routes
PI807412,2026-08-06 15:46:36,2026-08-06 16:06:36,2026-08-06 16:06:37,20,20.3,3.045,dongdaegu,5,5,True,target_available_at_arrival,available_count>0 at panel tick nearest as_of+tmap_eta,tmap_routes
CV000195,2026-07-28 15:11:38,2026-07-28 15:41:38,2026-07-28 15:41:42,30,29.9,9.211,dongdaegu,1,1,True,target_available_at_arrival,available_count>0 at panel tick nearest as_of+tmap_eta,tmap_routes
PI530312,2026-08-07 19:12:50,2026-08-07 19:40:50,2026-08-07 19:43:02,28,27.7,5.4,dongdaegu,3,3,True,target_available_at_arrival,available_count>0 at panel tick nearest as_of+tmap_eta,tmap_routes
PI740250,2026-08-06 09:56:12,2026-08-06 10:20:12,2026-08-06 10:26:13,24,23.5,5.437,dongdaegu,3,3,True,target_available_at_arrival,available_count>0 at panel tick nearest as_of+tmap_eta,tmap_routes
PIS00580,2026-08-02 08:57:20,2026-08-02 09:12:20,2026-08-02 09:17:22,15,15.2,2.833,dongdaegu,8,8,True,target_available_at_arrival,available_count>0 at panel tick nearest as_of+tmap_eta,tmap_routes
EV008719,2026-08-08 08:17:32,2026-08-08 08:46:32,2026-08-08 08:47:34,29,29.2,8.45,dongdaegu,1,2,True,target_available_at_arrival,available_count>0 at panel tick nearest as_of+tmap_eta,tmap_routes
EV005230,2026-08-01 15:21:33,2026-08-01 15:39:33,2026-08-01 15:41:35,18,17.8,3.927,dongdaegu,3,3,True,target_available_at_arrival,available_count>0 at panel tick nearest as_of+tmap_eta,tmap_routes
ST601440,2026-08-06 02:35:46,2026-08-06 02:54:46,2026-08-06 02:55:47,19,18.7,3.878,dongdaegu,1,1,True,target_available_at_arrival,available_count>0 at panel tick nearest as_of+tmap_eta,tmap_routes
ME20C414,2026-08-04 10:37:16,2026-08-04 11:30:16,2026-08-04 11:37:23,53,52.7,31.25,dongdaegu,4,4,True,target_available_at_arrival,available_count>0 at panel tick nearest as_of+tmap_eta,tmap_routes
CV000506,2026-07-28 15:52:09,2026-07-28 16:01:09,2026-07-28 16:02:10,9,9.0,2.041,dongdaegu,1,1,True,target_available_at_arrival,available_count>0 at panel tick nearest as_of+tmap_eta,tmap_routes
LU003651,2026-07-27 11:33:49,2026-07-27 12:30:49,2026-07-27 12:34:05,57,57.2,26.562,dongdaegu,1,0,False,target_available_at_arrival,available_count>0 at panel tick nearest as_of+tmap_eta,tmap_routes
KP004413,2026-08-02 15:18:28,2026-08-02 16:12:28,2026-08-02 16:18:38,54,54.3,25.275,dongdaegu,2,2,True,target_available_at_arrival,available_count>0 at panel tick nearest as_of+tmap_eta,tmap_routes
CV003256,2026-07-26 03:17:07,2026-07-26 04:21:07,2026-07-26 04:27:18,64,63.8,32.189,dongdaegu,3,3,True,target_available_at_arrival,available_count>0 at panel tick nearest as_of+tmap_eta,tmap_routes
CV004353,2026-08-03 12:32:39,2026-08-03 13:20:39,2026-08-03 13:22:42,48,48.1,15.293,dongdaegu,8,8,True,target_available_at_arrival,available_count>0 at panel tick nearest as_of+tmap_eta,tmap_routes
DC530020,2026-08-01 16:41:55,2026-08-01 17:04:55,2026-08-01 17:11:59,23,23.2,4.562,dongdaegu,9,9,True,target_available_at_arrival,available_count>0 at panel tick nearest as_of+tmap_eta,tmap_routes
KL001990,2026-07-29 02:56:32,2026-07-29 03:14:32,2026-07-29 03:16:33,18,17.8,2.838,dongdaegu,2,2,True,target_available_at_arrival,available_count>0 at panel tick nearest as_of+tmap_eta,tmap_routes
CV004714,2026-08-06 18:06:46,2026-08-06 18:32:46,2026-08-06 18:36:49,26,26.4,6.104,dongdaegu,2,2,True,target_available_at_arrival,available_count>0 at panel tick nearest as_of+tmap_eta,tmap_routes
NT100595,2026-08-04 02:46:50,2026-08-04 03:15:50,2026-08-04 03:16:51,29,29.3,9.579,dongdaegu,2,2,True,target_available_at_arrival,available_count>0 at panel tick nearest as_of+tmap_eta,tmap_routes
CV002201,2026-08-05 20:22:21,2026-08-05 20:46:21,2026-08-05 20:52:23,24,23.6,6.784,dongdaegu,4,4,True,target_available_at_arrival,available_count>0 at panel tick nearest as_of+tmap_eta,tmap_routes
PC000120,2026-07-30 18:27:22,2026-07-30 19:22:22,2026-07-30 19:27:34,55,55.0,24.945,dongdaegu,2,2,True,target_available_at_arrival,available_count>0 at panel tick nearest as_of+tmap_eta,tmap_routes
ME183144,2026-07-31 15:43:24,2026-07-31 16:39:24,2026-07-31 16:44:52,56,56.2,27.909,dongdaegu,2,3,True,target_available_at_arrival,available_count>0 at panel tick nearest as_of+tmap_eta,tmap_routes
LU002435,2026-07-28 10:49:55,2026-07-28 11:29:55,2026-07-28 11:30:08,40,40.1,20.089,dongdaegu,1,1,True,target_available_at_arrival,available_count>0 at panel tick nearest as_of+tmap_eta,tmap_routes
BNMI4438,2026-08-08 01:57:09,2026-08-08 02:35:09,2026-08-08 02:37:12,38,37.5,10.05,dongdaegu,2,2,True,target_available_at_arrival,available_count>0 at panel tick nearest as_of+tmap_eta,tmap_routes
PC000235,2026-07-29 20:50:00,2026-07-29 21:03:00,2026-07-29 21:10:04,13,12.8,1.908,dongdaegu,3,3,True,target_available_at_arrival,available_count>0 at panel tick nearest as_of+tmap_eta,tmap_routes
KL001763,2026-07-28 12:50:56,2026-07-28 13:37:56,2026-07-28 13:41:12,47,47.2,19.423,dongdaegu,1,1,True,target_available_at_arrival,available_count>0 at panel tick nearest as_of+tmap_eta,tmap_routes
CV001493,2026-08-03 14:52:48,2026-08-03 15:26:48,2026-08-03 15:32:50,34,33.5,10.19,dongdaegu,4,4,True,target_available_at_arrival,available_count>0 at panel tick nearest as_of+tmap_eta,tmap_routes
JA270006,2026-07-27 21:56:10,2026-07-27 22:10:10,2026-07-27 22:16:12,14,14.1,2.934,dongdaegu,8,8,True,target_available_at_arrival,available_count>0 at panel tick nearest as_of+tmap_eta,tmap_routes
PI000645,2026-08-06 01:15:43,2026-08-06 01:32:43,2026-08-06 01:35:44,17,17.3,3.85,dongdaegu,1,1,True,target_available_at_arrival,available_count>0 at panel tick nearest as_of+tmap_eta,tmap_routes
CV000814,2026-08-04 23:28:08,2026-08-04 23:58:08,2026-08-04 23:58:09,30,29.9,6.292,dongdaegu,1,1,True,target_available_at_arrival,available_count>0 at panel tick nearest as_of+tmap_eta,tmap_routes
CV003124,2026-08-07 10:21:57,2026-08-07 10:30:57,2026-08-07 10:31:58,9,8.6,0.993,dongdaegu,1,1,True,target_available_at_arrival,available_count>0 at panel tick nearest as_of+tmap_eta,tmap_routes
CV003139,2026-08-07 23:13:23,2026-08-07 23:39:23,2026-08-07 23:43:24,26,26.4,8.714,dongdaegu,4,4,True,target_available_at_arrival,available_count>0 at panel tick nearest as_of+tmap_eta,tmap_routes
KL002550,2026-08-07 02:51:21,2026-08-07 03:19:21,2026-08-07 03:21:22,28,28.0,9.113,dongdaegu,4,4,True,target_available_at_arrival,available_count>0 at panel tick nearest as_of+tmap_eta,tmap_routes
CV003091,2026-07-23 09:15:39,2026-07-23 09:37:39,2026-07-23 09:40:51,22,22.5,4.986,dongdaegu,2,1,True,target_available_at_arrival,available_count>0 at panel tick nearest as_of+tmap_eta,tmap_routes
CV003040,2026-07-27 21:36:07,2026-07-27 22:01:07,2026-07-27 22:06:11,25,24.9,7.898,dongdaegu,5,6,True,target_available_at_arrival,available_count>0 at panel tick nearest as_of+tmap_eta,tmap_routes
CV000813,2026-07-29 08:57:45,2026-07-29 09:17:45,2026-07-29 09:17:56,20,20.0,2.739,dongdaegu,1,1,True,target_available_at_arrival,available_count>0 at panel tick nearest as_of+tmap_eta,tmap_routes
PI783362,2026-07-29 12:38:27,2026-07-29 13:01:27,2026-07-29 13:08:31,23,23.0,7.919,dongdaegu,1,1,True,target_available_at_arrival,available_count>0 at panel tick nearest as_of+tmap_eta,tmap_routes
HW000501,2026-07-30 16:16:44,2026-07-30 16:34:44,2026-07-30 16:36:46,18,17.9,3.428,dongdaegu,4,4,True,target_available_at_arrival,available_count>0 at panel tick nearest as_of+tmap_eta,tmap_routes
KP004005,2026-07-22 23:35:40,2026-07-23 00:02:40,2026-07-23 00:07:26,27,27.1,6.364,dongdaegu,1,1,True,target_available_at_arrival,available_count>0 at panel tick nearest as_of+tmap_eta,tmap_routes
ME20C186,2026-08-07 10:21:57,2026-08-07 11:05:57,2026-08-07 11:12:04,44,44.2,22.102,dongdaegu,1,1,True,target_available_at_arrival,available_count>0 at panel tick nearest as_of+tmap_eta,tmap_routes
CV002321,2026-07-27 09:03:32,2026-07-27 09:36:32,2026-07-27 09:43:37,33,33.2,9.951,dongdaegu,1,1,True,target_available_at_arrival,available_count>0 at panel tick nearest as_of+tmap_eta,tmap_routes
PIS00594,2026-07-23 08:29:53,2026-07-23 09:06:53,2026-07-23 09:10:37,37,37.1,13.531,dongdaegu,11,13,True,target_available_at_arrival,available_count>0 at panel tick nearest as_of+tmap_eta,tmap_routes
CV002471,2026-07-29 01:16:16,2026-07-29 01:34:16,2026-07-29 01:36:17,18,18.0,2.552,dongdaegu,6,6,True,target_available_at_arrival,available_count>0 at panel tick nearest as_of+tmap_eta,tmap_routes
ME183071,2026-08-04 05:56:57,2026-08-04 06:34:57,2026-08-04 06:36:59,38,37.8,12.564,dongdaegu,1,1,True,target_available_at_arrival,available_count>0 at panel tick nearest as_of+tmap_eta,tmap_routes
CV002203,2026-08-01 12:20:51,2026-08-01 12:55:51,2026-08-01 13:01:00,35,35.2,13.714,dongdaegu,4,4,True,target_available_at_arrival,available_count>0 at panel tick nearest as_of+tmap_eta,tmap_routes
ME19D216,2026-07-27 07:53:20,2026-07-27 08:16:20,2026-07-27 08:23:24,23,22.9,4.76,dongdaegu,2,2,True,target_available_at_arrival,available_count>0 at panel tick nearest as_of+tmap_eta,tmap_routes
ME19C403,2026-08-02 22:09:26,2026-08-02 22:35:26,2026-08-02 22:39:28,26,26.0,8.922,dongdaegu,2,2,True,target_available_at_arrival,available_count>0 at panel tick nearest as_of+tmap_eta,tmap_routes
LU001276,2026-08-05 01:31:00,2026-08-05 01:55:00,2026-08-05 02:01:01,24,23.5,6.782,dongdaegu,1,1,True,target_available_at_arrival,available_count>0 at panel tick nearest as_of+tmap_eta,tmap_routes
CV002862,2026-07-27 13:54:27,2026-07-27 14:49:27,2026-07-27 14:54:41,55,55.1,31.788,dongdaegu,1,1,True,target_available_at_arrival,available_count>0 at panel tick nearest as_of+tmap_eta,tmap_routes
PL033630,2026-07-23 08:29:53,2026-07-23 08:45:53,2026-07-23 08:50:19,16,15.7,2.058,dongdaegu,1,2,True,target_available_at_arrival,available_count>0 at panel tick nearest as_of+tmap_eta,tmap_routes
CV003456,2026-07-19 17:31:25,2026-07-19 17:43:25,2026-07-19 17:46:26,12,12.2,2.626,dongdaegu,1,1,True,target_available_at_arrival,available_count>0 at panel tick nearest as_of+tmap_eta,tmap_routes
CU530008,2026-07-29 13:18:32,2026-07-29 13:47:32,2026-07-29 13:48:35,29,29.1,9.81,dongdaegu,7,7,True,target_available_at_arrival,available_count>0 at panel tick nearest as_of+tmap_eta,tmap_routes
LU100103,2026-07-27 19:05:30,2026-07-27 19:42:30,2026-07-27 19:45:42,37,36.6,8.479,dongdaegu,2,2,True,target_available_at_arrival,available_count>0 at panel tick nearest as_of+tmap_eta,tmap_routes
CV003457,2026-08-05 16:11:57,2026-08-05 16:39:57,2026-08-05 16:41:58,28,27.5,4.998,dongdaegu,1,1,True,target_available_at_arrival,available_count>0 at panel tick nearest as_of+tmap_eta,tmap_routes
CV002099,2026-07-23 03:38:20,2026-07-23 04:07:20,2026-07-23 04:08:27,29,28.6,9.096,dongdaegu,2,2,True,target_available_at_arrival,available_count>0 at panel tick nearest as_of+tmap_eta,tmap_routes
NT101931,2026-08-07 20:53:09,2026-08-07 21:31:09,2026-08-07 21:33:15,38,37.5,9.161,dongdaegu,2,2,True,target_available_at_arrival,available_count>0 at panel tick nearest as_of+tmap_eta,tmap_routes
EC000412,2026-07-31 19:25:32,2026-07-31 19:51:32,2026-07-31 19:55:36,26,25.9,5.039,dongdaegu,1,1,True,target_available_at_arrival,available_count>0 at panel tick nearest as_of+tmap_eta,tmap_routes
PI740652,2026-07-22 15:20:24,2026-07-22 15:45:24,2026-07-22 15:50:34,25,24.7,8.597,dongdaegu,1,1,True,target_available_at_arrival,available_count>0 at panel tick nearest as_of+tmap_eta,tmap_routes
ST601240,2026-07-31 11:42:45,2026-07-31 12:05:45,2026-07-31 12:12:48,23,22.6,6.109,dongdaegu,2,2,True,target_available_at_arrival,available_count>0 at panel tick nearest as_of+tmap_eta,tmap_routes
PC000235,2026-08-05 14:11:48,2026-08-05 14:24:48,2026-08-05 14:31:51,13,12.8,1.908,dongdaegu,3,3,True,target_available_at_arrival,available_count>0 at panel tick nearest as_of+tmap_eta,tmap_routes
ME25C425,2026-07-30 08:24:20,2026-07-30 09:20:20,2026-07-30 09:24:36,56,55.8,26.688,dongdaegu,4,4,True,target_available_at_arrival,available_count>0 at panel tick nearest as_of+tmap_eta,tmap_routes
AZ100007,2026-07-29 10:18:04,2026-07-29 10:42:04,2026-07-29 10:48:07,24,23.6,5.362,dongdaegu,1,1,True,target_available_at_arrival,available_count>0 at panel tick nearest as_of+tmap_eta,tmap_routes
LU003123,2026-07-23 14:17:56,2026-07-23 14:24:56,2026-07-23 14:27:58,7,7.1,1.253,dongdaegu,1,1,True,target_available_at_arrival,available_count>0 at panel tick nearest as_of+tmap_eta,tmap_routes
PI700664,2026-07-25 19:44:24,2026-07-25 20:01:24,2026-07-25 20:04:27,17,16.7,2.747,dongdaegu,1,1,True,target_available_at_arrival,available_count>0 at panel tick nearest as_of+tmap_eta,tmap_routes
CV001488,2026-07-31 05:01:22,2026-07-31 05:31:22,2026-07-31 05:31:34,30,30.3,7.059,dongdaegu,2,2,True,target_available_at_arrival,available_count>0 at panel tick nearest as_of+tmap_eta,tmap_routes
PI530037,2026-08-03 15:52:51,2026-08-03 16:15:51,2026-08-03 16:22:57,23,23.0,8.181,dongdaegu,1,1,True,target_available_at_arrival,available_count>0 at panel tick nearest as_of+tmap_eta,tmap_routes
IN053043,2026-07-25 13:44:48,2026-07-25 14:10:48,2026-07-25 14:14:53,26,26.2,7.385,dongdaegu,1,1,True,target_available_at_arrival,available_count>0 at panel tick nearest as_of+tmap_eta,tmap_routes
CV000508,2026-08-01 04:49:24,2026-08-01 05:27:24,2026-08-01 05:29:28,38,38.4,13.599,dongdaegu,1,1,True,target_available_at_arrival,available_count>0 at panel tick nearest as_of+tmap_eta,tmap_routes
CV001308,2026-07-30 07:14:04,2026-07-30 08:00:04,2026-07-30 08:04:17,46,46.1,16.696,dongdaegu,4,4,True,target_available_at_arrival,available_count>0 at panel tick nearest as_of+tmap_eta,tmap_routes
CV001638,2026-08-08 05:57:24,2026-08-08 06:35:24,2026-08-08 06:37:25,38,37.8,9.78,dongdaegu,1,1,True,target_available_at_arrival,available_count>0 at panel tick nearest as_of+tmap_eta,tmap_routes
EV000673,2026-07-24 09:47:14,2026-07-24 10:45:14,2026-07-24 10:47:26,58,57.5,26.41,dongdaegu,2,2,True,target_available_at_arrival,available_count>0 at panel tick nearest as_of+tmap_eta,tmap_routes
CV001491,2026-07-27 09:03:32,2026-07-27 09:27:32,2026-07-27 09:33:36,24,24.3,7.173,dongdaegu,4,4,True,target_available_at_arrival,available_count>0 at panel tick nearest as_of+tmap_eta,tmap_routes
HY000979,2026-07-29 07:47:23,2026-07-29 08:01:23,2026-07-29 08:07:30,14,14.0,2.863,dongdaegu,1,1,True,target_available_at_arrival,available_count>0 at panel tick nearest as_of+tmap_eta,tmap_routes
EC005057,2026-08-07 19:53:03,2026-08-07 20:20:03,2026-08-07 20:23:07,27,27.3,8.896,dongdaegu,1,1,True,target_available_at_arrival,available_count>0 at panel tick nearest as_of+tmap_eta,tmap_routes
CV002347,2026-07-26 23:30:06,2026-07-26 23:54:06,2026-07-27 00:00:08,24,24.2,9.135,dongdaegu,4,4,True,target_available_at_arrival,available_count>0 at panel tick nearest as_of+tmap_eta,tmap_routes
LU001561,2026-07-28 20:33:20,2026-07-28 20:37:20,2026-07-28 20:43:21,4,4.5,0.671,dongdaegu,4,4,True,target_available_at_arrival,available_count>0 at panel tick nearest as_of+tmap_eta,tmap_routes
EV005710,2026-07-31 19:25:32,2026-07-31 20:00:32,2026-07-31 20:05:38,35,34.8,9.721,dongdaegu,3,3,True,target_available_at_arrival,available_count>0 at panel tick nearest as_of+tmap_eta,tmap_routes
LU001877,2026-08-04 04:16:53,2026-08-04 04:45:53,2026-08-04 04:46:55,29,29.3,9.229,dongdaegu,8,8,True,target_available_at_arrival,available_count>0 at panel tick nearest as_of+tmap_eta,tmap_routes
KP010445,2026-08-07 09:51:56,2026-08-07 10:05:56,2026-08-07 10:11:57,14,13.8,2.285,dongdaegu,2,2,True,target_available_at_arrival,available_count>0 at panel tick nearest as_of+tmap_eta,tmap_routes
CV003573,2026-07-30 13:35:43,2026-07-30 13:52:43,2026-07-30 13:55:52,17,17.1,2.711,dongdaegu,3,3,True,target_available_at_arrival,available_count>0 at panel tick nearest as_of+tmap_eta,tmap_routes
KP004412,2026-07-29 09:58:02,2026-07-29 10:13:02,2026-07-29 10:18:04,15,15.3,3.322,dongdaegu,1,1,True,target_available_at_arrival,available_count>0 at panel tick nearest as_of+tmap_eta,tmap_routes
TS272902,2026-08-07 22:23:20,2026-08-07 22:51:20,2026-08-07 22:53:22,28,28.4,9.806,dongdaegu,2,2,True,target_available_at_arrival,available_count>0 at panel tick nearest as_of+tmap_eta,tmap_routes
ME19E161,2026-08-05 16:21:57,2026-08-05 16:40:57,2026-08-05 16:41:58,19,18.7,1.98,dongdaegu,1,1,True,target_available_at_arrival,available_count>0 at panel tick nearest as_of+tmap_eta,tmap_routes
CV000553,2026-08-07 05:41:31,2026-08-07 06:24:31,2026-08-07 06:31:33,43,42.8,9.106,dongdaegu,1,1,True,target_available_at_arrival,available_count>0 at panel tick nearest as_of+tmap_eta,tmap_routes
KE000354,2026-07-31 02:30:56,2026-07-31 02:47:56,2026-07-31 02:51:01,17,16.6,4.132,dongdaegu,3,3,True,target_available_at_arrival,available_count>0 at panel tick nearest as_of+tmap_eta,tmap_routes
CV003786,2026-07-30 00:22:58,2026-07-30 00:46:58,2026-07-30 00:53:00,24,23.6,4.545,dongdaegu,11,11,True,target_available_at_arrival,available_count>0 at panel tick nearest as_of+tmap_eta,tmap_routes
CU530009,2026-07-24 20:19:21,2026-07-24 20:34:21,2026-07-24 20:39:26,15,15.4,3.179,dongdaegu,3,3,True,target_available_at_arrival,available_count>0 at panel tick nearest as_of+tmap_eta,tmap_routes
IN053074,2026-07-29 01:26:17,2026-07-29 01:46:17,2026-07-29 01:46:18,20,20.2,3.77,dongdaegu,12,12,True,target_available_at_arrival,available_count>0 at panel tick nearest as_of+tmap_eta,tmap_routes
ME181302,2026-07-23 11:06:41,2026-07-23 11:54:41,2026-07-23 11:57:14,48,47.9,13.111,dongdaegu,1,1,True,target_available_at_arrival,available_count>0 at panel tick nearest as_of+tmap_eta,tmap_routes
ST272307,2026-07-26 15:49:02,2026-07-26 16:15:02,2026-07-26 16:19:07,26,25.8,8.297,dongdaegu,2,2,True,target_available_at_arrival,available_count>0 at panel tick nearest as_of+tmap_eta,tmap_routes
KL001847,2026-07-28 05:48:58,2026-07-28 06:05:58,2026-07-28 06:09:00,17,17.4,3.371,dongdaegu,1,1,True,target_available_at_arrival,available_count>0 at panel tick nearest as_of+tmap_eta,tmap_routes
ST272307,2026-07-21 22:03:07,2026-07-21 22:29:07,2026-07-21 22:33:11,26,25.8,8.297,dongdaegu,1,1,True,target_available_at_arrival,available_count>0 at panel tick nearest as_of+tmap_eta,tmap_routes
CV001973,2026-07-29 13:08:31,2026-07-29 13:16:31,2026-07-29 13:18:32,8,8.0,1.02,dongdaegu,2,2,True,target_available_at_arrival,available_count>0 at panel tick nearest as_of+tmap_eta,tmap_routes
TS271407,2026-07-30 17:57:08,2026-07-30 18:07:08,2026-07-30 18:07:09,10,10.3,1.646,dongdaegu,2,1,True,target_available_at_arrival,available_count>0 at panel tick nearest as_of+tmap_eta,tmap_routes
ME20C186,2026-07-26 21:09:46,2026-07-26 21:53:46,2026-07-26 21:59:54,44,44.2,22.102,dongdaegu,1,1,True,target_available_at_arrival,available_count>0 at panel tick nearest as_of+tmap_eta,tmap_routes
EV005963,2026-08-06 12:06:18,2026-08-06 12:50:18,2026-08-06 12:56:21,44,44.5,15.209,dongdaegu,4,4,True,target_available_at_arrival,available_count>0 at panel tick nearest as_of+tmap_eta,tmap_routes
PI530271,2026-08-07 02:51:21,2026-08-07 03:15:21,2026-08-07 03:21:22,24,24.5,6.422,dongdaegu,3,3,True,target_available_at_arrival,available_count>0 at panel tick nearest as_of+tmap_eta,tmap_routes
CV002620,2026-08-06 20:57:05,2026-08-06 21:31:05,2026-08-06 21:37:13,34,34.0,8.562,dongdaegu,1,1,True,target_available_at_arrival,available_count>0 at panel tick nearest as_of+tmap_eta,tmap_routes
PIS00551,2026-07-31 21:35:56,2026-07-31 22:00:56,2026-07-31 22:06:02,25,25.1,8.977,dongdaegu,7,7,True,target_available_at_arrival,available_count>0 at panel tick nearest as_of+tmap_eta,tmap_routes
ST601236,2026-08-08 03:47:17,2026-08-08 04:20:17,2026-08-08 04:27:18,33,32.8,10.492,dongdaegu,2,2,True,target_available_at_arrival,available_count>0 at panel tick nearest as_of+tmap_eta,tmap_routes
SF002642,2026-08-03 08:22:20,2026-08-03 08:36:20,2026-08-03 08:42:21,14,13.8,2.135,dongdaegu,5,5,True,target_available_at_arrival,available_count>0 at panel tick nearest as_of+tmap_eta,tmap_routes
PI645107,2026-08-05 04:11:06,2026-08-05 04:48:06,2026-08-05 04:51:08,37,37.4,12.227,dongdaegu,3,3,True,target_available_at_arrival,available_count>0 at panel tick nearest as_of+tmap_eta,tmap_routes
ME24B144,2026-08-02 10:37:39,2026-08-02 11:30:39,2026-08-02 11:37:47,53,53.4,31.05,dongdaegu,1,1,True,target_available_at_arrival,available_count>0 at panel tick nearest as_of+tmap_eta,tmap_routes
PC000330,2026-07-29 15:38:50,2026-07-29 15:52:50,2026-07-29 15:58:52,14,14.4,0.498,dongdaegu,3,2,True,target_available_at_arrival,available_count>0 at panel tick nearest as_of+tmap_eta,tmap_routes
ME19E217,2026-07-23 08:19:50,2026-07-23 08:46:50,2026-07-23 08:50:19,27,26.8,6.823,dongdaegu,2,2,True,target_available_at_arrival,available_count>0 at panel tick nearest as_of+tmap_eta,tmap_routes
ME18C263,2026-07-24 16:38:28,2026-07-24 17:32:28,2026-07-24 17:38:44,54,54.1,25.684,dongdaegu,1,2,True,target_available_at_arrival,available_count>0 at panel tick nearest as_of+tmap_eta,tmap_routes
PI740146,2026-08-01 01:29:05,2026-08-01 01:54:05,2026-08-01 01:59:08,25,24.8,6.541,dongdaegu,2,2,True,target_available_at_arrival,available_count>0 at panel tick nearest as_of+tmap_eta,tmap_routes
HM000722,2026-07-30 04:53:36,2026-07-30 05:43:36,2026-07-30 05:43:44,50,49.6,13.089,dongdaegu,12,12,True,target_available_at_arrival,available_count>0 at panel tick nearest as_of+tmap_eta,tmap_routes
CV000219,2026-08-08 10:37:43,2026-08-08 11:14:43,2026-08-08 11:17:46,37,37.2,14.875,dongdaegu,2,2,True,target_available_at_arrival,available_count>0 at panel tick nearest as_of+tmap_eta,tmap_routes
PI740229,2026-08-05 22:22:28,2026-08-05 22:28:28,2026-08-05 22:32:29,6,5.5,0.716,dongdaegu,1,1,True,target_available_at_arrival,available_count>0 at panel tick nearest as_of+tmap_eta,tmap_routes
HW000702,2026-08-06 20:06:55,2026-08-06 20:59:55,2026-08-06 21:07:07,53,53.2,25.508,dongdaegu,1,1,True,target_available_at_arrival,available_count>0 at panel tick nearest as_of+tmap_eta,tmap_routes
PIS00549,2026-08-02 09:47:28,2026-08-02 10:22:28,2026-08-02 10:27:35,35,34.7,10.454,dongdaegu,3,3,True,target_available_at_arrival,available_count>0 at panel tick nearest as_of+tmap_eta,tmap_routes
CV000899,2026-08-01 16:21:48,2026-08-01 16:28:48,2026-08-01 16:31:54,7,6.7,0.393,dongdaegu,1,1,True,target_available_at_arrival,available_count>0 at panel tick nearest as_of+tmap_eta,tmap_routes
KE001051,2026-08-05 13:51:47,2026-08-05 14:14:47,2026-08-05 14:21:49,23,22.6,3.639,dongdaegu,2,2,True,target_available_at_arrival,available_count>0 at panel tick nearest as_of+tmap_eta,tmap_routes
PIS00549,2026-08-03 21:54:00,2026-08-03 22:29:00,2026-08-03 22:34:05,35,34.7,10.454,dongdaegu,2,2,True,target_available_at_arrival,available_count>0 at panel tick nearest as_of+tmap_eta,tmap_routes
CV000817,2026-07-23 02:43:08,2026-07-23 03:09:08,2026-07-23 03:13:13,26,25.8,7.07,dongdaegu,1,1,True,target_available_at_arrival,available_count>0 at panel tick nearest as_of+tmap_eta,tmap_routes
CV003479,2026-07-23 12:52:33,2026-07-23 13:15:33,2026-07-23 13:17:43,23,22.6,6.788,dongdaegu,1,1,True,target_available_at_arrival,available_count>0 at panel tick nearest as_of+tmap_eta,tmap_routes
NT100596,2026-08-03 13:22:42,2026-08-03 13:51:42,2026-08-03 13:52:45,29,29.2,9.485,dongdaegu,1,1,True,target_available_at_arrival,available_count>0 at panel tick nearest as_of+tmap_eta,tmap_routes
SF000610,2026-08-08 06:17:24,2026-08-08 06:47:24,2026-08-08 06:47:26,30,29.9,9.11,dongdaegu,2,2,True,target_available_at_arrival,available_count>0 at panel tick nearest as_of+tmap_eta,tmap_routes
KP004852,2026-07-27 19:35:39,2026-07-27 20:12:39,2026-07-27 20:15:49,37,36.9,12.656,dongdaegu,1,1,True,target_available_at_arrival,available_count>0 at panel tick nearest as_of+tmap_eta,tmap_routes
CV003479,2026-07-30 11:15:12,2026-07-30 11:38:12,2026-07-30 11:45:16,23,22.6,6.788,dongdaegu,1,1,True,target_available_at_arrival,available_count>0 at panel tick nearest as_of+tmap_eta,tmap_routes
PW000305,2026-07-31 13:12:58,2026-07-31 13:36:58,2026-07-31 13:43:01,24,24.1,5.361,dongdaegu,1,1,True,target_available_at_arrival,available_count>0 at panel tick nearest as_of+tmap_eta,tmap_routes
CV003567,2026-07-30 05:33:43,2026-07-30 06:09:43,2026-07-30 06:13:52,36,36.2,10.467,dongdaegu,1,1,True,target_available_at_arrival,available_count>0 at panel tick nearest as_of+tmap_eta,tmap_routes
KP004805,2026-07-23 13:42:49,2026-07-23 13:59:49,2026-07-23 14:02:53,17,17.0,3.654,dongdaegu,2,2,True,target_available_at_arrival,available_count>0 at panel tick nearest as_of+tmap_eta,tmap_routes
EC000145,2026-08-04 00:26:41,2026-08-04 00:46:41,2026-08-04 00:46:42,20,19.7,3.897,dongdaegu,2,2,True,target_available_at_arrival,available_count>0 at panel tick nearest as_of+tmap_eta,tmap_routes
CV001706,2026-08-02 12:58:03,2026-08-02 13:53:03,2026-08-02 13:58:14,55,54.8,26.617,dongdaegu,2,2,True,target_available_at_arrival,available_count>0 at panel tick nearest as_of+tmap_eta,tmap_routes
ST600649,2026-08-06 06:45:56,2026-08-06 07:05:56,2026-08-06 07:05:57,20,19.5,7.153,dongdaegu,2,2,True,target_available_at_arrival,available_count>0 at panel tick nearest as_of+tmap_eta,tmap_routes
CV000783,2026-08-02 21:59:26,2026-08-02 22:29:26,2026-08-02 22:29:27,30,30.1,9.004,dongdaegu,1,1,True,target_available_at_arrival,available_count>0 at panel tick nearest as_of+tmap_eta,tmap_routes
ME18C265,2026-07-25 19:54:25,2026-07-25 20:24:25,2026-07-25 20:24:29,30,30.0,11.147,dongdaegu,2,2,True,target_available_at_arrival,available_count>0 at panel tick nearest as_of+tmap_eta,tmap_routes
DC530003,2026-07-31 01:50:52,2026-07-31 02:09:52,2026-07-31 02:10:54,19,18.8,3.965,dongdaegu,4,4,True,target_available_at_arrival,available_count>0 at panel tick nearest as_of+tmap_eta,tmap_routes
KL001847,2026-07-28 23:33:50,2026-07-28 23:50:50,2026-07-28 23:53:52,17,17.4,3.371,dongdaegu,2,2,True,target_available_at_arrival,available_count>0 at panel tick nearest as_of+tmap_eta,tmap_routes
AZ100007,2026-08-03 20:53:57,2026-08-03 21:17:57,2026-08-03 21:23:59,24,23.6,5.362,dongdaegu,1,1,True,target_available_at_arrival,available_count>0 at panel tick nearest as_of+tmap_eta,tmap_routes
ST272605,2026-07-30 07:34:13,2026-07-30 08:01:13,2026-07-30 08:04:17,27,26.7,9.097,dongdaegu,1,1,True,target_available_at_arrival,available_count>0 at panel tick nearest as_of+tmap_eta,tmap_routes
PI740280,2026-07-26 15:39:01,2026-07-26 16:02:01,2026-07-26 16:09:06,23,23.1,6.214,dongdaegu,1,1,True,target_available_at_arrival,available_count>0 at panel tick nearest as_of+tmap_eta,tmap_routes
PC001831,2026-08-06 22:37:16,2026-08-06 22:50:16,2026-08-06 22:57:17,13,12.9,2.868,dongdaegu,2,1,True,target_available_at_arrival,available_count>0 at panel tick nearest as_of+tmap_eta,tmap_routes
ST601097,2026-08-03 12:52:40,2026-08-03 13:18:40,2026-08-03 13:22:42,26,25.5,5.493,dongdaegu,2,2,True,target_available_at_arrival,available_count>0 at panel tick nearest as_of+tmap_eta,tmap_routes
CV001002,2026-07-28 19:53:15,2026-07-28 20:11:15,2026-07-28 20:13:17,18,17.5,3.402,dongdaegu,3,3,True,target_available_at_arrival,available_count>0 at panel tick nearest as_of+tmap_eta,tmap_routes
PIH01804,2026-07-21 17:13:07,2026-07-21 17:31:07,2026-07-21 17:33:16,18,17.8,3.532,dongdaegu,8,8,True,target_available_at_arrival,available_count>0 at panel tick nearest as_of+tmap_eta,tmap_routes
CV001242,2026-07-27 15:14:45,2026-07-27 15:53:45,2026-07-27 15:54:52,39,38.9,13.135,dongdaegu,6,6,True,target_available_at_arrival,available_count>0 at panel tick nearest as_of+tmap_eta,tmap_routes
HW000492,2026-08-01 16:51:56,2026-08-01 17:15:56,2026-08-01 17:22:00,24,23.9,5.958,dongdaegu,1,1,True,target_available_at_arrival,available_count>0 at panel tick nearest as_of+tmap_eta,tmap_routes
EV005230,2026-08-05 22:52:29,2026-08-05 23:10:29,2026-08-05 23:12:30,18,17.8,3.927,dongdaegu,3,3,True,target_available_at_arrival,available_count>0 at panel tick nearest as_of+tmap_eta,tmap_routes
CV000519,2026-08-07 04:21:26,2026-08-07 04:47:26,2026-08-07 04:51:27,26,25.8,5.074,dongdaegu,1,1,True,target_available_at_arrival,available_count>0 at panel tick nearest as_of+tmap_eta,tmap_routes
EV004402,2026-08-06 04:55:52,2026-08-06 05:32:52,2026-08-06 05:35:53,37,37.4,11.986,dongdaegu,3,3,True,target_available_at_arrival,available_count>0 at panel tick nearest as_of+tmap_eta,tmap_routes
EV003933,2026-07-23 12:12:17,2026-07-23 12:44:17,2026-07-23 12:47:32,32,32.1,10.82,dongdaegu,1,1,True,target_available_at_arrival,available_count>0 at panel tick nearest as_of+tmap_eta,tmap_routes
PI718662,2026-08-05 17:12:00,2026-08-05 17:19:00,2026-08-05 17:22:01,7,7.3,1.737,dongdaegu,2,2,True,target_available_at_arrival,available_count>0 at panel tick nearest as_of+tmap_eta,tmap_routes
CV004104,2026-07-31 02:00:53,2026-07-31 02:19:53,2026-07-31 02:20:55,19,19.3,7.318,dongdaegu,14,14,True,target_available_at_arrival,available_count>0 at panel tick nearest as_of+tmap_eta,tmap_routes
CV003450,2026-07-23 08:14:46,2026-07-23 08:29:46,2026-07-23 08:29:53,15,14.7,2.789,dongdaegu,1,1,True,target_available_at_arrival,available_count>0 at panel tick nearest as_of+tmap_eta,tmap_routes
CV000565,2026-07-23 13:17:43,2026-07-23 14:17:43,2026-07-23 14:17:56,60,59.7,25.661,dongdaegu,3,1,True,target_available_at_arrival,available_count>0 at panel tick nearest as_of+tmap_eta,tmap_routes
CV003571,2026-08-01 09:00:04,2026-08-01 09:17:04,2026-08-01 09:20:08,17,17.4,2.6,dongdaegu,1,1,True,target_available_at_arrival,available_count>0 at panel tick nearest as_of+tmap_eta,tmap_routes
ST277109,2026-07-24 14:38:07,2026-07-24 15:14:07,2026-07-24 15:18:18,36,35.6,12.799,dongdaegu,1,2,True,target_available_at_arrival,available_count>0 at panel tick nearest as_of+tmap_eta,tmap_routes
EV005229,2026-07-24 01:11:46,2026-07-24 01:29:46,2026-07-24 01:31:49,18,17.8,3.927,dongdaegu,2,2,True,target_available_at_arrival,available_count>0 at panel tick nearest as_of+tmap_eta,tmap_routes
PC001131,2026-07-31 10:52:40,2026-07-31 11:07:40,2026-07-31 11:12:42,15,15.4,3.325,dongdaegu,1,1,True,target_available_at_arrival,available_count>0 at panel tick nearest as_of+tmap_eta,tmap_routes
DC530009,2026-07-24 02:57:08,2026-07-24 03:33:08,2026-07-24 03:37:19,36,36.1,8.473,dongdaegu,4,5,True,target_available_at_arrival,available_count>0 at panel tick nearest as_of+tmap_eta,tmap_routes
ME18C258,2026-07-30 05:33:43,2026-07-30 05:53:43,2026-07-30 05:53:45,20,19.5,4.374,dongdaegu,2,2,True,target_available_at_arrival,available_count>0 at panel tick nearest as_of+tmap_eta,tmap_routes
CV001076,2026-08-02 20:49:18,2026-08-02 21:28:18,2026-08-02 21:29:22,39,38.6,12.457,dongdaegu,2,2,True,target_available_at_arrival,available_count>0 at panel tick nearest as_of+tmap_eta,tmap_routes
ME19F412,2026-08-03 22:54:06,2026-08-03 23:48:06,2026-08-03 23:54:09,54,54.5,32.172,dongdaegu,1,1,True,target_available_at_arrival,available_count>0 at panel tick nearest as_of+tmap_eta,tmap_routes
HM000722,2026-07-23 06:29:05,2026-07-23 07:19:05,2026-07-23 07:19:23,50,49.6,13.089,dongdaegu,4,5,True,target_available_at_arrival,available_count>0 at panel tick nearest as_of+tmap_eta,tmap_routes
PIH01276,2026-08-01 13:31:15,2026-08-01 13:46:15,2026-08-01 13:51:17,15,15.4,3.464,dongdaegu,14,14,True,target_available_at_arrival,available_count>0 at panel tick nearest as_of+tmap_eta,tmap_routes
NX000019,2026-08-05 18:32:08,2026-08-05 18:57:08,2026-08-05 19:02:10,25,25.0,5.726,dongdaegu,1,1,True,target_available_at_arrival,available_count>0 at panel tick nearest as_of+tmap_eta,tmap_routes
ME19D216,2026-08-01 17:01:58,2026-08-01 17:24:58,2026-08-01 17:32:02,23,22.9,4.76,dongdaegu,2,2,True,target_available_at_arrival,available_count>0 at panel tick nearest as_of+tmap_eta,tmap_routes
KP002182,2026-07-26 13:28:43,2026-07-26 13:43:43,2026-07-26 13:48:45,15,15.0,2.363,dongdaegu,3,4,True,target_available_at_arrival,available_count>0 at panel tick nearest as_of+tmap_eta,tmap_routes
EV005838,2026-07-29 14:18:38,2026-07-29 14:44:38,2026-07-29 14:48:44,26,25.7,7.322,dongdaegu,1,1,True,target_available_at_arrival,available_count>0 at panel tick nearest as_of+tmap_eta,tmap_routes
KE001517,2026-08-05 10:01:25,2026-08-05 10:28:25,2026-08-05 10:31:33,27,27.4,6.394,dongdaegu,1,1,True,target_available_at_arrival,available_count>0 at panel tick nearest as_of+tmap_eta,tmap_routes
EV008234,2026-07-23 12:32:29,2026-07-23 13:06:29,2026-07-23 13:07:41,34,33.6,9.097,dongdaegu,1,1,True,target_available_at_arrival,available_count>0 at panel tick nearest as_of+tmap_eta,tmap_routes
CV002951,2026-08-07 21:53:16,2026-08-07 22:43:16,2026-08-07 22:43:21,50,49.6,39.256,dongdaegu,2,2,True,target_available_at_arrival,available_count>0 at panel tick nearest as_of+tmap_eta,tmap_routes
EV012413,2026-07-23 08:14:46,2026-07-23 08:44:46,2026-07-23 08:45:08,30,29.9,6.418,dongdaegu,3,3,True,target_available_at_arrival,available_count>0 at panel tick nearest as_of+tmap_eta,tmap_routes
HM710014,2026-07-30 04:53:36,2026-07-30 05:30:36,2026-07-30 05:33:43,37,37.1,6.887,dongdaegu,3,3,True,target_available_at_arrival,available_count>0 at panel tick nearest as_of+tmap_eta,tmap_routes
KP000240,2026-08-01 12:20:51,2026-08-01 13:14:51,2026-08-01 13:21:14,54,53.8,25.79,dongdaegu,2,2,True,target_available_at_arrival,available_count>0 at panel tick nearest as_of+tmap_eta,tmap_routes
PI740437,2026-07-29 13:18:32,2026-07-29 13:56:32,2026-07-29 13:58:36,38,37.5,11.182,dongdaegu,2,2,True,target_available_at_arrival,available_count>0 at panel tick nearest as_of+tmap_eta,tmap_routes
EV013929,2026-08-08 00:27:03,2026-08-08 01:01:03,2026-08-08 01:07:05,34,34.1,9.214,dongdaegu,1,1,True,target_available_at_arrival,available_count>0 at panel tick nearest as_of+tmap_eta,tmap_routes
CV002302,2026-08-08 02:37:12,2026-08-08 03:07:12,2026-08-08 03:07:13,30,29.7,11.329,dongdaegu,3,3,True,target_available_at_arrival,available_count>0 at panel tick nearest as_of+tmap_eta,tmap_routes
PIH00556,2026-07-27 00:12:15,2026-07-27 00:45:15,2026-07-27 00:52:18,33,33.0,8.546,dongdaegu,1,1,True,target_available_at_arrival,available_count>0 at panel tick nearest as_of+tmap_eta,tmap_routes
CV000815,2026-07-27 16:24:55,2026-07-27 17:02:55,2026-07-27 17:05:03,38,38.0,7.181,dongdaegu,1,0,False,target_available_at_arrival,available_count>0 at panel tick nearest as_of+tmap_eta,tmap_routes
DC530007,2026-08-01 14:41:28,2026-08-01 15:24:28,2026-08-01 15:31:34,43,42.9,8.561,dongdaegu,4,1,True,target_available_at_arrival,available_count>0 at panel tick nearest as_of+tmap_eta,tmap_routes
ME19X430,2026-07-31 04:41:20,2026-07-31 04:59:20,2026-07-31 05:01:22,18,17.6,4.834,dongdaegu,6,6,True,target_available_at_arrival,available_count>0 at panel tick nearest as_of+tmap_eta,tmap_routes
PI202986,2026-08-01 08:29:57,2026-08-01 08:42:57,2026-08-01 08:50:02,13,13.3,2.019,dongdaegu,3,3,True,target_available_at_arrival,available_count>0 at panel tick nearest as_of+tmap_eta,tmap_routes
KL001847,2026-07-30 21:17:54,2026-07-30 21:34:54,2026-07-30 21:37:57,17,17.4,3.371,dongdaegu,2,2,True,target_available_at_arrival,available_count>0 at panel tick nearest as_of+tmap_eta,tmap_routes
DC530014,2026-08-02 20:39:17,2026-08-02 21:05:17,2026-08-02 21:09:21,26,25.7,4.392,dongdaegu,4,5,True,target_available_at_arrival,available_count>0 at panel tick nearest as_of+tmap_eta,tmap_routes
AZ100020,2026-07-28 05:58:59,2026-07-28 06:11:59,2026-07-28 06:19:01,13,13.0,1.321,dongdaegu,3,3,True,target_available_at_arrival,available_count>0 at panel tick nearest as_of+tmap_eta,tmap_routes
PC000442,2026-07-29 03:06:32,2026-07-29 03:33:32,2026-07-29 03:36:35,27,27.2,5.475,dongdaegu,1,1,True,target_available_at_arrival,available_count>0 at panel tick nearest as_of+tmap_eta,tmap_routes
EV005269,2026-08-02 08:17:15,2026-08-02 08:47:15,2026-08-02 08:47:19,30,29.6,10.474,dongdaegu,4,4,True,target_available_at_arrival,available_count>0 at panel tick nearest as_of+tmap_eta,tmap_routes
CV002951,2026-07-21 14:22:01,2026-07-21 15:12:01,2026-07-21 15:12:22,50,49.6,39.256,dongdaegu,1,1,True,target_available_at_arrival,available_count>0 at panel tick nearest as_of+tmap_eta,tmap_routes
DC530020,2026-08-06 08:46:06,2026-08-06 09:09:06,2026-08-06 09:16:09,23,23.2,4.562,dongdaegu,12,12,True,target_available_at_arrival,available_count>0 at panel tick nearest as_of+tmap_eta,tmap_routes
PI530284,2026-08-03 21:23:59,2026-08-03 22:20:59,2026-08-03 22:24:04,57,57.4,25.643,dongdaegu,11,10,True,target_available_at_arrival,available_count>0 at panel tick nearest as_of+tmap_eta,tmap_routes
PIS00598,2026-07-24 01:41:52,2026-07-24 02:15:52,2026-07-24 02:16:58,34,34.3,11.532,dongdaegu,1,1,True,target_available_at_arrival,available_count>0 at panel tick nearest as_of+tmap_eta,tmap_routes
CV000799,2026-08-03 13:12:41,2026-08-03 13:56:41,2026-08-03 14:02:46,44,43.8,8.916,dongdaegu,1,1,True,target_available_at_arrival,available_count>0 at panel tick nearest as_of+tmap_eta,tmap_routes
ST271709,2026-07-29 02:36:30,2026-07-29 03:05:30,2026-07-29 03:06:32,29,28.9,7.971,dongdaegu,2,2,True,target_available_at_arrival,available_count>0 at panel tick nearest as_of+tmap_eta,tmap_routes
ME19E138,2026-07-27 11:33:49,2026-07-27 12:33:49,2026-07-27 12:34:05,60,59.6,35.136,dongdaegu,1,1,True,target_available_at_arrival,available_count>0 at panel tick nearest as_of+tmap_eta,tmap_routes
KE000375,2026-07-31 17:55:07,2026-07-31 18:24:07,2026-07-31 18:25:12,29,29.2,9.751,dongdaegu,2,2,True,target_available_at_arrival,available_count>0 at panel tick nearest as_of+tmap_eta,tmap_routes
ME181303,2026-08-08 08:17:32,2026-08-08 08:54:32,2026-08-08 08:57:35,37,37.1,12.615,dongdaegu,1,1,True,target_available_at_arrival,available_count>0 at panel tick nearest as_of+tmap_eta,tmap_routes
PI530294,2026-08-07 20:33:07,2026-08-07 20:48:07,2026-08-07 20:53:09,15,14.9,2.628,dongdaegu,1,1,True,target_available_at_arrival,available_count>0 at panel tick nearest as_of+tmap_eta,tmap_routes
PW015100,2026-07-29 09:58:02,2026-07-29 10:28:02,2026-07-29 10:28:05,30,30.1,5.782,dongdaegu,1,1,True,target_available_at_arrival,available_count>0 at panel tick nearest as_of+tmap_eta,tmap_routes
PI530271,2026-08-04 16:07:37,2026-08-04 16:31:37,2026-08-04 16:37:40,24,24.5,6.422,dongdaegu,4,3,True,target_available_at_arrival,available_count>0 at panel tick nearest as_of+tmap_eta,tmap_routes
ME24B208,2026-07-28 22:53:42,2026-07-28 23:46:42,2026-07-28 23:53:52,53,52.7,24.633,dongdaegu,2,2,True,target_available_at_arrival,available_count>0 at panel tick nearest as_of+tmap_eta,tmap_routes
ME178137,2026-07-28 15:42:04,2026-07-28 16:39:04,2026-07-28 16:42:18,57,57.0,22.407,dongdaegu,1,2,True,target_available_at_arrival,available_count>0 at panel tick nearest as_of+tmap_eta,tmap_routes
PI740227,2026-07-25 11:14:22,2026-07-25 11:20:22,2026-07-25 11:24:26,6,6.0,0.717,dongdaegu,1,1,True,target_available_at_arrival,available_count>0 at panel tick nearest as_of+tmap_eta,tmap_routes
EV005065,2026-07-23 14:58:19,2026-07-23 15:21:19,2026-07-23 15:23:27,23,22.7,6.241,dongdaegu,1,2,True,target_available_at_arrival,available_count>0 at panel tick nearest as_of+tmap_eta,tmap_routes
CV002188,2026-08-07 20:03:03,2026-08-07 20:28:03,2026-08-07 20:33:07,25,25.1,6.932,dongdaegu,2,2,True,target_available_at_arrival,available_count>0 at panel tick nearest as_of+tmap_eta,tmap_routes
CV001967,2026-08-05 01:00:59,2026-08-05 01:19:59,2026-08-05 01:21:00,19,19.4,3.176,dongdaegu,2,2,True,target_available_at_arrival,available_count>0 at panel tick nearest as_of+tmap_eta,tmap_routes
PC001131,2026-08-05 01:00:59,2026-08-05 01:15:59,2026-08-05 01:21:00,15,15.4,3.325,dongdaegu,2,2,True,target_available_at_arrival,available_count>0 at panel tick nearest as_of+tmap_eta,tmap_routes
PIS00580,2026-07-30 12:05:18,2026-07-30 12:20:18,2026-07-30 12:25:20,15,15.2,2.833,dongdaegu,9,9,True,target_available_at_arrival,available_count>0 at panel tick nearest as_of+tmap_eta,tmap_routes
PC000132,2026-08-07 11:12:04,2026-08-07 11:32:04,2026-08-07 11:32:05,20,20.3,6.481,dongdaegu,2,1,True,target_available_at_arrival,available_count>0 at panel tick nearest as_of+tmap_eta,tmap_routes
NT000053,2026-08-02 14:48:25,2026-08-02 15:23:25,2026-08-02 15:28:30,35,35.0,11.924,dongdaegu,2,2,True,target_available_at_arrival,available_count>0 at panel tick nearest as_of+tmap_eta,tmap_routes
LU002535,2026-08-06 15:26:34,2026-08-06 15:54:34,2026-08-06 15:56:36,28,28.4,10.33,dongdaegu,1,1,True,target_available_at_arrival,available_count>0 at panel tick nearest as_of+tmap_eta,tmap_routes
PI770811,2026-07-30 17:47:07,2026-07-30 18:07:07,2026-07-30 18:07:09,20,19.5,3.036,dongdaegu,2,2,True,target_available_at_arrival,available_count>0 at panel tick nearest as_of+tmap_eta,tmap_routes
PW015041,2026-07-29 08:07:30,2026-07-29 08:35:30,2026-07-29 08:37:42,28,27.8,5.95,dongdaegu,2,2,True,target_available_at_arrival,available_count>0 at panel tick nearest as_of+tmap_eta,tmap_routes
EV006228,2026-07-28 10:09:47,2026-07-28 10:47:47,2026-07-28 10:49:55,38,37.6,13.391,dongdaegu,1,1,True,target_available_at_arrival,available_count>0 at panel tick nearest as_of+tmap_eta,tmap_routes
CV003086,2026-08-01 04:29:22,2026-08-01 04:52:22,2026-08-01 04:59:25,23,23.3,3.897,dongdaegu,1,1,True,target_available_at_arrival,available_count>0 at panel tick nearest as_of+tmap_eta,tmap_routes
CV000562,2026-08-04 17:37:44,2026-08-04 17:51:44,2026-08-04 17:57:45,14,14.0,1.777,dongdaegu,1,0,False,target_available_at_arrival,available_count>0 at panel tick nearest as_of+tmap_eta,tmap_routes
CV003464,2026-07-26 16:59:12,2026-07-26 17:26:12,2026-07-26 17:29:16,27,27.0,5.866,dongdaegu,1,1,True,target_available_at_arrival,available_count>0 at panel tick nearest as_of+tmap_eta,tmap_routes
PI740289,2026-08-06 20:26:56,2026-08-06 20:44:56,2026-08-06 20:47:05,18,18.3,2.75,dongdaegu,1,1,True,target_available_at_arrival,available_count>0 at panel tick nearest as_of+tmap_eta,tmap_routes
EV008163,2026-08-04 06:57:00,2026-08-04 07:35:00,2026-08-04 07:37:03,38,37.7,10.328,dongdaegu,2,3,True,target_available_at_arrival,available_count>0 at panel tick nearest as_of+tmap_eta,tmap_routes
HE001131,2026-07-24 19:39:13,2026-07-24 19:58:13,2026-07-24 19:59:18,19,18.6,3.1,dongdaegu,13,11,True,target_available_at_arrival,available_count>0 at panel tick nearest as_of+tmap_eta,tmap_routes
TDP00010,2026-07-28 08:49:35,2026-07-28 09:07:35,2026-07-28 09:09:38,18,17.7,2.955,dongdaegu,12,12,True,target_available_at_arrival,available_count>0 at panel tick nearest as_of+tmap_eta,tmap_routes
CV004302,2026-07-18 16:35:49,2026-07-18 17:02:49,2026-07-18 17:05:51,27,27.2,6.116,dongdaegu,1,1,True,target_available_at_arrival,available_count>0 at panel tick nearest as_of+tmap_eta,tmap_routes
PI740662,2026-07-25 18:14:10,2026-07-25 18:31:10,2026-07-25 18:34:12,17,17.1,4.512,dongdaegu,1,1,True,target_available_at_arrival,available_count>0 at panel tick nearest as_of+tmap_eta,tmap_routes
PI740666,2026-07-24 04:43:05,2026-07-24 05:22:05,2026-07-24 05:23:17,39,39.1,12.214,dongdaegu,1,1,True,target_available_at_arrival,available_count>0 at panel tick nearest as_of+tmap_eta,tmap_routes
CV001048,2026-08-06 06:35:55,2026-08-06 07:20:55,2026-08-06 07:25:58,45,45.1,12.446,dongdaegu,1,1,True,target_available_at_arrival,available_count>0 at panel tick nearest as_of+tmap_eta,tmap_routes
ST272310,2026-07-23 10:21:08,2026-07-23 10:39:08,2026-07-23 10:41:27,18,18.3,3.532,dongdaegu,3,3,True,target_available_at_arrival,available_count>0 at panel tick nearest as_of+tmap_eta,tmap_routes
LU001036,2026-07-26 13:38:44,2026-07-26 14:24:44,2026-07-26 14:28:51,46,46.2,15.687,dongdaegu,3,3,True,target_available_at_arrival,available_count>0 at panel tick nearest as_of+tmap_eta,tmap_routes
ME25C427,2026-08-06 16:06:37,2026-08-06 16:23:37,2026-08-06 16:26:38,17,16.9,2.432,dongdaegu,4,4,True,target_available_at_arrival,available_count>0 at panel tick nearest as_of+tmap_eta,tmap_routes
PIS00549,2026-07-29 04:06:40,2026-07-29 04:41:40,2026-07-29 04:46:47,35,34.7,10.454,dongdaegu,2,2,True,target_available_at_arrival,available_count>0 at panel tick nearest as_of+tmap_eta,tmap_routes
CV004339,2026-07-28 12:30:43,2026-07-28 12:56:43,2026-07-28 13:01:09,26,26.2,7.956,dongdaegu,2,2,True,target_available_at_arrival,available_count>0 at panel tick nearest as_of+tmap_eta,tmap_routes
ST272307,2026-08-04 00:26:41,2026-08-04 00:52:41,2026-08-04 00:56:42,26,25.8,8.297,dongdaegu,2,2,True,target_available_at_arrival,available_count>0 at panel tick nearest as_of+tmap_eta,tmap_routes
HE240281,2026-08-02 17:48:49,2026-08-02 18:51:49,2026-08-02 18:58:59,63,63.2,24.883,dongdaegu,10,10,True,target_available_at_arrival,available_count>0 at panel tick nearest as_of+tmap_eta,tmap_routes
ST600663,2026-08-01 23:02:57,2026-08-01 23:38:57,2026-08-01 23:43:01,36,35.8,17.637,dongdaegu,3,3,True,target_available_at_arrival,available_count>0 at panel tick nearest as_of+tmap_eta,tmap_routes
CV001555,2026-07-31 05:51:37,2026-07-31 06:41:37,2026-07-31 06:41:45,50,49.7,14.36,dongdaegu,4,4,True,target_available_at_arrival,available_count>0 at panel tick nearest as_of+tmap_eta,tmap_routes
CV002914,2026-08-06 15:16:34,2026-08-06 15:40:34,2026-08-06 15:46:36,24,24.4,8.623,dongdaegu,1,1,True,target_available_at_arrival,available_count>0 at panel tick nearest as_of+tmap_eta,tmap_routes
HE001033,2026-07-28 03:38:38,2026-07-28 04:04:38,2026-07-28 04:08:41,26,26.1,6.663,dongdaegu,1,1,True,target_available_at_arrival,available_count>0 at panel tick nearest as_of+tmap_eta,tmap_routes
NX000023,2026-08-03 12:12:38,2026-08-03 12:31:38,2026-08-03 12:32:39,19,19.4,5.588,dongdaegu,2,2,True,target_available_at_arrival,available_count>0 at panel tick nearest as_of+tmap_eta,tmap_routes
ME18C230,2026-07-24 19:19:10,2026-07-24 20:13:10,2026-07-24 20:19:21,54,54.0,40.041,dongdaegu,1,2,True,target_available_at_arrival,available_count>0 at panel tick nearest as_of+tmap_eta,tmap_routes
PI750081,2026-07-19 20:16:41,2026-07-19 20:59:41,2026-07-19 21:02:33,43,43.2,12.902,dongdaegu,1,1,True,target_available_at_arrival,available_count>0 at panel tick nearest as_of+tmap_eta,tmap_routes
EV005964,2026-08-06 19:36:53,2026-08-06 20:21:53,2026-08-06 20:26:56,45,44.7,15.164,dongdaegu,1,2,True,target_available_at_arrival,available_count>0 at panel tick nearest as_of+tmap_eta,tmap_routes
PI722615,2026-08-06 16:56:40,2026-08-06 17:14:40,2026-08-06 17:16:41,18,18.3,3.033,dongdaegu,8,8,True,target_available_at_arrival,available_count>0 at panel tick nearest as_of+tmap_eta,tmap_routes
CV003560,2026-07-23 01:32:48,2026-07-23 02:28:48,2026-07-23 02:33:06,56,55.9,32.014,dongdaegu,1,1,True,target_available_at_arrival,available_count>0 at panel tick nearest as_of+tmap_eta,tmap_routes
CV002131,2026-08-02 00:46:00,2026-08-02 00:56:00,2026-08-02 00:56:01,10,9.8,1.371,dongdaegu,2,2,True,target_available_at_arrival,available_count>0 at panel tick nearest as_of+tmap_eta,tmap_routes
CV000724,2026-08-07 21:43:16,2026-08-07 22:38:16,2026-08-07 22:43:21,55,54.6,32.134,dongdaegu,1,1,True,target_available_at_arrival,available_count>0 at panel tick nearest as_of+tmap_eta,tmap_routes
PW014280,2026-07-26 08:27:57,2026-07-26 09:02:57,2026-07-26 09:08:05,35,34.7,12.73,dongdaegu,2,2,True,target_available_at_arrival,available_count>0 at panel tick nearest as_of+tmap_eta,tmap_routes
CV002048,2026-07-25 22:24:46,2026-07-25 23:02:46,2026-07-25 23:04:50,38,37.7,10.255,dongdaegu,3,3,True,target_available_at_arrival,available_count>0 at panel tick nearest as_of+tmap_eta,tmap_routes
CV001906,2026-07-23 05:23:48,2026-07-23 05:53:48,2026-07-23 05:53:56,30,29.6,8.24,dongdaegu,3,3,True,target_available_at_arrival,available_count>0 at panel tick nearest as_of+tmap_eta,tmap_routes
PIS00556,2026-07-27 01:32:22,2026-07-27 01:59:22,2026-07-27 02:02:25,27,27.3,6.618,dongdaegu,3,3,True,target_available_at_arrival,available_count>0 at panel tick nearest as_of+tmap_eta,tmap_routes
CV003482,2026-08-03 19:13:51,2026-08-03 19:39:51,2026-08-03 19:43:53,26,25.5,4.456,dongdaegu,4,4,True,target_available_at_arrival,available_count>0 at panel tick nearest as_of+tmap_eta,tmap_routes
EV000674,2026-07-27 13:24:19,2026-07-27 14:23:19,2026-07-27 14:24:37,59,59.0,26.331,dongdaegu,3,3,True,target_available_at_arrival,available_count>0 at panel tick nearest as_of+tmap_eta,tmap_routes
BNBN1180,2026-08-05 03:51:06,2026-08-05 04:27:06,2026-08-05 04:31:07,36,36.3,12.826,dongdaegu,1,1,True,target_available_at_arrival,available_count>0 at panel tick nearest as_of+tmap_eta,tmap_routes
PI740239,2026-07-23 10:31:10,2026-07-23 10:46:10,2026-07-23 10:46:30,15,14.8,2.101,dongdaegu,1,1,True,target_available_at_arrival,available_count>0 at panel tick nearest as_of+tmap_eta,tmap_routes
BNBN0584,2026-07-29 16:28:58,2026-07-29 16:54:58,2026-07-29 16:59:14,26,26.1,5.553,dongdaegu,4,4,True,target_available_at_arrival,available_count>0 at panel tick nearest as_of+tmap_eta,tmap_routes
PC000306,2026-07-26 15:08:56,2026-07-26 15:47:56,2026-07-26 15:49:02,39,39.1,12.302,dongdaegu,7,7,True,target_available_at_arrival,available_count>0 at panel tick nearest as_of+tmap_eta,tmap_routes
ME19F260,2026-07-27 21:46:08,2026-07-27 22:52:08,2026-07-27 22:56:16,66,65.9,37.257,dongdaegu,1,1,True,target_available_at_arrival,available_count>0 at panel tick nearest as_of+tmap_eta,tmap_routes
ME19X430,2026-08-04 19:57:53,2026-08-04 20:15:53,2026-08-04 20:17:54,18,17.6,4.834,dongdaegu,5,6,True,target_available_at_arrival,available_count>0 at panel tick nearest as_of+tmap_eta,tmap_routes
EV013999,2026-07-30 23:38:12,2026-07-31 00:08:12,2026-07-31 00:08:15,30,30.4,9.549,dongdaegu,1,1,True,target_available_at_arrival,available_count>0 at panel tick nearest as_of+tmap_eta,tmap_routes
CV003134,2026-07-30 06:03:46,2026-07-30 06:21:46,2026-07-30 06:23:57,18,18.1,3.658,dongdaegu,1,1,True,target_available_at_arrival,available_count>0 at panel tick nearest as_of+tmap_eta,tmap_routes
ME181302,2026-08-07 00:51:16,2026-08-07 01:39:16,2026-08-07 01:41:18,48,47.9,13.111,dongdaegu,1,1,True,target_available_at_arrival,available_count>0 at panel tick nearest as_of+tmap_eta,tmap_routes
CV004464,2026-08-04 07:37:03,2026-08-04 08:01:03,2026-08-04 08:07:05,24,23.7,8.761,dongdaegu,4,4,True,target_available_at_arrival,available_count>0 at panel tick nearest as_of+tmap_eta,tmap_routes
ME20C186,2026-07-25 08:05:41,2026-07-25 08:49:41,2026-07-25 08:53:43,44,44.2,22.102,dongdaegu,1,0,False,target_available_at_arrival,available_count>0 at panel tick nearest as_of+tmap_eta,tmap_routes
KE000419,2026-08-05 12:11:41,2026-08-05 12:28:41,2026-08-05 12:31:42,17,17.1,3.231,dongdaegu,1,1,True,target_available_at_arrival,available_count>0 at panel tick nearest as_of+tmap_eta,tmap_routes
CV001308,2026-07-27 06:12:54,2026-07-27 06:58:54,2026-07-27 07:03:02,46,46.1,16.696,dongdaegu,2,2,True,target_available_at_arrival,available_count>0 at panel tick nearest as_of+tmap_eta,tmap_routes
ME25C166,2026-08-02 15:48:33,2026-08-02 16:48:33,2026-08-02 16:48:41,60,60.5,30.627,dongdaegu,1,1,True,target_available_at_arrival,available_count>0 at panel tick nearest as_of+tmap_eta,tmap_routes
CV000507,2026-07-28 04:38:46,2026-07-28 05:14:46,2026-07-28 05:18:53,36,35.7,7.788,dongdaegu,1,1,True,target_available_at_arrival,available_count>0 at panel tick nearest as_of+tmap_eta,tmap_routes
TDP00010,2026-08-06 14:06:26,2026-08-06 14:24:26,2026-08-06 14:26:27,18,17.7,2.955,dongdaegu,15,15,True,target_available_at_arrival,available_count>0 at panel tick nearest as_of+tmap_eta,tmap_routes
CV002348,2026-08-04 18:07:46,2026-08-04 18:52:46,2026-08-04 18:57:49,45,45.2,15.52,dongdaegu,10,11,True,target_available_at_arrival,available_count>0 at panel tick nearest as_of+tmap_eta,tmap_routes
ME184068,2026-08-02 04:36:39,2026-08-02 05:10:39,2026-08-02 05:16:44,34,34.5,7.153,dongdaegu,1,1,True,target_available_at_arrival,available_count>0 at panel tick nearest as_of+tmap_eta,tmap_routes
CV000562,2026-07-29 08:37:42,2026-07-29 08:51:42,2026-07-29 08:57:45,14,14.0,1.777,dongdaegu,2,2,True,target_available_at_arrival,available_count>0 at panel tick nearest as_of+tmap_eta,tmap_routes
ME18C147,2026-07-30 18:27:22,2026-07-30 19:33:22,2026-07-30 19:37:36,66,65.8,31.609,dongdaegu,1,1,True,target_available_at_arrival,available_count>0 at panel tick nearest as_of+tmap_eta,tmap_routes
CV004336,2026-07-29 06:16:59,2026-07-29 06:56:59,2026-07-29 06:57:11,40,40.0,13.158,dongdaegu,8,8,True,target_available_at_arrival,available_count>0 at panel tick nearest as_of+tmap_eta,tmap_routes
PIS00588,2026-08-06 16:06:37,2026-08-06 17:01:37,2026-08-06 17:06:41,55,55.0,9.555,dongdaegu,5,4,True,target_available_at_arrival,available_count>0 at panel tick nearest as_of+tmap_eta,tmap_routes
CV003128,2026-07-30 14:05:56,2026-07-30 14:34:56,2026-07-30 14:36:07,29,28.9,5.462,dongdaegu,1,1,True,target_available_at_arrival,available_count>0 at panel tick nearest as_of+tmap_eta,tmap_routes
HY000130,2026-07-31 09:32:31,2026-07-31 10:00:31,2026-07-31 10:02:34,28,28.1,9.534,dongdaegu,1,1,True,target_available_at_arrival,available_count>0 at panel tick nearest as_of+tmap_eta,tmap_routes
SF002795,2026-08-02 05:36:46,2026-08-02 05:50:46,2026-08-02 05:56:48,14,14.1,4.044,dongdaegu,3,3,True,target_available_at_arrival,available_count>0 at panel tick nearest as_of+tmap_eta,tmap_routes
ME25C168,2026-07-30 18:37:27,2026-07-30 19:20:27,2026-07-30 19:27:34,43,42.7,12.324,dongdaegu,1,1,True,target_available_at_arrival,available_count>0 at panel tick nearest as_of+tmap_eta,tmap_routes
PI530294,2026-07-25 21:44:40,2026-07-25 21:59:40,2026-07-25 22:04:43,15,14.9,2.628,dongdaegu,1,1,True,target_available_at_arrival,available_count>0 at panel tick nearest as_of+tmap_eta,tmap_routes
ME18C251,2026-07-24 03:17:12,2026-07-24 04:11:12,2026-07-24 04:12:54,54,54.4,23.023,dongdaegu,2,2,True,target_available_at_arrival,available_count>0 at panel tick nearest as_of+tmap_eta,tmap_routes
CV000678,2026-07-30 06:23:57,2026-07-30 07:21:57,2026-07-30 07:24:10,58,58.0,26.591,dongdaegu,6,6,True,target_available_at_arrival,available_count>0 at panel tick nearest as_of+tmap_eta,tmap_routes
HW000553,2026-07-31 09:02:26,2026-07-31 09:18:26,2026-07-31 09:22:29,16,16.5,3.974,dongdaegu,1,1,True,target_available_at_arrival,available_count>0 at panel tick nearest as_of+tmap_eta,tmap_routes
PI740111,2026-08-07 09:11:51,2026-08-07 09:37:51,2026-08-07 09:41:53,26,25.9,5.527,dongdaegu,2,2,True,target_available_at_arrival,available_count>0 at panel tick nearest as_of+tmap_eta,tmap_routes
CV003483,2026-08-04 14:37:32,2026-08-04 15:05:32,2026-08-04 15:07:33,28,28.1,6.301,dongdaegu,1,1,True,target_available_at_arrival,available_count>0 at panel tick nearest as_of+tmap_eta,tmap_routes
CV000535,2026-08-01 07:49:50,2026-08-01 08:03:50,2026-08-01 08:09:54,14,13.6,2.312,dongdaegu,1,1,True,target_available_at_arrival,available_count>0 at panel tick nearest as_of+tmap_eta,tmap_routes
CV003132,2026-08-01 11:30:40,2026-08-01 12:03:40,2026-08-01 12:10:44,33,32.7,11.251,dongdaegu,1,1,True,target_available_at_arrival,available_count>0 at panel tick nearest as_of+tmap_eta,tmap_routes
PI773847,2026-08-05 05:51:10,2026-08-05 06:11:10,2026-08-05 06:11:11,20,19.5,3.895,dongdaegu,2,2,True,target_available_at_arrival,available_count>0 at panel tick nearest as_of+tmap_eta,tmap_routes
CV003445,2026-07-26 02:47:04,2026-07-26 03:03:04,2026-07-26 03:07:06,16,16.4,3.24,dongdaegu,2,2,True,target_available_at_arrival,available_count>0 at panel tick nearest as_of+tmap_eta,tmap_routes
CV000536,2026-07-31 01:10:48,2026-07-31 01:35:48,2026-07-31 01:40:51,25,24.9,4.632,dongdaegu,1,1,True,target_available_at_arrival,available_count>0 at panel tick nearest as_of+tmap_eta,tmap_routes
CV003461,2026-07-30 16:46:47,2026-07-30 17:15:47,2026-07-30 17:17:00,29,28.9,8.566,dongdaegu,1,0,False,target_available_at_arrival,available_count>0 at panel tick nearest as_of+tmap_eta,tmap_routes
PI530297,2026-08-01 06:59:42,2026-08-01 07:12:42,2026-08-01 07:19:45,13,13.1,5.211,dongdaegu,2,2,True,target_available_at_arrival,available_count>0 at panel tick nearest as_of+tmap_eta,tmap_routes
PC000159,2026-07-23 15:03:20,2026-07-23 15:53:20,2026-07-23 15:53:35,50,49.6,14.896,dongdaegu,2,2,True,target_available_at_arrival,available_count>0 at panel tick nearest as_of+tmap_eta,tmap_routes
CV001002,2026-08-01 01:29:05,2026-08-01 01:47:05,2026-08-01 01:49:07,18,17.5,3.402,dongdaegu,2,2,True,target_available_at_arrival,available_count>0 at panel tick nearest as_of+tmap_eta,tmap_routes
SF002922,2026-08-05 06:01:10,2026-08-05 06:17:10,2026-08-05 06:21:11,16,15.8,2.058,dongdaegu,2,2,True,target_available_at_arrival,available_count>0 at panel tick nearest as_of+tmap_eta,tmap_routes
CV004698,2026-08-05 03:01:04,2026-08-05 03:19:04,2026-08-05 03:21:05,18,18.4,2.885,dongdaegu,2,2,True,target_available_at_arrival,available_count>0 at panel tick nearest as_of+tmap_eta,tmap_routes
KP005260,2026-08-04 10:37:16,2026-08-04 11:37:16,2026-08-04 11:37:23,60,59.8,23.596,dongdaegu,2,2,True,target_available_at_arrival,available_count>0 at panel tick nearest as_of+tmap_eta,tmap_routes
CV004253,2026-07-27 03:42:33,2026-07-27 04:36:33,2026-07-27 04:42:41,54,53.6,40.474,dongdaegu,2,2,True,target_available_at_arrival,available_count>0 at panel tick nearest as_of+tmap_eta,tmap_routes
CV001646,2026-07-29 16:18:57,2026-07-29 16:46:57,2026-07-29 16:49:07,28,28.5,6.755,dongdaegu,2,2,True,target_available_at_arrival,available_count>0 at panel tick nearest as_of+tmap_eta,tmap_routes
SF003193,2026-07-25 21:04:35,2026-07-25 21:54:35,2026-07-25 21:54:41,50,49.9,24.795,dongdaegu,3,6,True,target_available_at_arrival,available_count>0 at panel tick nearest as_of+tmap_eta,tmap_routes
PI701108,2026-07-23 13:47:50,2026-07-23 14:17:50,2026-07-23 14:17:56,30,30.1,9.416,dongdaegu,6,6,True,target_available_at_arrival,available_count>0 at panel tick nearest as_of+tmap_eta,tmap_routes
KE001011,2026-07-24 17:58:47,2026-07-24 18:28:47,2026-07-24 18:29:00,30,29.5,5.032,dongdaegu,1,2,True,target_available_at_arrival,available_count>0 at panel tick nearest as_of+tmap_eta,tmap_routes
PC001576,2026-07-25 17:54:07,2026-07-25 18:43:07,2026-07-25 18:44:13,49,49.2,14.77,dongdaegu,3,3,True,target_available_at_arrival,available_count>0 at panel tick nearest as_of+tmap_eta,tmap_routes
ME24B142,2026-08-01 00:59:02,2026-08-01 01:34:02,2026-08-01 01:39:06,35,35.0,11.205,dongdaegu,1,1,True,target_available_at_arrival,available_count>0 at panel tick nearest as_of+tmap_eta,tmap_routes
PI740455,2026-08-02 18:08:52,2026-08-02 18:25:52,2026-08-02 18:28:54,17,17.0,4.517,dongdaegu,1,1,True,target_available_at_arrival,available_count>0 at panel tick nearest as_of+tmap_eta,tmap_routes
ST272920,2026-07-22 20:44:38,2026-07-22 21:14:38,2026-07-22 21:17:05,30,30.1,11.05,dongdaegu,1,1,True,target_available_at_arrival,available_count>0 at panel tick nearest as_of+tmap_eta,tmap_routes
CV001600,2026-07-30 19:17:33,2026-07-30 19:41:33,2026-07-30 19:47:37,24,23.9,7.151,dongdaegu,2,2,True,target_available_at_arrival,available_count>0 at panel tick nearest as_of+tmap_eta,tmap_routes
CV001171,2026-07-23 08:40:06,2026-07-23 09:13:06,2026-07-23 09:15:39,33,32.8,8.058,dongdaegu,2,2,True,target_available_at_arrival,available_count>0 at panel tick nearest as_of+tmap_eta,tmap_routes
SF002746,2026-08-02 20:59:19,2026-08-02 21:15:19,2026-08-02 21:19:22,16,15.8,2.055,dongdaegu,5,5,True,target_available_at_arrival,available_count>0 at panel tick nearest as_of+tmap_eta,tmap_routes
PI530328,2026-08-06 22:27:16,2026-08-06 23:10:16,2026-08-06 23:17:18,43,42.9,10.026,dongdaegu,1,1,True,target_available_at_arrival,available_count>0 at panel tick nearest as_of+tmap_eta,tmap_routes
CV000194,2026-07-27 13:04:13,2026-07-27 13:53:13,2026-07-27 13:54:27,49,48.9,17.248,dongdaegu,1,1,True,target_available_at_arrival,available_count>0 at panel tick nearest as_of+tmap_eta,tmap_routes
ME21B130,2026-08-08 06:07:24,2026-08-08 06:34:24,2026-08-08 06:37:25,27,27.4,9.046,dongdaegu,1,1,True,target_available_at_arrival,available_count>0 at panel tick nearest as_of+tmap_eta,tmap_routes
ST601097,2026-07-29 04:06:40,2026-07-29 04:32:40,2026-07-29 04:36:46,26,25.5,5.493,dongdaegu,2,2,True,target_available_at_arrival,available_count>0 at panel tick nearest as_of+tmap_eta,tmap_routes
IN053044,2026-07-31 23:56:18,2026-08-01 00:36:18,2026-08-01 00:38:59,40,40.2,13.147,dongdaegu,7,6,True,target_available_at_arrival,available_count>0 at panel tick nearest as_of+tmap_eta,tmap_routes
ST601235,2026-08-05 13:21:45,2026-08-05 13:56:45,2026-08-05 14:01:47,35,35.3,12.266,dongdaegu,2,2,True,target_available_at_arrival,available_count>0 at panel tick nearest as_of+tmap_eta,tmap_routes
PI530285,2026-07-29 09:48:00,2026-07-29 10:16:00,2026-07-29 10:18:04,28,28.2,6.939,dongdaegu,1,1,True,target_available_at_arrival,available_count>0 at panel tick nearest as_of+tmap_eta,tmap_routes
NX000018,2026-07-25 23:54:57,2026-07-26 00:21:57,2026-07-26 00:26:48,27,27.1,8.327,dongdaegu,1,1,True,target_available_at_arrival,available_count>0 at panel tick nearest as_of+tmap_eta,tmap_routes
PI740280,2026-07-18 12:20:35,2026-07-18 12:43:35,2026-07-18 12:50:36,23,23.1,6.214,dongdaegu,1,1,True,target_available_at_arrival,available_count>0 at panel tick nearest as_of+tmap_eta,tmap_routes
CV001396,2026-08-03 12:32:39,2026-08-03 12:42:39,2026-08-03 12:42:40,10,10.2,0.829,dongdaegu,1,1,True,target_available_at_arrival,available_count>0 at panel tick nearest as_of+tmap_eta,tmap_routes
SF000283,2026-08-07 22:53:22,2026-08-07 23:31:22,2026-08-07 23:33:24,38,37.6,13.786,dongdaegu,10,10,True,target_available_at_arrival,available_count>0 at panel tick nearest as_of+tmap_eta,tmap_routes
PI740437,2026-07-25 11:54:31,2026-07-25 12:32:31,2026-07-25 12:34:37,38,37.5,11.182,dongdaegu,2,2,True,target_available_at_arrival,available_count>0 at panel tick nearest as_of+tmap_eta,tmap_routes
CV003093,2026-07-28 06:39:04,2026-07-28 07:17:04,2026-07-28 07:19:09,38,37.6,9.123,dongdaegu,1,1,True,target_available_at_arrival,available_count>0 at panel tick nearest as_of+tmap_eta,tmap_routes
NT101559,2026-08-03 01:31:58,2026-08-03 01:55:58,2026-08-03 02:01:59,24,24.4,7.069,dongdaegu,2,2,True,target_available_at_arrival,available_count>0 at panel tick nearest as_of+tmap_eta,tmap_routes
CV003159,2026-07-31 13:02:57,2026-07-31 13:37:57,2026-07-31 13:43:01,35,34.7,13.603,dongdaegu,1,1,True,target_available_at_arrival,available_count>0 at panel tick nearest as_of+tmap_eta,tmap_routes
ST600663,2026-07-29 22:20:16,2026-07-29 22:56:16,2026-07-29 23:00:20,36,35.8,17.637,dongdaegu,2,2,True,target_available_at_arrival,available_count>0 at panel tick nearest as_of+tmap_eta,tmap_routes
CV001623,2026-08-05 09:41:24,2026-08-05 10:14:24,2026-08-05 10:21:30,33,33.0,8.52,dongdaegu,1,1,True,target_available_at_arrival,available_count>0 at panel tick nearest as_of+tmap_eta,tmap_routes
CV000670,2026-08-04 21:58:03,2026-08-04 22:32:03,2026-08-04 22:38:06,34,34.3,10.214,dongdaegu,1,1,True,target_available_at_arrival,available_count>0 at panel tick nearest as_of+tmap_eta,tmap_routes
TS271401,2026-08-02 07:07:01,2026-08-02 07:35:01,2026-08-02 07:37:07,28,27.8,9.449,dongdaegu,3,3,True,target_available_at_arrival,available_count>0 at panel tick nearest as_of+tmap_eta,tmap_routes
EV008162,2026-07-25 10:54:19,2026-07-25 11:31:19,2026-07-25 11:34:28,37,37.1,10.275,dongdaegu,1,1,True,target_available_at_arrival,available_count>0 at panel tick nearest as_of+tmap_eta,tmap_routes
ST600537,2026-07-30 11:35:14,2026-07-30 12:10:14,2026-07-30 12:15:19,35,35.3,8.786,dongdaegu,3,3,True,target_available_at_arrival,available_count>0 at panel tick nearest as_of+tmap_eta,tmap_routes
SF003187,2026-07-28 15:41:42,2026-07-28 16:11:42,2026-07-28 16:12:12,30,29.6,9.475,dongdaegu,4,4,True,target_available_at_arrival,available_count>0 at panel tick nearest as_of+tmap_eta,tmap_routes
CV000896,2026-08-04 10:37:16,2026-08-04 11:21:16,2026-08-04 11:27:23,44,43.9,9.703,dongdaegu,18,19,True,target_available_at_arrival,available_count>0 at panel tick nearest as_of+tmap_eta,tmap_routes
HE240281,2026-07-27 07:43:19,2026-07-27 08:46:19,2026-07-27 08:53:30,63,63.2,24.883,dongdaegu,2,2,True,target_available_at_arrival,available_count>0 at panel tick nearest as_of+tmap_eta,tmap_routes
PI202986,2026-08-05 10:11:30,2026-08-05 10:24:30,2026-08-05 10:31:33,13,13.3,2.019,dongdaegu,2,2,True,target_available_at_arrival,available_count>0 at panel tick nearest as_of+tmap_eta,tmap_routes
CV001264,2026-08-05 07:11:15,2026-08-05 08:05:15,2026-08-05 08:11:19,54,54.4,27.511,dongdaegu,3,3,True,target_available_at_arrival,available_count>0 at panel tick nearest as_of+tmap_eta,tmap_routes
ME25C427,2026-07-27 23:26:19,2026-07-27 23:43:19,2026-07-27 23:46:22,17,16.9,2.432,dongdaegu,4,4,True,target_available_at_arrival,available_count>0 at panel tick nearest as_of+tmap_eta,tmap_routes
CV003763,2026-07-29 09:58:02,2026-07-29 10:38:02,2026-07-29 10:38:06,40,40.0,9.438,dongdaegu,3,1,True,target_available_at_arrival,available_count>0 at panel tick nearest as_of+tmap_eta,tmap_routes
CV003096,2026-08-04 06:57:00,2026-08-04 07:27:00,2026-08-04 07:27:02,30,30.5,6.455,dongdaegu,1,1,True,target_available_at_arrival,available_count>0 at panel tick nearest as_of+tmap_eta,tmap_routes
ST272607,2026-08-05 19:32:14,2026-08-05 19:51:14,2026-08-05 19:52:19,19,19.4,4.399,dongdaegu,1,1,True,target_available_at_arrival,available_count>0 at panel tick nearest as_of+tmap_eta,tmap_routes
ME21B130,2026-07-25 22:34:47,2026-07-25 23:01:47,2026-07-25 23:04:50,27,27.4,9.046,dongdaegu,1,0,False,target_available_at_arrival,available_count>0 at panel tick nearest as_of+tmap_eta,tmap_routes
CV000896,2026-07-22 11:39:44,2026-07-22 12:23:44,2026-07-22 12:29:50,44,43.9,9.703,dongdaegu,1,1,True,target_available_at_arrival,available_count>0 at panel tick nearest as_of+tmap_eta,tmap_routes
ME20C187,2026-07-30 18:57:30,2026-07-30 19:52:30,2026-07-30 19:57:39,55,54.6,26.572,dongdaegu,1,1,True,target_available_at_arrival,available_count>0 at panel tick nearest as_of+tmap_eta,tmap_routes
PI740524,2026-07-30 08:04:17,2026-07-30 08:18:17,2026-07-30 08:24:20,14,14.4,2.794,dongdaegu,1,1,True,target_available_at_arrival,available_count>0 at panel tick nearest as_of+tmap_eta,tmap_routes
EV005710,2026-08-08 09:27:37,2026-08-08 10:02:37,2026-08-08 10:07:39,35,34.8,9.721,dongdaegu,3,3,True,target_available_at_arrival,available_count>0 at panel tick nearest as_of+tmap_eta,tmap_routes
SF003187,2026-08-08 08:37:33,2026-08-08 09:07:33,2026-08-08 09:07:35,30,29.6,9.475,dongdaegu,8,8,True,target_available_at_arrival,available_count>0 at panel tick nearest as_of+tmap_eta,tmap_routes
CV002471,2026-08-02 13:48:13,2026-08-02 14:06:13,2026-08-02 14:08:15,18,18.0,2.552,dongdaegu,2,2,True,target_available_at_arrival,available_count>0 at panel tick nearest as_of+tmap_eta,tmap_routes
PIH00519,2026-08-06 23:27:19,2026-08-06 23:37:19,2026-08-06 23:37:19,10,10.4,1.897,dongdaegu,1,1,True,target_available_at_arrival,available_count>0 at panel tick nearest as_of+tmap_eta,tmap_routes
KL001809,2026-08-01 20:02:28,2026-08-01 20:22:28,2026-08-01 20:22:34,20,19.9,3.27,dongdaegu,4,4,True,target_available_at_arrival,available_count>0 at panel tick nearest as_of+tmap_eta,tmap_routes
CV004690,2026-07-22 20:02:55,2026-07-22 20:50:55,2026-07-22 20:54:41,48,47.5,12.082,dongdaegu,1,1,True,target_available_at_arrival,available_count>0 at panel tick nearest as_of+tmap_eta,tmap_routes
PI306072,2026-08-05 15:41:55,2026-08-05 16:15:55,2026-08-05 16:21:57,34,33.8,10.535,dongdaegu,2,2,True,target_available_at_arrival,available_count>0 at panel tick nearest as_of+tmap_eta,tmap_routes
CV000599,2026-08-04 07:07:00,2026-08-04 07:32:00,2026-08-04 07:37:03,25,25.4,7.913,dongdaegu,2,2,True,target_available_at_arrival,available_count>0 at panel tick nearest as_of+tmap_eta,tmap_routes
PIH00515,2026-08-05 20:12:21,2026-08-05 20:31:21,2026-08-05 20:32:22,19,19.0,3.766,dongdaegu,1,1,True,target_available_at_arrival,available_count>0 at panel tick nearest as_of+tmap_eta,tmap_routes
KP002184,2026-08-02 21:59:26,2026-08-02 22:28:26,2026-08-02 22:29:27,29,28.6,8.977,dongdaegu,1,1,True,target_available_at_arrival,available_count>0 at panel tick nearest as_of+tmap_eta,tmap_routes
SF001858,2026-08-08 08:27:33,2026-08-08 08:51:33,2026-08-08 08:57:35,24,23.6,4.76,dongdaegu,15,15,True,target_available_at_arrival,available_count>0 at panel tick nearest as_of+tmap_eta,tmap_routes
PC000654,2026-07-29 15:38:50,2026-07-29 16:06:50,2026-07-29 16:08:53,28,27.9,8.761,dongdaegu,4,4,True,target_available_at_arrival,available_count>0 at panel tick nearest as_of+tmap_eta,tmap_routes
PI740574,2026-08-04 15:27:35,2026-08-04 15:47:35,2026-08-04 15:47:36,20,19.7,4.629,dongdaegu,1,1,True,target_available_at_arrival,available_count>0 at panel tick nearest as_of+tmap_eta,tmap_routes
EV005964,2026-07-26 12:58:39,2026-07-26 13:43:39,2026-07-26 13:48:45,45,44.7,15.164,dongdaegu,2,2,True,target_available_at_arrival,available_count>0 at panel tick nearest as_of+tmap_eta,tmap_routes
CV000902,2026-08-02 14:58:26,2026-08-02 15:36:26,2026-08-02 15:38:31,38,38.4,6.795,dongdaegu,1,1,True,target_available_at_arrival,available_count>0 at panel tick nearest as_of+tmap_eta,tmap_routes
PI530295,2026-08-01 10:00:18,2026-08-01 10:13:18,2026-08-01 10:20:29,13,13.2,2.981,dongdaegu,1,1,True,target_available_at_arrival,available_count>0 at panel tick nearest as_of+tmap_eta,tmap_routes
DC530012,2026-08-06 20:57:05,2026-08-06 21:23:05,2026-08-06 21:27:12,26,26.5,4.462,dongdaegu,3,3,True,target_available_at_arrival,available_count>0 at panel tick nearest as_of+tmap_eta,tmap_routes
CU530010,2026-07-31 01:00:47,2026-07-31 01:28:47,2026-07-31 01:30:50,28,27.6,8.681,dongdaegu,14,16,True,target_available_at_arrival,available_count>0 at panel tick nearest as_of+tmap_eta,tmap_routes
CV002072,2026-07-30 11:25:13,2026-07-30 11:45:13,2026-07-30 11:45:16,20,20.2,4.511,dongdaegu,1,1,True,target_available_at_arrival,available_count>0 at panel tick nearest as_of+tmap_eta,tmap_routes
KP005260,2026-08-04 08:47:08,2026-08-04 09:47:08,2026-08-04 09:47:11,60,59.8,23.596,dongdaegu,2,2,True,target_available_at_arrival,available_count>0 at panel tick nearest as_of+tmap_eta,tmap_routes
HE240281,2026-07-26 16:19:07,2026-07-26 17:22:07,2026-07-26 17:29:16,63,63.2,24.883,dongdaegu,2,2,True,target_available_at_arrival,available_count>0 at panel tick nearest as_of+tmap_eta,tmap_routes
IN053073,2026-08-03 05:52:10,2026-08-03 06:12:10,2026-08-03 06:12:11,20,20.5,4.346,dongdaegu,11,11,True,target_available_at_arrival,available_count>0 at panel tick nearest as_of+tmap_eta,tmap_routes
KL002459,2026-08-06 15:56:36,2026-08-06 16:10:36,2026-08-06 16:16:38,14,13.9,1.914,dongdaegu,10,10,True,target_available_at_arrival,available_count>0 at panel tick nearest as_of+tmap_eta,tmap_routes
ME18C260,2026-07-17 19:24:50,2026-07-17 19:39:50,2026-07-17 19:39:51,15,14.7,3.117,dongdaegu,2,2,True,target_available_at_arrival,available_count>0 at panel tick nearest as_of+tmap_eta,tmap_routes
IN053072,2026-08-07 10:11:57,2026-08-07 10:37:57,2026-08-07 10:41:58,26,25.9,8.457,dongdaegu,14,14,True,target_available_at_arrival,available_count>0 at panel tick nearest as_of+tmap_eta,tmap_routes
NT101504,2026-08-05 20:32:22,2026-08-05 20:57:22,2026-08-05 21:02:23,25,24.7,9.04,dongdaegu,1,1,True,target_available_at_arrival,available_count>0 at panel tick nearest as_of+tmap_eta,tmap_routes
ST600335,2026-08-02 00:15:55,2026-08-02 00:21:55,2026-08-02 00:25:56,6,6.3,0.045,dongdaegu,3,3,True,target_available_at_arrival,available_count>0 at panel tick nearest as_of+tmap_eta,tmap_routes
SF000977,2026-08-08 02:17:11,2026-08-08 02:30:11,2026-08-08 02:37:12,13,13.4,2.21,dongdaegu,6,6,True,target_available_at_arrival,available_count>0 at panel tick nearest as_of+tmap_eta,tmap_routes
HW000497,2026-08-06 19:06:51,2026-08-06 19:30:51,2026-08-06 19:36:53,24,24.1,4.737,dongdaegu,2,2,True,target_available_at_arrival,available_count>0 at panel tick nearest as_of+tmap_eta,tmap_routes
LU001877,2026-07-28 08:19:21,2026-07-28 08:48:21,2026-07-28 08:49:35,29,29.3,9.229,dongdaegu,5,5,True,target_available_at_arrival,available_count>0 at panel tick nearest as_of+tmap_eta,tmap_routes
ME183067,2026-07-18 21:21:16,2026-07-18 21:46:16,2026-07-18 21:51:18,25,24.9,5.762,dongdaegu,1,1,True,target_available_at_arrival,available_count>0 at panel tick nearest as_of+tmap_eta,tmap_routes
NX000018,2026-07-28 00:06:26,2026-07-28 00:33:26,2026-07-28 00:38:20,27,27.1,8.327,dongdaegu,2,2,True,target_available_at_arrival,available_count>0 at panel tick nearest as_of+tmap_eta,tmap_routes
CV001687,2026-08-03 02:21:59,2026-08-03 02:38:59,2026-08-03 02:42:00,17,16.8,3.319,dongdaegu,1,1,True,target_available_at_arrival,available_count>0 at panel tick nearest as_of+tmap_eta,tmap_routes
CV001488,2026-08-02 11:57:51,2026-08-02 12:27:51,2026-08-02 12:27:58,30,30.3,7.059,dongdaegu,2,2,True,target_available_at_arrival,available_count>0 at panel tick nearest as_of+tmap_eta,tmap_routes
SF000955,2026-08-01 04:19:22,2026-08-01 04:32:22,2026-08-01 04:39:23,13,12.6,2.022,dongdaegu,3,3,True,target_available_at_arrival,available_count>0 at panel tick nearest as_of+tmap_eta,tmap_routes
PI530278,2026-08-04 19:27:51,2026-08-04 20:23:51,2026-08-04 20:27:55,56,55.5,26.206,dongdaegu,5,4,True,target_available_at_arrival,available_count>0 at panel tick nearest as_of+tmap_eta,tmap_routes
CV000557,2026-07-25 14:44:59,2026-07-25 15:08:59,2026-07-25 15:11:26,24,24.4,5.378,dongdaegu,1,1,True,target_available_at_arrival,available_count>0 at panel tick nearest as_of+tmap_eta,tmap_routes
CV002189,2026-07-26 09:38:08,2026-07-26 09:44:08,2026-07-26 09:48:10,6,6.2,0.869,dongdaegu,1,1,True,target_available_at_arrival,available_count>0 at panel tick nearest as_of+tmap_eta,tmap_routes
ME18C255,2026-07-30 17:47:07,2026-07-30 18:17:07,2026-07-30 18:17:11,30,29.8,8.943,dongdaegu,2,2,True,target_available_at_arrival,available_count>0 at panel tick nearest as_of+tmap_eta,tmap_routes
KP000234,2026-07-28 03:08:35,2026-07-28 03:48:35,2026-07-28 03:48:39,40,39.9,13.48,dongdaegu,2,2,True,target_available_at_arrival,available_count>0 at panel tick nearest as_of+tmap_eta,tmap_routes
ST272308,2026-08-02 14:38:23,2026-08-02 14:54:23,2026-08-02 14:58:26,16,15.9,3.465,dongdaegu,3,3,True,target_available_at_arrival,available_count>0 at panel tick nearest as_of+tmap_eta,tmap_routes
EV013929,2026-07-27 08:23:24,2026-07-27 08:57:24,2026-07-27 09:03:32,34,34.1,9.214,dongdaegu,1,1,True,target_available_at_arrival,available_count>0 at panel tick nearest as_of+tmap_eta,tmap_routes
NX000018,2026-08-05 11:31:39,2026-08-05 11:58:39,2026-08-05 12:01:40,27,27.1,8.327,dongdaegu,2,2,True,target_available_at_arrival,available_count>0 at panel tick nearest as_of+tmap_eta,tmap_routes
EV006286,2026-07-29 18:59:37,2026-07-29 19:18:37,2026-07-29 19:19:40,19,19.3,1.852,dongdaegu,1,1,True,target_available_at_arrival,available_count>0 at panel tick nearest as_of+tmap_eta,tmap_routes
CV000146,2026-08-01 18:32:14,2026-08-01 18:52:14,2026-08-01 18:52:17,20,19.5,3.384,dongdaegu,1,1,True,target_available_at_arrival,available_count>0 at panel tick nearest as_of+tmap_eta,tmap_routes
EV005268,2026-08-06 08:36:05,2026-08-06 09:06:05,2026-08-06 09:06:09,30,29.6,10.5,dongdaegu,3,3,True,target_available_at_arrival,available_count>0 at panel tick nearest as_of+tmap_eta,tmap_routes
CV001768,2026-08-02 07:57:09,2026-08-02 08:50:09,2026-08-02 08:57:20,53,53.0,25.977,dongdaegu,9,9,True,target_available_at_arrival,available_count>0 at panel tick nearest as_of+tmap_eta,tmap_routes
CV000560,2026-08-08 07:27:28,2026-08-08 07:42:28,2026-08-08 07:47:29,15,14.9,3.632,dongdaegu,1,1,True,target_available_at_arrival,available_count>0 at panel tick nearest as_of+tmap_eta,tmap_routes
KP004800,2026-07-31 17:55:07,2026-07-31 18:50:07,2026-07-31 18:55:21,55,55.3,24.797,dongdaegu,1,1,True,target_available_at_arrival,available_count>0 at panel tick nearest as_of+tmap_eta,tmap_routes
HY000753,2026-07-20 16:25:52,2026-07-20 16:41:52,2026-07-20 16:45:52,16,16.4,1.01,dongdaegu,3,3,True,target_available_at_arrival,available_count>0 at panel tick nearest as_of+tmap_eta,tmap_routes
NT101559,2026-08-07 16:52:35,2026-08-07 17:16:35,2026-08-07 17:22:37,24,24.4,7.069,dongdaegu,2,2,True,target_available_at_arrival,available_count>0 at panel tick nearest as_of+tmap_eta,tmap_routes
CV003482,2026-08-06 09:46:11,2026-08-06 10:12:11,2026-08-06 10:16:13,26,25.5,4.456,dongdaegu,4,2,True,target_available_at_arrival,available_count>0 at panel tick nearest as_of+tmap_eta,tmap_routes
CV000547,2026-07-29 03:36:35,2026-07-29 03:55:35,2026-07-29 03:56:39,19,18.8,4.043,dongdaegu,1,1,True,target_available_at_arrival,available_count>0 at panel tick nearest as_of+tmap_eta,tmap_routes
ME22D254,2026-07-27 05:12:44,2026-07-27 05:58:44,2026-07-27 06:02:51,46,46.2,13.899,dongdaegu,1,1,True,target_available_at_arrival,available_count>0 at panel tick nearest as_of+tmap_eta,tmap_routes
PI740288,2026-08-02 17:38:47,2026-08-02 17:56:47,2026-08-02 17:58:50,18,18.1,2.794,dongdaegu,1,1,True,target_available_at_arrival,available_count>0 at panel tick nearest as_of+tmap_eta,tmap_routes
PI740664,2026-07-27 16:55:02,2026-07-27 17:34:02,2026-07-27 17:35:07,39,39.1,12.199,dongdaegu,1,1,True,target_available_at_arrival,available_count>0 at panel tick nearest as_of+tmap_eta,tmap_routes
KE001516,2026-07-23 14:43:03,2026-07-23 15:07:03,2026-07-23 15:08:22,24,24.1,7.653,dongdaegu,2,1,True,target_available_at_arrival,available_count>0 at panel tick nearest as_of+tmap_eta,tmap_routes
PI530277,2026-07-24 18:18:58,2026-07-24 18:55:58,2026-07-24 18:59:07,37,37.4,11.179,dongdaegu,1,1,True,target_available_at_arrival,available_count>0 at panel tick nearest as_of+tmap_eta,tmap_routes
KP010445,2026-08-02 10:17:34,2026-08-02 10:31:34,2026-08-02 10:37:39,14,13.8,2.285,dongdaegu,2,2,True,target_available_at_arrival,available_count>0 at panel tick nearest as_of+tmap_eta,tmap_routes
CV000536,2026-07-25 10:14:06,2026-07-25 10:39:06,2026-07-25 10:44:18,25,24.9,4.632,dongdaegu,1,1,True,target_available_at_arrival,available_count>0 at panel tick nearest as_of+tmap_eta,tmap_routes
SF002583,2026-08-08 04:47:19,2026-08-08 05:31:19,2026-08-08 05:37:23,44,44.5,9.471,dongdaegu,2,2,True,target_available_at_arrival,available_count>0 at panel tick nearest as_of+tmap_eta,tmap_routes
LU002386,2026-07-28 11:30:08,2026-07-28 12:06:08,2026-07-28 12:10:21,36,35.8,8.682,dongdaegu,2,2,True,target_available_at_arrival,available_count>0 at panel tick nearest as_of+tmap_eta,tmap_routes
CV001493,2026-07-30 14:36:07,2026-07-30 15:10:07,2026-07-30 15:16:36,34,33.5,10.19,dongdaegu,4,4,True,target_available_at_arrival,available_count>0 at panel tick nearest as_of+tmap_eta,tmap_routes
ME20C182,2026-07-30 19:37:36,2026-07-30 20:06:36,2026-07-30 20:07:41,29,28.9,5.93,dongdaegu,1,1,True,target_available_at_arrival,available_count>0 at panel tick nearest as_of+tmap_eta,tmap_routes
CV000799,2026-07-28 02:58:34,2026-07-28 03:42:34,2026-07-28 03:48:39,44,43.8,8.916,dongdaegu,1,1,True,target_available_at_arrival,available_count>0 at panel tick nearest as_of+tmap_eta,tmap_routes
ME20C285,2026-07-22 08:29:07,2026-07-22 09:16:07,2026-07-22 09:19:12,47,46.9,14.657,dongdaegu,1,2,True,target_available_at_arrival,available_count>0 at panel tick nearest as_of+tmap_eta,tmap_routes
SF002922,2026-08-01 21:32:46,2026-08-01 21:48:46,2026-08-01 21:52:49,16,15.8,2.058,dongdaegu,3,3,True,target_available_at_arrival,available_count>0 at panel tick nearest as_of+tmap_eta,tmap_routes
KL002700,2026-08-04 20:47:56,2026-08-04 21:05:56,2026-08-04 21:07:59,18,17.7,3.558,dongdaegu,1,1,True,target_available_at_arrival,available_count>0 at panel tick nearest as_of+tmap_eta,tmap_routes
ME19D114,2026-08-01 23:22:59,2026-08-02 00:11:59,2026-08-02 00:15:55,49,48.6,28.839,dongdaegu,1,1,True,target_available_at_arrival,available_count>0 at panel tick nearest as_of+tmap_eta,tmap_routes
CV004296,2026-08-03 18:13:47,2026-08-03 18:46:47,2026-08-03 18:53:50,33,32.6,16.54,dongdaegu,1,1,True,target_available_at_arrival,available_count>0 at panel tick nearest as_of+tmap_eta,tmap_routes
PL031519,2026-08-06 06:05:54,2026-08-06 06:32:54,2026-08-06 06:35:55,27,26.8,6.055,dongdaegu,1,1,True,target_available_at_arrival,available_count>0 at panel tick nearest as_of+tmap_eta,tmap_routes
ME19C404,2026-07-28 10:39:54,2026-07-28 11:04:54,2026-07-28 11:09:58,25,25.1,5.074,dongdaegu,3,4,True,target_available_at_arrival,available_count>0 at panel tick nearest as_of+tmap_eta,tmap_routes
CV003132,2026-08-06 21:17:09,2026-08-06 21:50:09,2026-08-06 21:57:14,33,32.7,11.251,dongdaegu,1,1,True,target_available_at_arrival,available_count>0 at panel tick nearest as_of+tmap_eta,tmap_routes
PIH00094,2026-07-26 13:18:42,2026-07-26 13:44:42,2026-07-26 13:48:45,26,25.6,9.271,dongdaegu,5,4,True,target_available_at_arrival,available_count>0 at panel tick nearest as_of+tmap_eta,tmap_routes
CV003104,2026-07-31 11:02:41,2026-07-31 11:42:41,2026-07-31 11:42:45,40,40.1,9.697,dongdaegu,1,1,True,target_available_at_arrival,available_count>0 at panel tick nearest as_of+tmap_eta,tmap_routes
DC530018,2026-07-23 06:39:07,2026-07-23 06:51:07,2026-07-23 06:54:16,12,11.8,1.16,dongdaegu,6,7,True,target_available_at_arrival,available_count>0 at panel tick nearest as_of+tmap_eta,tmap_routes
LU001276,2026-07-28 03:58:40,2026-07-28 04:22:40,2026-07-28 04:28:44,24,23.5,6.782,dongdaegu,1,1,True,target_available_at_arrival,available_count>0 at panel tick nearest as_of+tmap_eta,tmap_routes
CV002189,2026-07-29 11:18:12,2026-07-29 11:24:12,2026-07-29 11:28:14,6,6.2,0.869,dongdaegu,1,1,True,target_available_at_arrival,available_count>0 at panel tick nearest as_of+tmap_eta,tmap_routes
EV014737,2026-07-26 16:19:07,2026-07-26 16:29:07,2026-07-26 16:29:08,10,10.3,1.868,dongdaegu,1,1,True,target_available_at_arrival,available_count>0 at panel tick nearest as_of+tmap_eta,tmap_routes
HE240381,2026-07-26 08:37:59,2026-07-26 09:40:59,2026-07-26 09:48:10,63,63.2,24.855,dongdaegu,2,2,True,target_available_at_arrival,available_count>0 at panel tick nearest as_of+tmap_eta,tmap_routes
PC001315,2026-07-29 17:09:16,2026-07-29 17:34:16,2026-07-29 17:39:21,25,24.6,5.255,dongdaegu,2,2,True,target_available_at_arrival,available_count>0 at panel tick nearest as_of+tmap_eta,tmap_routes
EV008234,2026-07-30 16:46:47,2026-07-30 17:20:47,2026-07-30 17:27:04,34,33.6,9.097,dongdaegu,3,3,True,target_available_at_arrival,available_count>0 at panel tick nearest as_of+tmap_eta,tmap_routes
CV000891,2026-07-30 15:36:38,2026-07-30 16:35:38,2026-07-30 16:36:46,59,58.9,26.194,dongdaegu,3,2,True,target_available_at_arrival,available_count>0 at panel tick nearest as_of+tmap_eta,tmap_routes
CG000066,2026-08-08 07:57:31,2026-08-08 08:45:31,2026-08-08 08:47:34,48,47.6,23.032,dongdaegu,1,1,True,target_available_at_arrival,available_count>0 at panel tick nearest as_of+tmap_eta,tmap_routes
CV003081,2026-07-23 11:47:12,2026-07-23 12:04:12,2026-07-23 12:07:16,17,16.7,3.222,dongdaegu,1,1,True,target_available_at_arrival,available_count>0 at panel tick nearest as_of+tmap_eta,tmap_routes
CV003165,2026-07-30 22:58:08,2026-07-30 23:27:08,2026-07-30 23:28:11,29,28.6,8.976,dongdaegu,1,1,True,target_available_at_arrival,available_count>0 at panel tick nearest as_of+tmap_eta,tmap_routes
PI306105,2026-07-31 11:12:42,2026-07-31 11:25:42,2026-07-31 11:32:44,13,13.3,2.325,dongdaegu,4,4,True,target_available_at_arrival,available_count>0 at panel tick nearest as_of+tmap_eta,tmap_routes
EV008882,2026-08-03 11:02:33,2026-08-03 11:32:33,2026-08-03 11:32:36,30,30.1,10.5,dongdaegu,2,2,True,target_available_at_arrival,available_count>0 at panel tick nearest as_of+tmap_eta,tmap_routes
ME183067,2026-08-07 15:02:19,2026-08-07 15:27:19,2026-08-07 15:32:29,25,24.9,5.762,dongdaegu,1,1,True,target_available_at_arrival,available_count>0 at panel tick nearest as_of+tmap_eta,tmap_routes
NT101503,2026-07-21 14:22:01,2026-07-21 14:47:01,2026-07-21 14:52:19,25,24.9,9.063,dongdaegu,1,1,True,target_available_at_arrival,available_count>0 at panel tick nearest as_of+tmap_eta,tmap_routes
LU003732,2026-08-03 11:02:33,2026-08-03 11:57:33,2026-08-03 12:02:38,55,54.8,25.143,dongdaegu,2,2,True,target_available_at_arrival,available_count>0 at panel tick nearest as_of+tmap_eta,tmap_routes
PI740701,2026-07-30 06:13:52,2026-07-30 06:50:52,2026-07-30 06:54:02,37,37.4,10.492,dongdaegu,2,2,True,target_available_at_arrival,available_count>0 at panel tick nearest as_of+tmap_eta,tmap_routes
PI530275,2026-07-26 20:29:41,2026-07-26 20:53:41,2026-07-26 20:59:45,24,24.2,7.702,dongdaegu,4,4,True,target_available_at_arrival,available_count>0 at panel tick nearest as_of+tmap_eta,tmap_routes
PW010211,2026-08-05 10:21:30,2026-08-05 11:35:30,2026-08-05 11:41:39,74,74.0,30.326,dongdaegu,2,2,True,target_available_at_arrival,available_count>0 at panel tick nearest as_of+tmap_eta,tmap_routes
CV004336,2026-07-29 01:06:15,2026-07-29 01:46:15,2026-07-29 01:46:18,40,40.0,13.158,dongdaegu,8,8,True,target_available_at_arrival,available_count>0 at panel tick nearest as_of+tmap_eta,tmap_routes
KL001990,2026-08-06 07:25:58,2026-08-06 07:43:58,2026-08-06 07:45:59,18,17.8,2.838,dongdaegu,3,3,True,target_available_at_arrival,available_count>0 at panel tick nearest as_of+tmap_eta,tmap_routes
CV002690,2026-07-30 14:05:56,2026-07-30 14:59:56,2026-07-30 15:06:25,54,54.3,31.501,dongdaegu,4,4,True,target_available_at_arrival,available_count>0 at panel tick nearest as_of+tmap_eta,tmap_routes
PW014973,2026-08-06 02:45:47,2026-08-06 03:04:47,2026-08-06 03:05:47,19,18.7,5.5,dongdaegu,1,1,True,target_available_at_arrival,available_count>0 at panel tick nearest as_of+tmap_eta,tmap_routes
ME183059,2026-07-25 07:53:41,2026-07-25 08:04:41,2026-07-25 08:05:05,11,11.2,1.741,dongdaegu,1,1,True,target_available_at_arrival,available_count>0 at panel tick nearest as_of+tmap_eta,tmap_routes
KP002187,2026-08-06 21:47:14,2026-08-06 21:57:14,2026-08-06 21:57:14,10,9.7,1.643,dongdaegu,1,1,True,target_available_at_arrival,available_count>0 at panel tick nearest as_of+tmap_eta,tmap_routes
KRC10088,2026-07-30 04:23:33,2026-07-30 04:59:33,2026-07-30 05:03:40,36,36.4,11.942,dongdaegu,1,1,True,target_available_at_arrival,available_count>0 at panel tick nearest as_of+tmap_eta,tmap_routes
CV002201,2026-08-04 08:57:08,2026-08-04 09:21:08,2026-08-04 09:27:10,24,23.6,6.784,dongdaegu,4,4,True,target_available_at_arrival,available_count>0 at panel tick nearest as_of+tmap_eta,tmap_routes
PC001839,2026-07-31 14:53:12,2026-07-31 15:16:12,2026-07-31 15:23:21,23,23.3,6.246,dongdaegu,2,2,True,target_available_at_arrival,available_count>0 at panel tick nearest as_of+tmap_eta,tmap_routes
EV007658,2026-08-05 13:11:44,2026-08-05 13:51:44,2026-08-05 13:51:47,40,39.7,10.959,dongdaegu,1,1,True,target_available_at_arrival,available_count>0 at panel tick nearest as_of+tmap_eta,tmap_routes
KP002189,2026-07-23 07:04:18,2026-07-23 07:19:18,2026-07-23 07:19:23,15,15.4,3.325,dongdaegu,1,1,True,target_available_at_arrival,available_count>0 at panel tick nearest as_of+tmap_eta,tmap_routes
CV001632,2026-07-21 21:23:01,2026-07-21 21:51:01,2026-07-21 21:53:06,28,27.8,8.198,dongdaegu,1,1,True,target_available_at_arrival,available_count>0 at panel tick nearest as_of+tmap_eta,tmap_routes
CV000113,2026-07-31 22:16:04,2026-07-31 22:34:04,2026-07-31 22:36:07,18,17.9,3.891,dongdaegu,2,2,True,target_available_at_arrival,available_count>0 at panel tick nearest as_of+tmap_eta,tmap_routes
EV016067,2026-08-02 21:09:21,2026-08-02 21:53:21,2026-08-02 21:59:26,44,44.4,15.001,dongdaegu,2,2,True,target_available_at_arrival,available_count>0 at panel tick nearest as_of+tmap_eta,tmap_routes
CV003096,2026-07-30 08:24:20,2026-07-30 08:54:20,2026-07-30 08:54:25,30,30.5,6.455,dongdaegu,1,1,True,target_available_at_arrival,available_count>0 at panel tick nearest as_of+tmap_eta,tmap_routes
UP491145,2026-07-25 21:14:36,2026-07-25 21:41:36,2026-07-25 21:44:40,27,26.8,8.306,dongdaegu,1,1,True,target_available_at_arrival,available_count>0 at panel tick nearest as_of+tmap_eta,tmap_routes
ME19C289,2026-07-19 18:31:32,2026-07-19 19:25:32,2026-07-19 19:31:38,54,54.2,41.292,dongdaegu,1,1,True,target_available_at_arrival,available_count>0 at panel tick nearest as_of+tmap_eta,tmap_routes
ME23B114,2026-07-29 22:20:16,2026-07-29 22:47:16,2026-07-29 22:50:19,27,27.2,5.505,dongdaegu,1,1,True,target_available_at_arrival,available_count>0 at panel tick nearest as_of+tmap_eta,tmap_routes
HY000510,2026-08-03 03:02:01,2026-08-03 03:21:01,2026-08-03 03:22:02,19,19.2,4.088,dongdaegu,2,2,True,target_available_at_arrival,available_count>0 at panel tick nearest as_of+tmap_eta,tmap_routes
PC000552,2026-08-02 06:26:57,2026-08-02 06:41:57,2026-08-02 06:46:59,15,14.8,2.52,dongdaegu,1,1,True,target_available_at_arrival,available_count>0 at panel tick nearest as_of+tmap_eta,tmap_routes
PIS00588,2026-08-01 17:32:02,2026-08-01 18:27:02,2026-08-01 18:32:14,55,55.0,9.555,dongdaegu,3,3,True,target_available_at_arrival,available_count>0 at panel tick nearest as_of+tmap_eta,tmap_routes
NT100595,2026-08-05 11:31:39,2026-08-05 12:00:39,2026-08-05 12:01:40,29,29.3,9.579,dongdaegu,2,2,True,target_available_at_arrival,available_count>0 at panel tick nearest as_of+tmap_eta,tmap_routes
DC530021,2026-07-30 03:13:15,2026-07-30 03:38:15,2026-07-30 03:43:21,25,24.7,3.799,dongdaegu,4,4,True,target_available_at_arrival,available_count>0 at panel tick nearest as_of+tmap_eta,tmap_routes
PI000241,2026-07-30 17:37:06,2026-07-30 17:54:06,2026-07-30 17:57:08,17,16.8,3.257,dongdaegu,1,1,True,target_available_at_arrival,available_count>0 at panel tick nearest as_of+tmap_eta,tmap_routes
ME19E216,2026-07-24 01:16:47,2026-07-24 02:01:47,2026-07-24 02:01:55,45,45.4,21.152,dongdaegu,1,1,True,target_available_at_arrival,available_count>0 at panel tick nearest as_of+tmap_eta,tmap_routes
CV002203,2026-08-04 14:17:31,2026-08-04 14:52:31,2026-08-04 14:57:33,35,35.2,13.714,dongdaegu,3,4,True,target_available_at_arrival,available_count>0 at panel tick nearest as_of+tmap_eta,tmap_routes
CV003117,2026-08-05 05:41:10,2026-08-05 06:30:10,2026-08-05 06:31:12,49,48.7,17.255,dongdaegu,1,1,True,target_available_at_arrival,available_count>0 at panel tick nearest as_of+tmap_eta,tmap_routes
PW801141,2026-07-31 14:33:10,2026-07-31 14:43:10,2026-07-31 14:43:11,10,10.1,0.9,dongdaegu,2,2,True,target_available_at_arrival,available_count>0 at panel tick nearest as_of+tmap_eta,tmap_routes
ME178137,2026-08-06 03:55:49,2026-08-06 04:52:49,2026-08-06 04:55:52,57,57.0,22.407,dongdaegu,2,2,True,target_available_at_arrival,available_count>0 at panel tick nearest as_of+tmap_eta,tmap_routes
KE001516,2026-07-29 18:59:37,2026-07-29 19:23:37,2026-07-29 19:29:42,24,24.1,7.653,dongdaegu,2,2,True,target_available_at_arrival,available_count>0 at panel tick nearest as_of+tmap_eta,tmap_routes
KP004804,2026-08-08 01:57:09,2026-08-08 02:24:09,2026-08-08 02:27:12,27,27.0,8.693,dongdaegu,3,3,True,target_available_at_arrival,available_count>0 at panel tick nearest as_of+tmap_eta,tmap_routes
ST271705,2026-07-28 19:23:10,2026-07-28 19:47:10,2026-07-28 19:53:15,24,24.4,6.552,dongdaegu,1,1,True,target_available_at_arrival,available_count>0 at panel tick nearest as_of+tmap_eta,tmap_routes
CV004736,2026-07-29 04:06:40,2026-07-29 05:03:40,2026-07-29 05:06:51,57,57.4,24.095,dongdaegu,2,2,True,target_available_at_arrival,available_count>0 at panel tick nearest as_of+tmap_eta,tmap_routes
EV003704,2026-07-27 17:25:06,2026-07-27 17:51:06,2026-07-27 17:55:11,26,25.6,7.852,dongdaegu,2,1,True,target_available_at_arrival,available_count>0 at panel tick nearest as_of+tmap_eta,tmap_routes
PI530275,2026-07-27 09:13:33,2026-07-27 09:37:33,2026-07-27 09:43:37,24,24.2,7.702,dongdaegu,4,4,True,target_available_at_arrival,available_count>0 at panel tick nearest as_of+tmap_eta,tmap_routes
HE240485,2026-07-24 10:17:17,2026-07-24 10:47:17,2026-07-24 10:47:26,30,29.7,8.57,dongdaegu,1,2,True,target_available_at_arrival,available_count>0 at panel tick nearest as_of+tmap_eta,tmap_routes
LU100968,2026-07-31 18:45:19,2026-07-31 18:58:19,2026-07-31 19:05:25,13,12.8,0.497,dongdaegu,2,2,True,target_available_at_arrival,available_count>0 at panel tick nearest as_of+tmap_eta,tmap_routes
CV001623,2026-08-07 21:03:11,2026-08-07 21:36:11,2026-08-07 21:43:16,33,33.0,8.52,dongdaegu,2,2,True,target_available_at_arrival,available_count>0 at panel tick nearest as_of+tmap_eta,tmap_routes
TS472920,2026-08-07 20:43:08,2026-08-07 20:49:08,2026-08-07 20:53:09,6,6.3,0.539,dongdaegu,4,4,True,target_available_at_arrival,available_count>0 at panel tick nearest as_of+tmap_eta,tmap_routes
TS472920,2026-08-07 12:42:09,2026-08-07 12:48:09,2026-08-07 12:52:09,6,6.3,0.539,dongdaegu,4,4,True,target_available_at_arrival,available_count>0 at panel tick nearest as_of+tmap_eta,tmap_routes
KE000386,2026-08-03 02:42:00,2026-08-03 03:09:00,2026-08-03 03:12:02,27,27.0,10.39,dongdaegu,2,2,True,target_available_at_arrival,available_count>0 at panel tick nearest as_of+tmap_eta,tmap_routes
PIS00598,2026-08-02 02:56:26,2026-08-02 03:30:26,2026-08-02 03:36:33,34,34.3,11.532,dongdaegu,6,6,True,target_available_at_arrival,available_count>0 at panel tick nearest as_of+tmap_eta,tmap_routes
CV000805,2026-08-05 01:10:59,2026-08-05 01:47:59,2026-08-05 01:51:01,37,37.2,9.03,dongdaegu,1,1,True,target_available_at_arrival,available_count>0 at panel tick nearest as_of+tmap_eta,tmap_routes
PI530033,2026-08-07 09:41:53,2026-08-07 10:01:53,2026-08-07 10:01:56,20,20.4,4.625,dongdaegu,1,1,True,target_available_at_arrival,available_count>0 at panel tick nearest as_of+tmap_eta,tmap_routes
CV000657,2026-07-31 21:25:54,2026-07-31 21:45:54,2026-07-31 21:45:57,20,19.6,3.582,dongdaegu,1,1,True,target_available_at_arrival,available_count>0 at panel tick nearest as_of+tmap_eta,tmap_routes
EV005432,2026-08-05 05:51:10,2026-08-05 06:30:10,2026-08-05 06:31:12,39,39.4,9.3,dongdaegu,3,3,True,target_available_at_arrival,available_count>0 at panel tick nearest as_of+tmap_eta,tmap_routes
CV001171,2026-08-01 12:30:52,2026-08-01 13:03:52,2026-08-01 13:11:02,33,32.8,8.058,dongdaegu,2,2,True,target_available_at_arrival,available_count>0 at panel tick nearest as_of+tmap_eta,tmap_routes
PI740284,2026-08-03 09:42:29,2026-08-03 10:05:29,2026-08-03 10:12:31,23,23.2,6.235,dongdaegu,1,1,True,target_available_at_arrival,available_count>0 at panel tick nearest as_of+tmap_eta,tmap_routes
PI750070,2026-08-02 05:46:47,2026-08-02 06:04:47,2026-08-02 06:06:49,18,18.3,3.62,dongdaegu,2,2,True,target_available_at_arrival,available_count>0 at panel tick nearest as_of+tmap_eta,tmap_routes
ME24A244,2026-08-06 09:16:09,2026-08-06 10:11:09,2026-08-06 10:16:13,55,54.7,27.807,dongdaegu,2,2,True,target_available_at_arrival,available_count>0 at panel tick nearest as_of+tmap_eta,tmap_routes
KP003475,2026-08-07 03:41:22,2026-08-07 04:14:22,2026-08-07 04:21:26,33,32.8,7.058,dongdaegu,5,5,True,target_available_at_arrival,available_count>0 at panel tick nearest as_of+tmap_eta,tmap_routes
DYME2012,2026-08-02 13:28:10,2026-08-02 14:04:10,2026-08-02 14:08:15,36,36.5,7.491,dongdaegu,1,1,True,target_available_at_arrival,available_count>0 at panel tick nearest as_of+tmap_eta,tmap_routes
PI740666,2026-07-19 15:31:15,2026-07-19 16:10:15,2026-07-19 16:16:19,39,39.1,12.214,dongdaegu,1,1,True,target_available_at_arrival,available_count>0 at panel tick nearest as_of+tmap_eta,tmap_routes
CV003464,2026-08-04 08:37:07,2026-08-04 09:04:07,2026-08-04 09:07:09,27,27.0,5.866,dongdaegu,3,3,True,target_available_at_arrival,available_count>0 at panel tick nearest as_of+tmap_eta,tmap_routes
CV003136,2026-08-03 22:54:06,2026-08-03 23:22:06,2026-08-03 23:24:08,28,28.2,8.505,dongdaegu,1,1,True,target_available_at_arrival,available_count>0 at panel tick nearest as_of+tmap_eta,tmap_routes
DC530015,2026-07-26 13:38:44,2026-07-26 14:25:44,2026-07-26 14:28:51,47,46.8,9.409,dongdaegu,1,1,True,target_available_at_arrival,available_count>0 at panel tick nearest as_of+tmap_eta,tmap_routes
EV005192,2026-07-25 15:05:07,2026-07-25 15:40:07,2026-07-25 15:43:46,35,34.8,9.708,dongdaegu,2,2,True,target_available_at_arrival,available_count>0 at panel tick nearest as_of+tmap_eta,tmap_routes
ME20C186,2026-07-24 02:27:00,2026-07-24 03:11:00,2026-07-24 03:12:11,44,44.2,22.102,dongdaegu,1,1,True,target_available_at_arrival,available_count>0 at panel tick nearest as_of+tmap_eta,tmap_routes
CV000553,2026-08-03 06:12:11,2026-08-03 06:55:11,2026-08-03 07:02:13,43,42.8,9.106,dongdaegu,1,1,True,target_available_at_arrival,available_count>0 at panel tick nearest as_of+tmap_eta,tmap_routes
AZ100017,2026-08-05 18:22:08,2026-08-05 19:01:08,2026-08-05 19:02:10,39,39.2,8.401,dongdaegu,7,7,True,target_available_at_arrival,available_count>0 at panel tick nearest as_of+tmap_eta,tmap_routes
ST272902,2026-08-03 01:31:58,2026-08-03 02:04:58,2026-08-03 02:11:59,33,32.9,11.66,dongdaegu,1,1,True,target_available_at_arrival,available_count>0 at panel tick nearest as_of+tmap_eta,tmap_routes
PW015100,2026-07-28 21:13:25,2026-07-28 21:43:25,2026-07-28 21:43:30,30,30.1,5.782,dongdaegu,1,1,True,target_available_at_arrival,available_count>0 at panel tick nearest as_of+tmap_eta,tmap_routes
CV000657,2026-08-07 14:32:17,2026-08-07 14:52:17,2026-08-07 14:52:18,20,19.6,3.582,dongdaegu,1,1,True,target_available_at_arrival,available_count>0 at panel tick nearest as_of+tmap_eta,tmap_routes
PC000553,2026-08-04 17:37:44,2026-08-04 17:54:44,2026-08-04 17:57:45,17,17.2,2.96,dongdaegu,1,1,True,target_available_at_arrival,available_count>0 at panel tick nearest as_of+tmap_eta,tmap_routes
PI530314,2026-08-07 10:52:03,2026-08-07 11:46:03,2026-08-07 11:52:06,54,54.5,39.869,dongdaegu,2,2,True,target_available_at_arrival,available_count>0 at panel tick nearest as_of+tmap_eta,tmap_routes
ME183067,2026-07-22 15:50:34,2026-07-22 16:15:34,2026-07-22 16:20:38,25,24.9,5.762,dongdaegu,1,1,True,target_available_at_arrival,available_count>0 at panel tick nearest as_of+tmap_eta,tmap_routes
ME22D192,2026-07-23 00:07:26,2026-07-23 00:51:26,2026-07-23 00:52:41,44,44.5,12.379,dongdaegu,1,1,True,target_available_at_arrival,available_count>0 at panel tick nearest as_of+tmap_eta,tmap_routes
CV003535,2026-07-24 09:17:10,2026-07-24 09:37:10,2026-07-24 09:37:13,20,20.0,3.631,dongdaegu,4,4,True,target_available_at_arrival,available_count>0 at panel tick nearest as_of+tmap_eta,tmap_routes
KL001809,2026-07-28 08:19:21,2026-07-28 08:39:21,2026-07-28 08:39:34,20,19.9,3.27,dongdaegu,2,2,True,target_available_at_arrival,available_count>0 at panel tick nearest as_of+tmap_eta,tmap_routes
ME24A244,2026-07-28 02:08:29,2026-07-28 03:03:29,2026-07-28 03:08:35,55,54.7,27.807,dongdaegu,2,2,True,target_available_at_arrival,available_count>0 at panel tick nearest as_of+tmap_eta,tmap_routes
CV000039,2026-07-28 00:18:19,2026-07-28 00:35:19,2026-07-28 00:38:20,17,17.4,3.346,dongdaegu,2,2,True,target_available_at_arrival,available_count>0 at panel tick nearest as_of+tmap_eta,tmap_routes
PI730462,2026-07-28 23:53:52,2026-07-29 00:34:52,2026-07-29 00:36:12,41,40.9,14.069,dongdaegu,2,2,True,target_available_at_arrival,available_count>0 at panel tick nearest as_of+tmap_eta,tmap_routes
PI750081,2026-07-26 13:28:43,2026-07-26 14:11:43,2026-07-26 14:18:50,43,43.2,12.902,dongdaegu,2,2,True,target_available_at_arrival,available_count>0 at panel tick nearest as_of+tmap_eta,tmap_routes
PI740241,2026-07-31 06:51:46,2026-07-31 07:05:46,2026-07-31 07:12:00,14,13.5,2.053,dongdaegu,1,1,True,target_available_at_arrival,available_count>0 at panel tick nearest as_of+tmap_eta,tmap_routes
CV003763,2026-08-07 07:21:38,2026-08-07 08:01:38,2026-08-07 08:01:40,40,40.0,9.438,dongdaegu,4,4,True,target_available_at_arrival,available_count>0 at panel tick nearest as_of+tmap_eta,tmap_routes
ME181302,2026-08-06 15:16:34,2026-08-06 16:04:34,2026-08-06 16:06:37,48,47.9,13.111,dongdaegu,1,1,True,target_available_at_arrival,available_count>0 at panel tick nearest as_of+tmap_eta,tmap_routes
CV003142,2026-07-28 01:58:28,2026-07-28 02:41:28,2026-07-28 02:48:33,43,43.4,19.606,dongdaegu,1,1,True,target_available_at_arrival,available_count>0 at panel tick nearest as_of+tmap_eta,tmap_routes
SF002913,2026-07-24 09:07:09,2026-07-24 09:22:09,2026-07-24 09:27:11,15,15.2,3.084,dongdaegu,1,1,True,target_available_at_arrival,available_count>0 at panel tick nearest as_of+tmap_eta,tmap_routes
CV001967,2026-08-08 08:57:35,2026-08-08 09:16:35,2026-08-08 09:17:36,19,19.4,3.176,dongdaegu,2,2,True,target_available_at_arrival,available_count>0 at panel tick nearest as_of+tmap_eta,tmap_routes
ME23A218,2026-07-25 19:14:19,2026-07-25 19:31:19,2026-07-25 19:34:22,17,17.0,2.221,dongdaegu,2,2,True,target_available_at_arrival,available_count>0 at panel tick nearest as_of+tmap_eta,tmap_routes
EV006497,2026-07-26 19:09:30,2026-07-26 19:48:30,2026-07-26 19:49:35,39,39.0,10.915,dongdaegu,2,2,True,target_available_at_arrival,available_count>0 at panel tick nearest as_of+tmap_eta,tmap_routes
HE240382,2026-07-23 07:14:21,2026-07-23 08:17:21,2026-07-23 08:19:50,63,62.7,24.773,dongdaegu,1,1,True,target_available_at_arrival,available_count>0 at panel tick nearest as_of+tmap_eta,tmap_routes
CV004555,2026-08-06 04:15:50,2026-08-06 04:35:50,2026-08-06 04:35:51,20,19.8,3.775,dongdaegu,2,2,True,target_available_at_arrival,available_count>0 at panel tick nearest as_of+tmap_eta,tmap_routes
EV008139,2026-08-04 03:06:51,2026-08-04 03:26:51,2026-08-04 03:26:52,20,19.9,1.726,dongdaegu,1,1,True,target_available_at_arrival,available_count>0 at panel tick nearest as_of+tmap_eta,tmap_routes
CV003566,2026-07-31 15:44:34,2026-07-31 16:08:34,2026-07-31 16:14:42,24,24.4,3.698,dongdaegu,1,1,True,target_available_at_arrival,available_count>0 at panel tick nearest as_of+tmap_eta,tmap_routes
CV002914,2026-08-01 16:41:55,2026-08-01 17:05:55,2026-08-01 17:11:59,24,24.4,8.623,dongdaegu,1,1,True,target_available_at_arrival,available_count>0 at panel tick nearest as_of+tmap_eta,tmap_routes
IN053044,2026-08-04 11:47:24,2026-08-04 12:27:24,2026-08-04 12:27:25,40,40.2,13.147,dongdaegu,8,8,True,target_available_at_arrival,available_count>0 at panel tick nearest as_of+tmap_eta,tmap_routes
ME21B262,2026-07-29 09:37:59,2026-07-29 10:30:59,2026-07-29 10:38:06,53,52.9,43.182,dongdaegu,1,1,True,target_available_at_arrival,available_count>0 at panel tick nearest as_of+tmap_eta,tmap_routes
CV000478,2026-07-30 04:23:33,2026-07-30 05:07:33,2026-07-30 05:13:41,44,44.0,17.313,dongdaegu,1,1,True,target_available_at_arrival,available_count>0 at panel tick nearest as_of+tmap_eta,tmap_routes
CV000670,2026-08-04 00:36:42,2026-08-04 01:10:42,2026-08-04 01:16:43,34,34.3,10.214,dongdaegu,1,1,True,target_available_at_arrival,available_count>0 at panel tick nearest as_of+tmap_eta,tmap_routes
ME19X413,2026-07-24 04:22:57,2026-07-24 04:56:57,2026-07-24 04:58:11,34,34.4,11.991,dongdaegu,5,5,True,target_available_at_arrival,available_count>0 at panel tick nearest as_of+tmap_eta,tmap_routes
LU002360,2026-08-01 11:40:41,2026-08-01 12:17:41,2026-08-01 12:20:51,37,37.4,13.555,dongdaegu,2,2,True,target_available_at_arrival,available_count>0 at panel tick nearest as_of+tmap_eta,tmap_routes
HM000698,2026-08-03 20:43:57,2026-08-03 21:41:57,2026-08-03 21:44:00,58,58.5,38.332,dongdaegu,1,1,True,target_available_at_arrival,available_count>0 at panel tick nearest as_of+tmap_eta,tmap_routes
CV000558,2026-08-05 13:21:45,2026-08-05 13:28:45,2026-08-05 13:31:46,7,7.2,1.25,dongdaegu,1,1,True,target_available_at_arrival,available_count>0 at panel tick nearest as_of+tmap_eta,tmap_routes
ME19C227,2026-08-02 09:37:26,2026-08-02 10:30:26,2026-08-02 10:37:39,53,53.1,26.623,dongdaegu,1,1,True,target_available_at_arrival,available_count>0 at panel tick nearest as_of+tmap_eta,tmap_routes
KP003779,2026-08-05 17:12:00,2026-08-05 17:52:00,2026-08-05 17:52:03,40,40.5,17.466,dongdaegu,1,1,True,target_available_at_arrival,available_count>0 at panel tick nearest as_of+tmap_eta,tmap_routes
ST601045,2026-07-30 04:43:35,2026-07-30 05:22:35,2026-07-30 05:23:42,39,39.0,11.261,dongdaegu,8,8,True,target_available_at_arrival,available_count>0 at panel tick nearest as_of+tmap_eta,tmap_routes
CV003062,2026-08-07 02:01:19,2026-08-07 02:35:19,2026-08-07 02:41:20,34,34.1,6.923,dongdaegu,4,4,True,target_available_at_arrival,available_count>0 at panel tick nearest as_of+tmap_eta,tmap_routes
CV001885,2026-08-08 10:07:39,2026-08-08 10:47:39,2026-08-08 10:47:44,40,39.5,13.367,dongdaegu,4,4,True,target_available_at_arrival,available_count>0 at panel tick nearest as_of+tmap_eta,tmap_routes
HW000407,2026-08-02 22:39:28,2026-08-02 23:09:28,2026-08-02 23:09:31,30,29.6,10.81,dongdaegu,5,5,True,target_available_at_arrival,available_count>0 at panel tick nearest as_of+tmap_eta,tmap_routes
ME20C185,2026-07-30 04:13:31,2026-07-30 04:48:31,2026-07-30 04:53:36,35,34.6,12.087,dongdaegu,1,1,True,target_available_at_arrival,available_count>0 at panel tick nearest as_of+tmap_eta,tmap_routes
PC000305,2026-07-22 22:05:13,2026-07-22 22:38:13,2026-07-22 22:40:21,33,32.8,9.814,dongdaegu,1,1,True,target_available_at_arrival,available_count>0 at panel tick nearest as_of+tmap_eta,tmap_routes
ME183065,2026-08-01 09:20:08,2026-08-01 09:54:08,2026-08-01 10:00:18,34,34.4,10.368,dongdaegu,1,1,True,target_available_at_arrival,available_count>0 at panel tick nearest as_of+tmap_eta,tmap_routes
PI740524,2026-08-04 13:27:28,2026-08-04 13:41:28,2026-08-04 13:47:29,14,14.4,2.794,dongdaegu,5,5,True,target_available_at_arrival,available_count>0 at panel tick nearest as_of+tmap_eta,tmap_routes
CV001885,2026-08-07 15:22:28,2026-08-07 16:02:28,2026-08-07 16:02:32,40,39.5,13.367,dongdaegu,3,2,True,target_available_at_arrival,available_count>0 at panel tick nearest as_of+tmap_eta,tmap_routes
CV004116,2026-08-05 10:21:30,2026-08-05 10:34:30,2026-08-05 10:41:33,13,13.2,2.245,dongdaegu,10,10,True,target_available_at_arrival,available_count>0 at panel tick nearest as_of+tmap_eta,tmap_routes
EV004924,2026-08-02 03:16:29,2026-08-02 04:03:29,2026-08-02 04:06:37,47,46.7,9.487,dongdaegu,1,1,True,target_available_at_arrival,available_count>0 at panel tick nearest as_of+tmap_eta,tmap_routes
CV003464,2026-08-04 14:47:32,2026-08-04 15:14:32,2026-08-04 15:17:34,27,27.0,5.866,dongdaegu,1,1,True,target_available_at_arrival,available_count>0 at panel tick nearest as_of+tmap_eta,tmap_routes
PW000296,2026-08-01 23:22:59,2026-08-01 23:40:59,2026-08-01 23:43:01,18,18.3,4.495,dongdaegu,1,1,True,target_available_at_arrival,available_count>0 at panel tick nearest as_of+tmap_eta,tmap_routes
CV002144,2026-08-01 22:32:53,2026-08-01 23:17:53,2026-08-01 23:22:59,45,44.6,9.399,dongdaegu,3,1,True,target_available_at_arrival,available_count>0 at panel tick nearest as_of+tmap_eta,tmap_routes
CV003124,2026-08-04 08:27:06,2026-08-04 08:36:06,2026-08-04 08:37:07,9,8.6,0.993,dongdaegu,1,1,True,target_available_at_arrival,available_count>0 at panel tick nearest as_of+tmap_eta,tmap_routes
CV001904,2026-07-29 00:26:12,2026-07-29 00:50:12,2026-07-29 00:56:14,24,23.9,6.982,dongdaegu,2,2,True,target_available_at_arrival,available_count>0 at panel tick nearest as_of+tmap_eta,tmap_routes
CV000559,2026-07-18 15:50:46,2026-07-18 16:16:46,2026-07-18 16:20:47,26,25.9,4.657,dongdaegu,1,1,True,target_available_at_arrival,available_count>0 at panel tick nearest as_of+tmap_eta,tmap_routes
EV006225,2026-08-04 18:27:47,2026-08-04 19:05:47,2026-08-04 19:07:50,38,37.6,13.391,dongdaegu,2,2,True,target_available_at_arrival,available_count>0 at panel tick nearest as_of+tmap_eta,tmap_routes
PW014280,2026-08-04 16:47:41,2026-08-04 17:22:41,2026-08-04 17:27:43,35,34.7,12.73,dongdaegu,3,3,True,target_available_at_arrival,available_count>0 at panel tick nearest as_of+tmap_eta,tmap_routes
CV001121,2026-07-23 13:32:47,2026-07-23 14:02:47,2026-07-23 14:02:53,30,29.7,8.333,dongdaegu,1,1,True,target_available_at_arrival,available_count>0 at panel tick nearest as_of+tmap_eta,tmap_routes
SF002795,2026-08-02 16:38:39,2026-08-02 16:52:39,2026-08-02 16:58:42,14,14.1,4.044,dongdaegu,3,3,True,target_available_at_arrival,available_count>0 at panel tick nearest as_of+tmap_eta,tmap_routes
HE240383,2026-08-08 04:07:17,2026-08-08 05:10:17,2026-08-08 05:17:22,63,62.8,24.74,dongdaegu,5,5,True,target_available_at_arrival,available_count>0 at panel tick nearest as_of+tmap_eta,tmap_routes
CV004116,2026-08-04 21:28:00,2026-08-04 21:41:00,2026-08-04 21:48:03,13,13.2,2.245,dongdaegu,9,11,True,target_available_at_arrival,available_count>0 at panel tick nearest as_of+tmap_eta,tmap_routes
ME19E217,2026-07-30 17:27:04,2026-07-30 17:54:04,2026-07-30 17:57:08,27,26.8,6.823,dongdaegu,1,1,True,target_available_at_arrival,available_count>0 at panel tick nearest as_of+tmap_eta,tmap_routes
EV005963,2026-08-07 13:42:14,2026-08-07 14:26:14,2026-08-07 14:32:17,44,44.5,15.209,dongdaegu,6,6,True,target_available_at_arrival,available_count>0 at panel tick nearest as_of+tmap_eta,tmap_routes
HW000702,2026-08-03 12:22:39,2026-08-03 13:15:39,2026-08-03 13:22:42,53,53.2,25.508,dongdaegu,1,1,True,target_available_at_arrival,available_count>0 at panel tick nearest as_of+tmap_eta,tmap_routes
SF002913,2026-07-23 12:27:28,2026-07-23 12:42:28,2026-07-23 12:42:31,15,15.2,3.084,dongdaegu,2,2,True,target_available_at_arrival,available_count>0 at panel tick nearest as_of+tmap_eta,tmap_routes
HW000501,2026-08-04 03:56:53,2026-08-04 04:14:53,2026-08-04 04:16:53,18,17.9,3.428,dongdaegu,4,4,True,target_available_at_arrival,available_count>0 at panel tick nearest as_of+tmap_eta,tmap_routes
ME19E139,2026-08-05 02:31:03,2026-08-05 03:38:03,2026-08-05 03:41:05,67,66.8,33.463,dongdaegu,1,1,True,target_available_at_arrival,available_count>0 at panel tick nearest as_of+tmap_eta,tmap_routes
CV003428,2026-07-28 04:28:44,2026-07-28 04:47:44,2026-07-28 04:48:46,19,18.9,3.756,dongdaegu,1,1,True,target_available_at_arrival,available_count>0 at panel tick nearest as_of+tmap_eta,tmap_routes
CV002570,2026-07-26 18:49:27,2026-07-26 19:09:27,2026-07-26 19:09:30,20,19.7,3.538,dongdaegu,3,2,True,target_available_at_arrival,available_count>0 at panel tick nearest as_of+tmap_eta,tmap_routes
EV005229,2026-07-23 11:21:55,2026-07-23 11:39:55,2026-07-23 11:41:59,18,17.8,3.927,dongdaegu,3,3,True,target_available_at_arrival,available_count>0 at panel tick nearest as_of+tmap_eta,tmap_routes
ST601139,2026-08-08 05:37:23,2026-08-08 06:04:23,2026-08-08 06:07:24,27,27.2,4.663,dongdaegu,2,2,True,target_available_at_arrival,available_count>0 at panel tick nearest as_of+tmap_eta,tmap_routes
NT100595,2026-08-05 04:01:06,2026-08-05 04:30:06,2026-08-05 04:31:07,29,29.3,9.579,dongdaegu,2,2,True,target_available_at_arrival,available_count>0 at panel tick nearest as_of+tmap_eta,tmap_routes
AZ100022,2026-08-02 12:07:52,2026-08-02 13:05:52,2026-08-02 13:08:04,58,57.6,25.0,dongdaegu,1,1,True,target_available_at_arrival,available_count>0 at panel tick nearest as_of+tmap_eta,tmap_routes
NT101559,2026-07-31 23:36:15,2026-08-01 00:00:15,2026-08-01 00:06:21,24,24.4,7.069,dongdaegu,2,2,True,target_available_at_arrival,available_count>0 at panel tick nearest as_of+tmap_eta,tmap_routes
PC000553,2026-08-02 12:58:03,2026-08-02 13:15:03,2026-08-02 13:18:05,17,17.2,2.96,dongdaegu,1,1,True,target_available_at_arrival,available_count>0 at panel tick nearest as_of+tmap_eta,tmap_routes
PI530277,2026-07-29 05:56:57,2026-07-29 06:33:57,2026-07-29 06:37:08,37,37.4,11.179,dongdaegu,2,2,True,target_available_at_arrival,available_count>0 at panel tick nearest as_of+tmap_eta,tmap_routes
CV000566,2026-08-05 12:11:41,2026-08-05 12:50:41,2026-08-05 12:51:43,39,38.8,17.91,dongdaegu,1,2,True,target_available_at_arrival,available_count>0 at panel tick nearest as_of+tmap_eta,tmap_routes
ST271103,2026-07-30 03:53:25,2026-07-30 04:16:25,2026-07-30 04:23:33,23,22.9,3.497,dongdaegu,1,1,True,target_available_at_arrival,available_count>0 at panel tick nearest as_of+tmap_eta,tmap_routes
PIH00573,2026-08-02 14:58:26,2026-08-02 15:18:26,2026-08-02 15:18:28,20,20.4,3.842,dongdaegu,2,2,True,target_available_at_arrival,available_count>0 at panel tick nearest as_of+tmap_eta,tmap_routes
PI740289,2026-08-08 07:57:31,2026-08-08 08:15:31,2026-08-08 08:17:32,18,18.3,2.75,dongdaegu,2,2,True,target_available_at_arrival,available_count>0 at panel tick nearest as_of+tmap_eta,tmap_routes
ST601240,2026-07-29 07:27:19,2026-07-29 07:50:19,2026-07-29 07:57:27,23,22.6,6.109,dongdaegu,2,2,True,target_available_at_arrival,available_count>0 at panel tick nearest as_of+tmap_eta,tmap_routes
ME18C251,2026-08-07 14:42:17,2026-08-07 15:36:17,2026-08-07 15:42:31,54,54.4,23.023,dongdaegu,2,2,True,target_available_at_arrival,available_count>0 at panel tick nearest as_of+tmap_eta,tmap_routes
CV001219,2026-08-06 12:26:19,2026-08-06 12:40:19,2026-08-06 12:46:20,14,14.0,2.364,dongdaegu,1,1,True,target_available_at_arrival,available_count>0 at panel tick nearest as_of+tmap_eta,tmap_routes
CV003786,2026-07-22 12:39:51,2026-07-22 13:03:51,2026-07-22 13:09:57,24,23.6,4.545,dongdaegu,1,1,True,target_available_at_arrival,available_count>0 at panel tick nearest as_of+tmap_eta,tmap_routes
ME21B301,2026-07-26 15:59:05,2026-07-26 16:34:05,2026-07-26 16:39:09,35,34.6,12.022,dongdaegu,1,1,True,target_available_at_arrival,available_count>0 at panel tick nearest as_of+tmap_eta,tmap_routes
ME18C177,2026-08-02 13:48:13,2026-08-02 14:45:13,2026-08-02 14:48:25,57,57.1,32.73,dongdaegu,1,1,True,target_available_at_arrival,available_count>0 at panel tick nearest as_of+tmap_eta,tmap_routes
ME183077,2026-08-05 03:01:04,2026-08-05 04:07:04,2026-08-05 04:11:06,66,65.8,23.536,dongdaegu,1,1,True,target_available_at_arrival,available_count>0 at panel tick nearest as_of+tmap_eta,tmap_routes
ST277202,2026-08-01 08:19:55,2026-08-01 09:07:55,2026-08-01 09:10:06,48,47.9,35.88,dongdaegu,3,3,True,target_available_at_arrival,available_count>0 at panel tick nearest as_of+tmap_eta,tmap_routes
EV001238,2026-08-04 18:47:48,2026-08-04 19:05:48,2026-08-04 19:07:50,18,18.4,2.831,dongdaegu,1,1,True,target_available_at_arrival,available_count>0 at panel tick nearest as_of+tmap_eta,tmap_routes
EV007657,2026-07-25 17:54:07,2026-07-25 18:34:07,2026-07-25 18:34:12,40,39.7,10.96,dongdaegu,1,1,True,target_available_at_arrival,available_count>0 at panel tick nearest as_of+tmap_eta,tmap_routes
KP002189,2026-08-06 03:45:49,2026-08-06 04:00:49,2026-08-06 04:05:50,15,15.4,3.325,dongdaegu,2,2,True,target_available_at_arrival,available_count>0 at panel tick nearest as_of+tmap_eta,tmap_routes
PC000603,2026-08-04 10:57:17,2026-08-04 11:25:17,2026-08-04 11:27:23,28,28.1,8.922,dongdaegu,1,1,True,target_available_at_arrival,available_count>0 at panel tick nearest as_of+tmap_eta,tmap_routes
PC000306,2026-07-27 17:25:06,2026-07-27 18:04:06,2026-07-27 18:05:13,39,39.1,12.302,dongdaegu,6,6,True,target_available_at_arrival,available_count>0 at panel tick nearest as_of+tmap_eta,tmap_routes
CV002115,2026-08-05 18:22:08,2026-08-05 18:52:08,2026-08-05 18:52:10,30,29.8,9.615,dongdaegu,4,3,True,target_available_at_arrival,available_count>0 at panel tick nearest as_of+tmap_eta,tmap_routes
CV003122,2026-08-02 12:58:03,2026-08-02 13:17:03,2026-08-02 13:18:05,19,19.2,1.934,dongdaegu,1,1,True,target_available_at_arrival,available_count>0 at panel tick nearest as_of+tmap_eta,tmap_routes
HY000896,2026-07-31 17:45:05,2026-07-31 18:18:05,2026-07-31 18:25:12,33,32.8,9.291,dongdaegu,4,4,True,target_available_at_arrival,available_count>0 at panel tick nearest as_of+tmap_eta,tmap_routes
CV003139,2026-07-27 04:42:41,2026-07-27 05:08:41,2026-07-27 05:12:44,26,26.4,8.714,dongdaegu,2,3,True,target_available_at_arrival,available_count>0 at panel tick nearest as_of+tmap_eta,tmap_routes
PC000206,2026-08-01 22:32:53,2026-08-01 23:09:53,2026-08-01 23:12:58,37,37.4,11.796,dongdaegu,1,1,True,target_available_at_arrival,available_count>0 at panel tick nearest as_of+tmap_eta,tmap_routes
ME24B142,2026-08-04 15:47:36,2026-08-04 16:22:36,2026-08-04 16:27:38,35,35.0,11.205,dongdaegu,1,0,False,target_available_at_arrival,available_count>0 at panel tick nearest as_of+tmap_eta,tmap_routes
LU100968,2026-08-04 12:47:26,2026-08-04 13:00:26,2026-08-04 13:07:27,13,12.8,0.497,dongdaegu,1,1,True,target_available_at_arrival,available_count>0 at panel tick nearest as_of+tmap_eta,tmap_routes
HM710062,2026-08-04 20:47:56,2026-08-04 21:07:56,2026-08-04 21:07:59,20,20.1,2.189,dongdaegu,2,2,True,target_available_at_arrival,available_count>0 at panel tick nearest as_of+tmap_eta,tmap_routes
PIH02017,2026-08-07 07:11:35,2026-08-07 07:51:35,2026-08-07 07:51:40,40,39.5,14.443,dongdaegu,1,1,True,target_available_at_arrival,available_count>0 at panel tick nearest as_of+tmap_eta,tmap_routes
CV000701,2026-07-24 09:37:13,2026-07-24 10:22:13,2026-07-24 10:27:21,45,44.6,14.992,dongdaegu,1,1,True,target_available_at_arrival,available_count>0 at panel tick nearest as_of+tmap_eta,tmap_routes
DC530024,2026-07-23 04:03:26,2026-07-23 04:22:26,2026-07-23 04:23:32,19,18.9,3.851,dongdaegu,1,1,True,target_available_at_arrival,available_count>0 at panel tick nearest as_of+tmap_eta,tmap_routes
CV004302,2026-08-04 13:47:29,2026-08-04 14:14:29,2026-08-04 14:17:31,27,27.2,6.116,dongdaegu,1,1,True,target_available_at_arrival,available_count>0 at panel tick nearest as_of+tmap_eta,tmap_routes
GS000055,2026-08-06 09:56:12,2026-08-06 10:24:12,2026-08-06 10:26:13,28,27.8,8.549,dongdaegu,2,2,True,target_available_at_arrival,available_count>0 at panel tick nearest as_of+tmap_eta,tmap_routes
SF003198,2026-07-21 15:42:33,2026-07-21 16:08:33,2026-07-21 16:12:48,26,26.4,10.221,dongdaegu,3,3,True,target_available_at_arrival,available_count>0 at panel tick nearest as_of+tmap_eta,tmap_routes
CV000519,2026-08-03 14:12:46,2026-08-03 14:38:46,2026-08-03 14:42:48,26,25.8,5.074,dongdaegu,1,0,False,target_available_at_arrival,available_count>0 at panel tick nearest as_of+tmap_eta,tmap_routes
CV004116,2026-07-28 03:18:35,2026-07-28 03:31:35,2026-07-28 03:38:38,13,13.2,2.245,dongdaegu,10,11,True,target_available_at_arrival,available_count>0 at panel tick nearest as_of+tmap_eta,tmap_routes
PC001321,2026-08-04 11:07:17,2026-08-04 11:31:17,2026-08-04 11:37:23,24,24.2,8.909,dongdaegu,2,2,True,target_available_at_arrival,available_count>0 at panel tick nearest as_of+tmap_eta,tmap_routes
PI540129,2026-07-30 20:37:47,2026-07-30 21:35:47,2026-07-30 21:37:57,58,57.6,25.116,dongdaegu,1,1,True,target_available_at_arrival,available_count>0 at panel tick nearest as_of+tmap_eta,tmap_routes
PIH01804,2026-07-23 09:00:25,2026-07-23 09:18:25,2026-07-23 09:20:40,18,17.8,3.532,dongdaegu,2,2,True,target_available_at_arrival,available_count>0 at panel tick nearest as_of+tmap_eta,tmap_routes
ME20C182,2026-07-30 01:43:05,2026-07-30 02:12:05,2026-07-30 02:13:07,29,28.9,5.93,dongdaegu,1,1,True,target_available_at_arrival,available_count>0 at panel tick nearest as_of+tmap_eta,tmap_routes
CV003127,2026-08-02 00:03:03,2026-08-02 00:33:03,2026-08-02 00:35:57,30,29.6,6.467,dongdaegu,1,1,True,target_available_at_arrival,available_count>0 at panel tick nearest as_of+tmap_eta,tmap_routes
CV000503,2026-07-23 13:22:44,2026-07-23 13:55:44,2026-07-23 13:57:52,33,32.9,10.327,dongdaegu,1,1,True,target_available_at_arrival,available_count>0 at panel tick nearest as_of+tmap_eta,tmap_routes
PI700593,2026-08-03 19:03:50,2026-08-03 19:23:50,2026-08-03 19:23:52,20,20.1,4.863,dongdaegu,1,0,False,target_available_at_arrival,available_count>0 at panel tick nearest as_of+tmap_eta,tmap_routes
ME19C130,2026-07-28 11:30:08,2026-07-28 12:37:08,2026-07-28 12:40:49,67,66.8,43.953,dongdaegu,1,0,False,target_available_at_arrival,available_count>0 at panel tick nearest as_of+tmap_eta,tmap_routes
PL033630,2026-08-04 00:16:41,2026-08-04 00:32:41,2026-08-04 00:36:42,16,15.7,2.058,dongdaegu,2,2,True,target_available_at_arrival,available_count>0 at panel tick nearest as_of+tmap_eta,tmap_routes
HY000657,2026-07-31 15:33:23,2026-07-31 15:54:23,2026-07-31 15:54:39,21,20.7,3.745,dongdaegu,2,2,True,target_available_at_arrival,available_count>0 at panel tick nearest as_of+tmap_eta,tmap_routes
CV003097,2026-07-22 14:00:03,2026-07-22 14:16:03,2026-07-22 14:20:04,16,16.4,2.12,dongdaegu,2,2,True,target_available_at_arrival,available_count>0 at panel tick nearest as_of+tmap_eta,tmap_routes
PI750070,2026-07-25 07:57:50,2026-07-25 08:15:50,2026-07-25 08:16:03,18,18.3,3.62,dongdaegu,1,1,True,target_available_at_arrival,available_count>0 at panel tick nearest as_of+tmap_eta,tmap_routes
PIS00525,2026-07-19 16:01:17,2026-07-19 16:42:17,2026-07-19 16:46:21,41,40.6,20.445,dongdaegu,1,2,True,target_available_at_arrival,available_count>0 at panel tick nearest as_of+tmap_eta,tmap_routes
CV003041,2026-08-07 14:12:16,2026-08-07 14:36:16,2026-08-07 14:42:17,24,24.3,7.564,dongdaegu,19,19,True,target_available_at_arrival,available_count>0 at panel tick nearest as_of+tmap_eta,tmap_routes
CV000512,2026-07-28 06:29:02,2026-07-28 06:49:02,2026-07-28 06:49:05,20,20.0,5.082,dongdaegu,1,1,True,target_available_at_arrival,available_count>0 at panel tick nearest as_of+tmap_eta,tmap_routes
CV000810,2026-08-05 11:01:34,2026-08-05 11:17:34,2026-08-05 11:21:36,16,15.9,3.65,dongdaegu,1,1,True,target_available_at_arrival,available_count>0 at panel tick nearest as_of+tmap_eta,tmap_routes
ME178137,2026-08-05 06:21:11,2026-08-05 07:18:11,2026-08-05 07:21:16,57,57.0,22.407,dongdaegu,2,1,True,target_available_at_arrival,available_count>0 at panel tick nearest as_of+tmap_eta,tmap_routes
PI740264,2026-07-30 14:46:08,2026-07-30 15:30:08,2026-07-30 15:36:38,44,43.5,15.169,dongdaegu,1,1,True,target_available_at_arrival,available_count>0 at panel tick nearest as_of+tmap_eta,tmap_routes
CV000670,2026-07-27 14:44:40,2026-07-27 15:18:40,2026-07-27 15:24:46,34,34.3,10.214,dongdaegu,1,1,True,target_available_at_arrival,available_count>0 at panel tick nearest as_of+tmap_eta,tmap_routes
PI701108,2026-08-02 03:46:34,2026-08-02 04:16:34,2026-08-02 04:16:37,30,30.1,9.416,dongdaegu,3,3,True,target_available_at_arrival,available_count>0 at panel tick nearest as_of+tmap_eta,tmap_routes
ME18C147,2026-08-06 11:26:16,2026-08-06 12:32:16,2026-08-06 12:36:20,66,65.8,31.609,dongdaegu,1,1,True,target_available_at_arrival,available_count>0 at panel tick nearest as_of+tmap_eta,tmap_routes
SF002638,2026-07-28 15:11:38,2026-07-28 15:26:38,2026-07-28 15:31:41,15,14.9,2.122,dongdaegu,1,1,True,target_available_at_arrival,available_count>0 at panel tick nearest as_of+tmap_eta,tmap_routes
CV004698,2026-07-30 00:42:59,2026-07-30 01:00:59,2026-07-30 01:03:01,18,18.4,2.885,dongdaegu,2,2,True,target_available_at_arrival,available_count>0 at panel tick nearest as_of+tmap_eta,tmap_routes
CV003132,2026-08-02 11:37:47,2026-08-02 12:10:47,2026-08-02 12:17:53,33,32.7,11.251,dongdaegu,1,1,True,target_available_at_arrival,available_count>0 at panel tick nearest as_of+tmap_eta,tmap_routes
CV002348,2026-08-05 13:11:44,2026-08-05 13:56:44,2026-08-05 14:01:47,45,45.2,15.52,dongdaegu,9,7,True,target_available_at_arrival,available_count>0 at panel tick nearest as_of+tmap_eta,tmap_routes
DC530012,2026-08-06 03:15:48,2026-08-06 03:41:48,2026-08-06 03:45:49,26,26.5,4.462,dongdaegu,5,5,True,target_available_at_arrival,available_count>0 at panel tick nearest as_of+tmap_eta,tmap_routes
CV001208,2026-08-07 15:22:28,2026-08-07 16:02:28,2026-08-07 16:02:32,40,40.1,7.766,dongdaegu,1,1,True,target_available_at_arrival,available_count>0 at panel tick nearest as_of+tmap_eta,tmap_routes
PIS00588,2026-08-07 17:32:38,2026-08-07 18:27:38,2026-08-07 18:32:47,55,55.0,9.555,dongdaegu,4,4,True,target_available_at_arrival,available_count>0 at panel tick nearest as_of+tmap_eta,tmap_routes
PI306105,2026-08-04 12:47:26,2026-08-04 13:00:26,2026-08-04 13:07:27,13,13.3,2.325,dongdaegu,5,5,True,target_available_at_arrival,available_count>0 at panel tick nearest as_of+tmap_eta,tmap_routes
KE000360,2026-08-01 15:51:37,2026-08-01 16:37:37,2026-08-01 16:41:55,46,46.5,15.594,dongdaegu,2,2,True,target_available_at_arrival,available_count>0 at panel tick nearest as_of+tmap_eta,tmap_routes
EV008163,2026-08-01 02:39:11,2026-08-01 03:17:11,2026-08-01 03:19:16,38,37.7,10.328,dongdaegu,1,1,True,target_available_at_arrival,available_count>0 at panel tick nearest as_of+tmap_eta,tmap_routes
PI740242,2026-07-26 13:48:45,2026-07-26 14:02:45,2026-07-26 14:08:48,14,13.5,2.008,dongdaegu,1,1,True,target_available_at_arrival,available_count>0 at panel tick nearest as_of+tmap_eta,tmap_routes
ME18C229,2026-08-06 15:16:34,2026-08-06 16:09:34,2026-08-06 16:16:38,53,52.9,43.083,dongdaegu,1,1,True,target_available_at_arrival,available_count>0 at panel tick nearest as_of+tmap_eta,tmap_routes
DC530018,2026-07-24 08:14:27,2026-07-24 08:26:27,2026-07-24 08:26:54,12,11.8,1.16,dongdaegu,6,6,True,target_available_at_arrival,available_count>0 at panel tick nearest as_of+tmap_eta,tmap_routes
CV003565,2026-07-30 14:25:58,2026-07-30 14:52:58,2026-07-30 14:56:24,27,26.6,7.173,dongdaegu,3,3,True,target_available_at_arrival,available_count>0 at panel tick nearest as_of+tmap_eta,tmap_routes
PIS00555,2026-08-06 23:07:18,2026-08-06 23:25:18,2026-08-06 23:27:19,18,17.9,1.225,dongdaegu,8,8,True,target_available_at_arrival,available_count>0 at panel tick nearest as_of+tmap_eta,tmap_routes
KP002184,2026-08-07 11:02:04,2026-08-07 11:31:04,2026-08-07 11:32:05,29,28.6,8.977,dongdaegu,1,1,True,target_available_at_arrival,available_count>0 at panel tick nearest as_of+tmap_eta,tmap_routes
PI740250,2026-08-04 18:27:47,2026-08-04 18:51:47,2026-08-04 18:57:49,24,23.5,5.437,dongdaegu,3,3,True,target_available_at_arrival,available_count>0 at panel tick nearest as_of+tmap_eta,tmap_routes
KP005644,2026-07-30 23:18:10,2026-07-30 23:31:10,2026-07-30 23:38:12,13,12.8,1.502,dongdaegu,4,4,True,target_available_at_arrival,available_count>0 at panel tick nearest as_of+tmap_eta,tmap_routes
PI721980,2026-08-07 18:52:48,2026-08-07 19:07:48,2026-08-07 19:12:50,15,14.7,3.613,dongdaegu,3,3,True,target_available_at_arrival,available_count>0 at panel tick nearest as_of+tmap_eta,tmap_routes
ST600274,2026-08-07 02:01:19,2026-08-07 02:36:19,2026-08-07 02:41:20,35,35.3,17.509,dongdaegu,1,1,True,target_available_at_arrival,available_count>0 at panel tick nearest as_of+tmap_eta,tmap_routes
HM710062,2026-08-03 01:41:58,2026-08-03 02:01:58,2026-08-03 02:01:59,20,20.1,2.189,dongdaegu,2,2,True,target_available_at_arrival,available_count>0 at panel tick nearest as_of+tmap_eta,tmap_routes
PI530278,2026-08-03 18:43:49,2026-08-03 19:39:49,2026-08-03 19:43:53,56,55.5,26.206,dongdaegu,7,7,True,target_available_at_arrival,available_count>0 at panel tick nearest as_of+tmap_eta,tmap_routes
PW012368,2026-07-30 17:57:08,2026-07-30 18:25:08,2026-07-30 18:27:22,28,28.5,10.054,dongdaegu,2,2,True,target_available_at_arrival,available_count>0 at panel tick nearest as_of+tmap_eta,tmap_routes
CV003258,2026-07-27 01:42:23,2026-07-27 02:36:23,2026-07-27 02:42:28,54,53.9,40.599,dongdaegu,3,3,True,target_available_at_arrival,available_count>0 at panel tick nearest as_of+tmap_eta,tmap_routes
ME183065,2026-08-01 11:40:41,2026-08-01 12:14:41,2026-08-01 12:20:51,34,34.4,10.368,dongdaegu,1,1,True,target_available_at_arrival,available_count>0 at panel tick nearest as_of+tmap_eta,tmap_routes
SF001110,2026-07-29 21:40:08,2026-07-29 22:04:08,2026-07-29 22:10:14,24,24.3,4.267,dongdaegu,1,1,True,target_available_at_arrival,available_count>0 at panel tick nearest as_of+tmap_eta,tmap_routes
DC530005,2026-07-24 08:04:20,2026-07-24 08:30:20,2026-07-24 08:36:56,26,25.8,4.529,dongdaegu,1,1,True,target_available_at_arrival,available_count>0 at panel tick nearest as_of+tmap_eta,tmap_routes
LU002535,2026-07-31 10:52:40,2026-07-31 11:20:40,2026-07-31 11:22:43,28,28.4,10.33,dongdaegu,1,1,True,target_available_at_arrival,available_count>0 at panel tick nearest as_of+tmap_eta,tmap_routes
EV012411,2026-08-03 20:33:56,2026-08-03 21:03:56,2026-08-03 21:03:58,30,29.9,6.418,dongdaegu,2,1,True,target_available_at_arrival,available_count>0 at panel tick nearest as_of+tmap_eta,tmap_routes
PI530278,2026-07-28 00:58:22,2026-07-28 01:54:22,2026-07-28 01:58:28,56,55.5,26.206,dongdaegu,3,4,True,target_available_at_arrival,available_count>0 at panel tick nearest as_of+tmap_eta,tmap_routes
TS272301,2026-08-04 19:07:50,2026-08-04 19:26:50,2026-08-04 19:27:51,19,19.3,3.204,dongdaegu,1,1,True,target_available_at_arrival,available_count>0 at panel tick nearest as_of+tmap_eta,tmap_routes
PI530303,2026-08-01 21:22:45,2026-08-01 21:48:45,2026-08-01 21:52:49,26,25.5,6.41,dongdaegu,2,3,True,target_available_at_arrival,available_count>0 at panel tick nearest as_of+tmap_eta,tmap_routes
EV005710,2026-08-06 14:16:27,2026-08-06 14:51:27,2026-08-06 14:56:29,35,34.8,9.721,dongdaegu,3,3,True,target_available_at_arrival,available_count>0 at panel tick nearest as_of+tmap_eta,tmap_routes
ME183077,2026-07-25 07:56:39,2026-07-25 09:02:39,2026-07-25 09:03:46,66,65.8,23.536,dongdaegu,1,1,True,target_available_at_arrival,available_count>0 at panel tick nearest as_of+tmap_eta,tmap_routes
CV000891,2026-07-20 11:44:55,2026-07-20 12:43:55,2026-07-20 12:45:01,59,58.9,26.194,dongdaegu,1,1,True,target_available_at_arrival,available_count>0 at panel tick nearest as_of+tmap_eta,tmap_routes
CV004491,2026-08-01 09:40:15,2026-08-01 10:08:15,2026-08-01 10:10:28,28,28.4,5.02,dongdaegu,1,1,True,target_available_at_arrival,available_count>0 at panel tick nearest as_of+tmap_eta,tmap_routes
CV001129,2026-08-01 23:22:59,2026-08-01 23:56:59,2026-08-02 00:03:03,34,34.5,13.349,dongdaegu,2,2,True,target_available_at_arrival,available_count>0 at panel tick nearest as_of+tmap_eta,tmap_routes
EV008138,2026-08-06 12:26:19,2026-08-06 12:46:19,2026-08-06 12:46:20,20,19.9,1.724,dongdaegu,2,2,True,target_available_at_arrival,available_count>0 at panel tick nearest as_of+tmap_eta,tmap_routes
CV002689,2026-07-27 21:26:06,2026-07-27 22:20:06,2026-07-27 22:26:13,54,54.3,31.501,dongdaegu,4,4,True,target_available_at_arrival,available_count>0 at panel tick nearest as_of+tmap_eta,tmap_routes
CU530007,2026-07-27 19:55:43,2026-07-27 20:21:43,2026-07-27 20:25:50,26,25.5,9.004,dongdaegu,2,2,True,target_available_at_arrival,available_count>0 at panel tick nearest as_of+tmap_eta,tmap_routes
PIS00565,2026-08-01 21:32:46,2026-08-01 21:56:46,2026-08-01 22:02:50,24,24.1,9.01,dongdaegu,6,5,True,target_available_at_arrival,available_count>0 at panel tick nearest as_of+tmap_eta,tmap_routes
HW000494,2026-08-04 02:16:49,2026-08-04 02:43:49,2026-08-04 02:46:50,27,26.6,7.426,dongdaegu,1,1,True,target_available_at_arrival,available_count>0 at panel tick nearest as_of+tmap_eta,tmap_routes
CV003185,2026-08-05 16:01:56,2026-08-05 16:31:56,2026-08-05 16:31:58,30,30.1,9.788,dongdaegu,7,6,True,target_available_at_arrival,available_count>0 at panel tick nearest as_of+tmap_eta,tmap_routes
KP005376,2026-08-05 03:21:05,2026-08-05 04:16:05,2026-08-05 04:21:07,55,55.1,40.252,dongdaegu,1,1,True,target_available_at_arrival,available_count>0 at panel tick nearest as_of+tmap_eta,tmap_routes
PIH00519,2026-08-06 00:02:32,2026-08-06 00:12:32,2026-08-06 00:15:41,10,10.4,1.897,dongdaegu,1,1,True,target_available_at_arrival,available_count>0 at panel tick nearest as_of+tmap_eta,tmap_routes
ST272606,2026-08-05 09:41:24,2026-08-05 09:56:24,2026-08-05 10:01:25,15,14.8,1.237,dongdaegu,3,3,True,target_available_at_arrival,available_count>0 at panel tick nearest as_of+tmap_eta,tmap_routes
CV000906,2026-08-06 03:05:47,2026-08-06 03:13:47,2026-08-06 03:15:48,8,7.7,1.201,dongdaegu,1,1,True,target_available_at_arrival,available_count>0 at panel tick nearest as_of+tmap_eta,tmap_routes
EV008140,2026-08-06 16:46:39,2026-08-06 17:04:39,2026-08-06 17:06:41,18,17.8,1.688,dongdaegu,3,3,True,target_available_at_arrival,available_count>0 at panel tick nearest as_of+tmap_eta,tmap_routes
PI122336,2026-08-01 12:40:53,2026-08-01 13:23:53,2026-08-01 13:31:15,43,43.4,15.158,dongdaegu,1,1,True,target_available_at_arrival,available_count>0 at panel tick nearest as_of+tmap_eta,tmap_routes
CV003042,2026-07-28 09:29:40,2026-07-28 10:05:40,2026-07-28 10:09:47,36,35.9,8.808,dongdaegu,1,1,True,target_available_at_arrival,available_count>0 at panel tick nearest as_of+tmap_eta,tmap_routes
HE192214,2026-08-01 00:06:21,2026-08-01 00:37:21,2026-08-01 00:38:59,31,31.4,12.067,dongdaegu,1,1,True,target_available_at_arrival,available_count>0 at panel tick nearest as_of+tmap_eta,tmap_routes
EV005514,2026-08-05 10:01:25,2026-08-05 10:51:25,2026-08-05 10:51:34,50,50.2,13.655,dongdaegu,1,1,True,target_available_at_arrival,available_count>0 at panel tick nearest as_of+tmap_eta,tmap_routes
EV012548,2026-07-24 17:38:44,2026-07-24 17:45:44,2026-07-24 17:48:46,7,7.4,0.969,dongdaegu,1,1,True,target_available_at_arrival,available_count>0 at panel tick nearest as_of+tmap_eta,tmap_routes
CV002516,2026-08-04 05:46:57,2026-08-04 06:46:57,2026-08-04 06:46:59,60,59.5,26.011,dongdaegu,2,2,True,target_available_at_arrival,available_count>0 at panel tick nearest as_of+tmap_eta,tmap_routes
EV006497,2026-07-26 18:19:23,2026-07-26 18:58:23,2026-07-26 18:59:28,39,39.0,10.915,dongdaegu,2,2,True,target_available_at_arrival,available_count>0 at panel tick nearest as_of+tmap_eta,tmap_routes
CV000406,2026-08-02 23:29:32,2026-08-03 00:04:32,2026-08-03 00:09:34,35,35.3,7.809,dongdaegu,1,1,True,target_available_at_arrival,available_count>0 at panel tick nearest as_of+tmap_eta,tmap_routes
CV002099,2026-07-31 17:35:04,2026-07-31 18:04:04,2026-07-31 18:05:08,29,28.6,9.096,dongdaegu,3,3,True,target_available_at_arrival,available_count>0 at panel tick nearest as_of+tmap_eta,tmap_routes
PI718662,2026-08-03 04:02:04,2026-08-03 04:09:04,2026-08-03 04:12:04,7,7.3,1.737,dongdaegu,2,2,True,target_available_at_arrival,available_count>0 at panel tick nearest as_of+tmap_eta,tmap_routes
CV003535,2026-07-31 02:30:56,2026-07-31 02:50:56,2026-07-31 02:51:01,20,20.0,3.631,dongdaegu,6,6,True,target_available_at_arrival,available_count>0 at panel tick nearest as_of+tmap_eta,tmap_routes
CV000504,2026-07-31 19:05:25,2026-07-31 19:33:25,2026-07-31 19:35:33,28,28.4,8.106,dongdaegu,2,2,True,target_available_at_arrival,available_count>0 at panel tick nearest as_of+tmap_eta,tmap_routes
GS000055,2026-08-07 00:31:15,2026-08-07 00:59:15,2026-08-07 01:01:17,28,27.8,8.549,dongdaegu,2,2,True,target_available_at_arrival,available_count>0 at panel tick nearest as_of+tmap_eta,tmap_routes
ME19X413,2026-07-23 14:48:04,2026-07-23 15:22:04,2026-07-23 15:23:27,34,34.4,11.991,dongdaegu,5,5,True,target_available_at_arrival,available_count>0 at panel tick nearest as_of+tmap_eta,tmap_routes
ME183055,2026-08-02 08:47:19,2026-08-02 09:27:19,2026-08-02 09:27:25,40,40.0,13.395,dongdaegu,1,1,True,target_available_at_arrival,available_count>0 at panel tick nearest as_of+tmap_eta,tmap_routes
CV003117,2026-08-01 22:32:53,2026-08-01 23:21:53,2026-08-01 23:22:59,49,48.7,17.255,dongdaegu,1,1,True,target_available_at_arrival,available_count>0 at panel tick nearest as_of+tmap_eta,tmap_routes
CU530011,2026-07-23 01:42:54,2026-07-23 01:58:54,2026-07-23 02:02:58,16,15.6,2.998,dongdaegu,3,3,True,target_available_at_arrival,available_count>0 at panel tick nearest as_of+tmap_eta,tmap_routes
EV008163,2026-08-07 21:53:16,2026-08-07 22:31:16,2026-08-07 22:33:21,38,37.7,10.328,dongdaegu,2,1,True,target_available_at_arrival,available_count>0 at panel tick nearest as_of+tmap_eta,tmap_routes
CV001972,2026-08-07 06:01:32,2026-08-07 06:17:32,2026-08-07 06:21:33,16,15.9,2.727,dongdaegu,1,1,True,target_available_at_arrival,available_count>0 at panel tick nearest as_of+tmap_eta,tmap_routes
ME19X404,2026-08-01 08:39:58,2026-08-01 09:03:58,2026-08-01 09:10:06,24,23.7,7.894,dongdaegu,6,6,True,target_available_at_arrival,available_count>0 at panel tick nearest as_of+tmap_eta,tmap_routes
ME183062,2026-07-24 00:21:19,2026-07-24 00:59:19,2026-07-24 01:01:39,38,38.3,13.119,dongdaegu,1,1,True,target_available_at_arrival,available_count>0 at panel tick nearest as_of+tmap_eta,tmap_routes
KE001518,2026-08-07 00:31:15,2026-08-07 01:21:15,2026-08-07 01:21:17,50,50.4,31.245,dongdaegu,1,1,True,target_available_at_arrival,available_count>0 at panel tick nearest as_of+tmap_eta,tmap_routes
CV003078,2026-08-04 17:27:43,2026-08-04 18:22:43,2026-08-04 18:27:47,55,54.9,26.032,dongdaegu,1,1,True,target_available_at_arrival,available_count>0 at panel tick nearest as_of+tmap_eta,tmap_routes
ST600274,2026-08-08 02:47:13,2026-08-08 03:22:13,2026-08-08 03:27:16,35,35.3,17.509,dongdaegu,1,1,True,target_available_at_arrival,available_count>0 at panel tick nearest as_of+tmap_eta,tmap_routes
PI740231,2026-08-07 20:13:04,2026-08-07 20:19:04,2026-08-07 20:23:07,6,5.8,0.622,dongdaegu,1,1,True,target_available_at_arrival,available_count>0 at panel tick nearest as_of+tmap_eta,tmap_routes
NT101499,2026-07-25 22:54:49,2026-07-25 23:33:49,2026-07-25 23:34:55,39,39.0,10.787,dongdaegu,1,1,True,target_available_at_arrival,available_count>0 at panel tick nearest as_of+tmap_eta,tmap_routes
KP000230,2026-08-05 21:22:25,2026-08-05 21:36:25,2026-08-05 21:42:26,14,13.8,2.881,dongdaegu,2,2,True,target_available_at_arrival,available_count>0 at panel tick nearest as_of+tmap_eta,tmap_routes
ME20C187,2026-08-03 06:32:12,2026-08-03 07:27:12,2026-08-03 07:32:15,55,54.6,26.572,dongdaegu,1,1,True,target_available_at_arrival,available_count>0 at panel tick nearest as_of+tmap_eta,tmap_routes
TS271405,2026-08-03 17:23:00,2026-08-03 17:41:00,2026-08-03 17:43:45,18,17.6,3.579,dongdaegu,1,1,True,target_available_at_arrival,available_count>0 at panel tick nearest as_of+tmap_eta,tmap_routes
ST272307,2026-07-23 07:39:31,2026-07-23 08:05:31,2026-07-23 08:09:42,26,25.8,8.297,dongdaegu,2,2,True,target_available_at_arrival,available_count>0 at panel tick nearest as_of+tmap_eta,tmap_routes
EV004402,2026-08-06 20:37:02,2026-08-06 21:14:02,2026-08-06 21:17:09,37,37.4,11.986,dongdaegu,3,3,True,target_available_at_arrival,available_count>0 at panel tick nearest as_of+tmap_eta,tmap_routes
CV002348,2026-07-31 07:32:03,2026-07-31 08:17:03,2026-07-31 08:22:20,45,45.2,15.52,dongdaegu,6,10,True,target_available_at_arrival,available_count>0 at panel tick nearest as_of+tmap_eta,tmap_routes
ME183071,2026-07-29 03:46:36,2026-07-29 04:24:36,2026-07-29 04:26:42,38,37.8,12.564,dongdaegu,1,1,True,target_available_at_arrival,available_count>0 at panel tick nearest as_of+tmap_eta,tmap_routes
CV001492,2026-08-04 15:07:33,2026-08-04 16:01:33,2026-08-04 16:07:37,54,54.3,30.993,dongdaegu,2,2,True,target_available_at_arrival,available_count>0 at panel tick nearest as_of+tmap_eta,tmap_routes
PI740229,2026-08-05 03:01:04,2026-08-05 03:07:04,2026-08-05 03:11:04,6,5.5,0.716,dongdaegu,1,1,True,target_available_at_arrival,available_count>0 at panel tick nearest as_of+tmap_eta,tmap_routes
CV000556,2026-08-03 22:34:05,2026-08-03 23:14:05,2026-08-03 23:14:07,40,40.5,11.691,dongdaegu,1,1,True,target_available_at_arrival,available_count>0 at panel tick nearest as_of+tmap_eta,tmap_routes
HE240512,2026-08-03 09:02:24,2026-08-03 09:31:24,2026-08-03 09:32:27,29,29.2,9.227,dongdaegu,4,4,True,target_available_at_arrival,available_count>0 at panel tick nearest as_of+tmap_eta,tmap_routes
LU002360,2026-08-01 23:43:01,2026-08-02 00:20:01,2026-08-02 00:25:56,37,37.4,13.555,dongdaegu,2,2,True,target_available_at_arrival,available_count>0 at panel tick nearest as_of+tmap_eta,tmap_routes
PC000442,2026-07-28 02:58:34,2026-07-28 03:25:34,2026-07-28 03:28:37,27,27.2,5.475,dongdaegu,1,1,True,target_available_at_arrival,available_count>0 at panel tick nearest as_of+tmap_eta,tmap_routes
PI121974,2026-08-06 20:57:05,2026-08-06 21:14:05,2026-08-06 21:17:09,17,16.7,3.199,dongdaegu,10,10,True,target_available_at_arrival,available_count>0 at panel tick nearest as_of+tmap_eta,tmap_routes
KL001990,2026-08-01 18:52:17,2026-08-01 19:10:17,2026-08-01 19:12:19,18,17.8,2.838,dongdaegu,1,1,True,target_available_at_arrival,available_count>0 at panel tick nearest as_of+tmap_eta,tmap_routes
PI530293,2026-07-24 18:49:06,2026-07-24 19:15:06,2026-07-24 19:19:10,26,26.1,6.024,dongdaegu,1,1,True,target_available_at_arrival,available_count>0 at panel tick nearest as_of+tmap_eta,tmap_routes
UP491145,2026-07-27 00:00:08,2026-07-27 00:27:08,2026-07-27 00:32:17,27,26.8,8.306,dongdaegu,1,1,True,target_available_at_arrival,available_count>0 at panel tick nearest as_of+tmap_eta,tmap_routes
EO000005,2026-07-28 16:32:17,2026-07-28 17:10:17,2026-07-28 17:12:31,38,38.0,9.744,dongdaegu,2,0,False,target_available_at_arrival,available_count>0 at panel tick nearest as_of+tmap_eta,tmap_routes
KP005769,2026-08-03 17:33:43,2026-08-03 18:03:43,2026-08-03 18:03:46,30,29.7,9.957,dongdaegu,1,1,True,target_available_at_arrival,available_count>0 at panel tick nearest as_of+tmap_eta,tmap_routes
ME19C130,2026-08-06 12:26:19,2026-08-06 13:33:19,2026-08-06 13:36:25,67,66.8,43.953,dongdaegu,1,1,True,target_available_at_arrival,available_count>0 at panel tick nearest as_of+tmap_eta,tmap_routes
EC270006,2026-08-05 19:12:11,2026-08-05 19:51:11,2026-08-05 19:52:19,39,39.0,10.358,dongdaegu,2,2,True,target_available_at_arrival,available_count>0 at panel tick nearest as_of+tmap_eta,tmap_routes
CV001308,2026-08-08 07:17:27,2026-08-08 08:03:27,2026-08-08 08:07:32,46,46.1,16.696,dongdaegu,4,4,True,target_available_at_arrival,available_count>0 at panel tick nearest as_of+tmap_eta,tmap_routes
PI740229,2026-07-26 12:08:33,2026-07-26 12:14:33,2026-07-26 12:18:34,6,5.5,0.716,dongdaegu,1,1,True,target_available_at_arrival,available_count>0 at panel tick nearest as_of+tmap_eta,tmap_routes
ME19W401,2026-07-27 07:53:20,2026-07-27 08:47:20,2026-07-27 08:53:30,54,53.5,31.956,dongdaegu,8,8,True,target_available_at_arrival,available_count>0 at panel tick nearest as_of+tmap_eta,tmap_routes
RE000181,2026-08-05 11:01:34,2026-08-05 11:27:34,2026-08-05 11:31:39,26,25.7,4.925,dongdaegu,2,2,True,target_available_at_arrival,available_count>0 at panel tick nearest as_of+tmap_eta,tmap_routes
CV001314,2026-07-27 15:34:47,2026-07-27 16:29:47,2026-07-27 16:34:56,55,55.4,31.478,dongdaegu,2,1,True,target_available_at_arrival,available_count>0 at panel tick nearest as_of+tmap_eta,tmap_routes
EV006228,2026-07-30 18:17:11,2026-07-30 18:55:11,2026-07-30 18:57:30,38,37.6,13.391,dongdaegu,1,1,True,target_available_at_arrival,available_count>0 at panel tick nearest as_of+tmap_eta,tmap_routes
CV000678,2026-08-03 16:32:57,2026-08-03 17:30:57,2026-08-03 17:33:43,58,58.0,26.591,dongdaegu,6,6,True,target_available_at_arrival,available_count>0 at panel tick nearest as_of+tmap_eta,tmap_routes
ST601097,2026-07-26 23:00:02,2026-07-26 23:26:02,2026-07-26 23:30:06,26,25.5,5.493,dongdaegu,1,1,True,target_available_at_arrival,available_count>0 at panel tick nearest as_of+tmap_eta,tmap_routes
ME24A243,2026-07-19 16:16:19,2026-07-19 17:10:19,2026-07-19 17:16:23,54,54.0,40.6,dongdaegu,2,2,True,target_available_at_arrival,available_count>0 at panel tick nearest as_of+tmap_eta,tmap_routes
LU001880,2026-08-01 14:51:29,2026-08-01 15:21:29,2026-08-01 15:21:33,30,30.2,9.246,dongdaegu,3,2,True,target_available_at_arrival,available_count>0 at panel tick nearest as_of+tmap_eta,tmap_routes
PI740172,2026-08-01 08:39:58,2026-08-01 08:47:58,2026-08-01 08:50:02,8,8.3,1.966,dongdaegu,2,2,True,target_available_at_arrival,available_count>0 at panel tick nearest as_of+tmap_eta,tmap_routes
CV002394,2026-08-08 04:27:18,2026-08-08 05:00:18,2026-08-08 05:07:22,33,33.3,13.237,dongdaegu,2,4,True,target_available_at_arrival,available_count>0 at panel tick nearest as_of+tmap_eta,tmap_routes
IN053082,2026-08-05 03:51:06,2026-08-05 04:30:06,2026-08-05 04:31:07,39,39.1,13.086,dongdaegu,13,12,True,target_available_at_arrival,available_count>0 at panel tick nearest as_of+tmap_eta,tmap_routes
KL002703,2026-08-07 09:11:51,2026-08-07 09:38:51,2026-08-07 09:41:53,27,27.1,9.036,dongdaegu,1,1,True,target_available_at_arrival,available_count>0 at panel tick nearest as_of+tmap_eta,tmap_routes
PI067893,2026-08-03 10:02:30,2026-08-03 10:17:30,2026-08-03 10:22:31,15,15.2,2.28,dongdaegu,1,1,True,target_available_at_arrival,available_count>0 at panel tick nearest as_of+tmap_eta,tmap_routes
ME183067,2026-08-06 03:25:48,2026-08-06 03:50:48,2026-08-06 03:55:49,25,24.9,5.762,dongdaegu,1,1,True,target_available_at_arrival,available_count>0 at panel tick nearest as_of+tmap_eta,tmap_routes
ME24B142,2026-08-04 16:07:37,2026-08-04 16:42:37,2026-08-04 16:47:41,35,35.0,11.205,dongdaegu,1,0,False,target_available_at_arrival,available_count>0 at panel tick nearest as_of+tmap_eta,tmap_routes
EV003987,2026-07-21 16:42:51,2026-07-21 17:15:51,2026-07-21 17:23:13,33,32.6,10.296,dongdaegu,3,3,True,target_available_at_arrival,available_count>0 at panel tick nearest as_of+tmap_eta,tmap_routes
CV003079,2026-07-23 13:52:51,2026-07-23 14:08:51,2026-07-23 14:12:55,16,16.3,3.908,dongdaegu,1,1,True,target_available_at_arrival,available_count>0 at panel tick nearest as_of+tmap_eta,tmap_routes
CV001973,2026-07-26 02:17:01,2026-07-26 02:25:01,2026-07-26 02:27:02,8,8.0,1.02,dongdaegu,2,2,True,target_available_at_arrival,available_count>0 at panel tick nearest as_of+tmap_eta,tmap_routes
PIS00550,2026-07-28 00:58:22,2026-07-28 01:04:22,2026-07-28 01:08:23,6,6.3,0.388,dongdaegu,30,30,True,target_available_at_arrival,available_count>0 at panel tick nearest as_of+tmap_eta,tmap_routes
CV003121,2026-07-27 08:03:22,2026-07-27 08:37:22,2026-07-27 08:43:28,34,34.3,6.023,dongdaegu,1,1,True,target_available_at_arrival,available_count>0 at panel tick nearest as_of+tmap_eta,tmap_routes
ME19C403,2026-07-25 16:23:55,2026-07-25 16:49:55,2026-07-25 16:53:59,26,26.0,8.922,dongdaegu,2,2,True,target_available_at_arrival,available_count>0 at panel tick nearest as_of+tmap_eta,tmap_routes
AZ100020,2026-08-04 15:57:36,2026-08-04 16:10:36,2026-08-04 16:17:37,13,13.0,1.321,dongdaegu,2,2,True,target_available_at_arrival,available_count>0 at panel tick nearest as_of+tmap_eta,tmap_routes
CV000630,2026-07-27 12:23:59,2026-07-27 12:39:59,2026-07-27 12:44:06,16,16.5,2.193,dongdaegu,1,1,True,target_available_at_arrival,available_count>0 at panel tick nearest as_of+tmap_eta,tmap_routes
PI701108,2026-07-25 11:44:30,2026-07-25 12:14:30,2026-07-25 12:14:34,30,30.1,9.416,dongdaegu,2,2,True,target_available_at_arrival,available_count>0 at panel tick nearest as_of+tmap_eta,tmap_routes
CV002950,2026-07-23 14:48:04,2026-07-23 15:40:04,2026-07-23 15:43:31,52,52.4,40.004,dongdaegu,2,2,True,target_available_at_arrival,available_count>0 at panel tick nearest as_of+tmap_eta,tmap_routes
KP002182,2026-08-02 07:17:02,2026-08-02 07:32:02,2026-08-02 07:37:07,15,15.0,2.363,dongdaegu,5,5,True,target_available_at_arrival,available_count>0 at panel tick nearest as_of+tmap_eta,tmap_routes
SF003065,2026-07-28 03:08:35,2026-07-28 03:24:35,2026-07-28 03:28:37,16,15.7,3.983,dongdaegu,1,1,True,target_available_at_arrival,available_count>0 at panel tick nearest as_of+tmap_eta,tmap_routes
PI306105,2026-08-04 20:17:54,2026-08-04 20:30:54,2026-08-04 20:37:55,13,13.3,2.325,dongdaegu,5,4,True,target_available_at_arrival,available_count>0 at panel tick nearest as_of+tmap_eta,tmap_routes
PC001831,2026-08-06 08:56:08,2026-08-06 09:09:08,2026-08-06 09:16:09,13,12.9,2.868,dongdaegu,3,4,True,target_available_at_arrival,available_count>0 at panel tick nearest as_of+tmap_eta,tmap_routes
ME22D192,2026-07-24 04:43:05,2026-07-24 05:27:05,2026-07-24 05:28:18,44,44.5,12.379,dongdaegu,1,1,True,target_available_at_arrival,available_count>0 at panel tick nearest as_of+tmap_eta,tmap_routes
CV003786,2026-07-30 14:36:07,2026-07-30 15:00:07,2026-07-30 15:06:25,24,23.6,4.545,dongdaegu,10,10,True,target_available_at_arrival,available_count>0 at panel tick nearest as_of+tmap_eta,tmap_routes
ME18C261,2026-08-05 22:32:29,2026-08-05 23:25:29,2026-08-05 23:32:31,53,53.0,31.983,dongdaegu,2,2,True,target_available_at_arrival,available_count>0 at panel tick nearest as_of+tmap_eta,tmap_routes
ST600537,2026-08-05 19:42:19,2026-08-05 20:17:19,2026-08-05 20:22:21,35,35.3,8.786,dongdaegu,3,3,True,target_available_at_arrival,available_count>0 at panel tick nearest as_of+tmap_eta,tmap_routes
EV002287,2026-08-03 17:02:59,2026-08-03 17:38:59,2026-08-03 17:43:45,36,36.3,7.344,dongdaegu,1,1,True,target_available_at_arrival,available_count>0 at panel tick nearest as_of+tmap_eta,tmap_routes
ME18C254,2026-07-26 23:10:04,2026-07-26 23:44:04,2026-07-26 23:50:07,34,34.3,7.296,dongdaegu,2,1,True,target_available_at_arrival,available_count>0 at panel tick nearest as_of+tmap_eta,tmap_routes
KP005769,2026-07-28 16:12:12,2026-07-28 16:42:12,2026-07-28 16:42:18,30,29.7,9.957,dongdaegu,1,1,True,target_available_at_arrival,available_count>0 at panel tick nearest as_of+tmap_eta,tmap_routes
PI740113,2026-08-06 20:57:05,2026-08-06 21:21:05,2026-08-06 21:27:12,24,23.8,5.523,dongdaegu,1,2,True,target_available_at_arrival,available_count>0 at panel tick nearest as_of+tmap_eta,tmap_routes
KE001518,2026-07-30 04:13:31,2026-07-30 05:03:31,2026-07-30 05:03:40,50,50.4,31.245,dongdaegu,1,1,True,target_available_at_arrival,available_count>0 at panel tick nearest as_of+tmap_eta,tmap_routes
CV001631,2026-08-01 23:53:02,2026-08-02 00:30:02,2026-08-02 00:35:57,37,37.1,9.223,dongdaegu,2,2,True,target_available_at_arrival,available_count>0 at panel tick nearest as_of+tmap_eta,tmap_routes
CV000815,2026-07-22 14:20:04,2026-07-22 14:58:04,2026-07-22 15:00:22,38,38.0,7.181,dongdaegu,1,1,True,target_available_at_arrival,available_count>0 at panel tick nearest as_of+tmap_eta,tmap_routes
CV000039,2026-08-05 01:31:00,2026-08-05 01:48:00,2026-08-05 01:51:01,17,17.4,3.346,dongdaegu,2,2,True,target_available_at_arrival,available_count>0 at panel tick nearest as_of+tmap_eta,tmap_routes
EV008138,2026-08-07 13:52:15,2026-08-07 14:12:15,2026-08-07 14:12:16,20,19.9,1.724,dongdaegu,3,3,True,target_available_at_arrival,available_count>0 at panel tick nearest as_of+tmap_eta,tmap_routes
PIS00565,2026-08-06 05:15:52,2026-08-06 05:39:52,2026-08-06 05:45:53,24,24.1,9.01,dongdaegu,9,9,True,target_available_at_arrival,available_count>0 at panel tick nearest as_of+tmap_eta,tmap_routes
PI000131,2026-08-05 20:32:22,2026-08-05 21:12:22,2026-08-05 21:12:24,40,40.1,11.728,dongdaegu,1,1,True,target_available_at_arrival,available_count>0 at panel tick nearest as_of+tmap_eta,tmap_routes
CV002914,2026-07-28 22:43:41,2026-07-28 23:07:41,2026-07-28 23:13:45,24,24.4,8.623,dongdaegu,1,1,True,target_available_at_arrival,available_count>0 at panel tick nearest as_of+tmap_eta,tmap_routes
KP004800,2026-08-01 08:50:02,2026-08-01 09:45:02,2026-08-01 09:50:16,55,55.3,24.797,dongdaegu,1,1,True,target_available_at_arrival,available_count>0 at panel tick nearest as_of+tmap_eta,tmap_routes
PI530275,2026-08-08 09:37:37,2026-08-08 10:01:37,2026-08-08 10:07:39,24,24.2,7.702,dongdaegu,3,3,True,target_available_at_arrival,available_count>0 at panel tick nearest as_of+tmap_eta,tmap_routes
ME22C1A2,2026-07-30 03:23:20,2026-07-30 04:02:20,2026-07-30 04:03:30,39,39.2,13.424,dongdaegu,1,1,True,target_available_at_arrival,available_count>0 at panel tick nearest as_of+tmap_eta,tmap_routes
EP230165,2026-08-08 05:37:23,2026-08-08 06:11:23,2026-08-08 06:17:24,34,34.1,11.583,dongdaegu,2,1,True,target_available_at_arrival,available_count>0 at panel tick nearest as_of+tmap_eta,tmap_routes
DC530012,2026-07-17 20:54:57,2026-07-17 21:20:57,2026-07-17 21:24:59,26,26.5,4.462,dongdaegu,2,2,True,target_available_at_arrival,available_count>0 at panel tick nearest as_of+tmap_eta,tmap_routes
KL001847,2026-08-01 03:09:14,2026-08-01 03:26:14,2026-08-01 03:29:17,17,17.4,3.371,dongdaegu,2,2,True,target_available_at_arrival,available_count>0 at panel tick nearest as_of+tmap_eta,tmap_routes
ME19C403,2026-07-18 13:05:37,2026-07-18 13:31:37,2026-07-18 13:35:39,26,26.0,8.922,dongdaegu,3,2,True,target_available_at_arrival,available_count>0 at panel tick nearest as_of+tmap_eta,tmap_routes
CV001564,2026-08-02 07:47:08,2026-08-02 08:20:08,2026-08-02 08:27:16,33,32.9,9.561,dongdaegu,3,3,True,target_available_at_arrival,available_count>0 at panel tick nearest as_of+tmap_eta,tmap_routes
ST600649,2026-07-23 07:39:31,2026-07-23 07:59:31,2026-07-23 07:59:39,20,19.5,7.153,dongdaegu,2,2,True,target_available_at_arrival,available_count>0 at panel tick nearest as_of+tmap_eta,tmap_routes
KL002459,2026-07-24 04:53:10,2026-07-24 05:07:10,2026-07-24 05:08:14,14,13.9,1.914,dongdaegu,7,7,True,target_available_at_arrival,available_count>0 at panel tick nearest as_of+tmap_eta,tmap_routes
EC270008,2026-08-02 07:07:01,2026-08-02 08:02:01,2026-08-02 08:07:14,55,55.4,17.317,dongdaegu,4,3,True,target_available_at_arrival,available_count>0 at panel tick nearest as_of+tmap_eta,tmap_routes
CV003071,2026-07-18 10:20:24,2026-07-18 10:31:24,2026-07-18 10:35:25,11,11.2,1.007,dongdaegu,1,1,True,target_available_at_arrival,available_count>0 at panel tick nearest as_of+tmap_eta,tmap_routes
CV002237,2026-08-02 21:29:22,2026-08-02 21:58:22,2026-08-02 21:59:26,29,29.3,9.265,dongdaegu,3,3,True,target_available_at_arrival,available_count>0 at panel tick nearest as_of+tmap_eta,tmap_routes
LU101255,2026-07-29 01:46:18,2026-07-29 02:01:18,2026-07-29 02:06:21,15,15.0,0.469,dongdaegu,3,3,True,target_available_at_arrival,available_count>0 at panel tick nearest as_of+tmap_eta,tmap_routes
EV005838,2026-08-06 08:56:08,2026-08-06 09:22:08,2026-08-06 09:26:10,26,25.7,7.322,dongdaegu,2,2,True,target_available_at_arrival,available_count>0 at panel tick nearest as_of+tmap_eta,tmap_routes
PIS00549,2026-08-04 15:17:34,2026-08-04 15:52:34,2026-08-04 15:57:36,35,34.7,10.454,dongdaegu,4,3,True,target_available_at_arrival,available_count>0 at panel tick nearest as_of+tmap_eta,tmap_routes
HW000477,2026-07-31 06:11:39,2026-07-31 06:31:39,2026-07-31 06:31:41,20,20.0,3.203,dongdaegu,2,2,True,target_available_at_arrival,available_count>0 at panel tick nearest as_of+tmap_eta,tmap_routes
DC530017,2026-07-22 22:40:21,2026-07-22 23:12:21,2026-07-22 23:15:35,32,31.8,9.87,dongdaegu,1,1,True,target_available_at_arrival,available_count>0 at panel tick nearest as_of+tmap_eta,tmap_routes
EV006616,2026-07-29 07:57:27,2026-07-29 08:35:27,2026-07-29 08:37:42,38,37.6,13.391,dongdaegu,1,1,True,target_available_at_arrival,available_count>0 at panel tick nearest as_of+tmap_eta,tmap_routes
CV004510,2026-07-26 14:28:51,2026-07-26 14:57:51,2026-07-26 14:58:55,29,29.4,6.162,dongdaegu,1,1,True,target_available_at_arrival,available_count>0 at panel tick nearest as_of+tmap_eta,tmap_routes
PIS00594,2026-08-04 21:48:03,2026-08-04 22:25:03,2026-08-04 22:28:05,37,37.1,13.531,dongdaegu,14,12,True,target_available_at_arrival,available_count>0 at panel tick nearest as_of+tmap_eta,tmap_routes
EV007657,2026-07-30 13:35:43,2026-07-30 14:15:43,2026-07-30 14:15:57,40,39.7,10.96,dongdaegu,2,2,True,target_available_at_arrival,available_count>0 at panel tick nearest as_of+tmap_eta,tmap_routes
ST277109,2026-08-01 06:59:42,2026-08-01 07:35:42,2026-08-01 07:39:49,36,35.6,12.799,dongdaegu,2,2,True,target_available_at_arrival,available_count>0 at panel tick nearest as_of+tmap_eta,tmap_routes
EP220264,2026-07-24 19:59:18,2026-07-24 20:35:18,2026-07-24 20:39:26,36,35.6,11.349,dongdaegu,1,1,True,target_available_at_arrival,available_count>0 at panel tick nearest as_of+tmap_eta,tmap_routes
EV005350,2026-07-27 17:15:05,2026-07-27 17:54:05,2026-07-27 17:55:11,39,39.1,12.479,dongdaegu,1,1,True,target_available_at_arrival,available_count>0 at panel tick nearest as_of+tmap_eta,tmap_routes
EV005710,2026-07-23 09:20:40,2026-07-23 09:55:40,2026-07-23 09:56:02,35,34.8,9.721,dongdaegu,1,1,True,target_available_at_arrival,available_count>0 at panel tick nearest as_of+tmap_eta,tmap_routes
JA270008,2026-08-03 16:12:52,2026-08-03 16:32:52,2026-08-03 16:32:57,20,20.5,4.637,dongdaegu,17,17,True,target_available_at_arrival,available_count>0 at panel tick nearest as_of+tmap_eta,tmap_routes
NT101614,2026-07-31 23:46:16,2026-08-01 00:18:16,2026-08-01 00:18:55,32,31.6,11.211,dongdaegu,2,2,True,target_available_at_arrival,available_count>0 at panel tick nearest as_of+tmap_eta,tmap_routes
CV003181,2026-07-24 05:13:15,2026-07-24 05:37:15,2026-07-24 05:38:20,24,24.5,5.641,dongdaegu,1,1,True,target_available_at_arrival,available_count>0 at panel tick nearest as_of+tmap_eta,tmap_routes
CV000567,2026-07-30 21:37:57,2026-07-30 22:06:57,2026-07-30 22:08:00,29,28.6,4.444,dongdaegu,1,1,True,target_available_at_arrival,available_count>0 at panel tick nearest as_of+tmap_eta,tmap_routes
CV003141,2026-07-27 04:42:41,2026-07-27 05:29:41,2026-07-27 05:32:45,47,46.7,21.256,dongdaegu,2,2,True,target_available_at_arrival,available_count>0 at panel tick nearest as_of+tmap_eta,tmap_routes
CV000558,2026-08-07 09:51:56,2026-08-07 09:58:56,2026-08-07 10:01:56,7,7.2,1.25,dongdaegu,1,1,True,target_available_at_arrival,available_count>0 at panel tick nearest as_of+tmap_eta,tmap_routes
CV003454,2026-07-30 12:15:19,2026-07-30 12:31:19,2026-07-30 12:35:22,16,16.1,3.323,dongdaegu,2,2,True,target_available_at_arrival,available_count>0 at panel tick nearest as_of+tmap_eta,tmap_routes
JA270004,2026-08-04 02:46:50,2026-08-04 03:19:50,2026-08-04 03:26:52,33,32.8,10.493,dongdaegu,10,10,True,target_available_at_arrival,available_count>0 at panel tick nearest as_of+tmap_eta,tmap_routes
ME18C147,2026-07-27 10:23:41,2026-07-27 11:29:41,2026-07-27 11:33:49,66,65.8,31.609,dongdaegu,1,1,True,target_available_at_arrival,available_count>0 at panel tick nearest as_of+tmap_eta,tmap_routes
KP002182,2026-07-28 23:53:52,2026-07-29 00:08:52,2026-07-29 00:16:11,15,15.0,2.363,dongdaegu,5,5,True,target_available_at_arrival,available_count>0 at panel tick nearest as_of+tmap_eta,tmap_routes
ME25C425,2026-07-26 04:07:16,2026-07-26 05:03:16,2026-07-26 05:07:22,56,55.8,26.688,dongdaegu,4,4,True,target_available_at_arrival,available_count>0 at panel tick nearest as_of+tmap_eta,tmap_routes
HE240187,2026-07-27 02:42:28,2026-07-27 03:08:28,2026-07-27 03:12:30,26,26.1,6.661,dongdaegu,4,4,True,target_available_at_arrival,available_count>0 at panel tick nearest as_of+tmap_eta,tmap_routes
CV002372,2026-07-30 09:24:36,2026-07-30 09:53:36,2026-07-30 09:54:39,29,29.2,8.209,dongdaegu,2,2,True,target_available_at_arrival,available_count>0 at panel tick nearest as_of+tmap_eta,tmap_routes
CV001308,2026-07-30 13:55:52,2026-07-30 14:41:52,2026-07-30 14:46:08,46,46.1,16.696,dongdaegu,4,4,True,target_available_at_arrival,available_count>0 at panel tick nearest as_of+tmap_eta,tmap_routes
EV006615,2026-07-27 10:33:42,2026-07-27 11:11:42,2026-07-27 11:13:47,38,37.6,13.391,dongdaegu,1,1,True,target_available_at_arrival,available_count>0 at panel tick nearest as_of+tmap_eta,tmap_routes
PI740652,2026-07-31 18:35:14,2026-07-31 19:00:14,2026-07-31 19:05:25,25,24.7,8.597,dongdaegu,2,2,True,target_available_at_arrival,available_count>0 at panel tick nearest as_of+tmap_eta,tmap_routes
SF002258,2026-07-28 06:09:00,2026-07-28 06:25:00,2026-07-28 06:29:02,16,15.8,2.742,dongdaegu,1,1,True,target_available_at_arrival,available_count>0 at panel tick nearest as_of+tmap_eta,tmap_routes
NT101931,2026-07-30 10:55:00,2026-07-30 11:33:00,2026-07-30 11:35:14,38,37.5,9.161,dongdaegu,1,1,True,target_available_at_arrival,available_count>0 at panel tick nearest as_of+tmap_eta,tmap_routes
PW015039,2026-07-25 21:54:41,2026-07-25 22:21:41,2026-07-25 22:24:46,27,27.1,7.757,dongdaegu,1,1,True,target_available_at_arrival,available_count>0 at panel tick nearest as_of+tmap_eta,tmap_routes
CV001580,2026-08-03 20:53:57,2026-08-03 21:13:57,2026-08-03 21:13:58,20,19.6,3.217,dongdaegu,1,1,True,target_available_at_arrival,available_count>0 at panel tick nearest as_of+tmap_eta,tmap_routes
SF002642,2026-07-24 12:07:38,2026-07-24 12:21:38,2026-07-24 12:27:45,14,13.8,2.135,dongdaegu,1,1,True,target_available_at_arrival,available_count>0 at panel tick nearest as_of+tmap_eta,tmap_routes
ME22D254,2026-08-02 23:09:31,2026-08-02 23:55:31,2026-08-02 23:59:33,46,46.2,13.899,dongdaegu,2,2,True,target_available_at_arrival,available_count>0 at panel tick nearest as_of+tmap_eta,tmap_routes
PI202986,2026-07-26 18:09:22,2026-07-26 18:22:22,2026-07-26 18:29:24,13,13.3,2.019,dongdaegu,1,1,True,target_available_at_arrival,available_count>0 at panel tick nearest as_of+tmap_eta,tmap_routes
PW801190,2026-08-06 08:16:01,2026-08-06 09:10:01,2026-08-06 09:16:09,54,54.1,25.446,dongdaegu,3,3,True,target_available_at_arrival,available_count>0 at panel tick nearest as_of+tmap_eta,tmap_routes
CV003483,2026-07-23 09:40:51,2026-07-23 10:08:51,2026-07-23 10:11:05,28,28.1,6.301,dongdaegu,1,1,True,target_available_at_arrival,available_count>0 at panel tick nearest as_of+tmap_eta,tmap_routes
ME22C251,2026-07-25 11:34:28,2026-07-25 12:02:28,2026-07-25 12:04:33,28,27.9,8.298,dongdaegu,1,2,True,target_available_at_arrival,available_count>0 at panel tick nearest as_of+tmap_eta,tmap_routes
CV001566,2026-08-04 09:37:11,2026-08-04 09:54:11,2026-08-04 09:57:14,17,17.3,3.217,dongdaegu,4,4,True,target_available_at_arrival,available_count>0 at panel tick nearest as_of+tmap_eta,tmap_routes
EV008884,2026-08-06 01:35:44,2026-08-06 02:05:44,2026-08-06 02:05:45,30,29.9,10.451,dongdaegu,1,1,True,target_available_at_arrival,available_count>0 at panel tick nearest as_of+tmap_eta,tmap_routes
PIS00588,2026-08-04 22:18:05,2026-08-04 23:13:05,2026-08-04 23:18:07,55,55.0,9.555,dongdaegu,1,0,False,target_available_at_arrival,available_count>0 at panel tick nearest as_of+tmap_eta,tmap_routes
PI645420,2026-07-23 02:38:07,2026-07-23 02:59:07,2026-07-23 03:03:11,21,20.7,3.89,dongdaegu,1,1,True,target_available_at_arrival,available_count>0 at panel tick nearest as_of+tmap_eta,tmap_routes
CV002201,2026-07-18 19:21:07,2026-07-18 19:45:07,2026-07-18 19:51:09,24,23.6,6.784,dongdaegu,2,2,True,target_available_at_arrival,available_count>0 at panel tick nearest as_of+tmap_eta,tmap_routes
BNBN0586,2026-07-23 14:22:57,2026-07-23 15:00:57,2026-07-23 15:03:20,38,38.5,10.312,dongdaegu,2,2,True,target_available_at_arrival,available_count>0 at panel tick nearest as_of+tmap_eta,tmap_routes
CV002516,2026-08-04 17:37:44,2026-08-04 18:37:44,2026-08-04 18:37:48,60,59.5,26.011,dongdaegu,2,3,True,target_available_at_arrival,available_count>0 at panel tick nearest as_of+tmap_eta,tmap_routes
EV007656,2026-07-23 13:22:44,2026-07-23 13:51:44,2026-07-23 13:52:51,29,29.4,8.407,dongdaegu,2,2,True,target_available_at_arrival,available_count>0 at panel tick nearest as_of+tmap_eta,tmap_routes
PI540344,2026-08-06 00:35:42,2026-08-06 01:25:42,2026-08-06 01:25:44,50,49.7,18.463,dongdaegu,1,1,True,target_available_at_arrival,available_count>0 at panel tick nearest as_of+tmap_eta,tmap_routes
PW014973,2026-07-28 02:38:32,2026-07-28 02:57:32,2026-07-28 02:58:34,19,18.7,5.5,dongdaegu,1,1,True,target_available_at_arrival,available_count>0 at panel tick nearest as_of+tmap_eta,tmap_routes
SF003187,2026-07-29 17:59:24,2026-07-29 18:29:24,2026-07-29 18:29:28,30,29.6,9.475,dongdaegu,4,4,True,target_available_at_arrival,available_count>0 at panel tick nearest as_of+tmap_eta,tmap_routes
CV000979,2026-08-01 10:20:29,2026-08-01 10:39:29,2026-08-01 10:40:31,19,19.1,5.333,dongdaegu,1,1,True,target_available_at_arrival,available_count>0 at panel tick nearest as_of+tmap_eta,tmap_routes
PC001345,2026-08-03 04:02:04,2026-08-03 04:16:04,2026-08-03 04:22:05,14,13.8,1.875,dongdaegu,3,3,True,target_available_at_arrival,available_count>0 at panel tick nearest as_of+tmap_eta,tmap_routes
NT101228,2026-07-30 23:18:10,2026-07-30 23:43:10,2026-07-30 23:48:13,25,25.2,6.875,dongdaegu,3,3,True,target_available_at_arrival,available_count>0 at panel tick nearest as_of+tmap_eta,tmap_routes
ST272920,2026-08-04 09:27:10,2026-08-04 09:57:10,2026-08-04 09:57:14,30,30.1,11.05,dongdaegu,4,4,True,target_available_at_arrival,available_count>0 at panel tick nearest as_of+tmap_eta,tmap_routes
PI740088,2026-07-27 03:12:30,2026-07-27 03:38:30,2026-07-27 03:42:33,26,26.5,9.147,dongdaegu,1,1,True,target_available_at_arrival,available_count>0 at panel tick nearest as_of+tmap_eta,tmap_routes
ST272606,2026-07-31 10:12:36,2026-07-31 10:27:36,2026-07-31 10:32:38,15,14.8,1.237,dongdaegu,4,4,True,target_available_at_arrival,available_count>0 at panel tick nearest as_of+tmap_eta,tmap_routes
PI740208,2026-07-29 04:06:40,2026-07-29 04:51:40,2026-07-29 04:56:50,45,45.0,15.233,dongdaegu,1,1,True,target_available_at_arrival,available_count>0 at panel tick nearest as_of+tmap_eta,tmap_routes
PC001321,2026-08-03 18:23:48,2026-08-03 18:47:48,2026-08-03 18:53:50,24,24.2,8.909,dongdaegu,1,1,True,target_available_at_arrival,available_count>0 at panel tick nearest as_of+tmap_eta,tmap_routes
CV001895,2026-07-26 11:38:27,2026-07-26 11:54:27,2026-07-26 11:58:32,16,15.8,3.244,dongdaegu,2,2,True,target_available_at_arrival,available_count>0 at panel tick nearest as_of+tmap_eta,tmap_routes
PC000654,2026-08-02 13:48:13,2026-08-02 14:16:13,2026-08-02 14:18:17,28,27.9,8.761,dongdaegu,3,3,True,target_available_at_arrival,available_count>0 at panel tick nearest as_of+tmap_eta,tmap_routes
EV006226,2026-08-02 11:47:49,2026-08-02 12:25:49,2026-08-02 12:27:58,38,37.6,13.391,dongdaegu,1,1,True,target_available_at_arrival,available_count>0 at panel tick nearest as_of+tmap_eta,tmap_routes
SF002605,2026-07-30 21:47:58,2026-07-30 22:21:58,2026-07-30 22:28:05,34,33.8,8.579,dongdaegu,3,3,True,target_available_at_arrival,available_count>0 at panel tick nearest as_of+tmap_eta,tmap_routes
CV003065,2026-07-29 22:50:19,2026-07-29 23:20:19,2026-07-29 23:20:23,30,29.5,12.376,dongdaegu,1,1,True,target_available_at_arrival,available_count>0 at panel tick nearest as_of+tmap_eta,tmap_routes
PI740149,2026-07-30 20:27:46,2026-07-30 20:45:46,2026-07-30 20:47:49,18,17.5,3.784,dongdaegu,2,2,True,target_available_at_arrival,available_count>0 at panel tick nearest as_of+tmap_eta,tmap_routes
KP004805,2026-08-06 19:46:54,2026-08-06 20:03:54,2026-08-06 20:06:55,17,17.0,3.654,dongdaegu,2,2,True,target_available_at_arrival,available_count>0 at panel tick nearest as_of+tmap_eta,tmap_routes
PIS00580,2026-08-02 04:36:39,2026-08-02 04:51:39,2026-08-02 04:56:42,15,15.2,2.833,dongdaegu,6,6,True,target_available_at_arrival,available_count>0 at panel tick nearest as_of+tmap_eta,tmap_routes
SF001110,2026-08-06 10:36:13,2026-08-06 11:00:13,2026-08-06 11:06:15,24,24.3,4.267,dongdaegu,1,1,True,target_available_at_arrival,available_count>0 at panel tick nearest as_of+tmap_eta,tmap_routes
CV000224,2026-08-07 23:33:24,2026-08-07 23:51:24,2026-08-07 23:53:25,18,17.5,3.322,dongdaegu,5,5,True,target_available_at_arrival,available_count>0 at panel tick nearest as_of+tmap_eta,tmap_routes
HW000477,2026-08-04 15:07:33,2026-08-04 15:27:33,2026-08-04 15:27:35,20,20.0,3.203,dongdaegu,2,2,True,target_available_at_arrival,available_count>0 at panel tick nearest as_of+tmap_eta,tmap_routes
KP004512,2026-08-01 16:01:38,2026-08-01 16:54:38,2026-08-01 17:01:58,53,52.8,33.739,dongdaegu,1,1,True,target_available_at_arrival,available_count>0 at panel tick nearest as_of+tmap_eta,tmap_routes
CV002914,2026-07-28 21:13:25,2026-07-28 21:37:25,2026-07-28 21:43:30,24,24.4,8.623,dongdaegu,1,1,True,target_available_at_arrival,available_count>0 at panel tick nearest as_of+tmap_eta,tmap_routes
EV005267,2026-08-05 09:11:23,2026-08-05 09:41:23,2026-08-05 09:41:24,30,29.6,10.5,dongdaegu,3,3,True,target_available_at_arrival,available_count>0 at panel tick nearest as_of+tmap_eta,tmap_routes
CV001489,2026-08-06 14:36:28,2026-08-06 15:11:28,2026-08-06 15:16:34,35,35.4,10.18,dongdaegu,1,1,True,target_available_at_arrival,available_count>0 at panel tick nearest as_of+tmap_eta,tmap_routes
PI530284,2026-07-30 12:35:22,2026-07-30 13:32:22,2026-07-30 13:35:43,57,57.4,25.643,dongdaegu,11,11,True,target_available_at_arrival,available_count>0 at panel tick nearest as_of+tmap_eta,tmap_routes
PC000132,2026-07-27 11:43:54,2026-07-27 12:03:54,2026-07-27 12:03:57,20,20.3,6.481,dongdaegu,1,1,True,target_available_at_arrival,available_count>0 at panel tick nearest as_of+tmap_eta,tmap_routes
ME18C264,2026-08-01 07:19:45,2026-08-01 07:47:45,2026-08-01 07:49:50,28,27.7,8.834,dongdaegu,2,2,True,target_available_at_arrival,available_count>0 at panel tick nearest as_of+tmap_eta,tmap_routes
HE240512,2026-08-06 07:35:58,2026-08-06 08:04:58,2026-08-06 08:06:00,29,29.2,9.227,dongdaegu,4,4,True,target_available_at_arrival,available_count>0 at panel tick nearest as_of+tmap_eta,tmap_routes
CV001894,2026-07-31 03:21:04,2026-07-31 03:38:04,2026-07-31 03:41:13,17,16.7,3.567,dongdaegu,2,2,True,target_available_at_arrival,available_count>0 at panel tick nearest as_of+tmap_eta,tmap_routes
CV001123,2026-07-28 18:12:53,2026-07-28 18:52:53,2026-07-28 18:53:01,40,40.0,13.364,dongdaegu,1,1,True,target_available_at_arrival,available_count>0 at panel tick nearest as_of+tmap_eta,tmap_routes
PI122336,2026-08-01 02:59:13,2026-08-01 03:42:13,2026-08-01 03:49:19,43,43.4,15.158,dongdaegu,1,1,True,target_available_at_arrival,available_count>0 at panel tick nearest as_of+tmap_eta,tmap_routes
ME18C178,2026-08-02 18:38:56,2026-08-02 18:58:56,2026-08-02 18:58:59,20,20.5,5.293,dongdaegu,1,1,True,target_available_at_arrival,available_count>0 at panel tick nearest as_of+tmap_eta,tmap_routes
DC530007,2026-08-05 05:51:10,2026-08-05 06:34:10,2026-08-05 06:41:14,43,42.9,8.561,dongdaegu,3,3,True,target_available_at_arrival,available_count>0 at panel tick nearest as_of+tmap_eta,tmap_routes
CV000896,2026-08-03 19:03:50,2026-08-03 19:47:50,2026-08-03 19:53:54,44,43.9,9.703,dongdaegu,17,17,True,target_available_at_arrival,available_count>0 at panel tick nearest as_of+tmap_eta,tmap_routes
ME18C264,2026-08-02 13:08:04,2026-08-02 13:36:04,2026-08-02 13:38:11,28,27.7,8.834,dongdaegu,2,2,True,target_available_at_arrival,available_count>0 at panel tick nearest as_of+tmap_eta,tmap_routes
EV004402,2026-08-03 00:41:56,2026-08-03 01:18:56,2026-08-03 01:21:57,37,37.4,11.986,dongdaegu,2,2,True,target_available_at_arrival,available_count>0 at panel tick nearest as_of+tmap_eta,tmap_routes
SF001849,2026-07-30 01:13:02,2026-07-30 01:28:02,2026-07-30 01:33:04,15,15.4,1.463,dongdaegu,2,2,True,target_available_at_arrival,available_count>0 at panel tick nearest as_of+tmap_eta,tmap_routes
PI740241,2026-07-30 21:57:59,2026-07-30 22:11:59,2026-07-30 22:18:02,14,13.5,2.053,dongdaegu,1,1,True,target_available_at_arrival,available_count>0 at panel tick nearest as_of+tmap_eta,tmap_routes
CV000566,2026-07-26 09:38:08,2026-07-26 10:17:08,2026-07-26 10:18:13,39,38.8,17.91,dongdaegu,1,1,True,target_available_at_arrival,available_count>0 at panel tick nearest as_of+tmap_eta,tmap_routes
CV000504,2026-07-31 13:33:00,2026-07-31 14:01:00,2026-07-31 14:03:04,28,28.4,8.106,dongdaegu,2,2,True,target_available_at_arrival,available_count>0 at panel tick nearest as_of+tmap_eta,tmap_routes
BNBN0494,2026-07-26 07:17:41,2026-07-26 08:17:41,2026-07-26 08:17:56,60,60.3,26.273,dongdaegu,3,3,True,target_available_at_arrival,available_count>0 at panel tick nearest as_of+tmap_eta,tmap_routes
EO000079,2026-07-23 13:42:49,2026-07-23 13:59:49,2026-07-23 14:02:53,17,17.4,3.431,dongdaegu,2,2,True,target_available_at_arrival,available_count>0 at panel tick nearest as_of+tmap_eta,tmap_routes
PI740068,2026-08-01 20:42:36,2026-08-01 20:58:36,2026-08-01 21:02:40,16,16.2,3.016,dongdaegu,1,1,True,target_available_at_arrival,available_count>0 at panel tick nearest as_of+tmap_eta,tmap_routes
EV008882,2026-07-31 21:55:58,2026-07-31 22:25:58,2026-07-31 22:26:06,30,30.1,10.5,dongdaegu,1,1,True,target_available_at_arrival,available_count>0 at panel tick nearest as_of+tmap_eta,tmap_routes
CU530008,2026-07-20 09:44:44,2026-07-20 10:13:44,2026-07-20 10:14:45,29,29.1,9.81,dongdaegu,4,4,True,target_available_at_arrival,available_count>0 at panel tick nearest as_of+tmap_eta,tmap_routes
KE000245,2026-08-08 01:57:09,2026-08-08 02:24:09,2026-08-08 02:27:12,27,26.6,7.893,dongdaegu,2,2,True,target_available_at_arrival,available_count>0 at panel tick nearest as_of+tmap_eta,tmap_routes
ST601240,2026-08-05 12:51:43,2026-08-05 13:14:43,2026-08-05 13:21:45,23,22.6,6.109,dongdaegu,2,2,True,target_available_at_arrival,available_count>0 at panel tick nearest as_of+tmap_eta,tmap_routes
SF002605,2026-07-26 21:29:49,2026-07-26 22:03:49,2026-07-26 22:09:55,34,33.8,8.579,dongdaegu,1,1,True,target_available_at_arrival,available_count>0 at panel tick nearest as_of+tmap_eta,tmap_routes
CV004736,2026-07-28 16:22:13,2026-07-28 17:19:13,2026-07-28 17:22:32,57,57.4,24.095,dongdaegu,1,2,True,target_available_at_arrival,available_count>0 at panel tick nearest as_of+tmap_eta,tmap_routes
CV003535,2026-07-29 13:38:34,2026-07-29 13:58:34,2026-07-29 13:58:36,20,20.0,3.631,dongdaegu,6,6,True,target_available_at_arrival,available_count>0 at panel tick nearest as_of+tmap_eta,tmap_routes
ME20C285,2026-07-30 19:37:36,2026-07-30 20:24:36,2026-07-30 20:27:46,47,46.9,14.657,dongdaegu,2,2,True,target_available_at_arrival,available_count>0 at panel tick nearest as_of+tmap_eta,tmap_routes
CV000538,2026-07-26 01:06:51,2026-07-26 01:40:51,2026-07-26 01:46:58,34,34.5,6.499,dongdaegu,1,1,True,target_available_at_arrival,available_count>0 at panel tick nearest as_of+tmap_eta,tmap_routes
EV005838,2026-07-31 19:15:30,2026-07-31 19:41:30,2026-07-31 19:45:35,26,25.7,7.322,dongdaegu,2,2,True,target_available_at_arrival,available_count>0 at panel tick nearest as_of+tmap_eta,tmap_routes
CV000501,2026-08-02 04:56:42,2026-08-02 05:19:42,2026-08-02 05:26:45,23,22.9,6.934,dongdaegu,1,1,True,target_available_at_arrival,available_count>0 at panel tick nearest as_of+tmap_eta,tmap_routes
KP002182,2026-07-26 15:39:01,2026-07-26 15:54:01,2026-07-26 15:59:05,15,15.0,2.363,dongdaegu,2,2,True,target_available_at_arrival,available_count>0 at panel tick nearest as_of+tmap_eta,tmap_routes
PI740721,2026-07-24 17:08:34,2026-07-24 17:24:34,2026-07-24 17:28:43,16,15.7,2.844,dongdaegu,1,1,True,target_available_at_arrival,available_count>0 at panel tick nearest as_of+tmap_eta,tmap_routes
CV004736,2026-08-07 01:21:17,2026-08-07 02:18:17,2026-08-07 02:21:20,57,57.4,24.095,dongdaegu,1,2,True,target_available_at_arrival,available_count>0 at panel tick nearest as_of+tmap_eta,tmap_routes
ME25C426,2026-08-03 21:23:59,2026-08-03 21:52:59,2026-08-03 21:54:00,29,28.7,8.088,dongdaegu,4,4,True,target_available_at_arrival,available_count>0 at panel tick nearest as_of+tmap_eta,tmap_routes
NT101559,2026-08-01 16:11:47,2026-08-01 16:35:47,2026-08-01 16:41:55,24,24.4,7.069,dongdaegu,2,2,True,target_available_at_arrival,available_count>0 at panel tick nearest as_of+tmap_eta,tmap_routes
KE000386,2026-08-01 07:19:45,2026-08-01 07:46:45,2026-08-01 07:49:50,27,27.0,10.39,dongdaegu,2,2,True,target_available_at_arrival,available_count>0 at panel tick nearest as_of+tmap_eta,tmap_routes
EV014736,2026-08-07 04:31:26,2026-08-07 04:41:26,2026-08-07 04:41:26,10,10.3,1.868,dongdaegu,1,1,True,target_available_at_arrival,available_count>0 at panel tick nearest as_of+tmap_eta,tmap_routes
CV000981,2026-08-05 05:41:10,2026-08-05 06:06:10,2026-08-05 06:11:11,25,25.3,6.225,dongdaegu,1,1,True,target_available_at_arrival,available_count>0 at panel tick nearest as_of+tmap_eta,tmap_routes
PI805002,2026-08-02 19:29:03,2026-08-02 19:49:03,2026-08-02 19:49:09,20,19.7,6.751,dongdaegu,2,2,True,target_available_at_arrival,available_count>0 at panel tick nearest as_of+tmap_eta,tmap_routes
CV000506,2026-08-05 18:42:09,2026-08-05 18:51:09,2026-08-05 18:52:10,9,9.0,2.041,dongdaegu,1,1,True,target_available_at_arrival,available_count>0 at panel tick nearest as_of+tmap_eta,tmap_routes
KE001518,2026-08-03 21:44:00,2026-08-03 22:34:00,2026-08-03 22:34:05,50,50.4,31.245,dongdaegu,1,1,True,target_available_at_arrival,available_count>0 at panel tick nearest as_of+tmap_eta,tmap_routes
ST272310,2026-07-22 11:09:40,2026-07-22 11:27:40,2026-07-22 11:29:43,18,18.3,3.532,dongdaegu,1,2,True,target_available_at_arrival,available_count>0 at panel tick nearest as_of+tmap_eta,tmap_routes
CV003465,2026-07-28 04:08:41,2026-07-28 04:38:41,2026-07-28 04:38:46,30,30.4,9.002,dongdaegu,1,1,True,target_available_at_arrival,available_count>0 at panel tick nearest as_of+tmap_eta,tmap_routes
TS272301,2026-08-02 15:38:31,2026-08-02 15:57:31,2026-08-02 15:58:34,19,19.3,3.204,dongdaegu,1,1,True,target_available_at_arrival,available_count>0 at panel tick nearest as_of+tmap_eta,tmap_routes
DC530007,2026-07-25 11:34:28,2026-07-25 12:17:28,2026-07-25 12:24:36,43,42.9,8.561,dongdaegu,2,2,True,target_available_at_arrival,available_count>0 at panel tick nearest as_of+tmap_eta,tmap_routes
HE240512,2026-07-26 00:46:50,2026-07-26 01:15:50,2026-07-26 01:16:55,29,29.2,9.227,dongdaegu,4,4,True,target_available_at_arrival,available_count>0 at panel tick nearest as_of+tmap_eta,tmap_routes
CV003069,2026-08-01 02:39:11,2026-08-01 02:54:11,2026-08-01 02:59:13,15,15.4,2.813,dongdaegu,1,1,True,target_available_at_arrival,available_count>0 at panel tick nearest as_of+tmap_eta,tmap_routes
KP002181,2026-08-06 15:06:33,2026-08-06 15:39:33,2026-08-06 15:46:36,33,33.0,12.761,dongdaegu,1,1,True,target_available_at_arrival,available_count>0 at panel tick nearest as_of+tmap_eta,tmap_routes
CV000981,2026-07-23 10:36:17,2026-07-23 11:01:17,2026-07-23 11:01:35,25,25.3,6.225,dongdaegu,1,1,True,target_available_at_arrival,available_count>0 at panel tick nearest as_of+tmap_eta,tmap_routes
CV003485,2026-08-06 07:56:00,2026-08-06 08:44:00,2026-08-06 08:46:06,48,48.2,16.03,dongdaegu,3,3,True,target_available_at_arrival,available_count>0 at panel tick nearest as_of+tmap_eta,tmap_routes
EV005349,2026-08-05 21:42:26,2026-08-05 22:21:26,2026-08-05 22:22:28,39,39.3,12.559,dongdaegu,7,7,True,target_available_at_arrival,available_count>0 at panel tick nearest as_of+tmap_eta,tmap_routes
EV005191,2026-07-29 20:19:54,2026-07-29 20:54:54,2026-07-29 21:00:01,35,34.7,9.647,dongdaegu,1,1,True,target_available_at_arrival,available_count>0 at panel tick nearest as_of+tmap_eta,tmap_routes
CV001973,2026-08-01 22:42:55,2026-08-01 22:50:55,2026-08-01 22:52:56,8,8.0,1.02,dongdaegu,2,2,True,target_available_at_arrival,available_count>0 at panel tick nearest as_of+tmap_eta,tmap_routes
PI802709,2026-08-01 11:30:40,2026-08-01 12:06:40,2026-08-01 12:10:44,36,35.5,12.382,dongdaegu,1,1,True,target_available_at_arrival,available_count>0 at panel tick nearest as_of+tmap_eta,tmap_routes
PC000548,2026-08-07 21:03:11,2026-08-07 21:13:11,2026-08-07 21:13:12,10,10.1,1.643,dongdaegu,25,25,True,target_available_at_arrival,available_count>0 at panel tick nearest as_of+tmap_eta,tmap_routes
PC000305,2026-07-31 17:04:57,2026-07-31 17:37:57,2026-07-31 17:45:05,33,32.8,9.814,dongdaegu,10,10,True,target_available_at_arrival,available_count>0 at panel tick nearest as_of+tmap_eta,tmap_routes
ME19E217,2026-08-06 09:06:09,2026-08-06 09:33:09,2026-08-06 09:36:10,27,26.8,6.823,dongdaegu,2,2,True,target_available_at_arrival,available_count>0 at panel tick nearest as_of+tmap_eta,tmap_routes
SF003193,2026-07-31 23:06:11,2026-07-31 23:56:11,2026-07-31 23:56:18,50,49.9,24.795,dongdaegu,25,26,True,target_available_at_arrival,available_count>0 at panel tick nearest as_of+tmap_eta,tmap_routes
PIS00588,2026-08-04 16:07:37,2026-08-04 17:02:37,2026-08-04 17:07:42,55,55.0,9.555,dongdaegu,5,5,True,target_available_at_arrival,available_count>0 at panel tick nearest as_of+tmap_eta,tmap_routes
EV008162,2026-08-08 10:27:43,2026-08-08 11:04:43,2026-08-08 11:07:45,37,37.1,10.275,dongdaegu,2,2,True,target_available_at_arrival,available_count>0 at panel tick nearest as_of+tmap_eta,tmap_routes
CV003075,2026-07-25 19:54:25,2026-07-25 20:20:25,2026-07-25 20:24:29,26,26.1,8.655,dongdaegu,1,1,True,target_available_at_arrival,available_count>0 at panel tick nearest as_of+tmap_eta,tmap_routes
PI740242,2026-08-07 08:31:47,2026-08-07 08:45:47,2026-08-07 08:51:48,14,13.5,2.008,dongdaegu,1,1,True,target_available_at_arrival,available_count>0 at panel tick nearest as_of+tmap_eta,tmap_routes
CV000039,2026-08-01 08:39:58,2026-08-01 08:56:58,2026-08-01 09:00:04,17,17.4,3.346,dongdaegu,1,1,True,target_available_at_arrival,available_count>0 at panel tick nearest as_of+tmap_eta,tmap_routes
EV014737,2026-08-05 11:21:36,2026-08-05 11:31:36,2026-08-05 11:31:39,10,10.3,1.868,dongdaegu,1,0,False,target_available_at_arrival,available_count>0 at panel tick nearest as_of+tmap_eta,tmap_routes
CV003066,2026-08-08 03:17:14,2026-08-08 03:57:14,2026-08-08 03:57:17,40,39.9,11.512,dongdaegu,1,1,True,target_available_at_arrival,available_count>0 at panel tick nearest as_of+tmap_eta,tmap_routes
CV002951,2026-07-26 18:09:22,2026-07-26 18:59:22,2026-07-26 18:59:28,50,49.6,39.256,dongdaegu,2,2,True,target_available_at_arrival,available_count>0 at panel tick nearest as_of+tmap_eta,tmap_routes
EV008162,2026-08-02 01:36:09,2026-08-02 02:13:09,2026-08-02 02:16:18,37,37.1,10.275,dongdaegu,1,1,True,target_available_at_arrival,available_count>0 at panel tick nearest as_of+tmap_eta,tmap_routes
CV003283,2026-07-27 10:23:41,2026-07-27 10:57:41,2026-07-27 11:03:46,34,33.9,8.36,dongdaegu,2,2,True,target_available_at_arrival,available_count>0 at panel tick nearest as_of+tmap_eta,tmap_routes
ME19X405,2026-07-24 13:37:53,2026-07-24 13:53:53,2026-07-24 13:58:01,16,15.6,1.87,dongdaegu,5,7,True,target_available_at_arrival,available_count>0 at panel tick nearest as_of+tmap_eta,tmap_routes
EV006616,2026-07-29 10:48:07,2026-07-29 11:26:07,2026-07-29 11:28:14,38,37.6,13.391,dongdaegu,2,2,True,target_available_at_arrival,available_count>0 at panel tick nearest as_of+tmap_eta,tmap_routes
CV000899,2026-07-28 15:01:37,2026-07-28 15:08:37,2026-07-28 15:11:38,7,6.7,0.393,dongdaegu,1,1,True,target_available_at_arrival,available_count>0 at panel tick nearest as_of+tmap_eta,tmap_routes
KP002183,2026-07-28 13:31:11,2026-07-28 13:45:11,2026-07-28 13:51:13,14,14.1,4.396,dongdaegu,2,2,True,target_available_at_arrival,available_count>0 at panel tick nearest as_of+tmap_eta,tmap_routes
SF003187,2026-08-05 16:01:56,2026-08-05 16:31:56,2026-08-05 16:31:58,30,29.6,9.475,dongdaegu,8,8,True,target_available_at_arrival,available_count>0 at panel tick nearest as_of+tmap_eta,tmap_routes
CV003570,2026-08-07 23:03:22,2026-08-07 23:20:22,2026-08-07 23:23:23,17,17.3,2.175,dongdaegu,1,1,True,target_available_at_arrival,available_count>0 at panel tick nearest as_of+tmap_eta,tmap_routes
ME20C185,2026-08-07 02:31:20,2026-08-07 03:06:20,2026-08-07 03:11:21,35,34.6,12.087,dongdaegu,1,1,True,target_available_at_arrival,available_count>0 at panel tick nearest as_of+tmap_eta,tmap_routes
CV001706,2026-08-06 20:47:05,2026-08-06 21:42:05,2026-08-06 21:47:14,55,54.8,26.617,dongdaegu,2,2,True,target_available_at_arrival,available_count>0 at panel tick nearest as_of+tmap_eta,tmap_routes
PI740456,2026-07-26 18:59:28,2026-07-26 19:16:28,2026-07-26 19:19:31,17,16.9,4.588,dongdaegu,1,1,True,target_available_at_arrival,available_count>0 at panel tick nearest as_of+tmap_eta,tmap_routes
PW000224,2026-07-31 18:05:08,2026-07-31 18:45:08,2026-07-31 18:45:19,40,40.0,9.145,dongdaegu,1,1,True,target_available_at_arrival,available_count>0 at panel tick nearest as_of+tmap_eta,tmap_routes
KP003780,2026-07-29 23:50:30,2026-07-30 00:27:30,2026-07-30 00:32:58,37,37.2,9.349,dongdaegu,1,1,True,target_available_at_arrival,available_count>0 at panel tick nearest as_of+tmap_eta,tmap_routes
PW012390,2026-08-03 18:03:46,2026-08-03 18:29:46,2026-08-03 18:33:49,26,26.0,8.161,dongdaegu,1,1,True,target_available_at_arrival,available_count>0 at panel tick nearest as_of+tmap_eta,tmap_routes
PC000654,2026-07-28 04:08:41,2026-07-28 04:36:41,2026-07-28 04:38:46,28,27.9,8.761,dongdaegu,3,3,True,target_available_at_arrival,available_count>0 at panel tick nearest as_of+tmap_eta,tmap_routes
PW014386,2026-08-05 13:21:45,2026-08-05 13:57:45,2026-08-05 14:01:47,36,36.5,13.227,dongdaegu,6,6,True,target_available_at_arrival,available_count>0 at panel tick nearest as_of+tmap_eta,tmap_routes
ST271705,2026-07-26 15:08:56,2026-07-26 15:32:56,2026-07-26 15:39:01,24,24.4,6.552,dongdaegu,1,1,True,target_available_at_arrival,available_count>0 at panel tick nearest as_of+tmap_eta,tmap_routes
CV003041,2026-08-02 13:28:10,2026-08-02 13:52:10,2026-08-02 13:58:14,24,24.3,7.564,dongdaegu,15,15,True,target_available_at_arrival,available_count>0 at panel tick nearest as_of+tmap_eta,tmap_routes
AM900026,2026-07-23 08:34:55,2026-07-23 09:02:55,2026-07-23 09:05:36,28,27.8,9.43,dongdaegu,1,1,True,target_available_at_arrival,available_count>0 at panel tick nearest as_of+tmap_eta,tmap_routes
ME19W401,2026-08-01 15:11:31,2026-08-01 16:05:31,2026-08-01 16:11:47,54,53.5,31.956,dongdaegu,6,6,True,target_available_at_arrival,available_count>0 at panel tick nearest as_of+tmap_eta,tmap_routes
PI740454,2026-08-08 07:57:31,2026-08-08 08:16:31,2026-08-08 08:17:32,19,19.2,4.511,dongdaegu,1,1,True,target_available_at_arrival,available_count>0 at panel tick nearest as_of+tmap_eta,tmap_routes
ME20C182,2026-07-28 11:50:19,2026-07-28 12:19:19,2026-07-28 12:20:36,29,28.9,5.93,dongdaegu,1,1,True,target_available_at_arrival,available_count>0 at panel tick nearest as_of+tmap_eta,tmap_routes
ST272310,2026-07-29 08:37:42,2026-07-29 08:55:42,2026-07-29 08:57:45,18,18.3,3.532,dongdaegu,10,9,True,target_available_at_arrival,available_count>0 at panel tick nearest as_of+tmap_eta,tmap_routes
CV000981,2026-07-31 08:32:22,2026-07-31 08:57:22,2026-07-31 09:02:26,25,25.3,6.225,dongdaegu,1,1,True,target_available_at_arrival,available_count>0 at panel tick nearest as_of+tmap_eta,tmap_routes
HE240383,2026-07-22 12:29:50,2026-07-22 13:32:50,2026-07-22 13:40:00,63,62.8,24.74,dongdaegu,3,3,True,target_available_at_arrival,available_count>0 at panel tick nearest as_of+tmap_eta,tmap_routes
PI740088,2026-07-23 11:21:55,2026-07-23 11:47:55,2026-07-23 11:52:13,26,26.5,9.147,dongdaegu,3,3,True,target_available_at_arrival,available_count>0 at panel tick nearest as_of+tmap_eta,tmap_routes
CV003080,2026-07-22 14:20:04,2026-07-22 15:16:04,2026-07-22 15:20:24,56,56.0,32.563,dongdaegu,1,0,False,target_available_at_arrival,available_count>0 at panel tick nearest as_of+tmap_eta,tmap_routes
KE000375,2026-07-29 17:29:20,2026-07-29 17:58:20,2026-07-29 17:59:24,29,29.2,9.751,dongdaegu,2,2,True,target_available_at_arrival,available_count>0 at panel tick nearest as_of+tmap_eta,tmap_routes
CV001002,2026-08-04 13:07:27,2026-08-04 13:25:27,2026-08-04 13:27:28,18,17.5,3.402,dongdaegu,3,3,True,target_available_at_arrival,available_count>0 at panel tick nearest as_of+tmap_eta,tmap_routes
CV000555,2026-08-03 06:02:11,2026-08-03 06:12:11,2026-08-03 06:12:11,10,9.6,1.415,dongdaegu,1,1,True,target_available_at_arrival,available_count>0 at panel tick nearest as_of+tmap_eta,tmap_routes
EV012413,2026-07-24 18:59:07,2026-07-24 19:29:07,2026-07-24 19:29:12,30,29.9,6.418,dongdaegu,2,2,True,target_available_at_arrival,available_count>0 at panel tick nearest as_of+tmap_eta,tmap_routes
EV005349,2026-08-02 03:56:34,2026-08-02 04:35:34,2026-08-02 04:36:39,39,39.3,12.559,dongdaegu,4,4,True,target_available_at_arrival,available_count>0 at panel tick nearest as_of+tmap_eta,tmap_routes
CV003096,2026-08-02 19:39:06,2026-08-02 20:09:06,2026-08-02 20:09:13,30,30.5,6.455,dongdaegu,1,0,False,target_available_at_arrival,available_count>0 at panel tick nearest as_of+tmap_eta,tmap_routes
ME18C262,2026-07-27 01:52:24,2026-07-27 02:55:24,2026-07-27 03:02:30,63,62.9,23.487,dongdaegu,2,2,True,target_available_at_arrival,available_count>0 at panel tick nearest as_of+tmap_eta,tmap_routes
PC001965,2026-07-26 06:47:38,2026-07-26 07:01:38,2026-07-26 07:07:40,14,14.5,2.68,dongdaegu,2,2,True,target_available_at_arrival,available_count>0 at panel tick nearest as_of+tmap_eta,tmap_routes
ME21E401,2026-07-23 11:36:58,2026-07-23 12:29:58,2026-07-23 12:32:29,53,52.7,31.252,dongdaegu,2,2,True,target_available_at_arrival,available_count>0 at panel tick nearest as_of+tmap_eta,tmap_routes
ME19D216,2026-07-28 01:18:24,2026-07-28 01:41:24,2026-07-28 01:48:27,23,22.9,4.76,dongdaegu,2,2,True,target_available_at_arrival,available_count>0 at panel tick nearest as_of+tmap_eta,tmap_routes
PC001513,2026-08-01 13:51:17,2026-08-01 14:08:17,2026-08-01 14:11:19,17,16.9,2.629,dongdaegu,12,12,True,target_available_at_arrival,available_count>0 at panel tick nearest as_of+tmap_eta,tmap_routes
DC530001,2026-07-23 00:52:41,2026-07-23 01:28:41,2026-07-23 01:32:48,36,35.9,10.361,dongdaegu,1,1,True,target_available_at_arrival,available_count>0 at panel tick nearest as_of+tmap_eta,tmap_routes
HM000121,2026-07-23 15:18:25,2026-07-23 15:29:25,2026-07-23 15:33:29,11,11.2,2.193,dongdaegu,2,2,True,target_available_at_arrival,available_count>0 at panel tick nearest as_of+tmap_eta,tmap_routes
EV005961,2026-07-26 17:59:20,2026-07-26 18:45:20,2026-07-26 18:49:27,46,45.5,15.14,dongdaegu,2,2,True,target_available_at_arrival,available_count>0 at panel tick nearest as_of+tmap_eta,tmap_routes
CV003064,2026-08-06 17:06:41,2026-08-06 17:34:41,2026-08-06 17:36:44,28,28.5,7.639,dongdaegu,1,1,True,target_available_at_arrival,available_count>0 at panel tick nearest as_of+tmap_eta,tmap_routes
EV005193,2026-08-03 18:03:46,2026-08-03 18:38:46,2026-08-03 18:43:49,35,35.0,9.715,dongdaegu,3,3,True,target_available_at_arrival,available_count>0 at panel tick nearest as_of+tmap_eta,tmap_routes
HM000698,2026-08-02 03:26:30,2026-08-02 04:24:30,2026-08-02 04:26:38,58,58.5,38.332,dongdaegu,1,1,True,target_available_at_arrival,available_count>0 at panel tick nearest as_of+tmap_eta,tmap_routes
PC000159,2026-07-23 06:08:58,2026-07-23 06:58:58,2026-07-23 06:59:17,50,49.6,14.896,dongdaegu,1,1,True,target_available_at_arrival,available_count>0 at panel tick nearest as_of+tmap_eta,tmap_routes
PC001315,2026-08-03 07:32:15,2026-08-03 07:57:15,2026-08-03 08:02:19,25,24.6,5.255,dongdaegu,2,2,True,target_available_at_arrival,available_count>0 at panel tick nearest as_of+tmap_eta,tmap_routes
PI530328,2026-07-29 03:16:33,2026-07-29 03:59:33,2026-07-29 04:06:40,43,42.9,10.026,dongdaegu,1,1,True,target_available_at_arrival,available_count>0 at panel tick nearest as_of+tmap_eta,tmap_routes
PIH00737,2026-07-28 15:21:39,2026-07-28 15:49:39,2026-07-28 15:52:09,28,28.1,9.346,dongdaegu,9,9,True,target_available_at_arrival,available_count>0 at panel tick nearest as_of+tmap_eta,tmap_routes
ST601139,2026-07-29 06:06:58,2026-07-29 06:33:58,2026-07-29 06:37:08,27,27.2,4.663,dongdaegu,3,3,True,target_available_at_arrival,available_count>0 at panel tick nearest as_of+tmap_eta,tmap_routes
ME18C262,2026-07-24 06:53:52,2026-07-24 07:56:52,2026-07-24 07:59:18,63,62.9,23.487,dongdaegu,2,2,True,target_available_at_arrival,available_count>0 at panel tick nearest as_of+tmap_eta,tmap_routes
DC530008,2026-07-27 04:22:39,2026-07-27 05:05:39,2026-07-27 05:12:44,43,42.8,8.536,dongdaegu,4,4,True,target_available_at_arrival,available_count>0 at panel tick nearest as_of+tmap_eta,tmap_routes
CV002139,2026-08-07 10:11:57,2026-08-07 10:24:57,2026-08-07 10:31:58,13,12.8,2.192,dongdaegu,2,2,True,target_available_at_arrival,available_count>0 at panel tick nearest as_of+tmap_eta,tmap_routes
KE000387,2026-08-04 19:17:50,2026-08-04 19:44:50,2026-08-04 19:47:53,27,26.9,10.294,dongdaegu,1,1,True,target_available_at_arrival,available_count>0 at panel tick nearest as_of+tmap_eta,tmap_routes
CV002951,2026-07-27 09:13:33,2026-07-27 10:03:33,2026-07-27 10:03:39,50,49.6,39.256,dongdaegu,2,2,True,target_available_at_arrival,available_count>0 at panel tick nearest as_of+tmap_eta,tmap_routes
DC530009,2026-07-24 14:28:06,2026-07-24 15:04:06,2026-07-24 15:08:16,36,36.1,8.473,dongdaegu,6,6,True,target_available_at_arrival,available_count>0 at panel tick nearest as_of+tmap_eta,tmap_routes
CV001129,2026-07-27 08:23:24,2026-07-27 08:57:24,2026-07-27 09:03:32,34,34.5,13.349,dongdaegu,2,2,True,target_available_at_arrival,available_count>0 at panel tick nearest as_of+tmap_eta,tmap_routes
CV001488,2026-07-23 10:26:09,2026-07-23 10:56:09,2026-07-23 10:56:34,30,30.3,7.059,dongdaegu,1,1,True,target_available_at_arrival,available_count>0 at panel tick nearest as_of+tmap_eta,tmap_routes
BE241250,2026-08-06 13:16:24,2026-08-06 14:10:24,2026-08-06 14:16:27,54,54.0,26.162,dongdaegu,2,1,True,target_available_at_arrival,available_count>0 at panel tick nearest as_of+tmap_eta,tmap_routes
LU003651,2026-08-01 11:10:38,2026-08-01 12:07:38,2026-08-01 12:10:44,57,57.2,26.562,dongdaegu,5,5,True,target_available_at_arrival,available_count>0 at panel tick nearest as_of+tmap_eta,tmap_routes
SF000279,2026-08-07 13:02:12,2026-08-07 13:20:12,2026-08-07 13:22:13,18,18.1,4.008,dongdaegu,6,6,True,target_available_at_arrival,available_count>0 at panel tick nearest as_of+tmap_eta,tmap_routes
PI740111,2026-07-29 10:58:09,2026-07-29 11:24:09,2026-07-29 11:28:14,26,25.9,5.527,dongdaegu,1,1,True,target_available_at_arrival,available_count>0 at panel tick nearest as_of+tmap_eta,tmap_routes
CU530004,2026-07-23 00:12:27,2026-07-23 00:22:27,2026-07-23 00:22:34,10,9.6,1.543,dongdaegu,1,1,True,target_available_at_arrival,available_count>0 at panel tick nearest as_of+tmap_eta,tmap_routes
CV002956,2026-08-01 05:59:31,2026-08-01 06:22:31,2026-08-01 06:29:39,23,23.3,7.169,dongdaegu,1,1,True,target_available_at_arrival,available_count>0 at panel tick nearest as_of+tmap_eta,tmap_routes
EV006615,2026-08-08 08:07:32,2026-08-08 08:45:32,2026-08-08 08:47:34,38,37.6,13.391,dongdaegu,2,2,True,target_available_at_arrival,available_count>0 at panel tick nearest as_of+tmap_eta,tmap_routes
ST600649,2026-07-27 19:55:43,2026-07-27 20:15:43,2026-07-27 20:15:49,20,19.5,7.153,dongdaegu,2,2,True,target_available_at_arrival,available_count>0 at panel tick nearest as_of+tmap_eta,tmap_routes
LU002360,2026-07-27 05:02:43,2026-07-27 05:39:43,2026-07-27 05:42:46,37,37.4,13.555,dongdaegu,1,1,True,target_available_at_arrival,available_count>0 at panel tick nearest as_of+tmap_eta,tmap_routes
PC001513,2026-08-02 02:06:16,2026-08-02 02:23:16,2026-08-02 02:26:19,17,16.9,2.629,dongdaegu,12,12,True,target_available_at_arrival,available_count>0 at panel tick nearest as_of+tmap_eta,tmap_routes
CU530004,2026-08-04 07:57:04,2026-08-04 08:07:04,2026-08-04 08:07:05,10,9.6,1.543,dongdaegu,4,4,True,target_available_at_arrival,available_count>0 at panel tick nearest as_of+tmap_eta,tmap_routes
IN053041,2026-07-19 16:16:19,2026-07-19 16:29:19,2026-07-19 16:31:20,13,12.6,0.843,dongdaegu,2,2,True,target_available_at_arrival,available_count>0 at panel tick nearest as_of+tmap_eta,tmap_routes
ME23B115,2026-07-28 20:03:16,2026-07-28 20:39:16,2026-07-28 20:43:21,36,35.7,7.443,dongdaegu,1,1,True,target_available_at_arrival,available_count>0 at panel tick nearest as_of+tmap_eta,tmap_routes
ST600336,2026-08-07 19:43:02,2026-08-07 19:49:02,2026-08-07 19:53:03,6,6.3,0.045,dongdaegu,5,5,True,target_available_at_arrival,available_count>0 at panel tick nearest as_of+tmap_eta,tmap_routes
CV000558,2026-08-01 06:39:40,2026-08-01 06:46:40,2026-08-01 06:49:41,7,7.2,1.25,dongdaegu,1,1,True,target_available_at_arrival,available_count>0 at panel tick nearest as_of+tmap_eta,tmap_routes
EV005191,2026-07-31 14:33:10,2026-07-31 15:08:10,2026-07-31 15:13:20,35,34.7,9.647,dongdaegu,3,3,True,target_available_at_arrival,available_count>0 at panel tick nearest as_of+tmap_eta,tmap_routes
EV016067,2026-08-07 12:42:09,2026-08-07 13:26:09,2026-08-07 13:32:14,44,44.4,15.001,dongdaegu,2,2,True,target_available_at_arrival,available_count>0 at panel tick nearest as_of+tmap_eta,tmap_routes
CV003146,2026-08-02 22:29:27,2026-08-02 23:14:27,2026-08-02 23:19:32,45,44.9,22.12,dongdaegu,1,1,True,target_available_at_arrival,available_count>0 at panel tick nearest as_of+tmap_eta,tmap_routes
KP002181,2026-07-29 22:20:16,2026-07-29 22:53:16,2026-07-29 23:00:20,33,33.0,12.761,dongdaegu,1,1,True,target_available_at_arrival,available_count>0 at panel tick nearest as_of+tmap_eta,tmap_routes
CV001885,2026-07-22 16:40:40,2026-07-22 17:20:40,2026-07-22 17:21:05,40,39.5,13.367,dongdaegu,3,3,True,target_available_at_arrival,available_count>0 at panel tick nearest as_of+tmap_eta,tmap_routes
SF000955,2026-07-25 11:54:31,2026-07-25 12:07:31,2026-07-25 12:14:34,13,12.6,2.022,dongdaegu,2,2,True,target_available_at_arrival,available_count>0 at panel tick nearest as_of+tmap_eta,tmap_routes
PI740231,2026-07-30 21:07:53,2026-07-30 21:13:53,2026-07-30 21:17:54,6,5.8,0.622,dongdaegu,1,1,True,target_available_at_arrival,available_count>0 at panel tick nearest as_of+tmap_eta,tmap_routes
HE001033,2026-08-04 00:56:42,2026-08-04 01:22:42,2026-08-04 01:26:43,26,26.1,6.663,dongdaegu,2,2,True,target_available_at_arrival,available_count>0 at panel tick nearest as_of+tmap_eta,tmap_routes
CV001768,2026-07-30 01:23:03,2026-07-30 02:16:03,2026-07-30 02:23:08,53,53.0,25.977,dongdaegu,7,8,True,target_available_at_arrival,available_count>0 at panel tick nearest as_of+tmap_eta,tmap_routes
KP000238,2026-08-08 10:37:43,2026-08-08 11:07:43,2026-08-08 11:07:45,30,29.6,6.864,dongdaegu,3,3,True,target_available_at_arrival,available_count>0 at panel tick nearest as_of+tmap_eta,tmap_routes
CV002915,2026-07-23 08:55:20,2026-07-23 09:27:20,2026-07-23 09:30:43,32,32.3,7.453,dongdaegu,1,1,True,target_available_at_arrival,available_count>0 at panel tick nearest as_of+tmap_eta,tmap_routes
HY000510,2026-07-29 08:27:41,2026-07-29 08:46:41,2026-07-29 08:47:43,19,19.2,4.088,dongdaegu,1,1,True,target_available_at_arrival,available_count>0 at panel tick nearest as_of+tmap_eta,tmap_routes
DC530001,2026-07-24 09:27:11,2026-07-24 10:03:11,2026-07-24 10:07:16,36,35.9,10.361,dongdaegu,1,1,True,target_available_at_arrival,available_count>0 at panel tick nearest as_of+tmap_eta,tmap_routes
JA270006,2026-07-28 06:39:04,2026-07-28 06:53:04,2026-07-28 06:59:06,14,14.1,2.934,dongdaegu,8,8,True,target_available_at_arrival,available_count>0 at panel tick nearest as_of+tmap_eta,tmap_routes
PIS00550,2026-08-05 05:01:08,2026-08-05 05:07:08,2026-08-05 05:11:09,6,6.3,0.388,dongdaegu,35,35,True,target_available_at_arrival,available_count>0 at panel tick nearest as_of+tmap_eta,tmap_routes
HW000648,2026-07-26 06:37:37,2026-07-26 07:05:37,2026-07-26 07:07:40,28,27.5,9.134,dongdaegu,1,1,True,target_available_at_arrival,available_count>0 at panel tick nearest as_of+tmap_eta,tmap_routes
EV000674,2026-07-24 07:24:05,2026-07-24 08:23:05,2026-07-24 08:26:54,59,59.0,26.331,dongdaegu,1,1,True,target_available_at_arrival,available_count>0 at panel tick nearest as_of+tmap_eta,tmap_routes
PI530330,2026-07-27 19:45:42,2026-07-27 20:01:42,2026-07-27 20:05:44,16,15.8,3.38,dongdaegu,1,1,True,target_available_at_arrival,available_count>0 at panel tick nearest as_of+tmap_eta,tmap_routes
NT100237,2026-08-07 20:13:04,2026-08-07 20:46:04,2026-08-07 20:53:09,33,32.6,10.832,dongdaegu,2,2,True,target_available_at_arrival,available_count>0 at panel tick nearest as_of+tmap_eta,tmap_routes
EV012413,2026-08-03 22:34:05,2026-08-03 23:04:05,2026-08-03 23:04:07,30,29.9,6.418,dongdaegu,4,3,True,target_available_at_arrival,available_count>0 at panel tick nearest as_of+tmap_eta,tmap_routes
CV002393,2026-08-01 20:52:38,2026-08-01 21:26:38,2026-08-01 21:32:46,34,33.7,13.337,dongdaegu,2,2,True,target_available_at_arrival,available_count>0 at panel tick nearest as_of+tmap_eta,tmap_routes
PC000270,2026-07-31 03:21:04,2026-07-31 03:47:04,2026-07-31 03:51:14,26,25.8,9.071,dongdaegu,2,2,True,target_available_at_arrival,available_count>0 at panel tick nearest as_of+tmap_eta,tmap_routes
AZ100017,2026-07-29 03:26:35,2026-07-29 04:05:35,2026-07-29 04:06:40,39,39.2,8.401,dongdaegu,6,6,True,target_available_at_arrival,available_count>0 at panel tick nearest as_of+tmap_eta,tmap_routes
CV003120,2026-08-01 23:33:00,2026-08-02 00:02:00,2026-08-02 00:03:03,29,28.6,8.931,dongdaegu,1,0,False,target_available_at_arrival,available_count>0 at panel tick nearest as_of+tmap_eta,tmap_routes
ME19C130,2026-07-24 02:52:07,2026-07-24 03:59:07,2026-07-24 04:02:51,67,66.8,43.953,dongdaegu,1,1,True,target_available_at_arrival,available_count>0 at panel tick nearest as_of+tmap_eta,tmap_routes
CV004104,2026-07-27 22:46:15,2026-07-27 23:05:15,2026-07-27 23:06:17,19,19.3,7.318,dongdaegu,15,15,True,target_available_at_arrival,available_count>0 at panel tick nearest as_of+tmap_eta,tmap_routes
PIH00153,2026-08-04 20:07:54,2026-08-04 20:43:54,2026-08-04 20:47:56,36,35.6,10.821,dongdaegu,9,9,True,target_available_at_arrival,available_count>0 at panel tick nearest as_of+tmap_eta,tmap_routes
CV001885,2026-08-02 00:25:56,2026-08-02 01:05:56,2026-08-02 01:06:02,40,39.5,13.367,dongdaegu,3,3,True,target_available_at_arrival,available_count>0 at panel tick nearest as_of+tmap_eta,tmap_routes
ME23B115,2026-07-21 09:41:00,2026-07-21 10:17:00,2026-07-21 10:21:04,36,35.7,7.443,dongdaegu,1,1,True,target_available_at_arrival,available_count>0 at panel tick nearest as_of+tmap_eta,tmap_routes
CV002163,2026-07-27 17:35:07,2026-07-27 18:02:07,2026-07-27 18:05:13,27,26.6,6.988,dongdaegu,8,8,True,target_available_at_arrival,available_count>0 at panel tick nearest as_of+tmap_eta,tmap_routes
DC530009,2026-08-03 00:21:55,2026-08-03 00:57:55,2026-08-03 01:01:57,36,36.1,8.473,dongdaegu,6,6,True,target_available_at_arrival,available_count>0 at panel tick nearest as_of+tmap_eta,tmap_routes
CV004714,2026-08-01 10:10:28,2026-08-01 10:36:28,2026-08-01 10:40:31,26,26.4,6.104,dongdaegu,3,3,True,target_available_at_arrival,available_count>0 at panel tick nearest as_of+tmap_eta,tmap_routes
CV003286,2026-08-04 20:17:54,2026-08-04 20:52:54,2026-08-04 20:57:59,35,35.0,7.378,dongdaegu,1,1,True,target_available_at_arrival,available_count>0 at panel tick nearest as_of+tmap_eta,tmap_routes
EV005837,2026-08-06 11:16:16,2026-08-06 11:42:16,2026-08-06 11:46:17,26,26.4,7.33,dongdaegu,3,3,True,target_available_at_arrival,available_count>0 at panel tick nearest as_of+tmap_eta,tmap_routes
CV004116,2026-08-07 21:23:13,2026-08-07 21:36:13,2026-08-07 21:43:16,13,13.2,2.245,dongdaegu,10,11,True,target_available_at_arrival,available_count>0 at panel tick nearest as_of+tmap_eta,tmap_routes
CV002951,2026-08-04 01:46:46,2026-08-04 02:36:46,2026-08-04 02:36:50,50,49.6,39.256,dongdaegu,2,2,True,target_available_at_arrival,available_count>0 at panel tick nearest as_of+tmap_eta,tmap_routes
PIS00556,2026-07-29 04:16:41,2026-07-29 04:43:41,2026-07-29 04:46:47,27,27.3,6.618,dongdaegu,3,3,True,target_available_at_arrival,available_count>0 at panel tick nearest as_of+tmap_eta,tmap_routes
HY000130,2026-08-07 11:12:04,2026-08-07 11:40:04,2026-08-07 11:42:06,28,28.1,9.534,dongdaegu,1,1,True,target_available_at_arrival,available_count>0 at panel tick nearest as_of+tmap_eta,tmap_routes
ME18C257,2026-08-05 23:32:31,2026-08-06 00:29:31,2026-08-06 00:35:42,57,57.2,24.092,dongdaegu,2,2,True,target_available_at_arrival,available_count>0 at panel tick nearest as_of+tmap_eta,tmap_routes
EV008152,2026-08-06 13:36:25,2026-08-06 14:02:25,2026-08-06 14:06:26,26,25.8,7.784,dongdaegu,6,6,True,target_available_at_arrival,available_count>0 at panel tick nearest as_of+tmap_eta,tmap_routes
CV003479,2026-08-06 14:46:28,2026-08-06 15:09:28,2026-08-06 15:16:34,23,22.6,6.788,dongdaegu,1,1,True,target_available_at_arrival,available_count>0 at panel tick nearest as_of+tmap_eta,tmap_routes
CV003276,2026-08-05 17:52:03,2026-08-05 18:29:03,2026-08-05 18:32:08,37,36.8,7.574,dongdaegu,2,1,True,target_available_at_arrival,available_count>0 at panel tick nearest as_of+tmap_eta,tmap_routes
KP005376,2026-07-27 14:14:29,2026-07-27 15:09:29,2026-07-27 15:14:45,55,55.1,40.252,dongdaegu,1,1,True,target_available_at_arrival,available_count>0 at panel tick nearest as_of+tmap_eta,tmap_routes
CV002995,2026-07-29 08:17:38,2026-07-29 08:41:38,2026-07-29 08:47:43,24,24.1,4.399,dongdaegu,2,2,True,target_available_at_arrival,available_count>0 at panel tick nearest as_of+tmap_eta,tmap_routes
CV002914,2026-07-28 05:28:57,2026-07-28 05:52:57,2026-07-28 05:58:59,24,24.4,8.623,dongdaegu,1,0,False,target_available_at_arrival,available_count>0 at panel tick nearest as_of+tmap_eta,tmap_routes
CV002107,2026-07-30 01:33:04,2026-07-30 01:56:04,2026-07-30 02:03:06,23,22.6,2.375,dongdaegu,1,1,True,target_available_at_arrival,available_count>0 at panel tick nearest as_of+tmap_eta,tmap_routes
PI802709,2026-07-23 13:37:48,2026-07-23 14:13:48,2026-07-23 14:17:56,36,35.5,12.382,dongdaegu,1,1,True,target_available_at_arrival,available_count>0 at panel tick nearest as_of+tmap_eta,tmap_routes
ST271103,2026-08-01 21:02:40,2026-08-01 21:25:40,2026-08-01 21:32:46,23,22.9,3.497,dongdaegu,1,1,True,target_available_at_arrival,available_count>0 at panel tick nearest as_of+tmap_eta,tmap_routes
SF000231,2026-08-07 15:52:32,2026-08-07 16:16:32,2026-08-07 16:22:33,24,23.5,3.866,dongdaegu,6,6,True,target_available_at_arrival,available_count>0 at panel tick nearest as_of+tmap_eta,tmap_routes
CV000896,2026-08-06 16:36:39,2026-08-06 17:20:39,2026-08-06 17:26:42,44,43.9,9.703,dongdaegu,17,17,True,target_available_at_arrival,available_count>0 at panel tick nearest as_of+tmap_eta,tmap_routes
CV000508,2026-07-30 13:35:43,2026-07-30 14:13:43,2026-07-30 14:15:57,38,38.4,13.599,dongdaegu,1,1,True,target_available_at_arrival,available_count>0 at panel tick nearest as_of+tmap_eta,tmap_routes
PIS00565,2026-08-08 10:07:39,2026-08-08 10:31:39,2026-08-08 10:37:43,24,24.1,9.01,dongdaegu,11,12,True,target_available_at_arrival,available_count>0 at panel tick nearest as_of+tmap_eta,tmap_routes
TDP00010,2026-07-24 13:17:51,2026-07-24 13:35:51,2026-07-24 13:37:53,18,17.7,2.955,dongdaegu,5,4,True,target_available_at_arrival,available_count>0 at panel tick nearest as_of+tmap_eta,tmap_routes
PI000126,2026-07-29 20:39:56,2026-07-29 21:16:56,2026-07-29 21:20:05,37,36.9,10.677,dongdaegu,2,2,True,target_available_at_arrival,available_count>0 at panel tick nearest as_of+tmap_eta,tmap_routes
PI722615,2026-08-02 00:35:57,2026-08-02 00:53:57,2026-08-02 00:56:01,18,18.3,3.033,dongdaegu,8,8,True,target_available_at_arrival,available_count>0 at panel tick nearest as_of+tmap_eta,tmap_routes
ST272607,2026-07-29 14:48:44,2026-07-29 15:07:44,2026-07-29 15:08:46,19,19.4,4.399,dongdaegu,1,1,True,target_available_at_arrival,available_count>0 at panel tick nearest as_of+tmap_eta,tmap_routes
CV002516,2026-07-27 00:32:17,2026-07-27 01:32:17,2026-07-27 01:32:22,60,59.5,26.011,dongdaegu,3,3,True,target_available_at_arrival,available_count>0 at panel tick nearest as_of+tmap_eta,tmap_routes
EV005963,2026-08-05 07:21:16,2026-08-05 08:05:16,2026-08-05 08:11:19,44,44.5,15.209,dongdaegu,2,3,True,target_available_at_arrival,available_count>0 at panel tick nearest as_of+tmap_eta,tmap_routes
KE000540,2026-08-05 22:12:27,2026-08-05 22:22:27,2026-08-05 22:22:28,10,10.2,1.469,dongdaegu,2,2,True,target_available_at_arrival,available_count>0 at panel tick nearest as_of+tmap_eta,tmap_routes
PC000206,2026-07-30 09:34:37,2026-07-30 10:11:37,2026-07-30 10:14:52,37,37.4,11.796,dongdaegu,1,1,True,target_available_at_arrival,available_count>0 at panel tick nearest as_of+tmap_eta,tmap_routes
CV000503,2026-07-24 18:18:58,2026-07-24 18:51:58,2026-07-24 18:59:07,33,32.9,10.327,dongdaegu,2,2,True,target_available_at_arrival,available_count>0 at panel tick nearest as_of+tmap_eta,tmap_routes
PI530307,2026-08-05 17:22:01,2026-08-05 17:47:01,2026-08-05 17:52:03,25,24.8,6.538,dongdaegu,1,1,True,target_available_at_arrival,available_count>0 at panel tick nearest as_of+tmap_eta,tmap_routes
LU100685,2026-07-24 18:59:07,2026-07-24 19:15:07,2026-07-24 19:19:10,16,16.5,3.566,dongdaegu,2,2,True,target_available_at_arrival,available_count>0 at panel tick nearest as_of+tmap_eta,tmap_routes
PI121974,2026-08-03 19:13:51,2026-08-03 19:30:51,2026-08-03 19:33:52,17,16.7,3.199,dongdaegu,10,9,True,target_available_at_arrival,available_count>0 at panel tick nearest as_of+tmap_eta,tmap_routes
SF003193,2026-08-05 08:21:20,2026-08-05 09:11:20,2026-08-05 09:11:23,50,49.9,24.795,dongdaegu,29,27,True,target_available_at_arrival,available_count>0 at panel tick nearest as_of+tmap_eta,tmap_routes
PI000126,2026-07-29 02:16:22,2026-07-29 02:53:22,2026-07-29 02:56:32,37,36.9,10.677,dongdaegu,2,2,True,target_available_at_arrival,available_count>0 at panel tick nearest as_of+tmap_eta,tmap_routes
CV002144,2026-07-31 05:01:22,2026-07-31 05:46:22,2026-07-31 05:51:37,45,44.6,9.399,dongdaegu,3,3,True,target_available_at_arrival,available_count>0 at panel tick nearest as_of+tmap_eta,tmap_routes
CV001894,2026-07-28 06:09:00,2026-07-28 06:26:00,2026-07-28 06:29:02,17,16.7,3.567,dongdaegu,2,1,True,target_available_at_arrival,available_count>0 at panel tick nearest as_of+tmap_eta,tmap_routes
EV012380,2026-07-26 15:49:02,2026-07-26 16:16:02,2026-07-26 16:19:07,27,26.9,8.446,dongdaegu,1,1,True,target_available_at_arrival,available_count>0 at panel tick nearest as_of+tmap_eta,tmap_routes
CV000557,2026-07-30 03:23:20,2026-07-30 03:47:20,2026-07-30 03:53:25,24,24.4,5.378,dongdaegu,1,1,True,target_available_at_arrival,available_count>0 at panel tick nearest as_of+tmap_eta,tmap_routes
PI530297,2026-08-03 00:21:55,2026-08-03 00:34:55,2026-08-03 00:41:56,13,13.1,5.211,dongdaegu,1,1,True,target_available_at_arrival,available_count>0 at panel tick nearest as_of+tmap_eta,tmap_routes
LU001036,2026-07-29 08:57:45,2026-07-29 09:43:45,2026-07-29 09:48:00,46,46.2,15.687,dongdaegu,3,3,True,target_available_at_arrival,available_count>0 at panel tick nearest as_of+tmap_eta,tmap_routes
SF002922,2026-07-31 03:11:03,2026-07-31 03:27:03,2026-07-31 03:31:07,16,15.8,2.058,dongdaegu,1,1,True,target_available_at_arrival,available_count>0 at panel tick nearest as_of+tmap_eta,tmap_routes
CV000982,2026-08-04 23:08:07,2026-08-04 23:34:07,2026-08-04 23:38:08,26,25.6,7.243,dongdaegu,1,0,False,target_available_at_arrival,available_count>0 at panel tick nearest as_of+tmap_eta,tmap_routes
LU002360,2026-07-29 21:50:09,2026-07-29 22:27:09,2026-07-29 22:30:17,37,37.4,13.555,dongdaegu,2,2,True,target_available_at_arrival,available_count>0 at panel tick nearest as_of+tmap_eta,tmap_routes
ME183058,2026-08-01 16:01:38,2026-08-01 16:09:38,2026-08-01 16:11:47,8,8.1,1.178,dongdaegu,1,1,True,target_available_at_arrival,available_count>0 at panel tick nearest as_of+tmap_eta,tmap_routes
ME183068,2026-07-30 07:54:16,2026-07-30 08:18:16,2026-07-30 08:24:20,24,23.9,7.001,dongdaegu,1,1,True,target_available_at_arrival,available_count>0 at panel tick nearest as_of+tmap_eta,tmap_routes
ME183065,2026-08-05 03:31:05,2026-08-05 04:05:05,2026-08-05 04:11:06,34,34.4,10.368,dongdaegu,1,1,True,target_available_at_arrival,available_count>0 at panel tick nearest as_of+tmap_eta,tmap_routes
CV004086,2026-08-05 03:21:05,2026-08-05 03:57:05,2026-08-05 04:01:06,36,35.9,8.3,dongdaegu,9,9,True,target_available_at_arrival,available_count>0 at panel tick nearest as_of+tmap_eta,tmap_routes
ME20C183,2026-07-21 12:21:27,2026-07-21 12:56:27,2026-07-21 13:01:38,35,35.0,8.06,dongdaegu,1,1,True,target_available_at_arrival,available_count>0 at panel tick nearest as_of+tmap_eta,tmap_routes
TS472920,2026-08-05 14:11:48,2026-08-05 14:17:48,2026-08-05 14:21:49,6,6.3,0.539,dongdaegu,2,2,True,target_available_at_arrival,available_count>0 at panel tick nearest as_of+tmap_eta,tmap_routes
CV002107,2026-07-27 12:54:07,2026-07-27 13:17:07,2026-07-27 13:24:19,23,22.6,2.375,dongdaegu,1,1,True,target_available_at_arrival,available_count>0 at panel tick nearest as_of+tmap_eta,tmap_routes
ME25C170,2026-08-06 10:46:14,2026-08-06 11:15:14,2026-08-06 11:16:16,29,28.6,8.088,dongdaegu,1,1,True,target_available_at_arrival,available_count>0 at panel tick nearest as_of+tmap_eta,tmap_routes
CV001122,2026-08-07 08:31:47,2026-08-07 08:48:47,2026-08-07 08:51:48,17,16.8,3.616,dongdaegu,1,1,True,target_available_at_arrival,available_count>0 at panel tick nearest as_of+tmap_eta,tmap_routes
BE241251,2026-08-06 02:35:46,2026-08-06 03:20:46,2026-08-06 03:25:48,45,44.8,26.34,dongdaegu,2,2,True,target_available_at_arrival,available_count>0 at panel tick nearest as_of+tmap_eta,tmap_routes
EV003741,2026-08-05 12:11:41,2026-08-05 12:41:41,2026-08-05 12:41:42,30,29.6,8.772,dongdaegu,2,2,True,target_available_at_arrival,available_count>0 at panel tick nearest as_of+tmap_eta,tmap_routes
PI540129,2026-07-28 07:29:10,2026-07-28 08:27:10,2026-07-28 08:29:24,58,57.6,25.116,dongdaegu,1,1,True,target_available_at_arrival,available_count>0 at panel tick nearest as_of+tmap_eta,tmap_routes
PI530313,2026-08-02 22:19:27,2026-08-02 22:57:27,2026-08-02 22:59:31,38,37.9,13.333,dongdaegu,2,2,True,target_available_at_arrival,available_count>0 at panel tick nearest as_of+tmap_eta,tmap_routes
CV003097,2026-07-31 01:30:50,2026-07-31 01:46:50,2026-07-31 01:50:52,16,16.4,2.12,dongdaegu,2,2,True,target_available_at_arrival,available_count>0 at panel tick nearest as_of+tmap_eta,tmap_routes
CV003111,2026-08-03 05:42:10,2026-08-03 06:46:10,2026-08-03 06:52:13,64,64.1,23.433,dongdaegu,1,1,True,target_available_at_arrival,available_count>0 at panel tick nearest as_of+tmap_eta,tmap_routes
KP004798,2026-08-05 04:21:07,2026-08-05 04:28:07,2026-08-05 04:31:07,7,7.4,1.273,dongdaegu,2,2,True,target_available_at_arrival,available_count>0 at panel tick nearest as_of+tmap_eta,tmap_routes
KE000540,2026-08-08 09:27:37,2026-08-08 09:37:37,2026-08-08 09:37:37,10,10.2,1.469,dongdaegu,2,2,True,target_available_at_arrival,available_count>0 at panel tick nearest as_of+tmap_eta,tmap_routes
CV001627,2026-07-23 14:12:55,2026-07-23 14:51:55,2026-07-23 14:53:09,39,39.0,13.103,dongdaegu,2,2,True,target_available_at_arrival,available_count>0 at panel tick nearest as_of+tmap_eta,tmap_routes
PIS00549,2026-07-27 05:52:47,2026-07-27 06:27:47,2026-07-27 06:32:57,35,34.7,10.454,dongdaegu,3,3,True,target_available_at_arrival,available_count>0 at panel tick nearest as_of+tmap_eta,tmap_routes
KP000236,2026-08-01 22:32:53,2026-08-01 22:51:53,2026-08-01 22:52:56,19,18.9,4.127,dongdaegu,1,1,True,target_available_at_arrival,available_count>0 at panel tick nearest as_of+tmap_eta,tmap_routes
LU100903,2026-08-06 00:25:41,2026-08-06 00:59:41,2026-08-06 01:05:43,34,34.4,7.952,dongdaegu,1,1,True,target_available_at_arrival,available_count>0 at panel tick nearest as_of+tmap_eta,tmap_routes
KP006964,2026-08-03 22:34:05,2026-08-03 23:28:05,2026-08-03 23:34:08,54,54.0,31.044,dongdaegu,1,1,True,target_available_at_arrival,available_count>0 at panel tick nearest as_of+tmap_eta,tmap_routes
CV003062,2026-08-04 18:57:49,2026-08-04 19:31:49,2026-08-04 19:37:52,34,34.1,6.923,dongdaegu,6,6,True,target_available_at_arrival,available_count>0 at panel tick nearest as_of+tmap_eta,tmap_routes
KP004413,2026-08-07 01:41:18,2026-08-07 02:35:18,2026-08-07 02:41:20,54,54.3,25.275,dongdaegu,1,1,True,target_available_at_arrival,available_count>0 at panel tick nearest as_of+tmap_eta,tmap_routes
CV003118,2026-07-27 19:55:43,2026-07-27 20:22:43,2026-07-27 20:25:50,27,26.8,8.47,dongdaegu,1,1,True,target_available_at_arrival,available_count>0 at panel tick nearest as_of+tmap_eta,tmap_routes
CV003185,2026-07-24 03:47:21,2026-07-24 04:17:21,2026-07-24 04:17:55,30,30.1,9.788,dongdaegu,1,1,True,target_available_at_arrival,available_count>0 at panel tick nearest as_of+tmap_eta,tmap_routes
PI750081,2026-08-01 07:39:49,2026-08-01 08:22:49,2026-08-01 08:29:57,43,43.2,12.902,dongdaegu,2,2,True,target_available_at_arrival,available_count>0 at panel tick nearest as_of+tmap_eta,tmap_routes
AM900048,2026-08-03 01:21:57,2026-08-03 01:45:57,2026-08-03 01:51:58,24,24.0,3.8,dongdaegu,1,1,True,target_available_at_arrival,available_count>0 at panel tick nearest as_of+tmap_eta,tmap_routes
PI747199,2026-08-08 02:57:13,2026-08-08 03:24:13,2026-08-08 03:27:16,27,27.3,5.386,dongdaegu,3,3,True,target_available_at_arrival,available_count>0 at panel tick nearest as_of+tmap_eta,tmap_routes
CV003560,2026-08-02 22:09:26,2026-08-02 23:05:26,2026-08-02 23:09:31,56,55.9,32.014,dongdaegu,1,1,True,target_available_at_arrival,available_count>0 at panel tick nearest as_of+tmap_eta,tmap_routes
CV004108,2026-08-02 12:17:53,2026-08-02 12:31:53,2026-08-02 12:37:59,14,13.9,2.65,dongdaegu,2,2,True,target_available_at_arrival,available_count>0 at panel tick nearest as_of+tmap_eta,tmap_routes
PI530274,2026-08-02 03:46:34,2026-08-02 04:39:34,2026-08-02 04:46:40,53,53.4,25.315,dongdaegu,9,9,True,target_available_at_arrival,available_count>0 at panel tick nearest as_of+tmap_eta,tmap_routes
LU101255,2026-08-04 15:37:35,2026-08-04 15:52:35,2026-08-04 15:57:36,15,15.0,0.469,dongdaegu,4,4,True,target_available_at_arrival,available_count>0 at panel tick nearest as_of+tmap_eta,tmap_routes
HW000692,2026-08-04 01:36:46,2026-08-04 01:44:46,2026-08-04 01:46:46,8,8.3,1.603,dongdaegu,2,2,True,target_available_at_arrival,available_count>0 at panel tick nearest as_of+tmap_eta,tmap_routes
CV002115,2026-07-29 19:09:38,2026-07-29 19:39:38,2026-07-29 19:39:43,30,29.8,9.615,dongdaegu,3,2,True,target_available_at_arrival,available_count>0 at panel tick nearest as_of+tmap_eta,tmap_routes
ME24B208,2026-08-02 16:08:38,2026-08-02 17:01:38,2026-08-02 17:08:43,53,52.7,24.633,dongdaegu,2,2,True,target_available_at_arrival,available_count>0 at panel tick nearest as_of+tmap_eta,tmap_routes
HW000648,2026-07-22 13:29:59,2026-07-22 13:57:59,2026-07-22 14:00:03,28,27.5,9.134,dongdaegu,1,1,True,target_available_at_arrival,available_count>0 at panel tick nearest as_of+tmap_eta,tmap_routes
ST277201,2026-07-28 20:43:21,2026-07-28 21:37:21,2026-07-28 21:43:30,54,53.7,43.013,dongdaegu,4,4,True,target_available_at_arrival,available_count>0 at panel tick nearest as_of+tmap_eta,tmap_routes
KP000234,2026-07-23 09:40:51,2026-07-23 10:20:51,2026-07-23 10:21:08,40,39.9,13.48,dongdaegu,1,1,True,target_available_at_arrival,available_count>0 at panel tick nearest as_of+tmap_eta,tmap_routes
KL001990,2026-08-02 17:08:43,2026-08-02 17:26:43,2026-08-02 17:28:46,18,17.8,2.838,dongdaegu,1,1,True,target_available_at_arrival,available_count>0 at panel tick nearest as_of+tmap_eta,tmap_routes
PI740289,2026-08-07 10:01:56,2026-08-07 10:19:56,2026-08-07 10:21:57,18,18.3,2.75,dongdaegu,1,1,True,target_available_at_arrival,available_count>0 at panel tick nearest as_of+tmap_eta,tmap_routes
ME19X413,2026-07-25 07:55:27,2026-07-25 08:29:27,2026-07-25 08:33:40,34,34.4,11.991,dongdaegu,5,5,True,target_available_at_arrival,available_count>0 at panel tick nearest as_of+tmap_eta,tmap_routes
PI740140,2026-08-06 10:06:12,2026-08-06 10:36:12,2026-08-06 10:36:13,30,30.1,9.429,dongdaegu,2,2,True,target_available_at_arrival,available_count>0 at panel tick nearest as_of+tmap_eta,tmap_routes
ME18C257,2026-08-01 13:01:00,2026-08-01 13:58:00,2026-08-01 14:01:18,57,57.2,24.092,dongdaegu,2,2,True,target_available_at_arrival,available_count>0 at panel tick nearest as_of+tmap_eta,tmap_routes
EP220264,2026-08-05 13:11:44,2026-08-05 13:47:44,2026-08-05 13:51:47,36,35.6,11.349,dongdaegu,1,1,True,target_available_at_arrival,available_count>0 at panel tick nearest as_of+tmap_eta,tmap_routes
PIH01804,2026-07-23 05:03:43,2026-07-23 05:21:43,2026-07-23 05:23:48,18,17.8,3.532,dongdaegu,4,4,True,target_available_at_arrival,available_count>0 at panel tick nearest as_of+tmap_eta,tmap_routes
HE240281,2026-08-06 02:15:46,2026-08-06 03:18:46,2026-08-06 03:25:48,63,63.2,24.883,dongdaegu,12,12,True,target_available_at_arrival,available_count>0 at panel tick nearest as_of+tmap_eta,tmap_routes
EV005065,2026-07-27 21:16:04,2026-07-27 21:39:04,2026-07-27 21:46:08,23,22.7,6.241,dongdaegu,1,1,True,target_available_at_arrival,available_count>0 at panel tick nearest as_of+tmap_eta,tmap_routes
DC530029,2026-08-02 02:56:26,2026-08-02 03:41:26,2026-08-02 03:46:34,45,44.9,12.015,dongdaegu,5,5,True,target_available_at_arrival,available_count>0 at panel tick nearest as_of+tmap_eta,tmap_routes
PIS00594,2026-08-03 09:02:24,2026-08-03 09:39:24,2026-08-03 09:42:29,37,37.1,13.531,dongdaegu,21,24,True,target_available_at_arrival,available_count>0 at panel tick nearest as_of+tmap_eta,tmap_routes
NT101559,2026-07-28 13:31:11,2026-07-28 13:55:11,2026-07-28 14:01:15,24,24.4,7.069,dongdaegu,2,2,True,target_available_at_arrival,available_count>0 at panel tick nearest as_of+tmap_eta,tmap_routes
LU003428,2026-07-23 01:27:47,2026-07-23 01:58:47,2026-07-23 02:02:58,31,30.6,6.884,dongdaegu,1,1,True,target_available_at_arrival,available_count>0 at panel tick nearest as_of+tmap_eta,tmap_routes
CV000831,2026-07-31 19:35:33,2026-07-31 19:45:33,2026-07-31 19:45:35,10,9.9,0.571,dongdaegu,2,2,True,target_available_at_arrival,available_count>0 at panel tick nearest as_of+tmap_eta,tmap_routes
ME18C263,2026-07-24 20:59:30,2026-07-24 21:53:30,2026-07-24 21:59:38,54,54.1,25.684,dongdaegu,2,2,True,target_available_at_arrival,available_count>0 at panel tick nearest as_of+tmap_eta,tmap_routes
PI740652,2026-07-30 15:06:25,2026-07-30 15:31:25,2026-07-30 15:36:38,25,24.7,8.597,dongdaegu,2,2,True,target_available_at_arrival,available_count>0 at panel tick nearest as_of+tmap_eta,tmap_routes
CV003454,2026-07-21 22:33:11,2026-07-21 22:49:11,2026-07-21 22:53:13,16,16.1,3.323,dongdaegu,1,1,True,target_available_at_arrival,available_count>0 at panel tick nearest as_of+tmap_eta,tmap_routes
ME19Y406,2026-07-25 20:24:29,2026-07-25 20:27:29,2026-07-25 20:34:31,3,2.6,0.183,dongdaegu,4,4,True,target_available_at_arrival,available_count>0 at panel tick nearest as_of+tmap_eta,tmap_routes
KL002550,2026-08-08 07:37:28,2026-08-08 08:05:28,2026-08-08 08:07:32,28,28.0,9.113,dongdaegu,3,3,True,target_available_at_arrival,available_count>0 at panel tick nearest as_of+tmap_eta,tmap_routes
ME19E139,2026-08-02 10:47:40,2026-08-02 11:54:40,2026-08-02 11:57:51,67,66.8,33.463,dongdaegu,1,1,True,target_available_at_arrival,available_count>0 at panel tick nearest as_of+tmap_eta,tmap_routes
HY000130,2026-07-29 05:36:53,2026-07-29 06:04:53,2026-07-29 06:06:58,28,28.1,9.534,dongdaegu,1,1,True,target_available_at_arrival,available_count>0 at panel tick nearest as_of+tmap_eta,tmap_routes
ME22C1A4,2026-07-26 02:07:00,2026-07-26 02:57:00,2026-07-26 02:57:05,50,49.7,23.023,dongdaegu,1,0,False,target_available_at_arrival,available_count>0 at panel tick nearest as_of+tmap_eta,tmap_routes
HE240381,2026-07-23 04:38:36,2026-07-23 05:41:36,2026-07-23 05:43:54,63,63.2,24.855,dongdaegu,1,1,True,target_available_at_arrival,available_count>0 at panel tick nearest as_of+tmap_eta,tmap_routes
PW015054,2026-07-23 11:52:13,2026-07-23 12:03:13,2026-07-23 12:07:16,11,11.2,2.972,dongdaegu,5,5,True,target_available_at_arrival,available_count>0 at panel tick nearest as_of+tmap_eta,tmap_routes
CV003452,2026-08-05 15:51:56,2026-08-05 16:18:56,2026-08-05 16:21:57,27,27.4,5.606,dongdaegu,1,0,False,target_available_at_arrival,available_count>0 at panel tick nearest as_of+tmap_eta,tmap_routes
CV001343,2026-08-05 20:32:22,2026-08-05 21:00:22,2026-08-05 21:02:23,28,28.3,6.858,dongdaegu,1,1,True,target_available_at_arrival,available_count>0 at panel tick nearest as_of+tmap_eta,tmap_routes
PIS00564,2026-08-07 20:43:08,2026-08-07 21:03:08,2026-08-07 21:03:11,20,19.6,4.027,dongdaegu,2,2,True,target_available_at_arrival,available_count>0 at panel tick nearest as_of+tmap_eta,tmap_routes
DC530001,2026-08-04 23:18:07,2026-08-04 23:54:07,2026-08-04 23:58:09,36,35.9,10.361,dongdaegu,3,3,True,target_available_at_arrival,available_count>0 at panel tick nearest as_of+tmap_eta,tmap_routes
EV013999,2026-08-07 06:11:32,2026-08-07 06:41:32,2026-08-07 06:41:34,30,30.4,9.549,dongdaegu,1,1,True,target_available_at_arrival,available_count>0 at panel tick nearest as_of+tmap_eta,tmap_routes
CV004690,2026-08-01 16:21:48,2026-08-01 17:09:48,2026-08-01 17:11:59,48,47.5,12.082,dongdaegu,7,7,True,target_available_at_arrival,available_count>0 at panel tick nearest as_of+tmap_eta,tmap_routes
KL001990,2026-08-04 14:07:30,2026-08-04 14:25:30,2026-08-04 14:27:31,18,17.8,2.838,dongdaegu,3,3,True,target_available_at_arrival,available_count>0 at panel tick nearest as_of+tmap_eta,tmap_routes
CV000658,2026-07-23 12:57:37,2026-07-23 13:27:37,2026-07-23 13:27:45,30,29.7,11.549,dongdaegu,1,1,True,target_available_at_arrival,available_count>0 at panel tick nearest as_of+tmap_eta,tmap_routes
ME18C255,2026-08-05 19:32:14,2026-08-05 20:02:14,2026-08-05 20:02:20,30,29.8,8.943,dongdaegu,2,2,True,target_available_at_arrival,available_count>0 at panel tick nearest as_of+tmap_eta,tmap_routes
HW000407,2026-08-06 21:37:13,2026-08-06 22:07:13,2026-08-06 22:07:15,30,29.6,10.81,dongdaegu,5,5,True,target_available_at_arrival,available_count>0 at panel tick nearest as_of+tmap_eta,tmap_routes
EC000145,2026-07-30 17:47:07,2026-07-30 18:07:07,2026-07-30 18:07:09,20,19.7,3.897,dongdaegu,4,4,True,target_available_at_arrival,available_count>0 at panel tick nearest as_of+tmap_eta,tmap_routes
CV003483,2026-07-26 07:27:42,2026-07-26 07:55:42,2026-07-26 07:57:52,28,28.1,6.301,dongdaegu,1,0,False,target_available_at_arrival,available_count>0 at panel tick nearest as_of+tmap_eta,tmap_routes
ME19C404,2026-07-26 08:27:57,2026-07-26 08:52:57,2026-07-26 08:58:04,25,25.1,5.074,dongdaegu,4,4,True,target_available_at_arrival,available_count>0 at panel tick nearest as_of+tmap_eta,tmap_routes
KE000540,2026-07-28 18:12:53,2026-07-28 18:22:53,2026-07-28 18:22:54,10,10.2,1.469,dongdaegu,1,1,True,target_available_at_arrival,available_count>0 at panel tick nearest as_of+tmap_eta,tmap_routes
HE001131,2026-07-29 02:56:32,2026-07-29 03:15:32,2026-07-29 03:16:33,19,18.6,3.1,dongdaegu,13,13,True,target_available_at_arrival,available_count>0 at panel tick nearest as_of+tmap_eta,tmap_routes
ST277109,2026-08-07 02:21:20,2026-08-07 02:57:20,2026-08-07 03:01:21,36,35.6,12.799,dongdaegu,2,2,True,target_available_at_arrival,available_count>0 at panel tick nearest as_of+tmap_eta,tmap_routes
PC001321,2026-08-05 20:22:21,2026-08-05 20:46:21,2026-08-05 20:52:23,24,24.2,8.909,dongdaegu,2,2,True,target_available_at_arrival,available_count>0 at panel tick nearest as_of+tmap_eta,tmap_routes
CV001496,2026-08-08 08:07:32,2026-08-08 08:43:32,2026-08-08 08:47:34,36,35.9,10.455,dongdaegu,2,2,True,target_available_at_arrival,available_count>0 at panel tick nearest as_of+tmap_eta,tmap_routes
EV008139,2026-07-26 11:08:22,2026-07-26 11:28:22,2026-07-26 11:28:26,20,19.9,1.726,dongdaegu,1,0,False,target_available_at_arrival,available_count>0 at panel tick nearest as_of+tmap_eta,tmap_routes
CV003076,2026-08-06 13:26:24,2026-08-06 13:54:24,2026-08-06 13:56:25,28,27.8,6.202,dongdaegu,1,1,True,target_available_at_arrival,available_count>0 at panel tick nearest as_of+tmap_eta,tmap_routes
LU001877,2026-08-04 22:48:06,2026-08-04 23:17:06,2026-08-04 23:18:07,29,29.3,9.229,dongdaegu,5,5,True,target_available_at_arrival,available_count>0 at panel tick nearest as_of+tmap_eta,tmap_routes
PI530034,2026-08-05 00:08:10,2026-08-05 00:30:10,2026-08-05 00:30:58,22,21.9,5.761,dongdaegu,2,2,True,target_available_at_arrival,available_count>0 at panel tick nearest as_of+tmap_eta,tmap_routes
CV003444,2026-07-30 13:25:42,2026-07-30 13:53:42,2026-07-30 13:55:52,28,28.1,8.078,dongdaegu,1,1,True,target_available_at_arrival,available_count>0 at panel tick nearest as_of+tmap_eta,tmap_routes
LU001561,2026-07-27 01:12:20,2026-07-27 01:16:20,2026-07-27 01:22:21,4,4.5,0.671,dongdaegu,2,2,True,target_available_at_arrival,available_count>0 at panel tick nearest as_of+tmap_eta,tmap_routes
ME25C427,2026-08-07 19:22:51,2026-08-07 19:39:51,2026-08-07 19:43:02,17,16.9,2.432,dongdaegu,3,4,True,target_available_at_arrival,available_count>0 at panel tick nearest as_of+tmap_eta,tmap_routes
CV001967,2026-07-24 12:17:39,2026-07-24 12:36:39,2026-07-24 12:37:46,19,19.4,3.176,dongdaegu,2,2,True,target_available_at_arrival,available_count>0 at panel tick nearest as_of+tmap_eta,tmap_routes
ME22D192,2026-07-21 08:30:39,2026-07-21 09:14:39,2026-07-21 09:20:58,44,44.5,12.379,dongdaegu,1,1,True,target_available_at_arrival,available_count>0 at panel tick nearest as_of+tmap_eta,tmap_routes
NX000023,2026-08-03 22:24:04,2026-08-03 22:43:04,2026-08-03 22:44:05,19,19.4,5.588,dongdaegu,2,2,True,target_available_at_arrival,available_count>0 at panel tick nearest as_of+tmap_eta,tmap_routes
ME19C403,2026-07-30 07:24:10,2026-07-30 07:50:10,2026-07-30 07:54:16,26,26.0,8.922,dongdaegu,2,2,True,target_available_at_arrival,available_count>0 at panel tick nearest as_of+tmap_eta,tmap_routes
CV000558,2026-08-01 05:49:29,2026-08-01 05:56:29,2026-08-01 05:59:31,7,7.2,1.25,dongdaegu,1,1,True,target_available_at_arrival,available_count>0 at panel tick nearest as_of+tmap_eta,tmap_routes
ME183053,2026-07-25 22:14:45,2026-07-25 22:51:45,2026-07-25 22:54:49,37,36.9,10.152,dongdaegu,1,1,True,target_available_at_arrival,available_count>0 at panel tick nearest as_of+tmap_eta,tmap_routes
ME19X413,2026-07-23 00:12:27,2026-07-23 00:46:27,2026-07-23 00:47:40,34,34.4,11.991,dongdaegu,5,5,True,target_available_at_arrival,available_count>0 at panel tick nearest as_of+tmap_eta,tmap_routes
IN053069,2026-07-25 23:04:50,2026-07-25 23:27:50,2026-07-25 23:34:55,23,23.0,4.503,dongdaegu,4,4,True,target_available_at_arrival,available_count>0 at panel tick nearest as_of+tmap_eta,tmap_routes
CV002033,2026-07-24 13:47:56,2026-07-24 14:21:56,2026-07-24 14:28:06,34,33.9,10.471,dongdaegu,1,1,True,target_available_at_arrival,available_count>0 at panel tick nearest as_of+tmap_eta,tmap_routes
KP003475,2026-07-26 13:38:44,2026-07-26 14:11:44,2026-07-26 14:18:50,33,32.8,7.058,dongdaegu,3,3,True,target_available_at_arrival,available_count>0 at panel tick nearest as_of+tmap_eta,tmap_routes
CV002144,2026-07-26 23:00:02,2026-07-26 23:45:02,2026-07-26 23:50:07,45,44.6,9.399,dongdaegu,3,1,True,target_available_at_arrival,available_count>0 at panel tick nearest as_of+tmap_eta,tmap_routes
KE001517,2026-08-04 20:37:55,2026-08-04 21:04:55,2026-08-04 21:07:59,27,27.4,6.394,dongdaegu,2,1,True,target_available_at_arrival,available_count>0 at panel tick nearest as_of+tmap_eta,tmap_routes
CU530011,2026-08-03 15:32:50,2026-08-03 15:48:50,2026-08-03 15:52:51,16,15.6,2.998,dongdaegu,17,17,True,target_available_at_arrival,available_count>0 at panel tick nearest as_of+tmap_eta,tmap_routes
DC530012,2026-07-28 02:48:33,2026-07-28 03:14:33,2026-07-28 03:18:35,26,26.5,4.462,dongdaegu,6,6,True,target_available_at_arrival,available_count>0 at panel tick nearest as_of+tmap_eta,tmap_routes
EV005837,2026-07-31 05:31:34,2026-07-31 05:57:34,2026-07-31 06:01:38,26,26.4,7.33,dongdaegu,2,2,True,target_available_at_arrival,available_count>0 at panel tick nearest as_of+tmap_eta,tmap_routes
CV002115,2026-07-28 02:18:30,2026-07-28 02:48:30,2026-07-28 02:48:33,30,29.8,9.615,dongdaegu,4,4,True,target_available_at_arrival,available_count>0 at panel tick nearest as_of+tmap_eta,tmap_routes
CV000891,2026-08-07 04:21:26,2026-08-07 05:20:26,2026-08-07 05:21:28,59,58.9,26.194,dongdaegu,3,3,True,target_available_at_arrival,available_count>0 at panel tick nearest as_of+tmap_eta,tmap_routes
CV001969,2026-08-02 16:18:38,2026-08-02 16:48:38,2026-08-02 16:48:41,30,29.9,6.01,dongdaegu,1,1,True,target_available_at_arrival,available_count>0 at panel tick nearest as_of+tmap_eta,tmap_routes
NT101834,2026-07-23 15:03:20,2026-07-23 15:25:20,2026-07-23 15:28:28,22,21.5,3.269,dongdaegu,1,2,True,target_available_at_arrival,available_count>0 at panel tick nearest as_of+tmap_eta,tmap_routes
CV001130,2026-07-23 09:46:00,2026-07-23 10:18:00,2026-07-23 10:21:08,32,31.9,5.978,dongdaegu,1,1,True,target_available_at_arrival,available_count>0 at panel tick nearest as_of+tmap_eta,tmap_routes
HE240187,2026-08-03 18:23:48,2026-08-03 18:49:48,2026-08-03 18:53:50,26,26.1,6.661,dongdaegu,4,4,True,target_available_at_arrival,available_count>0 at panel tick nearest as_of+tmap_eta,tmap_routes
CV001601,2026-07-29 09:07:55,2026-07-29 09:45:55,2026-07-29 09:48:00,38,38.1,7.168,dongdaegu,2,2,True,target_available_at_arrival,available_count>0 at panel tick nearest as_of+tmap_eta,tmap_routes
PI780247,2026-07-27 04:22:39,2026-07-27 04:50:39,2026-07-27 04:52:42,28,28.2,5.907,dongdaegu,1,1,True,target_available_at_arrival,available_count>0 at panel tick nearest as_of+tmap_eta,tmap_routes
CV000195,2026-08-06 09:56:12,2026-08-06 10:26:12,2026-08-06 10:26:13,30,29.9,9.211,dongdaegu,1,1,True,target_available_at_arrival,available_count>0 at panel tick nearest as_of+tmap_eta,tmap_routes
CU530011,2026-07-29 16:28:58,2026-07-29 16:44:58,2026-07-29 16:49:07,16,15.6,2.998,dongdaegu,20,20,True,target_available_at_arrival,available_count>0 at panel tick nearest as_of+tmap_eta,tmap_routes
CV001638,2026-08-04 22:28:05,2026-08-04 23:06:05,2026-08-04 23:08:07,38,37.8,9.78,dongdaegu,1,1,True,target_available_at_arrival,available_count>0 at panel tick nearest as_of+tmap_eta,tmap_routes
PI740572,2026-07-29 19:59:51,2026-07-29 20:19:51,2026-07-29 20:19:54,20,19.7,4.587,dongdaegu,1,1,True,target_available_at_arrival,available_count>0 at panel tick nearest as_of+tmap_eta,tmap_routes
CV000562,2026-07-23 10:46:30,2026-07-23 11:00:30,2026-07-23 11:01:35,14,14.0,1.777,dongdaegu,1,2,True,target_available_at_arrival,available_count>0 at panel tick nearest as_of+tmap_eta,tmap_routes
PW015361,2026-08-08 02:57:13,2026-08-08 03:45:13,2026-08-08 03:47:17,48,48.2,23.951,dongdaegu,2,2,True,target_available_at_arrival,available_count>0 at panel tick nearest as_of+tmap_eta,tmap_routes
CV001126,2026-08-05 16:41:58,2026-08-05 17:17:58,2026-08-05 17:22:01,36,35.9,9.85,dongdaegu,1,1,True,target_available_at_arrival,available_count>0 at panel tick nearest as_of+tmap_eta,tmap_routes
PI740280,2026-07-21 10:31:05,2026-07-21 10:54:05,2026-07-21 11:01:19,23,23.1,6.214,dongdaegu,1,1,True,target_available_at_arrival,available_count>0 at panel tick nearest as_of+tmap_eta,tmap_routes
ME22C1A4,2026-08-05 05:41:10,2026-08-05 06:31:10,2026-08-05 06:31:12,50,49.7,23.023,dongdaegu,1,1,True,target_available_at_arrival,available_count>0 at panel tick nearest as_of+tmap_eta,tmap_routes
CV001606,2026-08-06 17:06:41,2026-08-06 17:35:41,2026-08-06 17:36:44,29,29.0,7.584,dongdaegu,2,2,True,target_available_at_arrival,available_count>0 at panel tick nearest as_of+tmap_eta,tmap_routes
PC001345,2026-07-27 09:43:37,2026-07-27 09:57:37,2026-07-27 10:03:39,14,13.8,1.875,dongdaegu,5,5,True,target_available_at_arrival,available_count>0 at panel tick nearest as_of+tmap_eta,tmap_routes
NT100925,2026-07-27 07:53:20,2026-07-27 08:52:20,2026-07-27 08:53:30,59,58.9,26.625,dongdaegu,1,1,True,target_available_at_arrival,available_count>0 at panel tick nearest as_of+tmap_eta,tmap_routes
NT101504,2026-07-31 01:20:49,2026-07-31 01:45:49,2026-07-31 01:50:52,25,24.7,9.04,dongdaegu,1,1,True,target_available_at_arrival,available_count>0 at panel tick nearest as_of+tmap_eta,tmap_routes
SF002913,2026-08-02 08:17:15,2026-08-02 08:32:15,2026-08-02 08:37:18,15,15.2,3.084,dongdaegu,5,5,True,target_available_at_arrival,available_count>0 at panel tick nearest as_of+tmap_eta,tmap_routes
CV001710,2026-08-06 21:07:07,2026-08-06 21:45:07,2026-08-06 21:47:14,38,37.7,9.1,dongdaegu,1,0,False,target_available_at_arrival,available_count>0 at panel tick nearest as_of+tmap_eta,tmap_routes
CV001626,2026-07-31 20:35:42,2026-07-31 21:23:42,2026-07-31 21:25:54,48,48.5,14.505,dongdaegu,2,2,True,target_available_at_arrival,available_count>0 at panel tick nearest as_of+tmap_eta,tmap_routes
ME18C251,2026-07-23 08:04:41,2026-07-23 08:58:41,2026-07-23 09:00:25,54,54.4,23.023,dongdaegu,2,2,True,target_available_at_arrival,available_count>0 at panel tick nearest as_of+tmap_eta,tmap_routes
CV000980,2026-07-27 01:12:20,2026-07-27 01:45:20,2026-07-27 01:52:24,33,33.4,9.489,dongdaegu,1,1,True,target_available_at_arrival,available_count>0 at panel tick nearest as_of+tmap_eta,tmap_routes
LU000912,2026-08-03 03:32:03,2026-08-03 03:41:03,2026-08-03 03:42:03,9,8.7,1.659,dongdaegu,3,3,True,target_available_at_arrival,available_count>0 at panel tick nearest as_of+tmap_eta,tmap_routes
CV003139,2026-08-08 08:57:35,2026-08-08 09:23:35,2026-08-08 09:27:37,26,26.4,8.714,dongdaegu,4,4,True,target_available_at_arrival,available_count>0 at panel tick nearest as_of+tmap_eta,tmap_routes
KP000235,2026-07-26 20:39:42,2026-07-26 20:52:42,2026-07-26 20:59:45,13,13.3,2.71,dongdaegu,1,1,True,target_available_at_arrival,available_count>0 at panel tick nearest as_of+tmap_eta,tmap_routes
HW000702,2026-07-30 17:27:04,2026-07-30 18:20:04,2026-07-30 18:27:22,53,53.2,25.508,dongdaegu,1,1,True,target_available_at_arrival,available_count>0 at panel tick nearest as_of+tmap_eta,tmap_routes
PI740666,2026-08-08 02:57:13,2026-08-08 03:36:13,2026-08-08 03:37:16,39,39.1,12.214,dongdaegu,1,1,True,target_available_at_arrival,available_count>0 at panel tick nearest as_of+tmap_eta,tmap_routes
CV000985,2026-07-25 19:04:18,2026-07-25 19:49:18,2026-07-25 19:54:25,45,44.6,13.107,dongdaegu,2,3,True,target_available_at_arrival,available_count>0 at panel tick nearest as_of+tmap_eta,tmap_routes
ME22C1A4,2026-07-30 19:17:33,2026-07-30 20:07:33,2026-07-30 20:07:41,50,49.7,23.023,dongdaegu,1,1,True,target_available_at_arrival,available_count>0 at panel tick nearest as_of+tmap_eta,tmap_routes
EV005192,2026-07-30 17:17:00,2026-07-30 17:52:00,2026-07-30 17:57:08,35,34.8,9.708,dongdaegu,2,3,True,target_available_at_arrival,available_count>0 at panel tick nearest as_of+tmap_eta,tmap_routes
ME25C169,2026-07-27 16:45:00,2026-07-27 17:35:00,2026-07-27 17:35:07,50,49.9,16.4,dongdaegu,1,1,True,target_available_at_arrival,available_count>0 at panel tick nearest as_of+tmap_eta,tmap_routes
CU530004,2026-08-07 04:21:26,2026-08-07 04:31:26,2026-08-07 04:31:26,10,9.6,1.543,dongdaegu,6,6,True,target_available_at_arrival,available_count>0 at panel tick nearest as_of+tmap_eta,tmap_routes
HW000695,2026-07-30 04:33:34,2026-07-30 05:06:34,2026-07-30 05:13:41,33,32.6,7.975,dongdaegu,1,1,True,target_available_at_arrival,available_count>0 at panel tick nearest as_of+tmap_eta,tmap_routes
PI000132,2026-08-05 10:01:25,2026-08-05 10:14:25,2026-08-05 10:21:30,13,13.1,1.238,dongdaegu,1,1,True,target_available_at_arrival,available_count>0 at panel tick nearest as_of+tmap_eta,tmap_routes
EV013998,2026-07-23 10:06:04,2026-07-23 10:39:04,2026-07-23 10:41:27,33,32.6,9.155,dongdaegu,1,1,True,target_available_at_arrival,available_count>0 at panel tick nearest as_of+tmap_eta,tmap_routes
EV000669,2026-08-04 06:16:58,2026-08-04 06:41:58,2026-08-04 06:46:59,25,25.1,7.002,dongdaegu,1,1,True,target_available_at_arrival,available_count>0 at panel tick nearest as_of+tmap_eta,tmap_routes
EV003704,2026-08-03 17:33:43,2026-08-03 17:59:43,2026-08-03 18:03:46,26,25.6,7.852,dongdaegu,1,1,True,target_available_at_arrival,available_count>0 at panel tick nearest as_of+tmap_eta,tmap_routes
SF003055,2026-07-27 02:32:27,2026-07-27 02:46:27,2026-07-27 02:52:29,14,14.1,3.101,dongdaegu,1,1,True,target_available_at_arrival,available_count>0 at panel tick nearest as_of+tmap_eta,tmap_routes
KP000236,2026-07-29 14:28:39,2026-07-29 14:47:39,2026-07-29 14:48:44,19,18.9,4.127,dongdaegu,1,1,True,target_available_at_arrival,available_count>0 at panel tick nearest as_of+tmap_eta,tmap_routes
EV000673,2026-07-24 04:22:57,2026-07-24 05:20:57,2026-07-24 05:23:17,58,57.5,26.41,dongdaegu,1,1,True,target_available_at_arrival,available_count>0 at panel tick nearest as_of+tmap_eta,tmap_routes
PI740287,2026-07-26 23:30:06,2026-07-26 23:48:06,2026-07-26 23:50:07,18,18.2,2.761,dongdaegu,1,1,True,target_available_at_arrival,available_count>0 at panel tick nearest as_of+tmap_eta,tmap_routes
CV001580,2026-08-04 21:48:03,2026-08-04 22:08:03,2026-08-04 22:08:04,20,19.6,3.217,dongdaegu,2,2,True,target_available_at_arrival,available_count>0 at panel tick nearest as_of+tmap_eta,tmap_routes
CV001701,2026-07-26 22:39:59,2026-07-26 23:04:59,2026-07-26 23:10:04,25,24.7,2.572,dongdaegu,1,1,True,target_available_at_arrival,available_count>0 at panel tick nearest as_of+tmap_eta,tmap_routes
ME24B208,2026-07-24 03:02:09,2026-07-24 03:55:09,2026-07-24 03:57:25,53,52.7,24.633,dongdaegu,2,2,True,target_available_at_arrival,available_count>0 at panel tick nearest as_of+tmap_eta,tmap_routes
CV001941,2026-07-31 04:41:20,2026-07-31 04:55:20,2026-07-31 05:01:22,14,14.5,2.314,dongdaegu,1,1,True,target_available_at_arrival,available_count>0 at panel tick nearest as_of+tmap_eta,tmap_routes
BE241250,2026-08-06 07:25:58,2026-08-06 08:19:58,2026-08-06 08:26:02,54,54.0,26.162,dongdaegu,2,2,True,target_available_at_arrival,available_count>0 at panel tick nearest as_of+tmap_eta,tmap_routes
CV004598,2026-07-23 10:56:34,2026-07-23 11:24:34,2026-07-23 11:26:56,28,27.7,5.237,dongdaegu,3,4,True,target_available_at_arrival,available_count>0 at panel tick nearest as_of+tmap_eta,tmap_routes
NX000020,2026-08-05 10:41:33,2026-08-05 11:19:33,2026-08-05 11:21:36,38,38.5,10.142,dongdaegu,1,0,False,target_available_at_arrival,available_count>0 at panel tick nearest as_of+tmap_eta,tmap_routes
HY000912,2026-07-29 23:10:22,2026-07-29 23:34:22,2026-07-29 23:40:29,24,23.5,6.608,dongdaegu,4,4,True,target_available_at_arrival,available_count>0 at panel tick nearest as_of+tmap_eta,tmap_routes
ME21A903,2026-08-02 09:57:31,2026-08-02 10:55:31,2026-08-02 10:57:42,58,57.6,24.021,dongdaegu,4,3,True,target_available_at_arrival,available_count>0 at panel tick nearest as_of+tmap_eta,tmap_routes
IN053060,2026-08-03 09:32:27,2026-08-03 09:48:27,2026-08-03 09:52:30,16,16.1,1.214,dongdaegu,2,2,True,target_available_at_arrival,available_count>0 at panel tick nearest as_of+tmap_eta,tmap_routes
HE240281,2026-07-26 13:28:43,2026-07-26 14:31:43,2026-07-26 14:38:52,63,63.2,24.883,dongdaegu,2,2,True,target_available_at_arrival,available_count>0 at panel tick nearest as_of+tmap_eta,tmap_routes
HM710014,2026-07-24 17:38:44,2026-07-24 18:15:44,2026-07-24 18:18:58,37,37.1,6.887,dongdaegu,1,1,True,target_available_at_arrival,available_count>0 at panel tick nearest as_of+tmap_eta,tmap_routes
ME18C259,2026-08-01 20:12:32,2026-08-01 20:36:32,2026-08-01 20:42:36,24,23.8,6.576,dongdaegu,2,2,True,target_available_at_arrival,available_count>0 at panel tick nearest as_of+tmap_eta,tmap_routes
DC530003,2026-07-28 07:39:13,2026-07-28 07:58:13,2026-07-28 07:59:18,19,18.8,3.965,dongdaegu,6,6,True,target_available_at_arrival,available_count>0 at panel tick nearest as_of+tmap_eta,tmap_routes
ME19X404,2026-07-24 08:16:52,2026-07-24 08:40:52,2026-07-24 08:46:58,24,23.7,7.894,dongdaegu,6,6,True,target_available_at_arrival,available_count>0 at panel tick nearest as_of+tmap_eta,tmap_routes
CV000553,2026-08-07 11:02:04,2026-08-07 11:45:04,2026-08-07 11:52:06,43,42.8,9.106,dongdaegu,1,1,True,target_available_at_arrival,available_count>0 at panel tick nearest as_of+tmap_eta,tmap_routes
CV002014,2026-08-05 09:11:23,2026-08-05 09:47:23,2026-08-05 09:51:25,36,35.5,11.855,dongdaegu,2,2,True,target_available_at_arrival,available_count>0 at panel tick nearest as_of+tmap_eta,tmap_routes
HE240512,2026-08-01 20:02:28,2026-08-01 20:31:28,2026-08-01 20:32:35,29,29.2,9.227,dongdaegu,2,2,True,target_available_at_arrival,available_count>0 at panel tick nearest as_of+tmap_eta,tmap_routes
CV001223,2026-07-30 19:17:33,2026-07-30 19:42:33,2026-07-30 19:47:37,25,24.8,7.045,dongdaegu,2,2,True,target_available_at_arrival,available_count>0 at panel tick nearest as_of+tmap_eta,tmap_routes
ME19X404,2026-08-04 05:16:56,2026-08-04 05:40:56,2026-08-04 05:46:57,24,23.7,7.894,dongdaegu,5,5,True,target_available_at_arrival,available_count>0 at panel tick nearest as_of+tmap_eta,tmap_routes
NT100890,2026-07-30 04:43:35,2026-07-30 05:41:35,2026-07-30 05:43:44,58,58.0,25.646,dongdaegu,3,3,True,target_available_at_arrival,available_count>0 at panel tick nearest as_of+tmap_eta,tmap_routes
CV003479,2026-07-22 23:50:42,2026-07-23 00:13:42,2026-07-23 00:17:33,23,22.6,6.788,dongdaegu,1,1,True,target_available_at_arrival,available_count>0 at panel tick nearest as_of+tmap_eta,tmap_routes
EO000079,2026-07-21 21:33:02,2026-07-21 21:50:02,2026-07-21 21:53:06,17,17.4,3.431,dongdaegu,1,1,True,target_available_at_arrival,available_count>0 at panel tick nearest as_of+tmap_eta,tmap_routes
NT101499,2026-07-26 04:57:22,2026-07-26 05:36:22,2026-07-26 05:37:26,39,39.0,10.787,dongdaegu,1,1,True,target_available_at_arrival,available_count>0 at panel tick nearest as_of+tmap_eta,tmap_routes
PI740146,2026-08-05 01:21:00,2026-08-05 01:46:00,2026-08-05 01:51:01,25,24.8,6.541,dongdaegu,1,1,True,target_available_at_arrival,available_count>0 at panel tick nearest as_of+tmap_eta,tmap_routes
NT101503,2026-07-29 18:49:35,2026-07-29 19:14:35,2026-07-29 19:19:40,25,24.9,9.063,dongdaegu,1,1,True,target_available_at_arrival,available_count>0 at panel tick nearest as_of+tmap_eta,tmap_routes
PW015051,2026-08-03 11:42:37,2026-08-03 11:57:37,2026-08-03 12:02:38,15,14.8,2.673,dongdaegu,3,2,True,target_available_at_arrival,available_count>0 at panel tick nearest as_of+tmap_eta,tmap_routes
ME181303,2026-07-25 07:51:55,2026-07-25 08:28:55,2026-07-25 08:33:40,37,37.1,12.615,dongdaegu,1,1,True,target_available_at_arrival,available_count>0 at panel tick nearest as_of+tmap_eta,tmap_routes
CV003150,2026-08-06 02:45:47,2026-08-06 03:13:47,2026-08-06 03:15:48,28,28.1,8.577,dongdaegu,1,1,True,target_available_at_arrival,available_count>0 at panel tick nearest as_of+tmap_eta,tmap_routes
ME18C251,2026-08-03 11:02:33,2026-08-03 11:56:33,2026-08-03 12:02:38,54,54.4,23.023,dongdaegu,1,1,True,target_available_at_arrival,available_count>0 at panel tick nearest as_of+tmap_eta,tmap_routes
EV006219,2026-07-29 03:16:33,2026-07-29 03:54:33,2026-07-29 03:56:39,38,37.6,13.391,dongdaegu,1,1,True,target_available_at_arrival,available_count>0 at panel tick nearest as_of+tmap_eta,tmap_routes
EV005228,2026-07-27 07:33:17,2026-07-27 07:51:17,2026-07-27 07:53:20,18,17.8,3.927,dongdaegu,2,3,True,target_available_at_arrival,available_count>0 at panel tick nearest as_of+tmap_eta,tmap_routes
PC001547,2026-07-27 08:23:24,2026-07-27 08:53:24,2026-07-27 08:53:30,30,29.9,9.605,dongdaegu,1,1,True,target_available_at_arrival,available_count>0 at panel tick nearest as_of+tmap_eta,tmap_routes
PI740252,2026-08-07 06:21:33,2026-08-07 06:45:33,2026-08-07 06:51:34,24,24.0,5.429,dongdaegu,2,2,True,target_available_at_arrival,available_count>0 at panel tick nearest as_of+tmap_eta,tmap_routes
PI730096,2026-08-05 07:51:18,2026-08-05 08:46:18,2026-08-05 08:51:21,55,55.4,30.015,dongdaegu,1,1,True,target_available_at_arrival,available_count>0 at panel tick nearest as_of+tmap_eta,tmap_routes
CV002188,2026-07-29 19:59:51,2026-07-29 20:24:51,2026-07-29 20:29:55,25,25.1,6.932,dongdaegu,2,2,True,target_available_at_arrival,available_count>0 at panel tick nearest as_of+tmap_eta,tmap_routes
ME184068,2026-08-07 04:11:25,2026-08-07 04:45:25,2026-08-07 04:51:27,34,34.5,7.153,dongdaegu,1,1,True,target_available_at_arrival,available_count>0 at panel tick nearest as_of+tmap_eta,tmap_routes
CV000678,2026-07-26 15:59:05,2026-07-26 16:57:05,2026-07-26 16:59:12,58,58.0,26.591,dongdaegu,4,4,True,target_available_at_arrival,available_count>0 at panel tick nearest as_of+tmap_eta,tmap_routes
CV001464,2026-07-24 16:58:31,2026-07-24 17:24:31,2026-07-24 17:28:43,26,26.3,7.512,dongdaegu,2,2,True,target_available_at_arrival,available_count>0 at panel tick nearest as_of+tmap_eta,tmap_routes
CV000813,2026-07-22 23:30:39,2026-07-22 23:50:39,2026-07-22 23:50:42,20,20.0,2.739,dongdaegu,1,1,True,target_available_at_arrival,available_count>0 at panel tick nearest as_of+tmap_eta,tmap_routes
PI530077,2026-07-31 09:12:27,2026-07-31 09:47:27,2026-07-31 09:52:33,35,35.3,11.644,dongdaegu,1,1,True,target_available_at_arrival,available_count>0 at panel tick nearest as_of+tmap_eta,tmap_routes
KP000233,2026-07-24 06:23:41,2026-07-24 06:45:41,2026-07-24 06:48:50,22,22.2,7.128,dongdaegu,1,0,False,target_available_at_arrival,available_count>0 at panel tick nearest as_of+tmap_eta,tmap_routes
ST272309,2026-07-23 05:48:55,2026-07-23 06:20:55,2026-07-23 06:24:02,32,32.4,10.171,dongdaegu,2,2,True,target_available_at_arrival,available_count>0 at panel tick nearest as_of+tmap_eta,tmap_routes
ME20C182,2026-07-27 19:55:43,2026-07-27 20:24:43,2026-07-27 20:25:50,29,28.9,5.93,dongdaegu,1,1,True,target_available_at_arrival,available_count>0 at panel tick nearest as_of+tmap_eta,tmap_routes
PI740289,2026-08-06 20:37:02,2026-08-06 20:55:02,2026-08-06 20:57:05,18,18.3,2.75,dongdaegu,1,1,True,target_available_at_arrival,available_count>0 at panel tick nearest as_of+tmap_eta,tmap_routes
HM000722,2026-08-07 22:03:19,2026-08-07 22:53:19,2026-08-07 22:53:22,50,49.6,13.089,dongdaegu,15,15,True,target_available_at_arrival,available_count>0 at panel tick nearest as_of+tmap_eta,tmap_routes
ME23A218,2026-08-03 18:13:47,2026-08-03 18:30:47,2026-08-03 18:33:49,17,17.0,2.221,dongdaegu,1,2,True,target_available_at_arrival,available_count>0 at panel tick nearest as_of+tmap_eta,tmap_routes
EV006497,2026-08-06 14:36:28,2026-08-06 15:15:28,2026-08-06 15:16:34,39,39.0,10.915,dongdaegu,4,4,True,target_available_at_arrival,available_count>0 at panel tick nearest as_of+tmap_eta,tmap_routes
HE240281,2026-07-29 15:38:50,2026-07-29 16:41:50,2026-07-29 16:49:07,63,63.2,24.883,dongdaegu,6,5,True,target_available_at_arrival,available_count>0 at panel tick nearest as_of+tmap_eta,tmap_routes
CV001971,2026-07-23 04:48:38,2026-07-23 05:02:38,2026-07-23 05:03:43,14,14.4,3.104,dongdaegu,1,1,True,target_available_at_arrival,available_count>0 at panel tick nearest as_of+tmap_eta,tmap_routes
CSCS1024,2026-07-30 03:03:14,2026-07-30 03:26:14,2026-07-30 03:33:21,23,23.3,4.109,dongdaegu,1,1,True,target_available_at_arrival,available_count>0 at panel tick nearest as_of+tmap_eta,tmap_routes
ME18C170,2026-07-26 05:37:26,2026-07-26 05:55:26,2026-07-26 05:57:29,18,18.1,4.183,dongdaegu,1,1,True,target_available_at_arrival,available_count>0 at panel tick nearest as_of+tmap_eta,tmap_routes
HY000896,2026-07-29 07:47:23,2026-07-29 08:20:23,2026-07-29 08:27:41,33,32.8,9.291,dongdaegu,3,3,True,target_available_at_arrival,available_count>0 at panel tick nearest as_of+tmap_eta,tmap_routes
CV000816,2026-07-28 18:12:53,2026-07-28 18:48:53,2026-07-28 18:53:01,36,35.7,10.475,dongdaegu,1,1,True,target_available_at_arrival,available_count>0 at panel tick nearest as_of+tmap_eta,tmap_routes
CV001973,2026-07-30 06:03:46,2026-07-30 06:11:46,2026-07-30 06:13:52,8,8.0,1.02,dongdaegu,2,2,True,target_available_at_arrival,available_count>0 at panel tick nearest as_of+tmap_eta,tmap_routes
PI780101,2026-07-29 21:20:05,2026-07-29 21:45:05,2026-07-29 21:50:09,25,24.6,6.622,dongdaegu,1,1,True,target_available_at_arrival,available_count>0 at panel tick nearest as_of+tmap_eta,tmap_routes
CV003081,2026-07-28 20:53:22,2026-07-28 21:10:22,2026-07-28 21:13:25,17,16.7,3.222,dongdaegu,1,1,True,target_available_at_arrival,available_count>0 at panel tick nearest as_of+tmap_eta,tmap_routes
CV001555,2026-08-05 13:21:45,2026-08-05 14:11:45,2026-08-05 14:11:48,50,49.7,14.36,dongdaegu,3,4,True,target_available_at_arrival,available_count>0 at panel tick nearest as_of+tmap_eta,tmap_routes
ME19W401,2026-07-22 11:49:45,2026-07-22 12:43:45,2026-07-22 12:49:53,54,53.5,31.956,dongdaegu,8,8,True,target_available_at_arrival,available_count>0 at panel tick nearest as_of+tmap_eta,tmap_routes
BE482306,2026-07-29 21:20:05,2026-07-29 21:40:05,2026-07-29 21:40:08,20,20.1,3.537,dongdaegu,9,9,True,target_available_at_arrival,available_count>0 at panel tick nearest as_of+tmap_eta,tmap_routes
CV000194,2026-07-31 00:50:47,2026-07-31 01:39:47,2026-07-31 01:40:51,49,48.9,17.248,dongdaegu,1,1,True,target_available_at_arrival,available_count>0 at panel tick nearest as_of+tmap_eta,tmap_routes
ME183063,2026-07-23 14:17:56,2026-07-23 14:49:56,2026-07-23 14:53:09,32,32.5,9.561,dongdaegu,1,1,True,target_available_at_arrival,available_count>0 at panel tick nearest as_of+tmap_eta,tmap_routes
CV001580,2026-08-04 10:57:17,2026-08-04 11:17:17,2026-08-04 11:17:18,20,19.6,3.217,dongdaegu,2,2,True,target_available_at_arrival,available_count>0 at panel tick nearest as_of+tmap_eta,tmap_routes
ST272308,2026-07-30 02:03:06,2026-07-30 02:19:06,2026-07-30 02:23:08,16,15.9,3.465,dongdaegu,3,3,True,target_available_at_arrival,available_count>0 at panel tick nearest as_of+tmap_eta,tmap_routes
ME25C428,2026-08-02 06:46:59,2026-08-02 07:05:59,2026-08-02 07:07:01,19,18.8,3.899,dongdaegu,4,4,True,target_available_at_arrival,available_count>0 at panel tick nearest as_of+tmap_eta,tmap_routes
KE000244,2026-07-30 19:37:36,2026-07-30 20:04:36,2026-07-30 20:07:41,27,26.6,7.893,dongdaegu,1,1,True,target_available_at_arrival,available_count>0 at panel tick nearest as_of+tmap_eta,tmap_routes
ME18C259,2026-07-24 18:18:58,2026-07-24 18:42:58,2026-07-24 18:49:06,24,23.8,6.576,dongdaegu,2,2,True,target_available_at_arrival,available_count>0 at panel tick nearest as_of+tmap_eta,tmap_routes
LU100148,2026-08-06 06:55:56,2026-08-06 07:18:56,2026-08-06 07:25:58,23,23.1,7.057,dongdaegu,2,2,True,target_available_at_arrival,available_count>0 at panel tick nearest as_of+tmap_eta,tmap_routes
ST272925,2026-08-05 00:20:57,2026-08-05 00:53:57,2026-08-05 01:00:59,33,32.9,7.879,dongdaegu,2,2,True,target_available_at_arrival,available_count>0 at panel tick nearest as_of+tmap_eta,tmap_routes
HY000130,2026-07-23 12:42:31,2026-07-23 13:10:31,2026-07-23 13:12:42,28,28.1,9.534,dongdaegu,1,1,True,target_available_at_arrival,available_count>0 at panel tick nearest as_of+tmap_eta,tmap_routes
KP000237,2026-08-07 12:22:08,2026-08-07 12:46:08,2026-08-07 12:52:09,24,24.5,3.358,dongdaegu,2,2,True,target_available_at_arrival,available_count>0 at panel tick nearest as_of+tmap_eta,tmap_routes
IN053072,2026-07-30 23:58:14,2026-07-31 00:24:14,2026-07-31 00:30:44,26,25.9,8.457,dongdaegu,10,9,True,target_available_at_arrival,available_count>0 at panel tick nearest as_of+tmap_eta,tmap_routes
PI700664,2026-08-06 20:47:05,2026-08-06 21:04:05,2026-08-06 21:07:07,17,16.7,2.747,dongdaegu,1,1,True,target_available_at_arrival,available_count>0 at panel tick nearest as_of+tmap_eta,tmap_routes
PC000100,2026-07-29 08:57:45,2026-07-29 09:24:45,2026-07-29 09:27:57,27,27.1,6.084,dongdaegu,1,1,True,target_available_at_arrival,available_count>0 at panel tick nearest as_of+tmap_eta,tmap_routes
EV005193,2026-08-01 09:10:06,2026-08-01 09:45:06,2026-08-01 09:50:16,35,35.0,9.715,dongdaegu,3,3,True,target_available_at_arrival,available_count>0 at panel tick nearest as_of+tmap_eta,tmap_routes
CV003089,2026-07-29 17:59:24,2026-07-29 18:34:24,2026-07-29 18:39:33,35,35.2,10.526,dongdaegu,1,1,True,target_available_at_arrival,available_count>0 at panel tick nearest as_of+tmap_eta,tmap_routes
PI530037,2026-08-01 05:49:29,2026-08-01 06:12:29,2026-08-01 06:19:35,23,23.0,8.181,dongdaegu,1,1,True,target_available_at_arrival,available_count>0 at panel tick nearest as_of+tmap_eta,tmap_routes
KRC10088,2026-07-26 00:04:58,2026-07-26 00:40:58,2026-07-26 00:46:50,36,36.4,11.942,dongdaegu,1,1,True,target_available_at_arrival,available_count>0 at panel tick nearest as_of+tmap_eta,tmap_routes
KE000386,2026-08-04 17:37:44,2026-08-04 18:04:44,2026-08-04 18:07:46,27,27.0,10.39,dongdaegu,2,2,True,target_available_at_arrival,available_count>0 at panel tick nearest as_of+tmap_eta,tmap_routes
ME18C255,2026-07-26 21:19:48,2026-07-26 21:49:48,2026-07-26 21:49:53,30,29.8,8.943,dongdaegu,2,2,True,target_available_at_arrival,available_count>0 at panel tick nearest as_of+tmap_eta,tmap_routes
PI530314,2026-07-27 18:55:23,2026-07-27 19:49:23,2026-07-27 19:55:43,54,54.5,39.869,dongdaegu,1,1,True,target_available_at_arrival,available_count>0 at panel tick nearest as_of+tmap_eta,tmap_routes
SF001849,2026-08-07 16:32:34,2026-08-07 16:47:34,2026-08-07 16:52:35,15,15.4,1.463,dongdaegu,3,3,True,target_available_at_arrival,available_count>0 at panel tick nearest as_of+tmap_eta,tmap_routes
ME18C263,2026-07-25 18:44:13,2026-07-25 19:38:13,2026-07-25 19:44:24,54,54.1,25.684,dongdaegu,2,2,True,target_available_at_arrival,available_count>0 at panel tick nearest as_of+tmap_eta,tmap_routes
CV002197,2026-08-08 03:37:16,2026-08-08 04:03:16,2026-08-08 04:07:17,26,25.7,4.225,dongdaegu,1,1,True,target_available_at_arrival,available_count>0 at panel tick nearest as_of+tmap_eta,tmap_routes
PI530287,2026-07-28 03:18:35,2026-07-28 03:42:35,2026-07-28 03:48:39,24,24.2,7.048,dongdaegu,1,1,True,target_available_at_arrival,available_count>0 at panel tick nearest as_of+tmap_eta,tmap_routes
KP005376,2026-08-01 12:20:51,2026-08-01 13:15:51,2026-08-01 13:21:14,55,55.1,40.252,dongdaegu,1,1,True,target_available_at_arrival,available_count>0 at panel tick nearest as_of+tmap_eta,tmap_routes
EV005066,2026-07-22 13:40:00,2026-07-22 14:03:00,2026-07-22 14:10:04,23,22.6,6.339,dongdaegu,1,1,True,target_available_at_arrival,available_count>0 at panel tick nearest as_of+tmap_eta,tmap_routes
CV001623,2026-08-08 03:07:13,2026-08-08 03:40:13,2026-08-08 03:47:17,33,33.0,8.52,dongdaegu,2,2,True,target_available_at_arrival,available_count>0 at panel tick nearest as_of+tmap_eta,tmap_routes
CV003428,2026-07-31 23:26:13,2026-07-31 23:45:13,2026-07-31 23:46:16,19,18.9,3.756,dongdaegu,1,1,True,target_available_at_arrival,available_count>0 at panel tick nearest as_of+tmap_eta,tmap_routes
CV001297,2026-08-07 05:11:28,2026-08-07 05:29:28,2026-08-07 05:31:29,18,17.7,4.389,dongdaegu,1,1,True,target_available_at_arrival,available_count>0 at panel tick nearest as_of+tmap_eta,tmap_routes
LU002435,2026-08-02 22:29:27,2026-08-02 23:09:27,2026-08-02 23:09:31,40,40.1,20.089,dongdaegu,2,2,True,target_available_at_arrival,available_count>0 at panel tick nearest as_of+tmap_eta,tmap_routes
PIS00580,2026-07-30 19:37:36,2026-07-30 19:52:36,2026-07-30 19:57:39,15,15.2,2.833,dongdaegu,3,3,True,target_available_at_arrival,available_count>0 at panel tick nearest as_of+tmap_eta,tmap_routes
CV003801,2026-07-31 17:15:00,2026-07-31 17:52:00,2026-07-31 17:55:07,37,36.6,12.36,dongdaegu,2,2,True,target_available_at_arrival,available_count>0 at panel tick nearest as_of+tmap_eta,tmap_routes
CV004555,2026-08-04 22:48:06,2026-08-04 23:08:06,2026-08-04 23:08:07,20,19.8,3.775,dongdaegu,2,2,True,target_available_at_arrival,available_count>0 at panel tick nearest as_of+tmap_eta,tmap_routes
ME183070,2026-08-07 02:01:19,2026-08-07 02:50:19,2026-08-07 02:51:21,49,49.1,29.79,dongdaegu,1,1,True,target_available_at_arrival,available_count>0 at panel tick nearest as_of+tmap_eta,tmap_routes
PIS00565,2026-07-26 00:36:49,2026-07-26 01:00:49,2026-07-26 01:06:51,24,24.1,9.01,dongdaegu,2,2,True,target_available_at_arrival,available_count>0 at panel tick nearest as_of+tmap_eta,tmap_routes
ST271708,2026-07-23 13:12:42,2026-07-23 13:40:42,2026-07-23 13:42:49,28,27.9,6.624,dongdaegu,3,4,True,target_available_at_arrival,available_count>0 at panel tick nearest as_of+tmap_eta,tmap_routes
NS850022,2026-08-06 01:15:43,2026-08-06 01:32:43,2026-08-06 01:35:44,17,17.3,3.455,dongdaegu,2,2,True,target_available_at_arrival,available_count>0 at panel tick nearest as_of+tmap_eta,tmap_routes
KP004512,2026-08-02 17:08:43,2026-08-02 18:01:43,2026-08-02 18:08:52,53,52.8,33.739,dongdaegu,1,1,True,target_available_at_arrival,available_count>0 at panel tick nearest as_of+tmap_eta,tmap_routes
ME24A243,2026-07-31 09:22:29,2026-07-31 10:16:29,2026-07-31 10:22:37,54,54.0,40.6,dongdaegu,2,2,True,target_available_at_arrival,available_count>0 at panel tick nearest as_of+tmap_eta,tmap_routes
ST601045,2026-08-08 00:17:03,2026-08-08 00:56:03,2026-08-08 00:57:04,39,39.0,11.261,dongdaegu,6,6,True,target_available_at_arrival,available_count>0 at panel tick nearest as_of+tmap_eta,tmap_routes
CV003079,2026-08-08 07:37:28,2026-08-08 07:53:28,2026-08-08 07:57:31,16,16.3,3.908,dongdaegu,1,1,True,target_available_at_arrival,available_count>0 at panel tick nearest as_of+tmap_eta,tmap_routes
PI740066,2026-08-04 09:27:10,2026-08-04 09:42:10,2026-08-04 09:47:11,15,15.3,3.027,dongdaegu,1,1,True,target_available_at_arrival,available_count>0 at panel tick nearest as_of+tmap_eta,tmap_routes
ME19C404,2026-08-01 01:59:08,2026-08-01 02:24:08,2026-08-01 02:29:10,25,25.1,5.074,dongdaegu,3,1,True,target_available_at_arrival,available_count>0 at panel tick nearest as_of+tmap_eta,tmap_routes
EV005966,2026-08-07 08:31:47,2026-08-07 09:16:47,2026-08-07 09:21:52,45,44.7,15.17,dongdaegu,2,3,True,target_available_at_arrival,available_count>0 at panel tick nearest as_of+tmap_eta,tmap_routes
CV002862,2026-08-01 15:01:30,2026-08-01 15:56:30,2026-08-01 16:01:38,55,55.1,31.788,dongdaegu,1,1,True,target_available_at_arrival,available_count>0 at panel tick nearest as_of+tmap_eta,tmap_routes
PI645405,2026-08-07 10:21:57,2026-08-07 10:57:57,2026-08-07 11:02:04,36,35.8,12.364,dongdaegu,4,4,True,target_available_at_arrival,available_count>0 at panel tick nearest as_of+tmap_eta,tmap_routes
HW000501,2026-08-05 17:12:00,2026-08-05 17:30:00,2026-08-05 17:32:02,18,17.9,3.428,dongdaegu,4,4,True,target_available_at_arrival,available_count>0 at panel tick nearest as_of+tmap_eta,tmap_routes
KL002459,2026-08-01 05:59:31,2026-08-01 06:13:31,2026-08-01 06:19:35,14,13.9,1.914,dongdaegu,9,9,True,target_available_at_arrival,available_count>0 at panel tick nearest as_of+tmap_eta,tmap_routes
CV004336,2026-07-31 13:53:02,2026-07-31 14:33:02,2026-07-31 14:33:10,40,40.0,13.158,dongdaegu,9,8,True,target_available_at_arrival,available_count>0 at panel tick nearest as_of+tmap_eta,tmap_routes
PI530275,2026-07-23 07:04:18,2026-07-23 07:28:18,2026-07-23 07:29:25,24,24.2,7.702,dongdaegu,1,1,True,target_available_at_arrival,available_count>0 at panel tick nearest as_of+tmap_eta,tmap_routes
LU003147,2026-08-07 14:02:15,2026-08-07 14:22:15,2026-08-07 14:22:16,20,20.1,6.413,dongdaegu,2,2,True,target_available_at_arrival,available_count>0 at panel tick nearest as_of+tmap_eta,tmap_routes
EV005966,2026-08-04 20:17:54,2026-08-04 21:02:54,2026-08-04 21:07:59,45,44.7,15.17,dongdaegu,3,2,True,target_available_at_arrival,available_count>0 at panel tick nearest as_of+tmap_eta,tmap_routes
HM710014,2026-07-23 06:19:01,2026-07-23 06:56:01,2026-07-23 06:59:17,37,37.1,6.887,dongdaegu,1,1,True,target_available_at_arrival,available_count>0 at panel tick nearest as_of+tmap_eta,tmap_routes
CV003072,2026-08-04 23:48:09,2026-08-05 00:06:09,2026-08-05 00:08:10,18,17.8,3.667,dongdaegu,1,1,True,target_available_at_arrival,available_count>0 at panel tick nearest as_of+tmap_eta,tmap_routes
BNBN0721,2026-08-08 06:57:26,2026-08-08 07:22:26,2026-08-08 07:27:28,25,25.2,6.457,dongdaegu,1,1,True,target_available_at_arrival,available_count>0 at panel tick nearest as_of+tmap_eta,tmap_routes
PI530086,2026-08-04 12:17:25,2026-08-04 13:12:25,2026-08-04 13:17:28,55,55.4,26.06,dongdaegu,1,1,True,target_available_at_arrival,available_count>0 at panel tick nearest as_of+tmap_eta,tmap_routes
TDP00005,2026-08-03 18:33:49,2026-08-03 19:19:49,2026-08-03 19:23:52,46,46.4,22.772,dongdaegu,3,3,True,target_available_at_arrival,available_count>0 at panel tick nearest as_of+tmap_eta,tmap_routes
CV003535,2026-07-28 23:43:51,2026-07-29 00:03:51,2026-07-29 00:03:53,20,20.0,3.631,dongdaegu,6,6,True,target_available_at_arrival,available_count>0 at panel tick nearest as_of+tmap_eta,tmap_routes
ME19E139,2026-07-20 15:55:45,2026-07-20 17:02:45,2026-07-20 17:05:54,67,66.8,33.463,dongdaegu,1,1,True,target_available_at_arrival,available_count>0 at panel tick nearest as_of+tmap_eta,tmap_routes
PIS00555,2026-08-04 01:36:46,2026-08-04 01:54:46,2026-08-04 01:56:47,18,17.9,1.225,dongdaegu,8,8,True,target_available_at_arrival,available_count>0 at panel tick nearest as_of+tmap_eta,tmap_routes
CV003284,2026-08-04 04:56:55,2026-08-04 05:32:55,2026-08-04 05:36:56,36,35.6,8.37,dongdaegu,1,1,True,target_available_at_arrival,available_count>0 at panel tick nearest as_of+tmap_eta,tmap_routes
TS472920,2026-07-31 10:02:34,2026-07-31 10:08:34,2026-07-31 10:12:36,6,6.3,0.539,dongdaegu,2,2,True,target_available_at_arrival,available_count>0 at panel tick nearest as_of+tmap_eta,tmap_routes
CV003716,2026-07-31 13:02:57,2026-07-31 13:50:57,2026-07-31 13:53:02,48,48.1,26.925,dongdaegu,5,4,True,target_available_at_arrival,available_count>0 at panel tick nearest as_of+tmap_eta,tmap_routes
CV000557,2026-08-04 15:17:34,2026-08-04 15:41:34,2026-08-04 15:47:36,24,24.4,5.378,dongdaegu,1,0,False,target_available_at_arrival,available_count>0 at panel tick nearest as_of+tmap_eta,tmap_routes
CV002203,2026-08-05 04:51:08,2026-08-05 05:26:08,2026-08-05 05:31:09,35,35.2,13.714,dongdaegu,4,4,True,target_available_at_arrival,available_count>0 at panel tick nearest as_of+tmap_eta,tmap_routes
NT100595,2026-08-03 05:02:06,2026-08-03 05:31:06,2026-08-03 05:32:08,29,29.3,9.579,dongdaegu,2,2,True,target_available_at_arrival,available_count>0 at panel tick nearest as_of+tmap_eta,tmap_routes
EV008140,2026-07-30 20:27:46,2026-07-30 20:45:46,2026-07-30 20:47:49,18,17.8,1.688,dongdaegu,1,1,True,target_available_at_arrival,available_count>0 at panel tick nearest as_of+tmap_eta,tmap_routes
NT100237,2026-08-08 07:37:28,2026-08-08 08:10:28,2026-08-08 08:17:32,33,32.6,10.832,dongdaegu,2,1,True,target_available_at_arrival,available_count>0 at panel tick nearest as_of+tmap_eta,tmap_routes
CV000507,2026-07-27 01:42:23,2026-07-27 02:18:23,2026-07-27 02:22:26,36,35.7,7.788,dongdaegu,1,1,True,target_available_at_arrival,available_count>0 at panel tick nearest as_of+tmap_eta,tmap_routes
PI530328,2026-08-07 12:12:07,2026-08-07 12:55:07,2026-08-07 13:02:12,43,42.9,10.026,dongdaegu,1,1,True,target_available_at_arrival,available_count>0 at panel tick nearest as_of+tmap_eta,tmap_routes
PI783362,2026-07-24 13:07:49,2026-07-24 13:30:49,2026-07-24 13:37:53,23,23.0,7.919,dongdaegu,1,1,True,target_available_at_arrival,available_count>0 at panel tick nearest as_of+tmap_eta,tmap_routes
NT100108,2026-07-31 18:55:21,2026-07-31 19:24:21,2026-07-31 19:25:32,29,29.3,10.825,dongdaegu,1,1,True,target_available_at_arrival,available_count>0 at panel tick nearest as_of+tmap_eta,tmap_routes
CV003570,2026-08-06 22:07:15,2026-08-06 22:24:15,2026-08-06 22:27:16,17,17.3,2.175,dongdaegu,1,1,True,target_available_at_arrival,available_count>0 at panel tick nearest as_of+tmap_eta,tmap_routes
PI740284,2026-08-02 05:06:43,2026-08-02 05:29:43,2026-08-02 05:36:46,23,23.2,6.235,dongdaegu,1,1,True,target_available_at_arrival,available_count>0 at panel tick nearest as_of+tmap_eta,tmap_routes
CV002570,2026-07-29 05:36:53,2026-07-29 05:56:53,2026-07-29 05:56:57,20,19.7,3.538,dongdaegu,4,4,True,target_available_at_arrival,available_count>0 at panel tick nearest as_of+tmap_eta,tmap_routes
CV000509,2026-07-29 03:46:36,2026-07-29 03:59:36,2026-07-29 04:06:40,13,13.3,2.583,dongdaegu,1,1,True,target_available_at_arrival,available_count>0 at panel tick nearest as_of+tmap_eta,tmap_routes
CV002014,2026-07-27 13:14:14,2026-07-27 13:50:14,2026-07-27 13:54:27,36,35.5,11.855,dongdaegu,2,2,True,target_available_at_arrival,available_count>0 at panel tick nearest as_of+tmap_eta,tmap_routes
CV003097,2026-08-01 14:31:26,2026-08-01 14:47:26,2026-08-01 14:51:29,16,16.4,2.12,dongdaegu,2,2,True,target_available_at_arrival,available_count>0 at panel tick nearest as_of+tmap_eta,tmap_routes
CV003185,2026-07-23 13:27:45,2026-07-23 13:57:45,2026-07-23 13:57:52,30,30.1,9.788,dongdaegu,4,4,True,target_available_at_arrival,available_count>0 at panel tick nearest as_of+tmap_eta,tmap_routes
HM710014,2026-07-23 06:34:06,2026-07-23 07:11:06,2026-07-23 07:14:21,37,37.1,6.887,dongdaegu,1,1,True,target_available_at_arrival,available_count>0 at panel tick nearest as_of+tmap_eta,tmap_routes
CV003535,2026-08-03 14:32:47,2026-08-03 14:52:47,2026-08-03 14:52:48,20,20.0,3.631,dongdaegu,5,5,True,target_available_at_arrival,available_count>0 at panel tick nearest as_of+tmap_eta,tmap_routes
L3004610,2026-08-03 03:52:04,2026-08-03 04:20:04,2026-08-03 04:22:05,28,27.6,6.755,dongdaegu,1,1,True,target_available_at_arrival,available_count>0 at panel tick nearest as_of+tmap_eta,tmap_routes
CV000667,2026-07-26 11:58:32,2026-07-26 12:43:32,2026-07-26 12:48:38,45,45.4,18.244,dongdaegu,1,1,True,target_available_at_arrival,available_count>0 at panel tick nearest as_of+tmap_eta,tmap_routes
CV003786,2026-07-30 05:43:44,2026-07-30 06:07:44,2026-07-30 06:13:52,24,23.6,4.545,dongdaegu,11,11,True,target_available_at_arrival,available_count>0 at panel tick nearest as_of+tmap_eta,tmap_routes
KL001990,2026-07-23 14:33:01,2026-07-23 14:51:01,2026-07-23 14:53:09,18,17.8,2.838,dongdaegu,3,2,True,target_available_at_arrival,available_count>0 at panel tick nearest as_of+tmap_eta,tmap_routes
NX000019,2026-07-30 08:24:20,2026-07-30 08:49:20,2026-07-30 08:54:25,25,25.0,5.726,dongdaegu,1,1,True,target_available_at_arrival,available_count>0 at panel tick nearest as_of+tmap_eta,tmap_routes
CV004698,2026-07-31 07:42:04,2026-07-31 08:00:04,2026-07-31 08:02:10,18,18.4,2.885,dongdaegu,2,2,True,target_available_at_arrival,available_count>0 at panel tick nearest as_of+tmap_eta,tmap_routes
KE001046,2026-08-05 06:01:10,2026-08-05 06:20:10,2026-08-05 06:21:11,19,19.2,4.181,dongdaegu,1,1,True,target_available_at_arrival,available_count>0 at panel tick nearest as_of+tmap_eta,tmap_routes
LU100968,2026-08-08 05:57:24,2026-08-08 06:10:24,2026-08-08 06:17:24,13,12.8,0.497,dongdaegu,2,2,True,target_available_at_arrival,available_count>0 at panel tick nearest as_of+tmap_eta,tmap_routes
ME18C230,2026-07-19 08:34:29,2026-07-19 09:28:29,2026-07-19 09:34:32,54,54.0,40.041,dongdaegu,2,2,True,target_available_at_arrival,available_count>0 at panel tick nearest as_of+tmap_eta,tmap_routes
EV003987,2026-07-25 12:34:37,2026-07-25 13:07:37,2026-07-25 13:14:42,33,32.6,10.296,dongdaegu,6,6,True,target_available_at_arrival,available_count>0 at panel tick nearest as_of+tmap_eta,tmap_routes
PL031519,2026-07-29 20:09:52,2026-07-29 20:36:52,2026-07-29 20:39:56,27,26.8,6.055,dongdaegu,1,1,True,target_available_at_arrival,available_count>0 at panel tick nearest as_of+tmap_eta,tmap_routes
CV000519,2026-07-24 08:46:58,2026-07-24 09:12:58,2026-07-24 09:17:10,26,25.8,5.074,dongdaegu,1,1,True,target_available_at_arrival,available_count>0 at panel tick nearest as_of+tmap_eta,tmap_routes
CV002371,2026-08-05 16:41:58,2026-08-05 17:11:58,2026-08-05 17:12:00,30,29.7,7.719,dongdaegu,2,2,True,target_available_at_arrival,available_count>0 at panel tick nearest as_of+tmap_eta,tmap_routes
PI690013,2026-08-01 09:10:06,2026-08-01 09:46:06,2026-08-01 09:50:16,36,36.5,13.527,dongdaegu,17,17,True,target_available_at_arrival,available_count>0 at panel tick nearest as_of+tmap_eta,tmap_routes
PW010211,2026-08-06 18:36:49,2026-08-06 19:50:49,2026-08-06 19:56:54,74,74.0,30.326,dongdaegu,2,2,True,target_available_at_arrival,available_count>0 at panel tick nearest as_of+tmap_eta,tmap_routes
CV000670,2026-07-24 20:59:30,2026-07-24 21:33:30,2026-07-24 21:39:36,34,34.3,10.214,dongdaegu,1,1,True,target_available_at_arrival,available_count>0 at panel tick nearest as_of+tmap_eta,tmap_routes
ME183058,2026-07-27 06:22:56,2026-07-27 06:30:56,2026-07-27 06:32:57,8,8.1,1.178,dongdaegu,1,1,True,target_available_at_arrival,available_count>0 at panel tick nearest as_of+tmap_eta,tmap_routes
ME19E217,2026-08-01 09:50:16,2026-08-01 10:17:16,2026-08-01 10:20:29,27,26.8,6.823,dongdaegu,2,1,True,target_available_at_arrival,available_count>0 at panel tick nearest as_of+tmap_eta,tmap_routes
CV002321,2026-07-27 16:45:00,2026-07-27 17:18:00,2026-07-27 17:25:06,33,33.2,9.951,dongdaegu,1,1,True,target_available_at_arrival,available_count>0 at panel tick nearest as_of+tmap_eta,tmap_routes
CV004253,2026-07-31 06:31:41,2026-07-31 07:25:41,2026-07-31 07:32:03,54,53.6,40.474,dongdaegu,2,2,True,target_available_at_arrival,available_count>0 at panel tick nearest as_of+tmap_eta,tmap_routes
CV003085,2026-08-08 05:27:22,2026-08-08 05:51:22,2026-08-08 05:57:24,24,24.5,6.588,dongdaegu,2,2,True,target_available_at_arrival,available_count>0 at panel tick nearest as_of+tmap_eta,tmap_routes
CV001632,2026-07-22 10:39:30,2026-07-22 11:07:30,2026-07-22 11:09:40,28,27.8,8.198,dongdaegu,1,1,True,target_available_at_arrival,available_count>0 at panel tick nearest as_of+tmap_eta,tmap_routes
KP004852,2026-07-27 17:15:05,2026-07-27 17:52:05,2026-07-27 17:55:11,37,36.9,12.656,dongdaegu,1,1,True,target_available_at_arrival,available_count>0 at panel tick nearest as_of+tmap_eta,tmap_routes
KP010445,2026-08-01 20:02:28,2026-08-01 20:16:28,2026-08-01 20:22:34,14,13.8,2.285,dongdaegu,1,1,True,target_available_at_arrival,available_count>0 at panel tick nearest as_of+tmap_eta,tmap_routes
CV003133,2026-07-24 21:09:32,2026-07-24 21:42:32,2026-07-24 21:49:37,33,33.2,8.22,dongdaegu,1,1,True,target_available_at_arrival,available_count>0 at panel tick nearest as_of+tmap_eta,tmap_routes
EV006297,2026-08-08 00:03:25,2026-08-08 00:21:25,2026-08-08 00:27:03,18,17.9,4.098,dongdaegu,2,2,True,target_available_at_arrival,available_count>0 at panel tick nearest as_of+tmap_eta,tmap_routes
CV001308,2026-07-31 21:05:52,2026-07-31 21:51:52,2026-07-31 21:55:58,46,46.1,16.696,dongdaegu,4,4,True,target_available_at_arrival,available_count>0 at panel tick nearest as_of+tmap_eta,tmap_routes
ME25C276,2026-08-01 09:20:08,2026-08-01 10:18:08,2026-08-01 10:20:29,58,58.0,30.689,dongdaegu,2,2,True,target_available_at_arrival,available_count>0 at panel tick nearest as_of+tmap_eta,tmap_routes
TS271102,2026-08-02 20:49:18,2026-08-02 21:13:18,2026-08-02 21:19:22,24,24.1,4.27,dongdaegu,4,4,True,target_available_at_arrival,available_count>0 at panel tick nearest as_of+tmap_eta,tmap_routes
CV002012,2026-07-27 12:44:06,2026-07-27 13:18:06,2026-07-27 13:24:19,34,33.6,10.327,dongdaegu,1,1,True,target_available_at_arrival,available_count>0 at panel tick nearest as_of+tmap_eta,tmap_routes
LU101255,2026-08-04 17:37:44,2026-08-04 17:52:44,2026-08-04 17:57:45,15,15.0,0.469,dongdaegu,4,4,True,target_available_at_arrival,available_count>0 at panel tick nearest as_of+tmap_eta,tmap_routes
ME24A243,2026-07-26 06:17:35,2026-07-26 07:11:35,2026-07-26 07:17:41,54,54.0,40.6,dongdaegu,2,2,True,target_available_at_arrival,available_count>0 at panel tick nearest as_of+tmap_eta,tmap_routes
EV005349,2026-08-05 13:41:46,2026-08-05 14:20:46,2026-08-05 14:21:49,39,39.3,12.559,dongdaegu,10,10,True,target_available_at_arrival,available_count>0 at panel tick nearest as_of+tmap_eta,tmap_routes
LU001561,2026-08-03 00:51:56,2026-08-03 00:55:56,2026-08-03 01:01:57,4,4.5,0.671,dongdaegu,4,4,True,target_available_at_arrival,available_count>0 at panel tick nearest as_of+tmap_eta,tmap_routes
PI740241,2026-08-01 04:49:24,2026-08-01 05:03:24,2026-08-01 05:09:26,14,13.5,2.053,dongdaegu,1,1,True,target_available_at_arrival,available_count>0 at panel tick nearest as_of+tmap_eta,tmap_routes
CV000657,2026-08-03 16:52:59,2026-08-03 17:12:59,2026-08-03 17:13:00,20,19.6,3.582,dongdaegu,1,1,True,target_available_at_arrival,available_count>0 at panel tick nearest as_of+tmap_eta,tmap_routes
EV014736,2026-08-05 16:31:58,2026-08-05 16:41:58,2026-08-05 16:41:58,10,10.3,1.868,dongdaegu,1,1,True,target_available_at_arrival,available_count>0 at panel tick nearest as_of+tmap_eta,tmap_routes
PI780101,2026-07-31 10:52:40,2026-07-31 11:17:40,2026-07-31 11:22:43,25,24.6,6.622,dongdaegu,2,2,True,target_available_at_arrival,available_count>0 at panel tick nearest as_of+tmap_eta,tmap_routes
IN053044,2026-07-31 11:12:42,2026-07-31 11:52:42,2026-07-31 11:52:46,40,40.2,13.147,dongdaegu,10,10,True,target_available_at_arrival,available_count>0 at panel tick nearest as_of+tmap_eta,tmap_routes
ME25C170,2026-07-21 14:52:19,2026-07-21 15:21:19,2026-07-21 15:22:23,29,28.6,8.088,dongdaegu,1,1,True,target_available_at_arrival,available_count>0 at panel tick nearest as_of+tmap_eta,tmap_routes
ME23B115,2026-08-01 15:01:30,2026-08-01 15:37:30,2026-08-01 15:41:35,36,35.7,7.443,dongdaegu,1,1,True,target_available_at_arrival,available_count>0 at panel tick nearest as_of+tmap_eta,tmap_routes
TDP00005,2026-08-03 09:22:26,2026-08-03 10:08:26,2026-08-03 10:12:31,46,46.4,22.772,dongdaegu,3,3,True,target_available_at_arrival,available_count>0 at panel tick nearest as_of+tmap_eta,tmap_routes
CV003132,2026-08-05 22:42:29,2026-08-05 23:15:29,2026-08-05 23:22:31,33,32.7,11.251,dongdaegu,1,0,False,target_available_at_arrival,available_count>0 at panel tick nearest as_of+tmap_eta,tmap_routes
CV000906,2026-08-05 15:51:56,2026-08-05 15:59:56,2026-08-05 16:01:56,8,7.7,1.201,dongdaegu,1,1,True,target_available_at_arrival,available_count>0 at panel tick nearest as_of+tmap_eta,tmap_routes
KE001011,2026-08-07 20:03:03,2026-08-07 20:33:03,2026-08-07 20:33:07,30,29.5,5.032,dongdaegu,1,1,True,target_available_at_arrival,available_count>0 at panel tick nearest as_of+tmap_eta,tmap_routes
PI530289,2026-08-04 07:47:04,2026-08-04 08:02:04,2026-08-04 08:07:05,15,15.1,2.899,dongdaegu,1,1,True,target_available_at_arrival,available_count>0 at panel tick nearest as_of+tmap_eta,tmap_routes
GS000031,2026-08-05 08:51:21,2026-08-05 09:11:21,2026-08-05 09:11:23,20,19.6,4.359,dongdaegu,2,2,True,target_available_at_arrival,available_count>0 at panel tick nearest as_of+tmap_eta,tmap_routes
PI122336,2026-07-27 08:43:28,2026-07-27 09:26:28,2026-07-27 09:33:36,43,43.4,15.158,dongdaegu,1,1,True,target_available_at_arrival,available_count>0 at panel tick nearest as_of+tmap_eta,tmap_routes
CV003185,2026-07-18 20:06:10,2026-07-18 20:36:10,2026-07-18 20:36:12,30,30.1,9.788,dongdaegu,4,5,True,target_available_at_arrival,available_count>0 at panel tick nearest as_of+tmap_eta,tmap_routes
PI740263,2026-07-28 00:38:20,2026-07-28 01:21:20,2026-07-28 01:28:25,43,43.4,15.153,dongdaegu,1,1,True,target_available_at_arrival,available_count>0 at panel tick nearest as_of+tmap_eta,tmap_routes
CV001885,2026-07-24 20:09:20,2026-07-24 20:49:20,2026-07-24 20:49:27,40,39.5,13.367,dongdaegu,4,4,True,target_available_at_arrival,available_count>0 at panel tick nearest as_of+tmap_eta,tmap_routes
PI753881,2026-08-06 02:45:47,2026-08-06 03:03:47,2026-08-06 03:05:47,18,18.1,5.485,dongdaegu,2,2,True,target_available_at_arrival,available_count>0 at panel tick nearest as_of+tmap_eta,tmap_routes
SF002932,2026-08-06 17:56:46,2026-08-06 18:12:46,2026-08-06 18:16:47,16,16.3,3.712,dongdaegu,2,2,True,target_available_at_arrival,available_count>0 at panel tick nearest as_of+tmap_eta,tmap_routes
EV006297,2026-07-30 07:34:13,2026-07-30 07:52:13,2026-07-30 07:54:16,18,17.9,4.098,dongdaegu,1,1,True,target_available_at_arrival,available_count>0 at panel tick nearest as_of+tmap_eta,tmap_routes
CV001604,2026-08-07 07:51:40,2026-08-07 08:20:40,2026-08-07 08:21:44,29,28.8,6.963,dongdaegu,2,2,True,target_available_at_arrival,available_count>0 at panel tick nearest as_of+tmap_eta,tmap_routes
CV003143,2026-07-29 19:19:40,2026-07-29 19:52:40,2026-07-29 19:59:51,33,33.0,12.115,dongdaegu,1,1,True,target_available_at_arrival,available_count>0 at panel tick nearest as_of+tmap_eta,tmap_routes
ME18C177,2026-08-02 22:19:27,2026-08-02 23:16:27,2026-08-02 23:19:32,57,57.1,32.73,dongdaegu,1,1,True,target_available_at_arrival,available_count>0 at panel tick nearest as_of+tmap_eta,tmap_routes
SF003166,2026-08-05 03:01:04,2026-08-05 03:17:04,2026-08-05 03:21:05,16,16.0,1.377,dongdaegu,1,1,True,target_available_at_arrival,available_count>0 at panel tick nearest as_of+tmap_eta,tmap_routes
SF003187,2026-08-07 23:23:23,2026-08-07 23:53:23,2026-08-07 23:53:25,30,29.6,9.475,dongdaegu,8,8,True,target_available_at_arrival,available_count>0 at panel tick nearest as_of+tmap_eta,tmap_routes
LU002435,2026-07-31 01:20:49,2026-07-31 02:00:49,2026-07-31 02:00:53,40,40.1,20.089,dongdaegu,2,2,True,target_available_at_arrival,available_count>0 at panel tick nearest as_of+tmap_eta,tmap_routes
CV003077,2026-08-08 03:57:17,2026-08-08 04:24:17,2026-08-08 04:27:18,27,26.6,8.273,dongdaegu,1,1,True,target_available_at_arrival,available_count>0 at panel tick nearest as_of+tmap_eta,tmap_routes
SF001110,2026-07-22 15:20:24,2026-07-22 15:44:24,2026-07-22 15:50:34,24,24.3,4.267,dongdaegu,1,1,True,target_available_at_arrival,available_count>0 at panel tick nearest as_of+tmap_eta,tmap_routes
CV000547,2026-07-30 20:57:50,2026-07-30 21:16:50,2026-07-30 21:17:54,19,18.8,4.043,dongdaegu,1,1,True,target_available_at_arrival,available_count>0 at panel tick nearest as_of+tmap_eta,tmap_routes
PI530303,2026-07-24 03:42:20,2026-07-24 04:08:20,2026-07-24 04:12:54,26,25.5,6.41,dongdaegu,3,3,True,target_available_at_arrival,available_count>0 at panel tick nearest as_of+tmap_eta,tmap_routes
PIH02046,2026-07-28 03:08:35,2026-07-28 03:35:35,2026-07-28 03:38:38,27,27.3,9.361,dongdaegu,1,1,True,target_available_at_arrival,available_count>0 at panel tick nearest as_of+tmap_eta,tmap_routes
CV002253,2026-07-27 12:54:07,2026-07-27 13:40:07,2026-07-27 13:44:23,46,46.0,21.152,dongdaegu,15,13,True,target_available_at_arrival,available_count>0 at panel tick nearest as_of+tmap_eta,tmap_routes
SF003317,2026-08-05 22:12:27,2026-08-05 22:22:27,2026-08-05 22:22:28,10,10.3,0.691,dongdaegu,1,1,True,target_available_at_arrival,available_count>0 at panel tick nearest as_of+tmap_eta,tmap_routes
EV008234,2026-08-01 10:10:28,2026-08-01 10:44:28,2026-08-01 10:50:33,34,33.6,9.097,dongdaegu,4,4,True,target_available_at_arrival,available_count>0 at panel tick nearest as_of+tmap_eta,tmap_routes
HE240381,2026-07-28 12:40:49,2026-07-28 13:43:49,2026-07-28 13:51:13,63,63.2,24.855,dongdaegu,1,0,False,target_available_at_arrival,available_count>0 at panel tick nearest as_of+tmap_eta,tmap_routes
CV003149,2026-08-01 00:06:21,2026-08-01 00:38:21,2026-08-01 00:38:59,32,32.5,13.366,dongdaegu,1,1,True,target_available_at_arrival,available_count>0 at panel tick nearest as_of+tmap_eta,tmap_routes
ME20C185,2026-08-01 00:28:56,2026-08-01 01:03:56,2026-08-01 01:09:03,35,34.6,12.087,dongdaegu,1,1,True,target_available_at_arrival,available_count>0 at panel tick nearest as_of+tmap_eta,tmap_routes
KE000548,2026-08-08 01:57:09,2026-08-08 02:02:09,2026-08-08 02:07:09,5,4.6,0.685,dongdaegu,2,2,True,target_available_at_arrival,available_count>0 at panel tick nearest as_of+tmap_eta,tmap_routes
CV001489,2026-07-30 14:05:56,2026-07-30 14:40:56,2026-07-30 14:46:08,35,35.4,10.18,dongdaegu,2,2,True,target_available_at_arrival,available_count>0 at panel tick nearest as_of+tmap_eta,tmap_routes
ST601440,2026-07-31 00:20:43,2026-07-31 00:39:43,2026-07-31 00:40:46,19,18.7,3.878,dongdaegu,1,1,True,target_available_at_arrival,available_count>0 at panel tick nearest as_of+tmap_eta,tmap_routes
CV003568,2026-07-23 05:48:55,2026-07-23 06:13:55,2026-07-23 06:14:00,25,25.1,6.14,dongdaegu,1,1,True,target_available_at_arrival,available_count>0 at panel tick nearest as_of+tmap_eta,tmap_routes
PC000306,2026-08-04 12:37:26,2026-08-04 13:16:26,2026-08-04 13:17:28,39,39.1,12.302,dongdaegu,7,7,True,target_available_at_arrival,available_count>0 at panel tick nearest as_of+tmap_eta,tmap_routes
LU002386,2026-08-03 03:42:03,2026-08-03 04:18:03,2026-08-03 04:22:05,36,35.8,8.682,dongdaegu,3,3,True,target_available_at_arrival,available_count>0 at panel tick nearest as_of+tmap_eta,tmap_routes
DC530009,2026-07-23 06:14:00,2026-07-23 06:50:00,2026-07-23 06:54:16,36,36.1,8.473,dongdaegu,10,10,True,target_available_at_arrival,available_count>0 at panel tick nearest as_of+tmap_eta,tmap_routes
PI740435,2026-07-28 12:30:43,2026-07-28 13:08:43,2026-07-28 13:11:09,38,37.5,11.158,dongdaegu,2,1,True,target_available_at_arrival,available_count>0 at panel tick nearest as_of+tmap_eta,tmap_routes
KP005260,2026-08-07 07:41:39,2026-08-07 08:41:39,2026-08-07 08:41:47,60,59.8,23.596,dongdaegu,2,2,True,target_available_at_arrival,available_count>0 at panel tick nearest as_of+tmap_eta,tmap_routes
PI740291,2026-08-05 16:01:56,2026-08-05 16:19:56,2026-08-05 16:21:57,18,18.4,2.827,dongdaegu,1,1,True,target_available_at_arrival,available_count>0 at panel tick nearest as_of+tmap_eta,tmap_routes
EV007654,2026-07-31 12:22:49,2026-07-31 12:51:49,2026-07-31 12:52:56,29,29.4,8.407,dongdaegu,1,1,True,target_available_at_arrival,available_count>0 at panel tick nearest as_of+tmap_eta,tmap_routes
KP010627,2026-08-02 13:58:14,2026-08-02 14:16:14,2026-08-02 14:18:17,18,17.9,3.676,dongdaegu,2,2,True,target_available_at_arrival,available_count>0 at panel tick nearest as_of+tmap_eta,tmap_routes
PW012368,2026-08-06 13:56:25,2026-08-06 14:24:25,2026-08-06 14:26:27,28,28.5,10.054,dongdaegu,2,2,True,target_available_at_arrival,available_count>0 at panel tick nearest as_of+tmap_eta,tmap_routes
PI530282,2026-07-25 20:24:29,2026-07-25 20:50:29,2026-07-25 20:54:34,26,25.9,4.171,dongdaegu,2,2,True,target_available_at_arrival,available_count>0 at panel tick nearest as_of+tmap_eta,tmap_routes
EV006614,2026-07-26 01:36:57,2026-07-26 02:14:57,2026-07-26 02:17:01,38,37.6,13.391,dongdaegu,1,1,True,target_available_at_arrival,available_count>0 at panel tick nearest as_of+tmap_eta,tmap_routes
ME18C171,2026-07-28 01:28:25,2026-07-28 01:52:25,2026-07-28 01:58:28,24,23.6,4.864,dongdaegu,1,1,True,target_available_at_arrival,available_count>0 at panel tick nearest as_of+tmap_eta,tmap_routes
PI306105,2026-07-31 23:36:15,2026-07-31 23:49:15,2026-07-31 23:56:18,13,13.3,2.325,dongdaegu,6,6,True,target_available_at_arrival,available_count>0 at panel tick nearest as_of+tmap_eta,tmap_routes
CV001619,2026-07-23 14:33:01,2026-07-23 14:45:01,2026-07-23 14:48:04,12,11.5,2.258,dongdaegu,1,1,True,target_available_at_arrival,available_count>0 at panel tick nearest as_of+tmap_eta,tmap_routes
PI530033,2026-08-08 06:27:25,2026-08-08 06:47:25,2026-08-08 06:47:26,20,20.4,4.625,dongdaegu,1,1,True,target_available_at_arrival,available_count>0 at panel tick nearest as_of+tmap_eta,tmap_routes
PI740628,2026-07-25 17:04:00,2026-07-25 17:30:00,2026-07-25 17:34:04,26,26.1,8.918,dongdaegu,1,1,True,target_available_at_arrival,available_count>0 at panel tick nearest as_of+tmap_eta,tmap_routes
CV000616,2026-07-27 12:13:58,2026-07-27 12:37:58,2026-07-27 12:44:06,24,24.3,3.502,dongdaegu,1,1,True,target_available_at_arrival,available_count>0 at panel tick nearest as_of+tmap_eta,tmap_routes
CV001594,2026-08-04 07:07:00,2026-08-04 07:33:00,2026-08-04 07:37:03,26,25.9,6.561,dongdaegu,2,2,True,target_available_at_arrival,available_count>0 at panel tick nearest as_of+tmap_eta,tmap_routes
CV001316,2026-08-03 18:13:47,2026-08-03 18:46:47,2026-08-03 18:53:50,33,32.6,7.903,dongdaegu,2,2,True,target_available_at_arrival,available_count>0 at panel tick nearest as_of+tmap_eta,tmap_routes
CV002203,2026-07-22 16:20:38,2026-07-22 16:55:38,2026-07-22 17:00:56,35,35.2,13.714,dongdaegu,2,2,True,target_available_at_arrival,available_count>0 at panel tick nearest as_of+tmap_eta,tmap_routes
CI0F0003,2026-07-28 17:32:33,2026-07-28 18:17:33,2026-07-28 18:22:54,45,44.6,12.526,dongdaegu,1,1,True,target_available_at_arrival,available_count>0 at panel tick nearest as_of+tmap_eta,tmap_routes
PI740352,2026-08-03 13:52:45,2026-08-03 14:42:45,2026-08-03 14:42:48,50,49.7,27.831,dongdaegu,1,1,True,target_available_at_arrival,available_count>0 at panel tick nearest as_of+tmap_eta,tmap_routes
CV003090,2026-08-07 00:41:16,2026-08-07 01:29:16,2026-08-07 01:31:18,48,48.2,11.633,dongdaegu,1,1,True,target_available_at_arrival,available_count>0 at panel tick nearest as_of+tmap_eta,tmap_routes
CV003716,2026-07-30 09:54:39,2026-07-30 10:42:39,2026-07-30 10:44:59,48,48.1,26.925,dongdaegu,6,6,True,target_available_at_arrival,available_count>0 at panel tick nearest as_of+tmap_eta,tmap_routes
ME19E139,2026-08-01 00:18:55,2026-08-01 01:25:55,2026-08-01 01:29:05,67,66.8,33.463,dongdaegu,1,1,True,target_available_at_arrival,available_count>0 at panel tick nearest as_of+tmap_eta,tmap_routes
CV000991,2026-07-18 15:20:44,2026-07-18 15:44:44,2026-07-18 15:50:46,24,23.5,6.811,dongdaegu,1,1,True,target_available_at_arrival,available_count>0 at panel tick nearest as_of+tmap_eta,tmap_routes
KE000354,2026-08-03 09:42:29,2026-08-03 09:59:29,2026-08-03 10:02:30,17,16.6,4.132,dongdaegu,3,3,True,target_available_at_arrival,available_count>0 at panel tick nearest as_of+tmap_eta,tmap_routes
ME20C287,2026-07-23 05:53:56,2026-07-23 06:14:56,2026-07-23 06:19:01,21,21.0,5.262,dongdaegu,2,2,True,target_available_at_arrival,available_count>0 at panel tick nearest as_of+tmap_eta,tmap_routes
ME184068,2026-08-05 22:42:29,2026-08-05 23:16:29,2026-08-05 23:22:31,34,34.5,7.153,dongdaegu,1,0,False,target_available_at_arrival,available_count>0 at panel tick nearest as_of+tmap_eta,tmap_routes
PI530280,2026-07-29 04:46:47,2026-07-29 05:13:47,2026-07-29 05:16:52,27,26.6,8.385,dongdaegu,2,2,True,target_available_at_arrival,available_count>0 at panel tick nearest as_of+tmap_eta,tmap_routes
CV002956,2026-07-30 12:35:22,2026-07-30 12:58:22,2026-07-30 13:05:26,23,23.3,7.169,dongdaegu,1,1,True,target_available_at_arrival,available_count>0 at panel tick nearest as_of+tmap_eta,tmap_routes
PIS00549,2026-07-23 08:24:51,2026-07-23 08:59:51,2026-07-23 09:00:25,35,34.7,10.454,dongdaegu,1,1,True,target_available_at_arrival,available_count>0 at panel tick nearest as_of+tmap_eta,tmap_routes
CV001580,2026-07-31 18:25:12,2026-07-31 18:45:12,2026-07-31 18:45:19,20,19.6,3.217,dongdaegu,2,2,True,target_available_at_arrival,available_count>0 at panel tick nearest as_of+tmap_eta,tmap_routes
NT100108,2026-08-05 20:02:20,2026-08-05 20:31:20,2026-08-05 20:32:22,29,29.3,10.825,dongdaegu,1,1,True,target_available_at_arrival,available_count>0 at panel tick nearest as_of+tmap_eta,tmap_routes
DC530029,2026-07-23 07:09:20,2026-07-23 07:54:20,2026-07-23 07:54:38,45,44.9,12.015,dongdaegu,3,3,True,target_available_at_arrival,available_count>0 at panel tick nearest as_of+tmap_eta,tmap_routes
CV000799,2026-07-28 05:58:59,2026-07-28 06:42:59,2026-07-28 06:49:05,44,43.8,8.916,dongdaegu,1,1,True,target_available_at_arrival,available_count>0 at panel tick nearest as_of+tmap_eta,tmap_routes
ST271704,2026-08-05 01:41:00,2026-08-05 02:10:00,2026-08-05 02:11:02,29,29.4,7.17,dongdaegu,1,1,True,target_available_at_arrival,available_count>0 at panel tick nearest as_of+tmap_eta,tmap_routes
EV005350,2026-07-30 17:37:06,2026-07-30 18:16:06,2026-07-30 18:17:11,39,39.1,12.479,dongdaegu,1,0,False,target_available_at_arrival,available_count>0 at panel tick nearest as_of+tmap_eta,tmap_routes
CV004134,2026-07-27 08:53:30,2026-07-27 09:10:30,2026-07-27 09:13:33,17,17.2,6.562,dongdaegu,6,6,True,target_available_at_arrival,available_count>0 at panel tick nearest as_of+tmap_eta,tmap_routes
LU003651,2026-07-30 08:54:25,2026-07-30 09:51:25,2026-07-30 09:54:39,57,57.2,26.562,dongdaegu,3,3,True,target_available_at_arrival,available_count>0 at panel tick nearest as_of+tmap_eta,tmap_routes
ST600649,2026-07-26 00:46:50,2026-07-26 01:06:50,2026-07-26 01:06:51,20,19.5,7.153,dongdaegu,2,2,True,target_available_at_arrival,available_count>0 at panel tick nearest as_of+tmap_eta,tmap_routes
ST601140,2026-07-28 15:42:04,2026-07-28 16:19:04,2026-07-28 16:22:13,37,37.3,12.538,dongdaegu,3,3,True,target_available_at_arrival,available_count>0 at panel tick nearest as_of+tmap_eta,tmap_routes
HW000692,2026-07-27 01:22:21,2026-07-27 01:30:21,2026-07-27 01:32:22,8,8.3,1.603,dongdaegu,1,1,True,target_available_at_arrival,available_count>0 at panel tick nearest as_of+tmap_eta,tmap_routes
CV004550,2026-08-05 08:11:19,2026-08-05 08:35:19,2026-08-05 08:41:21,24,24.4,3.14,dongdaegu,1,1,True,target_available_at_arrival,available_count>0 at panel tick nearest as_of+tmap_eta,tmap_routes
CV003237,2026-07-30 10:04:44,2026-07-30 10:31:44,2026-07-30 10:34:53,27,27.1,8.007,dongdaegu,1,1,True,target_available_at_arrival,available_count>0 at panel tick nearest as_of+tmap_eta,tmap_routes
PIH00573,2026-07-31 08:42:23,2026-07-31 09:02:23,2026-07-31 09:02:26,20,20.4,3.842,dongdaegu,2,2,True,target_available_at_arrival,available_count>0 at panel tick nearest as_of+tmap_eta,tmap_routes
SF000324,2026-08-07 04:31:26,2026-08-07 05:09:26,2026-08-07 05:11:28,38,38.0,12.916,dongdaegu,9,9,True,target_available_at_arrival,available_count>0 at panel tick nearest as_of+tmap_eta,tmap_routes
ME22C1A2,2026-07-26 13:08:40,2026-07-26 13:47:40,2026-07-26 13:48:45,39,39.2,13.424,dongdaegu,1,1,True,target_available_at_arrival,available_count>0 at panel tick nearest as_of+tmap_eta,tmap_routes
EC270009,2026-08-07 06:21:33,2026-08-07 07:09:33,2026-08-07 07:11:35,48,48.2,12.61,dongdaegu,6,6,True,target_available_at_arrival,available_count>0 at panel tick nearest as_of+tmap_eta,tmap_routes
CV001894,2026-07-27 11:03:46,2026-07-27 11:20:46,2026-07-27 11:23:48,17,16.7,3.567,dongdaegu,2,2,True,target_available_at_arrival,available_count>0 at panel tick nearest as_of+tmap_eta,tmap_routes
ME22C253,2026-08-01 04:09:20,2026-08-01 04:43:20,2026-08-01 04:49:24,34,34.5,12.074,dongdaegu,1,2,True,target_available_at_arrival,available_count>0 at panel tick nearest as_of+tmap_eta,tmap_routes
CV002279,2026-08-04 02:06:48,2026-08-04 02:24:48,2026-08-04 02:26:49,18,17.9,4.819,dongdaegu,3,3,True,target_available_at_arrival,available_count>0 at panel tick nearest as_of+tmap_eta,tmap_routes
CV004464,2026-07-29 18:49:35,2026-07-29 19:13:35,2026-07-29 19:19:40,24,23.7,8.761,dongdaegu,3,3,True,target_available_at_arrival,available_count>0 at panel tick nearest as_of+tmap_eta,tmap_routes
PC000442,2026-07-28 16:52:20,2026-07-28 17:19:20,2026-07-28 17:22:32,27,27.2,5.475,dongdaegu,1,1,True,target_available_at_arrival,available_count>0 at panel tick nearest as_of+tmap_eta,tmap_routes
CV000816,2026-08-05 12:51:43,2026-08-05 13:27:43,2026-08-05 13:31:46,36,35.7,10.475,dongdaegu,1,1,True,target_available_at_arrival,available_count>0 at panel tick nearest as_of+tmap_eta,tmap_routes
CV001601,2026-08-07 08:41:47,2026-08-07 09:19:47,2026-08-07 09:21:52,38,38.1,7.168,dongdaegu,2,1,True,target_available_at_arrival,available_count>0 at panel tick nearest as_of+tmap_eta,tmap_routes
PW014280,2026-07-30 21:57:59,2026-07-30 22:32:59,2026-07-30 22:38:06,35,34.7,12.73,dongdaegu,3,3,True,target_available_at_arrival,available_count>0 at panel tick nearest as_of+tmap_eta,tmap_routes
CV000504,2026-08-01 05:49:29,2026-08-01 06:17:29,2026-08-01 06:19:35,28,28.4,8.106,dongdaegu,2,2,True,target_available_at_arrival,available_count>0 at panel tick nearest as_of+tmap_eta,tmap_routes
PW015154,2026-08-02 11:47:49,2026-08-02 12:07:49,2026-08-02 12:07:52,20,20.5,5.59,dongdaegu,1,1,True,target_available_at_arrival,available_count>0 at panel tick nearest as_of+tmap_eta,tmap_routes
PIH00444,2026-08-04 17:17:43,2026-08-04 17:52:43,2026-08-04 17:57:45,35,35.1,13.597,dongdaegu,1,1,True,target_available_at_arrival,available_count>0 at panel tick nearest as_of+tmap_eta,tmap_routes
CV003185,2026-08-05 22:42:29,2026-08-05 23:12:29,2026-08-05 23:12:30,30,30.1,9.788,dongdaegu,7,6,True,target_available_at_arrival,available_count>0 at panel tick nearest as_of+tmap_eta,tmap_routes
EV007654,2026-08-06 15:36:35,2026-08-06 16:05:35,2026-08-06 16:06:37,29,29.4,8.407,dongdaegu,3,3,True,target_available_at_arrival,available_count>0 at panel tick nearest as_of+tmap_eta,tmap_routes
ME183059,2026-07-20 14:30:19,2026-07-20 14:41:19,2026-07-20 14:45:24,11,11.2,1.741,dongdaegu,1,1,True,target_available_at_arrival,available_count>0 at panel tick nearest as_of+tmap_eta,tmap_routes
HE230028,2026-08-08 09:47:38,2026-08-08 10:14:38,2026-08-08 10:17:42,27,27.1,5.998,dongdaegu,2,2,True,target_available_at_arrival,available_count>0 at panel tick nearest as_of+tmap_eta,tmap_routes
EV005065,2026-08-02 01:36:09,2026-08-02 01:59:09,2026-08-02 02:06:16,23,22.7,6.241,dongdaegu,2,2,True,target_available_at_arrival,available_count>0 at panel tick nearest as_of+tmap_eta,tmap_routes
CV004598,2026-07-26 01:16:55,2026-07-26 01:44:55,2026-07-26 01:46:58,28,27.7,5.237,dongdaegu,4,4,True,target_available_at_arrival,available_count>0 at panel tick nearest as_of+tmap_eta,tmap_routes
CV001555,2026-07-29 16:49:07,2026-07-29 17:39:07,2026-07-29 17:39:21,50,49.7,14.36,dongdaegu,3,2,True,target_available_at_arrival,available_count>0 at panel tick nearest as_of+tmap_eta,tmap_routes
HE230023,2026-07-24 07:03:57,2026-07-24 07:55:57,2026-07-24 07:59:18,52,52.2,23.487,dongdaegu,2,2,True,target_available_at_arrival,available_count>0 at panel tick nearest as_of+tmap_eta,tmap_routes
EV005966,2026-07-25 15:53:48,2026-07-25 16:38:48,2026-07-25 16:43:57,45,44.7,15.17,dongdaegu,2,2,True,target_available_at_arrival,available_count>0 at panel tick nearest as_of+tmap_eta,tmap_routes
KP005833,2026-07-26 05:57:29,2026-07-26 06:50:29,2026-07-26 06:57:39,53,53.4,23.9,dongdaegu,1,1,True,target_available_at_arrival,available_count>0 at panel tick nearest as_of+tmap_eta,tmap_routes
CV002072,2026-07-31 06:01:38,2026-07-31 06:21:38,2026-07-31 06:21:40,20,20.2,4.511,dongdaegu,1,1,True,target_available_at_arrival,available_count>0 at panel tick nearest as_of+tmap_eta,tmap_routes
NT100595,2026-08-01 08:19:55,2026-08-01 08:48:55,2026-08-01 08:50:02,29,29.3,9.579,dongdaegu,2,2,True,target_available_at_arrival,available_count>0 at panel tick nearest as_of+tmap_eta,tmap_routes
HY000978,2026-07-20 12:30:00,2026-07-20 12:43:00,2026-07-20 12:45:01,13,13.4,2.845,dongdaegu,1,1,True,target_available_at_arrival,available_count>0 at panel tick nearest as_of+tmap_eta,tmap_routes
CV002163,2026-08-04 04:36:54,2026-08-04 05:03:54,2026-08-04 05:06:55,27,26.6,6.988,dongdaegu,8,8,True,target_available_at_arrival,available_count>0 at panel tick nearest as_of+tmap_eta,tmap_routes
PIS00553,2026-08-03 02:11:59,2026-08-03 02:29:59,2026-08-03 02:32:00,18,17.6,3.52,dongdaegu,9,9,True,target_available_at_arrival,available_count>0 at panel tick nearest as_of+tmap_eta,tmap_routes
PIS00588,2026-08-08 04:17:18,2026-08-08 05:12:18,2026-08-08 05:17:22,55,55.0,9.555,dongdaegu,2,2,True,target_available_at_arrival,available_count>0 at panel tick nearest as_of+tmap_eta,tmap_routes
KP004856,2026-08-04 20:37:55,2026-08-04 21:24:55,2026-08-04 21:28:00,47,47.0,18.39,dongdaegu,1,1,True,target_available_at_arrival,available_count>0 at panel tick nearest as_of+tmap_eta,tmap_routes
CV003276,2026-08-05 19:32:14,2026-08-05 20:09:14,2026-08-05 20:12:21,37,36.8,7.574,dongdaegu,2,1,True,target_available_at_arrival,available_count>0 at panel tick nearest as_of+tmap_eta,tmap_routes
PIS00561,2026-07-31 04:41:20,2026-07-31 05:09:20,2026-07-31 05:11:24,28,27.8,9.974,dongdaegu,4,4,True,target_available_at_arrival,available_count>0 at panel tick nearest as_of+tmap_eta,tmap_routes
LU001877,2026-07-23 02:28:05,2026-07-23 02:57:05,2026-07-23 02:58:11,29,29.3,9.229,dongdaegu,1,1,True,target_available_at_arrival,available_count>0 at panel tick nearest as_of+tmap_eta,tmap_routes
PI773847,2026-08-06 05:25:53,2026-08-06 05:45:53,2026-08-06 05:45:53,20,19.5,3.895,dongdaegu,1,1,True,target_available_at_arrival,available_count>0 at panel tick nearest as_of+tmap_eta,tmap_routes
CV004482,2026-07-19 17:16:23,2026-07-19 18:01:23,2026-07-19 18:01:29,45,45.4,13.03,dongdaegu,4,4,True,target_available_at_arrival,available_count>0 at panel tick nearest as_of+tmap_eta,tmap_routes
EV007654,2026-08-03 21:03:58,2026-08-03 21:32:58,2026-08-03 21:33:59,29,29.4,8.407,dongdaegu,2,2,True,target_available_at_arrival,available_count>0 at panel tick nearest as_of+tmap_eta,tmap_routes
DC530002,2026-07-23 06:59:17,2026-07-23 07:19:17,2026-07-23 07:19:23,20,19.9,3.866,dongdaegu,6,6,True,target_available_at_arrival,available_count>0 at panel tick nearest as_of+tmap_eta,tmap_routes
CV002072,2026-08-03 21:54:00,2026-08-03 22:14:00,2026-08-03 22:14:04,20,20.2,4.511,dongdaegu,1,1,True,target_available_at_arrival,available_count>0 at panel tick nearest as_of+tmap_eta,tmap_routes
ME18C171,2026-08-06 09:46:11,2026-08-06 10:10:11,2026-08-06 10:16:13,24,23.6,4.864,dongdaegu,1,1,True,target_available_at_arrival,available_count>0 at panel tick nearest as_of+tmap_eta,tmap_routes
ME22C1A4,2026-07-24 08:36:56,2026-07-24 09:26:56,2026-07-24 09:27:11,50,49.7,23.023,dongdaegu,1,1,True,target_available_at_arrival,available_count>0 at panel tick nearest as_of+tmap_eta,tmap_routes
CU530007,2026-07-31 15:23:21,2026-07-31 15:49:21,2026-07-31 15:54:39,26,25.5,9.004,dongdaegu,9,9,True,target_available_at_arrival,available_count>0 at panel tick nearest as_of+tmap_eta,tmap_routes
ME20C286,2026-07-23 12:47:32,2026-07-23 13:18:32,2026-07-23 13:22:44,31,31.0,10.191,dongdaegu,2,2,True,target_available_at_arrival,available_count>0 at panel tick nearest as_of+tmap_eta,tmap_routes
CV003082,2026-07-31 04:51:21,2026-07-31 05:20:21,2026-07-31 05:21:26,29,29.1,6.499,dongdaegu,1,1,True,target_available_at_arrival,available_count>0 at panel tick nearest as_of+tmap_eta,tmap_routes
ST272902,2026-07-30 09:24:36,2026-07-30 09:57:36,2026-07-30 10:04:44,33,32.9,11.66,dongdaegu,1,1,True,target_available_at_arrival,available_count>0 at panel tick nearest as_of+tmap_eta,tmap_routes
CV003283,2026-08-03 20:03:54,2026-08-03 20:37:54,2026-08-03 20:43:57,34,33.9,8.36,dongdaegu,3,3,True,target_available_at_arrival,available_count>0 at panel tick nearest as_of+tmap_eta,tmap_routes
CV004302,2026-08-01 02:59:13,2026-08-01 03:26:13,2026-08-01 03:29:17,27,27.2,6.116,dongdaegu,1,1,True,target_available_at_arrival,available_count>0 at panel tick nearest as_of+tmap_eta,tmap_routes
ME183067,2026-07-26 00:36:49,2026-07-26 01:01:49,2026-07-26 01:06:51,25,24.9,5.762,dongdaegu,1,1,True,target_available_at_arrival,available_count>0 at panel tick nearest as_of+tmap_eta,tmap_routes
GS000055,2026-08-05 17:42:03,2026-08-05 18:10:03,2026-08-05 18:12:07,28,27.8,8.549,dongdaegu,2,2,True,target_available_at_arrival,available_count>0 at panel tick nearest as_of+tmap_eta,tmap_routes
KP004005,2026-07-23 08:50:19,2026-07-23 09:17:19,2026-07-23 09:20:40,27,27.1,6.364,dongdaegu,1,1,True,target_available_at_arrival,available_count>0 at panel tick nearest as_of+tmap_eta,tmap_routes
CV000658,2026-08-01 09:50:16,2026-08-01 10:20:16,2026-08-01 10:20:29,30,29.7,11.549,dongdaegu,1,1,True,target_available_at_arrival,available_count>0 at panel tick nearest as_of+tmap_eta,tmap_routes
SF000279,2026-07-28 21:23:28,2026-07-28 21:41:28,2026-07-28 21:43:30,18,18.1,4.008,dongdaegu,2,2,True,target_available_at_arrival,available_count>0 at panel tick nearest as_of+tmap_eta,tmap_routes
IN053069,2026-07-28 16:22:13,2026-07-28 16:45:13,2026-07-28 16:52:20,23,23.0,4.503,dongdaegu,17,17,True,target_available_at_arrival,available_count>0 at panel tick nearest as_of+tmap_eta,tmap_routes
ST272310,2026-07-26 22:09:55,2026-07-26 22:27:55,2026-07-26 22:29:58,18,18.3,3.532,dongdaegu,10,10,True,target_available_at_arrival,available_count>0 at panel tick nearest as_of+tmap_eta,tmap_routes
PI530292,2026-08-01 22:52:56,2026-08-01 23:05:56,2026-08-01 23:12:58,13,13.1,3.081,dongdaegu,3,3,True,target_available_at_arrival,available_count>0 at panel tick nearest as_of+tmap_eta,tmap_routes
CU530009,2026-07-23 03:53:22,2026-07-23 04:08:22,2026-07-23 04:08:27,15,15.4,3.179,dongdaegu,5,5,True,target_available_at_arrival,available_count>0 at panel tick nearest as_of+tmap_eta,tmap_routes
UN000167,2026-07-31 01:40:51,2026-07-31 02:06:51,2026-07-31 02:10:54,26,25.9,6.63,dongdaegu,2,2,True,target_available_at_arrival,available_count>0 at panel tick nearest as_of+tmap_eta,tmap_routes
KP002189,2026-08-05 19:52:19,2026-08-05 20:07:19,2026-08-05 20:12:21,15,15.4,3.325,dongdaegu,1,1,True,target_available_at_arrival,available_count>0 at panel tick nearest as_of+tmap_eta,tmap_routes
HE000883,2026-08-03 01:31:58,2026-08-03 02:00:58,2026-08-03 02:01:59,29,29.2,9.221,dongdaegu,20,20,True,target_available_at_arrival,available_count>0 at panel tick nearest as_of+tmap_eta,tmap_routes
ME22C252,2026-07-26 15:28:59,2026-07-26 15:56:59,2026-07-26 15:59:05,28,28.4,5.748,dongdaegu,1,2,True,target_available_at_arrival,available_count>0 at panel tick nearest as_of+tmap_eta,tmap_routes
PI700382,2026-08-01 13:51:17,2026-08-01 14:09:17,2026-08-01 14:11:19,18,17.7,1.24,dongdaegu,1,1,True,target_available_at_arrival,available_count>0 at panel tick nearest as_of+tmap_eta,tmap_routes
CV002346,2026-07-25 18:34:12,2026-07-25 18:50:12,2026-07-25 18:54:15,16,15.5,2.801,dongdaegu,2,2,True,target_available_at_arrival,available_count>0 at panel tick nearest as_of+tmap_eta,tmap_routes
PIS00556,2026-07-26 03:07:06,2026-07-26 03:34:06,2026-07-26 03:37:13,27,27.3,6.618,dongdaegu,3,3,True,target_available_at_arrival,available_count>0 at panel tick nearest as_of+tmap_eta,tmap_routes
CV000849,2026-07-29 10:38:06,2026-07-29 11:36:06,2026-07-29 11:38:15,58,58.3,26.591,dongdaegu,5,5,True,target_available_at_arrival,available_count>0 at panel tick nearest as_of+tmap_eta,tmap_routes
HE240383,2026-07-23 13:07:41,2026-07-23 14:10:41,2026-07-23 14:12:55,63,62.8,24.74,dongdaegu,2,2,True,target_available_at_arrival,available_count>0 at panel tick nearest as_of+tmap_eta,tmap_routes
NX000020,2026-08-01 19:02:18,2026-08-01 19:40:18,2026-08-01 19:42:24,38,38.5,10.142,dongdaegu,1,1,True,target_available_at_arrival,available_count>0 at panel tick nearest as_of+tmap_eta,tmap_routes
CG000066,2026-07-30 08:14:19,2026-07-30 09:02:19,2026-07-30 09:04:27,48,47.6,23.032,dongdaegu,1,1,True,target_available_at_arrival,available_count>0 at panel tick nearest as_of+tmap_eta,tmap_routes
CV000519,2026-07-23 04:08:27,2026-07-23 04:34:27,2026-07-23 04:38:36,26,25.8,5.074,dongdaegu,1,1,True,target_available_at_arrival,available_count>0 at panel tick nearest as_of+tmap_eta,tmap_routes
HW000648,2026-07-31 13:53:02,2026-07-31 14:21:02,2026-07-31 14:23:09,28,27.5,9.134,dongdaegu,3,3,True,target_available_at_arrival,available_count>0 at panel tick nearest as_of+tmap_eta,tmap_routes
CV001491,2026-07-28 09:39:42,2026-07-28 10:03:42,2026-07-28 10:09:47,24,24.3,7.173,dongdaegu,4,2,True,target_available_at_arrival,available_count>0 at panel tick nearest as_of+tmap_eta,tmap_routes
ST601235,2026-07-22 15:10:23,2026-07-22 15:45:23,2026-07-22 15:50:34,35,35.3,12.266,dongdaegu,2,2,True,target_available_at_arrival,available_count>0 at panel tick nearest as_of+tmap_eta,tmap_routes
CV000811,2026-08-04 18:27:47,2026-08-04 18:56:47,2026-08-04 18:57:49,29,29.1,8.544,dongdaegu,1,1,True,target_available_at_arrival,available_count>0 at panel tick nearest as_of+tmap_eta,tmap_routes
CV004550,2026-08-05 18:12:07,2026-08-05 18:36:07,2026-08-05 18:42:09,24,24.4,3.14,dongdaegu,1,1,True,target_available_at_arrival,available_count>0 at panel tick nearest as_of+tmap_eta,tmap_routes
PIH01900,2026-07-30 05:53:45,2026-07-30 06:08:45,2026-07-30 06:13:52,15,15.4,2.819,dongdaegu,1,1,True,target_available_at_arrival,available_count>0 at panel tick nearest as_of+tmap_eta,tmap_routes
PI740455,2026-07-27 11:03:46,2026-07-27 11:20:46,2026-07-27 11:23:48,17,17.0,4.517,dongdaegu,1,1,True,target_available_at_arrival,available_count>0 at panel tick nearest as_of+tmap_eta,tmap_routes
ME19W401,2026-07-28 03:08:35,2026-07-28 04:02:35,2026-07-28 04:08:41,54,53.5,31.956,dongdaegu,8,8,True,target_available_at_arrival,available_count>0 at panel tick nearest as_of+tmap_eta,tmap_routes
CV003464,2026-08-03 01:11:57,2026-08-03 01:38:57,2026-08-03 01:41:58,27,27.0,5.866,dongdaegu,4,4,True,target_available_at_arrival,available_count>0 at panel tick nearest as_of+tmap_eta,tmap_routes
CV003066,2026-07-24 13:37:53,2026-07-24 14:17:53,2026-07-24 14:18:04,40,39.9,11.512,dongdaegu,1,1,True,target_available_at_arrival,available_count>0 at panel tick nearest as_of+tmap_eta,tmap_routes
KP008088,2026-08-05 09:11:23,2026-08-05 09:57:23,2026-08-05 10:01:25,46,46.3,14.849,dongdaegu,1,1,True,target_available_at_arrival,available_count>0 at panel tick nearest as_of+tmap_eta,tmap_routes
PI530312,2026-08-06 02:35:46,2026-08-06 03:03:46,2026-08-06 03:05:47,28,27.7,5.4,dongdaegu,2,2,True,target_available_at_arrival,available_count>0 at panel tick nearest as_of+tmap_eta,tmap_routes
ME181303,2026-07-21 08:40:45,2026-07-21 09:17:45,2026-07-21 09:20:58,37,37.1,12.615,dongdaegu,1,1,True,target_available_at_arrival,available_count>0 at panel tick nearest as_of+tmap_eta,tmap_routes
PI740668,2026-08-04 22:58:07,2026-08-04 23:27:07,2026-08-04 23:28:08,29,29.1,10.335,dongdaegu,1,1,True,target_available_at_arrival,available_count>0 at panel tick nearest as_of+tmap_eta,tmap_routes
KE000245,2026-07-30 18:57:30,2026-07-30 19:24:30,2026-07-30 19:27:34,27,26.6,7.893,dongdaegu,1,1,True,target_available_at_arrival,available_count>0 at panel tick nearest as_of+tmap_eta,tmap_routes
CV000154,2026-08-02 07:07:01,2026-08-02 07:42:01,2026-08-02 07:47:08,35,35.4,11.631,dongdaegu,2,2,True,target_available_at_arrival,available_count>0 at panel tick nearest as_of+tmap_eta,tmap_routes
KP000238,2026-08-03 01:21:57,2026-08-03 01:51:57,2026-08-03 01:51:58,30,29.6,6.864,dongdaegu,2,2,True,target_available_at_arrival,available_count>0 at panel tick nearest as_of+tmap_eta,tmap_routes
KP005644,2026-07-31 16:04:41,2026-07-31 16:17:41,2026-07-31 16:24:46,13,12.8,1.502,dongdaegu,3,3,True,target_available_at_arrival,available_count>0 at panel tick nearest as_of+tmap_eta,tmap_routes
CV004482,2026-07-27 09:33:36,2026-07-27 10:18:36,2026-07-27 10:23:41,45,45.4,13.03,dongdaegu,2,2,True,target_available_at_arrival,available_count>0 at panel tick nearest as_of+tmap_eta,tmap_routes
ME19D114,2026-08-04 08:57:08,2026-08-04 09:46:08,2026-08-04 09:47:11,49,48.6,28.839,dongdaegu,1,1,True,target_available_at_arrival,available_count>0 at panel tick nearest as_of+tmap_eta,tmap_routes
EV003858,2026-08-07 10:41:58,2026-08-07 10:51:58,2026-08-07 10:52:03,10,10.2,1.868,dongdaegu,1,1,True,target_available_at_arrival,available_count>0 at panel tick nearest as_of+tmap_eta,tmap_routes
CV003464,2026-08-06 13:36:25,2026-08-06 14:03:25,2026-08-06 14:06:26,27,27.0,5.866,dongdaegu,1,1,True,target_available_at_arrival,available_count>0 at panel tick nearest as_of+tmap_eta,tmap_routes
ME18C257,2026-07-17 16:24:40,2026-07-17 17:21:40,2026-07-17 17:24:43,57,57.2,24.092,dongdaegu,2,2,True,target_available_at_arrival,available_count>0 at panel tick nearest as_of+tmap_eta,tmap_routes
PI540344,2026-08-08 00:27:03,2026-08-08 01:17:03,2026-08-08 01:17:05,50,49.7,18.463,dongdaegu,1,1,True,target_available_at_arrival,available_count>0 at panel tick nearest as_of+tmap_eta,tmap_routes
IN053074,2026-07-26 13:18:42,2026-07-26 13:38:42,2026-07-26 13:38:44,20,20.2,3.77,dongdaegu,11,11,True,target_available_at_arrival,available_count>0 at panel tick nearest as_of+tmap_eta,tmap_routes
DC530013,2026-07-24 08:57:07,2026-07-24 09:23:07,2026-07-24 09:27:11,26,25.7,4.437,dongdaegu,1,1,True,target_available_at_arrival,available_count>0 at panel tick nearest as_of+tmap_eta,tmap_routes
BE482306,2026-08-01 04:59:25,2026-08-01 05:19:25,2026-08-01 05:19:27,20,20.1,3.537,dongdaegu,9,9,True,target_available_at_arrival,available_count>0 at panel tick nearest as_of+tmap_eta,tmap_routes
PI740311,2026-08-03 06:52:13,2026-08-03 07:09:13,2026-08-03 07:12:14,17,17.3,2.985,dongdaegu,1,1,True,target_available_at_arrival,available_count>0 at panel tick nearest as_of+tmap_eta,tmap_routes
SF000610,2026-08-08 03:07:13,2026-08-08 03:37:13,2026-08-08 03:37:16,30,29.9,9.11,dongdaegu,2,2,True,target_available_at_arrival,available_count>0 at panel tick nearest as_of+tmap_eta,tmap_routes
EV007654,2026-07-29 18:59:37,2026-07-29 19:28:37,2026-07-29 19:29:42,29,29.4,8.407,dongdaegu,1,1,True,target_available_at_arrival,available_count>0 at panel tick nearest as_of+tmap_eta,tmap_routes
CV004699,2026-08-07 11:52:06,2026-08-07 12:08:06,2026-08-07 12:12:07,16,15.8,4.103,dongdaegu,5,5,True,target_available_at_arrival,available_count>0 at panel tick nearest as_of+tmap_eta,tmap_routes
CV002620,2026-07-25 23:04:50,2026-07-25 23:38:50,2026-07-25 23:44:56,34,34.0,8.562,dongdaegu,1,1,True,target_available_at_arrival,available_count>0 at panel tick nearest as_of+tmap_eta,tmap_routes
PI690013,2026-07-30 10:44:59,2026-07-30 11:20:59,2026-07-30 11:25:13,36,36.5,13.527,dongdaegu,17,17,True,target_available_at_arrival,available_count>0 at panel tick nearest as_of+tmap_eta,tmap_routes
ME184067,2026-07-28 17:12:31,2026-07-28 17:27:31,2026-07-28 17:32:33,15,15.3,2.615,dongdaegu,1,1,True,target_available_at_arrival,available_count>0 at panel tick nearest as_of+tmap_eta,tmap_routes
PW014349,2026-07-30 04:33:34,2026-07-30 04:50:34,2026-07-30 04:53:36,17,16.6,2.081,dongdaegu,1,1,True,target_available_at_arrival,available_count>0 at panel tick nearest as_of+tmap_eta,tmap_routes
LU100968,2026-07-29 13:48:35,2026-07-29 14:01:35,2026-07-29 14:08:37,13,12.8,0.497,dongdaegu,3,3,True,target_available_at_arrival,available_count>0 at panel tick nearest as_of+tmap_eta,tmap_routes
CV000165,2026-08-02 10:27:35,2026-08-02 10:43:35,2026-08-02 10:47:40,16,15.7,2.135,dongdaegu,7,7,True,target_available_at_arrival,available_count>0 at panel tick nearest as_of+tmap_eta,tmap_routes
PI808200,2026-07-22 16:50:42,2026-07-22 17:28:42,2026-07-22 17:31:23,38,37.5,11.167,dongdaegu,3,2,True,target_available_at_arrival,available_count>0 at panel tick nearest as_of+tmap_eta,tmap_routes
EV005961,2026-07-30 14:56:24,2026-07-30 15:42:24,2026-07-30 15:46:40,46,45.5,15.14,dongdaegu,4,4,True,target_available_at_arrival,available_count>0 at panel tick nearest as_of+tmap_eta,tmap_routes
KE000360,2026-08-06 11:06:15,2026-08-06 11:52:15,2026-08-06 11:56:18,46,46.5,15.594,dongdaegu,2,2,True,target_available_at_arrival,available_count>0 at panel tick nearest as_of+tmap_eta,tmap_routes
KP000230,2026-07-29 22:30:17,2026-07-29 22:44:17,2026-07-29 22:50:19,14,13.8,2.881,dongdaegu,2,2,True,target_available_at_arrival,available_count>0 at panel tick nearest as_of+tmap_eta,tmap_routes
CV003096,2026-08-06 12:26:19,2026-08-06 12:56:19,2026-08-06 12:56:21,30,30.5,6.455,dongdaegu,1,1,True,target_available_at_arrival,available_count>0 at panel tick nearest as_of+tmap_eta,tmap_routes
PI763257,2026-08-06 20:26:56,2026-08-06 20:45:56,2026-08-06 20:47:05,19,19.3,6.215,dongdaegu,1,1,True,target_available_at_arrival,available_count>0 at panel tick nearest as_of+tmap_eta,tmap_routes
EV012413,2026-07-26 14:48:53,2026-07-26 15:18:53,2026-07-26 15:18:58,30,29.9,6.418,dongdaegu,5,5,True,target_available_at_arrival,available_count>0 at panel tick nearest as_of+tmap_eta,tmap_routes
CV003560,2026-08-06 08:36:05,2026-08-06 09:32:05,2026-08-06 09:36:10,56,55.9,32.014,dongdaegu,1,1,True,target_available_at_arrival,available_count>0 at panel tick nearest as_of+tmap_eta,tmap_routes
ME23A218,2026-08-01 20:12:32,2026-08-01 20:29:32,2026-08-01 20:32:35,17,17.0,2.221,dongdaegu,2,2,True,target_available_at_arrival,available_count>0 at panel tick nearest as_of+tmap_eta,tmap_routes
CV004714,2026-07-24 09:57:15,2026-07-24 10:23:15,2026-07-24 10:27:21,26,26.4,6.104,dongdaegu,1,1,True,target_available_at_arrival,available_count>0 at panel tick nearest as_of+tmap_eta,tmap_routes
CV003444,2026-08-06 08:46:06,2026-08-06 09:14:06,2026-08-06 09:16:09,28,28.1,8.078,dongdaegu,1,1,True,target_available_at_arrival,available_count>0 at panel tick nearest as_of+tmap_eta,tmap_routes
PI740628,2026-07-31 07:12:00,2026-07-31 07:38:00,2026-07-31 07:42:04,26,26.1,8.918,dongdaegu,1,1,True,target_available_at_arrival,available_count>0 at panel tick nearest as_of+tmap_eta,tmap_routes
EV012380,2026-07-24 12:57:48,2026-07-24 13:24:48,2026-07-24 13:27:52,27,26.9,8.446,dongdaegu,1,1,True,target_available_at_arrival,available_count>0 at panel tick nearest as_of+tmap_eta,tmap_routes
CV002034,2026-07-29 03:26:35,2026-07-29 04:01:35,2026-07-29 04:06:40,35,35.0,10.495,dongdaegu,2,2,True,target_available_at_arrival,available_count>0 at panel tick nearest as_of+tmap_eta,tmap_routes
ME18C405,2026-08-02 14:08:15,2026-08-02 14:22:15,2026-08-02 14:28:22,14,14.4,2.77,dongdaegu,4,4,True,target_available_at_arrival,available_count>0 at panel tick nearest as_of+tmap_eta,tmap_routes
SF000611,2026-08-04 22:28:05,2026-08-04 22:37:05,2026-08-04 22:38:06,9,9.2,1.794,dongdaegu,6,6,True,target_available_at_arrival,available_count>0 at panel tick nearest as_of+tmap_eta,tmap_routes
CV001589,2026-07-23 05:58:57,2026-07-23 06:22:57,2026-07-23 06:24:02,24,24.1,5.73,dongdaegu,1,1,True,target_available_at_arrival,available_count>0 at panel tick nearest as_of+tmap_eta,tmap_routes
NT100656,2026-07-30 17:37:06,2026-07-30 17:53:06,2026-07-30 17:57:08,16,16.0,1.994,dongdaegu,1,1,True,target_available_at_arrival,available_count>0 at panel tick nearest as_of+tmap_eta,tmap_routes
CV000991,2026-07-28 12:10:21,2026-07-28 12:34:21,2026-07-28 12:40:49,24,23.5,6.811,dongdaegu,2,2,True,target_available_at_arrival,available_count>0 at panel tick nearest as_of+tmap_eta,tmap_routes
CV002131,2026-07-29 13:18:32,2026-07-29 13:28:32,2026-07-29 13:28:33,10,9.8,1.371,dongdaegu,2,2,True,target_available_at_arrival,available_count>0 at panel tick nearest as_of+tmap_eta,tmap_routes
CV001632,2026-07-26 04:27:18,2026-07-26 04:55:18,2026-07-26 04:57:22,28,27.8,8.198,dongdaegu,3,3,True,target_available_at_arrival,available_count>0 at panel tick nearest as_of+tmap_eta,tmap_routes
PW015042,2026-08-07 14:12:16,2026-08-07 14:36:16,2026-08-07 14:42:17,24,23.8,6.666,dongdaegu,1,1,True,target_available_at_arrival,available_count>0 at panel tick nearest as_of+tmap_eta,tmap_routes
KP002181,2026-08-04 08:07:05,2026-08-04 08:40:05,2026-08-04 08:47:08,33,33.0,12.761,dongdaegu,1,1,True,target_available_at_arrival,available_count>0 at panel tick nearest as_of+tmap_eta,tmap_routes
ST272925,2026-07-28 20:13:17,2026-07-28 20:46:17,2026-07-28 20:53:22,33,32.9,7.879,dongdaegu,2,2,True,target_available_at_arrival,available_count>0 at panel tick nearest as_of+tmap_eta,tmap_routes
CV004302,2026-07-24 20:09:20,2026-07-24 20:36:20,2026-07-24 20:39:26,27,27.2,6.116,dongdaegu,1,1,True,target_available_at_arrival,available_count>0 at panel tick nearest as_of+tmap_eta,tmap_routes
PI740666,2026-07-25 20:44:32,2026-07-25 21:23:32,2026-07-25 21:24:38,39,39.1,12.214,dongdaegu,1,1,True,target_available_at_arrival,available_count>0 at panel tick nearest as_of+tmap_eta,tmap_routes
EV006226,2026-07-28 15:52:09,2026-07-28 16:30:09,2026-07-28 16:32:17,38,37.6,13.391,dongdaegu,1,1,True,target_available_at_arrival,available_count>0 at panel tick nearest as_of+tmap_eta,tmap_routes
CV000553,2026-07-31 20:25:41,2026-07-31 21:08:41,2026-07-31 21:15:53,43,42.8,9.106,dongdaegu,1,1,True,target_available_at_arrival,available_count>0 at panel tick nearest as_of+tmap_eta,tmap_routes
CV001600,2026-08-06 19:56:54,2026-08-06 20:20:54,2026-08-06 20:26:56,24,23.9,7.151,dongdaegu,2,2,True,target_available_at_arrival,available_count>0 at panel tick nearest as_of+tmap_eta,tmap_routes
LU100689,2026-08-06 13:06:21,2026-08-06 14:02:21,2026-08-06 14:06:26,56,56.1,25.94,dongdaegu,2,2,True,target_available_at_arrival,available_count>0 at panel tick nearest as_of+tmap_eta,tmap_routes
PI000129,2026-07-31 15:44:34,2026-07-31 16:10:34,2026-07-31 16:14:42,26,25.7,6.621,dongdaegu,1,1,True,target_available_at_arrival,available_count>0 at panel tick nearest as_of+tmap_eta,tmap_routes
ME19F412,2026-08-06 08:46:06,2026-08-06 09:40:06,2026-08-06 09:46:11,54,54.5,32.172,dongdaegu,4,4,True,target_available_at_arrival,available_count>0 at panel tick nearest as_of+tmap_eta,tmap_routes
CV001891,2026-08-05 14:41:52,2026-08-05 15:21:52,2026-08-05 15:21:54,40,39.5,13.333,dongdaegu,5,5,True,target_available_at_arrival,available_count>0 at panel tick nearest as_of+tmap_eta,tmap_routes
HY000979,2026-08-03 09:52:30,2026-08-03 10:06:30,2026-08-03 10:12:31,14,14.0,2.863,dongdaegu,1,1,True,target_available_at_arrival,available_count>0 at panel tick nearest as_of+tmap_eta,tmap_routes
CV000557,2026-08-01 01:39:06,2026-08-01 02:03:06,2026-08-01 02:09:09,24,24.4,5.378,dongdaegu,1,1,True,target_available_at_arrival,available_count>0 at panel tick nearest as_of+tmap_eta,tmap_routes
CV003447,2026-08-08 01:47:06,2026-08-08 02:13:06,2026-08-08 02:17:11,26,25.9,5.885,dongdaegu,1,1,True,target_available_at_arrival,available_count>0 at panel tick nearest as_of+tmap_eta,tmap_routes
LU002365,2026-07-27 06:22:56,2026-07-27 06:52:56,2026-07-27 06:53:01,30,30.5,8.144,dongdaegu,1,1,True,target_available_at_arrival,available_count>0 at panel tick nearest as_of+tmap_eta,tmap_routes
ME25C425,2026-07-19 14:01:09,2026-07-19 14:57:09,2026-07-19 15:01:14,56,55.8,26.688,dongdaegu,4,4,True,target_available_at_arrival,available_count>0 at panel tick nearest as_of+tmap_eta,tmap_routes
EC270004,2026-07-24 20:39:26,2026-07-24 20:55:26,2026-07-24 20:59:30,16,15.7,3.318,dongdaegu,3,3,True,target_available_at_arrival,available_count>0 at panel tick nearest as_of+tmap_eta,tmap_routes
CV004550,2026-08-06 05:25:53,2026-08-06 05:49:53,2026-08-06 05:55:54,24,24.4,3.14,dongdaegu,1,1,True,target_available_at_arrival,available_count>0 at panel tick nearest as_of+tmap_eta,tmap_routes
ME19F260,2026-08-01 09:50:16,2026-08-01 10:56:16,2026-08-01 11:00:34,66,65.9,37.257,dongdaegu,2,2,True,target_available_at_arrival,available_count>0 at panel tick nearest as_of+tmap_eta,tmap_routes
KE000244,2026-08-03 19:53:54,2026-08-03 20:20:54,2026-08-03 20:23:56,27,26.6,7.893,dongdaegu,1,1,True,target_available_at_arrival,available_count>0 at panel tick nearest as_of+tmap_eta,tmap_routes
CV002197,2026-08-04 05:36:56,2026-08-04 06:02:56,2026-08-04 06:06:58,26,25.7,4.225,dongdaegu,1,1,True,target_available_at_arrival,available_count>0 at panel tick nearest as_of+tmap_eta,tmap_routes
IN053043,2026-07-22 13:19:57,2026-07-22 13:45:57,2026-07-22 13:50:02,26,26.2,7.385,dongdaegu,1,1,True,target_available_at_arrival,available_count>0 at panel tick nearest as_of+tmap_eta,tmap_routes
CV000544,2026-07-28 15:21:39,2026-07-28 15:39:39,2026-07-28 15:41:42,18,17.6,3.938,dongdaegu,1,0,False,target_available_at_arrival,available_count>0 at panel tick nearest as_of+tmap_eta,tmap_routes
LU002386,2026-08-04 17:47:44,2026-08-04 18:23:44,2026-08-04 18:27:47,36,35.8,8.682,dongdaegu,3,3,True,target_available_at_arrival,available_count>0 at panel tick nearest as_of+tmap_eta,tmap_routes
PI805002,2026-07-27 00:32:17,2026-07-27 00:52:17,2026-07-27 00:52:18,20,19.7,6.751,dongdaegu,2,2,True,target_available_at_arrival,available_count>0 at panel tick nearest as_of+tmap_eta,tmap_routes
CV000507,2026-07-26 10:48:19,2026-07-26 11:24:19,2026-07-26 11:28:26,36,35.7,7.788,dongdaegu,1,0,False,target_available_at_arrival,available_count>0 at panel tick nearest as_of+tmap_eta,tmap_routes
PW000789,2026-08-05 12:31:42,2026-08-05 12:55:42,2026-08-05 13:01:43,24,24.5,9.182,dongdaegu,1,1,True,target_available_at_arrival,available_count>0 at panel tick nearest as_of+tmap_eta,tmap_routes
CV003077,2026-08-01 02:09:09,2026-08-01 02:36:09,2026-08-01 02:39:11,27,26.6,8.273,dongdaegu,1,1,True,target_available_at_arrival,available_count>0 at panel tick nearest as_of+tmap_eta,tmap_routes
HM000722,2026-07-29 20:39:56,2026-07-29 21:29:56,2026-07-29 21:30:06,50,49.6,13.089,dongdaegu,12,12,True,target_available_at_arrival,available_count>0 at panel tick nearest as_of+tmap_eta,tmap_routes
CV001627,2026-07-19 13:16:04,2026-07-19 13:55:04,2026-07-19 14:01:09,39,39.0,13.103,dongdaegu,1,1,True,target_available_at_arrival,available_count>0 at panel tick nearest as_of+tmap_eta,tmap_routes
PI800355,2026-07-29 02:56:32,2026-07-29 03:54:32,2026-07-29 03:56:39,58,57.5,42.32,dongdaegu,4,4,True,target_available_at_arrival,available_count>0 at panel tick nearest as_of+tmap_eta,tmap_routes
ST600791,2026-08-07 16:52:35,2026-08-07 17:18:35,2026-08-07 17:22:37,26,26.1,9.245,dongdaegu,3,3,True,target_available_at_arrival,available_count>0 at panel tick nearest as_of+tmap_eta,tmap_routes
CV003283,2026-07-24 16:58:31,2026-07-24 17:32:31,2026-07-24 17:38:44,34,33.9,8.36,dongdaegu,3,3,True,target_available_at_arrival,available_count>0 at panel tick nearest as_of+tmap_eta,tmap_routes
CV003121,2026-08-01 01:09:03,2026-08-01 01:43:03,2026-08-01 01:49:07,34,34.3,6.023,dongdaegu,1,1,True,target_available_at_arrival,available_count>0 at panel tick nearest as_of+tmap_eta,tmap_routes
ME19C404,2026-08-07 04:51:27,2026-08-07 05:16:27,2026-08-07 05:21:28,25,25.1,5.074,dongdaegu,4,4,True,target_available_at_arrival,available_count>0 at panel tick nearest as_of+tmap_eta,tmap_routes
CV000982,2026-07-28 06:39:04,2026-07-28 07:05:04,2026-07-28 07:09:07,26,25.6,7.243,dongdaegu,1,1,True,target_available_at_arrival,available_count>0 at panel tick nearest as_of+tmap_eta,tmap_routes
CV003181,2026-07-29 06:27:06,2026-07-29 06:51:06,2026-07-29 06:57:11,24,24.5,5.641,dongdaegu,1,1,True,target_available_at_arrival,available_count>0 at panel tick nearest as_of+tmap_eta,tmap_routes
KP010445,2026-08-01 11:10:38,2026-08-01 11:24:38,2026-08-01 11:30:40,14,13.8,2.285,dongdaegu,1,1,True,target_available_at_arrival,available_count>0 at panel tick nearest as_of+tmap_eta,tmap_routes
ME18C173,2026-08-06 02:55:47,2026-08-06 03:15:47,2026-08-06 03:15:48,20,19.8,4.372,dongdaegu,1,1,True,target_available_at_arrival,available_count>0 at panel tick nearest as_of+tmap_eta,tmap_routes
CV000750,2026-08-06 22:17:15,2026-08-06 23:17:15,2026-08-06 23:17:18,60,60.4,26.025,dongdaegu,4,4,True,target_available_at_arrival,available_count>0 at panel tick nearest as_of+tmap_eta,tmap_routes
ST600399,2026-07-23 12:02:15,2026-07-23 12:59:15,2026-07-23 13:02:39,57,57.3,23.048,dongdaegu,4,1,True,target_available_at_arrival,available_count>0 at panel tick nearest as_of+tmap_eta,tmap_routes
NX000020,2026-08-07 02:01:19,2026-08-07 02:39:19,2026-08-07 02:41:20,38,38.5,10.142,dongdaegu,1,1,True,target_available_at_arrival,available_count>0 at panel tick nearest as_of+tmap_eta,tmap_routes
EV008882,2026-08-01 11:10:38,2026-08-01 11:40:38,2026-08-01 11:40:41,30,30.1,10.5,dongdaegu,1,3,True,target_available_at_arrival,available_count>0 at panel tick nearest as_of+tmap_eta,tmap_routes
ME183071,2026-07-26 14:38:52,2026-07-26 15:16:52,2026-07-26 15:18:58,38,37.8,12.564,dongdaegu,1,1,True,target_available_at_arrival,available_count>0 at panel tick nearest as_of+tmap_eta,tmap_routes
ME25C425,2026-07-24 01:06:40,2026-07-24 02:02:40,2026-07-24 02:06:56,56,55.8,26.688,dongdaegu,4,4,True,target_available_at_arrival,available_count>0 at panel tick nearest as_of+tmap_eta,tmap_routes
CV000509,2026-08-04 14:57:33,2026-08-04 15:10:33,2026-08-04 15:17:34,13,13.3,2.583,dongdaegu,1,1,True,target_available_at_arrival,available_count>0 at panel tick nearest as_of+tmap_eta,tmap_routes
CV001973,2026-07-29 10:48:07,2026-07-29 10:56:07,2026-07-29 10:58:09,8,8.0,1.02,dongdaegu,2,2,True,target_available_at_arrival,available_count>0 at panel tick nearest as_of+tmap_eta,tmap_routes
ME19D114,2026-07-23 03:33:19,2026-07-23 04:22:19,2026-07-23 04:23:32,49,48.6,28.839,dongdaegu,1,1,True,target_available_at_arrival,available_count>0 at panel tick nearest as_of+tmap_eta,tmap_routes
CV000195,2026-07-29 02:06:21,2026-07-29 02:36:21,2026-07-29 02:36:30,30,29.9,9.211,dongdaegu,1,1,True,target_available_at_arrival,available_count>0 at panel tick nearest as_of+tmap_eta,tmap_routes
PI800355,2026-08-07 05:01:27,2026-08-07 05:59:27,2026-08-07 06:01:32,58,57.5,42.32,dongdaegu,3,3,True,target_available_at_arrival,available_count>0 at panel tick nearest as_of+tmap_eta,tmap_routes
CV000536,2026-07-22 23:10:34,2026-07-22 23:35:34,2026-07-22 23:35:40,25,24.9,4.632,dongdaegu,1,1,True,target_available_at_arrival,available_count>0 at panel tick nearest as_of+tmap_eta,tmap_routes
HM001574,2026-07-30 00:12:57,2026-07-30 00:30:57,2026-07-30 00:32:58,18,17.6,1.66,dongdaegu,1,1,True,target_available_at_arrival,available_count>0 at panel tick nearest as_of+tmap_eta,tmap_routes
TS271401,2026-08-02 06:26:57,2026-08-02 06:54:57,2026-08-02 06:57:00,28,27.8,9.449,dongdaegu,3,3,True,target_available_at_arrival,available_count>0 at panel tick nearest as_of+tmap_eta,tmap_routes
BNMI4438,2026-08-05 16:41:58,2026-08-05 17:19:58,2026-08-05 17:22:01,38,37.5,10.05,dongdaegu,3,3,True,target_available_at_arrival,available_count>0 at panel tick nearest as_of+tmap_eta,tmap_routes
ME23A218,2026-08-06 07:56:00,2026-08-06 08:13:00,2026-08-06 08:16:01,17,17.0,2.221,dongdaegu,2,2,True,target_available_at_arrival,available_count>0 at panel tick nearest as_of+tmap_eta,tmap_routes
EV006286,2026-08-03 18:53:50,2026-08-03 19:12:50,2026-08-03 19:13:51,19,19.3,1.852,dongdaegu,1,1,True,target_available_at_arrival,available_count>0 at panel tick nearest as_of+tmap_eta,tmap_routes
CV004674,2026-08-03 11:32:36,2026-08-03 11:52:36,2026-08-03 11:52:37,20,20.3,3.596,dongdaegu,1,1,True,target_available_at_arrival,available_count>0 at panel tick nearest as_of+tmap_eta,tmap_routes
PI530313,2026-08-07 15:42:31,2026-08-07 16:20:31,2026-08-07 16:22:33,38,37.9,13.333,dongdaegu,2,2,True,target_available_at_arrival,available_count>0 at panel tick nearest as_of+tmap_eta,tmap_routes
KE000375,2026-08-03 14:52:48,2026-08-03 15:21:48,2026-08-03 15:22:50,29,29.2,9.751,dongdaegu,2,2,True,target_available_at_arrival,available_count>0 at panel tick nearest as_of+tmap_eta,tmap_routes
KP004804,2026-08-03 18:53:50,2026-08-03 19:20:50,2026-08-03 19:23:52,27,27.0,8.693,dongdaegu,2,2,True,target_available_at_arrival,available_count>0 at panel tick nearest as_of+tmap_eta,tmap_routes
PI740113,2026-08-07 12:02:07,2026-08-07 12:26:07,2026-08-07 12:32:08,24,23.8,5.523,dongdaegu,3,3,True,target_available_at_arrival,available_count>0 at panel tick nearest as_of+tmap_eta,tmap_routes
CV000891,2026-08-03 05:42:10,2026-08-03 06:41:10,2026-08-03 06:42:12,59,58.9,26.194,dongdaegu,3,3,True,target_available_at_arrival,available_count>0 at panel tick nearest as_of+tmap_eta,tmap_routes
IN053082,2026-08-03 18:33:49,2026-08-03 19:12:49,2026-08-03 19:13:51,39,39.1,13.086,dongdaegu,12,11,True,target_available_at_arrival,available_count>0 at panel tick nearest as_of+tmap_eta,tmap_routes
ME20C186,2026-08-06 14:46:28,2026-08-06 15:30:28,2026-08-06 15:36:35,44,44.2,22.102,dongdaegu,1,1,True,target_available_at_arrival,available_count>0 at panel tick nearest as_of+tmap_eta,tmap_routes
CV001631,2026-07-24 20:49:27,2026-07-24 21:26:27,2026-07-24 21:29:34,37,37.1,9.223,dongdaegu,1,2,True,target_available_at_arrival,available_count>0 at panel tick nearest as_of+tmap_eta,tmap_routes
PC000551,2026-08-08 09:57:38,2026-08-08 10:23:38,2026-08-08 10:27:43,26,26.1,10.275,dongdaegu,3,3,True,target_available_at_arrival,available_count>0 at panel tick nearest as_of+tmap_eta,tmap_routes
CV001545,2026-07-22 15:00:22,2026-07-22 15:48:22,2026-07-22 15:50:34,48,48.1,22.949,dongdaegu,2,2,True,target_available_at_arrival,available_count>0 at panel tick nearest as_of+tmap_eta,tmap_routes
ME183144,2026-07-30 19:17:33,2026-07-30 20:13:33,2026-07-30 20:17:42,56,56.2,27.909,dongdaegu,3,3,True,target_available_at_arrival,available_count>0 at panel tick nearest as_of+tmap_eta,tmap_routes
CV001544,2026-08-07 00:21:15,2026-08-07 00:49:15,2026-08-07 00:51:16,28,27.6,7.249,dongdaegu,2,2,True,target_available_at_arrival,available_count>0 at panel tick nearest as_of+tmap_eta,tmap_routes
PC000305,2026-07-26 10:48:19,2026-07-26 11:21:19,2026-07-26 11:28:26,33,32.8,9.814,dongdaegu,8,9,True,target_available_at_arrival,available_count>0 at panel tick nearest as_of+tmap_eta,tmap_routes
ME183058,2026-08-08 07:37:28,2026-08-08 07:45:28,2026-08-08 07:47:29,8,8.1,1.178,dongdaegu,1,1,True,target_available_at_arrival,available_count>0 at panel tick nearest as_of+tmap_eta,tmap_routes
PI540413,2026-08-02 08:07:14,2026-08-02 09:05:14,2026-08-02 09:07:21,58,58.1,26.276,dongdaegu,5,5,True,target_available_at_arrival,available_count>0 at panel tick nearest as_of+tmap_eta,tmap_routes
DC530003,2026-08-05 12:31:42,2026-08-05 12:50:42,2026-08-05 12:51:43,19,18.8,3.965,dongdaegu,5,5,True,target_available_at_arrival,available_count>0 at panel tick nearest as_of+tmap_eta,tmap_routes
CV004714,2026-08-03 22:14:04,2026-08-03 22:40:04,2026-08-03 22:44:05,26,26.4,6.104,dongdaegu,3,3,True,target_available_at_arrival,available_count>0 at panel tick nearest as_of+tmap_eta,tmap_routes
CV003075,2026-08-05 07:21:16,2026-08-05 07:47:16,2026-08-05 07:51:18,26,26.1,8.655,dongdaegu,1,1,True,target_available_at_arrival,available_count>0 at panel tick nearest as_of+tmap_eta,tmap_routes
EV008138,2026-08-04 00:56:42,2026-08-04 01:16:42,2026-08-04 01:16:43,20,19.9,1.724,dongdaegu,2,2,True,target_available_at_arrival,available_count>0 at panel tick nearest as_of+tmap_eta,tmap_routes
CV002072,2026-07-27 19:55:43,2026-07-27 20:15:43,2026-07-27 20:15:49,20,20.2,4.511,dongdaegu,1,1,True,target_available_at_arrival,available_count>0 at panel tick nearest as_of+tmap_eta,tmap_routes
LU000904,2026-08-05 10:01:25,2026-08-05 10:28:25,2026-08-05 10:31:33,27,27.0,8.074,dongdaegu,9,11,True,target_available_at_arrival,available_count>0 at panel tick nearest as_of+tmap_eta,tmap_routes
CV003136,2026-07-31 12:02:47,2026-07-31 12:30:47,2026-07-31 12:32:51,28,28.2,8.505,dongdaegu,1,1,True,target_available_at_arrival,available_count>0 at panel tick nearest as_of+tmap_eta,tmap_routes
CV002302,2026-08-02 00:15:55,2026-08-02 00:45:55,2026-08-02 00:46:00,30,29.7,11.329,dongdaegu,2,2,True,target_available_at_arrival,available_count>0 at panel tick nearest as_of+tmap_eta,tmap_routes
CV002014,2026-07-23 09:25:42,2026-07-23 10:01:42,2026-07-23 10:06:04,36,35.5,11.855,dongdaegu,1,1,True,target_available_at_arrival,available_count>0 at panel tick nearest as_of+tmap_eta,tmap_routes
PW015039,2026-08-01 19:42:24,2026-08-01 20:09:24,2026-08-01 20:12:32,27,27.1,7.757,dongdaegu,1,1,True,target_available_at_arrival,available_count>0 at panel tick nearest as_of+tmap_eta,tmap_routes
PI740088,2026-07-23 13:57:52,2026-07-23 14:23:52,2026-07-23 14:27:58,26,26.5,9.147,dongdaegu,3,3,True,target_available_at_arrival,available_count>0 at panel tick nearest as_of+tmap_eta,tmap_routes
EV005228,2026-07-29 15:58:52,2026-07-29 16:16:52,2026-07-29 16:18:57,18,17.8,3.927,dongdaegu,2,2,True,target_available_at_arrival,available_count>0 at panel tick nearest as_of+tmap_eta,tmap_routes
SF003198,2026-07-24 16:58:31,2026-07-24 17:24:31,2026-07-24 17:28:43,26,26.4,10.221,dongdaegu,5,5,True,target_available_at_arrival,available_count>0 at panel tick nearest as_of+tmap_eta,tmap_routes
HM000722,2026-07-28 22:03:35,2026-07-28 22:53:35,2026-07-28 22:53:42,50,49.6,13.089,dongdaegu,11,11,True,target_available_at_arrival,available_count>0 at panel tick nearest as_of+tmap_eta,tmap_routes
PI540413,2026-07-29 05:16:52,2026-07-29 06:14:52,2026-07-29 06:16:59,58,58.1,26.276,dongdaegu,6,6,True,target_available_at_arrival,available_count>0 at panel tick nearest as_of+tmap_eta,tmap_routes
SF002258,2026-08-01 17:52:05,2026-08-01 18:08:05,2026-08-01 18:12:11,16,15.8,2.742,dongdaegu,1,1,True,target_available_at_arrival,available_count>0 at panel tick nearest as_of+tmap_eta,tmap_routes
ME25C427,2026-07-28 05:28:57,2026-07-28 05:45:57,2026-07-28 05:48:58,17,16.9,2.432,dongdaegu,4,4,True,target_available_at_arrival,available_count>0 at panel tick nearest as_of+tmap_eta,tmap_routes
ME24A243,2026-07-28 15:21:39,2026-07-28 16:15:39,2026-07-28 16:22:13,54,54.0,40.6,dongdaegu,2,2,True,target_available_at_arrival,available_count>0 at panel tick nearest as_of+tmap_eta,tmap_routes
CV003573,2026-07-30 04:03:30,2026-07-30 04:20:30,2026-07-30 04:23:33,17,17.1,2.711,dongdaegu,3,3,True,target_available_at_arrival,available_count>0 at panel tick nearest as_of+tmap_eta,tmap_routes
CV004606,2026-07-26 20:09:38,2026-07-26 20:43:38,2026-07-26 20:49:44,34,34.1,11.021,dongdaegu,1,1,True,target_available_at_arrival,available_count>0 at panel tick nearest as_of+tmap_eta,tmap_routes
PI753881,2026-08-01 18:22:13,2026-08-01 18:40:13,2026-08-01 18:42:15,18,18.1,5.485,dongdaegu,4,4,True,target_available_at_arrival,available_count>0 at panel tick nearest as_of+tmap_eta,tmap_routes
KE001333,2026-07-30 16:16:44,2026-07-30 16:42:44,2026-07-30 16:46:47,26,25.9,7.435,dongdaegu,1,1,True,target_available_at_arrival,available_count>0 at panel tick nearest as_of+tmap_eta,tmap_routes
L3004610,2026-08-04 20:57:59,2026-08-04 21:25:59,2026-08-04 21:28:00,28,27.6,6.755,dongdaegu,1,1,True,target_available_at_arrival,available_count>0 at panel tick nearest as_of+tmap_eta,tmap_routes
CV000750,2026-07-27 16:45:00,2026-07-27 17:45:00,2026-07-27 17:45:09,60,60.4,26.025,dongdaegu,5,4,True,target_available_at_arrival,available_count>0 at panel tick nearest as_of+tmap_eta,tmap_routes
ME18C259,2026-07-19 15:31:15,2026-07-19 15:55:15,2026-07-19 16:01:17,24,23.8,6.576,dongdaegu,2,2,True,target_available_at_arrival,available_count>0 at panel tick nearest as_of+tmap_eta,tmap_routes
EV008138,2026-08-05 06:01:10,2026-08-05 06:21:10,2026-08-05 06:21:11,20,19.9,1.724,dongdaegu,1,1,True,target_available_at_arrival,available_count>0 at panel tick nearest as_of+tmap_eta,tmap_routes
SF002932,2026-08-02 20:39:17,2026-08-02 20:55:17,2026-08-02 20:59:19,16,16.3,3.712,dongdaegu,3,3,True,target_available_at_arrival,available_count>0 at panel tick nearest as_of+tmap_eta,tmap_routes
CV003110,2026-08-03 23:24:08,2026-08-03 23:58:08,2026-08-04 00:04:09,34,34.0,10.462,dongdaegu,1,1,True,target_available_at_arrival,available_count>0 at panel tick nearest as_of+tmap_eta,tmap_routes
PC000100,2026-08-03 09:02:24,2026-08-03 09:29:24,2026-08-03 09:32:27,27,27.1,6.084,dongdaegu,1,1,True,target_available_at_arrival,available_count>0 at panel tick nearest as_of+tmap_eta,tmap_routes
ME18C251,2026-07-30 02:13:07,2026-07-30 03:07:07,2026-07-30 03:13:15,54,54.4,23.023,dongdaegu,2,2,True,target_available_at_arrival,available_count>0 at panel tick nearest as_of+tmap_eta,tmap_routes
GS000055,2026-07-28 01:18:24,2026-07-28 01:46:24,2026-07-28 01:48:27,28,27.8,8.549,dongdaegu,1,1,True,target_available_at_arrival,available_count>0 at panel tick nearest as_of+tmap_eta,tmap_routes
KP004804,2026-08-02 16:58:42,2026-08-02 17:25:42,2026-08-02 17:28:46,27,27.0,8.693,dongdaegu,2,2,True,target_available_at_arrival,available_count>0 at panel tick nearest as_of+tmap_eta,tmap_routes
PIH00573,2026-08-02 15:18:28,2026-08-02 15:38:28,2026-08-02 15:38:31,20,20.4,3.842,dongdaegu,2,2,True,target_available_at_arrival,available_count>0 at panel tick nearest as_of+tmap_eta,tmap_routes
KRC10237,2026-08-04 21:48:03,2026-08-04 22:17:03,2026-08-04 22:18:05,29,29.3,9.232,dongdaegu,2,2,True,target_available_at_arrival,available_count>0 at panel tick nearest as_of+tmap_eta,tmap_routes
KP000401,2026-08-01 04:39:23,2026-08-01 04:57:23,2026-08-01 04:59:25,18,18.3,3.635,dongdaegu,3,3,True,target_available_at_arrival,available_count>0 at panel tick nearest as_of+tmap_eta,tmap_routes
ME18C261,2026-07-25 17:24:03,2026-07-25 18:17:03,2026-07-25 18:24:11,53,53.0,31.983,dongdaegu,2,1,True,target_available_at_arrival,available_count>0 at panel tick nearest as_of+tmap_eta,tmap_routes
EV006225,2026-08-05 22:52:29,2026-08-05 23:30:29,2026-08-05 23:32:31,38,37.6,13.391,dongdaegu,2,2,True,target_available_at_arrival,available_count>0 at panel tick nearest as_of+tmap_eta,tmap_routes
DC530001,2026-08-06 20:57:05,2026-08-06 21:33:05,2026-08-06 21:37:13,36,35.9,10.361,dongdaegu,2,2,True,target_available_at_arrival,available_count>0 at panel tick nearest as_of+tmap_eta,tmap_routes
CV003080,2026-07-28 09:39:42,2026-07-28 10:35:42,2026-07-28 10:39:54,56,56.0,32.563,dongdaegu,1,1,True,target_available_at_arrival,available_count>0 at panel tick nearest as_of+tmap_eta,tmap_routes
CV003284,2026-07-29 16:59:14,2026-07-29 17:35:14,2026-07-29 17:39:21,36,35.6,8.37,dongdaegu,1,1,True,target_available_at_arrival,available_count>0 at panel tick nearest as_of+tmap_eta,tmap_routes
PI740664,2026-07-30 10:04:44,2026-07-30 10:43:44,2026-07-30 10:44:59,39,39.1,12.199,dongdaegu,2,2,True,target_available_at_arrival,available_count>0 at panel tick nearest as_of+tmap_eta,tmap_routes
ME18C170,2026-07-23 09:51:01,2026-07-23 10:09:01,2026-07-23 10:11:05,18,18.1,4.183,dongdaegu,1,1,True,target_available_at_arrival,available_count>0 at panel tick nearest as_of+tmap_eta,tmap_routes
PI740722,2026-07-22 12:49:53,2026-07-22 13:05:53,2026-07-22 13:09:57,16,16.4,2.83,dongdaegu,1,1,True,target_available_at_arrival,available_count>0 at panel tick nearest as_of+tmap_eta,tmap_routes
EV005838,2026-07-28 14:11:15,2026-07-28 14:37:15,2026-07-28 14:41:35,26,25.7,7.322,dongdaegu,1,2,True,target_available_at_arrival,available_count>0 at panel tick nearest as_of+tmap_eta,tmap_routes
ME25C277,2026-07-31 07:22:02,2026-07-31 08:01:02,2026-07-31 08:02:10,39,39.4,11.416,dongdaegu,2,2,True,target_available_at_arrival,available_count>0 at panel tick nearest as_of+tmap_eta,tmap_routes
TS271405,2026-07-30 05:13:41,2026-07-30 05:31:41,2026-07-30 05:33:43,18,17.6,3.579,dongdaegu,1,1,True,target_available_at_arrival,available_count>0 at panel tick nearest as_of+tmap_eta,tmap_routes
EV008164,2026-08-07 22:33:21,2026-08-07 23:11:21,2026-08-07 23:13:23,38,38.1,10.464,dongdaegu,3,3,True,target_available_at_arrival,available_count>0 at panel tick nearest as_of+tmap_eta,tmap_routes
EV005511,2026-07-28 11:50:19,2026-07-28 12:38:19,2026-07-28 12:40:49,48,47.6,13.5,dongdaegu,4,4,True,target_available_at_arrival,available_count>0 at panel tick nearest as_of+tmap_eta,tmap_routes
CV003119,2026-07-30 13:35:43,2026-07-30 14:13:43,2026-07-30 14:15:57,38,37.5,7.142,dongdaegu,3,3,True,target_available_at_arrival,available_count>0 at panel tick nearest as_of+tmap_eta,tmap_routes
CV002298,2026-07-26 22:19:57,2026-07-26 22:49:57,2026-07-26 22:50:00,30,29.6,11.989,dongdaegu,2,2,True,target_available_at_arrival,available_count>0 at panel tick nearest as_of+tmap_eta,tmap_routes
PC001547,2026-07-29 14:58:45,2026-07-29 15:28:45,2026-07-29 15:28:49,30,29.9,9.605,dongdaegu,1,1,True,target_available_at_arrival,available_count>0 at panel tick nearest as_of+tmap_eta,tmap_routes
ME20C189,2026-07-26 02:57:05,2026-07-26 03:27:05,2026-07-26 03:27:10,30,30.4,9.61,dongdaegu,1,1,True,target_available_at_arrival,available_count>0 at panel tick nearest as_of+tmap_eta,tmap_routes
HE240187,2026-07-22 15:50:34,2026-07-22 16:16:34,2026-07-22 16:20:38,26,26.1,6.661,dongdaegu,1,1,True,target_available_at_arrival,available_count>0 at panel tick nearest as_of+tmap_eta,tmap_routes
CV001242,2026-08-05 01:21:00,2026-08-05 02:00:00,2026-08-05 02:01:01,39,38.9,13.135,dongdaegu,6,7,True,target_available_at_arrival,available_count>0 at panel tick nearest as_of+tmap_eta,tmap_routes
PC000235,2026-07-28 22:43:41,2026-07-28 22:56:41,2026-07-28 23:03:44,13,12.8,1.908,dongdaegu,3,3,True,target_available_at_arrival,available_count>0 at panel tick nearest as_of+tmap_eta,tmap_routes
CV003716,2026-07-22 15:50:34,2026-07-22 16:38:34,2026-07-22 16:40:40,48,48.1,26.925,dongdaegu,1,1,True,target_available_at_arrival,available_count>0 at panel tick nearest as_of+tmap_eta,tmap_routes
CV001544,2026-07-25 20:54:34,2026-07-25 21:22:34,2026-07-25 21:24:38,28,27.6,7.249,dongdaegu,1,1,True,target_available_at_arrival,available_count>0 at panel tick nearest as_of+tmap_eta,tmap_routes
CV001488,2026-07-26 19:39:34,2026-07-26 20:09:34,2026-07-26 20:09:38,30,30.3,7.059,dongdaegu,1,2,True,target_available_at_arrival,available_count>0 at panel tick nearest as_of+tmap_eta,tmap_routes
EV005066,2026-07-28 13:01:09,2026-07-28 13:24:09,2026-07-28 13:31:11,23,22.6,6.339,dongdaegu,1,1,True,target_available_at_arrival,available_count>0 at panel tick nearest as_of+tmap_eta,tmap_routes
LU100103,2026-07-31 14:33:10,2026-07-31 15:10:10,2026-07-31 15:13:20,37,36.6,8.479,dongdaegu,1,1,True,target_available_at_arrival,available_count>0 at panel tick nearest as_of+tmap_eta,tmap_routes
ME18C261,2026-07-30 12:45:23,2026-07-30 13:38:23,2026-07-30 13:45:44,53,53.0,31.983,dongdaegu,2,2,True,target_available_at_arrival,available_count>0 at panel tick nearest as_of+tmap_eta,tmap_routes
CV003444,2026-07-23 03:08:12,2026-07-23 03:36:12,2026-07-23 03:38:20,28,28.1,8.078,dongdaegu,1,1,True,target_available_at_arrival,available_count>0 at panel tick nearest as_of+tmap_eta,tmap_routes
ST601139,2026-07-25 15:13:38,2026-07-25 15:40:38,2026-07-25 15:43:46,27,27.2,4.663,dongdaegu,1,1,True,target_available_at_arrival,available_count>0 at panel tick nearest as_of+tmap_eta,tmap_routes
PI530295,2026-07-31 22:46:08,2026-07-31 22:59:08,2026-07-31 23:06:11,13,13.2,2.981,dongdaegu,1,1,True,target_available_at_arrival,available_count>0 at panel tick nearest as_of+tmap_eta,tmap_routes
KE001518,2026-07-21 14:12:00,2026-07-21 15:02:00,2026-07-21 15:02:20,50,50.4,31.245,dongdaegu,1,1,True,target_available_at_arrival,available_count>0 at panel tick nearest as_of+tmap_eta,tmap_routes
CV001941,2026-08-05 15:41:55,2026-08-05 15:55:55,2026-08-05 16:01:56,14,14.5,2.314,dongdaegu,1,0,False,target_available_at_arrival,available_count>0 at panel tick nearest as_of+tmap_eta,tmap_routes
PI807412,2026-07-26 23:10:04,2026-07-26 23:30:04,2026-07-26 23:30:06,20,20.3,3.045,dongdaegu,4,4,True,target_available_at_arrival,available_count>0 at panel tick nearest as_of+tmap_eta,tmap_routes
KL002700,2026-08-04 08:17:06,2026-08-04 08:35:06,2026-08-04 08:37:07,18,17.7,3.558,dongdaegu,1,1,True,target_available_at_arrival,available_count>0 at panel tick nearest as_of+tmap_eta,tmap_routes
PI740239,2026-07-30 06:13:52,2026-07-30 06:28:52,2026-07-30 06:34:00,15,14.8,2.101,dongdaegu,2,2,True,target_available_at_arrival,available_count>0 at panel tick nearest as_of+tmap_eta,tmap_routes
PIH00737,2026-07-27 11:13:47,2026-07-27 11:41:47,2026-07-27 11:43:54,28,28.1,9.346,dongdaegu,5,5,True,target_available_at_arrival,available_count>0 at panel tick nearest as_of+tmap_eta,tmap_routes
SF003198,2026-08-06 17:16:41,2026-08-06 17:42:41,2026-08-06 17:46:45,26,26.4,10.221,dongdaegu,3,3,True,target_available_at_arrival,available_count>0 at panel tick nearest as_of+tmap_eta,tmap_routes
CV002915,2026-07-23 09:40:51,2026-07-23 10:12:51,2026-07-23 10:16:07,32,32.3,7.453,dongdaegu,1,1,True,target_available_at_arrival,available_count>0 at panel tick nearest as_of+tmap_eta,tmap_routes
PI306067,2026-08-03 01:51:58,2026-08-03 02:18:58,2026-08-03 02:21:59,27,27.0,9.229,dongdaegu,2,3,True,target_available_at_arrival,available_count>0 at panel tick nearest as_of+tmap_eta,tmap_routes
ME183144,2026-07-20 09:14:42,2026-07-20 10:10:42,2026-07-20 10:14:45,56,56.2,27.909,dongdaegu,3,2,True,target_available_at_arrival,available_count>0 at panel tick nearest as_of+tmap_eta,tmap_routes
PIS00791,2026-07-25 08:11:41,2026-07-25 08:27:41,2026-07-25 08:33:40,16,15.7,2.355,dongdaegu,1,1,True,target_available_at_arrival,available_count>0 at panel tick nearest as_of+tmap_eta,tmap_routes
PI000132,2026-07-24 21:29:34,2026-07-24 21:42:34,2026-07-24 21:49:37,13,13.1,1.238,dongdaegu,1,1,True,target_available_at_arrival,available_count>0 at panel tick nearest as_of+tmap_eta,tmap_routes
EV007658,2026-07-23 15:08:22,2026-07-23 15:48:22,2026-07-23 15:48:33,40,39.7,10.959,dongdaegu,1,0,False,target_available_at_arrival,available_count>0 at panel tick nearest as_of+tmap_eta,tmap_routes
PI747158,2026-08-04 14:57:33,2026-08-04 15:34:33,2026-08-04 15:37:35,37,37.3,11.696,dongdaegu,2,2,True,target_available_at_arrival,available_count>0 at panel tick nearest as_of+tmap_eta,tmap_routes
IN053044,2026-07-24 07:08:58,2026-07-24 07:48:58,2026-07-24 07:49:15,40,40.2,13.147,dongdaegu,1,2,True,target_available_at_arrival,available_count>0 at panel tick nearest as_of+tmap_eta,tmap_routes
ME183057,2026-07-25 13:14:42,2026-07-25 13:51:42,2026-07-25 13:54:50,37,36.6,11.781,dongdaegu,1,1,True,target_available_at_arrival,available_count>0 at panel tick nearest as_of+tmap_eta,tmap_routes
CV004318,2026-07-26 08:27:57,2026-07-26 09:01:57,2026-07-26 09:08:05,34,34.0,7.925,dongdaegu,4,4,True,target_available_at_arrival,available_count>0 at panel tick nearest as_of+tmap_eta,tmap_routes
ST277108,2026-08-03 01:41:58,2026-08-03 02:30:58,2026-08-03 02:32:00,49,48.7,23.022,dongdaegu,1,1,True,target_available_at_arrival,available_count>0 at panel tick nearest as_of+tmap_eta,tmap_routes
CV002144,2026-07-26 21:09:46,2026-07-26 21:54:46,2026-07-26 21:59:54,45,44.6,9.399,dongdaegu,3,2,True,target_available_at_arrival,available_count>0 at panel tick nearest as_of+tmap_eta,tmap_routes
ME183063,2026-07-22 22:40:21,2026-07-22 23:12:21,2026-07-22 23:15:35,32,32.5,9.561,dongdaegu,1,1,True,target_available_at_arrival,available_count>0 at panel tick nearest as_of+tmap_eta,tmap_routes
CV003453,2026-07-29 08:37:42,2026-07-29 08:53:42,2026-07-29 08:57:45,16,16.1,3.323,dongdaegu,1,1,True,target_available_at_arrival,available_count>0 at panel tick nearest as_of+tmap_eta,tmap_routes
CV001496,2026-07-26 13:18:42,2026-07-26 13:54:42,2026-07-26 13:58:46,36,35.9,10.455,dongdaegu,1,2,True,target_available_at_arrival,available_count>0 at panel tick nearest as_of+tmap_eta,tmap_routes
CV003140,2026-08-02 01:46:10,2026-08-02 02:30:10,2026-08-02 02:36:24,44,44.4,15.17,dongdaegu,1,1,True,target_available_at_arrival,available_count>0 at panel tick nearest as_of+tmap_eta,tmap_routes
CV003103,2026-08-02 10:07:33,2026-08-02 10:47:33,2026-08-02 10:47:40,40,39.7,8.056,dongdaegu,1,1,True,target_available_at_arrival,available_count>0 at panel tick nearest as_of+tmap_eta,tmap_routes
ST601139,2026-07-28 17:42:34,2026-07-28 18:09:34,2026-07-28 18:12:53,27,27.2,4.663,dongdaegu,4,4,True,target_available_at_arrival,available_count>0 at panel tick nearest as_of+tmap_eta,tmap_routes
ME21B262,2026-07-23 04:38:36,2026-07-23 05:31:36,2026-07-23 05:33:50,53,52.9,43.182,dongdaegu,2,2,True,target_available_at_arrival,available_count>0 at panel tick nearest as_of+tmap_eta,tmap_routes
PIS00556,2026-07-27 00:42:18,2026-07-27 01:09:18,2026-07-27 01:12:20,27,27.3,6.618,dongdaegu,3,3,True,target_available_at_arrival,available_count>0 at panel tick nearest as_of+tmap_eta,tmap_routes
CV000146,2026-08-03 01:51:58,2026-08-03 02:11:58,2026-08-03 02:11:59,20,19.5,3.384,dongdaegu,1,1,True,target_available_at_arrival,available_count>0 at panel tick nearest as_of+tmap_eta,tmap_routes
CV000509,2026-08-05 12:01:40,2026-08-05 12:14:40,2026-08-05 12:21:41,13,13.3,2.583,dongdaegu,1,1,True,target_available_at_arrival,available_count>0 at panel tick nearest as_of+tmap_eta,tmap_routes
AZ100017,2026-08-01 11:40:41,2026-08-01 12:19:41,2026-08-01 12:20:51,39,39.2,8.401,dongdaegu,6,6,True,target_available_at_arrival,available_count>0 at panel tick nearest as_of+tmap_eta,tmap_routes
ME18C264,2026-07-21 20:42:53,2026-07-21 21:10:53,2026-07-21 21:12:56,28,27.7,8.834,dongdaegu,2,2,True,target_available_at_arrival,available_count>0 at panel tick nearest as_of+tmap_eta,tmap_routes
ST272310,2026-07-25 17:34:04,2026-07-25 17:52:04,2026-07-25 17:54:07,18,18.3,3.532,dongdaegu,6,5,True,target_available_at_arrival,available_count>0 at panel tick nearest as_of+tmap_eta,tmap_routes
ST601235,2026-07-31 14:43:11,2026-07-31 15:18:11,2026-07-31 15:23:21,35,35.3,12.266,dongdaegu,1,2,True,target_available_at_arrival,available_count>0 at panel tick nearest as_of+tmap_eta,tmap_routes
CV002302,2026-08-01 16:11:47,2026-08-01 16:41:47,2026-08-01 16:41:55,30,29.7,11.329,dongdaegu,2,2,True,target_available_at_arrival,available_count>0 at panel tick nearest as_of+tmap_eta,tmap_routes
ME184068,2026-08-02 18:58:59,2026-08-02 19:32:59,2026-08-02 19:39:06,34,34.5,7.153,dongdaegu,1,1,True,target_available_at_arrival,available_count>0 at panel tick nearest as_of+tmap_eta,tmap_routes
DC530020,2026-07-26 01:46:58,2026-07-26 02:09:58,2026-07-26 02:17:01,23,23.2,4.562,dongdaegu,5,5,True,target_available_at_arrival,available_count>0 at panel tick nearest as_of+tmap_eta,tmap_routes
CV003185,2026-07-20 16:00:48,2026-07-20 16:30:48,2026-07-20 16:30:51,30,30.1,9.788,dongdaegu,4,4,True,target_available_at_arrival,available_count>0 at panel tick nearest as_of+tmap_eta,tmap_routes
ME21B262,2026-07-19 10:15:31,2026-07-19 11:08:31,2026-07-19 11:15:38,53,52.9,43.182,dongdaegu,1,0,False,target_available_at_arrival,available_count>0 at panel tick nearest as_of+tmap_eta,tmap_routes
PI306067,2026-07-28 04:18:42,2026-07-28 04:45:42,2026-07-28 04:48:46,27,27.0,9.229,dongdaegu,1,1,True,target_available_at_arrival,available_count>0 at panel tick nearest as_of+tmap_eta,tmap_routes
CV003122,2026-07-29 18:19:27,2026-07-29 18:38:27,2026-07-29 18:39:33,19,19.2,1.934,dongdaegu,1,1,True,target_available_at_arrival,available_count>0 at panel tick nearest as_of+tmap_eta,tmap_routes
ME21A140,2026-08-06 16:46:39,2026-08-06 17:39:39,2026-08-06 17:46:45,53,53.0,40.12,dongdaegu,1,1,True,target_available_at_arrival,available_count>0 at panel tick nearest as_of+tmap_eta,tmap_routes
PC000100,2026-07-28 05:58:59,2026-07-28 06:25:59,2026-07-28 06:29:02,27,27.1,6.084,dongdaegu,1,1,True,target_available_at_arrival,available_count>0 at panel tick nearest as_of+tmap_eta,tmap_routes
PI530271,2026-08-04 18:57:49,2026-08-04 19:21:49,2026-08-04 19:27:51,24,24.5,6.422,dongdaegu,3,3,True,target_available_at_arrival,available_count>0 at panel tick nearest as_of+tmap_eta,tmap_routes
CV004690,2026-08-02 10:07:33,2026-08-02 10:55:33,2026-08-02 10:57:42,48,47.5,12.082,dongdaegu,5,7,True,target_available_at_arrival,available_count>0 at panel tick nearest as_of+tmap_eta,tmap_routes
ST272309,2026-07-23 09:30:43,2026-07-23 10:02:43,2026-07-23 10:06:04,32,32.4,10.171,dongdaegu,2,2,True,target_available_at_arrival,available_count>0 at panel tick nearest as_of+tmap_eta,tmap_routes
EV004401,2026-07-27 09:03:32,2026-07-27 09:40:32,2026-07-27 09:43:37,37,36.6,11.918,dongdaegu,1,1,True,target_available_at_arrival,available_count>0 at panel tick nearest as_of+tmap_eta,tmap_routes
EV008883,2026-07-28 05:58:59,2026-07-28 06:28:59,2026-07-28 06:29:02,30,30.1,10.528,dongdaegu,1,1,True,target_available_at_arrival,available_count>0 at panel tick nearest as_of+tmap_eta,tmap_routes
CV001464,2026-08-03 13:52:45,2026-08-03 14:18:45,2026-08-03 14:22:47,26,26.3,7.512,dongdaegu,2,2,True,target_available_at_arrival,available_count>0 at panel tick nearest as_of+tmap_eta,tmap_routes
PI764798,2026-08-02 12:37:59,2026-08-02 13:00:59,2026-08-02 13:08:04,23,22.6,6.222,dongdaegu,1,2,True,target_available_at_arrival,available_count>0 at panel tick nearest as_of+tmap_eta,tmap_routes
CV000515,2026-07-29 18:49:35,2026-07-29 19:07:35,2026-07-29 19:09:38,18,18.2,3.761,dongdaegu,1,1,True,target_available_at_arrival,available_count>0 at panel tick nearest as_of+tmap_eta,tmap_routes
ME25C170,2026-07-27 09:13:33,2026-07-27 09:42:33,2026-07-27 09:43:37,29,28.6,8.088,dongdaegu,1,1,True,target_available_at_arrival,available_count>0 at panel tick nearest as_of+tmap_eta,tmap_routes
HW000477,2026-07-28 19:33:12,2026-07-28 19:53:12,2026-07-28 19:53:15,20,20.0,3.203,dongdaegu,2,2,True,target_available_at_arrival,available_count>0 at panel tick nearest as_of+tmap_eta,tmap_routes
EV005228,2026-07-31 09:42:32,2026-07-31 10:00:32,2026-07-31 10:02:34,18,17.8,3.927,dongdaegu,3,2,True,target_available_at_arrival,available_count>0 at panel tick nearest as_of+tmap_eta,tmap_routes
CV004464,2026-08-03 10:22:31,2026-08-03 10:46:31,2026-08-03 10:52:33,24,23.7,8.761,dongdaegu,2,3,True,target_available_at_arrival,available_count>0 at panel tick nearest as_of+tmap_eta,tmap_routes
HY001080,2026-07-31 06:21:40,2026-07-31 07:15:40,2026-07-31 07:22:02,54,54.1,26.412,dongdaegu,1,1,True,target_available_at_arrival,available_count>0 at panel tick nearest as_of+tmap_eta,tmap_routes
NT100890,2026-07-26 06:37:37,2026-07-26 07:35:37,2026-07-26 07:37:45,58,58.0,25.646,dongdaegu,1,1,True,target_available_at_arrival,available_count>0 at panel tick nearest as_of+tmap_eta,tmap_routes
CV000103,2026-07-22 15:30:31,2026-07-22 15:58:31,2026-07-22 16:00:36,28,28.4,9.288,dongdaegu,1,0,False,target_available_at_arrival,available_count>0 at panel tick nearest as_of+tmap_eta,tmap_routes
EV003703,2026-08-02 07:37:07,2026-08-02 08:03:07,2026-08-02 08:07:14,26,25.8,7.845,dongdaegu,2,2,True,target_available_at_arrival,available_count>0 at panel tick nearest as_of+tmap_eta,tmap_routes
EV006284,2026-07-30 10:14:52,2026-07-30 10:34:52,2026-07-30 10:34:53,20,19.6,1.837,dongdaegu,1,1,True,target_available_at_arrival,available_count>0 at panel tick nearest as_of+tmap_eta,tmap_routes
CV001973,2026-07-24 00:41:33,2026-07-24 00:49:33,2026-07-24 00:51:35,8,8.0,1.02,dongdaegu,1,1,True,target_available_at_arrival,available_count>0 at panel tick nearest as_of+tmap_eta,tmap_routes
CV000555,2026-07-30 06:03:46,2026-07-30 06:13:46,2026-07-30 06:13:52,10,9.6,1.415,dongdaegu,1,1,True,target_available_at_arrival,available_count>0 at panel tick nearest as_of+tmap_eta,tmap_routes
CU530006,2026-07-26 23:20:05,2026-07-26 23:37:05,2026-07-26 23:40:06,17,17.2,4.121,dongdaegu,2,2,True,target_available_at_arrival,available_count>0 at panel tick nearest as_of+tmap_eta,tmap_routes
ME25C427,2026-07-22 10:59:32,2026-07-22 11:16:32,2026-07-22 11:19:42,17,16.9,2.432,dongdaegu,4,4,True,target_available_at_arrival,available_count>0 at panel tick nearest as_of+tmap_eta,tmap_routes
PC000330,2026-07-22 15:40:33,2026-07-22 15:54:33,2026-07-22 16:00:36,14,14.4,0.498,dongdaegu,1,1,True,target_available_at_arrival,available_count>0 at panel tick nearest as_of+tmap_eta,tmap_routes
ST600649,2026-08-07 16:12:33,2026-08-07 16:32:33,2026-08-07 16:32:34,20,19.5,7.153,dongdaegu,3,2,True,target_available_at_arrival,available_count>0 at panel tick nearest as_of+tmap_eta,tmap_routes
JA270004,2026-07-27 17:35:07,2026-07-27 18:08:07,2026-07-27 18:15:14,33,32.8,10.493,dongdaegu,9,9,True,target_available_at_arrival,available_count>0 at panel tick nearest as_of+tmap_eta,tmap_routes
CV001397,2026-08-05 12:21:41,2026-08-05 13:01:41,2026-08-05 13:01:43,40,39.9,13.598,dongdaegu,1,1,True,target_available_at_arrival,available_count>0 at panel tick nearest as_of+tmap_eta,tmap_routes
CV003444,2026-07-24 17:28:43,2026-07-24 17:56:43,2026-07-24 17:58:47,28,28.1,8.078,dongdaegu,1,1,True,target_available_at_arrival,available_count>0 at panel tick nearest as_of+tmap_eta,tmap_routes
CV001627,2026-07-22 22:10:14,2026-07-22 22:49:14,2026-07-22 22:50:23,39,39.0,13.103,dongdaegu,2,2,True,target_available_at_arrival,available_count>0 at panel tick nearest as_of+tmap_eta,tmap_routes
CV002570,2026-08-04 23:58:09,2026-08-05 00:18:09,2026-08-05 00:20:57,20,19.7,3.538,dongdaegu,4,4,True,target_available_at_arrival,available_count>0 at panel tick nearest as_of+tmap_eta,tmap_routes
KP003782,2026-08-03 12:32:39,2026-08-03 13:08:39,2026-08-03 13:12:41,36,36.5,8.043,dongdaegu,1,1,True,target_available_at_arrival,available_count>0 at panel tick nearest as_of+tmap_eta,tmap_routes
CV004551,2026-08-06 19:36:53,2026-08-06 20:30:53,2026-08-06 20:37:02,54,54.2,40.076,dongdaegu,2,2,True,target_available_at_arrival,available_count>0 at panel tick nearest as_of+tmap_eta,tmap_routes
CV003137,2026-08-04 10:57:17,2026-08-04 11:57:17,2026-08-04 11:57:24,60,60.1,26.029,dongdaegu,2,3,True,target_available_at_arrival,available_count>0 at panel tick nearest as_of+tmap_eta,tmap_routes
SF002932,2026-08-03 16:32:57,2026-08-03 16:48:57,2026-08-03 16:52:59,16,16.3,3.712,dongdaegu,3,3,True,target_available_at_arrival,available_count>0 at panel tick nearest as_of+tmap_eta,tmap_routes
PC001247,2026-07-31 12:42:52,2026-07-31 13:12:52,2026-07-31 13:12:58,30,29.8,6.36,dongdaegu,2,2,True,target_available_at_arrival,available_count>0 at panel tick nearest as_of+tmap_eta,tmap_routes
ME25C166,2026-08-07 08:21:44,2026-08-07 09:21:44,2026-08-07 09:21:52,60,60.5,30.627,dongdaegu,1,1,True,target_available_at_arrival,available_count>0 at panel tick nearest as_of+tmap_eta,tmap_routes
CV003066,2026-07-24 08:14:27,2026-07-24 08:54:27,2026-07-24 08:57:07,40,39.9,11.512,dongdaegu,1,1,True,target_available_at_arrival,available_count>0 at panel tick nearest as_of+tmap_eta,tmap_routes
PIS00549,2026-07-28 15:31:41,2026-07-28 16:06:41,2026-07-28 16:12:12,35,34.7,10.454,dongdaegu,4,4,True,target_available_at_arrival,available_count>0 at panel tick nearest as_of+tmap_eta,tmap_routes
PI740298,2026-07-27 20:46:00,2026-07-27 21:14:00,2026-07-27 21:16:04,28,27.7,6.071,dongdaegu,1,1,True,target_available_at_arrival,available_count>0 at panel tick nearest as_of+tmap_eta,tmap_routes
BNBN1180,2026-08-05 03:11:04,2026-08-05 03:47:04,2026-08-05 03:51:06,36,36.3,12.826,dongdaegu,1,1,True,target_available_at_arrival,available_count>0 at panel tick nearest as_of+tmap_eta,tmap_routes
ME183144,2026-08-03 17:43:45,2026-08-03 18:39:45,2026-08-03 18:43:49,56,56.2,27.909,dongdaegu,3,3,True,target_available_at_arrival,available_count>0 at panel tick nearest as_of+tmap_eta,tmap_routes
CV000678,2026-07-22 12:29:50,2026-07-22 13:27:50,2026-07-22 13:29:59,58,58.0,26.591,dongdaegu,2,1,True,target_available_at_arrival,available_count>0 at panel tick nearest as_of+tmap_eta,tmap_routes
ME19C130,2026-07-23 00:17:33,2026-07-23 01:24:33,2026-07-23 01:27:47,67,66.8,43.953,dongdaegu,1,1,True,target_available_at_arrival,available_count>0 at panel tick nearest as_of+tmap_eta,tmap_routes
NT101931,2026-08-08 03:57:17,2026-08-08 04:35:17,2026-08-08 04:37:18,38,37.5,9.161,dongdaegu,2,2,True,target_available_at_arrival,available_count>0 at panel tick nearest as_of+tmap_eta,tmap_routes
PI753881,2026-08-02 20:59:19,2026-08-02 21:17:19,2026-08-02 21:19:22,18,18.1,5.485,dongdaegu,4,4,True,target_available_at_arrival,available_count>0 at panel tick nearest as_of+tmap_eta,tmap_routes
BNBN0594,2026-07-23 07:44:33,2026-07-23 08:00:33,2026-07-23 08:04:41,16,16.4,3.558,dongdaegu,1,1,True,target_available_at_arrival,available_count>0 at panel tick nearest as_of+tmap_eta,tmap_routes
SF000324,2026-08-07 16:12:33,2026-08-07 16:50:33,2026-08-07 16:52:35,38,38.0,12.916,dongdaegu,9,9,True,target_available_at_arrival,available_count>0 at panel tick nearest as_of+tmap_eta,tmap_routes
EV000674,2026-08-02 04:06:37,2026-08-02 05:05:37,2026-08-02 05:06:43,59,59.0,26.331,dongdaegu,2,2,True,target_available_at_arrival,available_count>0 at panel tick nearest as_of+tmap_eta,tmap_routes
CV001396,2026-08-03 04:22:05,2026-08-03 04:32:05,2026-08-03 04:32:05,10,10.2,0.829,dongdaegu,1,1,True,target_available_at_arrival,available_count>0 at panel tick nearest as_of+tmap_eta,tmap_routes
CV004698,2026-08-01 07:29:46,2026-08-01 07:47:46,2026-08-01 07:49:50,18,18.4,2.885,dongdaegu,2,2,True,target_available_at_arrival,available_count>0 at panel tick nearest as_of+tmap_eta,tmap_routes
EV001238,2026-08-07 03:01:21,2026-08-07 03:19:21,2026-08-07 03:21:22,18,18.4,2.831,dongdaegu,1,1,True,target_available_at_arrival,available_count>0 at panel tick nearest as_of+tmap_eta,tmap_routes
HM000722,2026-08-05 13:11:44,2026-08-05 14:01:44,2026-08-05 14:01:47,50,49.6,13.089,dongdaegu,16,15,True,target_available_at_arrival,available_count>0 at panel tick nearest as_of+tmap_eta,tmap_routes
PC001831,2026-07-24 07:44:14,2026-07-24 07:57:14,2026-07-24 07:59:18,13,12.9,2.868,dongdaegu,3,4,True,target_available_at_arrival,available_count>0 at panel tick nearest as_of+tmap_eta,tmap_routes
ME25C427,2026-08-03 09:02:24,2026-08-03 09:19:24,2026-08-03 09:22:26,17,16.9,2.432,dongdaegu,4,4,True,target_available_at_arrival,available_count>0 at panel tick nearest as_of+tmap_eta,tmap_routes
LU001036,2026-07-31 22:56:10,2026-07-31 23:42:10,2026-07-31 23:46:16,46,46.2,15.687,dongdaegu,2,2,True,target_available_at_arrival,available_count>0 at panel tick nearest as_of+tmap_eta,tmap_routes
CV003066,2026-07-25 17:04:00,2026-07-25 17:44:00,2026-07-25 17:44:06,40,39.9,11.512,dongdaegu,1,1,True,target_available_at_arrival,available_count>0 at panel tick nearest as_of+tmap_eta,tmap_routes
CV003483,2026-07-24 08:26:54,2026-07-24 08:54:54,2026-07-24 08:57:07,28,28.1,6.301,dongdaegu,1,0,False,target_available_at_arrival,available_count>0 at panel tick nearest as_of+tmap_eta,tmap_routes
PI530291,2026-07-23 12:02:15,2026-07-23 12:34:15,2026-07-23 12:37:30,32,31.5,9.967,dongdaegu,1,1,True,target_available_at_arrival,available_count>0 at panel tick nearest as_of+tmap_eta,tmap_routes
ST600663,2026-07-31 18:15:10,2026-07-31 18:51:10,2026-07-31 18:55:21,36,35.8,17.637,dongdaegu,3,3,True,target_available_at_arrival,available_count>0 at panel tick nearest as_of+tmap_eta,tmap_routes
ME22C250,2026-08-06 11:36:17,2026-08-06 12:33:17,2026-08-06 12:36:20,57,57.1,24.108,dongdaegu,2,1,True,target_available_at_arrival,available_count>0 at panel tick nearest as_of+tmap_eta,tmap_routes
CU530007,2026-07-28 02:48:33,2026-07-28 03:14:33,2026-07-28 03:18:35,26,25.5,9.004,dongdaegu,6,8,True,target_available_at_arrival,available_count>0 at panel tick nearest as_of+tmap_eta,tmap_routes
JA270006,2026-07-31 14:13:05,2026-07-31 14:27:05,2026-07-31 14:33:10,14,14.1,2.934,dongdaegu,8,9,True,target_available_at_arrival,available_count>0 at panel tick nearest as_of+tmap_eta,tmap_routes
CV004555,2026-08-08 08:47:34,2026-08-08 09:07:34,2026-08-08 09:07:35,20,19.8,3.775,dongdaegu,2,2,True,target_available_at_arrival,available_count>0 at panel tick nearest as_of+tmap_eta,tmap_routes
KL001763,2026-08-01 12:50:59,2026-08-01 13:37:59,2026-08-01 13:41:16,47,47.2,19.423,dongdaegu,1,1,True,target_available_at_arrival,available_count>0 at panel tick nearest as_of+tmap_eta,tmap_routes
CV001590,2026-07-30 02:23:08,2026-07-30 03:02:08,2026-07-30 03:03:14,39,39.0,13.429,dongdaegu,4,4,True,target_available_at_arrival,available_count>0 at panel tick nearest as_of+tmap_eta,tmap_routes
ME20C189,2026-08-06 08:26:02,2026-08-06 08:56:02,2026-08-06 08:56:08,30,30.4,9.61,dongdaegu,1,1,True,target_available_at_arrival,available_count>0 at panel tick nearest as_of+tmap_eta,tmap_routes
CV003137,2026-08-01 04:59:25,2026-08-01 05:59:25,2026-08-01 05:59:31,60,60.1,26.029,dongdaegu,4,4,True,target_available_at_arrival,available_count>0 at panel tick nearest as_of+tmap_eta,tmap_routes
ST601225,2026-08-02 01:06:02,2026-08-02 01:16:02,2026-08-02 01:16:03,10,9.8,1.871,dongdaegu,2,2,True,target_available_at_arrival,available_count>0 at panel tick nearest as_of+tmap_eta,tmap_routes
CV000899,2026-08-05 04:51:08,2026-08-05 04:58:08,2026-08-05 05:01:08,7,6.7,0.393,dongdaegu,2,2,True,target_available_at_arrival,available_count>0 at panel tick nearest as_of+tmap_eta,tmap_routes
EV007837,2026-08-01 09:50:16,2026-08-01 10:16:16,2026-08-01 10:20:29,26,25.9,3.73,dongdaegu,4,3,True,target_available_at_arrival,available_count>0 at panel tick nearest as_of+tmap_eta,tmap_routes
CU530007,2026-07-29 06:47:09,2026-07-29 07:13:09,2026-07-29 07:17:13,26,25.5,9.004,dongdaegu,10,10,True,target_available_at_arrival,available_count>0 at panel tick nearest as_of+tmap_eta,tmap_routes
CV003786,2026-08-06 14:36:28,2026-08-06 15:00:28,2026-08-06 15:06:33,24,23.6,4.545,dongdaegu,10,9,True,target_available_at_arrival,available_count>0 at panel tick nearest as_of+tmap_eta,tmap_routes
PI530294,2026-08-07 17:32:38,2026-08-07 17:47:38,2026-08-07 17:52:43,15,14.9,2.628,dongdaegu,1,1,True,target_available_at_arrival,available_count>0 at panel tick nearest as_of+tmap_eta,tmap_routes
ME19W401,2026-07-28 13:21:10,2026-07-28 14:15:10,2026-07-28 14:21:16,54,53.5,31.956,dongdaegu,8,6,True,target_available_at_arrival,available_count>0 at panel tick nearest as_of+tmap_eta,tmap_routes
ME19C403,2026-08-07 17:12:36,2026-08-07 17:38:36,2026-08-07 17:42:40,26,26.0,8.922,dongdaegu,1,0,False,target_available_at_arrival,available_count>0 at panel tick nearest as_of+tmap_eta,tmap_routes
ST601440,2026-08-05 17:02:00,2026-08-05 17:21:00,2026-08-05 17:22:01,19,18.7,3.878,dongdaegu,1,1,True,target_available_at_arrival,available_count>0 at panel tick nearest as_of+tmap_eta,tmap_routes
HY000912,2026-08-04 01:56:47,2026-08-04 02:20:47,2026-08-04 02:26:49,24,23.5,6.608,dongdaegu,7,7,True,target_available_at_arrival,available_count>0 at panel tick nearest as_of+tmap_eta,tmap_routes
EV008883,2026-08-03 10:52:33,2026-08-03 11:22:33,2026-08-03 11:22:36,30,30.1,10.528,dongdaegu,1,1,True,target_available_at_arrival,available_count>0 at panel tick nearest as_of+tmap_eta,tmap_routes
CV001634,2026-07-25 15:23:39,2026-07-25 15:58:39,2026-07-25 16:03:49,35,35.1,9.858,dongdaegu,1,1,True,target_available_at_arrival,available_count>0 at panel tick nearest as_of+tmap_eta,tmap_routes
PW010211,2026-08-05 10:11:30,2026-08-05 11:25:30,2026-08-05 11:31:39,74,74.0,30.326,dongdaegu,2,2,True,target_available_at_arrival,available_count>0 at panel tick nearest as_of+tmap_eta,tmap_routes
PI530328,2026-07-31 09:12:27,2026-07-31 09:55:27,2026-07-31 10:02:34,43,42.9,10.026,dongdaegu,1,1,True,target_available_at_arrival,available_count>0 at panel tick nearest as_of+tmap_eta,tmap_routes
CV000831,2026-07-29 10:08:03,2026-07-29 10:18:03,2026-07-29 10:18:04,10,9.9,0.571,dongdaegu,2,2,True,target_available_at_arrival,available_count>0 at panel tick nearest as_of+tmap_eta,tmap_routes
PI740398,2026-07-30 10:44:59,2026-07-30 11:00:59,2026-07-30 11:05:01,16,16.2,2.184,dongdaegu,1,0,False,target_available_at_arrival,available_count>0 at panel tick nearest as_of+tmap_eta,tmap_routes
LU003020,2026-07-31 06:11:39,2026-07-31 07:01:39,2026-07-31 07:01:47,50,49.6,27.511,dongdaegu,1,1,True,target_available_at_arrival,available_count>0 at panel tick nearest as_of+tmap_eta,tmap_routes
CV003458,2026-07-29 04:06:40,2026-07-29 04:29:40,2026-07-29 04:36:46,23,23.1,5.357,dongdaegu,1,1,True,target_available_at_arrival,available_count>0 at panel tick nearest as_of+tmap_eta,tmap_routes
ME23B115,2026-07-22 09:29:13,2026-07-22 10:05:13,2026-07-22 10:09:18,36,35.7,7.443,dongdaegu,1,1,True,target_available_at_arrival,available_count>0 at panel tick nearest as_of+tmap_eta,tmap_routes
CV000504,2026-08-02 18:18:53,2026-08-02 18:46:53,2026-08-02 18:48:58,28,28.4,8.106,dongdaegu,2,2,True,target_available_at_arrival,available_count>0 at panel tick nearest as_of+tmap_eta,tmap_routes
ME18C405,2026-07-21 20:52:54,2026-07-21 21:06:54,2026-07-21 21:12:56,14,14.4,2.77,dongdaegu,4,4,True,target_available_at_arrival,available_count>0 at panel tick nearest as_of+tmap_eta,tmap_routes
CV000896,2026-08-06 09:06:09,2026-08-06 09:50:09,2026-08-06 09:56:12,44,43.9,9.703,dongdaegu,18,18,True,target_available_at_arrival,available_count>0 at panel tick nearest as_of+tmap_eta,tmap_routes
CV000103,2026-08-03 10:02:30,2026-08-03 10:30:30,2026-08-03 10:32:32,28,28.4,9.288,dongdaegu,1,1,True,target_available_at_arrival,available_count>0 at panel tick nearest as_of+tmap_eta,tmap_routes
ME184069,2026-07-31 21:15:53,2026-07-31 21:33:53,2026-07-31 21:35:56,18,18.1,3.348,dongdaegu,1,1,True,target_available_at_arrival,available_count>0 at panel tick nearest as_of+tmap_eta,tmap_routes
ST277201,2026-07-30 11:15:12,2026-07-30 12:09:12,2026-07-30 12:15:19,54,53.7,43.013,dongdaegu,4,4,True,target_available_at_arrival,available_count>0 at panel tick nearest as_of+tmap_eta,tmap_routes
DC530021,2026-08-01 07:19:45,2026-08-01 07:44:45,2026-08-01 07:49:50,25,24.7,3.799,dongdaegu,5,5,True,target_available_at_arrival,available_count>0 at panel tick nearest as_of+tmap_eta,tmap_routes
CV001706,2026-08-01 17:32:02,2026-08-01 18:27:02,2026-08-01 18:32:14,55,54.8,26.617,dongdaegu,2,2,True,target_available_at_arrival,available_count>0 at panel tick nearest as_of+tmap_eta,tmap_routes
EV005709,2026-08-02 16:48:41,2026-08-02 17:23:41,2026-08-02 17:28:46,35,34.7,9.64,dongdaegu,3,3,True,target_available_at_arrival,available_count>0 at panel tick nearest as_of+tmap_eta,tmap_routes
JA270005,2026-08-04 14:07:30,2026-08-04 14:27:30,2026-08-04 14:27:31,20,20.5,6.034,dongdaegu,19,19,True,target_available_at_arrival,available_count>0 at panel tick nearest as_of+tmap_eta,tmap_routes
CV004690,2026-08-02 12:17:53,2026-08-02 13:05:53,2026-08-02 13:08:04,48,47.5,12.082,dongdaegu,7,7,True,target_available_at_arrival,available_count>0 at panel tick nearest as_of+tmap_eta,tmap_routes
LU001682,2026-07-28 14:21:16,2026-07-28 14:44:16,2026-07-28 14:51:36,23,22.7,6.713,dongdaegu,2,2,True,target_available_at_arrival,available_count>0 at panel tick nearest as_of+tmap_eta,tmap_routes
EC000412,2026-08-07 01:11:17,2026-08-07 01:37:17,2026-08-07 01:41:18,26,25.9,5.039,dongdaegu,1,1,True,target_available_at_arrival,available_count>0 at panel tick nearest as_of+tmap_eta,tmap_routes
PC000654,2026-07-27 15:14:45,2026-07-27 15:42:45,2026-07-27 15:44:48,28,27.9,8.761,dongdaegu,5,5,True,target_available_at_arrival,available_count>0 at panel tick nearest as_of+tmap_eta,tmap_routes
CV003566,2026-07-25 10:34:15,2026-07-25 10:58:15,2026-07-25 11:04:21,24,24.4,3.698,dongdaegu,1,1,True,target_available_at_arrival,available_count>0 at panel tick nearest as_of+tmap_eta,tmap_routes
EV007654,2026-07-31 23:36:15,2026-08-01 00:05:15,2026-08-01 00:06:21,29,29.4,8.407,dongdaegu,2,2,True,target_available_at_arrival,available_count>0 at panel tick nearest as_of+tmap_eta,tmap_routes
NT100237,2026-08-07 11:22:05,2026-08-07 11:55:05,2026-08-07 12:02:07,33,32.6,10.832,dongdaegu,1,1,True,target_available_at_arrival,available_count>0 at panel tick nearest as_of+tmap_eta,tmap_routes
CV000567,2026-07-26 20:29:41,2026-07-26 20:58:41,2026-07-26 20:59:45,29,28.6,4.444,dongdaegu,1,1,True,target_available_at_arrival,available_count>0 at panel tick nearest as_of+tmap_eta,tmap_routes
EV005267,2026-07-31 02:20:55,2026-07-31 02:50:55,2026-07-31 02:51:01,30,29.6,10.5,dongdaegu,2,3,True,target_available_at_arrival,available_count>0 at panel tick nearest as_of+tmap_eta,tmap_routes
PC001513,2026-07-22 08:59:09,2026-07-22 09:16:09,2026-07-22 09:19:12,17,16.9,2.629,dongdaegu,1,1,True,target_available_at_arrival,available_count>0 at panel tick nearest as_of+tmap_eta,tmap_routes
CV002099,2026-08-06 12:06:18,2026-08-06 12:35:18,2026-08-06 12:36:20,29,28.6,9.096,dongdaegu,2,2,True,target_available_at_arrival,available_count>0 at panel tick nearest as_of+tmap_eta,tmap_routes
KP004804,2026-08-03 12:52:40,2026-08-03 13:19:40,2026-08-03 13:22:42,27,27.0,8.693,dongdaegu,2,2,True,target_available_at_arrival,available_count>0 at panel tick nearest as_of+tmap_eta,tmap_routes
CV000219,2026-08-06 10:26:13,2026-08-06 11:03:13,2026-08-06 11:06:15,37,37.2,14.875,dongdaegu,2,2,True,target_available_at_arrival,available_count>0 at panel tick nearest as_of+tmap_eta,tmap_routes
CV002202,2026-07-28 21:03:24,2026-07-28 21:23:24,2026-07-28 21:23:28,20,20.3,5.522,dongdaegu,2,2,True,target_available_at_arrival,available_count>0 at panel tick nearest as_of+tmap_eta,tmap_routes
CV003568,2026-08-02 00:56:01,2026-08-02 01:21:01,2026-08-02 01:26:08,25,25.1,6.14,dongdaegu,1,1,True,target_available_at_arrival,available_count>0 at panel tick nearest as_of+tmap_eta,tmap_routes
CV003086,2026-08-03 15:02:49,2026-08-03 15:25:49,2026-08-03 15:32:50,23,23.3,3.897,dongdaegu,1,1,True,target_available_at_arrival,available_count>0 at panel tick nearest as_of+tmap_eta,tmap_routes
VTE00004,2026-08-01 06:59:42,2026-08-01 07:16:42,2026-08-01 07:19:45,17,16.6,2.011,dongdaegu,5,5,True,target_available_at_arrival,available_count>0 at panel tick nearest as_of+tmap_eta,tmap_routes
ST272308,2026-07-25 15:11:26,2026-07-25 15:27:26,2026-07-25 15:33:45,16,15.9,3.465,dongdaegu,1,1,True,target_available_at_arrival,available_count>0 at panel tick nearest as_of+tmap_eta,tmap_routes
ME18C229,2026-07-20 11:44:55,2026-07-20 12:37:55,2026-07-20 12:45:01,53,52.9,43.083,dongdaegu,1,1,True,target_available_at_arrival,available_count>0 at panel tick nearest as_of+tmap_eta,tmap_routes
PI530278,2026-07-24 03:02:09,2026-07-24 03:58:09,2026-07-24 04:02:51,56,55.5,26.206,dongdaegu,1,2,True,target_available_at_arrival,available_count>0 at panel tick nearest as_of+tmap_eta,tmap_routes
ME18C259,2026-07-30 00:12:57,2026-07-30 00:36:57,2026-07-30 00:42:59,24,23.8,6.576,dongdaegu,2,2,True,target_available_at_arrival,available_count>0 at panel tick nearest as_of+tmap_eta,tmap_routes
SF003268,2026-08-02 01:16:03,2026-08-02 01:34:03,2026-08-02 01:36:09,18,17.6,3.734,dongdaegu,1,1,True,target_available_at_arrival,available_count>0 at panel tick nearest as_of+tmap_eta,tmap_routes
CV001002,2026-07-30 11:55:17,2026-07-30 12:13:17,2026-07-30 12:15:19,18,17.5,3.402,dongdaegu,3,2,True,target_available_at_arrival,available_count>0 at panel tick nearest as_of+tmap_eta,tmap_routes
ME183067,2026-07-21 11:41:23,2026-07-21 12:06:23,2026-07-21 12:11:26,25,24.9,5.762,dongdaegu,1,1,True,target_available_at_arrival,available_count>0 at panel tick nearest as_of+tmap_eta,tmap_routes
CV000559,2026-07-30 13:15:39,2026-07-30 13:41:39,2026-07-30 13:45:44,26,25.9,4.657,dongdaegu,2,2,True,target_available_at_arrival,available_count>0 at panel tick nearest as_of+tmap_eta,tmap_routes
ME24B144,2026-08-01 21:52:49,2026-08-01 22:45:49,2026-08-01 22:52:56,53,53.4,31.05,dongdaegu,1,1,True,target_available_at_arrival,available_count>0 at panel tick nearest as_of+tmap_eta,tmap_routes
CV001396,2026-07-29 09:48:00,2026-07-29 09:58:00,2026-07-29 09:58:02,10,10.2,0.829,dongdaegu,1,1,True,target_available_at_arrival,available_count>0 at panel tick nearest as_of+tmap_eta,tmap_routes
PI722615,2026-08-07 17:02:36,2026-08-07 17:20:36,2026-08-07 17:22:37,18,18.3,3.033,dongdaegu,10,10,True,target_available_at_arrival,available_count>0 at panel tick nearest as_of+tmap_eta,tmap_routes
HE001131,2026-07-23 14:43:03,2026-07-23 15:02:03,2026-07-23 15:03:20,19,18.6,3.1,dongdaegu,1,1,True,target_available_at_arrival,available_count>0 at panel tick nearest as_of+tmap_eta,tmap_routes
PI530290,2026-07-26 13:08:40,2026-07-26 13:36:40,2026-07-26 13:38:44,28,28.5,5.483,dongdaegu,2,2,True,target_available_at_arrival,available_count>0 at panel tick nearest as_of+tmap_eta,tmap_routes
SF000279,2026-08-01 06:09:31,2026-08-01 06:27:31,2026-08-01 06:29:39,18,18.1,4.008,dongdaegu,3,3,True,target_available_at_arrival,available_count>0 at panel tick nearest as_of+tmap_eta,tmap_routes
CV004326,2026-07-23 03:28:17,2026-07-23 04:15:17,2026-07-23 04:18:30,47,47.1,21.479,dongdaegu,1,1,True,target_available_at_arrival,available_count>0 at panel tick nearest as_of+tmap_eta,tmap_routes
EV005267,2026-08-07 05:31:29,2026-08-07 06:01:29,2026-08-07 06:01:32,30,29.6,10.5,dongdaegu,3,3,True,target_available_at_arrival,available_count>0 at panel tick nearest as_of+tmap_eta,tmap_routes
CV002302,2026-07-31 02:20:55,2026-07-31 02:50:55,2026-07-31 02:51:01,30,29.7,11.329,dongdaegu,3,3,True,target_available_at_arrival,available_count>0 at panel tick nearest as_of+tmap_eta,tmap_routes
CV003158,2026-07-24 16:58:31,2026-07-24 17:44:31,2026-07-24 17:48:46,46,46.5,15.819,dongdaegu,1,1,True,target_available_at_arrival,available_count>0 at panel tick nearest as_of+tmap_eta,tmap_routes
CV003143,2026-08-04 18:37:48,2026-08-04 19:10:48,2026-08-04 19:17:50,33,33.0,12.115,dongdaegu,1,1,True,target_available_at_arrival,available_count>0 at panel tick nearest as_of+tmap_eta,tmap_routes
EC270011,2026-08-08 06:37:25,2026-08-08 07:06:25,2026-08-08 07:07:27,29,28.6,10.954,dongdaegu,1,1,True,target_available_at_arrival,available_count>0 at panel tick nearest as_of+tmap_eta,tmap_routes
CV003083,2026-07-23 04:28:33,2026-07-23 04:58:33,2026-07-23 04:58:42,30,29.6,9.706,dongdaegu,1,1,True,target_available_at_arrival,available_count>0 at panel tick nearest as_of+tmap_eta,tmap_routes
CV001126,2026-08-02 09:37:26,2026-08-02 10:13:26,2026-08-02 10:17:34,36,35.9,9.85,dongdaegu,1,1,True,target_available_at_arrival,available_count>0 at panel tick nearest as_of+tmap_eta,tmap_routes
CV003081,2026-08-02 03:26:30,2026-08-02 03:43:30,2026-08-02 03:46:34,17,16.7,3.222,dongdaegu,1,1,True,target_available_at_arrival,available_count>0 at panel tick nearest as_of+tmap_eta,tmap_routes
DC530012,2026-08-02 12:17:53,2026-08-02 12:43:53,2026-08-02 12:48:02,26,26.5,4.462,dongdaegu,5,4,True,target_available_at_arrival,available_count>0 at panel tick nearest as_of+tmap_eta,tmap_routes
PIS00599,2026-07-30 01:23:03,2026-07-30 01:59:03,2026-07-30 02:03:06,36,35.7,12.543,dongdaegu,12,12,True,target_available_at_arrival,available_count>0 at panel tick nearest as_of+tmap_eta,tmap_routes
KP005833,2026-08-07 07:51:40,2026-08-07 08:44:40,2026-08-07 08:51:48,53,53.4,23.9,dongdaegu,1,1,True,target_available_at_arrival,available_count>0 at panel tick nearest as_of+tmap_eta,tmap_routes
ME25C428,2026-08-01 18:12:11,2026-08-01 18:31:11,2026-08-01 18:32:14,19,18.8,3.899,dongdaegu,4,4,True,target_available_at_arrival,available_count>0 at panel tick nearest as_of+tmap_eta,tmap_routes
JA270004,2026-08-03 15:12:49,2026-08-03 15:45:49,2026-08-03 15:52:51,33,32.8,10.493,dongdaegu,9,9,True,target_available_at_arrival,available_count>0 at panel tick nearest as_of+tmap_eta,tmap_routes
DC530005,2026-07-29 10:48:07,2026-07-29 11:14:07,2026-07-29 11:18:12,26,25.8,4.529,dongdaegu,1,1,True,target_available_at_arrival,available_count>0 at panel tick nearest as_of+tmap_eta,tmap_routes
EV012411,2026-07-30 18:17:11,2026-07-30 18:47:11,2026-07-30 18:47:28,30,29.9,6.418,dongdaegu,2,3,True,target_available_at_arrival,available_count>0 at panel tick nearest as_of+tmap_eta,tmap_routes
ST277109,2026-08-06 18:06:46,2026-08-06 18:42:46,2026-08-06 18:46:49,36,35.6,12.799,dongdaegu,1,2,True,target_available_at_arrival,available_count>0 at panel tick nearest as_of+tmap_eta,tmap_routes
CV000051,2026-08-04 07:27:02,2026-08-04 08:25:02,2026-08-04 08:27:06,58,57.6,33.109,dongdaegu,2,2,True,target_available_at_arrival,available_count>0 at panel tick nearest as_of+tmap_eta,tmap_routes
PW010211,2026-07-27 20:35:51,2026-07-27 21:49:51,2026-07-27 21:56:10,74,74.0,30.326,dongdaegu,1,1,True,target_available_at_arrival,available_count>0 at panel tick nearest as_of+tmap_eta,tmap_routes
CV000952,2026-07-20 16:45:53,2026-07-20 16:57:53,2026-07-20 17:00:53,12,12.2,0.899,dongdaegu,1,1,True,target_available_at_arrival,available_count>0 at panel tick nearest as_of+tmap_eta,tmap_routes
CV000811,2026-08-07 00:51:16,2026-08-07 01:20:16,2026-08-07 01:21:17,29,29.1,8.544,dongdaegu,1,1,True,target_available_at_arrival,available_count>0 at panel tick nearest as_of+tmap_eta,tmap_routes
EV006229,2026-07-28 02:48:33,2026-07-28 03:26:33,2026-07-28 03:28:37,38,37.6,13.391,dongdaegu,1,1,True,target_available_at_arrival,available_count>0 at panel tick nearest as_of+tmap_eta,tmap_routes
CV000501,2026-08-04 08:57:08,2026-08-04 09:20:08,2026-08-04 09:27:10,23,22.9,6.934,dongdaegu,1,1,True,target_available_at_arrival,available_count>0 at panel tick nearest as_of+tmap_eta,tmap_routes
EV006617,2026-07-25 17:04:00,2026-07-25 17:42:00,2026-07-25 17:44:06,38,37.6,13.391,dongdaegu,1,1,True,target_available_at_arrival,available_count>0 at panel tick nearest as_of+tmap_eta,tmap_routes
PI740068,2026-08-06 00:55:43,2026-08-06 01:11:43,2026-08-06 01:15:43,16,16.2,3.016,dongdaegu,2,2,True,target_available_at_arrival,available_count>0 at panel tick nearest as_of+tmap_eta,tmap_routes
TS271102,2026-07-30 06:54:02,2026-07-30 07:18:02,2026-07-30 07:24:10,24,24.1,4.27,dongdaegu,2,2,True,target_available_at_arrival,available_count>0 at panel tick nearest as_of+tmap_eta,tmap_routes
CV003559,2026-07-23 06:59:17,2026-07-23 07:16:17,2026-07-23 07:19:23,17,16.7,2.572,dongdaegu,1,1,True,target_available_at_arrival,available_count>0 at panel tick nearest as_of+tmap_eta,tmap_routes
PW015154,2026-08-02 06:06:49,2026-08-02 06:26:49,2026-08-02 06:26:57,20,20.5,5.59,dongdaegu,1,1,True,target_available_at_arrival,available_count>0 at panel tick nearest as_of+tmap_eta,tmap_routes
ME183064,2026-07-31 07:52:08,2026-07-31 08:21:08,2026-07-31 08:22:20,29,29.2,9.767,dongdaegu,1,1,True,target_available_at_arrival,available_count>0 at panel tick nearest as_of+tmap_eta,tmap_routes
CV001895,2026-07-28 21:33:29,2026-07-28 21:49:29,2026-07-28 21:53:32,16,15.8,3.244,dongdaegu,2,2,True,target_available_at_arrival,available_count>0 at panel tick nearest as_of+tmap_eta,tmap_routes
CV000906,2026-07-26 15:59:05,2026-07-26 16:07:05,2026-07-26 16:09:06,8,7.7,1.201,dongdaegu,1,1,True,target_available_at_arrival,available_count>0 at panel tick nearest as_of+tmap_eta,tmap_routes
HW000553,2026-08-02 05:56:48,2026-08-02 06:12:48,2026-08-02 06:16:57,16,16.5,3.974,dongdaegu,1,1,True,target_available_at_arrival,available_count>0 at panel tick nearest as_of+tmap_eta,tmap_routes
EV008140,2026-08-03 14:22:47,2026-08-03 14:40:47,2026-08-03 14:42:48,18,17.8,1.688,dongdaegu,6,5,True,target_available_at_arrival,available_count>0 at panel tick nearest as_of+tmap_eta,tmap_routes
TS272902,2026-08-05 20:12:21,2026-08-05 20:40:21,2026-08-05 20:42:22,28,28.4,9.806,dongdaegu,2,2,True,target_available_at_arrival,available_count>0 at panel tick nearest as_of+tmap_eta,tmap_routes
CV001002,2026-07-28 23:13:45,2026-07-28 23:31:45,2026-07-28 23:33:50,18,17.5,3.402,dongdaegu,2,3,True,target_available_at_arrival,available_count>0 at panel tick nearest as_of+tmap_eta,tmap_routes
CG000066,2026-07-31 12:42:52,2026-07-31 13:30:52,2026-07-31 13:33:00,48,47.6,23.032,dongdaegu,1,1,True,target_available_at_arrival,available_count>0 at panel tick nearest as_of+tmap_eta,tmap_routes
CV003068,2026-07-19 18:31:32,2026-07-19 18:42:32,2026-07-19 18:46:35,11,10.8,1.818,dongdaegu,1,1,True,target_available_at_arrival,available_count>0 at panel tick nearest as_of+tmap_eta,tmap_routes
DC530008,2026-08-02 13:18:05,2026-08-02 14:01:05,2026-08-02 14:08:15,43,42.8,8.536,dongdaegu,4,3,True,target_available_at_arrival,available_count>0 at panel tick nearest as_of+tmap_eta,tmap_routes
KP000402,2026-07-24 13:58:01,2026-07-24 14:31:01,2026-07-24 14:38:07,33,32.6,11.034,dongdaegu,2,2,True,target_available_at_arrival,available_count>0 at panel tick nearest as_of+tmap_eta,tmap_routes
AZ100019,2026-07-30 15:36:38,2026-07-30 16:05:38,2026-07-30 16:06:42,29,28.9,6.805,dongdaegu,2,2,True,target_available_at_arrival,available_count>0 at panel tick nearest as_of+tmap_eta,tmap_routes
IN053082,2026-07-25 11:54:31,2026-07-25 12:33:31,2026-07-25 12:34:37,39,39.1,13.086,dongdaegu,11,12,True,target_available_at_arrival,available_count>0 at panel tick nearest as_of+tmap_eta,tmap_routes
CV004556,2026-07-28 06:39:04,2026-07-28 07:27:04,2026-07-28 07:29:10,48,47.5,15.257,dongdaegu,2,2,True,target_available_at_arrival,available_count>0 at panel tick nearest as_of+tmap_eta,tmap_routes
DC530013,2026-08-02 12:58:03,2026-08-02 13:24:03,2026-08-02 13:28:10,26,25.7,4.437,dongdaegu,4,4,True,target_available_at_arrival,available_count>0 at panel tick nearest as_of+tmap_eta,tmap_routes
NH270001,2026-08-05 23:22:31,2026-08-06 00:15:31,2026-08-06 00:15:41,53,52.7,39.287,dongdaegu,2,2,True,target_available_at_arrival,available_count>0 at panel tick nearest as_of+tmap_eta,tmap_routes
PI740298,2026-08-08 08:27:33,2026-08-08 08:55:33,2026-08-08 08:57:35,28,27.7,6.071,dongdaegu,1,1,True,target_available_at_arrival,available_count>0 at panel tick nearest as_of+tmap_eta,tmap_routes
CV003136,2026-07-20 21:01:07,2026-07-20 21:29:07,2026-07-20 21:31:09,28,28.2,8.505,dongdaegu,1,1,True,target_available_at_arrival,available_count>0 at panel tick nearest as_of+tmap_eta,tmap_routes
NT101503,2026-07-29 06:37:08,2026-07-29 07:02:08,2026-07-29 07:07:12,25,24.9,9.063,dongdaegu,1,1,True,target_available_at_arrival,available_count>0 at panel tick nearest as_of+tmap_eta,tmap_routes
CV004086,2026-07-31 18:45:19,2026-07-31 19:21:19,2026-07-31 19:25:32,36,35.9,8.3,dongdaegu,11,11,True,target_available_at_arrival,available_count>0 at panel tick nearest as_of+tmap_eta,tmap_routes
CV003483,2026-07-28 05:08:51,2026-07-28 05:36:51,2026-07-28 05:38:57,28,28.1,6.301,dongdaegu,1,1,True,target_available_at_arrival,available_count>0 at panel tick nearest as_of+tmap_eta,tmap_routes
CV004253,2026-07-23 07:34:27,2026-07-23 08:28:27,2026-07-23 08:29:53,54,53.6,40.474,dongdaegu,1,1,True,target_available_at_arrival,available_count>0 at panel tick nearest as_of+tmap_eta,tmap_routes
EV007837,2026-08-06 21:47:14,2026-08-06 22:13:14,2026-08-06 22:17:15,26,25.9,3.73,dongdaegu,2,2,True,target_available_at_arrival,available_count>0 at panel tick nearest as_of+tmap_eta,tmap_routes
CU530012,2026-07-31 17:25:02,2026-07-31 18:02:02,2026-07-31 18:05:08,37,36.8,12.536,dongdaegu,23,22,True,target_available_at_arrival,available_count>0 at panel tick nearest as_of+tmap_eta,tmap_routes
CV004699,2026-07-28 02:58:34,2026-07-28 03:14:34,2026-07-28 03:18:35,16,15.8,4.103,dongdaegu,1,1,True,target_available_at_arrival,available_count>0 at panel tick nearest as_of+tmap_eta,tmap_routes
KP005834,2026-07-29 23:10:22,2026-07-29 23:53:22,2026-07-30 00:00:31,43,42.9,21.13,dongdaegu,1,1,True,target_available_at_arrival,available_count>0 at panel tick nearest as_of+tmap_eta,tmap_routes
CV003462,2026-07-29 14:58:45,2026-07-29 15:14:45,2026-07-29 15:18:47,16,15.9,3.351,dongdaegu,1,1,True,target_available_at_arrival,available_count>0 at panel tick nearest as_of+tmap_eta,tmap_routes
PIH01276,2026-08-06 08:56:08,2026-08-06 09:11:08,2026-08-06 09:16:09,15,15.4,3.464,dongdaegu,17,18,True,target_available_at_arrival,available_count>0 at panel tick nearest as_of+tmap_eta,tmap_routes
LU003020,2026-08-05 07:41:17,2026-08-05 08:31:17,2026-08-05 08:31:20,50,49.6,27.511,dongdaegu,4,4,True,target_available_at_arrival,available_count>0 at panel tick nearest as_of+tmap_eta,tmap_routes
CV000978,2026-07-22 23:50:42,2026-07-23 00:15:42,2026-07-23 00:17:33,25,25.3,6.225,dongdaegu,1,1,True,target_available_at_arrival,available_count>0 at panel tick nearest as_of+tmap_eta,tmap_routes
CV004104,2026-07-26 11:08:22,2026-07-26 11:27:22,2026-07-26 11:28:26,19,19.3,7.318,dongdaegu,4,4,True,target_available_at_arrival,available_count>0 at panel tick nearest as_of+tmap_eta,tmap_routes
LU001561,2026-07-27 00:52:18,2026-07-27 00:56:18,2026-07-27 01:02:19,4,4.5,0.671,dongdaegu,2,2,True,target_available_at_arrival,available_count>0 at panel tick nearest as_of+tmap_eta,tmap_routes
CU530007,2026-07-25 10:54:19,2026-07-25 11:20:19,2026-07-25 11:24:26,26,25.5,9.004,dongdaegu,4,4,True,target_available_at_arrival,available_count>0 at panel tick nearest as_of+tmap_eta,tmap_routes
KP003475,2026-07-28 02:08:29,2026-07-28 02:41:29,2026-07-28 02:48:33,33,32.8,7.058,dongdaegu,6,6,True,target_available_at_arrival,available_count>0 at panel tick nearest as_of+tmap_eta,tmap_routes
EV008139,2026-07-30 16:06:42,2026-07-30 16:26:42,2026-07-30 16:26:45,20,19.9,1.726,dongdaegu,2,2,True,target_available_at_arrival,available_count>0 at panel tick nearest as_of+tmap_eta,tmap_routes
KP000238,2026-07-18 19:36:08,2026-07-18 20:06:08,2026-07-18 20:06:10,30,29.6,6.864,dongdaegu,1,1,True,target_available_at_arrival,available_count>0 at panel tick nearest as_of+tmap_eta,tmap_routes
UP491145,2026-08-01 03:49:19,2026-08-01 04:16:19,2026-08-01 04:19:22,27,26.8,8.306,dongdaegu,1,1,True,target_available_at_arrival,available_count>0 at panel tick nearest as_of+tmap_eta,tmap_routes
CV003065,2026-07-30 10:04:44,2026-07-30 10:34:44,2026-07-30 10:34:53,30,29.5,12.376,dongdaegu,2,2,True,target_available_at_arrival,available_count>0 at panel tick nearest as_of+tmap_eta,tmap_routes
HD000070,2026-07-20 20:11:03,2026-07-20 20:54:03,2026-07-20 21:01:07,43,42.7,8.427,dongdaegu,1,0,False,target_available_at_arrival,available_count>0 at panel tick nearest as_of+tmap_eta,tmap_routes
KP002183,2026-08-01 20:12:32,2026-08-01 20:26:32,2026-08-01 20:32:35,14,14.1,4.396,dongdaegu,1,1,True,target_available_at_arrival,available_count>0 at panel tick nearest as_of+tmap_eta,tmap_routes
PIS00580,2026-07-20 12:14:56,2026-07-20 12:29:56,2026-07-20 12:30:00,15,15.2,2.833,dongdaegu,4,4,True,target_available_at_arrival,available_count>0 at panel tick nearest as_of+tmap_eta,tmap_routes
ME21B130,2026-07-25 21:04:35,2026-07-25 21:31:35,2026-07-25 21:34:39,27,27.4,9.046,dongdaegu,1,1,True,target_available_at_arrival,available_count>0 at panel tick nearest as_of+tmap_eta,tmap_routes
NT101295,2026-08-03 21:23:59,2026-08-03 21:40:59,2026-08-03 21:44:00,17,17.2,6.908,dongdaegu,1,1,True,target_available_at_arrival,available_count>0 at panel tick nearest as_of+tmap_eta,tmap_routes
EV005432,2026-07-25 10:14:06,2026-07-25 10:53:06,2026-07-25 10:54:19,39,39.4,9.3,dongdaegu,1,1,True,target_available_at_arrival,available_count>0 at panel tick nearest as_of+tmap_eta,tmap_routes
CV000978,2026-07-27 14:34:38,2026-07-27 14:59:38,2026-07-27 15:04:42,25,25.3,6.225,dongdaegu,4,4,True,target_available_at_arrival,available_count>0 at panel tick nearest as_of+tmap_eta,tmap_routes
PIH01804,2026-08-02 20:29:16,2026-08-02 20:47:16,2026-08-02 20:49:18,18,17.8,3.532,dongdaegu,9,11,True,target_available_at_arrival,available_count>0 at panel tick nearest as_of+tmap_eta,tmap_routes
ME18C229,2026-07-27 19:55:43,2026-07-27 20:48:43,2026-07-27 20:56:01,53,52.9,43.083,dongdaegu,1,2,True,target_available_at_arrival,available_count>0 at panel tick nearest as_of+tmap_eta,tmap_routes
NT100595,2026-07-21 14:22:01,2026-07-21 14:51:01,2026-07-21 14:52:19,29,29.3,9.579,dongdaegu,1,1,True,target_available_at_arrival,available_count>0 at panel tick nearest as_of+tmap_eta,tmap_routes
PI645405,2026-08-05 03:31:05,2026-08-05 04:07:05,2026-08-05 04:11:06,36,35.8,12.364,dongdaegu,4,4,True,target_available_at_arrival,available_count>0 at panel tick nearest as_of+tmap_eta,tmap_routes
PI740374,2026-07-27 06:02:51,2026-07-27 06:29:51,2026-07-27 06:32:57,27,27.0,8.019,dongdaegu,1,1,True,target_available_at_arrival,available_count>0 at panel tick nearest as_of+tmap_eta,tmap_routes
CV000224,2026-08-03 23:54:09,2026-08-04 00:12:09,2026-08-04 00:16:41,18,17.5,3.322,dongdaegu,4,4,True,target_available_at_arrival,available_count>0 at panel tick nearest as_of+tmap_eta,tmap_routes
ST601237,2026-07-24 21:39:36,2026-07-24 21:55:36,2026-07-24 21:59:38,16,16.1,3.81,dongdaegu,1,1,True,target_available_at_arrival,available_count>0 at panel tick nearest as_of+tmap_eta,tmap_routes
HW000466,2026-08-08 04:27:18,2026-08-08 05:27:18,2026-08-08 05:27:22,60,60.4,25.938,dongdaegu,1,1,True,target_available_at_arrival,available_count>0 at panel tick nearest as_of+tmap_eta,tmap_routes
CV002394,2026-07-27 21:06:03,2026-07-27 21:39:03,2026-07-27 21:46:08,33,33.3,13.237,dongdaegu,4,4,True,target_available_at_arrival,available_count>0 at panel tick nearest as_of+tmap_eta,tmap_routes
CU530008,2026-07-21 09:51:01,2026-07-21 10:20:01,2026-07-21 10:21:04,29,29.1,9.81,dongdaegu,1,1,True,target_available_at_arrival,available_count>0 at panel tick nearest as_of+tmap_eta,tmap_routes
ME183064,2026-08-03 12:42:40,2026-08-03 13:11:40,2026-08-03 13:12:41,29,29.2,9.767,dongdaegu,1,1,True,target_available_at_arrival,available_count>0 at panel tick nearest as_of+tmap_eta,tmap_routes
PC000654,2026-08-06 23:17:18,2026-08-06 23:45:18,2026-08-06 23:47:20,28,27.9,8.761,dongdaegu,3,3,True,target_available_at_arrival,available_count>0 at panel tick nearest as_of+tmap_eta,tmap_routes
CV000665,2026-07-27 17:15:05,2026-07-27 17:44:05,2026-07-27 17:45:09,29,29.3,6.294,dongdaegu,3,3,True,target_available_at_arrival,available_count>0 at panel tick nearest as_of+tmap_eta,tmap_routes
CV000991,2026-07-18 15:50:46,2026-07-18 16:14:46,2026-07-18 16:20:47,24,23.5,6.811,dongdaegu,1,1,True,target_available_at_arrival,available_count>0 at panel tick nearest as_of+tmap_eta,tmap_routes
CV003454,2026-08-06 13:56:25,2026-08-06 14:12:25,2026-08-06 14:16:27,16,16.1,3.323,dongdaegu,1,1,True,target_available_at_arrival,available_count>0 at panel tick nearest as_of+tmap_eta,tmap_routes
PI530328,2026-08-02 11:57:51,2026-08-02 12:40:51,2026-08-02 12:48:02,43,42.9,10.026,dongdaegu,1,1,True,target_available_at_arrival,available_count>0 at panel tick nearest as_of+tmap_eta,tmap_routes
CV002372,2026-08-03 06:42:12,2026-08-03 07:11:12,2026-08-03 07:12:14,29,29.2,8.209,dongdaegu,2,2,True,target_available_at_arrival,available_count>0 at panel tick nearest as_of+tmap_eta,tmap_routes
EV005267,2026-08-03 04:42:06,2026-08-03 05:12:06,2026-08-03 05:12:07,30,29.6,10.5,dongdaegu,2,2,True,target_available_at_arrival,available_count>0 at panel tick nearest as_of+tmap_eta,tmap_routes
CV000817,2026-08-06 18:36:49,2026-08-06 19:02:49,2026-08-06 19:06:51,26,25.8,7.07,dongdaegu,1,1,True,target_available_at_arrival,available_count>0 at panel tick nearest as_of+tmap_eta,tmap_routes
ME25C168,2026-08-08 01:37:06,2026-08-08 02:20:06,2026-08-08 02:27:12,43,42.7,12.324,dongdaegu,1,1,True,target_available_at_arrival,available_count>0 at panel tick nearest as_of+tmap_eta,tmap_routes
KL001809,2026-07-26 14:18:50,2026-07-26 14:38:50,2026-07-26 14:38:52,20,19.9,3.27,dongdaegu,2,2,True,target_available_at_arrival,available_count>0 at panel tick nearest as_of+tmap_eta,tmap_routes
CV000113,2026-08-08 01:17:05,2026-08-08 01:35:05,2026-08-08 01:37:06,18,17.9,3.891,dongdaegu,1,1,True,target_available_at_arrival,available_count>0 at panel tick nearest as_of+tmap_eta,tmap_routes
HE001131,2026-08-04 04:06:53,2026-08-04 04:25:53,2026-08-04 04:26:54,19,18.6,3.1,dongdaegu,10,10,True,target_available_at_arrival,available_count>0 at panel tick nearest as_of+tmap_eta,tmap_routes
ME22C251,2026-07-22 16:40:40,2026-07-22 17:08:40,2026-07-22 17:11:04,28,27.9,8.298,dongdaegu,2,1,True,target_available_at_arrival,available_count>0 at panel tick nearest as_of+tmap_eta,tmap_routes
CV001121,2026-08-07 23:53:25,2026-08-08 00:23:25,2026-08-08 00:27:03,30,29.7,8.333,dongdaegu,1,1,True,target_available_at_arrival,available_count>0 at panel tick nearest as_of+tmap_eta,tmap_routes
CV002633,2026-07-26 10:08:12,2026-07-26 10:43:12,2026-07-26 10:48:19,35,34.9,9.916,dongdaegu,2,2,True,target_available_at_arrival,available_count>0 at panel tick nearest as_of+tmap_eta,tmap_routes
IN053010,2026-07-29 10:18:04,2026-07-29 10:41:04,2026-07-29 10:48:07,23,22.9,5.478,dongdaegu,3,4,True,target_available_at_arrival,available_count>0 at panel tick nearest as_of+tmap_eta,tmap_routes
CV003078,2026-07-27 02:22:26,2026-07-27 03:17:26,2026-07-27 03:22:31,55,54.9,26.032,dongdaegu,1,1,True,target_available_at_arrival,available_count>0 at panel tick nearest as_of+tmap_eta,tmap_routes
JA270006,2026-08-04 01:46:46,2026-08-04 02:00:46,2026-08-04 02:06:48,14,14.1,2.934,dongdaegu,9,9,True,target_available_at_arrival,available_count>0 at panel tick nearest as_of+tmap_eta,tmap_routes
PI306105,2026-08-04 04:26:54,2026-08-04 04:39:54,2026-08-04 04:46:55,13,13.3,2.325,dongdaegu,6,6,True,target_available_at_arrival,available_count>0 at panel tick nearest as_of+tmap_eta,tmap_routes
CV002394,2026-08-02 08:27:16,2026-08-02 09:00:16,2026-08-02 09:07:21,33,33.3,13.237,dongdaegu,4,4,True,target_available_at_arrival,available_count>0 at panel tick nearest as_of+tmap_eta,tmap_routes
CV000667,2026-08-04 10:17:15,2026-08-04 11:02:15,2026-08-04 11:07:17,45,45.4,18.244,dongdaegu,1,1,True,target_available_at_arrival,available_count>0 at panel tick nearest as_of+tmap_eta,tmap_routes
CV001891,2026-07-25 23:24:53,2026-07-26 00:04:53,2026-07-26 00:04:58,40,39.5,13.333,dongdaegu,2,2,True,target_available_at_arrival,available_count>0 at panel tick nearest as_of+tmap_eta,tmap_routes
CV000808,2026-07-24 03:32:16,2026-07-24 04:07:16,2026-07-24 04:07:53,35,34.9,7.273,dongdaegu,1,1,True,target_available_at_arrival,available_count>0 at panel tick nearest as_of+tmap_eta,tmap_routes
CV003283,2026-08-07 21:33:15,2026-08-07 22:07:15,2026-08-07 22:13:19,34,33.9,8.36,dongdaegu,3,3,True,target_available_at_arrival,available_count>0 at panel tick nearest as_of+tmap_eta,tmap_routes
CV002189,2026-07-29 16:49:07,2026-07-29 16:55:07,2026-07-29 16:59:14,6,6.2,0.869,dongdaegu,1,1,True,target_available_at_arrival,available_count>0 at panel tick nearest as_of+tmap_eta,tmap_routes
CV001973,2026-07-30 00:00:31,2026-07-30 00:08:31,2026-07-30 00:12:57,8,8.0,1.02,dongdaegu,2,2,True,target_available_at_arrival,available_count>0 at panel tick nearest as_of+tmap_eta,tmap_routes
ME22D254,2026-08-02 01:06:02,2026-08-02 01:52:02,2026-08-02 01:56:15,46,46.2,13.899,dongdaegu,1,1,True,target_available_at_arrival,available_count>0 at panel tick nearest as_of+tmap_eta,tmap_routes
IN053044,2026-07-22 08:49:08,2026-07-22 09:29:08,2026-07-22 09:29:13,40,40.2,13.147,dongdaegu,1,1,True,target_available_at_arrival,available_count>0 at panel tick nearest as_of+tmap_eta,tmap_routes
ME18C260,2026-07-17 18:39:47,2026-07-17 18:54:47,2026-07-17 18:54:48,15,14.7,3.117,dongdaegu,2,2,True,target_available_at_arrival,available_count>0 at panel tick nearest as_of+tmap_eta,tmap_routes
CV000542,2026-08-05 07:31:17,2026-08-05 07:41:17,2026-08-05 07:41:17,10,9.8,2.222,dongdaegu,1,1,True,target_available_at_arrival,available_count>0 at panel tick nearest as_of+tmap_eta,tmap_routes
PIH01276,2026-08-05 01:41:00,2026-08-05 01:56:00,2026-08-05 02:01:01,15,15.4,3.464,dongdaegu,14,14,True,target_available_at_arrival,available_count>0 at panel tick nearest as_of+tmap_eta,tmap_routes
CV002191,2026-07-25 19:04:18,2026-07-25 19:39:18,2026-07-25 19:44:24,35,34.8,11.172,dongdaegu,1,0,False,target_available_at_arrival,available_count>0 at panel tick nearest as_of+tmap_eta,tmap_routes
SF002913,2026-08-04 19:17:50,2026-08-04 19:32:50,2026-08-04 19:37:52,15,15.2,3.084,dongdaegu,5,5,True,target_available_at_arrival,available_count>0 at panel tick nearest as_of+tmap_eta,tmap_routes
EV008163,2026-07-28 16:32:17,2026-07-28 17:10:17,2026-07-28 17:12:31,38,37.7,10.328,dongdaegu,2,2,True,target_available_at_arrival,available_count>0 at panel tick nearest as_of+tmap_eta,tmap_routes
CV002995,2026-08-03 05:22:07,2026-08-03 05:46:07,2026-08-03 05:52:10,24,24.1,4.399,dongdaegu,2,2,True,target_available_at_arrival,available_count>0 at panel tick nearest as_of+tmap_eta,tmap_routes
CU530011,2026-07-26 16:19:07,2026-07-26 16:35:07,2026-07-26 16:39:09,16,15.6,2.998,dongdaegu,13,13,True,target_available_at_arrival,available_count>0 at panel tick nearest as_of+tmap_eta,tmap_routes
CV002372,2026-08-04 06:26:58,2026-08-04 06:55:58,2026-08-04 06:57:00,29,29.2,8.209,dongdaegu,2,2,True,target_available_at_arrival,available_count>0 at panel tick nearest as_of+tmap_eta,tmap_routes
CV004086,2026-07-25 17:14:01,2026-07-25 17:50:01,2026-07-25 17:54:07,36,35.9,8.3,dongdaegu,4,4,True,target_available_at_arrival,available_count>0 at panel tick nearest as_of+tmap_eta,tmap_routes
PI306067,2026-07-31 22:36:07,2026-07-31 23:03:07,2026-07-31 23:06:11,27,27.0,9.229,dongdaegu,2,3,True,target_available_at_arrival,available_count>0 at panel tick nearest as_of+tmap_eta,tmap_routes
ME19C289,2026-08-06 03:35:49,2026-08-06 04:29:49,2026-08-06 04:35:51,54,54.2,41.292,dongdaegu,2,2,True,target_available_at_arrival,available_count>0 at panel tick nearest as_of+tmap_eta,tmap_routes
CV003464,2026-07-28 16:12:12,2026-07-28 16:39:12,2026-07-28 16:42:18,27,27.0,5.866,dongdaegu,2,2,True,target_available_at_arrival,available_count>0 at panel tick nearest as_of+tmap_eta,tmap_routes
CV002620,2026-08-02 01:16:03,2026-08-02 01:50:03,2026-08-02 01:56:15,34,34.0,8.562,dongdaegu,1,1,True,target_available_at_arrival,available_count>0 at panel tick nearest as_of+tmap_eta,tmap_routes
ME19X404,2026-08-04 12:57:27,2026-08-04 13:21:27,2026-08-04 13:27:28,24,23.7,7.894,dongdaegu,5,5,True,target_available_at_arrival,available_count>0 at panel tick nearest as_of+tmap_eta,tmap_routes
DC530005,2026-08-07 13:02:12,2026-08-07 13:28:12,2026-08-07 13:32:14,26,25.8,4.529,dongdaegu,1,1,True,target_available_at_arrival,available_count>0 at panel tick nearest as_of+tmap_eta,tmap_routes
DC530016,2026-07-27 00:00:08,2026-07-27 00:46:08,2026-07-27 00:52:18,46,46.0,9.407,dongdaegu,1,1,True,target_available_at_arrival,available_count>0 at panel tick nearest as_of+tmap_eta,tmap_routes
PIH02017,2026-07-31 01:00:47,2026-07-31 01:40:47,2026-07-31 01:40:51,40,39.5,14.443,dongdaegu,1,1,True,target_available_at_arrival,available_count>0 at panel tick nearest as_of+tmap_eta,tmap_routes
ST601259,2026-08-06 18:36:49,2026-08-06 19:00:49,2026-08-06 19:06:51,24,24.4,7.589,dongdaegu,2,2,True,target_available_at_arrival,available_count>0 at panel tick nearest as_of+tmap_eta,tmap_routes
CV001678,2026-07-28 14:31:34,2026-07-28 15:10:34,2026-07-28 15:11:38,39,39.3,11.521,dongdaegu,2,2,True,target_available_at_arrival,available_count>0 at panel tick nearest as_of+tmap_eta,tmap_routes
ME184069,2026-07-29 15:28:49,2026-07-29 15:46:49,2026-07-29 15:48:51,18,18.1,3.348,dongdaegu,1,1,True,target_available_at_arrival,available_count>0 at panel tick nearest as_of+tmap_eta,tmap_routes
CV001590,2026-07-22 16:10:37,2026-07-22 16:49:37,2026-07-22 16:50:42,39,39.0,13.429,dongdaegu,1,1,True,target_available_at_arrival,available_count>0 at panel tick nearest as_of+tmap_eta,tmap_routes
CV001706,2026-08-06 07:45:59,2026-08-06 08:40:59,2026-08-06 08:46:06,55,54.8,26.617,dongdaegu,2,2,True,target_available_at_arrival,available_count>0 at panel tick nearest as_of+tmap_eta,tmap_routes
EV008234,2026-07-25 20:54:34,2026-07-25 21:28:34,2026-07-25 21:34:39,34,33.6,9.097,dongdaegu,1,1,True,target_available_at_arrival,available_count>0 at panel tick nearest as_of+tmap_eta,tmap_routes
CV000501,2026-08-07 23:23:23,2026-08-07 23:46:23,2026-08-07 23:53:25,23,22.9,6.934,dongdaegu,1,1,True,target_available_at_arrival,available_count>0 at panel tick nearest as_of+tmap_eta,tmap_routes
NT100108,2026-08-05 09:31:24,2026-08-05 10:00:24,2026-08-05 10:01:25,29,29.3,10.825,dongdaegu,1,1,True,target_available_at_arrival,available_count>0 at panel tick nearest as_of+tmap_eta,tmap_routes
SF001110,2026-07-27 10:23:41,2026-07-27 10:47:41,2026-07-27 10:53:45,24,24.3,4.267,dongdaegu,1,1,True,target_available_at_arrival,available_count>0 at panel tick nearest as_of+tmap_eta,tmap_routes
LU003223,2026-08-03 15:02:49,2026-08-03 15:16:49,2026-08-03 15:22:50,14,13.5,2.302,dongdaegu,2,2,True,target_available_at_arrival,available_count>0 at panel tick nearest as_of+tmap_eta,tmap_routes
PI202986,2026-07-27 06:02:51,2026-07-27 06:15:51,2026-07-27 06:22:56,13,13.3,2.019,dongdaegu,2,2,True,target_available_at_arrival,available_count>0 at panel tick nearest as_of+tmap_eta,tmap_routes
PW015042,2026-08-01 00:49:02,2026-08-01 01:13:02,2026-08-01 01:19:04,24,23.8,6.666,dongdaegu,2,2,True,target_available_at_arrival,available_count>0 at panel tick nearest as_of+tmap_eta,tmap_routes
CV000543,2026-08-07 03:51:25,2026-08-07 04:01:25,2026-08-07 04:01:25,10,10.2,1.51,dongdaegu,1,1,True,target_available_at_arrival,available_count>0 at panel tick nearest as_of+tmap_eta,tmap_routes
PW015039,2026-07-31 20:25:41,2026-07-31 20:52:41,2026-07-31 20:55:45,27,27.1,7.757,dongdaegu,2,2,True,target_available_at_arrival,available_count>0 at panel tick nearest as_of+tmap_eta,tmap_routes
EV005349,2026-08-06 12:46:20,2026-08-06 13:25:20,2026-08-06 13:26:24,39,39.3,12.559,dongdaegu,7,7,True,target_available_at_arrival,available_count>0 at panel tick nearest as_of+tmap_eta,tmap_routes
KL001809,2026-08-04 10:47:16,2026-08-04 11:07:16,2026-08-04 11:07:17,20,19.9,3.27,dongdaegu,4,4,True,target_available_at_arrival,available_count>0 at panel tick nearest as_of+tmap_eta,tmap_routes
SF000955,2026-07-23 07:39:31,2026-07-23 07:52:31,2026-07-23 07:54:38,13,12.6,2.022,dongdaegu,1,1,True,target_available_at_arrival,available_count>0 at panel tick nearest as_of+tmap_eta,tmap_routes
CV003159,2026-08-02 19:49:09,2026-08-02 20:24:09,2026-08-02 20:29:16,35,34.7,13.603,dongdaegu,1,1,True,target_available_at_arrival,available_count>0 at panel tick nearest as_of+tmap_eta,tmap_routes
HD000070,2026-08-06 19:06:51,2026-08-06 19:49:51,2026-08-06 19:56:54,43,42.7,8.427,dongdaegu,2,2,True,target_available_at_arrival,available_count>0 at panel tick nearest as_of+tmap_eta,tmap_routes
EV005269,2026-07-28 14:01:15,2026-07-28 14:31:15,2026-07-28 14:31:34,30,29.6,10.474,dongdaegu,2,2,True,target_available_at_arrival,available_count>0 at panel tick nearest as_of+tmap_eta,tmap_routes
ME22C1A1,2026-08-08 05:37:23,2026-08-08 06:23:23,2026-08-08 06:27:25,46,46.4,10.157,dongdaegu,1,1,True,target_available_at_arrival,available_count>0 at panel tick nearest as_of+tmap_eta,tmap_routes
PI740231,2026-07-30 22:58:08,2026-07-30 23:04:08,2026-07-30 23:08:09,6,5.8,0.622,dongdaegu,1,1,True,target_available_at_arrival,available_count>0 at panel tick nearest as_of+tmap_eta,tmap_routes
PIH01276,2026-08-08 10:07:39,2026-08-08 10:22:39,2026-08-08 10:27:43,15,15.4,3.464,dongdaegu,19,19,True,target_available_at_arrival,available_count>0 at panel tick nearest as_of+tmap_eta,tmap_routes
CV000560,2026-08-02 19:49:09,2026-08-02 20:04:09,2026-08-02 20:09:13,15,14.9,3.632,dongdaegu,2,2,True,target_available_at_arrival,available_count>0 at panel tick nearest as_of+tmap_eta,tmap_routes
EV005962,2026-08-01 12:30:52,2026-08-01 13:15:52,2026-08-01 13:21:14,45,45.3,15.129,dongdaegu,2,2,True,target_available_at_arrival,available_count>0 at panel tick nearest as_of+tmap_eta,tmap_routes
EV008139,2026-07-28 14:41:35,2026-07-28 15:01:35,2026-07-28 15:01:37,20,19.9,1.726,dongdaegu,1,1,True,target_available_at_arrival,available_count>0 at panel tick nearest as_of+tmap_eta,tmap_routes
ME18C265,2026-07-28 23:53:52,2026-07-29 00:23:52,2026-07-29 00:26:12,30,30.0,11.147,dongdaegu,2,2,True,target_available_at_arrival,available_count>0 at panel tick nearest as_of+tmap_eta,tmap_routes
ME18C254,2026-08-01 22:32:53,2026-08-01 23:06:53,2026-08-01 23:12:58,34,34.3,7.296,dongdaegu,2,2,True,target_available_at_arrival,available_count>0 at panel tick nearest as_of+tmap_eta,tmap_routes
CV002253,2026-08-08 04:47:19,2026-08-08 05:33:19,2026-08-08 05:37:23,46,46.0,21.152,dongdaegu,16,16,True,target_available_at_arrival,available_count>0 at panel tick nearest as_of+tmap_eta,tmap_routes
EC270007,2026-08-06 06:25:55,2026-08-06 07:20:55,2026-08-06 07:25:58,55,55.1,17.325,dongdaegu,1,1,True,target_available_at_arrival,available_count>0 at panel tick nearest as_of+tmap_eta,tmap_routes
PI740146,2026-07-31 13:02:57,2026-07-31 13:27:57,2026-07-31 13:33:00,25,24.8,6.541,dongdaegu,1,1,True,target_available_at_arrival,available_count>0 at panel tick nearest as_of+tmap_eta,tmap_routes
ST601225,2026-07-29 04:06:40,2026-07-29 04:16:40,2026-07-29 04:16:41,10,9.8,1.871,dongdaegu,2,2,True,target_available_at_arrival,available_count>0 at panel tick nearest as_of+tmap_eta,tmap_routes
EV003702,2026-08-02 10:47:40,2026-08-02 11:13:40,2026-08-02 11:17:44,26,25.8,7.845,dongdaegu,1,1,True,target_available_at_arrival,available_count>0 at panel tick nearest as_of+tmap_eta,tmap_routes
IN053043,2026-07-29 23:30:24,2026-07-29 23:56:24,2026-07-30 00:00:31,26,26.2,7.385,dongdaegu,2,2,True,target_available_at_arrival,available_count>0 at panel tick nearest as_of+tmap_eta,tmap_routes
LU001877,2026-07-27 23:46:22,2026-07-28 00:15:22,2026-07-28 00:18:19,29,29.3,9.229,dongdaegu,5,5,True,target_available_at_arrival,available_count>0 at panel tick nearest as_of+tmap_eta,tmap_routes
PI753881,2026-07-22 09:39:15,2026-07-22 09:57:15,2026-07-22 09:59:16,18,18.1,5.485,dongdaegu,2,2,True,target_available_at_arrival,available_count>0 at panel tick nearest as_of+tmap_eta,tmap_routes
EV008140,2026-08-05 18:12:07,2026-08-05 18:30:07,2026-08-05 18:32:08,18,17.8,1.688,dongdaegu,3,3,True,target_available_at_arrival,available_count>0 at panel tick nearest as_of+tmap_eta,tmap_routes
CV004482,2026-07-27 06:42:58,2026-07-27 07:27:58,2026-07-27 07:33:17,45,45.4,13.03,dongdaegu,3,3,True,target_available_at_arrival,available_count>0 at panel tick nearest as_of+tmap_eta,tmap_routes
PC000100,2026-08-03 11:22:36,2026-08-03 11:49:36,2026-08-03 11:52:37,27,27.1,6.084,dongdaegu,1,1,True,target_available_at_arrival,available_count>0 at panel tick nearest as_of+tmap_eta,tmap_routes
HE240281,2026-07-27 21:56:10,2026-07-27 22:59:10,2026-07-27 23:06:17,63,63.2,24.883,dongdaegu,4,4,True,target_available_at_arrival,available_count>0 at panel tick nearest as_of+tmap_eta,tmap_routes
NX000019,2026-08-02 15:48:33,2026-08-02 16:13:33,2026-08-02 16:18:38,25,25.0,5.726,dongdaegu,1,1,True,target_available_at_arrival,available_count>0 at panel tick nearest as_of+tmap_eta,tmap_routes
SF000844,2026-07-31 16:54:53,2026-07-31 17:31:53,2026-07-31 17:35:04,37,36.6,12.527,dongdaegu,6,6,True,target_available_at_arrival,available_count>0 at panel tick nearest as_of+tmap_eta,tmap_routes
ME18C230,2026-07-19 12:30:50,2026-07-19 13:24:50,2026-07-19 13:31:04,54,54.0,40.041,dongdaegu,2,2,True,target_available_at_arrival,available_count>0 at panel tick nearest as_of+tmap_eta,tmap_routes
EO000005,2026-08-03 10:12:31,2026-08-03 10:50:31,2026-08-03 10:52:33,38,38.0,9.744,dongdaegu,2,2,True,target_available_at_arrival,available_count>0 at panel tick nearest as_of+tmap_eta,tmap_routes
CV003103,2026-07-25 12:54:40,2026-07-25 13:34:40,2026-07-25 13:34:47,40,39.7,8.056,dongdaegu,1,1,True,target_available_at_arrival,available_count>0 at panel tick nearest as_of+tmap_eta,tmap_routes
AZ100020,2026-07-30 15:56:41,2026-07-30 16:09:41,2026-07-30 16:16:44,13,13.0,1.321,dongdaegu,1,1,True,target_available_at_arrival,available_count>0 at panel tick nearest as_of+tmap_eta,tmap_routes
ME25C277,2026-08-04 21:18:00,2026-08-04 21:57:00,2026-08-04 21:58:03,39,39.4,11.416,dongdaegu,2,2,True,target_available_at_arrival,available_count>0 at panel tick nearest as_of+tmap_eta,tmap_routes
SF002638,2026-07-31 21:25:54,2026-07-31 21:40:54,2026-07-31 21:45:57,15,14.9,2.122,dongdaegu,4,4,True,target_available_at_arrival,available_count>0 at panel tick nearest as_of+tmap_eta,tmap_routes
NT101559,2026-08-07 05:31:29,2026-08-07 05:55:29,2026-08-07 06:01:32,24,24.4,7.069,dongdaegu,2,2,True,target_available_at_arrival,available_count>0 at panel tick nearest as_of+tmap_eta,tmap_routes
ME25C427,2026-07-25 08:15:21,2026-07-25 08:32:21,2026-07-25 08:33:40,17,16.9,2.432,dongdaegu,4,4,True,target_available_at_arrival,available_count>0 at panel tick nearest as_of+tmap_eta,tmap_routes
CV001604,2026-07-30 12:55:25,2026-07-30 13:24:25,2026-07-30 13:25:42,29,28.8,6.963,dongdaegu,2,1,True,target_available_at_arrival,available_count>0 at panel tick nearest as_of+tmap_eta,tmap_routes
ME184067,2026-07-29 07:07:12,2026-07-29 07:22:12,2026-07-29 07:27:19,15,15.3,2.615,dongdaegu,1,1,True,target_available_at_arrival,available_count>0 at panel tick nearest as_of+tmap_eta,tmap_routes
BNBN0586,2026-07-28 10:59:56,2026-07-28 11:37:56,2026-07-28 11:40:18,38,38.5,10.312,dongdaegu,2,2,True,target_available_at_arrival,available_count>0 at panel tick nearest as_of+tmap_eta,tmap_routes
HE240386,2026-07-23 03:43:21,2026-07-23 04:45:21,2026-07-23 04:48:38,62,62.4,24.772,dongdaegu,1,0,False,target_available_at_arrival,available_count>0 at panel tick nearest as_of+tmap_eta,tmap_routes
KP000234,2026-08-06 04:45:51,2026-08-06 05:25:51,2026-08-06 05:25:53,40,39.9,13.48,dongdaegu,2,2,True,target_available_at_arrival,available_count>0 at panel tick nearest as_of+tmap_eta,tmap_routes
LU001276,2026-07-25 09:03:46,2026-07-25 09:27:46,2026-07-25 09:34:00,24,23.5,6.782,dongdaegu,1,1,True,target_available_at_arrival,available_count>0 at panel tick nearest as_of+tmap_eta,tmap_routes
BNMI4438,2026-08-02 12:27:58,2026-08-02 13:05:58,2026-08-02 13:08:04,38,37.5,10.05,dongdaegu,3,3,True,target_available_at_arrival,available_count>0 at panel tick nearest as_of+tmap_eta,tmap_routes
HE000883,2026-07-27 15:34:47,2026-07-27 16:03:47,2026-07-27 16:04:53,29,29.2,9.221,dongdaegu,21,21,True,target_available_at_arrival,available_count>0 at panel tick nearest as_of+tmap_eta,tmap_routes
CV003237,2026-08-04 22:28:05,2026-08-04 22:55:05,2026-08-04 22:58:07,27,27.1,8.007,dongdaegu,1,1,True,target_available_at_arrival,available_count>0 at panel tick nearest as_of+tmap_eta,tmap_routes
HE001033,2026-07-29 11:38:15,2026-07-29 12:04:15,2026-07-29 12:08:24,26,26.1,6.663,dongdaegu,1,1,True,target_available_at_arrival,available_count>0 at panel tick nearest as_of+tmap_eta,tmap_routes
CV002346,2026-07-23 09:46:00,2026-07-23 10:02:00,2026-07-23 10:06:04,16,15.5,2.801,dongdaegu,2,2,True,target_available_at_arrival,available_count>0 at panel tick nearest as_of+tmap_eta,tmap_routes
CV000502,2026-08-07 18:52:48,2026-08-07 19:26:48,2026-08-07 19:32:52,34,34.3,9.78,dongdaegu,1,1,True,target_available_at_arrival,available_count>0 at panel tick nearest as_of+tmap_eta,tmap_routes
KP002183,2026-08-05 17:12:00,2026-08-05 17:26:00,2026-08-05 17:32:02,14,14.1,4.396,dongdaegu,2,2,True,target_available_at_arrival,available_count>0 at panel tick nearest as_of+tmap_eta,tmap_routes
CV000503,2026-07-24 05:18:17,2026-07-24 05:51:17,2026-07-24 05:53:24,33,32.9,10.327,dongdaegu,1,1,True,target_available_at_arrival,available_count>0 at panel tick nearest as_of+tmap_eta,tmap_routes
SF001858,2026-07-30 10:55:00,2026-07-30 11:19:00,2026-07-30 11:25:13,24,23.6,4.76,dongdaegu,3,3,True,target_available_at_arrival,available_count>0 at panel tick nearest as_of+tmap_eta,tmap_routes
LU003143,2026-07-23 14:12:55,2026-07-23 14:30:55,2026-07-23 14:33:01,18,17.9,4.605,dongdaegu,2,2,True,target_available_at_arrival,available_count>0 at panel tick nearest as_of+tmap_eta,tmap_routes
CV001631,2026-08-06 00:25:41,2026-08-06 01:02:41,2026-08-06 01:05:43,37,37.1,9.223,dongdaegu,2,2,True,target_available_at_arrival,available_count>0 at panel tick nearest as_of+tmap_eta,tmap_routes
HW000499,2026-08-02 23:49:33,2026-08-03 00:18:33,2026-08-03 00:21:55,29,29.0,8.153,dongdaegu,1,1,True,target_available_at_arrival,available_count>0 at panel tick nearest as_of+tmap_eta,tmap_routes
ME19F260,2026-07-29 06:47:09,2026-07-29 07:53:09,2026-07-29 07:57:27,66,65.9,37.257,dongdaegu,2,2,True,target_available_at_arrival,available_count>0 at panel tick nearest as_of+tmap_eta,tmap_routes
PI530319,2026-07-23 14:17:56,2026-07-23 14:41:56,2026-07-23 14:43:03,24,24.1,8.34,dongdaegu,1,1,True,target_available_at_arrival,available_count>0 at panel tick nearest as_of+tmap_eta,tmap_routes
PI306150,2026-07-29 17:49:22,2026-07-29 18:12:22,2026-07-29 18:19:27,23,22.7,6.636,dongdaegu,1,1,True,target_available_at_arrival,available_count>0 at panel tick nearest as_of+tmap_eta,tmap_routes
ME21B301,2026-07-25 22:24:46,2026-07-25 22:59:46,2026-07-25 23:04:50,35,34.6,12.022,dongdaegu,2,2,True,target_available_at_arrival,available_count>0 at panel tick nearest as_of+tmap_eta,tmap_routes
CV001941,2026-07-29 15:28:49,2026-07-29 15:42:49,2026-07-29 15:48:51,14,14.5,2.314,dongdaegu,1,0,False,target_available_at_arrival,available_count>0 at panel tick nearest as_of+tmap_eta,tmap_routes
ME20C182,2026-08-06 12:26:19,2026-08-06 12:55:19,2026-08-06 12:56:21,29,28.9,5.93,dongdaegu,1,1,True,target_available_at_arrival,available_count>0 at panel tick nearest as_of+tmap_eta,tmap_routes
RE000154,2026-08-01 15:31:34,2026-08-01 15:55:34,2026-08-01 16:01:38,24,24.5,8.606,dongdaegu,3,3,True,target_available_at_arrival,available_count>0 at panel tick nearest as_of+tmap_eta,tmap_routes
CV001314,2026-08-01 03:19:16,2026-08-01 04:14:16,2026-08-01 04:19:22,55,55.4,31.478,dongdaegu,1,1,True,target_available_at_arrival,available_count>0 at panel tick nearest as_of+tmap_eta,tmap_routes
PI740701,2026-08-06 00:55:43,2026-08-06 01:32:43,2026-08-06 01:35:44,37,37.4,10.492,dongdaegu,1,1,True,target_available_at_arrival,available_count>0 at panel tick nearest as_of+tmap_eta,tmap_routes
CV003535,2026-08-06 02:35:46,2026-08-06 02:55:46,2026-08-06 02:55:47,20,20.0,3.631,dongdaegu,6,6,True,target_available_at_arrival,available_count>0 at panel tick nearest as_of+tmap_eta,tmap_routes
IN053072,2026-07-26 00:04:58,2026-07-26 00:30:58,2026-07-26 00:36:49,26,25.9,8.457,dongdaegu,4,4,True,target_available_at_arrival,available_count>0 at panel tick nearest as_of+tmap_eta,tmap_routes
CV001495,2026-08-02 03:46:34,2026-08-02 04:39:34,2026-08-02 04:46:40,53,53.3,26.138,dongdaegu,2,2,True,target_available_at_arrival,available_count>0 at panel tick nearest as_of+tmap_eta,tmap_routes
PC000551,2026-08-03 02:21:59,2026-08-03 02:47:59,2026-08-03 02:52:01,26,26.1,10.275,dongdaegu,2,2,True,target_available_at_arrival,available_count>0 at panel tick nearest as_of+tmap_eta,tmap_routes
IN053044,2026-08-05 15:51:56,2026-08-05 16:31:56,2026-08-05 16:31:58,40,40.2,13.147,dongdaegu,8,8,True,target_available_at_arrival,available_count>0 at panel tick nearest as_of+tmap_eta,tmap_routes
CV003099,2026-07-23 11:47:12,2026-07-23 12:18:12,2026-07-23 12:22:26,31,30.6,8.693,dongdaegu,1,1,True,target_available_at_arrival,available_count>0 at panel tick nearest as_of+tmap_eta,tmap_routes
ME22C1A1,2026-07-24 19:19:10,2026-07-24 20:05:10,2026-07-24 20:09:20,46,46.4,10.157,dongdaegu,1,1,True,target_available_at_arrival,available_count>0 at panel tick nearest as_of+tmap_eta,tmap_routes
EV005191,2026-07-28 16:02:10,2026-07-28 16:37:10,2026-07-28 16:42:18,35,34.7,9.647,dongdaegu,3,2,True,target_available_at_arrival,available_count>0 at panel tick nearest as_of+tmap_eta,tmap_routes
KP003777,2026-08-01 16:21:48,2026-08-01 16:35:48,2026-08-01 16:41:55,14,13.6,3.777,dongdaegu,1,1,True,target_available_at_arrival,available_count>0 at panel tick nearest as_of+tmap_eta,tmap_routes
JA270005,2026-08-02 23:49:33,2026-08-03 00:09:33,2026-08-03 00:09:34,20,20.5,6.034,dongdaegu,19,19,True,target_available_at_arrival,available_count>0 at panel tick nearest as_of+tmap_eta,tmap_routes
TS272902,2026-08-05 17:52:03,2026-08-05 18:20:03,2026-08-05 18:22:08,28,28.4,9.806,dongdaegu,2,2,True,target_available_at_arrival,available_count>0 at panel tick nearest as_of+tmap_eta,tmap_routes
PI740574,2026-07-30 06:13:52,2026-07-30 06:33:52,2026-07-30 06:34:00,20,19.7,4.629,dongdaegu,3,3,True,target_available_at_arrival,available_count>0 at panel tick nearest as_of+tmap_eta,tmap_routes
CV004326,2026-07-27 15:54:52,2026-07-27 16:41:52,2026-07-27 16:45:00,47,47.1,21.479,dongdaegu,2,2,True,target_available_at_arrival,available_count>0 at panel tick nearest as_of+tmap_eta,tmap_routes
ME19E138,2026-07-29 07:27:19,2026-07-29 08:27:19,2026-07-29 08:27:41,60,59.6,35.136,dongdaegu,1,1,True,target_available_at_arrival,available_count>0 at panel tick nearest as_of+tmap_eta,tmap_routes
HW000646,2026-08-02 23:29:32,2026-08-02 23:56:32,2026-08-02 23:59:33,27,27.0,5.569,dongdaegu,1,1,True,target_available_at_arrival,available_count>0 at panel tick nearest as_of+tmap_eta,tmap_routes
ME25C428,2026-08-05 02:21:03,2026-08-05 02:40:03,2026-08-05 02:41:03,19,18.8,3.899,dongdaegu,4,4,True,target_available_at_arrival,available_count>0 at panel tick nearest as_of+tmap_eta,tmap_routes
CV001316,2026-07-26 00:56:51,2026-07-26 01:29:51,2026-07-26 01:36:57,33,32.6,7.903,dongdaegu,2,2,True,target_available_at_arrival,available_count>0 at panel tick nearest as_of+tmap_eta,tmap_routes
CV003077,2026-08-02 06:57:00,2026-08-02 07:24:00,2026-08-02 07:27:06,27,26.6,8.273,dongdaegu,1,1,True,target_available_at_arrival,available_count>0 at panel tick nearest as_of+tmap_eta,tmap_routes
ME18C258,2026-07-28 11:40:18,2026-07-28 12:00:18,2026-07-28 12:00:20,20,19.5,4.374,dongdaegu,2,2,True,target_available_at_arrival,available_count>0 at panel tick nearest as_of+tmap_eta,tmap_routes
LU002360,2026-07-29 18:19:27,2026-07-29 18:56:27,2026-07-29 18:59:37,37,37.4,13.555,dongdaegu,2,2,True,target_available_at_arrival,available_count>0 at panel tick nearest as_of+tmap_eta,tmap_routes
EV005961,2026-08-05 22:02:27,2026-08-05 22:48:27,2026-08-05 22:52:29,46,45.5,15.14,dongdaegu,1,1,True,target_available_at_arrival,available_count>0 at panel tick nearest as_of+tmap_eta,tmap_routes
PI530271,2026-07-26 08:27:57,2026-07-26 08:51:57,2026-07-26 08:58:04,24,24.5,6.422,dongdaegu,1,1,True,target_available_at_arrival,available_count>0 at panel tick nearest as_of+tmap_eta,tmap_routes
PI530292,2026-08-02 09:57:31,2026-08-02 10:10:31,2026-08-02 10:17:34,13,13.1,3.081,dongdaegu,4,4,True,target_available_at_arrival,available_count>0 at panel tick nearest as_of+tmap_eta,tmap_routes
CV001123,2026-07-29 06:37:08,2026-07-29 07:17:08,2026-07-29 07:17:13,40,40.0,13.364,dongdaegu,1,1,True,target_available_at_arrival,available_count>0 at panel tick nearest as_of+tmap_eta,tmap_routes
CV004339,2026-07-31 04:51:21,2026-07-31 05:17:21,2026-07-31 05:21:26,26,26.2,7.956,dongdaegu,2,2,True,target_available_at_arrival,available_count>0 at panel tick nearest as_of+tmap_eta,tmap_routes
CV003165,2026-08-07 07:31:38,2026-08-07 08:00:38,2026-08-07 08:01:40,29,28.6,8.976,dongdaegu,1,1,True,target_available_at_arrival,available_count>0 at panel tick nearest as_of+tmap_eta,tmap_routes
PI530287,2026-07-31 21:35:56,2026-07-31 21:59:56,2026-07-31 22:06:02,24,24.2,7.048,dongdaegu,1,1,True,target_available_at_arrival,available_count>0 at panel tick nearest as_of+tmap_eta,tmap_routes
KE000419,2026-07-26 18:49:27,2026-07-26 19:06:27,2026-07-26 19:09:30,17,17.1,3.231,dongdaegu,1,1,True,target_available_at_arrival,available_count>0 at panel tick nearest as_of+tmap_eta,tmap_routes
ST271110,2026-07-28 22:53:42,2026-07-28 23:08:42,2026-07-28 23:13:45,15,14.9,3.321,dongdaegu,2,2,True,target_available_at_arrival,available_count>0 at panel tick nearest as_of+tmap_eta,tmap_routes
HD000070,2026-08-06 08:36:05,2026-08-06 09:19:05,2026-08-06 09:26:10,43,42.7,8.427,dongdaegu,2,2,True,target_available_at_arrival,available_count>0 at panel tick nearest as_of+tmap_eta,tmap_routes
ST600537,2026-08-03 22:34:05,2026-08-03 23:09:05,2026-08-03 23:14:07,35,35.3,8.786,dongdaegu,3,3,True,target_available_at_arrival,available_count>0 at panel tick nearest as_of+tmap_eta,tmap_routes
EV012380,2026-07-29 11:58:22,2026-07-29 12:25:22,2026-07-29 12:28:26,27,26.9,8.446,dongdaegu,3,3,True,target_available_at_arrival,available_count>0 at panel tick nearest as_of+tmap_eta,tmap_routes
CV001971,2026-07-22 13:29:59,2026-07-22 13:43:59,2026-07-22 13:50:02,14,14.4,3.104,dongdaegu,1,1,True,target_available_at_arrival,available_count>0 at panel tick nearest as_of+tmap_eta,tmap_routes
CV000658,2026-07-23 13:42:49,2026-07-23 14:12:49,2026-07-23 14:12:55,30,29.7,11.549,dongdaegu,1,1,True,target_available_at_arrival,available_count>0 at panel tick nearest as_of+tmap_eta,tmap_routes
EV014737,2026-07-30 15:36:38,2026-07-30 15:46:38,2026-07-30 15:46:40,10,10.3,1.868,dongdaegu,1,1,True,target_available_at_arrival,available_count>0 at panel tick nearest as_of+tmap_eta,tmap_routes
CV002350,2026-07-27 16:04:53,2026-07-27 16:52:53,2026-07-27 16:55:02,48,47.8,13.156,dongdaegu,2,1,True,target_available_at_arrival,available_count>0 at panel tick nearest as_of+tmap_eta,tmap_routes
PI740722,2026-08-06 15:16:34,2026-08-06 15:32:34,2026-08-06 15:36:35,16,16.4,2.83,dongdaegu,2,2,True,target_available_at_arrival,available_count>0 at panel tick nearest as_of+tmap_eta,tmap_routes
AZ100007,2026-07-21 16:52:59,2026-07-21 17:16:59,2026-07-21 17:23:13,24,23.6,5.362,dongdaegu,1,1,True,target_available_at_arrival,available_count>0 at panel tick nearest as_of+tmap_eta,tmap_routes
PIS00597,2026-08-07 04:41:26,2026-08-07 04:58:26,2026-08-07 05:01:27,17,16.9,4.131,dongdaegu,1,1,True,target_available_at_arrival,available_count>0 at panel tick nearest as_of+tmap_eta,tmap_routes
ST271704,2026-08-06 03:45:49,2026-08-06 04:14:49,2026-08-06 04:15:50,29,29.4,7.17,dongdaegu,1,1,True,target_available_at_arrival,available_count>0 at panel tick nearest as_of+tmap_eta,tmap_routes
PI800355,2026-08-07 06:01:32,2026-08-07 06:59:32,2026-08-07 07:01:35,58,57.5,42.32,dongdaegu,3,2,True,target_available_at_arrival,available_count>0 at panel tick nearest as_of+tmap_eta,tmap_routes
CU530008,2026-08-04 21:18:00,2026-08-04 21:47:00,2026-08-04 21:48:03,29,29.1,9.81,dongdaegu,5,5,True,target_available_at_arrival,available_count>0 at panel tick nearest as_of+tmap_eta,tmap_routes
CV002150,2026-07-18 11:35:33,2026-07-18 12:05:33,2026-07-18 12:05:34,30,30.4,11.163,dongdaegu,1,1,True,target_available_at_arrival,available_count>0 at panel tick nearest as_of+tmap_eta,tmap_routes
NT101499,2026-08-04 17:27:43,2026-08-04 18:06:43,2026-08-04 18:07:46,39,39.0,10.787,dongdaegu,1,1,True,target_available_at_arrival,available_count>0 at panel tick nearest as_of+tmap_eta,tmap_routes
HE000883,2026-07-29 10:08:03,2026-07-29 10:37:03,2026-07-29 10:38:06,29,29.2,9.221,dongdaegu,20,20,True,target_available_at_arrival,available_count>0 at panel tick nearest as_of+tmap_eta,tmap_routes
RE000181,2026-08-07 03:21:22,2026-08-07 03:47:22,2026-08-07 03:51:25,26,25.7,4.925,dongdaegu,2,2,True,target_available_at_arrival,available_count>0 at panel tick nearest as_of+tmap_eta,tmap_routes
PI530050,2026-07-26 23:10:04,2026-07-26 23:38:04,2026-07-26 23:40:06,28,27.9,5.947,dongdaegu,1,1,True,target_available_at_arrival,available_count>0 at panel tick nearest as_of+tmap_eta,tmap_routes
LU001880,2026-07-21 14:01:59,2026-07-21 14:31:59,2026-07-21 14:32:07,30,30.2,9.246,dongdaegu,1,1,True,target_available_at_arrival,available_count>0 at panel tick nearest as_of+tmap_eta,tmap_routes
CV002862,2026-08-04 06:46:59,2026-08-04 07:41:59,2026-08-04 07:47:04,55,55.1,31.788,dongdaegu,1,1,True,target_available_at_arrival,available_count>0 at panel tick nearest as_of+tmap_eta,tmap_routes
PI540413,2026-07-27 23:16:18,2026-07-28 00:14:18,2026-07-28 00:18:19,58,58.1,26.276,dongdaegu,6,6,True,target_available_at_arrival,available_count>0 at panel tick nearest as_of+tmap_eta,tmap_routes
CV000515,2026-08-08 09:27:37,2026-08-08 09:45:37,2026-08-08 09:47:38,18,18.2,3.761,dongdaegu,1,1,True,target_available_at_arrival,available_count>0 at panel tick nearest as_of+tmap_eta,tmap_routes
BNBN0584,2026-08-04 15:27:35,2026-08-04 15:53:35,2026-08-04 15:57:36,26,26.1,5.553,dongdaegu,4,4,True,target_available_at_arrival,available_count>0 at panel tick nearest as_of+tmap_eta,tmap_routes
KP008088,2026-08-06 22:47:17,2026-08-06 23:33:17,2026-08-06 23:37:19,46,46.3,14.849,dongdaegu,1,1,True,target_available_at_arrival,available_count>0 at panel tick nearest as_of+tmap_eta,tmap_routes
ME19X405,2026-08-06 11:26:16,2026-08-06 11:42:16,2026-08-06 11:46:17,16,15.6,1.87,dongdaegu,5,5,True,target_available_at_arrival,available_count>0 at panel tick nearest as_of+tmap_eta,tmap_routes
CV003104,2026-08-06 11:36:17,2026-08-06 12:16:17,2026-08-06 12:16:19,40,40.1,9.697,dongdaegu,3,3,True,target_available_at_arrival,available_count>0 at panel tick nearest as_of+tmap_eta,tmap_routes
CV004541,2026-07-23 07:19:23,2026-07-23 07:35:23,2026-07-23 07:39:31,16,16.1,3.267,dongdaegu,3,3,True,target_available_at_arrival,available_count>0 at panel tick nearest as_of+tmap_eta,tmap_routes
CV000559,2026-08-07 14:42:17,2026-08-07 15:08:17,2026-08-07 15:12:27,26,25.9,4.657,dongdaegu,2,1,True,target_available_at_arrival,available_count>0 at panel tick nearest as_of+tmap_eta,tmap_routes
ME25C278,2026-08-06 20:57:05,2026-08-06 21:15:05,2026-08-06 21:17:09,18,18.5,3.795,dongdaegu,2,2,True,target_available_at_arrival,available_count>0 at panel tick nearest as_of+tmap_eta,tmap_routes
ME22D1C0,2026-07-28 06:59:06,2026-07-28 07:24:06,2026-07-28 07:29:10,25,24.9,8.86,dongdaegu,1,1,True,target_available_at_arrival,available_count>0 at panel tick nearest as_of+tmap_eta,tmap_routes
PIS00564,2026-08-07 10:41:58,2026-08-07 11:01:58,2026-08-07 11:02:04,20,19.6,4.027,dongdaegu,2,2,True,target_available_at_arrival,available_count>0 at panel tick nearest as_of+tmap_eta,tmap_routes
CV003482,2026-07-27 21:46:08,2026-07-27 22:12:08,2026-07-27 22:16:12,26,25.5,4.456,dongdaegu,4,4,True,target_available_at_arrival,available_count>0 at panel tick nearest as_of+tmap_eta,tmap_routes
CV003123,2026-07-29 15:28:49,2026-07-29 15:36:49,2026-07-29 15:38:50,8,8.5,0.332,dongdaegu,4,4,True,target_available_at_arrival,available_count>0 at panel tick nearest as_of+tmap_eta,tmap_routes
SF002969,2026-07-23 13:42:49,2026-07-23 13:53:49,2026-07-23 13:57:52,11,10.8,1.29,dongdaegu,1,1,True,target_available_at_arrival,available_count>0 at panel tick nearest as_of+tmap_eta,tmap_routes
CV004464,2026-07-31 09:02:26,2026-07-31 09:26:26,2026-07-31 09:32:31,24,23.7,8.761,dongdaegu,4,3,True,target_available_at_arrival,available_count>0 at panel tick nearest as_of+tmap_eta,tmap_routes
EV008162,2026-08-07 10:31:58,2026-08-07 11:08:58,2026-08-07 11:12:04,37,37.1,10.275,dongdaegu,2,2,True,target_available_at_arrival,available_count>0 at panel tick nearest as_of+tmap_eta,tmap_routes
EV005193,2026-08-07 20:43:08,2026-08-07 21:18:08,2026-08-07 21:23:13,35,35.0,9.715,dongdaegu,2,2,True,target_available_at_arrival,available_count>0 at panel tick nearest as_of+tmap_eta,tmap_routes
CV003256,2026-07-24 07:39:08,2026-07-24 08:43:08,2026-07-24 08:46:58,64,63.8,32.189,dongdaegu,2,2,True,target_available_at_arrival,available_count>0 at panel tick nearest as_of+tmap_eta,tmap_routes
KRC10237,2026-07-20 12:45:01,2026-07-20 13:14:01,2026-07-20 13:15:06,29,29.3,9.232,dongdaegu,2,2,True,target_available_at_arrival,available_count>0 at panel tick nearest as_of+tmap_eta,tmap_routes
CV003137,2026-08-03 16:52:59,2026-08-03 17:52:59,2026-08-03 17:53:46,60,60.1,26.029,dongdaegu,3,4,True,target_available_at_arrival,available_count>0 at panel tick nearest as_of+tmap_eta,tmap_routes
PI740664,2026-08-01 10:20:29,2026-08-01 10:59:29,2026-08-01 11:00:34,39,39.1,12.199,dongdaegu,1,1,True,target_available_at_arrival,available_count>0 at panel tick nearest as_of+tmap_eta,tmap_routes
CV002189,2026-08-05 03:01:04,2026-08-05 03:07:04,2026-08-05 03:11:04,6,6.2,0.869,dongdaegu,1,1,True,target_available_at_arrival,available_count>0 at panel tick nearest as_of+tmap_eta,tmap_routes
ME18C254,2026-08-02 19:09:00,2026-08-02 19:43:00,2026-08-02 19:49:09,34,34.3,7.296,dongdaegu,2,1,True,target_available_at_arrival,available_count>0 at panel tick nearest as_of+tmap_eta,tmap_routes
PI530050,2026-08-02 23:19:32,2026-08-02 23:47:32,2026-08-02 23:49:33,28,27.9,5.947,dongdaegu,1,1,True,target_available_at_arrival,available_count>0 at panel tick nearest as_of+tmap_eta,tmap_routes
CV000510,2026-07-27 17:45:09,2026-07-27 18:02:09,2026-07-27 18:05:13,17,16.9,3.721,dongdaegu,4,4,True,target_available_at_arrival,available_count>0 at panel tick nearest as_of+tmap_eta,tmap_routes
EC005054,2026-08-03 12:52:40,2026-08-03 13:12:40,2026-08-03 13:12:41,20,20.0,3.423,dongdaegu,2,2,True,target_available_at_arrival,available_count>0 at panel tick nearest as_of+tmap_eta,tmap_routes
CV003087,2026-07-23 15:18:25,2026-07-23 15:49:25,2026-07-23 15:53:35,31,31.3,11.058,dongdaegu,1,1,True,target_available_at_arrival,available_count>0 at panel tick nearest as_of+tmap_eta,tmap_routes
LU001276,2026-07-30 07:54:16,2026-07-30 08:18:16,2026-07-30 08:24:20,24,23.5,6.782,dongdaegu,1,1,True,target_available_at_arrival,available_count>0 at panel tick nearest as_of+tmap_eta,tmap_routes
ME19E161,2026-08-06 07:45:59,2026-08-06 08:04:59,2026-08-06 08:06:00,19,18.7,1.98,dongdaegu,1,1,True,target_available_at_arrival,available_count>0 at panel tick nearest as_of+tmap_eta,tmap_routes
ME23B186,2026-07-28 22:43:41,2026-07-28 23:00:41,2026-07-28 23:03:44,17,16.9,2.531,dongdaegu,1,1,True,target_available_at_arrival,available_count>0 at panel tick nearest as_of+tmap_eta,tmap_routes
L3004610,2026-08-03 01:41:58,2026-08-03 02:09:58,2026-08-03 02:11:59,28,27.6,6.755,dongdaegu,1,1,True,target_available_at_arrival,available_count>0 at panel tick nearest as_of+tmap_eta,tmap_routes
ME22C1A3,2026-07-27 20:56:01,2026-07-27 21:23:01,2026-07-27 21:26:06,27,27.1,6.546,dongdaegu,1,1,True,target_available_at_arrival,available_count>0 at panel tick nearest as_of+tmap_eta,tmap_routes
CV003698,2026-08-01 20:12:32,2026-08-01 21:00:32,2026-08-01 21:02:40,48,47.9,27.104,dongdaegu,2,2,True,target_available_at_arrival,available_count>0 at panel tick nearest as_of+tmap_eta,tmap_routes
CV002347,2026-08-01 20:02:28,2026-08-01 20:26:28,2026-08-01 20:32:35,24,24.2,9.135,dongdaegu,4,4,True,target_available_at_arrival,available_count>0 at panel tick nearest as_of+tmap_eta,tmap_routes
CV000560,2026-08-06 21:17:09,2026-08-06 21:32:09,2026-08-06 21:37:13,15,14.9,3.632,dongdaegu,1,0,False,target_available_at_arrival,available_count>0 at panel tick nearest as_of+tmap_eta,tmap_routes
CV004568,2026-07-23 03:23:17,2026-07-23 03:55:17,2026-07-23 03:58:23,32,32.2,8.945,dongdaegu,2,2,True,target_available_at_arrival,available_count>0 at panel tick nearest as_of+tmap_eta,tmap_routes
PC000654,2026-08-06 18:16:47,2026-08-06 18:44:47,2026-08-06 18:46:49,28,27.9,8.761,dongdaegu,4,4,True,target_available_at_arrival,available_count>0 at panel tick nearest as_of+tmap_eta,tmap_routes
CV001127,2026-07-24 05:08:14,2026-07-24 05:29:14,2026-07-24 05:33:19,21,21.1,5.384,dongdaegu,2,2,True,target_available_at_arrival,available_count>0 at panel tick nearest as_of+tmap_eta,tmap_routes
CV003096,2026-07-28 13:41:12,2026-07-28 14:11:12,2026-07-28 14:11:15,30,30.5,6.455,dongdaegu,1,1,True,target_available_at_arrival,available_count>0 at panel tick nearest as_of+tmap_eta,tmap_routes
ME19E139,2026-07-26 16:39:09,2026-07-26 17:46:09,2026-07-26 17:49:19,67,66.8,33.463,dongdaegu,1,1,True,target_available_at_arrival,available_count>0 at panel tick nearest as_of+tmap_eta,tmap_routes
NX000024,2026-08-08 10:27:43,2026-08-08 10:46:43,2026-08-08 10:47:44,19,19.2,5.643,dongdaegu,6,6,True,target_available_at_arrival,available_count>0 at panel tick nearest as_of+tmap_eta,tmap_routes
PI773847,2026-08-02 00:15:55,2026-08-02 00:35:55,2026-08-02 00:35:57,20,19.5,3.895,dongdaegu,2,2,True,target_available_at_arrival,available_count>0 at panel tick nearest as_of+tmap_eta,tmap_routes
ME18C260,2026-08-03 11:42:37,2026-08-03 11:57:37,2026-08-03 12:02:38,15,14.7,3.117,dongdaegu,2,2,True,target_available_at_arrival,available_count>0 at panel tick nearest as_of+tmap_eta,tmap_routes
CV000808,2026-07-22 12:19:49,2026-07-22 12:54:49,2026-07-22 12:59:55,35,34.9,7.273,dongdaegu,1,0,False,target_available_at_arrival,available_count>0 at panel tick nearest as_of+tmap_eta,tmap_routes
CV003139,2026-07-26 11:18:25,2026-07-26 11:44:25,2026-07-26 11:48:31,26,26.4,8.714,dongdaegu,3,3,True,target_available_at_arrival,available_count>0 at panel tick nearest as_of+tmap_eta,tmap_routes
ME19D216,2026-07-24 13:27:52,2026-07-24 13:50:52,2026-07-24 13:58:01,23,22.9,4.76,dongdaegu,2,2,True,target_available_at_arrival,available_count>0 at panel tick nearest as_of+tmap_eta,tmap_routes
CV004339,2026-07-24 11:17:29,2026-07-24 11:43:29,2026-07-24 11:47:36,26,26.2,7.956,dongdaegu,1,1,True,target_available_at_arrival,available_count>0 at panel tick nearest as_of+tmap_eta,tmap_routes
HM001574,2026-07-24 15:18:18,2026-07-24 15:36:18,2026-07-24 15:38:21,18,17.6,1.66,dongdaegu,1,1,True,target_available_at_arrival,available_count>0 at panel tick nearest as_of+tmap_eta,tmap_routes
CV000808,2026-07-23 03:33:19,2026-07-23 04:08:19,2026-07-23 04:08:27,35,34.9,7.273,dongdaegu,1,1,True,target_available_at_arrival,available_count>0 at panel tick nearest as_of+tmap_eta,tmap_routes
ME22D254,2026-08-02 02:26:19,2026-08-02 03:12:19,2026-08-02 03:16:29,46,46.2,13.899,dongdaegu,1,1,True,target_available_at_arrival,available_count>0 at panel tick nearest as_of+tmap_eta,tmap_routes
KP008088,2026-08-05 05:11:09,2026-08-05 05:57:09,2026-08-05 06:01:10,46,46.3,14.849,dongdaegu,1,1,True,target_available_at_arrival,available_count>0 at panel tick nearest as_of+tmap_eta,tmap_routes
PC001131,2026-08-07 15:52:32,2026-08-07 16:07:32,2026-08-07 16:12:33,15,15.4,3.325,dongdaegu,2,2,True,target_available_at_arrival,available_count>0 at panel tick nearest as_of+tmap_eta,tmap_routes
CV001297,2026-08-01 16:41:55,2026-08-01 16:59:55,2026-08-01 17:01:58,18,17.7,4.389,dongdaegu,1,0,False,target_available_at_arrival,available_count>0 at panel tick nearest as_of+tmap_eta,tmap_routes
CV001076,2026-07-26 23:40:06,2026-07-27 00:19:06,2026-07-27 00:22:16,39,38.6,12.457,dongdaegu,2,2,True,target_available_at_arrival,available_count>0 at panel tick nearest as_of+tmap_eta,tmap_routes
HW000501,2026-08-06 12:46:20,2026-08-06 13:04:20,2026-08-06 13:06:21,18,17.9,3.428,dongdaegu,4,4,True,target_available_at_arrival,available_count>0 at panel tick nearest as_of+tmap_eta,tmap_routes
CV004253,2026-07-27 05:32:45,2026-07-27 06:26:45,2026-07-27 06:32:57,54,53.6,40.474,dongdaegu,2,2,True,target_available_at_arrival,available_count>0 at panel tick nearest as_of+tmap_eta,tmap_routes
CV001637,2026-08-05 03:11:04,2026-08-05 03:49:04,2026-08-05 03:51:06,38,38.4,17.352,dongdaegu,1,1,True,target_available_at_arrival,available_count>0 at panel tick nearest as_of+tmap_eta,tmap_routes
EV006297,2026-07-30 09:34:37,2026-07-30 09:52:37,2026-07-30 09:54:39,18,17.9,4.098,dongdaegu,1,1,True,target_available_at_arrival,available_count>0 at panel tick nearest as_of+tmap_eta,tmap_routes
PI740262,2026-07-24 06:43:45,2026-07-24 07:26:45,2026-07-24 07:29:06,43,42.8,15.204,dongdaegu,1,1,True,target_available_at_arrival,available_count>0 at panel tick nearest as_of+tmap_eta,tmap_routes
ME184070,2026-07-18 09:05:19,2026-07-18 09:30:19,2026-07-18 09:35:20,25,25.3,8.197,dongdaegu,1,1,True,target_available_at_arrival,available_count>0 at panel tick nearest as_of+tmap_eta,tmap_routes
CV003462,2026-08-07 20:33:07,2026-08-07 20:49:07,2026-08-07 20:53:09,16,15.9,3.351,dongdaegu,1,1,True,target_available_at_arrival,available_count>0 at panel tick nearest as_of+tmap_eta,tmap_routes
LU002386,2026-08-02 14:28:22,2026-08-02 15:04:22,2026-08-02 15:08:27,36,35.8,8.682,dongdaegu,3,3,True,target_available_at_arrival,available_count>0 at panel tick nearest as_of+tmap_eta,tmap_routes
ME19E139,2026-07-30 03:13:15,2026-07-30 04:20:15,2026-07-30 04:23:33,67,66.8,33.463,dongdaegu,1,1,True,target_available_at_arrival,available_count>0 at panel tick nearest as_of+tmap_eta,tmap_routes
CV002347,2026-08-04 23:08:07,2026-08-04 23:32:07,2026-08-04 23:38:08,24,24.2,9.135,dongdaegu,4,4,True,target_available_at_arrival,available_count>0 at panel tick nearest as_of+tmap_eta,tmap_routes
DC530020,2026-08-02 19:59:12,2026-08-02 20:22:12,2026-08-02 20:29:16,23,23.2,4.562,dongdaegu,8,9,True,target_available_at_arrival,available_count>0 at panel tick nearest as_of+tmap_eta,tmap_routes
PIH00515,2026-07-30 18:57:30,2026-07-30 19:16:30,2026-07-30 19:17:33,19,19.0,3.766,dongdaegu,1,1,True,target_available_at_arrival,available_count>0 at panel tick nearest as_of+tmap_eta,tmap_routes
HW000477,2026-08-02 08:37:18,2026-08-02 08:57:18,2026-08-02 08:57:20,20,20.0,3.203,dongdaegu,2,2,True,target_available_at_arrival,available_count>0 at panel tick nearest as_of+tmap_eta,tmap_routes
KP000237,2026-08-03 19:23:52,2026-08-03 19:47:52,2026-08-03 19:53:54,24,24.5,3.358,dongdaegu,2,3,True,target_available_at_arrival,available_count>0 at panel tick nearest as_of+tmap_eta,tmap_routes
EV005961,2026-07-31 08:32:22,2026-07-31 09:18:22,2026-07-31 09:22:29,46,45.5,15.14,dongdaegu,3,5,True,target_available_at_arrival,available_count>0 at panel tick nearest as_of+tmap_eta,tmap_routes
CV000536,2026-07-28 00:18:19,2026-07-28 00:43:19,2026-07-28 00:48:21,25,24.9,4.632,dongdaegu,1,1,True,target_available_at_arrival,available_count>0 at panel tick nearest as_of+tmap_eta,tmap_routes
CV000543,2026-07-21 20:32:52,2026-07-21 20:42:52,2026-07-21 20:42:53,10,10.2,1.51,dongdaegu,1,1,True,target_available_at_arrival,available_count>0 at panel tick nearest as_of+tmap_eta,tmap_routes
HE192131,2026-07-27 06:02:51,2026-07-27 06:20:51,2026-07-27 06:22:56,18,17.5,2.483,dongdaegu,2,2,True,target_available_at_arrival,available_count>0 at panel tick nearest as_of+tmap_eta,tmap_routes
PIS00550,2026-08-02 10:37:39,2026-08-02 10:43:39,2026-08-02 10:47:40,6,6.3,0.388,dongdaegu,33,33,True,target_available_at_arrival,available_count>0 at panel tick nearest as_of+tmap_eta,tmap_routes
IN053060,2026-08-01 02:39:11,2026-08-01 02:55:11,2026-08-01 02:59:13,16,16.1,1.214,dongdaegu,2,2,True,target_available_at_arrival,available_count>0 at panel tick nearest as_of+tmap_eta,tmap_routes
SF002746,2026-08-08 07:07:27,2026-08-08 07:23:27,2026-08-08 07:27:28,16,15.8,2.055,dongdaegu,27,27,True,target_available_at_arrival,available_count>0 at panel tick nearest as_of+tmap_eta,tmap_routes
ME25C166,2026-07-26 18:19:23,2026-07-26 19:19:23,2026-07-26 19:19:31,60,60.5,30.627,dongdaegu,1,1,True,target_available_at_arrival,available_count>0 at panel tick nearest as_of+tmap_eta,tmap_routes
ST271103,2026-07-29 14:28:39,2026-07-29 14:51:39,2026-07-29 14:58:45,23,22.9,3.497,dongdaegu,1,1,True,target_available_at_arrival,available_count>0 at panel tick nearest as_of+tmap_eta,tmap_routes
EV005193,2026-07-25 14:24:54,2026-07-25 14:59:54,2026-07-25 15:05:07,35,35.0,9.715,dongdaegu,3,3,True,target_available_at_arrival,available_count>0 at panel tick nearest as_of+tmap_eta,tmap_routes
CV003565,2026-08-03 13:12:41,2026-08-03 13:39:41,2026-08-03 13:42:43,27,26.6,7.173,dongdaegu,3,3,True,target_available_at_arrival,available_count>0 at panel tick nearest as_of+tmap_eta,tmap_routes
ST601269,2026-08-08 07:17:27,2026-08-08 07:27:27,2026-08-08 07:27:28,10,9.6,1.345,dongdaegu,1,1,True,target_available_at_arrival,available_count>0 at panel tick nearest as_of+tmap_eta,tmap_routes
CV004674,2026-08-02 19:59:12,2026-08-02 20:19:12,2026-08-02 20:19:14,20,20.3,3.596,dongdaegu,1,1,True,target_available_at_arrival,available_count>0 at panel tick nearest as_of+tmap_eta,tmap_routes
EP220264,2026-07-28 12:40:49,2026-07-28 13:16:49,2026-07-28 13:21:10,36,35.6,11.349,dongdaegu,1,1,True,target_available_at_arrival,available_count>0 at panel tick nearest as_of+tmap_eta,tmap_routes
PIS00550,2026-08-03 12:12:38,2026-08-03 12:18:38,2026-08-03 12:22:39,6,6.3,0.388,dongdaegu,26,25,True,target_available_at_arrival,available_count>0 at panel tick nearest as_of+tmap_eta,tmap_routes
PI740096,2026-08-03 01:41:58,2026-08-03 02:04:58,2026-08-03 02:11:59,23,23.4,7.899,dongdaegu,2,2,True,target_available_at_arrival,available_count>0 at panel tick nearest as_of+tmap_eta,tmap_routes
PI740776,2026-07-31 05:21:26,2026-07-31 05:38:26,2026-07-31 05:41:35,17,17.4,3.523,dongdaegu,1,1,True,target_available_at_arrival,available_count>0 at panel tick nearest as_of+tmap_eta,tmap_routes
PW015041,2026-07-28 23:03:44,2026-07-28 23:31:44,2026-07-28 23:33:50,28,27.8,5.95,dongdaegu,2,2,True,target_available_at_arrival,available_count>0 at panel tick nearest as_of+tmap_eta,tmap_routes
PC001576,2026-07-29 20:50:00,2026-07-29 21:39:00,2026-07-29 21:40:08,49,49.2,14.77,dongdaegu,1,1,True,target_available_at_arrival,available_count>0 at panel tick nearest as_of+tmap_eta,tmap_routes
KL001990,2026-08-08 04:17:18,2026-08-08 04:35:18,2026-08-08 04:37:18,18,17.8,2.838,dongdaegu,1,1,True,target_available_at_arrival,available_count>0 at panel tick nearest as_of+tmap_eta,tmap_routes
CV001316,2026-07-31 22:16:04,2026-07-31 22:49:04,2026-07-31 22:56:10,33,32.6,7.903,dongdaegu,1,1,True,target_available_at_arrival,available_count>0 at panel tick nearest as_of+tmap_eta,tmap_routes
CV004598,2026-07-17 18:09:46,2026-07-17 18:37:46,2026-07-17 18:39:47,28,27.7,5.237,dongdaegu,2,2,True,target_available_at_arrival,available_count>0 at panel tick nearest as_of+tmap_eta,tmap_routes
CV004339,2026-08-02 12:48:02,2026-08-02 13:14:02,2026-08-02 13:18:05,26,26.2,7.956,dongdaegu,2,2,True,target_available_at_arrival,available_count>0 at panel tick nearest as_of+tmap_eta,tmap_routes
CV004463,2026-07-23 09:20:40,2026-07-23 10:01:40,2026-07-23 10:06:04,41,40.7,10.877,dongdaegu,3,4,True,target_available_at_arrival,available_count>0 at panel tick nearest as_of+tmap_eta,tmap_routes
EC004338,2026-08-06 21:47:14,2026-08-06 22:21:14,2026-08-06 22:27:16,34,34.1,11.583,dongdaegu,4,4,True,target_available_at_arrival,available_count>0 at panel tick nearest as_of+tmap_eta,tmap_routes
CV002973,2026-07-19 19:01:35,2026-07-19 19:45:35,2026-07-19 19:46:39,44,44.3,17.838,dongdaegu,1,1,True,target_available_at_arrival,available_count>0 at panel tick nearest as_of+tmap_eta,tmap_routes
EV005230,2026-07-31 16:54:53,2026-07-31 17:12:53,2026-07-31 17:15:00,18,17.8,3.927,dongdaegu,2,2,True,target_available_at_arrival,available_count>0 at panel tick nearest as_of+tmap_eta,tmap_routes
CV000194,2026-08-07 21:03:11,2026-08-07 21:52:11,2026-08-07 21:53:16,49,48.9,17.248,dongdaegu,1,1,True,target_available_at_arrival,available_count>0 at panel tick nearest as_of+tmap_eta,tmap_routes
PC001513,2026-08-05 21:32:25,2026-08-05 21:49:25,2026-08-05 21:52:26,17,16.9,2.629,dongdaegu,13,13,True,target_available_at_arrival,available_count>0 at panel tick nearest as_of+tmap_eta,tmap_routes
LU001877,2026-07-27 19:25:37,2026-07-27 19:54:37,2026-07-27 19:55:43,29,29.3,9.229,dongdaegu,4,4,True,target_available_at_arrival,available_count>0 at panel tick nearest as_of+tmap_eta,tmap_routes
ME183067,2026-07-28 12:10:21,2026-07-28 12:35:21,2026-07-28 12:40:49,25,24.9,5.762,dongdaegu,1,1,True,target_available_at_arrival,available_count>0 at panel tick nearest as_of+tmap_eta,tmap_routes
EP230165,2026-08-05 20:12:21,2026-08-05 20:46:21,2026-08-05 20:52:23,34,34.1,11.583,dongdaegu,2,2,True,target_available_at_arrival,available_count>0 at panel tick nearest as_of+tmap_eta,tmap_routes
CV000113,2026-08-02 19:19:02,2026-08-02 19:37:02,2026-08-02 19:39:06,18,17.9,3.891,dongdaegu,1,1,True,target_available_at_arrival,available_count>0 at panel tick nearest as_of+tmap_eta,tmap_routes
ME18C258,2026-07-24 17:48:46,2026-07-24 18:08:46,2026-07-24 18:08:51,20,19.5,4.374,dongdaegu,1,1,True,target_available_at_arrival,available_count>0 at panel tick nearest as_of+tmap_eta,tmap_routes
ME183068,2026-07-30 10:04:44,2026-07-30 10:28:44,2026-07-30 10:34:53,24,23.9,7.001,dongdaegu,1,1,True,target_available_at_arrival,available_count>0 at panel tick nearest as_of+tmap_eta,tmap_routes
CV001495,2026-07-30 10:34:53,2026-07-30 11:27:53,2026-07-30 11:35:14,53,53.3,26.138,dongdaegu,2,2,True,target_available_at_arrival,available_count>0 at panel tick nearest as_of+tmap_eta,tmap_routes
PW015041,2026-08-04 00:04:09,2026-08-04 00:32:09,2026-08-04 00:36:42,28,27.8,5.95,dongdaegu,3,3,True,target_available_at_arrival,available_count>0 at panel tick nearest as_of+tmap_eta,tmap_routes
EV006226,2026-08-04 11:07:17,2026-08-04 11:45:17,2026-08-04 11:47:24,38,37.6,13.391,dongdaegu,1,1,True,target_available_at_arrival,available_count>0 at panel tick nearest as_of+tmap_eta,tmap_routes
KE000244,2026-07-31 13:53:02,2026-07-31 14:20:02,2026-07-31 14:23:09,27,26.6,7.893,dongdaegu,1,1,True,target_available_at_arrival,available_count>0 at panel tick nearest as_of+tmap_eta,tmap_routes
CV002181,2026-08-02 04:26:38,2026-08-02 05:02:38,2026-08-02 05:06:43,36,35.9,10.517,dongdaegu,4,4,True,target_available_at_arrival,available_count>0 at panel tick nearest as_of+tmap_eta,tmap_routes
CV003258,2026-08-02 14:38:23,2026-08-02 15:32:23,2026-08-02 15:38:31,54,53.9,40.599,dongdaegu,5,5,True,target_available_at_arrival,available_count>0 at panel tick nearest as_of+tmap_eta,tmap_routes
EV012412,2026-08-05 06:11:11,2026-08-05 06:41:11,2026-08-05 06:41:14,30,29.9,6.418,dongdaegu,5,5,True,target_available_at_arrival,available_count>0 at panel tick nearest as_of+tmap_eta,tmap_routes
EV008883,2026-07-22 08:49:08,2026-07-22 09:19:08,2026-07-22 09:19:12,30,30.1,10.528,dongdaegu,1,1,True,target_available_at_arrival,available_count>0 at panel tick nearest as_of+tmap_eta,tmap_routes
PIS00579,2026-08-01 13:01:00,2026-08-01 13:26:00,2026-08-01 13:31:15,25,24.8,8.567,dongdaegu,6,5,True,target_available_at_arrival,available_count>0 at panel tick nearest as_of+tmap_eta,tmap_routes
TS272301,2026-08-06 09:16:09,2026-08-06 09:35:09,2026-08-06 09:36:10,19,19.3,3.204,dongdaegu,2,2,True,target_available_at_arrival,available_count>0 at panel tick nearest as_of+tmap_eta,tmap_routes
CV000978,2026-07-29 11:38:15,2026-07-29 12:03:15,2026-07-29 12:08:24,25,25.3,6.225,dongdaegu,5,5,True,target_available_at_arrival,available_count>0 at panel tick nearest as_of+tmap_eta,tmap_routes
CV003450,2026-07-31 08:22:20,2026-07-31 08:37:20,2026-07-31 08:42:23,15,14.7,2.789,dongdaegu,2,2,True,target_available_at_arrival,available_count>0 at panel tick nearest as_of+tmap_eta,tmap_routes
CV000224,2026-08-02 14:28:22,2026-08-02 14:46:22,2026-08-02 14:48:25,18,17.5,3.322,dongdaegu,2,2,True,target_available_at_arrival,available_count>0 at panel tick nearest as_of+tmap_eta,tmap_routes
CV003484,2026-07-31 21:55:58,2026-07-31 22:41:58,2026-07-31 22:46:08,46,46.3,10.238,dongdaegu,1,1,True,target_available_at_arrival,available_count>0 at panel tick nearest as_of+tmap_eta,tmap_routes
DC530007,2026-08-08 08:37:33,2026-08-08 09:20:33,2026-08-08 09:27:37,43,42.9,8.561,dongdaegu,3,3,True,target_available_at_arrival,available_count>0 at panel tick nearest as_of+tmap_eta,tmap_routes
DC530014,2026-07-24 04:43:05,2026-07-24 05:09:05,2026-07-24 05:13:15,26,25.7,4.392,dongdaegu,5,5,True,target_available_at_arrival,available_count>0 at panel tick nearest as_of+tmap_eta,tmap_routes
ST600335,2026-08-02 19:49:09,2026-08-02 19:55:09,2026-08-02 19:59:12,6,6.3,0.045,dongdaegu,1,1,True,target_available_at_arrival,available_count>0 at panel tick nearest as_of+tmap_eta,tmap_routes
HY000978,2026-07-30 13:25:42,2026-07-30 13:38:42,2026-07-30 13:45:44,13,13.4,2.845,dongdaegu,2,2,True,target_available_at_arrival,available_count>0 at panel tick nearest as_of+tmap_eta,tmap_routes
CV003119,2026-08-01 07:49:50,2026-08-01 08:27:50,2026-08-01 08:29:57,38,37.5,7.142,dongdaegu,1,2,True,target_available_at_arrival,available_count>0 at panel tick nearest as_of+tmap_eta,tmap_routes
ME22D1C0,2026-07-23 02:58:11,2026-07-23 03:23:11,2026-07-23 03:23:17,25,24.9,8.86,dongdaegu,1,1,True,target_available_at_arrival,available_count>0 at panel tick nearest as_of+tmap_eta,tmap_routes
PC001247,2026-08-04 22:28:05,2026-08-04 22:58:05,2026-08-04 22:58:07,30,29.8,6.36,dongdaegu,7,7,True,target_available_at_arrival,available_count>0 at panel tick nearest as_of+tmap_eta,tmap_routes
ME22D1C0,2026-08-02 07:17:02,2026-08-02 07:42:02,2026-08-02 07:47:08,25,24.9,8.86,dongdaegu,1,1,True,target_available_at_arrival,available_count>0 at panel tick nearest as_of+tmap_eta,tmap_routes
PIS00597,2026-08-07 02:21:20,2026-08-07 02:38:20,2026-08-07 02:41:20,17,16.9,4.131,dongdaegu,2,2,True,target_available_at_arrival,available_count>0 at panel tick nearest as_of+tmap_eta,tmap_routes
KE001011,2026-07-27 06:32:57,2026-07-27 07:02:57,2026-07-27 07:03:02,30,29.5,5.032,dongdaegu,1,1,True,target_available_at_arrival,available_count>0 at panel tick nearest as_of+tmap_eta,tmap_routes
PI740239,2026-08-03 20:33:56,2026-08-03 20:48:56,2026-08-03 20:53:57,15,14.8,2.101,dongdaegu,2,2,True,target_available_at_arrival,available_count>0 at panel tick nearest as_of+tmap_eta,tmap_routes
CV001397,2026-08-03 04:32:05,2026-08-03 05:12:05,2026-08-03 05:12:07,40,39.9,13.598,dongdaegu,1,1,True,target_available_at_arrival,available_count>0 at panel tick nearest as_of+tmap_eta,tmap_routes
CV001462,2026-07-29 12:08:24,2026-07-29 12:32:24,2026-07-29 12:38:27,24,23.7,5.26,dongdaegu,1,1,True,target_available_at_arrival,available_count>0 at panel tick nearest as_of+tmap_eta,tmap_routes
PI530313,2026-08-02 23:59:33,2026-08-03 00:37:33,2026-08-03 00:41:56,38,37.9,13.333,dongdaegu,2,2,True,target_available_at_arrival,available_count>0 at panel tick nearest as_of+tmap_eta,tmap_routes
PIH00094,2026-08-02 12:17:53,2026-08-02 12:43:53,2026-08-02 12:48:02,26,25.6,9.271,dongdaegu,4,5,True,target_available_at_arrival,available_count>0 at panel tick nearest as_of+tmap_eta,tmap_routes
EV005349,2026-07-25 17:54:07,2026-07-25 18:33:07,2026-07-25 18:34:12,39,39.3,12.559,dongdaegu,4,4,True,target_available_at_arrival,available_count>0 at panel tick nearest as_of+tmap_eta,tmap_routes
PC000442,2026-07-29 00:26:12,2026-07-29 00:53:12,2026-07-29 00:56:14,27,27.2,5.475,dongdaegu,1,1,True,target_available_at_arrival,available_count>0 at panel tick nearest as_of+tmap_eta,tmap_routes
KP003777,2026-07-27 10:03:39,2026-07-27 10:17:39,2026-07-27 10:23:41,14,13.6,3.777,dongdaegu,1,1,True,target_available_at_arrival,available_count>0 at panel tick nearest as_of+tmap_eta,tmap_routes
EV005966,2026-08-01 21:22:45,2026-08-01 22:07:45,2026-08-01 22:12:51,45,44.7,15.17,dongdaegu,1,1,True,target_available_at_arrival,available_count>0 at panel tick nearest as_of+tmap_eta,tmap_routes
HY000912,2026-07-29 20:19:54,2026-07-29 20:43:54,2026-07-29 20:50:00,24,23.5,6.608,dongdaegu,4,4,True,target_available_at_arrival,available_count>0 at panel tick nearest as_of+tmap_eta,tmap_routes
PC001338,2026-07-26 11:38:27,2026-07-26 11:58:27,2026-07-26 11:58:32,20,20.1,4.064,dongdaegu,12,13,True,target_available_at_arrival,available_count>0 at panel tick nearest as_of+tmap_eta,tmap_routes
PI740241,2026-07-26 16:29:08,2026-07-26 16:43:08,2026-07-26 16:49:11,14,13.5,2.053,dongdaegu,1,1,True,target_available_at_arrival,available_count>0 at panel tick nearest as_of+tmap_eta,tmap_routes
EV005962,2026-08-07 06:51:34,2026-08-07 07:36:34,2026-08-07 07:41:39,45,45.3,15.129,dongdaegu,1,2,True,target_available_at_arrival,available_count>0 at panel tick nearest as_of+tmap_eta,tmap_routes
CV003084,2026-08-05 03:51:06,2026-08-05 04:34:06,2026-08-05 04:41:07,43,43.2,12.141,dongdaegu,1,1,True,target_available_at_arrival,available_count>0 at panel tick nearest as_of+tmap_eta,tmap_routes
CV000567,2026-07-26 04:37:19,2026-07-26 05:06:19,2026-07-26 05:07:22,29,28.6,4.444,dongdaegu,1,1,True,target_available_at_arrival,available_count>0 at panel tick nearest as_of+tmap_eta,tmap_routes
ME18C262,2026-07-24 00:06:17,2026-07-24 01:09:17,2026-07-24 01:11:46,63,62.9,23.487,dongdaegu,2,2,True,target_available_at_arrival,available_count>0 at panel tick nearest as_of+tmap_eta,tmap_routes
PI530304,2026-07-26 11:58:32,2026-07-26 12:04:32,2026-07-26 12:08:33,6,6.5,0.55,dongdaegu,1,1,True,target_available_at_arrival,available_count>0 at panel tick nearest as_of+tmap_eta,tmap_routes
KL001763,2026-07-30 23:38:12,2026-07-31 00:25:12,2026-07-31 00:30:44,47,47.2,19.423,dongdaegu,1,1,True,target_available_at_arrival,available_count>0 at panel tick nearest as_of+tmap_eta,tmap_routes
PI740066,2026-08-07 13:02:12,2026-08-07 13:17:12,2026-08-07 13:22:13,15,15.3,3.027,dongdaegu,1,1,True,target_available_at_arrival,available_count>0 at panel tick nearest as_of+tmap_eta,tmap_routes
CV001308,2026-07-24 04:22:57,2026-07-24 05:08:57,2026-07-24 05:13:15,46,46.1,16.696,dongdaegu,2,4,True,target_available_at_arrival,available_count>0 at panel tick nearest as_of+tmap_eta,tmap_routes
HW000499,2026-08-02 11:57:51,2026-08-02 12:26:51,2026-08-02 12:27:58,29,29.0,8.153,dongdaegu,1,1,True,target_available_at_arrival,available_count>0 at panel tick nearest as_of+tmap_eta,tmap_routes
CV003786,2026-08-02 14:38:23,2026-08-02 15:02:23,2026-08-02 15:08:27,24,23.6,4.545,dongdaegu,9,9,True,target_available_at_arrival,available_count>0 at panel tick nearest as_of+tmap_eta,tmap_routes
EV005709,2026-08-03 02:42:00,2026-08-03 03:17:00,2026-08-03 03:22:02,35,34.7,9.64,dongdaegu,3,3,True,target_available_at_arrival,available_count>0 at panel tick nearest as_of+tmap_eta,tmap_routes
EC000145,2026-08-07 00:41:16,2026-08-07 01:01:16,2026-08-07 01:01:17,20,19.7,3.897,dongdaegu,2,2,True,target_available_at_arrival,available_count>0 at panel tick nearest as_of+tmap_eta,tmap_routes
NT101390,2026-08-06 02:45:47,2026-08-06 03:10:47,2026-08-06 03:15:48,25,24.6,9.025,dongdaegu,1,1,True,target_available_at_arrival,available_count>0 at panel tick nearest as_of+tmap_eta,tmap_routes
EV012414,2026-08-08 10:37:43,2026-08-08 11:07:43,2026-08-08 11:07:45,30,29.9,6.418,dongdaegu,1,1,True,target_available_at_arrival,available_count>0 at panel tick nearest as_of+tmap_eta,tmap_routes
KP004512,2026-08-01 17:42:03,2026-08-01 18:35:03,2026-08-01 18:42:15,53,52.8,33.739,dongdaegu,1,1,True,target_available_at_arrival,available_count>0 at panel tick nearest as_of+tmap_eta,tmap_routes
SF000323,2026-07-30 13:35:43,2026-07-30 14:14:43,2026-07-30 14:15:57,39,39.2,19.36,dongdaegu,1,1,True,target_available_at_arrival,available_count>0 at panel tick nearest as_of+tmap_eta,tmap_routes
CV001941,2026-07-31 13:53:02,2026-07-31 14:07:02,2026-07-31 14:13:05,14,14.5,2.314,dongdaegu,1,1,True,target_available_at_arrival,available_count>0 at panel tick nearest as_of+tmap_eta,tmap_routes
PI530284,2026-07-27 11:33:49,2026-07-27 12:30:49,2026-07-27 12:34:05,57,57.4,25.643,dongdaegu,5,6,True,target_available_at_arrival,available_count>0 at panel tick nearest as_of+tmap_eta,tmap_routes
CV003452,2026-07-30 10:14:52,2026-07-30 10:41:52,2026-07-30 10:44:59,27,27.4,5.606,dongdaegu,1,1,True,target_available_at_arrival,available_count>0 at panel tick nearest as_of+tmap_eta,tmap_routes
HY000978,2026-07-27 11:13:47,2026-07-27 11:26:47,2026-07-27 11:33:49,13,13.4,2.845,dongdaegu,2,2,True,target_available_at_arrival,available_count>0 at panel tick nearest as_of+tmap_eta,tmap_routes
EV000674,2026-08-04 21:28:00,2026-08-04 22:27:00,2026-08-04 22:28:05,59,59.0,26.331,dongdaegu,3,3,True,target_available_at_arrival,available_count>0 at panel tick nearest as_of+tmap_eta,tmap_routes
CV002394,2026-08-06 23:27:19,2026-08-07 00:00:19,2026-08-07 00:07:22,33,33.3,13.237,dongdaegu,2,2,True,target_available_at_arrival,available_count>0 at panel tick nearest as_of+tmap_eta,tmap_routes
LU101255,2026-08-05 20:12:21,2026-08-05 20:27:21,2026-08-05 20:32:22,15,15.0,0.469,dongdaegu,2,3,True,target_available_at_arrival,available_count>0 at panel tick nearest as_of+tmap_eta,tmap_routes
CV003452,2026-07-29 00:16:11,2026-07-29 00:43:11,2026-07-29 00:46:13,27,27.4,5.606,dongdaegu,1,1,True,target_available_at_arrival,available_count>0 at panel tick nearest as_of+tmap_eta,tmap_routes
HW000499,2026-08-05 07:41:17,2026-08-05 08:10:17,2026-08-05 08:11:19,29,29.0,8.153,dongdaegu,1,1,True,target_available_at_arrival,available_count>0 at panel tick nearest as_of+tmap_eta,tmap_routes
ME24B142,2026-07-29 02:56:32,2026-07-29 03:31:32,2026-07-29 03:36:35,35,35.0,11.205,dongdaegu,1,1,True,target_available_at_arrival,available_count>0 at panel tick nearest as_of+tmap_eta,tmap_routes
HE192131,2026-07-28 04:48:46,2026-07-28 05:06:46,2026-07-28 05:08:51,18,17.5,2.483,dongdaegu,2,2,True,target_available_at_arrival,available_count>0 at panel tick nearest as_of+tmap_eta,tmap_routes
CV000543,2026-07-30 10:55:00,2026-07-30 11:05:00,2026-07-30 11:05:01,10,10.2,1.51,dongdaegu,1,1,True,target_available_at_arrival,available_count>0 at panel tick nearest as_of+tmap_eta,tmap_routes
CV003800,2026-08-03 17:43:45,2026-08-03 18:16:45,2026-08-03 18:23:48,33,32.6,10.802,dongdaegu,4,4,True,target_available_at_arrival,available_count>0 at panel tick nearest as_of+tmap_eta,tmap_routes
CV001635,2026-08-03 01:01:57,2026-08-03 01:39:57,2026-08-03 01:41:58,38,37.6,10.026,dongdaegu,2,2,True,target_available_at_arrival,available_count>0 at panel tick nearest as_of+tmap_eta,tmap_routes
PC001255,2026-08-07 05:41:31,2026-08-07 06:01:31,2026-08-07 06:01:32,20,20.3,3.165,dongdaegu,1,1,True,target_available_at_arrival,available_count>0 at panel tick nearest as_of+tmap_eta,tmap_routes
CV004674,2026-08-03 03:02:01,2026-08-03 03:22:01,2026-08-03 03:22:02,20,20.3,3.596,dongdaegu,1,1,True,target_available_at_arrival,available_count>0 at panel tick nearest as_of+tmap_eta,tmap_routes
PI740149,2026-08-01 12:30:52,2026-08-01 12:48:52,2026-08-01 12:50:59,18,17.5,3.784,dongdaegu,1,1,True,target_available_at_arrival,available_count>0 at panel tick nearest as_of+tmap_eta,tmap_routes
PW801250,2026-07-23 06:34:06,2026-07-23 06:55:06,2026-07-23 06:59:17,21,21.0,6.03,dongdaegu,1,1,True,target_available_at_arrival,available_count>0 at panel tick nearest as_of+tmap_eta,tmap_routes
EC000145,2026-08-06 13:16:24,2026-08-06 13:36:24,2026-08-06 13:36:25,20,19.7,3.897,dongdaegu,5,5,True,target_available_at_arrival,available_count>0 at panel tick nearest as_of+tmap_eta,tmap_routes
CV001701,2026-07-29 16:18:57,2026-07-29 16:43:57,2026-07-29 16:49:07,25,24.7,2.572,dongdaegu,1,1,True,target_available_at_arrival,available_count>0 at panel tick nearest as_of+tmap_eta,tmap_routes
DC530014,2026-08-03 06:52:13,2026-08-03 07:18:13,2026-08-03 07:22:14,26,25.7,4.392,dongdaegu,10,10,True,target_available_at_arrival,available_count>0 at panel tick nearest as_of+tmap_eta,tmap_routes
ST272925,2026-08-07 00:07:22,2026-08-07 00:40:22,2026-08-07 00:41:16,33,32.9,7.879,dongdaegu,1,1,True,target_available_at_arrival,available_count>0 at panel tick nearest as_of+tmap_eta,tmap_routes
EV008719,2026-07-24 11:27:30,2026-07-24 11:56:30,2026-07-24 11:57:37,29,29.2,8.45,dongdaegu,1,1,True,target_available_at_arrival,available_count>0 at panel tick nearest as_of+tmap_eta,tmap_routes
EV005838,2026-07-24 16:48:30,2026-07-24 17:14:30,2026-07-24 17:18:35,26,25.7,7.322,dongdaegu,1,1,True,target_available_at_arrival,available_count>0 at panel tick nearest as_of+tmap_eta,tmap_routes
ME19E217,2026-07-26 01:16:55,2026-07-26 01:43:55,2026-07-26 01:46:58,27,26.8,6.823,dongdaegu,1,0,False,target_available_at_arrival,available_count>0 at panel tick nearest as_of+tmap_eta,tmap_routes
PI645405,2026-08-02 01:26:08,2026-08-02 02:02:08,2026-08-02 02:06:16,36,35.8,12.364,dongdaegu,4,4,True,target_available_at_arrival,available_count>0 at panel tick nearest as_of+tmap_eta,tmap_routes
KL002703,2026-07-26 20:59:45,2026-07-26 21:26:45,2026-07-26 21:29:49,27,27.1,9.036,dongdaegu,1,1,True,target_available_at_arrival,available_count>0 at panel tick nearest as_of+tmap_eta,tmap_routes
CV001242,2026-08-06 02:25:46,2026-08-06 03:04:46,2026-08-06 03:05:47,39,38.9,13.135,dongdaegu,5,5,True,target_available_at_arrival,available_count>0 at panel tick nearest as_of+tmap_eta,tmap_routes
NT101554,2026-08-03 00:41:56,2026-08-03 01:14:56,2026-08-03 01:21:57,33,33.0,9.405,dongdaegu,2,2,True,target_available_at_arrival,available_count>0 at panel tick nearest as_of+tmap_eta,tmap_routes
CV000565,2026-07-25 11:34:28,2026-07-25 12:34:28,2026-07-25 12:34:37,60,59.7,25.661,dongdaegu,2,0,False,target_available_at_arrival,available_count>0 at panel tick nearest as_of+tmap_eta,tmap_routes
ST272921,2026-08-02 01:36:09,2026-08-02 02:12:09,2026-08-02 02:16:18,36,36.5,13.409,dongdaegu,1,1,True,target_available_at_arrival,available_count>0 at panel tick nearest as_of+tmap_eta,tmap_routes
KE000375,2026-08-04 23:58:09,2026-08-05 00:27:09,2026-08-05 00:30:58,29,29.2,9.751,dongdaegu,2,2,True,target_available_at_arrival,available_count>0 at panel tick nearest as_of+tmap_eta,tmap_routes
IN053073,2026-07-23 11:52:13,2026-07-23 12:12:13,2026-07-23 12:12:17,20,20.5,4.346,dongdaegu,18,18,True,target_available_at_arrival,available_count>0 at panel tick nearest as_of+tmap_eta,tmap_routes
PI530303,2026-08-03 17:13:00,2026-08-03 17:39:00,2026-08-03 17:43:45,26,25.5,6.41,dongdaegu,3,2,True,target_available_at_arrival,available_count>0 at panel tick nearest as_of+tmap_eta,tmap_routes
ME183064,2026-08-03 13:12:41,2026-08-03 13:41:41,2026-08-03 13:42:43,29,29.2,9.767,dongdaegu,1,1,True,target_available_at_arrival,available_count>0 at panel tick nearest as_of+tmap_eta,tmap_routes
PI530328,2026-08-04 08:37:07,2026-08-04 09:20:07,2026-08-04 09:27:10,43,42.9,10.026,dongdaegu,1,1,True,target_available_at_arrival,available_count>0 at panel tick nearest as_of+tmap_eta,tmap_routes
ST272605,2026-07-24 21:19:33,2026-07-24 21:46:33,2026-07-24 21:49:37,27,26.7,9.097,dongdaegu,1,1,True,target_available_at_arrival,available_count>0 at panel tick nearest as_of+tmap_eta,tmap_routes
CV002689,2026-07-26 10:58:21,2026-07-26 11:52:21,2026-07-26 11:58:32,54,54.3,31.501,dongdaegu,1,1,True,target_available_at_arrival,available_count>0 at panel tick nearest as_of+tmap_eta,tmap_routes
CU530012,2026-08-01 21:52:49,2026-08-01 22:29:49,2026-08-01 22:32:53,37,36.8,12.536,dongdaegu,22,21,True,target_available_at_arrival,available_count>0 at panel tick nearest as_of+tmap_eta,tmap_routes
EV002287,2026-08-08 07:37:28,2026-08-08 08:13:28,2026-08-08 08:17:32,36,36.3,7.344,dongdaegu,2,2,True,target_available_at_arrival,available_count>0 at panel tick nearest as_of+tmap_eta,tmap_routes
CV001632,2026-07-18 15:35:45,2026-07-18 16:03:45,2026-07-18 16:05:47,28,27.8,8.198,dongdaegu,1,1,True,target_available_at_arrival,available_count>0 at panel tick nearest as_of+tmap_eta,tmap_routes
SF002547,2026-08-06 08:26:02,2026-08-06 09:00:02,2026-08-06 09:06:09,34,34.1,12.237,dongdaegu,1,1,True,target_available_at_arrival,available_count>0 at panel tick nearest as_of+tmap_eta,tmap_routes
EV014737,2026-07-28 22:33:40,2026-07-28 22:43:40,2026-07-28 22:43:41,10,10.3,1.868,dongdaegu,1,1,True,target_available_at_arrival,available_count>0 at panel tick nearest as_of+tmap_eta,tmap_routes
PI730030,2026-07-27 17:25:06,2026-07-27 18:01:06,2026-07-27 18:05:13,36,35.6,12.645,dongdaegu,1,1,True,target_available_at_arrival,available_count>0 at panel tick nearest as_of+tmap_eta,tmap_routes
CV003453,2026-08-05 01:41:00,2026-08-05 01:57:00,2026-08-05 02:01:01,16,16.1,3.323,dongdaegu,1,1,True,target_available_at_arrival,available_count>0 at panel tick nearest as_of+tmap_eta,tmap_routes
PI805002,2026-07-27 07:03:02,2026-07-27 07:23:02,2026-07-27 07:23:12,20,19.7,6.751,dongdaegu,2,2,True,target_available_at_arrival,available_count>0 at panel tick nearest as_of+tmap_eta,tmap_routes
HY001080,2026-08-01 14:21:20,2026-08-01 15:15:20,2026-08-01 15:21:33,54,54.1,26.412,dongdaegu,1,1,True,target_available_at_arrival,available_count>0 at panel tick nearest as_of+tmap_eta,tmap_routes
ST601240,2026-07-28 04:08:41,2026-07-28 04:31:41,2026-07-28 04:38:46,23,22.6,6.109,dongdaegu,2,2,True,target_available_at_arrival,available_count>0 at panel tick nearest as_of+tmap_eta,tmap_routes
TS271405,2026-08-02 19:29:03,2026-08-02 19:47:03,2026-08-02 19:49:09,18,17.6,3.579,dongdaegu,1,1,True,target_available_at_arrival,available_count>0 at panel tick nearest as_of+tmap_eta,tmap_routes
EV008720,2026-07-31 15:43:24,2026-07-31 16:12:24,2026-07-31 16:14:42,29,29.0,8.593,dongdaegu,2,2,True,target_available_at_arrival,available_count>0 at panel tick nearest as_of+tmap_eta,tmap_routes
HE240187,2026-08-07 14:52:18,2026-08-07 15:18:18,2026-08-07 15:22:28,26,26.1,6.661,dongdaegu,4,4,True,target_available_at_arrival,available_count>0 at panel tick nearest as_of+tmap_eta,tmap_routes
EV012411,2026-08-05 09:41:24,2026-08-05 10:11:24,2026-08-05 10:11:30,30,29.9,6.418,dongdaegu,1,1,True,target_available_at_arrival,available_count>0 at panel tick nearest as_of+tmap_eta,tmap_routes
PIS00546,2026-07-30 14:36:07,2026-07-30 15:04:07,2026-07-30 15:06:25,28,28.2,9.181,dongdaegu,8,8,True,target_available_at_arrival,available_count>0 at panel tick nearest as_of+tmap_eta,tmap_routes
ME25C171,2026-08-07 06:51:34,2026-08-07 07:08:34,2026-08-07 07:11:35,17,16.6,2.432,dongdaegu,1,1,True,target_available_at_arrival,available_count>0 at panel tick nearest as_of+tmap_eta,tmap_routes
CV001123,2026-08-07 21:03:11,2026-08-07 21:43:11,2026-08-07 21:43:16,40,40.0,13.364,dongdaegu,1,1,True,target_available_at_arrival,available_count>0 at panel tick nearest as_of+tmap_eta,tmap_routes
PI740668,2026-07-29 13:38:34,2026-07-29 14:07:34,2026-07-29 14:08:37,29,29.1,10.335,dongdaegu,2,2,True,target_available_at_arrival,available_count>0 at panel tick nearest as_of+tmap_eta,tmap_routes
ME183065,2026-07-21 20:32:52,2026-07-21 21:06:52,2026-07-21 21:12:56,34,34.4,10.368,dongdaegu,1,1,True,target_available_at_arrival,available_count>0 at panel tick nearest as_of+tmap_eta,tmap_routes
CV001706,2026-07-30 16:16:44,2026-07-30 17:11:44,2026-07-30 17:17:00,55,54.8,26.617,dongdaegu,2,0,False,target_available_at_arrival,available_count>0 at panel tick nearest as_of+tmap_eta,tmap_routes
KE001402,2026-07-28 01:18:24,2026-07-28 01:38:24,2026-07-28 01:38:26,20,20.4,3.742,dongdaegu,1,1,True,target_available_at_arrival,available_count>0 at panel tick nearest as_of+tmap_eta,tmap_routes
CV000810,2026-07-29 04:26:42,2026-07-29 04:42:42,2026-07-29 04:46:47,16,15.9,3.65,dongdaegu,1,1,True,target_available_at_arrival,available_count>0 at panel tick nearest as_of+tmap_eta,tmap_routes
HE240383,2026-07-31 00:50:47,2026-07-31 01:53:47,2026-07-31 02:00:53,63,62.8,24.74,dongdaegu,6,6,True,target_available_at_arrival,available_count>0 at panel tick nearest as_of+tmap_eta,tmap_routes
KP000402,2026-08-06 21:07:07,2026-08-06 21:40:07,2026-08-06 21:47:14,33,32.6,11.034,dongdaegu,2,2,True,target_available_at_arrival,available_count>0 at panel tick nearest as_of+tmap_eta,tmap_routes
UP491145,2026-07-18 17:50:57,2026-07-18 18:17:57,2026-07-18 18:20:58,27,26.8,8.306,dongdaegu,1,1,True,target_available_at_arrival,available_count>0 at panel tick nearest as_of+tmap_eta,tmap_routes
KP004804,2026-07-28 14:41:35,2026-07-28 15:08:35,2026-07-28 15:11:38,27,27.0,8.693,dongdaegu,1,1,True,target_available_at_arrival,available_count>0 at panel tick nearest as_of+tmap_eta,tmap_routes
CV001002,2026-07-22 22:35:20,2026-07-22 22:53:20,2026-07-22 22:55:24,18,17.5,3.402,dongdaegu,2,2,True,target_available_at_arrival,available_count>0 at panel tick nearest as_of+tmap_eta,tmap_routes
PC000548,2026-08-04 21:18:00,2026-08-04 21:28:00,2026-08-04 21:28:00,10,10.1,1.643,dongdaegu,24,24,True,target_available_at_arrival,available_count>0 at panel tick nearest as_of+tmap_eta,tmap_routes
PI740652,2026-07-29 11:08:11,2026-07-29 11:33:11,2026-07-29 11:38:15,25,24.7,8.597,dongdaegu,2,2,True,target_available_at_arrival,available_count>0 at panel tick nearest as_of+tmap_eta,tmap_routes
CV004134,2026-08-07 20:43:08,2026-08-07 21:00:08,2026-08-07 21:03:11,17,17.2,6.562,dongdaegu,5,5,True,target_available_at_arrival,available_count>0 at panel tick nearest as_of+tmap_eta,tmap_routes
CV000812,2026-07-24 10:07:16,2026-07-24 10:24:16,2026-07-24 10:27:21,17,16.8,2.36,dongdaegu,1,0,False,target_available_at_arrival,available_count>0 at panel tick nearest as_of+tmap_eta,tmap_routes
CV000557,2026-08-03 05:22:07,2026-08-03 05:46:07,2026-08-03 05:52:10,24,24.4,5.378,dongdaegu,1,1,True,target_available_at_arrival,available_count>0 at panel tick nearest as_of+tmap_eta,tmap_routes
CV002087,2026-07-25 10:34:15,2026-07-25 10:48:15,2026-07-25 10:54:19,14,14.4,1.77,dongdaegu,2,2,True,target_available_at_arrival,available_count>0 at panel tick nearest as_of+tmap_eta,tmap_routes
CV001779,2026-08-03 12:22:39,2026-08-03 13:18:39,2026-08-03 13:22:42,56,55.6,14.536,dongdaegu,4,4,True,target_available_at_arrival,available_count>0 at panel tick nearest as_of+tmap_eta,tmap_routes
CV002939,2026-07-28 04:38:46,2026-07-28 05:06:46,2026-07-28 05:08:51,28,28.3,5.851,dongdaegu,6,4,True,target_available_at_arrival,available_count>0 at panel tick nearest as_of+tmap_eta,tmap_routes
CV002155,2026-07-21 13:51:50,2026-07-21 14:41:50,2026-07-21 14:42:18,50,49.6,23.361,dongdaegu,1,1,True,target_available_at_arrival,available_count>0 at panel tick nearest as_of+tmap_eta,tmap_routes
EP230165,2026-08-03 04:02:04,2026-08-03 04:36:04,2026-08-03 04:42:06,34,34.1,11.583,dongdaegu,2,2,True,target_available_at_arrival,available_count>0 at panel tick nearest as_of+tmap_eta,tmap_routes
ME183144,2026-07-21 10:11:03,2026-07-21 11:07:03,2026-07-21 11:11:21,56,56.2,27.909,dongdaegu,3,3,True,target_available_at_arrival,available_count>0 at panel tick nearest as_of+tmap_eta,tmap_routes
CV003535,2026-08-04 05:46:57,2026-08-04 06:06:57,2026-08-04 06:06:58,20,20.0,3.631,dongdaegu,6,6,True,target_available_at_arrival,available_count>0 at panel tick nearest as_of+tmap_eta,tmap_routes
CV004134,2026-07-22 14:10:04,2026-07-22 14:27:04,2026-07-22 14:30:11,17,17.2,6.562,dongdaegu,4,4,True,target_available_at_arrival,available_count>0 at panel tick nearest as_of+tmap_eta,tmap_routes
EV001238,2026-08-03 03:42:03,2026-08-03 04:00:03,2026-08-03 04:02:04,18,18.4,2.831,dongdaegu,1,1,True,target_available_at_arrival,available_count>0 at panel tick nearest as_of+tmap_eta,tmap_routes
CV003075,2026-08-04 18:57:49,2026-08-04 19:23:49,2026-08-04 19:27:51,26,26.1,8.655,dongdaegu,1,1,True,target_available_at_arrival,available_count>0 at panel tick nearest as_of+tmap_eta,tmap_routes
PC000078,2026-08-07 19:22:51,2026-08-07 19:51:51,2026-08-07 19:53:03,29,29.2,10.193,dongdaegu,5,5,True,target_available_at_arrival,available_count>0 at panel tick nearest as_of+tmap_eta,tmap_routes
KE000387,2026-07-26 02:47:04,2026-07-26 03:14:04,2026-07-26 03:17:07,27,26.9,10.294,dongdaegu,1,1,True,target_available_at_arrival,available_count>0 at panel tick nearest as_of+tmap_eta,tmap_routes
HM710121,2026-07-28 10:49:55,2026-07-28 11:09:55,2026-07-28 11:09:58,20,20.1,3.305,dongdaegu,1,1,True,target_available_at_arrival,available_count>0 at panel tick nearest as_of+tmap_eta,tmap_routes
ME184070,2026-07-31 20:45:44,2026-07-31 21:10:44,2026-07-31 21:15:53,25,25.3,8.197,dongdaegu,1,1,True,target_available_at_arrival,available_count>0 at panel tick nearest as_of+tmap_eta,tmap_routes
PW015042,2026-08-04 14:47:32,2026-08-04 15:11:32,2026-08-04 15:17:34,24,23.8,6.666,dongdaegu,1,1,True,target_available_at_arrival,available_count>0 at panel tick nearest as_of+tmap_eta,tmap_routes
PW012854,2026-08-07 14:22:16,2026-08-07 14:42:16,2026-08-07 14:42:17,20,20.1,3.411,dongdaegu,4,4,True,target_available_at_arrival,available_count>0 at panel tick nearest as_of+tmap_eta,tmap_routes
KE000354,2026-07-30 18:47:28,2026-07-30 19:04:28,2026-07-30 19:07:31,17,16.6,4.132,dongdaegu,3,2,True,target_available_at_arrival,available_count>0 at panel tick nearest as_of+tmap_eta,tmap_routes
KP003774,2026-08-04 02:06:48,2026-08-04 02:39:48,2026-08-04 02:46:50,33,32.7,11.159,dongdaegu,1,1,True,target_available_at_arrival,available_count>0 at panel tick nearest as_of+tmap_eta,tmap_routes
CV001634,2026-08-07 09:31:52,2026-08-07 10:06:52,2026-08-07 10:11:57,35,35.1,9.858,dongdaegu,1,1,True,target_available_at_arrival,available_count>0 at panel tick nearest as_of+tmap_eta,tmap_routes
PI773847,2026-07-27 06:22:56,2026-07-27 06:42:56,2026-07-27 06:42:58,20,19.5,3.895,dongdaegu,2,2,True,target_available_at_arrival,available_count>0 at panel tick nearest as_of+tmap_eta,tmap_routes
LU002535,2026-07-27 22:46:15,2026-07-27 23:14:15,2026-07-27 23:16:18,28,28.4,10.33,dongdaegu,1,1,True,target_available_at_arrival,available_count>0 at panel tick nearest as_of+tmap_eta,tmap_routes
DC530005,2026-07-24 09:17:10,2026-07-24 09:43:10,2026-07-24 09:47:14,26,25.8,4.529,dongdaegu,1,1,True,target_available_at_arrival,available_count>0 at panel tick nearest as_of+tmap_eta,tmap_routes
EV006225,2026-07-31 22:36:07,2026-07-31 23:14:07,2026-07-31 23:16:12,38,37.6,13.391,dongdaegu,1,1,True,target_available_at_arrival,available_count>0 at panel tick nearest as_of+tmap_eta,tmap_routes
EV007655,2026-08-06 01:05:43,2026-08-06 01:34:43,2026-08-06 01:35:44,29,29.4,8.407,dongdaegu,1,1,True,target_available_at_arrival,available_count>0 at panel tick nearest as_of+tmap_eta,tmap_routes
ME19X413,2026-08-03 01:31:58,2026-08-03 02:05:58,2026-08-03 02:11:59,34,34.4,11.991,dongdaegu,5,4,True,target_available_at_arrival,available_count>0 at panel tick nearest as_of+tmap_eta,tmap_routes
CV002471,2026-07-23 14:22:57,2026-07-23 14:40:57,2026-07-23 14:43:03,18,18.0,2.552,dongdaegu,4,4,True,target_available_at_arrival,available_count>0 at panel tick nearest as_of+tmap_eta,tmap_routes
CV003120,2026-07-29 15:08:46,2026-07-29 15:37:46,2026-07-29 15:38:50,29,28.6,8.931,dongdaegu,1,1,True,target_available_at_arrival,available_count>0 at panel tick nearest as_of+tmap_eta,tmap_routes
ME21B262,2026-07-26 10:48:19,2026-07-26 11:41:19,2026-07-26 11:48:31,53,52.9,43.182,dongdaegu,1,0,False,target_available_at_arrival,available_count>0 at panel tick nearest as_of+tmap_eta,tmap_routes
CV002202,2026-07-24 20:09:20,2026-07-24 20:29:20,2026-07-24 20:29:23,20,20.3,5.522,dongdaegu,2,2,True,target_available_at_arrival,available_count>0 at panel tick nearest as_of+tmap_eta,tmap_routes
ME183069,2026-07-26 11:18:25,2026-07-26 11:42:25,2026-07-26 11:48:31,24,23.8,4.237,dongdaegu,1,1,True,target_available_at_arrival,available_count>0 at panel tick nearest as_of+tmap_eta,tmap_routes
PI740652,2026-08-06 08:46:06,2026-08-06 09:11:06,2026-08-06 09:16:09,25,24.7,8.597,dongdaegu,2,2,True,target_available_at_arrival,available_count>0 at panel tick nearest as_of+tmap_eta,tmap_routes
CV003145,2026-07-23 05:48:55,2026-07-23 06:39:55,2026-07-23 06:44:14,51,50.6,22.973,dongdaegu,1,1,True,target_available_at_arrival,available_count>0 at panel tick nearest as_of+tmap_eta,tmap_routes
CV001564,2026-08-03 16:32:57,2026-08-03 17:05:57,2026-08-03 17:13:00,33,32.9,9.561,dongdaegu,3,3,True,target_available_at_arrival,available_count>0 at panel tick nearest as_of+tmap_eta,tmap_routes
EV006285,2026-08-03 16:12:52,2026-08-03 16:29:52,2026-08-03 16:32:57,17,17.3,1.863,dongdaegu,1,1,True,target_available_at_arrival,available_count>0 at panel tick nearest as_of+tmap_eta,tmap_routes
CV000194,2026-07-26 04:17:17,2026-07-26 05:06:17,2026-07-26 05:07:22,49,48.9,17.248,dongdaegu,1,1,True,target_available_at_arrival,available_count>0 at panel tick nearest as_of+tmap_eta,tmap_routes
EV006497,2026-08-04 14:27:31,2026-08-04 15:06:31,2026-08-04 15:07:33,39,39.0,10.915,dongdaegu,2,2,True,target_available_at_arrival,available_count>0 at panel tick nearest as_of+tmap_eta,tmap_routes
EV003741,2026-07-27 14:04:28,2026-07-27 14:34:28,2026-07-27 14:34:38,30,29.6,8.772,dongdaegu,3,3,True,target_available_at_arrival,available_count>0 at panel tick nearest as_of+tmap_eta,tmap_routes
PW012368,2026-07-28 11:50:19,2026-07-28 12:18:19,2026-07-28 12:20:36,28,28.5,10.054,dongdaegu,2,2,True,target_available_at_arrival,available_count>0 at panel tick nearest as_of+tmap_eta,tmap_routes
CI0F0001,2026-08-06 15:16:34,2026-08-06 15:39:34,2026-08-06 15:46:36,23,22.9,3.818,dongdaegu,1,1,True,target_available_at_arrival,available_count>0 at panel tick nearest as_of+tmap_eta,tmap_routes
IN053073,2026-08-03 13:52:45,2026-08-03 14:12:45,2026-08-03 14:12:46,20,20.5,4.346,dongdaegu,13,13,True,target_available_at_arrival,available_count>0 at panel tick nearest as_of+tmap_eta,tmap_routes
EV008140,2026-07-28 08:09:20,2026-07-28 08:27:20,2026-07-28 08:29:24,18,17.8,1.688,dongdaegu,1,1,True,target_available_at_arrival,available_count>0 at panel tick nearest as_of+tmap_eta,tmap_routes
CV001710,2026-07-23 08:24:51,2026-07-23 09:02:51,2026-07-23 09:05:36,38,37.7,9.1,dongdaegu,1,1,True,target_available_at_arrival,available_count>0 at panel tick nearest as_of+tmap_eta,tmap_routes
EV013752,2026-08-05 14:41:52,2026-08-05 14:55:52,2026-08-05 15:01:53,14,14.4,2.436,dongdaegu,1,1,True,target_available_at_arrival,available_count>0 at panel tick nearest as_of+tmap_eta,tmap_routes
CV004551,2026-08-04 01:46:46,2026-08-04 02:40:46,2026-08-04 02:46:50,54,54.2,40.076,dongdaegu,1,1,True,target_available_at_arrival,available_count>0 at panel tick nearest as_of+tmap_eta,tmap_routes
SF002795,2026-08-04 19:47:53,2026-08-04 20:01:53,2026-08-04 20:07:54,14,14.1,4.044,dongdaegu,2,2,True,target_available_at_arrival,available_count>0 at panel tick nearest as_of+tmap_eta,tmap_routes
CGP00005,2026-07-23 10:01:03,2026-07-23 10:52:03,2026-07-23 10:56:34,51,50.6,25.531,dongdaegu,2,2,True,target_available_at_arrival,available_count>0 at panel tick nearest as_of+tmap_eta,tmap_routes
KL001809,2026-07-31 09:42:32,2026-07-31 10:02:32,2026-07-31 10:02:34,20,19.9,3.27,dongdaegu,2,2,True,target_available_at_arrival,available_count>0 at panel tick nearest as_of+tmap_eta,tmap_routes
PI805002,2026-08-01 06:39:40,2026-08-01 06:59:40,2026-08-01 06:59:42,20,19.7,6.751,dongdaegu,2,2,True,target_available_at_arrival,available_count>0 at panel tick nearest as_of+tmap_eta,tmap_routes
KP008088,2026-08-07 15:12:27,2026-08-07 15:58:27,2026-08-07 16:02:32,46,46.3,14.849,dongdaegu,1,1,True,target_available_at_arrival,available_count>0 at panel tick nearest as_of+tmap_eta,tmap_routes
SF000611,2026-08-06 05:25:53,2026-08-06 05:34:53,2026-08-06 05:35:53,9,9.2,1.794,dongdaegu,6,6,True,target_available_at_arrival,available_count>0 at panel tick nearest as_of+tmap_eta,tmap_routes
SF002945,2026-08-07 00:31:15,2026-08-07 01:06:15,2026-08-07 01:11:17,35,35.4,13.642,dongdaegu,1,1,True,target_available_at_arrival,available_count>0 at panel tick nearest as_of+tmap_eta,tmap_routes
CV002189,2026-08-06 09:36:10,2026-08-06 09:42:10,2026-08-06 09:46:11,6,6.2,0.869,dongdaegu,1,1,True,target_available_at_arrival,available_count>0 at panel tick nearest as_of+tmap_eta,tmap_routes
EV006229,2026-08-07 16:42:34,2026-08-07 17:20:34,2026-08-07 17:22:37,38,37.6,13.391,dongdaegu,1,1,True,target_available_at_arrival,available_count>0 at panel tick nearest as_of+tmap_eta,tmap_routes
ST271709,2026-08-01 14:51:29,2026-08-01 15:20:29,2026-08-01 15:21:33,29,28.9,7.971,dongdaegu,2,2,True,target_available_at_arrival,available_count>0 at panel tick nearest as_of+tmap_eta,tmap_routes
ME25C167,2026-07-24 07:44:14,2026-07-24 08:30:14,2026-07-24 08:36:56,46,45.9,9.64,dongdaegu,1,1,True,target_available_at_arrival,available_count>0 at panel tick nearest as_of+tmap_eta,tmap_routes
IN053072,2026-07-21 10:21:04,2026-07-21 10:47:04,2026-07-21 10:51:17,26,25.9,8.457,dongdaegu,4,5,True,target_available_at_arrival,available_count>0 at panel tick nearest as_of+tmap_eta,tmap_routes
EV006229,2026-08-01 16:01:38,2026-08-01 16:39:38,2026-08-01 16:41:55,38,37.6,13.391,dongdaegu,1,1,True,target_available_at_arrival,available_count>0 at panel tick nearest as_of+tmap_eta,tmap_routes
KE000244,2026-08-03 15:22:50,2026-08-03 15:49:50,2026-08-03 15:52:51,27,26.6,7.893,dongdaegu,1,1,True,target_available_at_arrival,available_count>0 at panel tick nearest as_of+tmap_eta,tmap_routes
CV002939,2026-07-30 23:38:12,2026-07-31 00:06:12,2026-07-31 00:08:15,28,28.3,5.851,dongdaegu,6,6,True,target_available_at_arrival,available_count>0 at panel tick nearest as_of+tmap_eta,tmap_routes
CV003450,2026-08-04 19:57:53,2026-08-04 20:12:53,2026-08-04 20:17:54,15,14.7,2.789,dongdaegu,4,4,True,target_available_at_arrival,available_count>0 at panel tick nearest as_of+tmap_eta,tmap_routes
ME18C258,2026-07-25 14:44:59,2026-07-25 15:04:59,2026-07-25 15:05:07,20,19.5,4.374,dongdaegu,2,2,True,target_available_at_arrival,available_count>0 at panel tick nearest as_of+tmap_eta,tmap_routes
PIH00094,2026-08-06 06:55:56,2026-08-06 07:21:56,2026-08-06 07:25:58,26,25.6,9.271,dongdaegu,3,3,True,target_available_at_arrival,available_count>0 at panel tick nearest as_of+tmap_eta,tmap_routes
SF002945,2026-08-05 20:12:21,2026-08-05 20:47:21,2026-08-05 20:52:23,35,35.4,13.642,dongdaegu,1,1,True,target_available_at_arrival,available_count>0 at panel tick nearest as_of+tmap_eta,tmap_routes
PI721980,2026-08-04 13:27:28,2026-08-04 13:42:28,2026-08-04 13:47:29,15,14.7,3.613,dongdaegu,3,3,True,target_available_at_arrival,available_count>0 at panel tick nearest as_of+tmap_eta,tmap_routes
CV003428,2026-07-26 08:17:56,2026-07-26 08:36:56,2026-07-26 08:37:59,19,18.9,3.756,dongdaegu,1,1,True,target_available_at_arrival,available_count>0 at panel tick nearest as_of+tmap_eta,tmap_routes
PI740140,2026-08-02 19:39:06,2026-08-02 20:09:06,2026-08-02 20:09:13,30,30.1,9.429,dongdaegu,1,0,False,target_available_at_arrival,available_count>0 at panel tick nearest as_of+tmap_eta,tmap_routes
PC000330,2026-08-04 13:47:29,2026-08-04 14:01:29,2026-08-04 14:07:30,14,14.4,0.498,dongdaegu,3,3,True,target_available_at_arrival,available_count>0 at panel tick nearest as_of+tmap_eta,tmap_routes
PI740572,2026-07-30 00:22:58,2026-07-30 00:42:58,2026-07-30 00:42:59,20,19.7,4.587,dongdaegu,1,1,True,target_available_at_arrival,available_count>0 at panel tick nearest as_of+tmap_eta,tmap_routes
NT100925,2026-07-26 04:47:20,2026-07-26 05:46:20,2026-07-26 05:47:29,59,58.9,26.625,dongdaegu,1,1,True,target_available_at_arrival,available_count>0 at panel tick nearest as_of+tmap_eta,tmap_routes
CV001555,2026-08-01 05:49:29,2026-08-01 06:39:29,2026-08-01 06:39:40,50,49.7,14.36,dongdaegu,3,3,True,target_available_at_arrival,available_count>0 at panel tick nearest as_of+tmap_eta,tmap_routes
ME23B115,2026-08-05 09:01:22,2026-08-05 09:37:22,2026-08-05 09:41:24,36,35.7,7.443,dongdaegu,1,1,True,target_available_at_arrival,available_count>0 at panel tick nearest as_of+tmap_eta,tmap_routes
PI740280,2026-07-28 03:08:35,2026-07-28 03:31:35,2026-07-28 03:38:38,23,23.1,6.214,dongdaegu,1,1,True,target_available_at_arrival,available_count>0 at panel tick nearest as_of+tmap_eta,tmap_routes
PI740455,2026-08-07 10:52:03,2026-08-07 11:09:03,2026-08-07 11:12:04,17,17.0,4.517,dongdaegu,1,1,True,target_available_at_arrival,available_count>0 at panel tick nearest as_of+tmap_eta,tmap_routes
CV000513,2026-08-04 15:37:35,2026-08-04 16:00:35,2026-08-04 16:07:37,23,22.8,3.906,dongdaegu,1,1,True,target_available_at_arrival,available_count>0 at panel tick nearest as_of+tmap_eta,tmap_routes
CV000538,2026-07-24 05:18:17,2026-07-24 05:52:17,2026-07-24 05:53:24,34,34.5,6.499,dongdaegu,1,1,True,target_available_at_arrival,available_count>0 at panel tick nearest as_of+tmap_eta,tmap_routes
CV000899,2026-07-28 14:11:15,2026-07-28 14:18:15,2026-07-28 14:21:16,7,6.7,0.393,dongdaegu,2,2,True,target_available_at_arrival,available_count>0 at panel tick nearest as_of+tmap_eta,tmap_routes
PI530271,2026-07-31 06:51:46,2026-07-31 07:15:46,2026-07-31 07:22:02,24,24.5,6.422,dongdaegu,3,3,True,target_available_at_arrival,available_count>0 at panel tick nearest as_of+tmap_eta,tmap_routes
CV003117,2026-07-27 08:23:24,2026-07-27 09:12:24,2026-07-27 09:13:33,49,48.7,17.255,dongdaegu,1,1,True,target_available_at_arrival,available_count>0 at panel tick nearest as_of+tmap_eta,tmap_routes
CV000566,2026-08-06 18:36:49,2026-08-06 19:15:49,2026-08-06 19:16:52,39,38.8,17.91,dongdaegu,1,0,False,target_available_at_arrival,available_count>0 at panel tick nearest as_of+tmap_eta,tmap_routes
SF000126,2026-07-30 03:53:25,2026-07-30 04:30:25,2026-07-30 04:33:34,37,36.6,14.214,dongdaegu,1,1,True,target_available_at_arrival,available_count>0 at panel tick nearest as_of+tmap_eta,tmap_routes
PI740572,2026-08-01 02:09:09,2026-08-01 02:29:09,2026-08-01 02:29:10,20,19.7,4.587,dongdaegu,1,1,True,target_available_at_arrival,available_count>0 at panel tick nearest as_of+tmap_eta,tmap_routes
CV000149,2026-08-04 20:07:54,2026-08-04 20:44:54,2026-08-04 20:47:56,37,36.7,13.425,dongdaegu,1,1,True,target_available_at_arrival,available_count>0 at panel tick nearest as_of+tmap_eta,tmap_routes
ME25C172,2026-07-25 19:14:19,2026-07-25 19:30:19,2026-07-25 19:34:22,16,15.6,2.366,dongdaegu,1,1,True,target_available_at_arrival,available_count>0 at panel tick nearest as_of+tmap_eta,tmap_routes
CV003455,2026-07-27 10:13:40,2026-07-27 10:38:40,2026-07-27 10:43:44,25,24.9,5.418,dongdaegu,1,1,True,target_available_at_arrival,available_count>0 at panel tick nearest as_of+tmap_eta,tmap_routes
CV001634,2026-07-24 10:07:16,2026-07-24 10:42:16,2026-07-24 10:47:26,35,35.1,9.858,dongdaegu,1,0,False,target_available_at_arrival,available_count>0 at panel tick nearest as_of+tmap_eta,tmap_routes
PC001576,2026-07-25 16:03:49,2026-07-25 16:52:49,2026-07-25 16:53:59,49,49.2,14.77,dongdaegu,4,5,True,target_available_at_arrival,available_count>0 at panel tick nearest as_of+tmap_eta,tmap_routes
SF001858,2026-08-07 22:13:19,2026-08-07 22:37:19,2026-08-07 22:43:21,24,23.6,4.76,dongdaegu,15,15,True,target_available_at_arrival,available_count>0 at panel tick nearest as_of+tmap_eta,tmap_routes
CV000991,2026-08-03 08:02:19,2026-08-03 08:26:19,2026-08-03 08:32:20,24,23.5,6.811,dongdaegu,2,1,True,target_available_at_arrival,available_count>0 at panel tick nearest as_of+tmap_eta,tmap_routes
CV003146,2026-08-03 23:04:07,2026-08-03 23:49:07,2026-08-03 23:54:09,45,44.9,22.12,dongdaegu,1,1,True,target_available_at_arrival,available_count>0 at panel tick nearest as_of+tmap_eta,tmap_routes
PI740229,2026-07-31 04:41:20,2026-07-31 04:47:20,2026-07-31 04:51:21,6,5.5,0.716,dongdaegu,1,1,True,target_available_at_arrival,available_count>0 at panel tick nearest as_of+tmap_eta,tmap_routes
PC001345,2026-07-26 20:49:44,2026-07-26 21:03:44,2026-07-26 21:09:46,14,13.8,1.875,dongdaegu,3,3,True,target_available_at_arrival,available_count>0 at panel tick nearest as_of+tmap_eta,tmap_routes
PI750081,2026-08-01 17:22:00,2026-08-01 18:05:00,2026-08-01 18:12:11,43,43.2,12.902,dongdaegu,2,1,True,target_available_at_arrival,available_count>0 at panel tick nearest as_of+tmap_eta,tmap_routes
CU530006,2026-08-02 14:18:17,2026-08-02 14:35:17,2026-08-02 14:38:23,17,17.2,4.121,dongdaegu,10,10,True,target_available_at_arrival,available_count>0 at panel tick nearest as_of+tmap_eta,tmap_routes
NH270001,2026-07-27 07:13:06,2026-07-27 08:06:06,2026-07-27 08:13:23,53,52.7,39.287,dongdaegu,2,2,True,target_available_at_arrival,available_count>0 at panel tick nearest as_of+tmap_eta,tmap_routes
CV000560,2026-07-31 02:10:54,2026-07-31 02:25:54,2026-07-31 02:30:56,15,14.9,3.632,dongdaegu,1,1,True,target_available_at_arrival,available_count>0 at panel tick nearest as_of+tmap_eta,tmap_routes
SF002471,2026-07-31 03:11:03,2026-07-31 03:44:03,2026-07-31 03:51:14,33,32.8,12.4,dongdaegu,1,1,True,target_available_at_arrival,available_count>0 at panel tick nearest as_of+tmap_eta,tmap_routes
LU100103,2026-08-01 11:40:41,2026-08-01 12:17:41,2026-08-01 12:20:51,37,36.6,8.479,dongdaegu,2,1,True,target_available_at_arrival,available_count>0 at panel tick nearest as_of+tmap_eta,tmap_routes
ME18C173,2026-07-28 09:19:39,2026-07-28 09:39:39,2026-07-28 09:39:42,20,19.8,4.372,dongdaegu,1,1,True,target_available_at_arrival,available_count>0 at panel tick nearest as_of+tmap_eta,tmap_routes
CV003716,2026-07-30 12:55:25,2026-07-30 13:43:25,2026-07-30 13:45:44,48,48.1,26.925,dongdaegu,6,6,True,target_available_at_arrival,available_count>0 at panel tick nearest as_of+tmap_eta,tmap_routes
CV001464,2026-07-31 05:01:22,2026-07-31 05:27:22,2026-07-31 05:31:34,26,26.3,7.512,dongdaegu,2,2,True,target_available_at_arrival,available_count>0 at panel tick nearest as_of+tmap_eta,tmap_routes
EV005268,2026-07-28 04:48:46,2026-07-28 05:18:46,2026-07-28 05:18:53,30,29.6,10.5,dongdaegu,1,1,True,target_available_at_arrival,available_count>0 at panel tick nearest as_of+tmap_eta,tmap_routes
ME20C414,2026-07-25 08:08:04,2026-07-25 09:01:04,2026-07-25 09:03:46,53,52.7,31.25,dongdaegu,4,4,True,target_available_at_arrival,available_count>0 at panel tick nearest as_of+tmap_eta,tmap_routes
CV000817,2026-07-26 09:38:08,2026-07-26 10:04:08,2026-07-26 10:08:12,26,25.8,7.07,dongdaegu,1,1,True,target_available_at_arrival,available_count>0 at panel tick nearest as_of+tmap_eta,tmap_routes
CV000535,2026-08-07 16:52:35,2026-08-07 17:06:35,2026-08-07 17:12:36,14,13.6,2.312,dongdaegu,1,1,True,target_available_at_arrival,available_count>0 at panel tick nearest as_of+tmap_eta,tmap_routes
CV000811,2026-07-23 01:37:49,2026-07-23 02:06:49,2026-07-23 02:07:59,29,29.1,8.544,dongdaegu,1,1,True,target_available_at_arrival,available_count>0 at panel tick nearest as_of+tmap_eta,tmap_routes
CV002516,2026-08-07 05:31:29,2026-08-07 06:31:29,2026-08-07 06:31:33,60,59.5,26.011,dongdaegu,3,3,True,target_available_at_arrival,available_count>0 at panel tick nearest as_of+tmap_eta,tmap_routes
CV002620,2026-08-07 09:31:52,2026-08-07 10:05:52,2026-08-07 10:11:57,34,34.0,8.562,dongdaegu,1,1,True,target_available_at_arrival,available_count>0 at panel tick nearest as_of+tmap_eta,tmap_routes
PW015039,2026-08-05 07:51:18,2026-08-05 08:18:18,2026-08-05 08:21:20,27,27.1,7.757,dongdaegu,1,1,True,target_available_at_arrival,available_count>0 at panel tick nearest as_of+tmap_eta,tmap_routes
EV003987,2026-08-01 20:42:36,2026-08-01 21:15:36,2026-08-01 21:22:45,33,32.6,10.296,dongdaegu,6,6,True,target_available_at_arrival,available_count>0 at panel tick nearest as_of+tmap_eta,tmap_routes
EV006227,2026-08-03 15:12:49,2026-08-03 15:50:49,2026-08-03 15:52:51,38,37.6,13.391,dongdaegu,2,2,True,target_available_at_arrival,available_count>0 at panel tick nearest as_of+tmap_eta,tmap_routes
PW014432,2026-07-23 03:28:17,2026-07-23 03:57:17,2026-07-23 03:58:23,29,28.9,5.176,dongdaegu,1,1,True,target_available_at_arrival,available_count>0 at panel tick nearest as_of+tmap_eta,tmap_routes
PIH00737,2026-08-05 12:51:43,2026-08-05 13:19:43,2026-08-05 13:21:45,28,28.1,9.346,dongdaegu,10,10,True,target_available_at_arrival,available_count>0 at panel tick nearest as_of+tmap_eta,tmap_routes
SF002795,2026-07-28 15:11:38,2026-07-28 15:25:38,2026-07-28 15:31:41,14,14.1,4.044,dongdaegu,3,3,True,target_available_at_arrival,available_count>0 at panel tick nearest as_of+tmap_eta,tmap_routes
NT100595,2026-07-21 15:12:22,2026-07-21 15:41:22,2026-07-21 15:42:33,29,29.3,9.579,dongdaegu,1,2,True,target_available_at_arrival,available_count>0 at panel tick nearest as_of+tmap_eta,tmap_routes
PC000554,2026-08-06 17:06:41,2026-08-06 18:04:41,2026-08-06 18:06:46,58,58.1,26.015,dongdaegu,2,2,True,target_available_at_arrival,available_count>0 at panel tick nearest as_of+tmap_eta,tmap_routes
PI807412,2026-08-06 11:26:16,2026-08-06 11:46:16,2026-08-06 11:46:17,20,20.3,3.045,dongdaegu,6,6,True,target_available_at_arrival,available_count>0 at panel tick nearest as_of+tmap_eta,tmap_routes
SF002922,2026-08-01 13:11:02,2026-08-01 13:27:02,2026-08-01 13:31:15,16,15.8,2.058,dongdaegu,3,3,True,target_available_at_arrival,available_count>0 at panel tick nearest as_of+tmap_eta,tmap_routes
CV003093,2026-07-29 01:46:18,2026-07-29 02:24:18,2026-07-29 02:26:29,38,37.6,9.123,dongdaegu,1,1,True,target_available_at_arrival,available_count>0 at panel tick nearest as_of+tmap_eta,tmap_routes
ME18C229,2026-08-02 13:38:11,2026-08-02 14:31:11,2026-08-02 14:38:23,53,52.9,43.083,dongdaegu,1,1,True,target_available_at_arrival,available_count>0 at panel tick nearest as_of+tmap_eta,tmap_routes
CV000478,2026-08-01 21:02:40,2026-08-01 21:46:40,2026-08-01 21:52:49,44,44.0,17.313,dongdaegu,1,1,True,target_available_at_arrival,available_count>0 at panel tick nearest as_of+tmap_eta,tmap_routes
KRC10088,2026-08-04 13:57:30,2026-08-04 14:33:30,2026-08-04 14:37:32,36,36.4,11.942,dongdaegu,1,1,True,target_available_at_arrival,available_count>0 at panel tick nearest as_of+tmap_eta,tmap_routes
PI740149,2026-08-08 06:47:26,2026-08-08 07:05:26,2026-08-08 07:07:27,18,17.5,3.784,dongdaegu,1,1,True,target_available_at_arrival,available_count>0 at panel tick nearest as_of+tmap_eta,tmap_routes
LU001036,2026-08-04 06:36:59,2026-08-04 07:22:59,2026-08-04 07:27:02,46,46.2,15.687,dongdaegu,1,1,True,target_available_at_arrival,available_count>0 at panel tick nearest as_of+tmap_eta,tmap_routes
CV002862,2026-08-02 11:27:45,2026-08-02 12:22:45,2026-08-02 12:27:58,55,55.1,31.788,dongdaegu,1,1,True,target_available_at_arrival,available_count>0 at panel tick nearest as_of+tmap_eta,tmap_routes
SF002637,2026-07-28 07:19:09,2026-07-28 07:56:09,2026-07-28 07:59:18,37,37.1,11.013,dongdaegu,15,15,True,target_available_at_arrival,available_count>0 at panel tick nearest as_of+tmap_eta,tmap_routes
CV000670,2026-07-29 22:10:14,2026-07-29 22:44:14,2026-07-29 22:50:19,34,34.3,10.214,dongdaegu,1,1,True,target_available_at_arrival,available_count>0 at panel tick nearest as_of+tmap_eta,tmap_routes
HM710014,2026-08-02 09:37:26,2026-08-02 10:14:26,2026-08-02 10:17:34,37,37.1,6.887,dongdaegu,3,3,True,target_available_at_arrival,available_count>0 at panel tick nearest as_of+tmap_eta,tmap_routes
CV000543,2026-08-08 09:27:37,2026-08-08 09:37:37,2026-08-08 09:37:37,10,10.2,1.51,dongdaegu,1,1,True,target_available_at_arrival,available_count>0 at panel tick nearest as_of+tmap_eta,tmap_routes
ME183067,2026-07-18 13:35:39,2026-07-18 14:00:39,2026-07-18 14:05:40,25,24.9,5.762,dongdaegu,1,1,True,target_available_at_arrival,available_count>0 at panel tick nearest as_of+tmap_eta,tmap_routes
CV002471,2026-07-29 03:46:36,2026-07-29 04:04:36,2026-07-29 04:06:40,18,18.0,2.552,dongdaegu,6,6,True,target_available_at_arrival,available_count>0 at panel tick nearest as_of+tmap_eta,tmap_routes
ME25C276,2026-07-31 11:02:41,2026-07-31 12:00:41,2026-07-31 12:02:47,58,58.0,30.689,dongdaegu,2,2,True,target_available_at_arrival,available_count>0 at panel tick nearest as_of+tmap_eta,tmap_routes
EV008163,2026-07-23 08:50:19,2026-07-23 09:28:19,2026-07-23 09:30:43,38,37.7,10.328,dongdaegu,1,1,True,target_available_at_arrival,available_count>0 at panel tick nearest as_of+tmap_eta,tmap_routes
PI530295,2026-08-03 19:53:54,2026-08-03 20:06:54,2026-08-03 20:13:55,13,13.2,2.981,dongdaegu,1,1,True,target_available_at_arrival,available_count>0 at panel tick nearest as_of+tmap_eta,tmap_routes
CV004714,2026-07-30 07:34:13,2026-07-30 08:00:13,2026-07-30 08:04:17,26,26.4,6.104,dongdaegu,3,3,True,target_available_at_arrival,available_count>0 at panel tick nearest as_of+tmap_eta,tmap_routes
PI740287,2026-07-29 10:38:06,2026-07-29 10:56:06,2026-07-29 10:58:09,18,18.2,2.761,dongdaegu,1,1,True,target_available_at_arrival,available_count>0 at panel tick nearest as_of+tmap_eta,tmap_routes
EV005432,2026-08-07 12:42:09,2026-08-07 13:21:09,2026-08-07 13:22:13,39,39.4,9.3,dongdaegu,3,3,True,target_available_at_arrival,available_count>0 at panel tick nearest as_of+tmap_eta,tmap_routes
SF002922,2026-08-02 23:39:33,2026-08-02 23:55:33,2026-08-02 23:59:33,16,15.8,2.058,dongdaegu,1,1,True,target_available_at_arrival,available_count>0 at panel tick nearest as_of+tmap_eta,tmap_routes
EV005962,2026-08-01 17:22:00,2026-08-01 18:07:00,2026-08-01 18:12:11,45,45.3,15.129,dongdaegu,1,1,True,target_available_at_arrival,available_count>0 at panel tick nearest as_of+tmap_eta,tmap_routes
KL002459,2026-08-04 00:36:42,2026-08-04 00:50:42,2026-08-04 00:56:42,14,13.9,1.914,dongdaegu,8,9,True,target_available_at_arrival,available_count>0 at panel tick nearest as_of+tmap_eta,tmap_routes
PI747158,2026-07-28 20:53:22,2026-07-28 21:30:22,2026-07-28 21:33:29,37,37.3,11.696,dongdaegu,1,1,True,target_available_at_arrival,available_count>0 at panel tick nearest as_of+tmap_eta,tmap_routes
SF001858,2026-08-07 17:42:40,2026-08-07 18:06:40,2026-08-07 18:12:44,24,23.6,4.76,dongdaegu,15,15,True,target_available_at_arrival,available_count>0 at panel tick nearest as_of+tmap_eta,tmap_routes
PI740249,2026-07-19 09:34:32,2026-07-19 09:58:32,2026-07-19 10:00:31,24,23.7,5.418,dongdaegu,1,1,True,target_available_at_arrival,available_count>0 at panel tick nearest as_of+tmap_eta,tmap_routes
CV003457,2026-07-29 00:26:12,2026-07-29 00:54:12,2026-07-29 00:56:14,28,27.5,4.998,dongdaegu,1,1,True,target_available_at_arrival,available_count>0 at panel tick nearest as_of+tmap_eta,tmap_routes
CV000194,2026-08-02 18:58:59,2026-08-02 19:47:59,2026-08-02 19:49:09,49,48.9,17.248,dongdaegu,1,1,True,target_available_at_arrival,available_count>0 at panel tick nearest as_of+tmap_eta,tmap_routes
KE000245,2026-08-05 09:11:23,2026-08-05 09:38:23,2026-08-05 09:41:24,27,26.6,7.893,dongdaegu,1,1,True,target_available_at_arrival,available_count>0 at panel tick nearest as_of+tmap_eta,tmap_routes
KE001011,2026-08-01 06:09:31,2026-08-01 06:39:31,2026-08-01 06:39:40,30,29.5,5.032,dongdaegu,2,2,True,target_available_at_arrival,available_count>0 at panel tick nearest as_of+tmap_eta,tmap_routes
PW012854,2026-07-23 08:40:06,2026-07-23 09:00:06,2026-07-23 09:00:25,20,20.1,3.411,dongdaegu,1,1,True,target_available_at_arrival,available_count>0 at panel tick nearest as_of+tmap_eta,tmap_routes
CV000224,2026-08-05 22:52:29,2026-08-05 23:10:29,2026-08-05 23:12:30,18,17.5,3.322,dongdaegu,5,5,True,target_available_at_arrival,available_count>0 at panel tick nearest as_of+tmap_eta,tmap_routes
SF002471,2026-08-03 15:02:49,2026-08-03 15:35:49,2026-08-03 15:42:51,33,32.8,12.4,dongdaegu,1,1,True,target_available_at_arrival,available_count>0 at panel tick nearest as_of+tmap_eta,tmap_routes
ME24B143,2026-08-05 05:01:08,2026-08-05 05:35:08,2026-08-05 05:41:10,34,34.0,10.369,dongdaegu,1,1,True,target_available_at_arrival,available_count>0 at panel tick nearest as_of+tmap_eta,tmap_routes
ME22C1A1,2026-07-30 06:03:46,2026-07-30 06:49:46,2026-07-30 06:54:02,46,46.4,10.157,dongdaegu,1,1,True,target_available_at_arrival,available_count>0 at panel tick nearest as_of+tmap_eta,tmap_routes
BE241251,2026-07-24 04:43:05,2026-07-24 05:28:05,2026-07-24 05:28:18,45,44.8,26.34,dongdaegu,1,1,True,target_available_at_arrival,available_count>0 at panel tick nearest as_of+tmap_eta,tmap_routes
PIS00588,2026-08-07 07:01:35,2026-08-07 07:56:35,2026-08-07 08:01:40,55,55.0,9.555,dongdaegu,2,3,True,target_available_at_arrival,available_count>0 at panel tick nearest as_of+tmap_eta,tmap_routes
ST272308,2026-07-31 09:12:27,2026-07-31 09:28:27,2026-07-31 09:32:31,16,15.9,3.465,dongdaegu,3,3,True,target_available_at_arrival,available_count>0 at panel tick nearest as_of+tmap_eta,tmap_routes
EC004338,2026-07-28 17:52:36,2026-07-28 18:26:36,2026-07-28 18:32:58,34,34.1,11.583,dongdaegu,1,2,True,target_available_at_arrival,available_count>0 at panel tick nearest as_of+tmap_eta,tmap_routes
CV000667,2026-07-28 07:59:18,2026-07-28 08:44:18,2026-07-28 08:49:35,45,45.4,18.244,dongdaegu,1,1,True,target_available_at_arrival,available_count>0 at panel tick nearest as_of+tmap_eta,tmap_routes
CV004464,2026-07-29 03:16:33,2026-07-29 03:40:33,2026-07-29 03:46:36,24,23.7,8.761,dongdaegu,3,3,True,target_available_at_arrival,available_count>0 at panel tick nearest as_of+tmap_eta,tmap_routes
CV003148,2026-08-04 16:07:37,2026-08-04 16:36:37,2026-08-04 16:37:40,29,29.4,10.43,dongdaegu,1,0,False,target_available_at_arrival,available_count>0 at panel tick nearest as_of+tmap_eta,tmap_routes
CV000547,2026-07-30 21:37:57,2026-07-30 21:56:57,2026-07-30 21:57:59,19,18.8,4.043,dongdaegu,1,1,True,target_available_at_arrival,available_count>0 at panel tick nearest as_of+tmap_eta,tmap_routes
CV000560,2026-08-02 19:29:03,2026-08-02 19:44:03,2026-08-02 19:49:09,15,14.9,3.632,dongdaegu,2,2,True,target_available_at_arrival,available_count>0 at panel tick nearest as_of+tmap_eta,tmap_routes
EV000673,2026-08-05 08:51:21,2026-08-05 09:49:21,2026-08-05 09:51:25,58,57.5,26.41,dongdaegu,1,1,True,target_available_at_arrival,available_count>0 at panel tick nearest as_of+tmap_eta,tmap_routes
PI530271,2026-08-07 00:31:15,2026-08-07 00:55:15,2026-08-07 01:01:17,24,24.5,6.422,dongdaegu,3,3,True,target_available_at_arrival,available_count>0 at panel tick nearest as_of+tmap_eta,tmap_routes
CV003103,2026-07-26 15:28:59,2026-07-26 16:08:59,2026-07-26 16:09:06,40,39.7,8.056,dongdaegu,1,1,True,target_available_at_arrival,available_count>0 at panel tick nearest as_of+tmap_eta,tmap_routes
TS271407,2026-07-23 06:44:14,2026-07-23 06:54:14,2026-07-23 06:54:16,10,10.3,1.646,dongdaegu,2,2,True,target_available_at_arrival,available_count>0 at panel tick nearest as_of+tmap_eta,tmap_routes
EV006187,2026-07-25 23:04:50,2026-07-25 23:37:50,2026-07-25 23:44:56,33,32.7,9.315,dongdaegu,2,1,True,target_available_at_arrival,available_count>0 at panel tick nearest as_of+tmap_eta,tmap_routes
CV003763,2026-07-31 03:11:03,2026-07-31 03:51:03,2026-07-31 03:51:14,40,40.0,9.438,dongdaegu,4,4,True,target_available_at_arrival,available_count>0 at panel tick nearest as_of+tmap_eta,tmap_routes
CV001768,2026-07-24 02:57:08,2026-07-24 03:50:08,2026-07-24 03:52:24,53,53.0,25.977,dongdaegu,3,3,True,target_available_at_arrival,available_count>0 at panel tick nearest as_of+tmap_eta,tmap_routes
PC000100,2026-07-27 10:33:42,2026-07-27 11:00:42,2026-07-27 11:03:46,27,27.1,6.084,dongdaegu,1,1,True,target_available_at_arrival,available_count>0 at panel tick nearest as_of+tmap_eta,tmap_routes
KL002703,2026-07-30 07:34:13,2026-07-30 08:01:13,2026-07-30 08:04:17,27,27.1,9.036,dongdaegu,1,1,True,target_available_at_arrival,available_count>0 at panel tick nearest as_of+tmap_eta,tmap_routes
CV001566,2026-08-04 19:27:51,2026-08-04 19:44:51,2026-08-04 19:47:53,17,17.3,3.217,dongdaegu,4,4,True,target_available_at_arrival,available_count>0 at panel tick nearest as_of+tmap_eta,tmap_routes
CV001121,2026-08-04 15:17:34,2026-08-04 15:47:34,2026-08-04 15:47:36,30,29.7,8.333,dongdaegu,1,0,False,target_available_at_arrival,available_count>0 at panel tick nearest as_of+tmap_eta,tmap_routes
ME178137,2026-08-01 23:12:58,2026-08-02 00:09:58,2026-08-02 00:15:55,57,57.0,22.407,dongdaegu,2,2,True,target_available_at_arrival,available_count>0 at panel tick nearest as_of+tmap_eta,tmap_routes
KRC10237,2026-08-06 12:56:21,2026-08-06 13:25:21,2026-08-06 13:26:24,29,29.3,9.232,dongdaegu,2,2,True,target_available_at_arrival,available_count>0 at panel tick nearest as_of+tmap_eta,tmap_routes
ME18C178,2026-07-31 09:42:32,2026-07-31 10:02:32,2026-07-31 10:02:34,20,20.5,5.293,dongdaegu,1,1,True,target_available_at_arrival,available_count>0 at panel tick nearest as_of+tmap_eta,tmap_routes
PW015042,2026-07-28 06:49:05,2026-07-28 07:13:05,2026-07-28 07:19:09,24,23.8,6.666,dongdaegu,1,1,True,target_available_at_arrival,available_count>0 at panel tick nearest as_of+tmap_eta,tmap_routes
CV002914,2026-07-27 06:42:58,2026-07-27 07:06:58,2026-07-27 07:13:06,24,24.4,8.623,dongdaegu,1,1,True,target_available_at_arrival,available_count>0 at panel tick nearest as_of+tmap_eta,tmap_routes
ST601235,2026-07-23 13:57:52,2026-07-23 14:32:52,2026-07-23 14:33:01,35,35.3,12.266,dongdaegu,2,2,True,target_available_at_arrival,available_count>0 at panel tick nearest as_of+tmap_eta,tmap_routes
CV002348,2026-07-30 10:34:53,2026-07-30 11:19:53,2026-07-30 11:25:13,45,45.2,15.52,dongdaegu,10,11,True,target_available_at_arrival,available_count>0 at panel tick nearest as_of+tmap_eta,tmap_routes
IN053082,2026-08-01 07:29:46,2026-08-01 08:08:46,2026-08-01 08:09:54,39,39.1,13.086,dongdaegu,9,11,True,target_available_at_arrival,available_count>0 at panel tick nearest as_of+tmap_eta,tmap_routes
CV001885,2026-07-26 14:18:50,2026-07-26 14:58:50,2026-07-26 14:58:55,40,39.5,13.367,dongdaegu,4,4,True,target_available_at_arrival,available_count>0 at panel tick nearest as_of+tmap_eta,tmap_routes
KP005376,2026-08-02 05:46:47,2026-08-02 06:41:47,2026-08-02 06:46:59,55,55.1,40.252,dongdaegu,1,1,True,target_available_at_arrival,available_count>0 at panel tick nearest as_of+tmap_eta,tmap_routes
CV000553,2026-07-28 19:23:10,2026-07-28 20:06:10,2026-07-28 20:13:17,43,42.8,9.106,dongdaegu,1,1,True,target_available_at_arrival,available_count>0 at panel tick nearest as_of+tmap_eta,tmap_routes
PIS00791,2026-08-08 02:37:12,2026-08-08 02:53:12,2026-08-08 02:57:13,16,15.7,2.355,dongdaegu,8,8,True,target_available_at_arrival,available_count>0 at panel tick nearest as_of+tmap_eta,tmap_routes
ST601337,2026-07-29 22:30:17,2026-07-29 22:49:17,2026-07-29 22:50:19,19,18.7,4.492,dongdaegu,5,5,True,target_available_at_arrival,available_count>0 at panel tick nearest as_of+tmap_eta,tmap_routes
CV000165,2026-08-06 03:25:48,2026-08-06 03:41:48,2026-08-06 03:45:49,16,15.7,2.135,dongdaegu,2,3,True,target_available_at_arrival,available_count>0 at panel tick nearest as_of+tmap_eta,tmap_routes
ME22D254,2026-08-01 19:52:26,2026-08-01 20:38:26,2026-08-01 20:42:36,46,46.2,13.899,dongdaegu,1,1,True,target_available_at_arrival,available_count>0 at panel tick nearest as_of+tmap_eta,tmap_routes
CV004305,2026-08-02 15:28:30,2026-08-02 16:02:30,2026-08-02 16:08:38,34,33.9,11.326,dongdaegu,2,2,True,target_available_at_arrival,available_count>0 at panel tick nearest as_of+tmap_eta,tmap_routes
PW801141,2026-07-29 10:08:03,2026-07-29 10:18:03,2026-07-29 10:18:04,10,10.1,0.9,dongdaegu,2,2,True,target_available_at_arrival,available_count>0 at panel tick nearest as_of+tmap_eta,tmap_routes
ME20C285,2026-08-05 10:21:30,2026-08-05 11:08:30,2026-08-05 11:11:35,47,46.9,14.657,dongdaegu,2,2,True,target_available_at_arrival,available_count>0 at panel tick nearest as_of+tmap_eta,tmap_routes
KP003782,2026-08-06 08:36:05,2026-08-06 09:12:05,2026-08-06 09:16:09,36,36.5,8.043,dongdaegu,1,1,True,target_available_at_arrival,available_count>0 at panel tick nearest as_of+tmap_eta,tmap_routes
PIS00594,2026-08-04 08:37:07,2026-08-04 09:14:07,2026-08-04 09:17:10,37,37.1,13.531,dongdaegu,21,23,True,target_available_at_arrival,available_count>0 at panel tick nearest as_of+tmap_eta,tmap_routes
PI540413,2026-07-24 14:18:04,2026-07-24 15:16:04,2026-07-24 15:18:18,58,58.1,26.276,dongdaegu,5,5,True,target_available_at_arrival,available_count>0 at panel tick nearest as_of+tmap_eta,tmap_routes
ME24B142,2026-08-02 06:46:59,2026-08-02 07:21:59,2026-08-02 07:27:06,35,35.0,11.205,dongdaegu,1,1,True,target_available_at_arrival,available_count>0 at panel tick nearest as_of+tmap_eta,tmap_routes
CV002620,2026-08-05 03:31:05,2026-08-05 04:05:05,2026-08-05 04:11:06,34,34.0,8.562,dongdaegu,1,1,True,target_available_at_arrival,available_count>0 at panel tick nearest as_of+tmap_eta,tmap_routes
CV003127,2026-08-03 09:32:27,2026-08-03 10:02:27,2026-08-03 10:02:30,30,29.6,6.467,dongdaegu,1,1,True,target_available_at_arrival,available_count>0 at panel tick nearest as_of+tmap_eta,tmap_routes
JA270008,2026-07-30 03:33:21,2026-07-30 03:53:21,2026-07-30 03:53:25,20,20.5,4.637,dongdaegu,15,15,True,target_available_at_arrival,available_count>0 at panel tick nearest as_of+tmap_eta,tmap_routes
AZ100017,2026-08-04 05:56:57,2026-08-04 06:35:57,2026-08-04 06:36:59,39,39.2,8.401,dongdaegu,6,6,True,target_available_at_arrival,available_count>0 at panel tick nearest as_of+tmap_eta,tmap_routes
PIS00791,2026-08-01 03:19:16,2026-08-01 03:35:16,2026-08-01 03:39:18,16,15.7,2.355,dongdaegu,8,8,True,target_available_at_arrival,available_count>0 at panel tick nearest as_of+tmap_eta,tmap_routes
CV003066,2026-08-04 04:26:54,2026-08-04 05:06:54,2026-08-04 05:06:55,40,39.9,11.512,dongdaegu,1,1,True,target_available_at_arrival,available_count>0 at panel tick nearest as_of+tmap_eta,tmap_routes
LU002435,2026-08-07 13:22:13,2026-08-07 14:02:13,2026-08-07 14:02:15,40,40.1,20.089,dongdaegu,2,2,True,target_available_at_arrival,available_count>0 at panel tick nearest as_of+tmap_eta,tmap_routes
EV008233,2026-07-30 01:03:01,2026-07-30 01:36:01,2026-07-30 01:43:05,33,32.8,9.184,dongdaegu,1,1,True,target_available_at_arrival,available_count>0 at panel tick nearest as_of+tmap_eta,tmap_routes
CV001969,2026-08-05 11:31:39,2026-08-05 12:01:39,2026-08-05 12:01:40,30,29.9,6.01,dongdaegu,1,0,False,target_available_at_arrival,available_count>0 at panel tick nearest as_of+tmap_eta,tmap_routes
EV005193,2026-08-07 19:32:52,2026-08-07 20:07:52,2026-08-07 20:13:04,35,35.0,9.715,dongdaegu,3,2,True,target_available_at_arrival,available_count>0 at panel tick nearest as_of+tmap_eta,tmap_routes
CV002298,2026-07-31 05:31:34,2026-07-31 06:01:34,2026-07-31 06:01:38,30,29.6,11.989,dongdaegu,2,2,True,target_available_at_arrival,available_count>0 at panel tick nearest as_of+tmap_eta,tmap_routes
CV001123,2026-07-23 10:36:17,2026-07-23 11:16:17,2026-07-23 11:16:43,40,40.0,13.364,dongdaegu,1,1,True,target_available_at_arrival,available_count>0 at panel tick nearest as_of+tmap_eta,tmap_routes
KP005769,2026-07-28 02:58:34,2026-07-28 03:28:34,2026-07-28 03:28:37,30,29.7,9.957,dongdaegu,1,1,True,target_available_at_arrival,available_count>0 at panel tick nearest as_of+tmap_eta,tmap_routes
ST272308,2026-08-05 21:02:23,2026-08-05 21:18:23,2026-08-05 21:22:25,16,15.9,3.465,dongdaegu,2,3,True,target_available_at_arrival,available_count>0 at panel tick nearest as_of+tmap_eta,tmap_routes
CV004339,2026-07-22 17:11:04,2026-07-22 17:37:04,2026-07-22 17:41:25,26,26.2,7.956,dongdaegu,1,1,True,target_available_at_arrival,available_count>0 at panel tick nearest as_of+tmap_eta,tmap_routes
PI202438,2026-07-23 06:59:17,2026-07-23 07:24:17,2026-07-23 07:24:24,25,24.6,6.768,dongdaegu,1,1,True,target_available_at_arrival,available_count>0 at panel tick nearest as_of+tmap_eta,tmap_routes
LU001998,2026-07-30 23:58:14,2026-07-31 00:19:14,2026-07-31 00:20:43,21,21.4,4.76,dongdaegu,1,1,True,target_available_at_arrival,available_count>0 at panel tick nearest as_of+tmap_eta,tmap_routes
EV006225,2026-08-04 12:37:26,2026-08-04 13:15:26,2026-08-04 13:17:28,38,37.6,13.391,dongdaegu,2,2,True,target_available_at_arrival,available_count>0 at panel tick nearest as_of+tmap_eta,tmap_routes
HE230047,2026-07-31 09:42:32,2026-07-31 10:35:32,2026-07-31 10:42:39,53,53.4,38.877,dongdaegu,2,2,True,target_available_at_arrival,available_count>0 at panel tick nearest as_of+tmap_eta,tmap_routes
EV006497,2026-07-29 23:30:24,2026-07-30 00:09:24,2026-07-30 00:12:57,39,39.0,10.915,dongdaegu,4,4,True,target_available_at_arrival,available_count>0 at panel tick nearest as_of+tmap_eta,tmap_routes
PC000603,2026-07-24 19:49:15,2026-07-24 20:17:15,2026-07-24 20:19:21,28,28.1,8.922,dongdaegu,1,1,True,target_available_at_arrival,available_count>0 at panel tick nearest as_of+tmap_eta,tmap_routes
EV007630,2026-07-23 10:21:08,2026-07-23 10:53:08,2026-07-23 10:56:34,32,32.1,8.436,dongdaegu,2,2,True,target_available_at_arrival,available_count>0 at panel tick nearest as_of+tmap_eta,tmap_routes
KP010445,2026-08-03 04:22:05,2026-08-03 04:36:05,2026-08-03 04:42:06,14,13.8,2.285,dongdaegu,2,2,True,target_available_at_arrival,available_count>0 at panel tick nearest as_of+tmap_eta,tmap_routes
CV001316,2026-08-05 07:41:17,2026-08-05 08:14:17,2026-08-05 08:21:20,33,32.6,7.903,dongdaegu,1,1,True,target_available_at_arrival,available_count>0 at panel tick nearest as_of+tmap_eta,tmap_routes
CV003117,2026-07-30 04:03:30,2026-07-30 04:52:30,2026-07-30 04:53:36,49,48.7,17.255,dongdaegu,1,1,True,target_available_at_arrival,available_count>0 at panel tick nearest as_of+tmap_eta,tmap_routes
CV004326,2026-08-05 06:51:14,2026-08-05 07:38:14,2026-08-05 07:41:17,47,47.1,21.479,dongdaegu,2,2,True,target_available_at_arrival,available_count>0 at panel tick nearest as_of+tmap_eta,tmap_routes
PI740776,2026-08-03 10:42:32,2026-08-03 10:59:32,2026-08-03 11:02:33,17,17.4,3.523,dongdaegu,2,2,True,target_available_at_arrival,available_count>0 at panel tick nearest as_of+tmap_eta,tmap_routes
EV012380,2026-07-23 11:57:14,2026-07-23 12:24:14,2026-07-23 12:27:28,27,26.9,8.446,dongdaegu,3,3,True,target_available_at_arrival,available_count>0 at panel tick nearest as_of+tmap_eta,tmap_routes
BNBN0594,2026-07-28 21:43:30,2026-07-28 21:59:30,2026-07-28 22:03:35,16,16.4,3.558,dongdaegu,1,1,True,target_available_at_arrival,available_count>0 at panel tick nearest as_of+tmap_eta,tmap_routes
ME20C183,2026-07-24 13:07:49,2026-07-24 13:42:49,2026-07-24 13:47:56,35,35.0,8.06,dongdaegu,1,0,False,target_available_at_arrival,available_count>0 at panel tick nearest as_of+tmap_eta,tmap_routes
ME24A248,2026-07-23 11:41:59,2026-07-23 12:42:59,2026-07-23 12:47:32,61,61.2,23.606,dongdaegu,2,2,True,target_available_at_arrival,available_count>0 at panel tick nearest as_of+tmap_eta,tmap_routes
NT101504,2026-07-27 21:56:10,2026-07-27 22:21:10,2026-07-27 22:26:13,25,24.7,9.04,dongdaegu,1,1,True,target_available_at_arrival,available_count>0 at panel tick nearest as_of+tmap_eta,tmap_routes
KP004805,2026-08-04 13:47:29,2026-08-04 14:04:29,2026-08-04 14:07:30,17,17.0,3.654,dongdaegu,2,2,True,target_available_at_arrival,available_count>0 at panel tick nearest as_of+tmap_eta,tmap_routes
CV001242,2026-07-29 07:37:20,2026-07-29 08:16:20,2026-07-29 08:17:38,39,38.9,13.135,dongdaegu,5,5,True,target_available_at_arrival,available_count>0 at panel tick nearest as_of+tmap_eta,tmap_routes
CV001767,2026-07-23 05:43:54,2026-07-23 06:18:54,2026-07-23 06:19:01,35,35.3,7.264,dongdaegu,2,3,True,target_available_at_arrival,available_count>0 at panel tick nearest as_of+tmap_eta,tmap_routes
CV003119,2026-07-25 20:14:28,2026-07-25 20:52:28,2026-07-25 20:54:34,38,37.5,7.142,dongdaegu,4,3,True,target_available_at_arrival,available_count>0 at panel tick nearest as_of+tmap_eta,tmap_routes
PW015039,2026-07-31 06:11:39,2026-07-31 06:38:39,2026-07-31 06:41:45,27,27.1,7.757,dongdaegu,2,2,True,target_available_at_arrival,available_count>0 at panel tick nearest as_of+tmap_eta,tmap_routes
NT101931,2026-08-06 08:16:01,2026-08-06 08:54:01,2026-08-06 08:56:08,38,37.5,9.161,dongdaegu,2,2,True,target_available_at_arrival,available_count>0 at panel tick nearest as_of+tmap_eta,tmap_routes
PI540413,2026-08-02 00:25:56,2026-08-02 01:23:56,2026-08-02 01:26:08,58,58.1,26.276,dongdaegu,6,6,True,target_available_at_arrival,available_count>0 at panel tick nearest as_of+tmap_eta,tmap_routes
PW101126,2026-07-29 20:09:52,2026-07-29 20:44:52,2026-07-29 20:50:00,35,35.3,9.355,dongdaegu,1,1,True,target_available_at_arrival,available_count>0 at panel tick nearest as_of+tmap_eta,tmap_routes
EV005193,2026-08-01 07:09:43,2026-08-01 07:44:43,2026-08-01 07:49:50,35,35.0,9.715,dongdaegu,2,3,True,target_available_at_arrival,available_count>0 at panel tick nearest as_of+tmap_eta,tmap_routes
ME19W401,2026-08-01 08:19:55,2026-08-01 09:13:55,2026-08-01 09:20:08,54,53.5,31.956,dongdaegu,6,6,True,target_available_at_arrival,available_count>0 at panel tick nearest as_of+tmap_eta,tmap_routes
ME22D254,2026-07-24 14:48:14,2026-07-24 15:34:14,2026-07-24 15:38:21,46,46.2,13.899,dongdaegu,2,2,True,target_available_at_arrival,available_count>0 at panel tick nearest as_of+tmap_eta,tmap_routes
TS472920,2026-08-03 15:32:50,2026-08-03 15:38:50,2026-08-03 15:42:51,6,6.3,0.539,dongdaegu,4,4,True,target_available_at_arrival,available_count>0 at panel tick nearest as_of+tmap_eta,tmap_routes
ME19E217,2026-07-23 05:23:48,2026-07-23 05:50:48,2026-07-23 05:53:56,27,26.8,6.823,dongdaegu,2,2,True,target_available_at_arrival,available_count>0 at panel tick nearest as_of+tmap_eta,tmap_routes
ME20C414,2026-08-06 22:07:15,2026-08-06 23:00:15,2026-08-06 23:07:18,53,52.7,31.25,dongdaegu,4,4,True,target_available_at_arrival,available_count>0 at panel tick nearest as_of+tmap_eta,tmap_routes
CU530007,2026-07-26 01:16:55,2026-07-26 01:42:55,2026-07-26 01:46:58,26,25.5,9.004,dongdaegu,6,6,True,target_available_at_arrival,available_count>0 at panel tick nearest as_of+tmap_eta,tmap_routes
CV002350,2026-07-29 23:10:22,2026-07-29 23:58:22,2026-07-30 00:00:31,48,47.8,13.156,dongdaegu,2,2,True,target_available_at_arrival,available_count>0 at panel tick nearest as_of+tmap_eta,tmap_routes
KE000244,2026-07-31 07:01:47,2026-07-31 07:28:47,2026-07-31 07:32:03,27,26.6,7.893,dongdaegu,1,1,True,target_available_at_arrival,available_count>0 at panel tick nearest as_of+tmap_eta,tmap_routes
TS271102,2026-08-02 08:27:16,2026-08-02 08:51:16,2026-08-02 08:57:20,24,24.1,4.27,dongdaegu,4,4,True,target_available_at_arrival,available_count>0 at panel tick nearest as_of+tmap_eta,tmap_routes
CV002862,2026-07-31 21:35:56,2026-07-31 22:30:56,2026-07-31 22:36:07,55,55.1,31.788,dongdaegu,1,1,True,target_available_at_arrival,available_count>0 at panel tick nearest as_of+tmap_eta,tmap_routes
PW101126,2026-07-30 05:23:42,2026-07-30 05:58:42,2026-07-30 06:03:46,35,35.3,9.355,dongdaegu,1,1,True,target_available_at_arrival,available_count>0 at panel tick nearest as_of+tmap_eta,tmap_routes
KE000246,2026-08-05 21:02:23,2026-08-05 21:29:23,2026-08-05 21:32:25,27,26.6,7.893,dongdaegu,2,2,True,target_available_at_arrival,available_count>0 at panel tick nearest as_of+tmap_eta,tmap_routes
KL002703,2026-07-28 01:28:25,2026-07-28 01:55:25,2026-07-28 01:58:28,27,27.1,9.036,dongdaegu,1,1,True,target_available_at_arrival,available_count>0 at panel tick nearest as_of+tmap_eta,tmap_routes
PC001839,2026-08-06 17:16:41,2026-08-06 17:39:41,2026-08-06 17:46:45,23,23.3,6.246,dongdaegu,2,2,True,target_available_at_arrival,available_count>0 at panel tick nearest as_of+tmap_eta,tmap_routes
CU530007,2026-08-02 16:08:38,2026-08-02 16:34:38,2026-08-02 16:38:39,26,25.5,9.004,dongdaegu,10,10,True,target_available_at_arrival,available_count>0 at panel tick nearest as_of+tmap_eta,tmap_routes
PI740698,2026-07-19 09:34:32,2026-07-19 10:11:32,2026-07-19 10:15:31,37,37.4,10.556,dongdaegu,1,1,True,target_available_at_arrival,available_count>0 at panel tick nearest as_of+tmap_eta,tmap_routes
CV000508,2026-07-23 07:34:27,2026-07-23 08:12:27,2026-07-23 08:14:46,38,38.4,13.599,dongdaegu,1,1,True,target_available_at_arrival,available_count>0 at panel tick nearest as_of+tmap_eta,tmap_routes
EV006225,2026-07-29 00:56:14,2026-07-29 01:34:14,2026-07-29 01:36:17,38,37.6,13.391,dongdaegu,1,1,True,target_available_at_arrival,available_count>0 at panel tick nearest as_of+tmap_eta,tmap_routes
ST600399,2026-07-23 10:36:17,2026-07-23 11:33:17,2026-07-23 11:36:58,57,57.3,23.048,dongdaegu,3,4,True,target_available_at_arrival,available_count>0 at panel tick nearest as_of+tmap_eta,tmap_routes
HW000610,2026-07-30 19:57:39,2026-07-30 20:31:39,2026-07-30 20:37:47,34,34.3,9.051,dongdaegu,1,1,True,target_available_at_arrival,available_count>0 at panel tick nearest as_of+tmap_eta,tmap_routes
PI721980,2026-08-02 01:46:10,2026-08-02 02:01:10,2026-08-02 02:06:16,15,14.7,3.613,dongdaegu,1,1,True,target_available_at_arrival,available_count>0 at panel tick nearest as_of+tmap_eta,tmap_routes
ME21B262,2026-08-05 12:21:41,2026-08-05 13:14:41,2026-08-05 13:21:45,53,52.9,43.182,dongdaegu,1,0,False,target_available_at_arrival,available_count>0 at panel tick nearest as_of+tmap_eta,tmap_routes
CV004134,2026-07-24 05:03:13,2026-07-24 05:20:13,2026-07-24 05:23:17,17,17.2,6.562,dongdaegu,1,1,True,target_available_at_arrival,available_count>0 at panel tick nearest as_of+tmap_eta,tmap_routes
CV003276,2026-08-05 22:02:27,2026-08-05 22:39:27,2026-08-05 22:42:29,37,36.8,7.574,dongdaegu,2,2,True,target_available_at_arrival,available_count>0 at panel tick nearest as_of+tmap_eta,tmap_routes
KP005644,2026-08-04 22:58:07,2026-08-04 23:11:07,2026-08-04 23:18:07,13,12.8,1.502,dongdaegu,4,4,True,target_available_at_arrival,available_count>0 at panel tick nearest as_of+tmap_eta,tmap_routes
HW000610,2026-07-31 21:25:54,2026-07-31 21:59:54,2026-07-31 22:06:02,34,34.3,9.051,dongdaegu,1,1,True,target_available_at_arrival,available_count>0 at panel tick nearest as_of+tmap_eta,tmap_routes
KE000360,2026-08-06 09:36:10,2026-08-06 10:22:10,2026-08-06 10:26:13,46,46.5,15.594,dongdaegu,2,2,True,target_available_at_arrival,available_count>0 at panel tick nearest as_of+tmap_eta,tmap_routes
ST600399,2026-07-23 06:24:02,2026-07-23 07:21:02,2026-07-23 07:24:24,57,57.3,23.048,dongdaegu,6,5,True,target_available_at_arrival,available_count>0 at panel tick nearest as_of+tmap_eta,tmap_routes
CV003139,2026-07-23 13:42:49,2026-07-23 14:08:49,2026-07-23 14:12:55,26,26.4,8.714,dongdaegu,1,1,True,target_available_at_arrival,available_count>0 at panel tick nearest as_of+tmap_eta,tmap_routes
ST272920,2026-07-29 15:28:49,2026-07-29 15:58:49,2026-07-29 15:58:52,30,30.1,11.05,dongdaegu,4,4,True,target_available_at_arrival,available_count>0 at panel tick nearest as_of+tmap_eta,tmap_routes
CV001316,2026-07-26 11:08:22,2026-07-26 11:41:22,2026-07-26 11:48:31,33,32.6,7.903,dongdaegu,2,2,True,target_available_at_arrival,available_count>0 at panel tick nearest as_of+tmap_eta,tmap_routes
CV002131,2026-08-05 07:21:16,2026-08-05 07:31:16,2026-08-05 07:31:17,10,9.8,1.371,dongdaegu,2,2,True,target_available_at_arrival,available_count>0 at panel tick nearest as_of+tmap_eta,tmap_routes
CV003097,2026-07-27 01:52:24,2026-07-27 02:08:24,2026-07-27 02:12:25,16,16.4,2.12,dongdaegu,2,2,True,target_available_at_arrival,available_count>0 at panel tick nearest as_of+tmap_eta,tmap_routes
PW014280,2026-07-28 17:32:33,2026-07-28 18:07:33,2026-07-28 18:12:53,35,34.7,12.73,dongdaegu,3,3,True,target_available_at_arrival,available_count>0 at panel tick nearest as_of+tmap_eta,tmap_routes
KP000237,2026-08-02 17:58:50,2026-08-02 18:22:50,2026-08-02 18:28:54,24,24.5,3.358,dongdaegu,3,2,True,target_available_at_arrival,available_count>0 at panel tick nearest as_of+tmap_eta,tmap_routes
ME181303,2026-08-07 04:41:26,2026-08-07 05:18:26,2026-08-07 05:21:28,37,37.1,12.615,dongdaegu,1,1,True,target_available_at_arrival,available_count>0 at panel tick nearest as_of+tmap_eta,tmap_routes
DC530014,2026-08-03 08:32:20,2026-08-03 08:58:20,2026-08-03 09:02:24,26,25.7,4.392,dongdaegu,10,10,True,target_available_at_arrival,available_count>0 at panel tick nearest as_of+tmap_eta,tmap_routes
ME183054,2026-07-23 04:38:36,2026-07-23 05:31:36,2026-07-23 05:33:50,53,53.0,31.309,dongdaegu,1,1,True,target_available_at_arrival,available_count>0 at panel tick nearest as_of+tmap_eta,tmap_routes
CV004108,2026-07-24 09:37:13,2026-07-24 09:51:13,2026-07-24 09:57:15,14,13.9,2.65,dongdaegu,1,1,True,target_available_at_arrival,available_count>0 at panel tick nearest as_of+tmap_eta,tmap_routes
LU001880,2026-07-26 11:28:26,2026-07-26 11:58:26,2026-07-26 11:58:32,30,30.2,9.246,dongdaegu,1,1,True,target_available_at_arrival,available_count>0 at panel tick nearest as_of+tmap_eta,tmap_routes
CV001904,2026-08-01 17:01:58,2026-08-01 17:25:58,2026-08-01 17:32:02,24,23.9,6.982,dongdaegu,2,2,True,target_available_at_arrival,available_count>0 at panel tick nearest as_of+tmap_eta,tmap_routes
EV012414,2026-08-03 08:12:19,2026-08-03 08:42:19,2026-08-03 08:42:21,30,29.9,6.418,dongdaegu,2,2,True,target_available_at_arrival,available_count>0 at panel tick nearest as_of+tmap_eta,tmap_routes
HY000912,2026-08-06 20:16:55,2026-08-06 20:40:55,2026-08-06 20:47:05,24,23.5,6.608,dongdaegu,8,8,True,target_available_at_arrival,available_count>0 at panel tick nearest as_of+tmap_eta,tmap_routes
PIH02046,2026-08-05 08:11:19,2026-08-05 08:38:19,2026-08-05 08:41:21,27,27.3,9.361,dongdaegu,1,1,True,target_available_at_arrival,available_count>0 at panel tick nearest as_of+tmap_eta,tmap_routes
CI0F0005,2026-08-03 22:24:04,2026-08-03 23:14:04,2026-08-03 23:14:07,50,50.2,35.436,dongdaegu,12,13,True,target_available_at_arrival,available_count>0 at panel tick nearest as_of+tmap_eta,tmap_routes
CV003457,2026-07-26 19:19:31,2026-07-26 19:47:31,2026-07-26 19:49:35,28,27.5,4.998,dongdaegu,1,1,True,target_available_at_arrival,available_count>0 at panel tick nearest as_of+tmap_eta,tmap_routes
KE000387,2026-08-03 20:03:54,2026-08-03 20:30:54,2026-08-03 20:33:56,27,26.9,10.294,dongdaegu,1,1,True,target_available_at_arrival,available_count>0 at panel tick nearest as_of+tmap_eta,tmap_routes
EC005057,2026-08-03 03:42:03,2026-08-03 04:09:03,2026-08-03 04:12:04,27,27.3,8.896,dongdaegu,1,1,True,target_available_at_arrival,available_count>0 at panel tick nearest as_of+tmap_eta,tmap_routes
ST601045,2026-08-07 01:21:17,2026-08-07 02:00:17,2026-08-07 02:01:19,39,39.0,11.261,dongdaegu,9,9,True,target_available_at_arrival,available_count>0 at panel tick nearest as_of+tmap_eta,tmap_routes
EV008582,2026-08-06 17:56:46,2026-08-06 18:25:46,2026-08-06 18:26:48,29,29.0,8.492,dongdaegu,2,2,True,target_available_at_arrival,available_count>0 at panel tick nearest as_of+tmap_eta,tmap_routes
PIS00555,2026-08-03 18:13:47,2026-08-03 18:31:47,2026-08-03 18:33:49,18,17.9,1.225,dongdaegu,8,8,True,target_available_at_arrival,available_count>0 at panel tick nearest as_of+tmap_eta,tmap_routes
CV003085,2026-08-05 13:41:46,2026-08-05 14:05:46,2026-08-05 14:11:48,24,24.5,6.588,dongdaegu,1,1,True,target_available_at_arrival,available_count>0 at panel tick nearest as_of+tmap_eta,tmap_routes
EV005963,2026-07-25 16:53:59,2026-07-25 17:37:59,2026-07-25 17:44:06,44,44.5,15.209,dongdaegu,2,2,True,target_available_at_arrival,available_count>0 at panel tick nearest as_of+tmap_eta,tmap_routes
EV003987,2026-07-30 12:25:20,2026-07-30 12:58:20,2026-07-30 13:05:26,33,32.6,10.296,dongdaegu,9,9,True,target_available_at_arrival,available_count>0 at panel tick nearest as_of+tmap_eta,tmap_routes
CV000504,2026-08-02 15:18:28,2026-08-02 15:46:28,2026-08-02 15:48:33,28,28.4,8.106,dongdaegu,2,2,True,target_available_at_arrival,available_count>0 at panel tick nearest as_of+tmap_eta,tmap_routes
CV000544,2026-08-06 04:15:50,2026-08-06 04:33:50,2026-08-06 04:35:51,18,17.6,3.938,dongdaegu,1,1,True,target_available_at_arrival,available_count>0 at panel tick nearest as_of+tmap_eta,tmap_routes
PI740398,2026-07-27 10:23:41,2026-07-27 10:39:41,2026-07-27 10:43:44,16,16.2,2.184,dongdaegu,1,2,True,target_available_at_arrival,available_count>0 at panel tick nearest as_of+tmap_eta,tmap_routes
PI740242,2026-08-02 13:28:10,2026-08-02 13:42:10,2026-08-02 13:48:13,14,13.5,2.008,dongdaegu,1,1,True,target_available_at_arrival,available_count>0 at panel tick nearest as_of+tmap_eta,tmap_routes
PC001321,2026-07-26 03:07:06,2026-07-26 03:31:06,2026-07-26 03:37:13,24,24.2,8.909,dongdaegu,1,1,True,target_available_at_arrival,available_count>0 at panel tick nearest as_of+tmap_eta,tmap_routes
SBSB0019,2026-08-05 14:51:52,2026-08-05 15:27:52,2026-08-05 15:31:54,36,36.1,13.307,dongdaegu,1,1,True,target_available_at_arrival,available_count>0 at panel tick nearest as_of+tmap_eta,tmap_routes
ME22C251,2026-08-01 02:29:10,2026-08-01 02:57:10,2026-08-01 02:59:13,28,27.9,8.298,dongdaegu,2,1,True,target_available_at_arrival,available_count>0 at panel tick nearest as_of+tmap_eta,tmap_routes
NT100656,2026-07-26 15:49:02,2026-07-26 16:05:02,2026-07-26 16:09:06,16,16.0,1.994,dongdaegu,1,1,True,target_available_at_arrival,available_count>0 at panel tick nearest as_of+tmap_eta,tmap_routes
HE240384,2026-08-03 00:21:55,2026-08-03 01:24:55,2026-08-03 01:31:58,63,62.7,24.739,dongdaegu,1,1,True,target_available_at_arrival,available_count>0 at panel tick nearest as_of+tmap_eta,tmap_routes
NT101390,2026-08-04 12:17:25,2026-08-04 12:42:25,2026-08-04 12:47:26,25,24.6,9.025,dongdaegu,1,1,True,target_available_at_arrival,available_count>0 at panel tick nearest as_of+tmap_eta,tmap_routes
CV001493,2026-07-29 21:30:06,2026-07-29 22:04:06,2026-07-29 22:10:14,34,33.5,10.19,dongdaegu,4,4,True,target_available_at_arrival,available_count>0 at panel tick nearest as_of+tmap_eta,tmap_routes
LU002535,2026-08-07 22:33:21,2026-08-07 23:01:21,2026-08-07 23:03:22,28,28.4,10.33,dongdaegu,2,2,True,target_available_at_arrival,available_count>0 at panel tick nearest as_of+tmap_eta,tmap_routes
ME19X404,2026-07-25 08:12:56,2026-07-25 08:36:56,2026-07-25 08:43:41,24,23.7,7.894,dongdaegu,5,6,True,target_available_at_arrival,available_count>0 at panel tick nearest as_of+tmap_eta,tmap_routes
ME183053,2026-07-23 09:05:36,2026-07-23 09:42:36,2026-07-23 09:46:00,37,36.9,10.152,dongdaegu,1,1,True,target_available_at_arrival,available_count>0 at panel tick nearest as_of+tmap_eta,tmap_routes
CV003122,2026-07-26 19:29:32,2026-07-26 19:48:32,2026-07-26 19:49:35,19,19.2,1.934,dongdaegu,1,1,True,target_available_at_arrival,available_count>0 at panel tick nearest as_of+tmap_eta,tmap_routes
ME25C428,2026-08-02 06:57:00,2026-08-02 07:16:00,2026-08-02 07:17:02,19,18.8,3.899,dongdaegu,4,4,True,target_available_at_arrival,available_count>0 at panel tick nearest as_of+tmap_eta,tmap_routes
ME19E138,2026-07-23 10:21:08,2026-07-23 11:21:08,2026-07-23 11:21:55,60,59.6,35.136,dongdaegu,1,1,True,target_available_at_arrival,available_count>0 at panel tick nearest as_of+tmap_eta,tmap_routes
CV003076,2026-08-02 20:29:16,2026-08-02 20:57:16,2026-08-02 20:59:19,28,27.8,6.202,dongdaegu,1,1,True,target_available_at_arrival,available_count>0 at panel tick nearest as_of+tmap_eta,tmap_routes
CV002191,2026-07-27 12:34:05,2026-07-27 13:09:05,2026-07-27 13:14:14,35,34.8,11.172,dongdaegu,2,2,True,target_available_at_arrival,available_count>0 at panel tick nearest as_of+tmap_eta,tmap_routes
CV000630,2026-07-24 11:57:37,2026-07-24 12:13:37,2026-07-24 12:17:39,16,16.5,2.193,dongdaegu,1,1,True,target_available_at_arrival,available_count>0 at panel tick nearest as_of+tmap_eta,tmap_routes
CV001242,2026-08-05 15:21:54,2026-08-05 16:00:54,2026-08-05 16:01:56,39,38.9,13.135,dongdaegu,6,6,True,target_available_at_arrival,available_count>0 at panel tick nearest as_of+tmap_eta,tmap_routes
AM900026,2026-07-30 06:23:57,2026-07-30 06:51:57,2026-07-30 06:54:02,28,27.8,9.43,dongdaegu,2,2,True,target_available_at_arrival,available_count>0 at panel tick nearest as_of+tmap_eta,tmap_routes
CV001544,2026-08-03 16:12:52,2026-08-03 16:40:52,2026-08-03 16:42:58,28,27.6,7.249,dongdaegu,2,2,True,target_available_at_arrival,available_count>0 at panel tick nearest as_of+tmap_eta,tmap_routes
CV000831,2026-07-31 12:12:48,2026-07-31 12:22:48,2026-07-31 12:22:49,10,9.9,0.571,dongdaegu,2,2,True,target_available_at_arrival,available_count>0 at panel tick nearest as_of+tmap_eta,tmap_routes
PI721980,2026-07-30 13:25:42,2026-07-30 13:40:42,2026-07-30 13:45:44,15,14.7,3.613,dongdaegu,5,5,True,target_available_at_arrival,available_count>0 at panel tick nearest as_of+tmap_eta,tmap_routes
CV002348,2026-07-18 08:35:18,2026-07-18 09:20:18,2026-07-18 09:20:20,45,45.2,15.52,dongdaegu,4,3,True,target_available_at_arrival,available_count>0 at panel tick nearest as_of+tmap_eta,tmap_routes
PI773847,2026-08-06 10:16:13,2026-08-06 10:36:13,2026-08-06 10:36:13,20,19.5,3.895,dongdaegu,1,1,True,target_available_at_arrival,available_count>0 at panel tick nearest as_of+tmap_eta,tmap_routes
DC530025,2026-07-27 07:53:20,2026-07-27 08:12:20,2026-07-27 08:13:23,19,18.8,3.852,dongdaegu,3,3,True,target_available_at_arrival,available_count>0 at panel tick nearest as_of+tmap_eta,tmap_routes
ME183057,2026-07-30 02:53:11,2026-07-30 03:30:11,2026-07-30 03:33:21,37,36.6,11.781,dongdaegu,1,1,True,target_available_at_arrival,available_count>0 at panel tick nearest as_of+tmap_eta,tmap_routes
KP003775,2026-07-23 13:02:39,2026-07-23 13:23:39,2026-07-23 13:27:45,21,21.1,7.452,dongdaegu,1,1,True,target_available_at_arrival,available_count>0 at panel tick nearest as_of+tmap_eta,tmap_routes
EV012548,2026-07-30 02:43:10,2026-07-30 02:50:10,2026-07-30 02:53:11,7,7.4,0.969,dongdaegu,1,1,True,target_available_at_arrival,available_count>0 at panel tick nearest as_of+tmap_eta,tmap_routes
EV005193,2026-07-28 00:06:26,2026-07-28 00:41:26,2026-07-28 00:48:21,35,35.0,9.715,dongdaegu,1,1,True,target_available_at_arrival,available_count>0 at panel tick nearest as_of+tmap_eta,tmap_routes
PC000206,2026-08-08 01:37:06,2026-08-08 02:14:06,2026-08-08 02:17:11,37,37.4,11.796,dongdaegu,1,1,True,target_available_at_arrival,available_count>0 at panel tick nearest as_of+tmap_eta,tmap_routes
PI730006,2026-07-30 16:46:47,2026-07-30 16:53:47,2026-07-30 16:56:48,7,7.0,0.797,dongdaegu,1,1,True,target_available_at_arrival,available_count>0 at panel tick nearest as_of+tmap_eta,tmap_routes
PC001338,2026-08-01 10:20:29,2026-08-01 10:40:29,2026-08-01 10:40:31,20,20.1,4.064,dongdaegu,8,9,True,target_available_at_arrival,available_count>0 at panel tick nearest as_of+tmap_eta,tmap_routes
CV001048,2026-07-17 16:24:40,2026-07-17 17:09:40,2026-07-17 17:09:42,45,45.1,12.446,dongdaegu,1,1,True,target_available_at_arrival,available_count>0 at panel tick nearest as_of+tmap_eta,tmap_routes
EO000079,2026-07-29 05:36:53,2026-07-29 05:53:53,2026-07-29 05:56:57,17,17.4,3.431,dongdaegu,2,2,True,target_available_at_arrival,available_count>0 at panel tick nearest as_of+tmap_eta,tmap_routes
KP000402,2026-08-02 06:16:57,2026-08-02 06:49:57,2026-08-02 06:57:00,33,32.6,11.034,dongdaegu,2,2,True,target_available_at_arrival,available_count>0 at panel tick nearest as_of+tmap_eta,tmap_routes
HM710121,2026-08-03 15:02:49,2026-08-03 15:22:49,2026-08-03 15:22:50,20,20.1,3.305,dongdaegu,1,1,True,target_available_at_arrival,available_count>0 at panel tick nearest as_of+tmap_eta,tmap_routes
ME19Z223,2026-07-24 06:03:26,2026-07-24 06:35:26,2026-07-24 06:38:44,32,31.6,11.045,dongdaegu,2,2,True,target_available_at_arrival,available_count>0 at panel tick nearest as_of+tmap_eta,tmap_routes
NX000019,2026-08-03 00:09:34,2026-08-03 00:34:34,2026-08-03 00:41:56,25,25.0,5.726,dongdaegu,1,1,True,target_available_at_arrival,available_count>0 at panel tick nearest as_of+tmap_eta,tmap_routes
CV002939,2026-07-28 16:22:13,2026-07-28 16:50:13,2026-07-28 16:52:20,28,28.3,5.851,dongdaegu,4,5,True,target_available_at_arrival,available_count>0 at panel tick nearest as_of+tmap_eta,tmap_routes
VTE00004,2026-07-29 16:28:58,2026-07-29 16:45:58,2026-07-29 16:49:07,17,16.6,2.011,dongdaegu,5,5,True,target_available_at_arrival,available_count>0 at panel tick nearest as_of+tmap_eta,tmap_routes
ME25C426,2026-07-24 07:34:07,2026-07-24 08:03:07,2026-07-24 08:04:20,29,28.7,8.088,dongdaegu,4,4,True,target_available_at_arrival,available_count>0 at panel tick nearest as_of+tmap_eta,tmap_routes
ME18C258,2026-07-22 10:19:25,2026-07-22 10:39:25,2026-07-22 10:39:30,20,19.5,4.374,dongdaegu,2,2,True,target_available_at_arrival,available_count>0 at panel tick nearest as_of+tmap_eta,tmap_routes
CV003428,2026-07-23 04:53:39,2026-07-23 05:12:39,2026-07-23 05:13:44,19,18.9,3.756,dongdaegu,1,1,True,target_available_at_arrival,available_count>0 at panel tick nearest as_of+tmap_eta,tmap_routes
ME19C143,2026-08-04 18:57:49,2026-08-04 19:52:49,2026-08-04 19:57:53,55,54.7,26.56,dongdaegu,1,1,True,target_available_at_arrival,available_count>0 at panel tick nearest as_of+tmap_eta,tmap_routes
SBSB0019,2026-08-02 04:46:40,2026-08-02 05:22:40,2026-08-02 05:26:45,36,36.1,13.307,dongdaegu,1,1,True,target_available_at_arrival,available_count>0 at panel tick nearest as_of+tmap_eta,tmap_routes
CV002389,2026-07-25 11:04:21,2026-07-25 11:31:21,2026-07-25 11:34:28,27,26.9,8.258,dongdaegu,1,1,True,target_available_at_arrival,available_count>0 at panel tick nearest as_of+tmap_eta,tmap_routes
ME25C172,2026-08-06 21:57:14,2026-08-06 22:13:14,2026-08-06 22:17:15,16,15.6,2.366,dongdaegu,1,1,True,target_available_at_arrival,available_count>0 at panel tick nearest as_of+tmap_eta,tmap_routes
CV002279,2026-07-29 03:46:36,2026-07-29 04:04:36,2026-07-29 04:06:40,18,17.9,4.819,dongdaegu,3,3,True,target_available_at_arrival,available_count>0 at panel tick nearest as_of+tmap_eta,tmap_routes
CV000670,2026-08-05 14:01:47,2026-08-05 14:35:47,2026-08-05 14:41:52,34,34.3,10.214,dongdaegu,1,1,True,target_available_at_arrival,available_count>0 at panel tick nearest as_of+tmap_eta,tmap_routes
LU002365,2026-07-29 00:36:12,2026-07-29 01:06:12,2026-07-29 01:06:15,30,30.5,8.144,dongdaegu,1,1,True,target_available_at_arrival,available_count>0 at panel tick nearest as_of+tmap_eta,tmap_routes
PIH00094,2026-07-24 19:09:08,2026-07-24 19:35:08,2026-07-24 19:39:13,26,25.6,9.271,dongdaegu,1,1,True,target_available_at_arrival,available_count>0 at panel tick nearest as_of+tmap_eta,tmap_routes
IN053044,2026-07-19 15:46:16,2026-07-19 16:26:16,2026-07-19 16:31:20,40,40.2,13.147,dongdaegu,4,4,True,target_available_at_arrival,available_count>0 at panel tick nearest as_of+tmap_eta,tmap_routes
BNBN0494,2026-07-28 07:39:13,2026-07-28 08:39:13,2026-07-28 08:39:34,60,60.3,26.273,dongdaegu,3,3,True,target_available_at_arrival,available_count>0 at panel tick nearest as_of+tmap_eta,tmap_routes
PI740598,2026-08-04 00:46:42,2026-08-04 01:04:42,2026-08-04 01:06:43,18,17.8,3.853,dongdaegu,1,1,True,target_available_at_arrival,available_count>0 at panel tick nearest as_of+tmap_eta,tmap_routes
CV002150,2026-08-05 18:42:09,2026-08-05 19:12:09,2026-08-05 19:12:11,30,30.4,11.163,dongdaegu,2,2,True,target_available_at_arrival,available_count>0 at panel tick nearest as_of+tmap_eta,tmap_routes
CV001493,2026-07-24 12:37:46,2026-07-24 13:11:46,2026-07-24 13:17:51,34,33.5,10.19,dongdaegu,4,4,True,target_available_at_arrival,available_count>0 at panel tick nearest as_of+tmap_eta,tmap_routes
PI747158,2026-08-07 18:02:44,2026-08-07 18:39:44,2026-08-07 18:42:48,37,37.3,11.696,dongdaegu,2,2,True,target_available_at_arrival,available_count>0 at panel tick nearest as_of+tmap_eta,tmap_routes
CV003118,2026-08-04 11:27:23,2026-08-04 11:54:23,2026-08-04 11:57:24,27,26.8,8.47,dongdaegu,1,1,True,target_available_at_arrival,available_count>0 at panel tick nearest as_of+tmap_eta,tmap_routes
PI740374,2026-07-29 02:06:21,2026-07-29 02:33:21,2026-07-29 02:36:30,27,27.0,8.019,dongdaegu,1,1,True,target_available_at_arrival,available_count>0 at panel tick nearest as_of+tmap_eta,tmap_routes
PI807412,2026-08-05 21:02:23,2026-08-05 21:22:23,2026-08-05 21:22:25,20,20.3,3.045,dongdaegu,6,6,True,target_available_at_arrival,available_count>0 at panel tick nearest as_of+tmap_eta,tmap_routes
LU002365,2026-08-01 12:00:43,2026-08-01 12:30:43,2026-08-01 12:30:52,30,30.5,8.144,dongdaegu,1,1,True,target_available_at_arrival,available_count>0 at panel tick nearest as_of+tmap_eta,tmap_routes
EV008138,2026-08-02 23:29:32,2026-08-02 23:49:32,2026-08-02 23:49:33,20,19.9,1.724,dongdaegu,1,1,True,target_available_at_arrival,available_count>0 at panel tick nearest as_of+tmap_eta,tmap_routes
PI530305,2026-07-28 02:08:29,2026-07-28 02:53:29,2026-07-28 02:58:34,45,45.4,19.208,dongdaegu,2,2,True,target_available_at_arrival,available_count>0 at panel tick nearest as_of+tmap_eta,tmap_routes
SF002638,2026-08-02 01:36:09,2026-08-02 01:51:09,2026-08-02 01:56:15,15,14.9,2.122,dongdaegu,4,4,True,target_available_at_arrival,available_count>0 at panel tick nearest as_of+tmap_eta,tmap_routes
CV000146,2026-08-04 12:47:26,2026-08-04 13:07:26,2026-08-04 13:07:27,20,19.5,3.384,dongdaegu,2,2,True,target_available_at_arrival,available_count>0 at panel tick nearest as_of+tmap_eta,tmap_routes
CV002048,2026-07-26 05:07:22,2026-07-26 05:45:22,2026-07-26 05:47:29,38,37.7,10.255,dongdaegu,2,3,True,target_available_at_arrival,available_count>0 at panel tick nearest as_of+tmap_eta,tmap_routes
CV001636,2026-08-01 21:12:44,2026-08-01 21:50:44,2026-08-01 21:52:49,38,37.9,9.77,dongdaegu,2,2,True,target_available_at_arrival,available_count>0 at panel tick nearest as_of+tmap_eta,tmap_routes
CV003570,2026-07-24 16:58:31,2026-07-24 17:15:31,2026-07-24 17:18:35,17,17.3,2.175,dongdaegu,1,1,True,target_available_at_arrival,available_count>0 at panel tick nearest as_of+tmap_eta,tmap_routes
CV004482,2026-07-30 15:46:40,2026-07-30 16:31:40,2026-07-30 16:36:46,45,45.4,13.03,dongdaegu,8,8,True,target_available_at_arrival,available_count>0 at panel tick nearest as_of+tmap_eta,tmap_routes
EV006225,2026-08-04 16:17:37,2026-08-04 16:55:37,2026-08-04 16:57:42,38,37.6,13.391,dongdaegu,2,2,True,target_available_at_arrival,available_count>0 at panel tick nearest as_of+tmap_eta,tmap_routes
TDP00005,2026-08-03 03:12:02,2026-08-03 03:58:02,2026-08-03 04:02:04,46,46.4,22.772,dongdaegu,3,3,True,target_available_at_arrival,available_count>0 at panel tick nearest as_of+tmap_eta,tmap_routes
PI740252,2026-08-05 12:31:42,2026-08-05 12:55:42,2026-08-05 13:01:43,24,24.0,5.429,dongdaegu,1,1,True,target_available_at_arrival,available_count>0 at panel tick nearest as_of+tmap_eta,tmap_routes
PW015140,2026-07-25 17:44:06,2026-07-25 17:57:06,2026-07-25 18:04:08,13,13.0,4.192,dongdaegu,1,1,True,target_available_at_arrival,available_count>0 at panel tick nearest as_of+tmap_eta,tmap_routes
CV001492,2026-07-27 21:36:07,2026-07-27 22:30:07,2026-07-27 22:36:14,54,54.3,30.993,dongdaegu,2,2,True,target_available_at_arrival,available_count>0 at panel tick nearest as_of+tmap_eta,tmap_routes
PIS00561,2026-07-29 23:30:24,2026-07-29 23:58:24,2026-07-30 00:00:31,28,27.8,9.974,dongdaegu,5,5,True,target_available_at_arrival,available_count>0 at panel tick nearest as_of+tmap_eta,tmap_routes
PIS00550,2026-08-08 09:07:35,2026-08-08 09:13:35,2026-08-08 09:17:36,6,6.3,0.388,dongdaegu,37,37,True,target_available_at_arrival,available_count>0 at panel tick nearest as_of+tmap_eta,tmap_routes
PI740239,2026-07-26 04:57:22,2026-07-26 05:12:22,2026-07-26 05:17:23,15,14.8,2.101,dongdaegu,2,2,True,target_available_at_arrival,available_count>0 at panel tick nearest as_of+tmap_eta,tmap_routes
CV001488,2026-07-23 00:47:40,2026-07-23 01:17:40,2026-07-23 01:17:45,30,30.3,7.059,dongdaegu,1,1,True,target_available_at_arrival,available_count>0 at panel tick nearest as_of+tmap_eta,tmap_routes
PI306067,2026-08-05 07:11:15,2026-08-05 07:38:15,2026-08-05 07:41:17,27,27.0,9.229,dongdaegu,3,3,True,target_available_at_arrival,available_count>0 at panel tick nearest as_of+tmap_eta,tmap_routes
CV000991,2026-08-06 18:46:49,2026-08-06 19:10:49,2026-08-06 19:16:52,24,23.5,6.811,dongdaegu,2,2,True,target_available_at_arrival,available_count>0 at panel tick nearest as_of+tmap_eta,tmap_routes
DC530013,2026-07-18 11:05:26,2026-07-18 11:31:26,2026-07-18 11:35:33,26,25.7,4.437,dongdaegu,1,1,True,target_available_at_arrival,available_count>0 at panel tick nearest as_of+tmap_eta,tmap_routes
PI530271,2026-07-22 23:25:38,2026-07-22 23:49:38,2026-07-22 23:50:42,24,24.5,6.422,dongdaegu,1,1,True,target_available_at_arrival,available_count>0 at panel tick nearest as_of+tmap_eta,tmap_routes
CV002237,2026-08-07 20:03:03,2026-08-07 20:32:03,2026-08-07 20:33:07,29,29.3,9.265,dongdaegu,3,3,True,target_available_at_arrival,available_count>0 at panel tick nearest as_of+tmap_eta,tmap_routes
CV003139,2026-08-06 13:16:24,2026-08-06 13:42:24,2026-08-06 13:46:25,26,26.4,8.714,dongdaegu,3,3,True,target_available_at_arrival,available_count>0 at panel tick nearest as_of+tmap_eta,tmap_routes
ME25C427,2026-08-02 17:28:46,2026-08-02 17:45:46,2026-08-02 17:48:49,17,16.9,2.432,dongdaegu,4,4,True,target_available_at_arrival,available_count>0 at panel tick nearest as_of+tmap_eta,tmap_routes
CV002348,2026-07-21 22:03:07,2026-07-21 22:48:07,2026-07-21 22:53:13,45,45.2,15.52,dongdaegu,3,4,True,target_available_at_arrival,available_count>0 at panel tick nearest as_of+tmap_eta,tmap_routes
CV000818,2026-07-23 11:11:42,2026-07-23 11:48:42,2026-07-23 11:52:13,37,37.1,11.9,dongdaegu,1,1,True,target_available_at_arrival,available_count>0 at panel tick nearest as_of+tmap_eta,tmap_routes
ST601225,2026-08-07 00:51:16,2026-08-07 01:01:16,2026-08-07 01:01:17,10,9.8,1.871,dongdaegu,2,2,True,target_available_at_arrival,available_count>0 at panel tick nearest as_of+tmap_eta,tmap_routes
CV003559,2026-07-27 03:52:35,2026-07-27 04:09:35,2026-07-27 04:12:38,17,16.7,2.572,dongdaegu,1,1,True,target_available_at_arrival,available_count>0 at panel tick nearest as_of+tmap_eta,tmap_routes
CV001308,2026-07-30 11:15:12,2026-07-30 12:01:12,2026-07-30 12:05:18,46,46.1,16.696,dongdaegu,4,4,True,target_available_at_arrival,available_count>0 at panel tick nearest as_of+tmap_eta,tmap_routes
CV003139,2026-08-01 04:29:22,2026-08-01 04:55:22,2026-08-01 04:59:25,26,26.4,8.714,dongdaegu,3,3,True,target_available_at_arrival,available_count>0 at panel tick nearest as_of+tmap_eta,tmap_routes
HE240384,2026-08-01 01:09:03,2026-08-01 02:12:03,2026-08-01 02:19:09,63,62.7,24.739,dongdaegu,1,1,True,target_available_at_arrival,available_count>0 at panel tick nearest as_of+tmap_eta,tmap_routes
ME24B143,2026-07-24 06:13:36,2026-07-24 06:47:36,2026-07-24 06:48:50,34,34.0,10.369,dongdaegu,1,1,True,target_available_at_arrival,available_count>0 at panel tick nearest as_of+tmap_eta,tmap_routes
CV003079,2026-08-06 04:05:50,2026-08-06 04:21:50,2026-08-06 04:25:50,16,16.3,3.908,dongdaegu,1,1,True,target_available_at_arrival,available_count>0 at panel tick nearest as_of+tmap_eta,tmap_routes
GS000055,2026-08-01 12:20:51,2026-08-01 12:48:51,2026-08-01 12:50:59,28,27.8,8.549,dongdaegu,2,2,True,target_available_at_arrival,available_count>0 at panel tick nearest as_of+tmap_eta,tmap_routes
CV003276,2026-08-02 05:56:48,2026-08-02 06:33:48,2026-08-02 06:36:58,37,36.8,7.574,dongdaegu,1,1,True,target_available_at_arrival,available_count>0 at panel tick nearest as_of+tmap_eta,tmap_routes
PIS00791,2026-07-28 11:40:18,2026-07-28 11:56:18,2026-07-28 12:00:20,16,15.7,2.355,dongdaegu,8,8,True,target_available_at_arrival,available_count>0 at panel tick nearest as_of+tmap_eta,tmap_routes
ST601235,2026-08-01 22:22:52,2026-08-01 22:57:52,2026-08-01 23:02:57,35,35.3,12.266,dongdaegu,2,2,True,target_available_at_arrival,available_count>0 at panel tick nearest as_of+tmap_eta,tmap_routes
ST277108,2026-08-06 06:05:54,2026-08-06 06:54:54,2026-08-06 06:55:56,49,48.7,23.022,dongdaegu,1,1,True,target_available_at_arrival,available_count>0 at panel tick nearest as_of+tmap_eta,tmap_routes
ME21B198,2026-08-04 19:27:51,2026-08-04 19:47:51,2026-08-04 19:47:53,20,20.2,2.393,dongdaegu,1,1,True,target_available_at_arrival,available_count>0 at panel tick nearest as_of+tmap_eta,tmap_routes
LU003143,2026-08-04 00:36:42,2026-08-04 00:54:42,2026-08-04 00:56:42,18,17.9,4.605,dongdaegu,2,2,True,target_available_at_arrival,available_count>0 at panel tick nearest as_of+tmap_eta,tmap_routes
EV006286,2026-08-05 13:01:43,2026-08-05 13:20:43,2026-08-05 13:21:45,19,19.3,1.852,dongdaegu,1,1,True,target_available_at_arrival,available_count>0 at panel tick nearest as_of+tmap_eta,tmap_routes
PIS00580,2026-08-06 09:16:09,2026-08-06 09:31:09,2026-08-06 09:36:10,15,15.2,2.833,dongdaegu,8,8,True,target_available_at_arrival,available_count>0 at panel tick nearest as_of+tmap_eta,tmap_routes
PI740250,2026-08-01 08:29:57,2026-08-01 08:53:57,2026-08-01 09:00:04,24,23.5,5.437,dongdaegu,1,1,True,target_available_at_arrival,available_count>0 at panel tick nearest as_of+tmap_eta,tmap_routes
JA270006,2026-07-23 13:27:45,2026-07-23 13:41:45,2026-07-23 13:42:49,14,14.1,2.934,dongdaegu,1,1,True,target_available_at_arrival,available_count>0 at panel tick nearest as_of+tmap_eta,tmap_routes
EV003703,2026-07-23 04:53:39,2026-07-23 05:19:39,2026-07-23 05:23:48,26,25.8,7.845,dongdaegu,1,1,True,target_available_at_arrival,available_count>0 at panel tick nearest as_of+tmap_eta,tmap_routes
CV003258,2026-07-28 22:23:39,2026-07-28 23:17:39,2026-07-28 23:23:48,54,53.9,40.599,dongdaegu,4,4,True,target_available_at_arrival,available_count>0 at panel tick nearest as_of+tmap_eta,tmap_routes
KE001011,2026-07-30 17:06:53,2026-07-30 17:36:53,2026-07-30 17:37:06,30,29.5,5.032,dongdaegu,2,2,True,target_available_at_arrival,available_count>0 at panel tick nearest as_of+tmap_eta,tmap_routes
CV003143,2026-07-28 13:51:13,2026-07-28 14:24:13,2026-07-28 14:31:34,33,33.0,12.115,dongdaegu,1,0,False,target_available_at_arrival,available_count>0 at panel tick nearest as_of+tmap_eta,tmap_routes
LU003143,2026-07-28 11:30:08,2026-07-28 11:48:08,2026-07-28 11:50:19,18,17.9,4.605,dongdaegu,2,2,True,target_available_at_arrival,available_count>0 at panel tick nearest as_of+tmap_eta,tmap_routes
LU003223,2026-07-30 06:54:02,2026-07-30 07:08:02,2026-07-30 07:14:04,14,13.5,2.302,dongdaegu,2,2,True,target_available_at_arrival,available_count>0 at panel tick nearest as_of+tmap_eta,tmap_routes
PW015154,2026-08-05 02:51:04,2026-08-05 03:11:04,2026-08-05 03:11:04,20,20.5,5.59,dongdaegu,1,1,True,target_available_at_arrival,available_count>0 at panel tick nearest as_of+tmap_eta,tmap_routes
CV001767,2026-07-31 07:01:47,2026-07-31 07:36:47,2026-07-31 07:42:04,35,35.3,7.264,dongdaegu,1,2,True,target_available_at_arrival,available_count>0 at panel tick nearest as_of+tmap_eta,tmap_routes
CV003066,2026-08-05 16:41:58,2026-08-05 17:21:58,2026-08-05 17:22:01,40,39.9,11.512,dongdaegu,1,1,True,target_available_at_arrival,available_count>0 at panel tick nearest as_of+tmap_eta,tmap_routes
NT101559,2026-07-31 07:22:02,2026-07-31 07:46:02,2026-07-31 07:52:08,24,24.4,7.069,dongdaegu,2,2,True,target_available_at_arrival,available_count>0 at panel tick nearest as_of+tmap_eta,tmap_routes
AZ100017,2026-07-29 15:18:47,2026-07-29 15:57:47,2026-07-29 15:58:52,39,39.2,8.401,dongdaegu,6,6,True,target_available_at_arrival,available_count>0 at panel tick nearest as_of+tmap_eta,tmap_routes
CV004701,2026-08-03 10:02:30,2026-08-03 10:08:30,2026-08-03 10:12:31,6,5.9,0.675,dongdaegu,2,2,True,target_available_at_arrival,available_count>0 at panel tick nearest as_of+tmap_eta,tmap_routes
SF002922,2026-08-07 02:11:19,2026-08-07 02:27:19,2026-08-07 02:31:20,16,15.8,2.058,dongdaegu,2,2,True,target_available_at_arrival,available_count>0 at panel tick nearest as_of+tmap_eta,tmap_routes
CV000657,2026-08-08 02:57:13,2026-08-08 03:17:13,2026-08-08 03:17:14,20,19.6,3.582,dongdaegu,1,1,True,target_available_at_arrival,available_count>0 at panel tick nearest as_of+tmap_eta,tmap_routes
EV005837,2026-08-06 00:55:43,2026-08-06 01:21:43,2026-08-06 01:25:44,26,26.4,7.33,dongdaegu,2,2,True,target_available_at_arrival,available_count>0 at panel tick nearest as_of+tmap_eta,tmap_routes
CV001396,2026-08-07 23:43:24,2026-08-07 23:53:24,2026-08-07 23:53:25,10,10.2,0.829,dongdaegu,1,1,True,target_available_at_arrival,available_count>0 at panel tick nearest as_of+tmap_eta,tmap_routes
HW000497,2026-08-01 14:21:20,2026-08-01 14:45:20,2026-08-01 14:51:29,24,24.1,4.737,dongdaegu,2,2,True,target_available_at_arrival,available_count>0 at panel tick nearest as_of+tmap_eta,tmap_routes
PI530314,2026-07-29 22:20:16,2026-07-29 23:14:16,2026-07-29 23:20:23,54,54.5,39.869,dongdaegu,2,2,True,target_available_at_arrival,available_count>0 at panel tick nearest as_of+tmap_eta,tmap_routes
EC005054,2026-08-02 12:27:58,2026-08-02 12:47:58,2026-08-02 12:48:02,20,20.0,3.423,dongdaegu,2,2,True,target_available_at_arrival,available_count>0 at panel tick nearest as_of+tmap_eta,tmap_routes
HW000492,2026-07-28 22:23:39,2026-07-28 22:47:39,2026-07-28 22:53:42,24,23.9,5.958,dongdaegu,1,1,True,target_available_at_arrival,available_count>0 at panel tick nearest as_of+tmap_eta,tmap_routes
PI530289,2026-08-06 05:45:53,2026-08-06 06:00:53,2026-08-06 06:05:54,15,15.1,2.899,dongdaegu,1,1,True,target_available_at_arrival,available_count>0 at panel tick nearest as_of+tmap_eta,tmap_routes
HW000477,2026-07-27 18:25:16,2026-07-27 18:45:16,2026-07-27 18:45:22,20,20.0,3.203,dongdaegu,2,2,True,target_available_at_arrival,available_count>0 at panel tick nearest as_of+tmap_eta,tmap_routes
CV002189,2026-07-27 08:13:23,2026-07-27 08:19:23,2026-07-27 08:23:24,6,6.2,0.869,dongdaegu,1,1,True,target_available_at_arrival,available_count>0 at panel tick nearest as_of+tmap_eta,tmap_routes
ME19D114,2026-07-31 02:20:55,2026-07-31 03:09:55,2026-07-31 03:11:03,49,48.6,28.839,dongdaegu,1,1,True,target_available_at_arrival,available_count>0 at panel tick nearest as_of+tmap_eta,tmap_routes
EV008884,2026-08-07 18:12:44,2026-08-07 18:42:44,2026-08-07 18:42:48,30,29.9,10.451,dongdaegu,1,1,True,target_available_at_arrival,available_count>0 at panel tick nearest as_of+tmap_eta,tmap_routes
CV004464,2026-08-03 15:42:51,2026-08-03 16:06:51,2026-08-03 16:12:52,24,23.7,8.761,dongdaegu,4,4,True,target_available_at_arrival,available_count>0 at panel tick nearest as_of+tmap_eta,tmap_routes
SF003187,2026-07-26 17:59:20,2026-07-26 18:29:20,2026-07-26 18:29:24,30,29.6,9.475,dongdaegu,1,1,True,target_available_at_arrival,available_count>0 at panel tick nearest as_of+tmap_eta,tmap_routes
HY000978,2026-07-31 10:32:38,2026-07-31 10:45:38,2026-07-31 10:52:40,13,13.4,2.845,dongdaegu,3,4,True,target_available_at_arrival,available_count>0 at panel tick nearest as_of+tmap_eta,tmap_routes
CV001706,2026-08-02 16:58:42,2026-08-02 17:53:42,2026-08-02 17:58:50,55,54.8,26.617,dongdaegu,2,2,True,target_available_at_arrival,available_count>0 at panel tick nearest as_of+tmap_eta,tmap_routes
CV004353,2026-08-05 01:10:59,2026-08-05 01:58:59,2026-08-05 02:01:01,48,48.1,15.293,dongdaegu,10,10,True,target_available_at_arrival,available_count>0 at panel tick nearest as_of+tmap_eta,tmap_routes
PW014349,2026-08-08 00:03:25,2026-08-08 00:20:25,2026-08-08 00:27:03,17,16.6,2.081,dongdaegu,2,2,True,target_available_at_arrival,available_count>0 at panel tick nearest as_of+tmap_eta,tmap_routes
DC530003,2026-07-23 07:19:23,2026-07-23 07:38:23,2026-07-23 07:39:31,19,18.8,3.965,dongdaegu,5,6,True,target_available_at_arrival,available_count>0 at panel tick nearest as_of+tmap_eta,tmap_routes
DC530015,2026-07-28 03:58:40,2026-07-28 04:45:40,2026-07-28 04:48:46,47,46.8,9.409,dongdaegu,1,1,True,target_available_at_arrival,available_count>0 at panel tick nearest as_of+tmap_eta,tmap_routes
PW014349,2026-08-08 09:37:37,2026-08-08 09:54:37,2026-08-08 09:57:38,17,16.6,2.081,dongdaegu,2,2,True,target_available_at_arrival,available_count>0 at panel tick nearest as_of+tmap_eta,tmap_routes
ST600663,2026-07-24 12:57:48,2026-07-24 13:33:48,2026-07-24 13:37:53,36,35.8,17.637,dongdaegu,3,3,True,target_available_at_arrival,available_count>0 at panel tick nearest as_of+tmap_eta,tmap_routes
CU530008,2026-08-03 16:52:59,2026-08-03 17:21:59,2026-08-03 17:23:00,29,29.1,9.81,dongdaegu,5,5,True,target_available_at_arrival,available_count>0 at panel tick nearest as_of+tmap_eta,tmap_routes
GS000145,2026-07-29 20:39:56,2026-07-29 21:18:56,2026-07-29 21:20:05,39,39.3,14.116,dongdaegu,1,1,True,target_available_at_arrival,available_count>0 at panel tick nearest as_of+tmap_eta,tmap_routes
ME183055,2026-07-30 21:57:59,2026-07-30 22:37:59,2026-07-30 22:38:06,40,40.0,13.395,dongdaegu,1,1,True,target_available_at_arrival,available_count>0 at panel tick nearest as_of+tmap_eta,tmap_routes
CV001600,2026-07-27 04:02:36,2026-07-27 04:26:36,2026-07-27 04:32:40,24,23.9,7.151,dongdaegu,2,2,True,target_available_at_arrival,available_count>0 at panel tick nearest as_of+tmap_eta,tmap_routes
CV004714,2026-07-30 23:08:09,2026-07-30 23:34:09,2026-07-30 23:38:12,26,26.4,6.104,dongdaegu,3,3,True,target_available_at_arrival,available_count>0 at panel tick nearest as_of+tmap_eta,tmap_routes
NT101554,2026-08-06 17:16:41,2026-08-06 17:49:41,2026-08-06 17:56:46,33,33.0,9.405,dongdaegu,2,2,True,target_available_at_arrival,available_count>0 at panel tick nearest as_of+tmap_eta,tmap_routes
HY000130,2026-07-27 07:43:19,2026-07-27 08:11:19,2026-07-27 08:13:23,28,28.1,9.534,dongdaegu,1,1,True,target_available_at_arrival,available_count>0 at panel tick nearest as_of+tmap_eta,tmap_routes
CV001316,2026-07-30 19:07:31,2026-07-30 19:40:31,2026-07-30 19:47:37,33,32.6,7.903,dongdaegu,2,1,True,target_available_at_arrival,available_count>0 at panel tick nearest as_of+tmap_eta,tmap_routes
CV003082,2026-07-18 21:06:15,2026-07-18 21:35:15,2026-07-18 21:36:17,29,29.1,6.499,dongdaegu,2,2,True,target_available_at_arrival,available_count>0 at panel tick nearest as_of+tmap_eta,tmap_routes
CV004318,2026-07-24 04:38:04,2026-07-24 05:12:04,2026-07-24 05:13:15,34,34.0,7.925,dongdaegu,1,1,True,target_available_at_arrival,available_count>0 at panel tick nearest as_of+tmap_eta,tmap_routes
PIH01276,2026-07-29 09:37:59,2026-07-29 09:52:59,2026-07-29 09:58:02,15,15.4,3.464,dongdaegu,9,10,True,target_available_at_arrival,available_count>0 at panel tick nearest as_of+tmap_eta,tmap_routes
CU530009,2026-08-05 15:01:53,2026-08-05 15:16:53,2026-08-05 15:21:54,15,15.4,3.179,dongdaegu,4,4,True,target_available_at_arrival,available_count>0 at panel tick nearest as_of+tmap_eta,tmap_routes
ST601235,2026-07-23 03:18:15,2026-07-23 03:53:15,2026-07-23 03:53:22,35,35.3,12.266,dongdaegu,2,2,True,target_available_at_arrival,available_count>0 at panel tick nearest as_of+tmap_eta,tmap_routes
EV000669,2026-08-05 17:32:02,2026-08-05 17:57:02,2026-08-05 18:02:04,25,25.1,7.002,dongdaegu,2,2,True,target_available_at_arrival,available_count>0 at panel tick nearest as_of+tmap_eta,tmap_routes
ME19E161,2026-08-01 15:01:30,2026-08-01 15:20:30,2026-08-01 15:21:33,19,18.7,1.98,dongdaegu,1,1,True,target_available_at_arrival,available_count>0 at panel tick nearest as_of+tmap_eta,tmap_routes
CV003104,2026-08-08 02:57:13,2026-08-08 03:37:13,2026-08-08 03:37:16,40,40.1,9.697,dongdaegu,2,2,True,target_available_at_arrival,available_count>0 at panel tick nearest as_of+tmap_eta,tmap_routes
DC530007,2026-08-03 20:43:57,2026-08-03 21:26:57,2026-08-03 21:33:59,43,42.9,8.561,dongdaegu,1,1,True,target_available_at_arrival,available_count>0 at panel tick nearest as_of+tmap_eta,tmap_routes
ME183144,2026-07-25 15:43:46,2026-07-25 16:39:46,2026-07-25 16:43:57,56,56.2,27.909,dongdaegu,3,3,True,target_available_at_arrival,available_count>0 at panel tick nearest as_of+tmap_eta,tmap_routes
NX000020,2026-07-31 15:44:34,2026-07-31 16:22:34,2026-07-31 16:24:46,38,38.5,10.142,dongdaegu,1,1,True,target_available_at_arrival,available_count>0 at panel tick nearest as_of+tmap_eta,tmap_routes
EV003704,2026-07-24 10:37:25,2026-07-24 11:03:25,2026-07-24 11:07:28,26,25.6,7.852,dongdaegu,2,2,True,target_available_at_arrival,available_count>0 at panel tick nearest as_of+tmap_eta,tmap_routes
CV004326,2026-07-30 12:55:25,2026-07-30 13:42:25,2026-07-30 13:45:44,47,47.1,21.479,dongdaegu,2,2,True,target_available_at_arrival,available_count>0 at panel tick nearest as_of+tmap_eta,tmap_routes
HE240383,2026-07-23 06:03:57,2026-07-23 07:06:57,2026-07-23 07:09:20,63,62.8,24.74,dongdaegu,1,1,True,target_available_at_arrival,available_count>0 at panel tick nearest as_of+tmap_eta,tmap_routes
CV000478,2026-07-23 14:48:04,2026-07-23 15:32:04,2026-07-23 15:33:29,44,44.0,17.313,dongdaegu,1,1,True,target_available_at_arrival,available_count>0 at panel tick nearest as_of+tmap_eta,tmap_routes
KE000386,2026-08-07 16:52:35,2026-08-07 17:19:35,2026-08-07 17:22:37,27,27.0,10.39,dongdaegu,2,2,True,target_available_at_arrival,available_count>0 at panel tick nearest as_of+tmap_eta,tmap_routes
NS850022,2026-07-31 04:21:19,2026-07-31 04:38:19,2026-07-31 04:41:20,17,17.3,3.455,dongdaegu,2,2,True,target_available_at_arrival,available_count>0 at panel tick nearest as_of+tmap_eta,tmap_routes
PI540129,2026-08-05 16:51:59,2026-08-05 17:49:59,2026-08-05 17:52:03,58,57.6,25.116,dongdaegu,2,2,True,target_available_at_arrival,available_count>0 at panel tick nearest as_of+tmap_eta,tmap_routes
CV002862,2026-07-30 15:06:25,2026-07-30 16:01:25,2026-07-30 16:06:42,55,55.1,31.788,dongdaegu,1,1,True,target_available_at_arrival,available_count>0 at panel tick nearest as_of+tmap_eta,tmap_routes
DC530025,2026-07-29 06:06:58,2026-07-29 06:25:58,2026-07-29 06:27:06,19,18.8,3.852,dongdaegu,3,3,True,target_available_at_arrival,available_count>0 at panel tick nearest as_of+tmap_eta,tmap_routes
EV013929,2026-08-07 10:21:57,2026-08-07 10:55:57,2026-08-07 11:02:04,34,34.1,9.214,dongdaegu,1,1,True,target_available_at_arrival,available_count>0 at panel tick nearest as_of+tmap_eta,tmap_routes
CV000991,2026-08-07 22:03:19,2026-08-07 22:27:19,2026-08-07 22:33:21,24,23.5,6.811,dongdaegu,2,2,True,target_available_at_arrival,available_count>0 at panel tick nearest as_of+tmap_eta,tmap_routes
CV000510,2026-07-24 16:48:30,2026-07-24 17:05:30,2026-07-24 17:08:34,17,16.9,3.721,dongdaegu,2,2,True,target_available_at_arrival,available_count>0 at panel tick nearest as_of+tmap_eta,tmap_routes
CI0F0003,2026-08-06 07:45:59,2026-08-06 08:30:59,2026-08-06 08:36:05,45,44.6,12.526,dongdaegu,1,1,True,target_available_at_arrival,available_count>0 at panel tick nearest as_of+tmap_eta,tmap_routes
EV005268,2026-08-03 13:12:41,2026-08-03 13:42:41,2026-08-03 13:42:43,30,29.6,10.5,dongdaegu,3,3,True,target_available_at_arrival,available_count>0 at panel tick nearest as_of+tmap_eta,tmap_routes
PI740598,2026-08-03 18:23:48,2026-08-03 18:41:48,2026-08-03 18:43:49,18,17.8,3.853,dongdaegu,1,1,True,target_available_at_arrival,available_count>0 at panel tick nearest as_of+tmap_eta,tmap_routes
PC000206,2026-08-01 06:49:41,2026-08-01 07:26:41,2026-08-01 07:29:46,37,37.4,11.796,dongdaegu,1,1,True,target_available_at_arrival,available_count>0 at panel tick nearest as_of+tmap_eta,tmap_routes
ST277202,2026-07-27 05:32:45,2026-07-27 06:20:45,2026-07-27 06:22:56,48,47.9,35.88,dongdaegu,1,0,False,target_available_at_arrival,available_count>0 at panel tick nearest as_of+tmap_eta,tmap_routes
EC004338,2026-08-01 07:59:52,2026-08-01 08:33:52,2026-08-01 08:39:58,34,34.1,11.583,dongdaegu,5,5,True,target_available_at_arrival,available_count>0 at panel tick nearest as_of+tmap_eta,tmap_routes
ME18C262,2026-08-07 11:02:04,2026-08-07 12:05:04,2026-08-07 12:12:07,63,62.9,23.487,dongdaegu,2,2,True,target_available_at_arrival,available_count>0 at panel tick nearest as_of+tmap_eta,tmap_routes
DC530024,2026-08-05 02:41:03,2026-08-05 03:00:03,2026-08-05 03:01:04,19,18.9,3.851,dongdaegu,3,3,True,target_available_at_arrival,available_count>0 at panel tick nearest as_of+tmap_eta,tmap_routes
ME183054,2026-08-01 19:22:20,2026-08-01 20:15:20,2026-08-01 20:22:34,53,53.0,31.309,dongdaegu,1,1,True,target_available_at_arrival,available_count>0 at panel tick nearest as_of+tmap_eta,tmap_routes
KP004856,2026-08-05 05:31:09,2026-08-05 06:18:09,2026-08-05 06:21:11,47,47.0,18.39,dongdaegu,2,2,True,target_available_at_arrival,available_count>0 at panel tick nearest as_of+tmap_eta,tmap_routes
CV003079,2026-07-23 00:12:27,2026-07-23 00:28:27,2026-07-23 00:32:35,16,16.3,3.908,dongdaegu,1,1,True,target_available_at_arrival,available_count>0 at panel tick nearest as_of+tmap_eta,tmap_routes
BNBN1092,2026-08-06 09:56:12,2026-08-06 10:51:12,2026-08-06 10:56:15,55,55.2,26.589,dongdaegu,6,7,True,target_available_at_arrival,available_count>0 at panel tick nearest as_of+tmap_eta,tmap_routes
EV008719,2026-08-03 21:03:58,2026-08-03 21:32:58,2026-08-03 21:33:59,29,29.2,8.45,dongdaegu,3,3,True,target_available_at_arrival,available_count>0 at panel tick nearest as_of+tmap_eta,tmap_routes
PW000305,2026-08-08 10:27:43,2026-08-08 10:51:43,2026-08-08 10:57:44,24,24.1,5.361,dongdaegu,1,1,True,target_available_at_arrival,available_count>0 at panel tick nearest as_of+tmap_eta,tmap_routes
KP000234,2026-08-07 03:21:22,2026-08-07 04:01:22,2026-08-07 04:01:25,40,39.9,13.48,dongdaegu,2,2,True,target_available_at_arrival,available_count>0 at panel tick nearest as_of+tmap_eta,tmap_routes
LU001877,2026-07-29 04:36:46,2026-07-29 05:05:46,2026-07-29 05:06:51,29,29.3,9.229,dongdaegu,6,6,True,target_available_at_arrival,available_count>0 at panel tick nearest as_of+tmap_eta,tmap_routes
DC530021,2026-08-06 22:57:17,2026-08-06 23:22:17,2026-08-06 23:27:19,25,24.7,3.799,dongdaegu,2,3,True,target_available_at_arrival,available_count>0 at panel tick nearest as_of+tmap_eta,tmap_routes
CV003462,2026-07-31 18:45:19,2026-07-31 19:01:19,2026-07-31 19:05:25,16,15.9,3.351,dongdaegu,1,1,True,target_available_at_arrival,available_count>0 at panel tick nearest as_of+tmap_eta,tmap_routes
ME18C262,2026-07-26 04:57:22,2026-07-26 06:00:22,2026-07-26 06:07:30,63,62.9,23.487,dongdaegu,2,2,True,target_available_at_arrival,available_count>0 at panel tick nearest as_of+tmap_eta,tmap_routes
BNBN0494,2026-07-23 14:27:58,2026-07-23 15:27:58,2026-07-23 15:28:28,60,60.3,26.273,dongdaegu,3,3,True,target_available_at_arrival,available_count>0 at panel tick nearest as_of+tmap_eta,tmap_routes
EV013929,2026-08-03 17:43:45,2026-08-03 18:17:45,2026-08-03 18:23:48,34,34.1,9.214,dongdaegu,1,1,True,target_available_at_arrival,available_count>0 at panel tick nearest as_of+tmap_eta,tmap_routes
EV000669,2026-07-23 10:41:27,2026-07-23 11:06:27,2026-07-23 11:06:41,25,25.1,7.002,dongdaegu,2,2,True,target_available_at_arrival,available_count>0 at panel tick nearest as_of+tmap_eta,tmap_routes
PIH00094,2026-08-02 19:49:09,2026-08-02 20:15:09,2026-08-02 20:19:14,26,25.6,9.271,dongdaegu,3,3,True,target_available_at_arrival,available_count>0 at panel tick nearest as_of+tmap_eta,tmap_routes
CV003786,2026-08-05 04:01:06,2026-08-05 04:25:06,2026-08-05 04:31:07,24,23.6,4.545,dongdaegu,10,10,True,target_available_at_arrival,available_count>0 at panel tick nearest as_of+tmap_eta,tmap_routes
TS272902,2026-08-03 08:52:21,2026-08-03 09:20:21,2026-08-03 09:22:26,28,28.4,9.806,dongdaegu,2,2,True,target_available_at_arrival,available_count>0 at panel tick nearest as_of+tmap_eta,tmap_routes
CV001525,2026-07-26 21:09:46,2026-07-26 22:03:46,2026-07-26 22:09:55,54,54.1,26.814,dongdaegu,2,2,True,target_available_at_arrival,available_count>0 at panel tick nearest as_of+tmap_eta,tmap_routes
ST277109,2026-07-30 06:54:02,2026-07-30 07:30:02,2026-07-30 07:34:13,36,35.6,12.799,dongdaegu,2,2,True,target_available_at_arrival,available_count>0 at panel tick nearest as_of+tmap_eta,tmap_routes
CV004464,2026-08-03 02:32:00,2026-08-03 02:56:00,2026-08-03 03:02:01,24,23.7,8.761,dongdaegu,3,3,True,target_available_at_arrival,available_count>0 at panel tick nearest as_of+tmap_eta,tmap_routes
CV002914,2026-07-29 14:38:43,2026-07-29 15:02:43,2026-07-29 15:08:46,24,24.4,8.623,dongdaegu,1,1,True,target_available_at_arrival,available_count>0 at panel tick nearest as_of+tmap_eta,tmap_routes
ST601097,2026-08-05 01:21:00,2026-08-05 01:47:00,2026-08-05 01:51:01,26,25.5,5.493,dongdaegu,2,2,True,target_available_at_arrival,available_count>0 at panel tick nearest as_of+tmap_eta,tmap_routes
KP002187,2026-07-28 21:03:24,2026-07-28 21:13:24,2026-07-28 21:13:25,10,9.7,1.643,dongdaegu,2,2,True,target_available_at_arrival,available_count>0 at panel tick nearest as_of+tmap_eta,tmap_routes
CV003085,2026-08-04 01:16:43,2026-08-04 01:40:43,2026-08-04 01:46:46,24,24.5,6.588,dongdaegu,2,2,True,target_available_at_arrival,available_count>0 at panel tick nearest as_of+tmap_eta,tmap_routes
LU002360,2026-08-06 02:05:45,2026-08-06 02:42:45,2026-08-06 02:45:47,37,37.4,13.555,dongdaegu,2,2,True,target_available_at_arrival,available_count>0 at panel tick nearest as_of+tmap_eta,tmap_routes
PC000552,2026-07-28 03:58:40,2026-07-28 04:13:40,2026-07-28 04:18:42,15,14.8,2.52,dongdaegu,1,1,True,target_available_at_arrival,available_count>0 at panel tick nearest as_of+tmap_eta,tmap_routes
ME20C188,2026-08-03 21:13:58,2026-08-03 21:17:58,2026-08-03 21:23:59,4,3.5,0.472,dongdaegu,1,1,True,target_available_at_arrival,available_count>0 at panel tick nearest as_of+tmap_eta,tmap_routes
CV002012,2026-07-26 08:27:57,2026-07-26 09:01:57,2026-07-26 09:08:05,34,33.6,10.327,dongdaegu,1,1,True,target_available_at_arrival,available_count>0 at panel tick nearest as_of+tmap_eta,tmap_routes
EC005057,2026-08-06 18:36:49,2026-08-06 19:03:49,2026-08-06 19:06:51,27,27.3,8.896,dongdaegu,1,1,True,target_available_at_arrival,available_count>0 at panel tick nearest as_of+tmap_eta,tmap_routes
CV004302,2026-08-04 10:47:16,2026-08-04 11:14:16,2026-08-04 11:17:18,27,27.2,6.116,dongdaegu,1,1,True,target_available_at_arrival,available_count>0 at panel tick nearest as_of+tmap_eta,tmap_routes
CV001462,2026-07-23 02:33:06,2026-07-23 02:57:06,2026-07-23 02:58:11,24,23.7,5.26,dongdaegu,1,1,True,target_available_at_arrival,available_count>0 at panel tick nearest as_of+tmap_eta,tmap_routes
CV000811,2026-08-06 04:45:51,2026-08-06 05:14:51,2026-08-06 05:15:52,29,29.1,8.544,dongdaegu,1,1,True,target_available_at_arrival,available_count>0 at panel tick nearest as_of+tmap_eta,tmap_routes
ME25C172,2026-07-24 07:08:58,2026-07-24 07:24:58,2026-07-24 07:29:06,16,15.6,2.366,dongdaegu,1,1,True,target_available_at_arrival,available_count>0 at panel tick nearest as_of+tmap_eta,tmap_routes
CV003479,2026-07-17 20:54:57,2026-07-17 21:17:57,2026-07-17 21:24:59,23,22.6,6.788,dongdaegu,1,1,True,target_available_at_arrival,available_count>0 at panel tick nearest as_of+tmap_eta,tmap_routes
LU001561,2026-07-29 19:49:48,2026-07-29 19:53:48,2026-07-29 19:59:51,4,4.5,0.671,dongdaegu,4,4,True,target_available_at_arrival,available_count>0 at panel tick nearest as_of+tmap_eta,tmap_routes
CV000478,2026-08-03 18:23:48,2026-08-03 19:07:48,2026-08-03 19:13:51,44,44.0,17.313,dongdaegu,1,1,True,target_available_at_arrival,available_count>0 at panel tick nearest as_of+tmap_eta,tmap_routes
CV000536,2026-07-31 07:01:47,2026-07-31 07:26:47,2026-07-31 07:32:03,25,24.9,4.632,dongdaegu,1,0,False,target_available_at_arrival,available_count>0 at panel tick nearest as_of+tmap_eta,tmap_routes
SF000611,2026-08-05 12:11:41,2026-08-05 12:20:41,2026-08-05 12:21:41,9,9.2,1.794,dongdaegu,6,6,True,target_available_at_arrival,available_count>0 at panel tick nearest as_of+tmap_eta,tmap_routes
CV001606,2026-08-07 03:01:21,2026-08-07 03:30:21,2026-08-07 03:31:22,29,29.0,7.584,dongdaegu,2,2,True,target_available_at_arrival,available_count>0 at panel tick nearest as_of+tmap_eta,tmap_routes
CV000560,2026-07-25 10:04:05,2026-07-25 10:19:05,2026-07-25 10:24:09,15,14.9,3.632,dongdaegu,1,1,True,target_available_at_arrival,available_count>0 at panel tick nearest as_of+tmap_eta,tmap_routes
DC530018,2026-07-22 21:27:11,2026-07-22 21:39:11,2026-07-22 21:45:08,12,11.8,1.16,dongdaegu,1,1,True,target_available_at_arrival,available_count>0 at panel tick nearest as_of+tmap_eta,tmap_routes
CV001219,2026-07-30 02:43:10,2026-07-30 02:57:10,2026-07-30 03:03:14,14,14.0,2.364,dongdaegu,3,3,True,target_available_at_arrival,available_count>0 at panel tick nearest as_of+tmap_eta,tmap_routes
PIH02046,2026-07-27 17:55:11,2026-07-27 18:22:11,2026-07-27 18:25:16,27,27.3,9.361,dongdaegu,1,1,True,target_available_at_arrival,available_count>0 at panel tick nearest as_of+tmap_eta,tmap_routes
DC530014,2026-07-22 12:59:55,2026-07-22 13:25:55,2026-07-22 13:29:59,26,25.7,4.392,dongdaegu,1,1,True,target_available_at_arrival,available_count>0 at panel tick nearest as_of+tmap_eta,tmap_routes
ME18C178,2026-08-04 11:47:24,2026-08-04 12:07:24,2026-08-04 12:07:24,20,20.5,5.293,dongdaegu,1,1,True,target_available_at_arrival,available_count>0 at panel tick nearest as_of+tmap_eta,tmap_routes
CV000891,2026-08-07 20:13:04,2026-08-07 21:12:04,2026-08-07 21:13:12,59,58.9,26.194,dongdaegu,3,3,True,target_available_at_arrival,available_count>0 at panel tick nearest as_of+tmap_eta,tmap_routes
CV000560,2026-08-07 12:32:08,2026-08-07 12:47:08,2026-08-07 12:52:09,15,14.9,3.632,dongdaegu,3,3,True,target_available_at_arrival,available_count>0 at panel tick nearest as_of+tmap_eta,tmap_routes
CV003454,2026-07-28 02:58:34,2026-07-28 03:14:34,2026-07-28 03:18:35,16,16.1,3.323,dongdaegu,2,2,True,target_available_at_arrival,available_count>0 at panel tick nearest as_of+tmap_eta,tmap_routes
CV003181,2026-07-26 11:18:25,2026-07-26 11:42:25,2026-07-26 11:48:31,24,24.5,5.641,dongdaegu,1,1,True,target_available_at_arrival,available_count>0 at panel tick nearest as_of+tmap_eta,tmap_routes
CV002253,2026-07-30 07:34:13,2026-07-30 08:20:13,2026-07-30 08:24:20,46,46.0,21.152,dongdaegu,15,16,True,target_available_at_arrival,available_count>0 at panel tick nearest as_of+tmap_eta,tmap_routes
EV012379,2026-07-27 06:42:58,2026-07-27 07:09:58,2026-07-27 07:13:06,27,27.3,8.408,dongdaegu,3,3,True,target_available_at_arrival,available_count>0 at panel tick nearest as_of+tmap_eta,tmap_routes
PI740289,2026-07-30 21:27:55,2026-07-30 21:45:55,2026-07-30 21:47:58,18,18.3,2.75,dongdaegu,2,2,True,target_available_at_arrival,available_count>0 at panel tick nearest as_of+tmap_eta,tmap_routes
CV000537,2026-07-26 13:18:42,2026-07-26 13:46:42,2026-07-26 13:48:45,28,27.6,5.369,dongdaegu,1,1,True,target_available_at_arrival,available_count>0 at panel tick nearest as_of+tmap_eta,tmap_routes
CV000553,2026-08-03 08:32:20,2026-08-03 09:15:20,2026-08-03 09:22:26,43,42.8,9.106,dongdaegu,1,1,True,target_available_at_arrival,available_count>0 at panel tick nearest as_of+tmap_eta,tmap_routes
PI530303,2026-08-06 18:16:47,2026-08-06 18:42:47,2026-08-06 18:46:49,26,25.5,6.41,dongdaegu,4,4,True,target_available_at_arrival,available_count>0 at panel tick nearest as_of+tmap_eta,tmap_routes
ME18C255,2026-07-23 05:18:45,2026-07-23 05:48:45,2026-07-23 05:48:55,30,29.8,8.943,dongdaegu,2,2,True,target_available_at_arrival,available_count>0 at panel tick nearest as_of+tmap_eta,tmap_routes
PI740172,2026-08-01 21:12:44,2026-08-01 21:20:44,2026-08-01 21:22:45,8,8.3,1.966,dongdaegu,2,2,True,target_available_at_arrival,available_count>0 at panel tick nearest as_of+tmap_eta,tmap_routes
EV008720,2026-08-03 17:33:43,2026-08-03 18:02:43,2026-08-03 18:03:46,29,29.0,8.593,dongdaegu,3,2,True,target_available_at_arrival,available_count>0 at panel tick nearest as_of+tmap_eta,tmap_routes
CV004104,2026-07-23 10:26:09,2026-07-23 10:45:09,2026-07-23 10:46:30,19,19.3,7.318,dongdaegu,3,3,True,target_available_at_arrival,available_count>0 at panel tick nearest as_of+tmap_eta,tmap_routes
CV000980,2026-07-23 12:17:18,2026-07-23 12:50:18,2026-07-23 12:52:33,33,33.4,9.489,dongdaegu,1,1,True,target_available_at_arrival,available_count>0 at panel tick nearest as_of+tmap_eta,tmap_routes
EV008152,2026-07-29 14:08:37,2026-07-29 14:34:37,2026-07-29 14:38:43,26,25.8,7.784,dongdaegu,7,7,True,target_available_at_arrival,available_count>0 at panel tick nearest as_of+tmap_eta,tmap_routes
PIS00550,2026-07-24 15:08:16,2026-07-24 15:14:16,2026-07-24 15:18:18,6,6.3,0.388,dongdaegu,1,2,True,target_available_at_arrival,available_count>0 at panel tick nearest as_of+tmap_eta,tmap_routes
CV002087,2026-08-02 11:27:45,2026-08-02 11:41:45,2026-08-02 11:47:49,14,14.4,1.77,dongdaegu,2,2,True,target_available_at_arrival,available_count>0 at panel tick nearest as_of+tmap_eta,tmap_routes
EV006188,2026-08-07 13:52:15,2026-08-07 14:26:15,2026-08-07 14:32:17,34,33.5,9.44,dongdaegu,1,1,True,target_available_at_arrival,available_count>0 at panel tick nearest as_of+tmap_eta,tmap_routes
EV012548,2026-08-05 06:51:14,2026-08-05 06:58:14,2026-08-05 07:01:15,7,7.4,0.969,dongdaegu,2,2,True,target_available_at_arrival,available_count>0 at panel tick nearest as_of+tmap_eta,tmap_routes
LU001561,2026-07-29 00:36:12,2026-07-29 00:40:12,2026-07-29 00:46:13,4,4.5,0.671,dongdaegu,4,4,True,target_available_at_arrival,available_count>0 at panel tick nearest as_of+tmap_eta,tmap_routes
PI530307,2026-08-07 06:31:33,2026-08-07 06:56:33,2026-08-07 07:01:35,25,24.8,6.538,dongdaegu,1,1,True,target_available_at_arrival,available_count>0 at panel tick nearest as_of+tmap_eta,tmap_routes
ME25C427,2026-07-24 19:29:12,2026-07-24 19:46:12,2026-07-24 19:49:15,17,16.9,2.432,dongdaegu,3,3,True,target_available_at_arrival,available_count>0 at panel tick nearest as_of+tmap_eta,tmap_routes
KP000401,2026-08-03 00:09:34,2026-08-03 00:27:34,2026-08-03 00:31:55,18,18.3,3.635,dongdaegu,3,3,True,target_available_at_arrival,available_count>0 at panel tick nearest as_of+tmap_eta,tmap_routes
ME22D1C0,2026-08-01 11:20:39,2026-08-01 11:45:39,2026-08-01 11:50:42,25,24.9,8.86,dongdaegu,1,1,True,target_available_at_arrival,available_count>0 at panel tick nearest as_of+tmap_eta,tmap_routes
SF002605,2026-08-06 12:16:19,2026-08-06 12:50:19,2026-08-06 12:56:21,34,33.8,8.579,dongdaegu,4,4,True,target_available_at_arrival,available_count>0 at panel tick nearest as_of+tmap_eta,tmap_routes
PI740113,2026-08-04 08:27:06,2026-08-04 08:51:06,2026-08-04 08:57:08,24,23.8,5.523,dongdaegu,3,3,True,target_available_at_arrival,available_count>0 at panel tick nearest as_of+tmap_eta,tmap_routes
CV000616,2026-08-05 14:21:49,2026-08-05 14:45:49,2026-08-05 14:51:52,24,24.3,3.502,dongdaegu,1,1,True,target_available_at_arrival,available_count>0 at panel tick nearest as_of+tmap_eta,tmap_routes
CV003104,2026-08-06 07:35:58,2026-08-06 08:15:58,2026-08-06 08:16:01,40,40.1,9.697,dongdaegu,2,2,True,target_available_at_arrival,available_count>0 at panel tick nearest as_of+tmap_eta,tmap_routes
NT101559,2026-08-07 01:21:17,2026-08-07 01:45:17,2026-08-07 01:51:18,24,24.4,7.069,dongdaegu,2,2,True,target_available_at_arrival,available_count>0 at panel tick nearest as_of+tmap_eta,tmap_routes
ST272605,2026-07-21 15:42:33,2026-07-21 16:09:33,2026-07-21 16:12:48,27,26.7,9.097,dongdaegu,1,1,True,target_available_at_arrival,available_count>0 at panel tick nearest as_of+tmap_eta,tmap_routes
EC270007,2026-07-23 03:58:23,2026-07-23 04:53:23,2026-07-23 04:53:39,55,55.1,17.325,dongdaegu,1,1,True,target_available_at_arrival,available_count>0 at panel tick nearest as_of+tmap_eta,tmap_routes
ME23B113,2026-07-29 22:10:14,2026-07-29 23:04:14,2026-07-29 23:10:22,54,54.4,40.695,dongdaegu,1,1,True,target_available_at_arrival,available_count>0 at panel tick nearest as_of+tmap_eta,tmap_routes
TDP00005,2026-08-06 11:56:18,2026-08-06 12:42:18,2026-08-06 12:46:20,46,46.4,22.772,dongdaegu,3,3,True,target_available_at_arrival,available_count>0 at panel tick nearest as_of+tmap_eta,tmap_routes
PIH02046,2026-07-31 07:01:47,2026-07-31 07:28:47,2026-07-31 07:32:03,27,27.3,9.361,dongdaegu,1,1,True,target_available_at_arrival,available_count>0 at panel tick nearest as_of+tmap_eta,tmap_routes
KP002182,2026-07-31 14:13:05,2026-07-31 14:28:05,2026-07-31 14:33:10,15,15.0,2.363,dongdaegu,3,4,True,target_available_at_arrival,available_count>0 at panel tick nearest as_of+tmap_eta,tmap_routes
ME18C251,2026-08-07 03:01:21,2026-08-07 03:55:21,2026-08-07 04:01:25,54,54.4,23.023,dongdaegu,2,2,True,target_available_at_arrival,available_count>0 at panel tick nearest as_of+tmap_eta,tmap_routes
PL033630,2026-08-06 01:35:44,2026-08-06 01:51:44,2026-08-06 01:55:45,16,15.7,2.058,dongdaegu,1,1,True,target_available_at_arrival,available_count>0 at panel tick nearest as_of+tmap_eta,tmap_routes
ST600399,2026-08-02 08:57:20,2026-08-02 09:54:20,2026-08-02 09:57:31,57,57.3,23.048,dongdaegu,3,2,True,target_available_at_arrival,available_count>0 at panel tick nearest as_of+tmap_eta,tmap_routes
EV006615,2026-07-30 14:05:56,2026-07-30 14:43:56,2026-07-30 14:46:08,38,37.6,13.391,dongdaegu,2,2,True,target_available_at_arrival,available_count>0 at panel tick nearest as_of+tmap_eta,tmap_routes
CV000678,2026-08-02 10:57:42,2026-08-02 11:55:42,2026-08-02 11:57:51,58,58.0,26.591,dongdaegu,6,6,True,target_available_at_arrival,available_count>0 at panel tick nearest as_of+tmap_eta,tmap_routes
PI740662,2026-07-27 23:16:18,2026-07-27 23:33:18,2026-07-27 23:36:21,17,17.1,4.512,dongdaegu,1,1,True,target_available_at_arrival,available_count>0 at panel tick nearest as_of+tmap_eta,tmap_routes
JA270006,2026-07-26 06:47:38,2026-07-26 07:01:38,2026-07-26 07:07:40,14,14.1,2.934,dongdaegu,5,5,True,target_available_at_arrival,available_count>0 at panel tick nearest as_of+tmap_eta,tmap_routes
CV001634,2026-08-03 13:12:41,2026-08-03 13:47:41,2026-08-03 13:52:45,35,35.1,9.858,dongdaegu,1,1,True,target_available_at_arrival,available_count>0 at panel tick nearest as_of+tmap_eta,tmap_routes
DC530017,2026-07-23 05:23:48,2026-07-23 05:55:48,2026-07-23 05:58:57,32,31.8,9.87,dongdaegu,2,3,True,target_available_at_arrival,available_count>0 at panel tick nearest as_of+tmap_eta,tmap_routes
CV001600,2026-07-22 16:10:37,2026-07-22 16:34:37,2026-07-22 16:40:40,24,23.9,7.151,dongdaegu,2,2,True,target_available_at_arrival,available_count>0 at panel tick nearest as_of+tmap_eta,tmap_routes
PC000552,2026-08-02 20:39:17,2026-08-02 20:54:17,2026-08-02 20:59:19,15,14.8,2.52,dongdaegu,1,1,True,target_available_at_arrival,available_count>0 at panel tick nearest as_of+tmap_eta,tmap_routes
CV003142,2026-08-07 20:53:09,2026-08-07 21:36:09,2026-08-07 21:43:16,43,43.4,19.606,dongdaegu,1,1,True,target_available_at_arrival,available_count>0 at panel tick nearest as_of+tmap_eta,tmap_routes
BNBN1092,2026-07-31 06:21:40,2026-07-31 07:16:40,2026-07-31 07:22:02,55,55.2,26.589,dongdaegu,1,1,True,target_available_at_arrival,available_count>0 at panel tick nearest as_of+tmap_eta,tmap_routes
ME25C276,2026-07-18 16:20:47,2026-07-18 17:18:47,2026-07-18 17:20:54,58,58.0,30.689,dongdaegu,2,2,True,target_available_at_arrival,available_count>0 at panel tick nearest as_of+tmap_eta,tmap_routes
PI530086,2026-08-03 02:11:59,2026-08-03 03:06:59,2026-08-03 03:12:02,55,55.4,26.06,dongdaegu,1,1,True,target_available_at_arrival,available_count>0 at panel tick nearest as_of+tmap_eta,tmap_routes
CV001462,2026-07-25 19:14:19,2026-07-25 19:38:19,2026-07-25 19:44:24,24,23.7,5.26,dongdaegu,1,1,True,target_available_at_arrival,available_count>0 at panel tick nearest as_of+tmap_eta,tmap_routes
KE000375,2026-08-04 06:06:58,2026-08-04 06:35:58,2026-08-04 06:36:59,29,29.2,9.751,dongdaegu,2,2,True,target_available_at_arrival,available_count>0 at panel tick nearest as_of+tmap_eta,tmap_routes
ME19D114,2026-07-24 18:29:00,2026-07-24 19:18:00,2026-07-24 19:19:10,49,48.6,28.839,dongdaegu,1,1,True,target_available_at_arrival,available_count>0 at panel tick nearest as_of+tmap_eta,tmap_routes
PIS00564,2026-08-03 22:34:05,2026-08-03 22:54:05,2026-08-03 22:54:06,20,19.6,4.027,dongdaegu,1,1,True,target_available_at_arrival,available_count>0 at panel tick nearest as_of+tmap_eta,tmap_routes
PW015039,2026-08-07 00:21:15,2026-08-07 00:48:15,2026-08-07 00:51:16,27,27.1,7.757,dongdaegu,2,2,True,target_available_at_arrival,available_count>0 at panel tick nearest as_of+tmap_eta,tmap_routes
ST600336,2026-07-26 21:49:53,2026-07-26 21:55:53,2026-07-26 21:59:54,6,6.3,0.045,dongdaegu,5,5,True,target_available_at_arrival,available_count>0 at panel tick nearest as_of+tmap_eta,tmap_routes
