statId,statNm,matched_id,matched_name,distance_m,radius_m,matched,traffic_source
ME178137,군위영천휴게소(하행),,,,1000,False,utic
ME181302,대구지방합동청사,,,,1000,False,utic
ME181303,㈜정방,,,,1000,False,utic
ME183050,대구보건환경연구원,,,,1000,False,utic
ME183053,달서구 청소년수련관공영주차장,,,,1000,False,utic
ME183054,구지면사무소,,,,1000,False,utic
ME183055,수태골 공영주차장,,,,1000,False,utic
ME183056,낙동강승전기념관,,,,1000,False,utic
ME183057,이곡2동주민센터,L93171039525,[공사] 성서동로 가야유치원 에서 이곡동1255 방향 1차로 도로공사 주의운전,919.7,1000,True,utic
ME183058,신암5동주민센터,,,,1000,False,utic
ME183059,복현2동주민센터,,,,1000,False,utic
ME183060,대구환경공단 신천사업소,,,,1000,False,utic
ME183061,만촌1동주민센터,L93171007174,[공사] 달구벌대로 만촌네거리 에서 남부빌딩 방향 1차로 지하 시설 작업 주의운전,892.5,1000,True,utic
ME183062,호산공영주차장,,,,1000,False,utic
ME183063,용산역환승주차장,,,,1000,False,utic
ME183064,서촌공영주차장,,,,1000,False,utic
ME183065,웃는얼굴 아트센터,,,,1000,False,utic
ME183066,서변2공영주차장,,,,1000,False,utic
ME183067,팔달신시장공영주차장,,,,1000,False,utic
ME183068,범물공영주차장,,,,1000,False,utic
ME183069,황금2동주민센터 앞 공영주차장,,,,1000,False,utic
ME183070,블루핸즈 현풍현대서비스,,,,1000,False,utic
ME183071,계명문화대학교,,,,1000,False,utic
ME183072,SW융합기술지원센터,,,,1000,False,utic
ME183077,호텔아젤리아,,,,1000,False,utic
ME183144,대구환경공단 달성사업소,,,,1000,False,utic
ME184067,대구시청,,,,1000,False,utic
ME184068,두류공원관리소,,,,1000,False,utic
ME184069,북구유통단지(EXCO),,,,1000,False,utic
ME184070,시지근린공원 공영주차장,,,,1000,False,utic
ME18C147,삼국유사 가온누리,,,,1000,False,utic
ME18C170,북대구세무서,L93171040039,[공사] 성북로 침산초등학교앞 교차로 에서 침산동4767 방향 1차로 도로공사 주의운전,522.8,1000,True,utic
ME18C171,노원동행정복지센터,,,,1000,False,utic
ME18C172,침산3동행정복지센터,L93171040039,[공사] 성북로 침산초등학교앞 교차로 에서 침산동4767 방향 1차로 도로공사 주의운전,170.4,1000,True,utic
ME18C173,침산공원,L93171040039,[공사] 성북로 침산초등학교앞 교차로 에서 침산동4767 방향 1차로 도로공사 주의운전,615.6,1000,True,utic
ME18C174,서구 문화회관,,,,1000,False,utic
ME18C175,대명1동 행정복지센터,,,,1000,False,utic
ME18C176,도원동마을공영주차장,,,,1000,False,utic
ME18C177,낙동강 레포츠밸리,,,,1000,False,utic
ME18C178,안심2동 공영주차장,,,,1000,False,utic
ME18C229,군위(춘천) 휴게소,,,,1000,False,utic
ME18C230,군위국민체육센터 주차장,,,,1000,False,utic
ME18C251,삼국유사 군위(서울) 휴게소,,,,1000,False,utic
ME18C254,대구 문화예술회관,,,,1000,False,utic
ME18C255,달서별빛캠프 캠핑장,,,,1000,False,utic
ME18C257,논공(대구) 휴게소,,,,1000,False,utic
ME18C258,해안동 공영주차장,L93171040039,[공사] 성북로 침산초등학교앞 교차로 에서 침산동4767 방향 1차로 도로공사 주의운전,628.9,1000,True,utic
ME18C259,율암동 공영주차장,,,,1000,False,utic
ME18C260,연암공원,,,,1000,False,utic
ME18C261,중앙119 구조본부,,,,1000,False,utic
ME18C262,비슬산 숲속 캠핑장,,,,1000,False,utic
ME18C263,달성문화원,,,,1000,False,utic
ME18C264,북구구민 운동장,,,,1000,False,utic
ME18C265,서재문화체육센터,,,,1000,False,utic
ME18C405,대구광역시청 별관,,,,1000,False,utic
ME19C130,소보면사무소 주차장,,,,1000,False,utic
ME19C143,달성군 보건소,,,,1000,False,utic
ME19C227,현풍백년도깨비시장 공영주차장,,,,1000,False,utic
ME19C289,군위군 종합운동장,,,,1000,False,utic
ME19C403,칠곡3지구 공영주차장,,,,1000,False,utic
ME19C404,무학산공원,,,,1000,False,utic
ME19D114,장군졸음쉼터,,,,1000,False,utic
ME19D216,관사정문 주차장,,,,1000,False,utic
ME19E138,우보면사무소 주차장,,,,1000,False,utic
ME19E139,장곡휴양림 주차장,,,,1000,False,utic
ME19E161,범어2동 행정복지센터,,,,1000,False,utic
ME19E215,월광수변공원,,,,1000,False,utic
ME19E216,달성군청,,,,1000,False,utic
ME19E217,수성생활체육공원,,,,1000,False,utic
ME19F260,아미산 주차장,,,,1000,False,utic
ME19F410,위천수변 테마공원,,,,1000,False,utic
ME19F412,물산업클러스터,,,,1000,False,utic
ME19W401,국가물산업클러스터 주차장,,,,1000,False,utic
ME19X404,대구스타디움 주차장,,,,1000,False,utic
ME19X405,대구 동촌유원지 서편주차장,,,,1000,False,utic
ME19X413,도림사 주차장,,,,1000,False,utic
ME19X430,대구봉무공원 주차장,,,,1000,False,utic
ME19Y406,롯데렌탈 대구지점,L93171022991,[공사] 동부로 동대구역네거리 에서 금호천일고속버스터미널 방향 4차로 지하 시설 작업 주의운전,521.9,1000,True,utic
ME19Z223,이마트 성서점,L93171039525,[공사] 성서동로 가야유치원 에서 이곡동1255 방향 1차로 도로공사 주의운전,58.5,1000,True,utic
ME20C182,두류1·2동1공영주차장,,,,1000,False,utic
ME20C183,서남시장공영주차장,,,,1000,False,utic
ME20C184,송현주공시장 공영주차장,,,,1000,False,utic
ME20C185,한국산업인력공단 대구지역본부,,,,1000,False,utic
ME20C186,논공읍행정복지센터,,,,1000,False,utic
ME20C187,달성군보건소,,,,1000,False,utic
ME20C188,신암3동행정복지센터,L93171022991,[공사] 동부로 동대구역네거리 에서 금호천일고속버스터미널 방향 4차로 지하 시설 작업 주의운전,491.8,1000,True,utic
ME20C189,한국사학진흥재단,,,,1000,False,utic
ME20C285,달성습지생태학습관,,,,1000,False,utic
ME20C286,읍내동 행정복지센터,,,,1000,False,utic
ME20C287,한국도로공사 북대구영업소,,,,1000,False,utic
ME20C288,한국도로공사 서대구영업소,,,,1000,False,utic
ME20C304,대구경북첨단의료산업진흥재단,,,,1000,False,utic
ME20C414,낙동강물환경연구소,,,,1000,False,utic
ME20D206,한국산업기술평가관리원,,,,1000,False,utic
ME21A140,한국국토정보공사 군위지사,,,,1000,False,utic
ME21A903,논공(대구) 휴게소,,,,1000,False,utic
ME21A910,논공(광주) 휴게소,,,,1000,False,utic
ME21B130,대구강북경찰서,,,,1000,False,utic
ME21B198,대구수성경찰서,,,,1000,False,utic
ME21B1D2,소방장비관리센터,,,,1000,False,utic
ME21B262,군위(춘천) 휴게소,,,,1000,False,utic
ME21B301,한국산업단지공단 대구지역본부,,,,1000,False,utic
ME21C219,근로복지공단 대구병원,,,,1000,False,utic
ME21C228,대구성서경찰서,L93171039525,[공사] 성서동로 가야유치원 에서 이곡동1255 방향 1차로 도로공사 주의운전,120.0,1000,True,utic
ME21E401,낙동강 물환경연구소,,,,1000,False,utic
ME22C189,군위경찰서,,,,1000,False,utic
ME22C193,군위군노인복지관,,,,1000,False,utic
ME22C1A1,대구달서경찰서,,,,1000,False,utic
ME22C1A2,대구재활센터,,,,1000,False,utic
ME22C1A3,비원노인복지관,,,,1000,False,utic
ME22C1A4,달성군종합사회복지관,,,,1000,False,utic
ME22C250,논공(대구)휴게소(5번국도),,,,1000,False,utic
ME22C251,대구동부경찰서,,,,1000,False,utic
ME22C252,대구남부경찰서,,,,1000,False,utic
ME22C253,한국산업인력공단 대구지역본부,,,,1000,False,utic
ME22D191,복현지구대,,,,1000,False,utic
ME22D192,대곡파출소,,,,1000,False,utic
ME22D1C0,강북지구대,,,,1000,False,utic
ME22D245,군위전통시장 주차타워,,,,1000,False,utic
ME22D254,화원파출소,,,,1000,False,utic
ME23A218,대구지방기상청,,,,1000,False,utic
ME23B113,군위군청,,,,1000,False,utic
ME23B114,대구광역시교통연수원,,,,1000,False,utic
ME23B115,남구시니어행복센터,,,,1000,False,utic
ME23B186,망우당공원 택시쉼터,,,,1000,False,utic
ME24A243,대구광역시 군위군청,,,,1000,False,utic
ME24A244,군위 전투전승기념공원,,,,1000,False,utic
ME24A248,비슬산관광지 주차장,,,,1000,False,utic
ME24B142,성서운동장,L93171039525,[공사] 성서동로 가야유치원 에서 이곡동1255 방향 1차로 도로공사 주의운전,932.0,1000,True,utic
ME24B143,장기공원 주차장,,,,1000,False,utic
ME24B144,효령면행정복지센터,,,,1000,False,utic
ME24B207,대구경북지방중소벤처기업청 청사,L93171039525,[공사] 성서동로 가야유치원 에서 이곡동1255 방향 1차로 도로공사 주의운전,492.6,1000,True,utic
ME24B208,한국수자원공사 달성보,,,,1000,False,utic
ME25C165,군위농산물 푸드유통센터,,,,1000,False,utic
ME25C166,농기계사업소 동부분소,,,,1000,False,utic
ME25C167,학산공원 삼거리 주차장,,,,1000,False,utic
ME25C168,E-share 대구샘기억학교,,,,1000,False,utic
ME25C169,E-share 덕수복지재단 미소마을,,,,1000,False,utic
ME25C170,신서혁신도시 나불지 공영주차장 2,,,,1000,False,utic
ME25C171,동촌유원지 3 공영주차장 2,,,,1000,False,utic
ME25C172,E-share 대불노인복지관,,,,1000,False,utic
ME25C173,산격4동 공영주차장,,,,1000,False,utic
ME25C276,전망대주차장,,,,1000,False,utic
ME25C277,수밭근린공원 주차장,,,,1000,False,utic
ME25C278,국립대구박물관(북문 주차장) (2),,,,1000,False,utic
ME25C425,달성군 보건소 주차장,,,,1000,False,utic
ME25C426,신서혁신도시 나불지 공영주차장 1,,,,1000,False,utic
ME25C427,동촌유원지 3 공영주차장 1,,,,1000,False,utic
ME25C428,국립대구박물관(북문 주차장) (1),,,,1000,False,utic
AH000019,대구 KC타운,,,,1000,False,utic
AH000052,대구 산격보성아파트 (대성),,,,1000,False,utic
AH000082,대구 CTR모빌리티,,,,1000,False,utic
ALAL0013,대영빌딩,L93171022991,[공사] 동부로 동대구역네거리 에서 금호천일고속버스터미널 방향 4차로 지하 시설 작업 주의운전,401.5,1000,True,utic
AM900026,대구 동천동 세븐밸리 충전소,,,,1000,False,utic
AM900047,대구 와이즈빌딩,,,,1000,False,utic
AM900048,대구 와이즈빌딩 급속충전소,,,,1000,False,utic
AZ100007,이고,,,,1000,False,utic
AZ100013,대청초등학교,,,,1000,False,utic
AZ100014,밴앤포스,,,,1000,False,utic
AZ100017,대구세강병원,,,,1000,False,utic
AZ100019,지피에스,,,,1000,False,utic
AZ100020,올인워크,,,,1000,False,utic
AZ100021,KB차차차 동대구,,,,1000,False,utic
AZ100022,모빌리티기술혁신센터,,,,1000,False,utic
AZ100023,비에스타워,,,,1000,False,utic
BE241230,워터 군위휴게소 부산방향,,,,1000,False,utic
BE241250,워터 현풍휴게소 대구방향,,,,1000,False,utic
BE241251,워터 현풍휴게소 창원방향,,,,1000,False,utic
BE482306,워터 대구 반월당,,,,1000,False,utic
BNBN0053,대구 달성군 한국기계연구원,,,,1000,False,utic
BNBN0494,달성군 테크노스포츠센터,,,,1000,False,utic
BNBN0583,대구 군위고등학교,,,,1000,False,utic
BNBN0584,대구 경일여자고등학교,,,,1000,False,utic
BNBN0585,대구 새본리중학교,,,,1000,False,utic
BNBN0586,대구 상원고등학교,,,,1000,False,utic
BNBN0588,대구 외국어고등학교,,,,1000,False,utic
BNBN0590,대구 현풍고등학교,,,,1000,False,utic
BNBN0591,대구 선명학교,,,,1000,False,utic
BNBN0594,대구 소선여자중학교,L93171007174,[공사] 달구벌대로 만촌네거리 에서 남부빌딩 방향 1차로 지하 시설 작업 주의운전,881.4,1000,True,utic
BNBN0721,대구 서대구중학교,,,,1000,False,utic
BNBN1092,대구 달성 대구달성경찰서,,,,1000,False,utic
BNBN1180,대구 달서 일신테크노밸리,,,,1000,False,utic
BNMI4428,대구공업고등학교,L93171025789,[공사] 대현로 대한응급구조사협회 에서 공고네거리 방향 2차로 도로공사 주의운전,214.0,1000,True,utic
BNMI4433,대구 평리중학교,,,,1000,False,utic
BNMI4438,대구 경북기계공업고등학교,,,,1000,False,utic
CCP00001,송해공원골프클럽,,,,1000,False,utic
CG000066,대구 태원모터스,,,,1000,False,utic
CGP00005,르노코리아서비스코너현풍점,,,,1000,False,utic
CGP00009,대구 태전미진타운아파트_B1,,,,1000,False,utic
CGP00011,대구 우방신천지타운_203동 앞,,,,1000,False,utic
CGP00013,대구 우방신천지타운_관리사무소 옆,,,,1000,False,utic
CGP00014,대구 동대구푸르지오브리센트_105동,L93171022991,[공사] 동부로 동대구역네거리 에서 금호천일고속버스터미널 방향 4차로 지하 시설 작업 주의운전,744.5,1000,True,utic
CGP00015,대구 동대구푸르지오브리센트_109동,L93171022991,[공사] 동부로 동대구역네거리 에서 금호천일고속버스터미널 방향 4차로 지하 시설 작업 주의운전,719.9,1000,True,utic
CGP00016,대구 동대구푸르지오브리센트_110동,L93171022991,[공사] 동부로 동대구역네거리 에서 금호천일고속버스터미널 방향 4차로 지하 시설 작업 주의운전,762.8,1000,True,utic
CGP00017,대구 동대구푸르지오브리센트_102동,L93171022991,[공사] 동부로 동대구역네거리 에서 금호천일고속버스터미널 방향 4차로 지하 시설 작업 주의운전,808.4,1000,True,utic
CGP00018,대구 동대구푸르지오브리센트_109동,L93171022991,[공사] 동부로 동대구역네거리 에서 금호천일고속버스터미널 방향 4차로 지하 시설 작업 주의운전,721.1,1000,True,utic
CGP00019,대구 동대구푸르지오브리센트_110동,L93171022991,[공사] 동부로 동대구역네거리 에서 금호천일고속버스터미널 방향 4차로 지하 시설 작업 주의운전,760.3,1000,True,utic
CI0F0001,제네스타워,,,,1000,False,utic
CI0F0002,두류공원골프연습장,,,,1000,False,utic
CI0F0003,사라골프,,,,1000,False,utic
CI0F0004,프라나 호텔,,,,1000,False,utic
CI0F0005,군위 수서 골프앤 리조트,,,,1000,False,utic
CPCP1044,롯데시네마부설주차장,,,,1000,False,utic
CPCT0011,남대구IC지식산업센터,,,,1000,False,utic
CPCT3003,남대구IC지식산업센터(급속),,,,1000,False,utic
CSCS1024,삼성생명빌딩,,,,1000,False,utic
CSCS2017,서재골프랜드,,,,1000,False,utic
CU530001,모텔 뷰(박병선),L93171039525,[공사] 성서동로 가야유치원 에서 이곡동1255 방향 1차로 도로공사 주의운전,458.9,1000,True,utic
CU530002,학정역효성해링턴플레이스,,,,1000,False,utic
CU530004,신암그린타운,L93171025789,[공사] 대현로 대한응급구조사협회 에서 공고네거리 방향 2차로 도로공사 주의운전,376.1,1000,True,utic
CU530005,만촌태왕리더스,L93171007174,[공사] 달구벌대로 만촌네거리 에서 남부빌딩 방향 1차로 지하 시설 작업 주의운전,608.6,1000,True,utic
CU530006,만촌1차우방타운,,,,1000,False,utic
CU530007,보국웰리치시지아파트,,,,1000,False,utic
CU530008,시지동화 아이위시,,,,1000,False,utic
CU530009,수성2차e편한세상,L93171007174,[공사] 달구벌대로 만촌네거리 에서 남부빌딩 방향 1차로 지하 시설 작업 주의운전,511.2,1000,True,utic
CU530010,화성센트럴파크,,,,1000,False,utic
CU530011,침산코오롱하늘채2단지,L93171040039,[공사] 성북로 침산초등학교앞 교차로 에서 침산동4767 방향 1차로 도로공사 주의운전,938.9,1000,True,utic
CU530012,에코폴리스동화아이위시3차,,,,1000,False,utic
CU530014,율하역엘크루아파트,,,,1000,False,utic
CV000007,대영코어텍 주차장,,,,1000,False,utic
CV000039,대구 컨벤션센터,,,,1000,False,utic
CV000048,대구시_수성의료지구(대구도시공사),,,,1000,False,utic
CV000051,대구시_지능형자동차부품진흥원,,,,1000,False,utic
CV000103,대구보건대학교(입구 주차장),,,,1000,False,utic
CV000112,한국장학재단,L93171025789,[공사] 대현로 대한응급구조사협회 에서 공고네거리 방향 2차로 도로공사 주의운전,57.1,1000,True,utic
CV000113,MH엘퍼스트오페라오피스텔,L93171040039,[공사] 성북로 침산초등학교앞 교차로 에서 침산동4767 방향 1차로 도로공사 주의운전,576.4,1000,True,utic
CV000146,(주)동원약품,,,,1000,False,utic
CV000149,동화사집단시설지구(씨네80),,,,1000,False,utic
CV000151,수성관광호텔(주차타워 A1B1 구역),,,,1000,False,utic
CV000152,매일신문사,,,,1000,False,utic
CV000154,대구자동차경매장(후문),,,,1000,False,utic
CV000163,주공그린빌1단지,,,,1000,False,utic
CV000165,마크팰리스범어,,,,1000,False,utic
CV000194,문양역,,,,1000,False,utic
CV000195,대구가창 광덕사,,,,1000,False,utic
CV000219,팔공CC(우경개발),,,,1000,False,utic
CV000224,대구컨벤션센터(엑스코)신관,,,,1000,False,utic
CV000321,이시아폴리스 근생판매시설,,,,1000,False,utic
CV000375,트리팜,,,,1000,False,utic
CV000390,청기와아파트,,,,1000,False,utic
CV000394,하늘천따지식당,,,,1000,False,utic
CV000406,대구광역시 상수도사업본부 수질연구소,,,,1000,False,utic
CV000446,태왕아너스아파트(황금동),,,,1000,False,utic
CV000478,D모텔,,,,1000,False,utic
CV000500,대구시_한국도로공사(유천IC),,,,1000,False,utic
CV000501,대구시_저소득층 밀집지구 지식산업센터,,,,1000,False,utic
CV000502,대구시_장기공영주차장,,,,1000,False,utic
CV000503,대구시_월촌공원주차장,,,,1000,False,utic
CV000504,대구시_운암지 공영주차장,,,,1000,False,utic
CV000505,대구시_상호림공원,,,,1000,False,utic
CV000506,대구시_대현동 행정복지센터,L93171025789,[공사] 대현로 대한응급구조사협회 에서 공고네거리 방향 2차로 도로공사 주의운전,574.6,1000,True,utic
CV000507,대구시_대명11동 행정복지센터,,,,1000,False,utic
CV000508,대구시_대구테크노파크 신기술산업지원센터,,,,1000,False,utic
CV000509,대구시_대구은행 본점,,,,1000,False,utic
CV000510,대구시_대구유통단지 전자관,,,,1000,False,utic
CV000512,대구시_대구지식산업센터,,,,1000,False,utic
CV000513,대구시_남산2동 행정복지센터,,,,1000,False,utic
CV000515,대구시_KS택시주식회사,,,,1000,False,utic
CV000519,대구시_봉덕3동 행정복지센터,,,,1000,False,utic
CV000534,대구시_대신동 행정복지센터,,,,1000,False,utic
CV000535,대구시_중구청,,,,1000,False,utic
CV000536,대구시_대명2동 행정복지센터,,,,1000,False,utic
CV000537,대구시_대명3동 행정복지센터,,,,1000,False,utic
CV000538,대구시_대명4동 행정복지센터,,,,1000,False,utic
CV000539,대구시_안심4동 행정복지센터,,,,1000,False,utic
CV000540,대구시_안심1동 행정복지센터,,,,1000,False,utic
CV000542,대구시_동촌동 행정복지센터,,,,1000,False,utic
CV000543,대구시_효목1동 행정복지센터,,,,1000,False,utic
CV000544,대구시_도평동 공영주차장,,,,1000,False,utic
CV000547,대구시_고성동 행정복지센터,,,,1000,False,utic
CV000549,대구시_무태조야동 행정복지센터,,,,1000,False,utic
CV000550,대구시_태전1동 행정복지센터,,,,1000,False,utic
CV000551,대구시_본리동 행정복지센터,,,,1000,False,utic
CV000553,대구시_송현2동 행정복지센터,,,,1000,False,utic
CV000554,대구시_하빈면사무소,,,,1000,False,utic
CV000555,대구시_신암2동 행정복지센터,L93171025789,[공사] 대현로 대한응급구조사협회 에서 공고네거리 방향 2차로 도로공사 주의운전,193.3,1000,True,utic
CV000556,대구시_대구은행 월배지점,,,,1000,False,utic
CV000557,대구시_대구은행 3공단영업부지점,,,,1000,False,utic
CV000558,대구시_대구은행 신암동지점,L93171025789,[공사] 대현로 대한응급구조사협회 에서 공고네거리 방향 2차로 도로공사 주의운전,221.9,1000,True,utic
CV000559,대구시_남구청,,,,1000,False,utic
CV000560,대구시_명성푸르지오,L93171040039,[공사] 성북로 침산초등학교앞 교차로 에서 침산동4767 방향 1차로 도로공사 주의운전,296.7,1000,True,utic
CV000561,대구시_침산푸르지오,L93171040039,[공사] 성북로 침산초등학교앞 교차로 에서 침산동4767 방향 1차로 도로공사 주의운전,746.3,1000,True,utic
CV000562,대구시_차량등록사업소,L93171007174,[공사] 달구벌대로 만촌네거리 에서 남부빌딩 방향 1차로 지하 시설 작업 주의운전,922.9,1000,True,utic
CV000564,대구시_진천삼성래미안,,,,1000,False,utic
CV000565,대구시_유가읍 행정복지센터,,,,1000,False,utic
CV000566,대구시_옥포읍 행정복지센터,,,,1000,False,utic
CV000567,대구시_남산3동 행정복지센터,,,,1000,False,utic
CV000569,대구시_수성의료지구,,,,1000,False,utic
CV000599,성일모터스,,,,1000,False,utic
CV000616,대구시_대봉2동 주민센터,,,,1000,False,utic
CV000618,한국농어촌공사 달성지사,,,,1000,False,utic
CV000620,한국부동산원,,,,1000,False,utic
CV000630,대구기상과학관(대구지방기상청),,,,1000,False,utic
CV000648,포르쉐 데스티네이션 투썸플레이스 대구가창점,,,,1000,False,utic
CV000657,포르쉐 데스티네이션 SG모터스,,,,1000,False,utic
CV000658,포르쉐 데스티네이션 메종듀미디/에이시언키친,,,,1000,False,utic
CV000665,포르쉐 데스티네이션 미성PGA GC,,,,1000,False,utic
CV000667,황토마을 참숯가마찜질방,,,,1000,False,utic
CV000670,JD모터스 대구성서,,,,1000,False,utic
CV000678,채비초급속충전소2,,,,1000,False,utic
CV000701,대구죽곡그린주차빌딩,,,,1000,False,utic
CV000724,AFW(주),,,,1000,False,utic
CV000750,국립대구과학관,,,,1000,False,utic
CV000770,아우디_대구 전시장(아이언오토),,,,1000,False,utic
CV000783,대구시_신매공원,,,,1000,False,utic
CV000799,아우디_서대구 전시장(코오롱아우토),,,,1000,False,utic
CV000805,대구시_상리공원,,,,1000,False,utic
CV000806,대구시_효목2동,,,,1000,False,utic
CV000807,대구시_지저동,,,,1000,False,utic
CV000808,대구시_내당4동,,,,1000,False,utic
CV000809,대구시_칠성동,,,,1000,False,utic
CV000810,대구시_산격1동,,,,1000,False,utic
CV000811,대구시_태전2동,,,,1000,False,utic
CV000812,대구시_삼덕동,,,,1000,False,utic
CV000813,대구시_범어1동,,,,1000,False,utic
CV000814,대구시_지산2동,,,,1000,False,utic
CV000815,대구시_두류3동,,,,1000,False,utic
CV000816,대구시_상인3동행정복지센터,,,,1000,False,utic
CV000817,대구시_범물1동,,,,1000,False,utic
CV000818,대구시_신당동,,,,1000,False,utic
CV000831,대구 파티마병원 동관 입구 주차장,L93171022991,[공사] 동부로 동대구역네거리 에서 금호천일고속버스터미널 방향 4차로 지하 시설 작업 주의운전,848.9,1000,True,utic
CV000849,채비초급속충전소1,,,,1000,False,utic
CV000891,대구테크비즈센터,,,,1000,False,utic
CV000896,홈플러스 성서점,,,,1000,False,utic
CV000897,포르쉐 데스티네이션 홈플러스 대구성서점,,,,1000,False,utic
CV000899,포르쉐 HPC 신세계백화점 대구점,L93171022991,[공사] 동부로 동대구역네거리 에서 금호천일고속버스터미널 방향 4차로 지하 시설 작업 주의운전,557.5,1000,True,utic
CV000902,국민건강보험공단 대구경북지역본부,,,,1000,False,utic
CV000906,대구시_신암1동 행정복지센터,L93171025789,[공사] 대현로 대한응급구조사협회 에서 공고네거리 방향 2차로 도로공사 주의운전,462.0,1000,True,utic
CV000908,대구시_공산동 행정복지센터,,,,1000,False,utic
CV000934,커들포드 카페,,,,1000,False,utic
CV000952,동대구벤처밸리 기업성장지원센터,L93171022991,[공사] 동부로 동대구역네거리 에서 금호천일고속버스터미널 방향 4차로 지하 시설 작업 주의운전,562.0,1000,True,utic
CV000976,홈플러스 칠곡점,,,,1000,False,utic
CV000977,포르쉐 데스티네이션 홈플러스 칠곡점,,,,1000,False,utic
CV000978,한국산업기술평가관리원,,,,1000,False,utic
CV000979,대구시_도동 측백향커뮤니티센터,,,,1000,False,utic
CV000980,대구시_태전공원,,,,1000,False,utic
CV000981,대구시_수성소방서,,,,1000,False,utic
CV000982,대구시_고산2동 행정복지센터,,,,1000,False,utic
CV000985,행정안전부 정부청사관리본부 대구청사관리소,,,,1000,False,utic
CV000991,대구테크노파크,,,,1000,False,utic
CV001002,(주)인터불고 엑스코,,,,1000,False,utic
CV001048,대구시_유천동 행정복지센터,,,,1000,False,utic
CV001076,서재 하이빌딩 전기차충전소,,,,1000,False,utic
CV001113,동구 각산종합상가 전기차 충전소,,,,1000,False,utic
CV001121,시설공단대구_신매2 공영주차장,,,,1000,False,utic
CV001122,시설공단대구_신기 공영주차장,,,,1000,False,utic
CV001123,시설공단대구_호림1 공영주차장,,,,1000,False,utic
CV001124,시설공단대구_호림2 공영주차장,,,,1000,False,utic
CV001126,시설공단대구_본리2 공영주차장,,,,1000,False,utic
CV001127,시설공단대구_서변1 공영주차장,,,,1000,False,utic
CV001129,시설공단대구_갓바위3 공영주차장,,,,1000,False,utic
CV001130,제봉뜰 두류봉제 지식산업센터,,,,1000,False,utic
CV001171,대구시_서대구역(남측) 주차장,L93171040203,[공사] 북비산로 서대구역네거리 에서 서재 방향 1차로 가로수 벌목 주의운전,214.2,1000,True,utic
CV001208,대구상수도사업본부 달서사업소,,,,1000,False,utic
CV001219,(주)금오모빌리티,,,,1000,False,utic
CV001221,엑스코 제2전시장,,,,1000,False,utic
CV001223,JB관광호텔,,,,1000,False,utic
CV001234,내당1동 행정복지센터,,,,1000,False,utic
CV001241,시설공단대구_어린이회관 공영주차장,,,,1000,False,utic
CV001242,시설공단대구_달서대로 공영주차장,,,,1000,False,utic
CV001264,케이스식자재마트,,,,1000,False,utic
CV001297,(주)젠텍스,,,,1000,False,utic
CV001308,카페스톤 팔공산점,,,,1000,False,utic
CV001314,노사평화의전당,,,,1000,False,utic
CV001316,관문시장제1공영주차장,,,,1000,False,utic
CV001318,강당골공영주차장,,,,1000,False,utic
CV001323,롯데렌탈 동대구점,L93171022991,[공사] 동부로 동대구역네거리 에서 금호천일고속버스터미널 방향 4차로 지하 시설 작업 주의운전,521.3,1000,True,utic
CV001343,서대구제일교회,,,,1000,False,utic
CV001354,다사문양리마을공동주차장,,,,1000,False,utic
CV001396,대구테크노파크 대구벤처센터,L93171022991,[공사] 동부로 동대구역네거리 에서 금호천일고속버스터미널 방향 4차로 지하 시설 작업 주의운전,494.1,1000,True,utic
CV001397,대구테크노파크 신기술산업지원센터,,,,1000,False,utic
CV001398,대구테크노파크 벤처공장,,,,1000,False,utic
CV001426,경운대학교 대구교육관,,,,1000,False,utic
CV001441,호텔인터불고대구 파크빌리지주차장,,,,1000,False,utic
CV001462,아이빌,,,,1000,False,utic
CV001464,시민생활스포츠센터,,,,1000,False,utic
CV001488,대덕문화전당 주차장,,,,1000,False,utic
CV001489,대구출판산업지원센터,,,,1000,False,utic
CV001490,대구오페라하우스,L93171040039,[공사] 성북로 침산초등학교앞 교차로 에서 침산동4767 방향 1차로 도로공사 주의운전,943.2,1000,True,utic
CV001491,대구스마트시티센터,,,,1000,False,utic
CV001492,대구소프트웨어고등학교,,,,1000,False,utic
CV001493,대구달서구 청소년수련관 공영주차장,,,,1000,False,utic
CV001494,대구 월광주차장,,,,1000,False,utic
CV001495,달성군민체육관,,,,1000,False,utic
CV001496,달서아트센터,,,,1000,False,utic
CV001525,옥녀공원,,,,1000,False,utic
CV001529,빌리브스카이아파트,,,,1000,False,utic
CV001534,비슬산자연휴양림 공영주차장,,,,1000,False,utic
CV001544,대구육상진흥센터,,,,1000,False,utic
CV001545,달성1차산업단지관리공단 주차장,,,,1000,False,utic
CV001555,화원명곡체육공원주차장,,,,1000,False,utic
CV001562,한국도로교통공단 대구교통방송,,,,1000,False,utic
CV001564,용산환승공영주차장,,,,1000,False,utic
CV001566,불로다목적운동장 주차장,,,,1000,False,utic
CV001580,대구북구청소년회관주차장,,,,1000,False,utic
CV001581,서변2공영주차장,,,,1000,False,utic
CV001589,팔달공영주차장,,,,1000,False,utic
CV001590,팔공산자연공원(동치골주차장),,,,1000,False,utic
CV001592,칠성공영주차장,,,,1000,False,utic
CV001594,지산공영주차장,,,,1000,False,utic
CV001595,중리시영2차아파트,,,,1000,False,utic
CV001600,명문덴탈,,,,1000,False,utic
CV001601,두류공원4공영주차장(두류테니스장 맞은편),,,,1000,False,utic
CV001604,대구시_염색공단제3공영주차장,L93171040203,[공사] 북비산로 서대구역네거리 에서 서재 방향 1차로 가로수 벌목 주의운전,952.9,1000,True,utic
CV001605,대구시_염색공단제2공영주차장,,,,1000,False,utic
CV001606,대구시_염색공단제1공영주차장,L93171040203,[공사] 북비산로 서대구역네거리 에서 서재 방향 1차로 가로수 벌목 주의운전,615.5,1000,True,utic
CV001619,동구보건소,,,,1000,False,utic
CV001623,달서교하부공영주차장,L93171040203,[공사] 북비산로 서대구역네거리 에서 서재 방향 1차로 가로수 벌목 주의운전,639.3,1000,True,utic
CV001626,화원시장공영주차장,,,,1000,False,utic
CV001627,호산공영주차장,,,,1000,False,utic
CV001631,용산2공영주차장,,,,1000,False,utic
CV001632,신매3공영주차장,,,,1000,False,utic
CV001634,본리1공영주차장,,,,1000,False,utic
CV001635,대구월곡공영주차장,,,,1000,False,utic
CV001636,대구시각장애인복지관,,,,1000,False,utic
CV001637,달성군노인복지관,,,,1000,False,utic
CV001638,달구벌재활스포츠센터,,,,1000,False,utic
CV001646,대구광역시립남부도서관,,,,1000,False,utic
CV001678,월광수변공원주차장,,,,1000,False,utic
CV001687,연암공원 남편주차장,,,,1000,False,utic
CV001701,범어공영주차장,L93171007174,[공사] 달구벌대로 만촌네거리 에서 남부빌딩 방향 1차로 지하 시설 작업 주의운전,950.0,1000,True,utic
CV001706,현풍백년도깨비시장 공영주차장,,,,1000,False,utic
CV001707,침산공원 주차장,L93171040039,[공사] 성북로 침산초등학교앞 교차로 에서 침산동4767 방향 1차로 도로공사 주의운전,524.5,1000,True,utic
CV001710,용산1공영주차장,,,,1000,False,utic
CV001719,관음제1공영주차장,,,,1000,False,utic
CV001732,칠곡우방타운아파트,,,,1000,False,utic
CV001735,장기주공아파트,,,,1000,False,utic
CV001743,시지천마타운아파트,,,,1000,False,utic
CV001767,대구문화예술회관,,,,1000,False,utic
CV001768,달성종합스포츠파크,,,,1000,False,utic
CV001779,화원자연휴양림,,,,1000,False,utic
CV001788,시지노인전문병원,,,,1000,False,utic
CV001793,평리청구타운아파트,,,,1000,False,utic
CV001795,태전우방타운3차아파트,,,,1000,False,utic
CV001802,옥포지구서한이다음아파트,,,,1000,False,utic
CV001836,범어역우방유쉘아파트,,,,1000,False,utic
CV001851,대구서구문화회관,,,,1000,False,utic
CV001885,호림1공영주차장,,,,1000,False,utic
CV001891,호림2공영주차장,,,,1000,False,utic
CV001894,종합유통단지 전자상가 공영주차장,,,,1000,False,utic
CV001895,종합유통단지 산업용재관남편공영주차장,,,,1000,False,utic
CV001904,범물공원공영주차장,,,,1000,False,utic
CV001906,한국도로교통공단 대구지부,,,,1000,False,utic
CV001925,힐스테이트데시앙도남4단지아파트,,,,1000,False,utic
CV001941,대구 중구청 주차장,,,,1000,False,utic
CV001967,종합유통단지 코스트코서편공영주차장,,,,1000,False,utic
CV001969,수성못동편공영주차장,,,,1000,False,utic
CV001970,성당시장 공영주차장,,,,1000,False,utic
CV001971,방촌공영주차장,,,,1000,False,utic
CV001972,동구자원재활용센터선별장,,,,1000,False,utic
CV001973,대구동구청,,,,1000,False,utic
CV001974,대구 북구청 노원공영주차장,L93171040039,[공사] 성북로 침산초등학교앞 교차로 에서 침산동4767 방향 1차로 도로공사 주의운전,752.8,1000,True,utic
CV001976,경상감영공영주차장,,,,1000,False,utic
CV001994,수정한양아파트,,,,1000,False,utic
CV002012,월촌공영주차장,,,,1000,False,utic
CV002014,와룡아랫공원지하공영주차장,,,,1000,False,utic
CV002033,상인2공영주차장,,,,1000,False,utic
CV002034,상인1공영주차장,,,,1000,False,utic
CV002048,달서구 청사 부설주차장,,,,1000,False,utic
CV002068,대한불교조계종 대관음사,,,,1000,False,utic
CV002069,나라키움 대구통합청사,,,,1000,False,utic
CV002072,침산1동ECO주차장,L93171040039,[공사] 성북로 침산초등학교앞 교차로 에서 침산동4767 방향 1차로 도로공사 주의운전,641.8,1000,True,utic
CV002085,가창체육공원,,,,1000,False,utic
CV002087,차량등록사업소 본소,L93171007174,[공사] 달구벌대로 만촌네거리 에서 남부빌딩 방향 1차로 지하 시설 작업 주의운전,921.4,1000,True,utic
CV002099,한국뇌연구원 제1주차장,,,,1000,False,utic
CV002107,수성구청,,,,1000,False,utic
CV002115,혁신도시 공영주차장,,,,1000,False,utic
CV002128,안심공영주차장,,,,1000,False,utic
CV002131,동부여성문화회관 주차장,,,,1000,False,utic
CV002134,도로교통공단 대구운전면허시험장,,,,1000,False,utic
CV002139,대구공항1공영주차장,,,,1000,False,utic
CV002144,올림픽기념국민생활관,,,,1000,False,utic
CV002150,서재문화체육센터,,,,1000,False,utic
CV002155,달성군청소년센터,,,,1000,False,utic
CV002158,광장타운2차아파트,,,,1000,False,utic
CV002163,외환들공영주차장,,,,1000,False,utic
CV002169,대구스케일업허브,L93171022991,[공사] 동부로 동대구역네거리 에서 금호천일고속버스터미널 방향 4차로 지하 시설 작업 주의운전,598.3,1000,True,utic
CV002174,축산물도매시장(농수산물도매시장),,,,1000,False,utic
CV002175,신천역센트럴리버파크아파트 6주차장,,,,1000,False,utic
CV002176,신천역센트럴리버파크아파트 5주차장,L93171025789,[공사] 대현로 대한응급구조사협회 에서 공고네거리 방향 2차로 도로공사 주의운전,919.5,1000,True,utic
CV002177,신천역센트럴리버파크아파트 4주차장,L93171025789,[공사] 대현로 대한응급구조사협회 에서 공고네거리 방향 2차로 도로공사 주의운전,919.5,1000,True,utic
CV002178,신천역센트럴리버파크아파트 3주차장,L93171025789,[공사] 대현로 대한응급구조사협회 에서 공고네거리 방향 2차로 도로공사 주의운전,919.5,1000,True,utic
CV002179,신천역센트럴리버파크아파트 2주차장,L93171025789,[공사] 대현로 대한응급구조사협회 에서 공고네거리 방향 2차로 도로공사 주의운전,919.5,1000,True,utic
CV002180,신천역센트럴리버파크아파트 1주차장,L93171025789,[공사] 대현로 대한응급구조사협회 에서 공고네거리 방향 2차로 도로공사 주의운전,919.5,1000,True,utic
CV002181,상인공영주차장,,,,1000,False,utic
CV002188,SW융합테크비즈센터,,,,1000,False,utic
CV002189,평화시장공영주차장,L93171025789,[공사] 대현로 대한응급구조사협회 에서 공고네거리 방향 2차로 도로공사 주의운전,778.2,1000,True,utic
CV002191,성서국민체육센터,L93171039525,[공사] 성서동로 가야유치원 에서 이곡동1255 방향 1차로 도로공사 주의운전,831.1,1000,True,utic
CV002196,대구경북디자인진흥원,L93171022991,[공사] 동부로 동대구역네거리 에서 금호천일고속버스터미널 방향 4차로 지하 시설 작업 주의운전,636.2,1000,True,utic
CV002197,남산공영주차장,,,,1000,False,utic
CV002201,율하체육공원,,,,1000,False,utic
CV002202,위남마을공용주차장,,,,1000,False,utic
CV002203,다사체육공원,,,,1000,False,utic
CV002237,한국뇌연구원주차장,,,,1000,False,utic
CV002238,대구수목원관리사무소 3주차장,,,,1000,False,utic
CV002243,티스테이션 수성점,,,,1000,False,utic
CV002249,두산레포츠센터 부설주차장,,,,1000,False,utic
CV002250,두산레포츠센터 부설주차장 지하1층,,,,1000,False,utic
CV002253,달성군청사 주차장,,,,1000,False,utic
CV002262,제림주택은하아파트,,,,1000,False,utic
CV002266,상인동화태왕한양타운아파트,,,,1000,False,utic
CV002271,대곡주공9단지아파트,,,,1000,False,utic
CV002279,봉무공원제1주차장,,,,1000,False,utic
CV002288,화성그랜드파크아파트 307동,,,,1000,False,utic
CV002289,화성그랜드파크아파트 306동,,,,1000,False,utic
CV002290,화성그랜드파크아파트 305동,,,,1000,False,utic
CV002291,화성그랜드파크아파트 302동,,,,1000,False,utic
CV002292,화성그랜드파크아파트 301동,,,,1000,False,utic
CV002298,십분의칠,,,,1000,False,utic
CV002302,서리지 주차장,,,,1000,False,utic
CV002320,한국섬유개발연구원,,,,1000,False,utic
CV002321,티스테이션 남대구IC점,,,,1000,False,utic
CV002324,월광5주차장,,,,1000,False,utic
CV002336,두류수영장,,,,1000,False,utic
CV002346,대구체육관,,,,1000,False,utic
CV002347,대구영일택시,,,,1000,False,utic
CV002348,달성농수산물종합유통센터,,,,1000,False,utic
CV002350,큰골주차장,,,,1000,False,utic
CV002351,대구삼성라이온즈파크 달구벌주차장,,,,1000,False,utic
CV002358,화랑공원,,,,1000,False,utic
CV002371,앞산빨래터 공영주차장,,,,1000,False,utic
CV002372,시지공영주차장,,,,1000,False,utic
CV002377,파계사 공영주차장,,,,1000,False,utic
CV002388,대구테크노폴리스LH천년나무3단지,,,,1000,False,utic
CV002389,대구농수산물도매시장(수산),,,,1000,False,utic
CV002390,대구농수산물도매시장(농산),,,,1000,False,utic
CV002393,갓바위2공영주차장,,,,1000,False,utic
CV002394,갓바위1공영주차장,,,,1000,False,utic
CV002397,테크노폴리스천년나무1단지,,,,1000,False,utic
CV002401,동대구역더샵센터시티아파트,L93171022991,[공사] 동부로 동대구역네거리 에서 금호천일고속버스터미널 방향 4차로 지하 시설 작업 주의운전,364.2,1000,True,utic
CV002431,침산화성파크드림,L93171040039,[공사] 성북로 침산초등학교앞 교차로 에서 침산동4767 방향 1차로 도로공사 주의운전,332.8,1000,True,utic
CV002440,수성데시앙리버뷰아파트,,,,1000,False,utic
CV002468,영신고등학교,,,,1000,False,utic
CV002471,국채보상운동기념공원주차장,,,,1000,False,utic
CV002516,달성군교육문화복지센터,,,,1000,False,utic
CV002570,대구시민운동장,,,,1000,False,utic
CV002607,수성롯데캐슬더퍼스트아파트 301동,,,,1000,False,utic
CV002608,수성롯데캐슬더퍼스트아파트 206동,,,,1000,False,utic
CV002609,수성롯데캐슬더퍼스트 아파트 107동,,,,1000,False,utic
CV002620,티스테이션 달서점,,,,1000,False,utic
CV002623,신월초등학교,,,,1000,False,utic
CV002633,티스테이션 대구강북점,,,,1000,False,utic
CV002669,한실초등학교,,,,1000,False,utic
CV002689,대구시_대구국가산업단지2공영주차장,,,,1000,False,utic
CV002690,대구시_대구국가산업단지1공영주차장,,,,1000,False,utic
CV002715,범어월드메르디앙이스턴카운티아파트,,,,1000,False,utic
CV002733,한국농어촌공사 경북지역본부,,,,1000,False,utic
CV002735,대구옥포LH천년나무2단지 206동,,,,1000,False,utic
CV002736,대구옥포LH천년나무2단지 209동,,,,1000,False,utic
CV002766,대구칠곡부영7단지아파트 707동,,,,1000,False,utic
CV002767,대구칠곡부영7단지아파트 703동,,,,1000,False,utic
CV002776,월성동삼성래미안아파트,,,,1000,False,utic
CV002798,알파센트럴빌딩,,,,1000,False,utic
CV002819,대구범어초등학교,,,,1000,False,utic
CV002838,대구MBC,,,,1000,False,utic
CV002855,학정청아람아파트 103동,,,,1000,False,utic
CV002856,학정청아람아파트 102동,,,,1000,False,utic
CV002857,학정청아람아파트 101동,,,,1000,False,utic
CV002862,대구시_구지창리주차장,,,,1000,False,utic
CV002872,대구다사주공2단지아파트,,,,1000,False,utic
CV002913,대구시_하빈무등리공영주차장,,,,1000,False,utic
CV002914,대구시_옻골동산,,,,1000,False,utic
CV002915,대구시_대구서구청소년수련관,L93171040203,[공사] 북비산로 서대구역네거리 에서 서재 방향 1차로 가로수 벌목 주의운전,991.4,1000,True,utic
CV002939,수성유원지주차장,,,,1000,False,utic
CV002940,제2석굴암 주차장2,,,,1000,False,utic
CV002950,문화회관,,,,1000,False,utic
CV002951,군위보건소,,,,1000,False,utic
CV002952,농업기술센터 주차장,,,,1000,False,utic
CV002956,대구시_연경체육공원,,,,1000,False,utic
CV002973,송해공원 5주차장,,,,1000,False,utic
CV002995,황금빌딩,,,,1000,False,utic
CV003039,대구화성파크드림갤러리,L93171040039,[공사] 성북로 침산초등학교앞 교차로 에서 침산동4767 방향 1차로 도로공사 주의운전,463.7,1000,True,utic
CV003040,대구스타디움 제2주차장,,,,1000,False,utic
CV003041,대구스타디움 제1주차장,,,,1000,False,utic
CV003042,대구소방안전본부,,,,1000,False,utic
CV003062,홈플러스 남대구점,,,,1000,False,utic
CV003063,대구시_한국도로공사 칠곡영업소,,,,1000,False,utic
CV003064,대구시_파동교네거리주차장,,,,1000,False,utic
CV003065,대구시_파계사주차장,,,,1000,False,utic
CV003066,대구시_월광수변공원주차장,,,,1000,False,utic
CV003067,대구시_아이빌,,,,1000,False,utic
CV003068,대구시_복현장미공원,,,,1000,False,utic
CV003069,대구시_대구체육관,,,,1000,False,utic
CV003070,대구시_대구은행 본리동지점,,,,1000,False,utic
CV003071,대구시_대구상공회의소,L93171022991,[공사] 동부로 동대구역네거리 에서 금호천일고속버스터미널 방향 4차로 지하 시설 작업 주의운전,666.2,1000,True,utic
CV003072,대구시_대구명복공원,,,,1000,False,utic
CV003073,(임시운영중지)대구시_대구국제사격장,,,,1000,False,utic
CV003074,대구시_대구공공시설관리공단달서천사업소,L93171040203,[공사] 북비산로 서대구역네거리 에서 서재 방향 1차로 가로수 벌목 주의운전,480.7,1000,True,utic
CV003075,대구시_구암동행정복지센터,,,,1000,False,utic
CV003076,대구시_DGB대구은행 파동지점,,,,1000,False,utic
CV003077,대구시_DGB대구은행 시지지점,,,,1000,False,utic
CV003078,대구시_현풍읍행정복지센터,,,,1000,False,utic
CV003079,대구시_해안동행복복지센터,,,,1000,False,utic
CV003080,대구시_한국산업단지공단달성사무소,,,,1000,False,utic
CV003081,대구시_펙스코 패션디자인개발지원센터,,,,1000,False,utic
CV003082,대구시_충혼탑,,,,1000,False,utic
CV003083,대구시_첨단의료산업진흥재단,,,,1000,False,utic
CV003084,대구시_진천동행정복지센터,,,,1000,False,utic
CV003085,대구시_지산공영주차장,,,,1000,False,utic
CV003086,대구시_이천동행정복지센터,,,,1000,False,utic
CV003087,대구시_이곡1동행정복지센터,L93171039525,[공사] 성서동로 가야유치원 에서 이곡동1255 방향 1차로 도로공사 주의운전,132.8,1000,True,utic
CV003088,대구시_유니버시아드 레포츠센터,,,,1000,False,utic
CV003089,대구시_월성2동행정복지센터,,,,1000,False,utic
CV003090,대구시_월성1동행정복지센터,,,,1000,False,utic
CV003091,대구시_원대동행정복지센터,,,,1000,False,utic
CV003092,대구시_용산2동행정복지센터,,,,1000,False,utic
CV003093,대구시_용산1동행정복지센터,,,,1000,False,utic
CV003096,대구시_앞산공원 공영주차장,,,,1000,False,utic
CV003097,대구시_아양아트센터,,,,1000,False,utic
CV003098,대구시_신암공원,,,,1000,False,utic
CV003099,대구시_송현1동행정복지센터,,,,1000,False,utic
CV003100,대구시_송현1동2공영주차장,,,,1000,False,utic
CV003102,대구시_성서체육공원주차장,,,,1000,False,utic
CV003103,대구시_성당동행정복지센터,,,,1000,False,utic
CV003104,대구시_서부법원 노상주차장,,,,1000,False,utic
CV003105,대구시_서대구산업단지근로자복지회관,,,,1000,False,utic
CV003106,대구시_서구국민체육센터,L93171040203,[공사] 북비산로 서대구역네거리 에서 서재 방향 1차로 가로수 벌목 주의운전,918.9,1000,True,utic
CV003107,대구시_상중이동행정복지센터,,,,1000,False,utic
CV003109,대구시_상인2동행정복지센터,,,,1000,False,utic
CV003110,대구시_상인1동행정복지센터,,,,1000,False,utic
CV003111,대구시_비슬산자연휴양림공영주차장,,,,1000,False,utic
CV003115,대구시_본동행정복지센터,,,,1000,False,utic
CV003116,대구시_반야월공영주차장,,,,1000,False,utic
CV003117,대구시_문양역공영주차장,,,,1000,False,utic
CV003118,대구시_매천경로당,,,,1000,False,utic
CV003119,대구시_두류공원1공영주차장,,,,1000,False,utic
CV003120,대구시_고산1동행정복지센터,,,,1000,False,utic
CV003121,대구시_두류 12동 행정복지센터,,,,1000,False,utic
CV003122,대구시_동촌유원지,,,,1000,False,utic
CV003123,대구시_동대구복합환승센터,L93171022991,[공사] 동부로 동대구역네거리 에서 금호천일고속버스터미널 방향 4차로 지하 시설 작업 주의운전,488.3,1000,True,utic
CV003124,대구시_동구청,,,,1000,False,utic
CV003125,대구시_도원동 행정복지센터,,,,1000,False,utic
CV003126,대구시_도시관리본부,,,,1000,False,utic
CV003127,대구시_대명9동 행정복지센터,,,,1000,False,utic
CV003128,대구시_대명5동행정복지센터,,,,1000,False,utic
CV003129,대구시_대덕승마장,,,,1000,False,utic
CV003130,(임시운영중지)대구시_대구환경공단 안심관리소,,,,1000,False,utic
CV003131,대구시_대구테크노파크 동대구캠퍼스 2동,L93171022991,[공사] 동부로 동대구역네거리 에서 금호천일고속버스터미널 방향 4차로 지하 시설 작업 주의운전,455.6,1000,True,utic
CV003132,대구시_대구차량등록사업소 서부분소,L93171039525,[공사] 성서동로 가야유치원 에서 이곡동1255 방향 1차로 도로공사 주의운전,258.6,1000,True,utic
CV003133,대구시_대구의료원,,,,1000,False,utic
CV003134,대구시_대구은행 제2본점영업부,L93171040039,[공사] 성북로 침산초등학교앞 교차로 에서 침산동4767 방향 1차로 도로공사 주의운전,748.6,1000,True,utic
CV003136,대구시_대구부광교회,,,,1000,False,utic
CV003137,대구시_대구과학관,,,,1000,False,utic
CV003138,대구시_대구공공시설관리공단서부사업소,,,,1000,False,utic
CV003139,대구시_대구공공시설관리공단 상리사업소,L93171040203,[공사] 북비산로 서대구역네거리 에서 서재 방향 1차로 가로수 벌목 주의운전,873.2,1000,True,utic
CV003140,대구시_달성문화센터,,,,1000,False,utic
CV003141,대구시_달성군청,,,,1000,False,utic
CV003142,대구시_달성군농업기술센터,,,,1000,False,utic
CV003143,대구시_다사읍 행정복지센터 서재출장소,,,,1000,False,utic
CV003144,대구시_농수산물도매시장,,,,1000,False,utic
CV003145,대구시_논공읍공단출장소,,,,1000,False,utic
CV003146,대구시_논공읍 행정복지센터,,,,1000,False,utic
CV003147,(철거)대구시_관음제1공영주차장,,,,1000,False,utic
CV003148,대구시_관문동행정복지센터,,,,1000,False,utic
CV003149,대구시_갓바위공영5주차장,,,,1000,False,utic
CV003150,대구시_가창면행정복지센터,,,,1000,False,utic
CV003158,대구시_다사읍사무소,,,,1000,False,utic
CV003159,대구시_다사체육공원,,,,1000,False,utic
CV003162,영남이공대학교 행복기숙사,,,,1000,False,utic
CV003163,영남이공대학교 사회관,,,,1000,False,utic
CV003165,대구시_고산노인복지관,,,,1000,False,utic
CV003176,미리샘마을주공2단지아파트 P-4주차장,,,,1000,False,utic
CV003177,미리샘마을주공2단지아파트 P-3주차장,,,,1000,False,utic
CV003178,미리샘마을주공2단지아파트 P-2주차장,,,,1000,False,utic
CV003179,미리샘마을주공2단지아파트 P-1주차장,,,,1000,False,utic
CV003181,대구시_대구공공시설관리공단 동부사업소,,,,1000,False,utic
CV003185,근로복지공단대구병원,,,,1000,False,utic
CV003193,수성데시앙리버뷰 지하2층,,,,1000,False,utic
CV003194,수성데시앙리버뷰 지하1층,,,,1000,False,utic
CV003205,한국전자통신연구원 대경권연구센터,,,,1000,False,utic
CV003209,대구다사주공1단지아파트,,,,1000,False,utic
CV003237,대구 장애인 국민체육센터,,,,1000,False,utic
CV003256,삼국유사테마파크,,,,1000,False,utic
CV003258,군위군청 주차장,,,,1000,False,utic
CV003276,서대구세무서,,,,1000,False,utic
CV003282,대구의료원본관,,,,1000,False,utic
CV003283,대구의료원라파엘관,,,,1000,False,utic
CV003284,대구의료원국화원,,,,1000,False,utic
CV003286,남대구세무서,,,,1000,False,utic
CV003304,시지6차태왕리더스,,,,1000,False,utic
CV003315,복현3차서한이다음,,,,1000,False,utic
CV003352,대구신서혁신LH천년나무14단지아파트,,,,1000,False,utic
CV003353,대구신서혁신LH천년나무13단지아파트,,,,1000,False,utic
CV003360,죽곡휴먼시아1단지아파트,,,,1000,False,utic
CV003428,대구시_검단동행정복지센터,,,,1000,False,utic
CV003437,대구광역시선거관리위원회,,,,1000,False,utic
CV003444,대구시_고산3동행정복지센터,,,,1000,False,utic
CV003445,대구시_올브랜서편공영주차장,,,,1000,False,utic
CV003446,대구시_평리3동행정복지센터,,,,1000,False,utic
CV003447,대구시_평리1동행정복지센터,,,,1000,False,utic
CV003449,대구시_신매3공영주차장,,,,1000,False,utic
CV003450,대구시_시청별관,,,,1000,False,utic
CV003451,대구시_시지근린공원,,,,1000,False,utic
CV003452,대구시_수성아트피아,,,,1000,False,utic
CV003453,대구시_수성대학교 입구(좌),L93171007174,[공사] 달구벌대로 만촌네거리 에서 남부빌딩 방향 1차로 지하 시설 작업 주의운전,679.0,1000,True,utic
CV003454,대구시_수성대학교 입구(우),L93171007174,[공사] 달구벌대로 만촌네거리 에서 남부빌딩 방향 1차로 지하 시설 작업 주의운전,679.0,1000,True,utic
CV003455,대구시_상동행정복지센터,,,,1000,False,utic
CV003456,대구시_산격2동행정복지센터,,,,1000,False,utic
CV003457,대구시_비산4동행정복지센터,,,,1000,False,utic
CV003458,대구시_비산1동행정복지센터,,,,1000,False,utic
CV003459,대구시_북구청,L93171040039,[공사] 성북로 침산초등학교앞 교차로 에서 침산동4767 방향 1차로 도로공사 주의운전,776.8,1000,True,utic
CV003460,대구시_복현2동행정복지센터,,,,1000,False,utic
CV003461,대구시_매천역환승공영주차장,,,,1000,False,utic
CV003462,대구시_만촌3동행정복지센터,L93171007174,[공사] 달구벌대로 만촌네거리 에서 남부빌딩 방향 1차로 지하 시설 작업 주의운전,735.9,1000,True,utic
CV003463,대구시_만촌2동행정복지센터,L93171007174,[공사] 달구벌대로 만촌네거리 에서 남부빌딩 방향 1차로 지하 시설 작업 주의운전,341.8,1000,True,utic
CV003464,대구시_두산오거리,,,,1000,False,utic
CV003465,대구시_동천동행정복지센터,,,,1000,False,utic
CV003466,대구시_동림플라자,,,,1000,False,utic
CV003468,대구시_관음동행정복지센터,,,,1000,False,utic
CV003479,대구시_율하체육공원3주차장,,,,1000,False,utic
CV003480,대구시_수성구청,,,,1000,False,utic
CV003482,대구시_서문주차빌딩,,,,1000,False,utic
CV003483,대구시_서구청,,,,1000,False,utic
CV003484,대구시_달서구청,,,,1000,False,utic
CV003485,대구시_갓바위공영3주차장,,,,1000,False,utic
CV003535,대구은행 제2본점영업부,L93171040039,[공사] 성북로 침산초등학교앞 교차로 에서 침산동4767 방향 1차로 도로공사 주의운전,752.4,1000,True,utic
CV003559,대구은행 본점,,,,1000,False,utic
CV003560,대구은행 국가산단지점,,,,1000,False,utic
CV003565,대구시_외환들공영주차장,,,,1000,False,utic
CV003566,대구시_어린이회관,,,,1000,False,utic
CV003567,대구시_오리1리마을회관,,,,1000,False,utic
CV003568,대구시_지산1동행정복지센터,,,,1000,False,utic
CV003569,대구시_중동행정복지센터,,,,1000,False,utic
CV003570,대구시_동인동 행정복지센터,,,,1000,False,utic
CV003571,대구시_대구시청 지상1층,,,,1000,False,utic
CV003572,대구시_남산4동 행정복지센터,,,,1000,False,utic
CV003573,대구시_국채보상운동기념공원주차장,,,,1000,False,utic
CV003646,신암뜨란채 109동,L93171025789,[공사] 대현로 대한응급구조사협회 에서 공고네거리 방향 2차로 도로공사 주의운전,495.1,1000,True,utic
CV003647,신암뜨란채 106동,L93171025789,[공사] 대현로 대한응급구조사협회 에서 공고네거리 방향 2차로 도로공사 주의운전,600.8,1000,True,utic
CV003648,신암뜨란채 103동,L93171025789,[공사] 대현로 대한응급구조사협회 에서 공고네거리 방향 2차로 도로공사 주의운전,518.1,1000,True,utic
CV003672,대구노원한신더휴아파트 지하2층,,,,1000,False,utic
CV003673,대구노원한신더휴아파트 지하1층,,,,1000,False,utic
CV003674,대구노원한신더휴아파트,,,,1000,False,utic
CV003698,하나로마트 군위유통센터,,,,1000,False,utic
CV003716,하나로마트 군위유통센터,,,,1000,False,utic
CV003728,대구은행 성서공단영업부,,,,1000,False,utic
CV003763,하나로마트 농협성서점,,,,1000,False,utic
CV003786,홈플러스 대구수성점,,,,1000,False,utic
CV003792,신천역센트럴리버파크 지상1층,L93171025789,[공사] 대현로 대한응급구조사협회 에서 공고네거리 방향 2차로 도로공사 주의운전,974.8,1000,True,utic
CV003800,대구시_성서2공영주차장,L93171039525,[공사] 성서동로 가야유치원 에서 이곡동1255 방향 1차로 도로공사 주의운전,755.8,1000,True,utic
CV003801,대구시_성서4공영주차장,,,,1000,False,utic
CV003862,범어유림노르웨이숲 지하2층 103동,,,,1000,False,utic
CV003863,범어유림노르웨이숲 지하2층,,,,1000,False,utic
CV003864,범어유림노르웨이숲 지하1층,,,,1000,False,utic
CV003871,군위서부LH천년나무1단지,,,,1000,False,utic
CV003914,침산제일아파트,L93171040039,[공사] 성북로 침산초등학교앞 교차로 에서 침산동4767 방향 1차로 도로공사 주의운전,351.2,1000,True,utic
CV003916,율하휴먼시아10단지,,,,1000,False,utic
CV003917,율하휴먼시아6단지 603동,,,,1000,False,utic
CV003918,율하휴먼시아6단지 601동611동,,,,1000,False,utic
CV004040,화성그랜드파크 지하1층303동,,,,1000,False,utic
CV004041,화성그랜드파크 지상1층308동,,,,1000,False,utic
CV004042,화성그랜드파크 지상1층307동,,,,1000,False,utic
CV004043,화성그랜드파크 지상1층301동,,,,1000,False,utic
CV004072,화성그랜드파크 지하2층 307동,,,,1000,False,utic
CV004086,대구시엠월드,L93171040203,[공사] 북비산로 서대구역네거리 에서 서재 방향 1차로 가로수 벌목 주의운전,785.8,1000,True,utic
CV004097,영남네오빌 112동,,,,1000,False,utic
CV004098,영남네오빌 108동,,,,1000,False,utic
CV004099,영남네오빌 107동,,,,1000,False,utic
CV004100,영남네오빌 106동,,,,1000,False,utic
CV004101,영남네오빌 105동,,,,1000,False,utic
CV004102,영남네오빌 102동,,,,1000,False,utic
CV004103,영남네오빌,,,,1000,False,utic
CV004104,수성구 제2구민운동장,,,,1000,False,utic
CV004108,농협경제지주 대구태평로공판장,,,,1000,False,utic
CV004116,대구공항2공영주차장,,,,1000,False,utic
CV004134,가천졸음쉼터(대구방향),,,,1000,False,utic
CV004253,전통시장,,,,1000,False,utic
CV004267,보그워너디티씨,,,,1000,False,utic
CV004296,대구광역시 도시관리본부,,,,1000,False,utic
CV004302,평리3동공공복합청사 주차장,,,,1000,False,utic
CV004305,대구시_성서3공영주차장,,,,1000,False,utic
CV004317,대구시_서대구역광장2주차장,L93171040203,[공사] 북비산로 서대구역네거리 에서 서재 방향 1차로 가로수 벌목 주의운전,438.9,1000,True,utic
CV004318,대구시_서대구역광장1주차장,L93171040203,[공사] 북비산로 서대구역네거리 에서 서재 방향 1차로 가로수 벌목 주의운전,317.4,1000,True,utic
CV004321,에덴공항1차아파트,,,,1000,False,utic
CV004326,한국농어촌공사 달성지사(신축),,,,1000,False,utic
CV004336,대구시_성서1공영주차장,,,,1000,False,utic
CV004339,대구시_대구동구복합혁신센터,,,,1000,False,utic
CV004351,불로우방맨션,,,,1000,False,utic
CV004353,디아크문화관주차장,,,,1000,False,utic
CV004390,포르쉐 센터 아우토슈타트 대구 서비스센터,,,,1000,False,utic
CV004391,포르쉐 센터 아우토슈타트 대구,,,,1000,False,utic
CV004423,렉서스 서대구 전시장(와이엠렉서스),,,,1000,False,utic
CV004427,렉서스 대구(와이엠렉서스),,,,1000,False,utic
CV004428,렉서스 남대구 서비스센터(와이엠렉서스),,,,1000,False,utic
CV004443,신용보증기금본점,,,,1000,False,utic
CV004463,월성1동복합청사,,,,1000,False,utic
CV004464,신매시장공영주차장,,,,1000,False,utic
CV004465,하운드호텔 대구혁신도시점,,,,1000,False,utic
CV004476,경창산업,,,,1000,False,utic
CV004482,대구수목원관리사무소 1주차장,,,,1000,False,utic
CV004491,대구제일고등학교,,,,1000,False,utic
CV004500,경창산업 달성지사,,,,1000,False,utic
CV004510,뉴수성하와이,,,,1000,False,utic
CV004532,대한정형외과의원,,,,1000,False,utic
CV004541,수성행복드림센터,L93171007174,[공사] 달구벌대로 만촌네거리 에서 남부빌딩 방향 1차로 지하 시설 작업 주의운전,630.2,1000,True,utic
CV004550,범어동 근린생활시설,,,,1000,False,utic
CV004551,군위 세대희망허브센터,,,,1000,False,utic
CV004553,대구의료기술시험연수원,,,,1000,False,utic
CV004555,KS택시,,,,1000,False,utic
CV004556,화원유원지,,,,1000,False,utic
CV004568,앞산공원 달서별빛캠프주차장,,,,1000,False,utic
CV004598,대구도서관,,,,1000,False,utic
CV004606,대구한의대병원역,,,,1000,False,utic
CV004614,월배노인종합복지관,,,,1000,False,utic
CV004674,기아 대구지점,,,,1000,False,utic
CV004690,대구시_진천환승공영주차장,,,,1000,False,utic
CV004698,경일빌딩,,,,1000,False,utic
CV004699,엠스타하우스,,,,1000,False,utic
CV004700,대구대성주차장,,,,1000,False,utic
CV004701,대구파티마병원,L93171022991,[공사] 동부로 동대구역네거리 에서 금호천일고속버스터미널 방향 4차로 지하 시설 작업 주의운전,940.6,1000,True,utic
CV004702,비상,,,,1000,False,utic
CV004714,대구시_제3산단 혁신지원센터 및 복합문화센터,,,,1000,False,utic
CV004736,논공휴게소(대구방향),,,,1000,False,utic
DC530001,상인장미4단지아파트,,,,1000,False,utic
DC530002,만촌자이르네,,,,1000,False,utic
DC530003,만촌자이르네,,,,1000,False,utic
DC530004,만촌자이르네,,,,1000,False,utic
DC530005,계성중학교,,,,1000,False,utic
DC530006,죽전역에일린의뜰 야외주차장,,,,1000,False,utic
DC530007,죽전역에일린의뜰 103동,,,,1000,False,utic
DC530008,죽전역에일린의뜰 105동,,,,1000,False,utic
DC530009,죽전역에일린의뜰 111동,,,,1000,False,utic
DC530010,엑소디움센트럴동인 102동,,,,1000,False,utic
DC530011,엑소디움센트럴동인 105동,,,,1000,False,utic
DC530012,수성푸르지오리버센트 105동,,,,1000,False,utic
DC530013,수성푸르지오리버센트 107동,,,,1000,False,utic
DC530014,수성푸르지오리버센트 후출입구,,,,1000,False,utic
DC530015,죽전역화성파크드림 지하1층,,,,1000,False,utic
DC530016,죽전역화성파크드림 지하2층,,,,1000,False,utic
DC530017,강북태왕아너스더퍼스,,,,1000,False,utic
DC530018,동대구에일린의뜰 지하2층 21라인,L93171025789,[공사] 대현로 대한응급구조사협회 에서 공고네거리 방향 2차로 도로공사 주의운전,637.8,1000,True,utic
DC530019,동대구에일린의뜰 지하2층 23라인,L93171025789,[공사] 대현로 대한응급구조사협회 에서 공고네거리 방향 2차로 도로공사 주의운전,642.3,1000,True,utic
DC530020,북구청푸르지오에듀포레,L93171040039,[공사] 성북로 침산초등학교앞 교차로 에서 침산동4767 방향 1차로 도로공사 주의운전,909.7,1000,True,utic
DC530021,대봉서한이다음,,,,1000,False,utic
DC530022,시지월드메르디앙 102동,,,,1000,False,utic
DC530023,시지월드메르디앙 104동,,,,1000,False,utic
DC530024,침산쌍용아파트 102동 지하주차장,L93171040039,[공사] 성북로 침산초등학교앞 교차로 에서 침산동4767 방향 1차로 도로공사 주의운전,414.1,1000,True,utic
DC530025,침산쌍용아파트 104동 지하주차장,L93171040039,[공사] 성북로 침산초등학교앞 교차로 에서 침산동4767 방향 1차로 도로공사 주의운전,469.9,1000,True,utic
DG110009,동인동행정복지센터,,,,1000,False,utic
DO000034,강당골 공영주차장,,,,1000,False,utic
DYME2012,대구 엠플라자,,,,1000,False,utic
EBSSBILL,상신빌리지,,,,1000,False,utic
EC000049,반월당삼정그린코아 103동 지하4층,,,,1000,False,utic
EC000100,명곡미래빌3단지,,,,1000,False,utic
EC000145,침산동쌍용예가2차아파트 B1,L93171040039,[공사] 성북로 침산초등학교앞 교차로 에서 침산동4767 방향 1차로 도로공사 주의운전,142.8,1000,True,utic
EC000154,현대하이페리온2단지,,,,1000,False,utic
EC000155,현대하이페리온1단지,,,,1000,False,utic
EC000411,노원보성타운 B1,,,,1000,False,utic
EC000412,노원보성타운 B2,,,,1000,False,utic
EC000430,평리청구타운 2주차장 B1,,,,1000,False,utic
EC000431,평리청구타운 B2 전기실,,,,1000,False,utic
EC000505,우방한가람타운 지하3층 A7기둥,,,,1000,False,utic
EC000506,우방한가람타운 지하3층 B7기둥,,,,1000,False,utic
EC003284,화성명산타운 102동 지하1층 주차장,,,,1000,False,utic
EC003465,시지삼주한라협화타운 213동,,,,1000,False,utic
EC003466,시지삼주한라협화타운 211동,,,,1000,False,utic
EC004338,성서산단동원비즈플랫폼관리단 옥상주차장,L93171039525,[공사] 성서동로 가야유치원 에서 이곡동1255 방향 1차로 도로공사 주의운전,770.8,1000,True,utic
EC005054,대구우체국,,,,1000,False,utic
EC005057,북대구우체국,,,,1000,False,utic
EC005058,북대구우체국 (급),,,,1000,False,utic
EC005059,대구달서우체국,,,,1000,False,utic
EC270001,한국가스안전공사,,,,1000,False,utic
EC270004,수성대학교 잼마관,L93171007174,[공사] 달구벌대로 만촌네거리 에서 남부빌딩 방향 1차로 지하 시설 작업 주의운전,675.7,1000,True,utic
EC270005,대구교통공사 본사 (급),,,,1000,False,utic
EC270006,대구교통공사 본사,,,,1000,False,utic
EC270007,문양역 (급),,,,1000,False,utic
EC270008,문양역,,,,1000,False,utic
EC270009,대구교통공사 월배차량기지,,,,1000,False,utic
EC270010,대구교통공사 안심차량기지,,,,1000,False,utic
EC270011,대구교통공사 칠곡차량기지,,,,1000,False,utic
EO000005,E1 대구 전기차 충전소,,,,1000,False,utic
EO000079,E1 대구개인택시조합 전기차 충전소,,,,1000,False,utic
EO000301,E1 대구대천 전기차충전소,,,,1000,False,utic
EP190042,동구 동흥개발,,,,1000,False,utic
EP190043,달서 엠에스개발,L93171039525,[공사] 성서동로 가야유치원 에서 이곡동1255 방향 1차로 도로공사 주의운전,412.6,1000,True,utic
EP190050,달서구 펠리체(한명화),,,,1000,False,utic
EP200069,군위주유소,,,,1000,False,utic
EP200079,대구 중흥S클래스포디움,,,,1000,False,utic
EP200246,대구 한일1급정비공장,,,,1000,False,utic
EP200247,대구 인성보링정비,L93171040203,[공사] 북비산로 서대구역네거리 에서 서재 방향 1차로 가로수 벌목 주의운전,458.3,1000,True,utic
EP200248,대구 우주정비공업사,,,,1000,False,utic
EP200250,대구 모범자동차정비,L93171040203,[공사] 북비산로 서대구역네거리 에서 서재 방향 1차로 가로수 벌목 주의운전,284.6,1000,True,utic
EP200251,대구 더나은정비,L93171040203,[공사] 북비산로 서대구역네거리 에서 서재 방향 1차로 가로수 벌목 주의운전,937.5,1000,True,utic
EP220264,하나은행 성서지점 급속충전소,L93171039525,[공사] 성서동로 가야유치원 에서 이곡동1255 방향 1차로 도로공사 주의운전,352.9,1000,True,utic
EP220609,하나은행 대구봉덕점 급속충전소,,,,1000,False,utic
EP220738,대구 뉴그랜드호텔,,,,1000,False,utic
EP230165,대구 (주)명진랩 급속충전소,L93171039525,[공사] 성서동로 가야유치원 에서 이곡동1255 방향 1차로 도로공사 주의운전,770.8,1000,True,utic
EP230284,대구 의료법인백산의료재단,,,,1000,False,utic
EP240074,대구 현창건설 급속충전소,,,,1000,False,utic
EP530200,대구광역시동구불로947(경동택배),,,,1000,False,utic
EP530318,경북대학교 4차 생활관,L93171025789,[공사] 대현로 대한응급구조사협회 에서 공고네거리 방향 2차로 도로공사 주의운전,843.3,1000,True,utic
EP530700,대동빌딩(엠디시스템),,,,1000,False,utic
ER000286,가창중석타운,,,,1000,False,utic
ER000292,제일풍경채센트럴,,,,1000,False,utic
ER000293,제일풍경채센트럴,,,,1000,False,utic
ER000294,제일풍경채센트럴,,,,1000,False,utic
ER000295,제일풍경채센트럴,,,,1000,False,utic
ER000384,대구역센트럴자이,,,,1000,False,utic
ER000408,태전대백맨션,,,,1000,False,utic
ER000478,범물우방미진하이츠,,,,1000,False,utic
ER000488,남산역화성파크드림아파트,,,,1000,False,utic
ER000494,그린맨션3차아파트,,,,1000,False,utic
ER000546,죽곡하우젠트아너스빌,,,,1000,False,utic
ER000597,상록아이투빌아파트,,,,1000,False,utic
ER000605,현대하이페리온1단지,,,,1000,False,utic
ER000606,현대하이페리온2단지,,,,1000,False,utic
EV000329,대구상수도사업본부서부사업소,,,,1000,False,utic
EV000654,율하휴먼시아6,,,,1000,False,utic
EV000669,율하휴먼시아10단지,,,,1000,False,utic
EV000673,대구달성LH천년나무1단지,,,,1000,False,utic
EV000674,대구달성LH천년나무2단지,,,,1000,False,utic
EV001238,진석타워즈,,,,1000,False,utic
EV001570,한양은하아파트,,,,1000,False,utic
EV002118,대구 동신우방타운105동,,,,1000,False,utic
EV002119,대구 동신우방타운104동,,,,1000,False,utic
EV002287,대구서구 광장타운1차아파트,,,,1000,False,utic
EV002294,대구달서 용산보성타운 201동,,,,1000,False,utic
EV002295,대구달서 용산보성타운 202동,,,,1000,False,utic
EV003507,대구 달서구_대구직업능력개발원,,,,1000,False,utic
EV003702,매호효성백년가약1,,,,1000,False,utic
EV003703,매호효성백년가약2,,,,1000,False,utic
EV003704,매호효성백년가약3,,,,1000,False,utic
EV003741,강북화성파크드림1,,,,1000,False,utic
EV003782,전기안전공사 대구경북지역본부2,L93171022991,[공사] 동부로 동대구역네거리 에서 금호천일고속버스터미널 방향 4차로 지하 시설 작업 주의운전,990.2,1000,True,utic
EV003858,농협은행 대구영업본부,L93171025789,[공사] 대현로 대한응급구조사협회 에서 공고네거리 방향 2차로 도로공사 주의운전,568.0,1000,True,utic
EV003869,농협경제지주 경북광역급식센터,,,,1000,False,utic
EV003928,강북화성파크드림2,,,,1000,False,utic
EV003933,대구북구 LH천년나무5단지(B1),,,,1000,False,utic
EV003987,칠곡e편한세상,,,,1000,False,utic
EV003988,팔공3차보성맨션,,,,1000,False,utic
EV004105,대구달성 제일풍경채더퍼스트 105동 (지상),,,,1000,False,utic
EV004401,대구달성 서재휴먼시아 B1휀룸실옆,,,,1000,False,utic
EV004402,대구달성 서재휴먼시아 B2휀룸실옆,,,,1000,False,utic
EV004924,대구달서구 장기동협성휴포레1,,,,1000,False,utic
EV004925,대구달서구 장기동협성휴포레2,,,,1000,False,utic
EV005065,대구수성구 범물하이츠1,,,,1000,False,utic
EV005066,대구수성구 범물하이츠2,,,,1000,False,utic
EV005191,대구달서 장기초록나라1,,,,1000,False,utic
EV005192,대구달서 장기초록나라2,,,,1000,False,utic
EV005193,대구달서 장기초록나라3,,,,1000,False,utic
EV005228,대구수성 만촌삼정그린코아1,,,,1000,False,utic
EV005229,대구수성 만촌삼정그린코아2,,,,1000,False,utic
EV005230,대구수성 만촌삼정그린코아3,,,,1000,False,utic
EV005267,대구북구 대구금호LH천년나무1단지1,,,,1000,False,utic
EV005268,대구북구 대구금호LH천년나무1단지2,,,,1000,False,utic
EV005269,대구북구 대구금호LH천년나무1단지3,,,,1000,False,utic
EV005349,대구달성 에코폴리스 동화아이위시2차1,,,,1000,False,utic
EV005350,대구달성 에코폴리스 동화아이위시2차2,,,,1000,False,utic
EV005432,대구달서 용산1차서한화성타운1,,,,1000,False,utic
EV005433,대구달서 용산1차서한화성타운2,,,,1000,False,utic
EV005511,대구달성 대곡역그린빌 7지하,,,,1000,False,utic
EV005512,대구달성 대곡역그린빌 6지하,,,,1000,False,utic
EV005513,대구달성 대곡역그린빌 5지하,,,,1000,False,utic
EV005514,대구달성 대곡역그린빌 B1F 4주차장,,,,1000,False,utic
EV005515,대구달성 대곡역그린빌 3지하1층,,,,1000,False,utic
EV005516,대구달성 대곡역그린빌 3지하2층,,,,1000,False,utic
EV005517,대구달성 대곡역그린빌 2지하1층,,,,1000,False,utic
EV005518,대구달성 대곡역그린빌 2지하2층,,,,1000,False,utic
EV005519,대구달성 대곡역그린빌 1지하,,,,1000,False,utic
EV005709,대구달서 장기초록나라(교체)1,,,,1000,False,utic
EV005710,대구달서 장기초록나라(교체)2,,,,1000,False,utic
EV005711,대구달서 장기초록나라(교체)3,,,,1000,False,utic
EV005837,대구수성 수성하늘채르레브1,,,,1000,False,utic
EV005838,대구수성 수성하늘채르레브2,,,,1000,False,utic
EV005961,대구달성 죽곡한신휴플러스1,,,,1000,False,utic
EV005962,대구달성 죽곡한신휴플러스2,,,,1000,False,utic
EV005963,대구달성 죽곡한신휴플러스3,,,,1000,False,utic
EV005964,대구달성 죽곡한신휴플러스4,,,,1000,False,utic
EV005965,대구달성 죽곡한신휴플러스5,,,,1000,False,utic
EV005966,대구달성 죽곡한신휴플러스6,,,,1000,False,utic
EV005967,대구북구 삼진목화아파트,,,,1000,False,utic
EV006185,대구동구 영조아름다운나날3단지1,,,,1000,False,utic
EV006186,대구동구 영조아름다운나날3단지2,,,,1000,False,utic
EV006187,대구동구 영조아름다운나날3단지3,,,,1000,False,utic
EV006188,대구동구 영조아름다운나날3단지4,,,,1000,False,utic
EV006219,대구달성 세천한라비발디1,,,,1000,False,utic
EV006220,대구달성 세천한라비발디2,,,,1000,False,utic
EV006225,대구달성 세천한라비발디3,,,,1000,False,utic
EV006226,대구달성 세천한라비발디4,,,,1000,False,utic
EV006227,대구달성 세천한라비발디5,,,,1000,False,utic
EV006228,대구달성 세천한라비발디6,,,,1000,False,utic
EV006229,대구달성 세천한라비발디7,,,,1000,False,utic
EV006284,대구수성 월드메르디앙이스턴카운티1,,,,1000,False,utic
EV006285,대구수성 월드메르디앙이스턴카운티2,,,,1000,False,utic
EV006286,대구수성 월드메르디앙이스턴카운티3,,,,1000,False,utic
EV006297,대구수성 고려주택산장맨션,,,,1000,False,utic
EV006481,대구북구 LH천년나무5단지 501동,,,,1000,False,utic
EV006497,대구달서 상인역모아엘가파크뷰1,,,,1000,False,utic
EV006504,대구북구 LH천년나무5단지 504동,,,,1000,False,utic
EV006505,대구북구 LH천년나무5단지 506동,,,,1000,False,utic
EV006610,대구북구 태전한라아파트,,,,1000,False,utic
EV006614,대구달성 세천한라비발디8,,,,1000,False,utic
EV006615,대구달성 세천한라비발디9,,,,1000,False,utic
EV006616,대구달성 세천한라비발디10,,,,1000,False,utic
EV006617,대구달성 세천한라비발디11,,,,1000,False,utic
EV006712,대구동구 대구무역회관,L93171022991,[공사] 동부로 동대구역네거리 에서 금호천일고속버스터미널 방향 4차로 지하 시설 작업 주의운전,368.6,1000,True,utic
EV006766,대구북구 LH칠곡7단지아파트 1,,,,1000,False,utic
EV006767,대구북구 LH칠곡7단지아파트 2,,,,1000,False,utic
EV006768,대구북구 LH칠곡7단지아파트 3,,,,1000,False,utic
EV006840,대구북구 공작한양아파트,,,,1000,False,utic
EV006878,대구수성 범어롯데캐슬 1,,,,1000,False,utic
EV006879,대구수성 범어롯데캐슬 2,,,,1000,False,utic
EV006886,대구북구 칠곡3차보성타운,,,,1000,False,utic
EV007027,대구중구 신성미소시티아파트,,,,1000,False,utic
EV007037,대구달서 월성주공1단지아파트,,,,1000,False,utic
EV007155,대구북구 칠곡우방하이츠1,,,,1000,False,utic
EV007156,대구북구 칠곡우방하이츠2,,,,1000,False,utic
EV007238,대구북구 오페라삼정그린코아더베스트,L93171040039,[공사] 성북로 침산초등학교앞 교차로 에서 침산동4767 방향 1차로 도로공사 주의운전,734.0,1000,True,utic
EV007253,대구북구 대구노원한신더휴1,,,,1000,False,utic
EV007254,대구북구 대구노원한신더휴2,,,,1000,False,utic
EV007255,대구북구 대구노원한신더휴3,,,,1000,False,utic
EV007305,대구북구 칠곡주공그린빌6단지,,,,1000,False,utic
EV007345,대구수성 청구성조타운,,,,1000,False,utic
EV007346,대구북구 금호LH천년나무8단지,,,,1000,False,utic
EV007493,대구북구 동서변리벤빌1,,,,1000,False,utic
EV007494,대구북구 동서변리벤빌2,,,,1000,False,utic
EV007630,대구달성 국태모닝포유아파트,,,,1000,False,utic
EV007654,대구북구 칠곡2차영남타운1,,,,1000,False,utic
EV007655,대구북구 칠곡2차영남타운2,,,,1000,False,utic
EV007656,대구북구 칠곡2차영남타운3,,,,1000,False,utic
EV007657,대구달서 상인역모아엘가파크뷰2,,,,1000,False,utic
EV007658,대구달서 상인역모아엘가파크뷰3,,,,1000,False,utic
EV007739,대구광역시 신암보성1차타운,,,,1000,False,utic
EV007837,대구중구 반월당삼정그린코아,,,,1000,False,utic
EV007970,대구동구 문화아파트,,,,1000,False,utic
EV008138,대구수성 범어숲화성파크드림1,,,,1000,False,utic
EV008139,대구수성 범어숲화성파크드림2,,,,1000,False,utic
EV008140,대구수성 범어숲화성파크드림3,,,,1000,False,utic
EV008152,대구북구 연경숲아파트1,,,,1000,False,utic
EV008153,대구북구 연경숲아파트2,,,,1000,False,utic
EV008162,대구달서 상인서한타운1,,,,1000,False,utic
EV008163,대구달서 상인서한타운2,,,,1000,False,utic
EV008164,대구달서 상인서한타운3,,,,1000,False,utic
EV008233,대구북구 칠곡공작한양아파트2,,,,1000,False,utic
EV008234,대구북구 칠곡공작한양아파트3,,,,1000,False,utic
EV008289,대구북구 대구노원한신더휴4,,,,1000,False,utic
EV008290,대구북구 대구노원한신더휴5,,,,1000,False,utic
EV008365,대구동구 신천LH아파트,L93171025789,[공사] 대현로 대한응급구조사협회 에서 공고네거리 방향 2차로 도로공사 주의운전,752.4,1000,True,utic
EV008499,국민은행 대구지점,,,,1000,False,utic
EV008555,대구서구 황제맨션아파트,,,,1000,False,utic
EV008582,대구북구 칠곡2차영남타운4,,,,1000,False,utic
EV008583,대구북구 칠곡주공그린빌6단지2,,,,1000,False,utic
EV008584,대구북구 칠곡주공그린빌6단지3,,,,1000,False,utic
EV008597,대구동구 왕산우방타운,,,,1000,False,utic
EV008719,대구북구 칠곡2차영남타운5,,,,1000,False,utic
EV008720,대구북구 칠곡2차영남타운6,,,,1000,False,utic
EV008877,대구중구 라이프아파트,,,,1000,False,utic
EV008882,대구북구 대구금호LH천년나무1단지4,,,,1000,False,utic
EV008883,대구북구 대구금호LH천년나무1단지5,,,,1000,False,utic
EV008884,대구북구 대구금호LH천년나무1단지6,,,,1000,False,utic
EV008937,대구북구 LH천년나무8단지2,,,,1000,False,utic
EV008938,대구북구 LH천년나무8단지3,,,,1000,False,utic
EV008939,대구북구 LH천년나무8단지4,,,,1000,False,utic
EV008940,대구북구 LH천년나무8단지5,,,,1000,False,utic
EV008969,대구달서 상인우방타운,,,,1000,False,utic
EV008970,대구수성 수성태왕아너스1,,,,1000,False,utic
EV008971,대구수성 수성태왕아너스2,,,,1000,False,utic
EV010181,대구북구 학정청아람1,,,,1000,False,utic
EV010182,대구북구 학정청아람2,,,,1000,False,utic
EV010192,대구북구 오페라삼정그린코아더베스트3,L93171040039,[공사] 성북로 침산초등학교앞 교차로 에서 침산동4767 방향 1차로 도로공사 주의운전,796.8,1000,True,utic
EV010196,대구북구 오페라삼정그린코아더베스트2,L93171040039,[공사] 성북로 침산초등학교앞 교차로 에서 침산동4767 방향 1차로 도로공사 주의운전,753.6,1000,True,utic
EV010197,대구북구 오페라삼정그린코아더베스트4,L93171040039,[공사] 성북로 침산초등학교앞 교차로 에서 침산동4767 방향 1차로 도로공사 주의운전,829.7,1000,True,utic
EV010198,대구북구 오페라삼정그린코아더베스트5,L93171040039,[공사] 성북로 침산초등학교앞 교차로 에서 침산동4767 방향 1차로 도로공사 주의운전,802.8,1000,True,utic
EV010418,대구북구 칠곡그린빌4단지아파트1,,,,1000,False,utic
EV010419,대구북구 칠곡그린빌4단지아파트2,,,,1000,False,utic
EV010420,대구북구 칠곡그린빌4단지아파트3,,,,1000,False,utic
EV010542,대구동구 동신우방아파트1,,,,1000,False,utic
EV010543,대구동구 동신우방아파트2,,,,1000,False,utic
EV011212,대구달성 에코폴리스 동화아이위시2차3,,,,1000,False,utic
EV011762,대구북구 칠곡3차보성타운 4,,,,1000,False,utic
EV012251,대구동구 경북대학교병원,,,,1000,False,utic
EV012379,대구수성 시지청솔타운 1,,,,1000,False,utic
EV012380,대구수성 시지청솔타운 2,,,,1000,False,utic
EV012381,대구수성 지산한라타운,,,,1000,False,utic
EV012411,대구서구 서대구역반도유보라센텀 1,,,,1000,False,utic
EV012412,대구서구 서대구역반도유보라센텀 2,,,,1000,False,utic
EV012413,대구서구 서대구역반도유보라센텀 3,,,,1000,False,utic
EV012414,대구서구 서대구역반도유보라센텀 4 (급속),,,,1000,False,utic
EV012548,대구동구 KB국민은행 신암동,L93171025789,[공사] 대현로 대한응급구조사협회 에서 공고네거리 방향 2차로 도로공사 주의운전,504.4,1000,True,utic
EV012553,대구달서 본리동종합금융센터,,,,1000,False,utic
EV012621,대구달성 대실역e편한세상아파트 1,,,,1000,False,utic
EV012622,대구달성 대실역e편한세상아파트 2,,,,1000,False,utic
EV012623,대구달성 대실역e편한세상아파트 3,,,,1000,False,utic
EV012624,대구달성 대실역e편한세상아파트 4,,,,1000,False,utic
EV012641,대구서구 광장타운1차아파트 2,,,,1000,False,utic
EV012778,대구수성 아크로타워 1,L93171007174,[공사] 달구벌대로 만촌네거리 에서 남부빌딩 방향 1차로 지하 시설 작업 주의운전,79.5,1000,True,utic
EV012779,대구수성 아크로타워 2,L93171007174,[공사] 달구벌대로 만촌네거리 에서 남부빌딩 방향 1차로 지하 시설 작업 주의운전,79.5,1000,True,utic
EV012895,대구달서 성서종합금융센터,L93171039525,[공사] 성서동로 가야유치원 에서 이곡동1255 방향 1차로 도로공사 주의운전,551.3,1000,True,utic
EV013088,대구남구 개나리맨션,,,,1000,False,utic
EV013291,대구동구 금사리하이빌,,,,1000,False,utic
EV013465,대구서구 삼익뉴타운 1,,,,1000,False,utic
EV013466,대구서구 삼익뉴타운 2,,,,1000,False,utic
EV013467,대구서구 삼익뉴타운 3,,,,1000,False,utic
EV013468,대구서구 삼익뉴타운 4,,,,1000,False,utic
EV013469,대구서구 삼익뉴타운 5,,,,1000,False,utic
EV013470,대구서구 삼익뉴타운 6,,,,1000,False,utic
EV013471,대구서구 삼익뉴타운 7,,,,1000,False,utic
EV013472,대구서구 삼익뉴타운 8,,,,1000,False,utic
EV013667,대구수성 파동태왕리더스,,,,1000,False,utic
EV013751,대구북구 로얄패밀리A동,,,,1000,False,utic
EV013752,대구북구 로뎀나무아래,,,,1000,False,utic
EV013753,대구북구 오로라,,,,1000,False,utic
EV013761,대구수성 영원무역 대구만촌동건물,L93171007174,[공사] 달구벌대로 만촌네거리 에서 남부빌딩 방향 1차로 지하 시설 작업 주의운전,86.2,1000,True,utic
EV013869,대구동구 국가정보자원관리원 대구센터,,,,1000,False,utic
EV013892,대구동구 노을,,,,1000,False,utic
EV013893,대구북구 로얄패밀리B동,,,,1000,False,utic
EV013896,대구달서 진천역대성스카이렉스,,,,1000,False,utic
EV013929,대구북구 만사형통,,,,1000,False,utic
EV013997,대구북구 소망하이츠,,,,1000,False,utic
EV013998,대구북구 더원,,,,1000,False,utic
EV013999,대구북구 행복한집,,,,1000,False,utic
EV014112,대구달성 영원무역 대구공장,,,,1000,False,utic
EV014490,대구남구 앞산보성타운아파트,,,,1000,False,utic
EV014530,대구서구 평리롯데캐슬아파트 1,,,,1000,False,utic
EV014531,대구서구 평리롯데캐슬아파트 2,,,,1000,False,utic
EV014532,대구서구 평리롯데캐슬아파트 3,,,,1000,False,utic
EV014533,대구서구 평리롯데캐슬아파트 4,,,,1000,False,utic
EV014534,대구서구 평리롯데캐슬아파트 5,,,,1000,False,utic
EV014535,대구서구 평리롯데캐슬아파트 6,,,,1000,False,utic
EV014536,대구서구 평리롯데캐슬아파트 7,,,,1000,False,utic
EV014537,대구서구 평리롯데캐슬아파트 8,,,,1000,False,utic
EV014538,대구서구 평리롯데캐슬아파트 9,,,,1000,False,utic
EV014686,대구남구 정우맨션 1,,,,1000,False,utic
EV014687,대구남구 정우맨션 2,,,,1000,False,utic
EV014736,대구북구 농협은행 대구영업본부 1,L93171025789,[공사] 대현로 대한응급구조사협회 에서 공고네거리 방향 2차로 도로공사 주의운전,568.0,1000,True,utic
EV014737,대구북구 농협은행 대구영업본부 2,L93171025789,[공사] 대현로 대한응급구조사협회 에서 공고네거리 방향 2차로 도로공사 주의운전,568.0,1000,True,utic
EV014775,대구동구 신천LH아파트 1,L93171025789,[공사] 대현로 대한응급구조사협회 에서 공고네거리 방향 2차로 도로공사 주의운전,752.4,1000,True,utic
EV014804,대구달서 더샵달서센트럴,,,,1000,False,utic
EV015277,대구달성 주안교회,,,,1000,False,utic
EV015650,대구수성 삼환아파트,,,,1000,False,utic
EV016067,대구달성 운곡주차빌딩,,,,1000,False,utic
EV016178,대구달서 ㈜화신,,,,1000,False,utic
EV016197,대구동구 우방푸른타운,,,,1000,False,utic
EV016303,대구달서 성당래미안e편한세상 1단지 1,,,,1000,False,utic
EV016304,대구달서 성당래미안e편한세상 1단지 2,,,,1000,False,utic
EV016305,대구달서 성당래미안e편한세상 1단지 3,,,,1000,False,utic
EV016306,대구달서 성당래미안e편한세상 1단지 4,,,,1000,False,utic
EV016307,대구달서 성당래미안e편한세상 1단지 5,,,,1000,False,utic
EV016308,대구달서 성당래미안e편한세상 1단지 6,,,,1000,False,utic
EV016309,대구달서 성당래미안e편한세상 2단지 1,,,,1000,False,utic
EV016310,대구달서 성당래미안e편한세상 2단지 2,,,,1000,False,utic
EV016311,대구달서 성당래미안e편한세상 2단지 3,,,,1000,False,utic
EV016312,대구달서 성당래미안e편한세상 2단지 4,,,,1000,False,utic
EV016313,대구달서 성당래미안e편한세상 2단지 5,,,,1000,False,utic
EV016314,대구달서 성당래미안e편한세상 2단지 6,,,,1000,False,utic
EV016315,대구달서 성당래미안e편한세상 2단지 7,,,,1000,False,utic
EV016316,대구달서 성당래미안e편한세상 2단지 8,,,,1000,False,utic
EV016317,대구달서 성당래미안e편한세상 2단지 9,,,,1000,False,utic
EV016318,대구달서 성당래미안e편한세상 2단지 10,,,,1000,False,utic
EV016319,대구달서 성당래미안e편한세상 2단지 11,,,,1000,False,utic
EV016320,대구달서 성당래미안e편한세상 2단지 12,,,,1000,False,utic
EV016321,대구달서 성당래미안e편한세상 3단지 1,,,,1000,False,utic
EV016322,대구달서 성당래미안e편한세상 3단지 2,,,,1000,False,utic
EV016323,대구달서 성당래미안e편한세상 3단지 3,,,,1000,False,utic
EV016324,대구달서 성당래미안e편한세상 3단지 4,,,,1000,False,utic
EV016325,대구동구 강남종합병원,,,,1000,False,utic
EV016459,대구달서 대곡우방타운,,,,1000,False,utic
EV016544,대구수성 우방오성타운 1,,,,1000,False,utic
EV016545,대구수성 우방오성타운 2,,,,1000,False,utic
EV016603,대구수성 더트루엘수성,,,,1000,False,utic
EV016752,대구남구 보성상아맨션,,,,1000,False,utic
EV016944,대구달서 성당래미안e편한세상 2단지 13,,,,1000,False,utic
EV017604,대구달서 태왕아너스월성 1,,,,1000,False,utic
EV017605,대구달서 태왕아너스월성 2,,,,1000,False,utic
EV017606,대구달서 성서보성화성타운 1,L93171039525,[공사] 성서동로 가야유치원 에서 이곡동1255 방향 1차로 도로공사 주의운전,669.3,1000,True,utic
EV017607,대구달서 성서보성화성타운 2,L93171039525,[공사] 성서동로 가야유치원 에서 이곡동1255 방향 1차로 도로공사 주의운전,669.3,1000,True,utic
EV017608,대구달서 성서보성화성타운 3,L93171039525,[공사] 성서동로 가야유치원 에서 이곡동1255 방향 1차로 도로공사 주의운전,669.3,1000,True,utic
EV017609,대구달서 성서보성화성타운 4,L93171039525,[공사] 성서동로 가야유치원 에서 이곡동1255 방향 1차로 도로공사 주의운전,669.3,1000,True,utic
EV017708,대구달성 강창한서꼼빠니아타운 1,,,,1000,False,utic
EV017709,대구달성 강창한서꼼빠니아타운 2,,,,1000,False,utic
EV017710,대구달성 강창한서꼼빠니아타운 3,,,,1000,False,utic
EV017808,대구북구 대현e-편한세상 1,L93171025789,[공사] 대현로 대한응급구조사협회 에서 공고네거리 방향 2차로 도로공사 주의운전,771.3,1000,True,utic
EV017809,대구북구 대현e-편한세상 2,L93171025789,[공사] 대현로 대한응급구조사협회 에서 공고네거리 방향 2차로 도로공사 주의운전,775.8,1000,True,utic
EV017810,대구북구 대현e-편한세상 3,L93171025789,[공사] 대현로 대한응급구조사협회 에서 공고네거리 방향 2차로 도로공사 주의운전,843.0,1000,True,utic
EV017811,대구북구 대현e-편한세상 4,L93171025789,[공사] 대현로 대한응급구조사협회 에서 공고네거리 방향 2차로 도로공사 주의운전,732.9,1000,True,utic
EV017812,대구북구 대현e-편한세상 5,L93171025789,[공사] 대현로 대한응급구조사협회 에서 공고네거리 방향 2차로 도로공사 주의운전,843.0,1000,True,utic
EV017819,대구중구 남산그린타운 1,,,,1000,False,utic
EV017820,대구중구 남산그린타운 2,,,,1000,False,utic
EV017838,대구달서 동서장관빌라,,,,1000,False,utic
EV017846,대구북구 칠곡화성타운,,,,1000,False,utic
EV017873,대구달서 2차그린맨션아파트 1,,,,1000,False,utic
EV017874,대구달서 2차그린맨션아파트 2,,,,1000,False,utic
EV017875,대구달서 2차그린맨션아파트 3,,,,1000,False,utic
EV017939,대구북구 대현e-편한세상 6,L93171025789,[공사] 대현로 대한응급구조사협회 에서 공고네거리 방향 2차로 도로공사 주의운전,843.0,1000,True,utic
EV017941,대구서구 서대구역반도유보라센텀 11,,,,1000,False,utic
EV017942,대구서구 서대구역반도유보라센텀 12,,,,1000,False,utic
EV017943,대구서구 서대구역반도유보라센텀 13,,,,1000,False,utic
EV017944,대구서구 서대구역반도유보라센텀 15,,,,1000,False,utic
EV017945,대구서구 서대구역반도유보라센텀 14,,,,1000,False,utic
EV017946,대구서구 서대구역반도유보라센텀 18,,,,1000,False,utic
EV017947,대구서구 서대구역반도유보라센텀 17,,,,1000,False,utic
EV017948,대구서구 서대구역반도유보라센텀 16,,,,1000,False,utic
EV017949,대구서구 서대구역반도유보라센텀 5,,,,1000,False,utic
EV017950,대구서구 서대구역반도유보라센텀 6,,,,1000,False,utic
EV017951,대구서구 서대구역반도유보라센텀 7,,,,1000,False,utic
EV017952,대구서구 서대구역반도유보라센텀 8,,,,1000,False,utic
EV017953,대구서구 서대구역반도유보라센텀 9,,,,1000,False,utic
EV017954,대구서구 서대구역반도유보라센텀 10,,,,1000,False,utic
EV018212,대구달성 제일풍경채더퍼스트 1,,,,1000,False,utic
EV018291,대구북구 삼진목화아파트 1,,,,1000,False,utic
EV018293,대구달서 감삼우방맨션 1,,,,1000,False,utic
EV018307,대구수성 우방3차범어타운 1,,,,1000,False,utic
EV018366,대구북구 태전협화맨션 1,,,,1000,False,utic
EV018367,대구북구 태전협화맨션 2,,,,1000,False,utic
EV018527,대구수성 시지우방하이츠 1,,,,1000,False,utic
EV018528,대구수성 시지우방하이츠 2,,,,1000,False,utic
EV018806,대구북구 칠곡그린빌아파트 4,,,,1000,False,utic
EV018874,대구북구 한일아파트 1,,,,1000,False,utic
EV018927,대구수성 시지천마타운 1,,,,1000,False,utic
EV018928,대구수성 시지천마타운 2,,,,1000,False,utic
EV018929,대구수성 시지천마타운 3,,,,1000,False,utic
EV018930,대구수성 시지천마타운 4,,,,1000,False,utic
EV018947,대구달성 명곡미래빌5단지 5,,,,1000,False,utic
EV018948,대구달성 명곡미래빌5단지 6,,,,1000,False,utic
EV018949,대구달성 명곡미래빌5단지 7,,,,1000,False,utic
EV019037,대구달서 더샵달서센트럴아파트 1,,,,1000,False,utic
EV019058,대구달서 해맞이타운 1,,,,1000,False,utic
EV019061,대구동구 동신우방아파트3,,,,1000,False,utic
EV019067,대구남구 용마맨션 1,,,,1000,False,utic
EV019285,대구달서 진천대동맨션 1,,,,1000,False,utic
EV019457,대구수성 만촌2차우방타운 1,,,,1000,False,utic
EV019458,대구수성 만촌2차우방타운 2,,,,1000,False,utic
EV019702,대구수성 시지3차신매보성타운 1,,,,1000,False,utic
EV020019,대구북구 복현푸르지오 1,,,,1000,False,utic
EV020020,대구북구 복현푸르지오 2,,,,1000,False,utic
EV020021,대구북구 복현푸르지오 3,,,,1000,False,utic
EV020022,대구북구 복현푸르지오 4,,,,1000,False,utic
EV020023,대구북구 복현푸르지오 5,,,,1000,False,utic
EV020024,대구북구 복현푸르지오 6,,,,1000,False,utic
EV020025,대구북구 복현푸르지오 7,,,,1000,False,utic
EV020026,대구북구 복현푸르지오 8,,,,1000,False,utic
EV020027,대구북구 복현푸르지오 9,,,,1000,False,utic
EV020028,대구북구 복현푸르지오 10,,,,1000,False,utic
EV020029,대구북구 복현푸르지오 11,,,,1000,False,utic
EV020030,대구북구 복현푸르지오 12,,,,1000,False,utic
EV020031,대구북구 복현푸르지오 13,,,,1000,False,utic
EV020032,대구북구 복현푸르지오 14,,,,1000,False,utic
EV020033,대구북구 복현푸르지오 15,,,,1000,False,utic
EV020034,대구북구 복현푸르지오 16,,,,1000,False,utic
EV020152,대구북구 산호한양아파트 1,,,,1000,False,utic
EV020153,대구북구 산호한양아파트 2,,,,1000,False,utic
EV020154,대구달서 월성동서타운 1,,,,1000,False,utic
EV020275,대구수성 매호협화타운 1,,,,1000,False,utic
EV020276,대구수성 매호협화타운 2,,,,1000,False,utic
EV020323,대구달성 논공평광4차아파트 1,,,,1000,False,utic
EV020848,대구북구 칠곡주공그린빌6단지4,,,,1000,False,utic
EV020849,대구북구 칠곡주공그린빌6단지5,,,,1000,False,utic
EV021015,대구중구 남산휴먼시아1단지아파트 1,,,,1000,False,utic
EV021016,대구중구 남산휴먼시아1단지아파트 2,,,,1000,False,utic
EZ000035,대구종합유통단지섬유제품관사 (완속),,,,1000,False,utic
EZ000080,전자상가 (완속),,,,1000,False,utic
EZ000139,현대전원맨션,,,,1000,False,utic
EZ000426,해피키즈유치원,,,,1000,False,utic
EZ000527,일신테크노벨리지식산업센터,,,,1000,False,utic
EZ000558,완속 대구유통단지 전자관 A,,,,1000,False,utic
EZ000575,우체국금융개발원,,,,1000,False,utic
EZ000580,일신테크노벨리지식산업센터,,,,1000,False,utic
EZ000867,한국폴리텍대학영남융합기술캠퍼스,,,,1000,False,utic
EZ001212,완속 대구유통단지 전자관 B,,,,1000,False,utic
EZ001381,태백 냉동 공사,,,,1000,False,utic
EZ001382,힐 모텔,,,,1000,False,utic
EZ001383,동인1급자동차 정비검사소,,,,1000,False,utic
EZ001385,앤 모텔,,,,1000,False,utic
EZ001386,다해,,,,1000,False,utic
EZ001388,한일식품,,,,1000,False,utic
EZ001391,모범 자동차 정비,L93171040203,[공사] 북비산로 서대구역네거리 에서 서재 방향 1차로 가로수 벌목 주의운전,274.9,1000,True,utic
EZ001392,부건미트,,,,1000,False,utic
EZ001393,성주 숯불 갈비,,,,1000,False,utic
EZ001394,현대장여관,,,,1000,False,utic
EZ001396,녹양구이,,,,1000,False,utic
EZ001397,아이 모텔,,,,1000,False,utic
EZ001447,더펜트하우스,,,,1000,False,utic
EZ001765,대구호산초등학교,,,,1000,False,utic
EZ001766,대진중학교,,,,1000,False,utic
EZ001767,수성고등학교,,,,1000,False,utic
EZ001787,거북산장식당,,,,1000,False,utic
EZ001789,㈜삼덕,,,,1000,False,utic
EZ001790,㈜칼라디움,,,,1000,False,utic
EZ001793,대구교육팔공산수련원,,,,1000,False,utic
EZ001796,대구228기념학생도서관,,,,1000,False,utic
EZ001798,대구광역시교육연수원 본원,,,,1000,False,utic
EZ001799,대구광역시교육연수원 글로벌교육센터,,,,1000,False,utic
EZ001800,대구교육박물관,,,,1000,False,utic
EZ001809,상원중학교,,,,1000,False,utic
EZ001810,운암고등학교,,,,1000,False,utic
EZ001811,대구동변초등학교,,,,1000,False,utic
EZ001812,대구매천초등학교,,,,1000,False,utic
EZ001813,대구태현초등학교,,,,1000,False,utic
EZ001816,학남중학교,,,,1000,False,utic
EZ001818,제논29모터스,,,,1000,False,utic
EZ001900,한영씨링인쇄,,,,1000,False,utic
EZ001901,대구신성교회,L93171025789,[공사] 대현로 대한응급구조사협회 에서 공고네거리 방향 2차로 도로공사 주의운전,329.3,1000,True,utic
EZ001948,대구국제고등학교,,,,1000,False,utic
EZ001950,동변중학교,,,,1000,False,utic
EZ001951,남부교육지원청,,,,1000,False,utic
EZ001952,대구광역시서부교육지원청,,,,1000,False,utic
EZ001955,대구광역시립북부도서관,L93171040039,[공사] 성북로 침산초등학교앞 교차로 에서 침산동4767 방향 1차로 도로공사 주의운전,754.5,1000,True,utic
EZ002089,동평중학교,,,,1000,False,utic
EZ002091,대구공업대학교_위니텍,,,,1000,False,utic
EZ002092,대구공업대학교_평생교육원,,,,1000,False,utic
EZ002116,수성스테이,,,,1000,False,utic
EZ002118,부성주택,,,,1000,False,utic
EZ002156,새론중학교,,,,1000,False,utic
EZ002157,대구 대덕초등학교,,,,1000,False,utic
EZ002158,대구세천초등학교,,,,1000,False,utic
EZ002159,대구 율원초등학교,,,,1000,False,utic
EZ002160,대구남송초등학교,,,,1000,False,utic
EZ002161,대구세명학교,,,,1000,False,utic
EZ002162,대구파호초등학교,,,,1000,False,utic
EZ002163,경원고등학교,,,,1000,False,utic
EZ002164,경신고등학교,L93171007174,[공사] 달구벌대로 만촌네거리 에서 남부빌딩 방향 1차로 지하 시설 작업 주의운전,662.7,1000,True,utic
EZ002165,대구미래교육연구원,,,,1000,False,utic
EZ002299,대청초등학교,,,,1000,False,utic
EZ002308,㈜밴앤포스,,,,1000,False,utic
EZ002316,KB차차차 동대구,,,,1000,False,utic
EZ100008,금정메카,,,,1000,False,utic
EZ100010,행복누리장애인보호작업장,,,,1000,False,utic
EZ100015,현대오일뱅크 대구현대주유소,,,,1000,False,utic
EZ100115,전자상가 (급속),,,,1000,False,utic
EZ100174,대구 오아시스 사우나 휘트니스,,,,1000,False,utic
EZ100304,동부자동차,,,,1000,False,utic
EZ100310,메인빌,,,,1000,False,utic
EZ100674,서광종합건설,,,,1000,False,utic
EZ100683,제형면옥(범어점),,,,1000,False,utic
EZ100687,1997빠리바닷가재,,,,1000,False,utic
EZ100688,김재동서민갈비,,,,1000,False,utic
EZ100702,비에스타워,,,,1000,False,utic
EZ100733,급속 대구종합유통단지섬유제품관사,,,,1000,False,utic
EZ100749,급속 대구유통단지 전자관 12,,,,1000,False,utic
EZ100900,제형면옥본점,,,,1000,False,utic
EZ200002,리버사이드모텔,,,,1000,False,utic
EZ200042,(주)그린식품,,,,1000,False,utic
EZ200046,주식회사 티스,,,,1000,False,utic
EZ200104,마이더스 호텔,,,,1000,False,utic
EZ250001,EVZ 동성로 스파크,,,,1000,False,utic
EZ300474,대구 동성로 스파크,,,,1000,False,utic
EZ500005,급속 대구유통단지 전자관 34,,,,1000,False,utic
EZ600010,가람전기 충전소,,,,1000,False,utic
GS000031,강촌주유소,,,,1000,False,utic
GS000055,구암주유소,,,,1000,False,utic
GS000058,황금캐슬주유소,,,,1000,False,utic
GS000144,금호강주유소(SJ),,,,1000,False,utic
GS000145,조광주유소,,,,1000,False,utic
HD000070,대구 서부 오토스퀘어 E-pit,,,,1000,False,utic
HE000428,한국에너지공단 대구경북지역본부,,,,1000,False,utic
HE000883,코스트코 대구혁신도시점,,,,1000,False,utic
HE001033,기아자동차 대구서비스센터,,,,1000,False,utic
HE001131,코스트코 대구점,,,,1000,False,utic
HE192131,수성하이츠,,,,1000,False,utic
HE192214,갓바위치매센터,,,,1000,False,utic
HE192562,성서4주공아파트,L93171039525,[공사] 성서동로 가야유치원 에서 이곡동1255 방향 1차로 도로공사 주의운전,201.9,1000,True,utic
HE202651,강변일성트루엘아파트,,,,1000,False,utic
HE212797,범어풀비체아파트,L93171007174,[공사] 달구벌대로 만촌네거리 에서 남부빌딩 방향 1차로 지하 시설 작업 주의운전,939.0,1000,True,utic
HE230023,KT공중전화부스 조영빌딩 (홀마트 앞),,,,1000,False,utic
HE230028,KT공중전화부스 원평치안센터앞,,,,1000,False,utic
HE230047,현대 블루핸즈 서군위현대서비스,,,,1000,False,utic
HE240058,카펙발레오 본사,,,,1000,False,utic
HE240187,기아자동차 대구서비스센터,,,,1000,False,utic
HE240281,대구경북과학기술원,,,,1000,False,utic
HE240328,이편한세상 세계육상선수촌,,,,1000,False,utic
HE240346,한국에너지공단 대구경북지역본부,,,,1000,False,utic
HE240381,대구경북과학기술원 R3동,,,,1000,False,utic
HE240382,대구경북과학기술원 R4동,,,,1000,False,utic
HE240383,대구경북과학기술원 H204동,,,,1000,False,utic
HE240384,대구경북과학기술원 H301동,,,,1000,False,utic
HE240385,대구경북과학기술원 H401동,,,,1000,False,utic
HE240386,대구경북과학기술원 H403동,,,,1000,False,utic
HE240426,상인우방타운,,,,1000,False,utic
HE240427,칠곡화성타운아파트,,,,1000,False,utic
HE240485,상록아파트/상록아이투빌아파트,,,,1000,False,utic
HE240512,코스트코 대구혁신도시점,,,,1000,False,utic
HJ000248,한진택배 대구택배센터,,,,1000,False,utic
HM000060,태왕메트로시티,,,,1000,False,utic
HM000121,아주운수_대구,,,,1000,False,utic
HM000123,에코폴리스동화아이위시3차,,,,1000,False,utic
HM000125,에코폴리스동화아이위시1차,,,,1000,False,utic
HM000127,화원삼주타운,,,,1000,False,utic
HM000128,침산청구타운,L93171040039,[공사] 성북로 침산초등학교앞 교차로 에서 침산동4767 방향 1차로 도로공사 주의운전,158.2,1000,True,utic
HM000140,보성강남타운,,,,1000,False,utic
HM000142,시지태왕아너스,,,,1000,False,utic
HM000143,화진금봉,,,,1000,False,utic
HM000149,수성알파시티동화아이위시,,,,1000,False,utic
HM000153,칠곡3차서한타운,,,,1000,False,utic
HM000155,부영e-그린타운,,,,1000,False,utic
HM000158,북죽곡엠코타운 더 솔레뉴,,,,1000,False,utic
HM000159,태전한라아파트,,,,1000,False,utic
HM000167,대경넥스빌,,,,1000,False,utic
HM000169,우방2차강촌마을,,,,1000,False,utic
HM000177,칠곡그린빌2단지,,,,1000,False,utic
HM000183,앞산태왕아너스,,,,1000,False,utic
HM000195,성서2차화성타운,L93171039525,[공사] 성서동로 가야유치원 에서 이곡동1255 방향 1차로 도로공사 주의운전,239.9,1000,True,utic
HM000196,e편한세상세계육상선수촌2단지,,,,1000,False,utic
HM000197,월성 협성휴포레,,,,1000,False,utic
HM000202,각산서한이다음,,,,1000,False,utic
HM000203,매천화성파크드림,,,,1000,False,utic
HM000204,학정역효성해링턴플레이스,,,,1000,False,utic
HM000205,현대방촌맨션,,,,1000,False,utic
HM000206,범어쌍용예가,,,,1000,False,utic
HM000208,테크노폴리스일동미라주,,,,1000,False,utic
HM000209,옥포미진이지비아,,,,1000,False,utic
HM000210,산호한양아파트,,,,1000,False,utic
HM000211,만촌2차우방타운,,,,1000,False,utic
HM000212,서재우방타운,,,,1000,False,utic
HM000244,주공그린빌3단지,,,,1000,False,utic
HM000267,범어라온프라이빗2차,L93171007174,[공사] 달구벌대로 만촌네거리 에서 남부빌딩 방향 1차로 지하 시설 작업 주의운전,451.7,1000,True,utic
HM000300,청구청산맨션,,,,1000,False,utic
HM000302,국가산단줌파크,,,,1000,False,utic
HM000303,율하우방아이유쉘,,,,1000,False,utic
HM000304,침산2차청구타운,L93171040039,[공사] 성북로 침산초등학교앞 교차로 에서 침산동4767 방향 1차로 도로공사 주의운전,160.0,1000,True,utic
HM000311,성서2차화성타운_CH,L93171039525,[공사] 성서동로 가야유치원 에서 이곡동1255 방향 1차로 도로공사 주의운전,239.9,1000,True,utic
HM000341,대곡청구제네스,,,,1000,False,utic
HM000343,진천역계룡리슈빌,,,,1000,False,utic
HM000345,대실역청아람2단지,,,,1000,False,utic
HM000355,대구역센트럴자이,,,,1000,False,utic
HM000360,침산동2차쌍용예가,L93171040039,[공사] 성북로 침산초등학교앞 교차로 에서 침산동4767 방향 1차로 도로공사 주의운전,142.8,1000,True,utic
HM000362,옥포대성베르힐,,,,1000,False,utic
HM000379,용산파크타운,,,,1000,False,utic
HM000382,상인제림아파트,,,,1000,False,utic
HM000388,칠성우방맨션,,,,1000,False,utic
HM000392,대곡삼성래미안2차,,,,1000,False,utic
HM000399,심미한마음 아파트,,,,1000,False,utic
HM000402,봉덕한라하우젠트퍼스트,,,,1000,False,utic
HM000419,복현건영아파트,,,,1000,False,utic
HM000443,상인청구타운,,,,1000,False,utic
HM000446,방촌2차영남네오빌,,,,1000,False,utic
HM000485,대신센트럴자이,,,,1000,False,utic
HM000486,한신더휴이스턴팰리스,,,,1000,False,utic
HM000492,국가산단 반도유보라 아이비파크,,,,1000,False,utic
HM000504,한라하우젠트센트럴파크,,,,1000,False,utic
HM000514,죽곡삼정그린코아더베스트,,,,1000,False,utic
HM000515,와룡건영캐스빌,,,,1000,False,utic
HM000516,칠곡금빛타운,,,,1000,False,utic
HM000519,동대구반도유보라,L93171025789,[공사] 대현로 대한응급구조사협회 에서 공고네거리 방향 2차로 도로공사 주의운전,853.1,1000,True,utic
HM000520,세천삼정그린코아2단지,,,,1000,False,utic
HM000521,세천삼정그린코아더베스트1단지,,,,1000,False,utic
HM000522,협성휴포레월성,,,,1000,False,utic
HM000579,신서그린빌,,,,1000,False,utic
HM000582,앞산비스타동원,,,,1000,False,utic
HM000585,용산영남타운,,,,1000,False,utic
HM000587,진천역AK그랑폴리스,,,,1000,False,utic
HM000590,침산삼정그린코아,,,,1000,False,utic
HM000632,성서푸른마을,L93171039525,[공사] 성서동로 가야유치원 에서 이곡동1255 방향 1차로 도로공사 주의운전,824.9,1000,True,utic
HM000635,성서8주공,L93171039525,[공사] 성서동로 가야유치원 에서 이곡동1255 방향 1차로 도로공사 주의운전,854.7,1000,True,utic
HM000636,현대썬앤빌대구,,,,1000,False,utic
HM000658,용산청구블루빌,,,,1000,False,utic
HM000665,수성화성파크드림,,,,1000,False,utic
HM000674,성서3차동서타운,L93171039525,[공사] 성서동로 가야유치원 에서 이곡동1255 방향 1차로 도로공사 주의운전,375.3,1000,True,utic
HM000676,e편한세상범어,,,,1000,False,utic
HM000684,비산한신休플러스,,,,1000,False,utic
HM000688,옥포대성베르힐4단지,,,,1000,False,utic
HM000698,칼레이트CC (군위컨트리클럽),,,,1000,False,utic
HM000720,삼성아파트,,,,1000,False,utic
HM000721,칠곡중앙한신,,,,1000,False,utic
HM000722,정부대구지방합동청사,,,,1000,False,utic
HM000736,유니버시아드선수촌2단지,,,,1000,False,utic
HM000738,대곡역금강1차아파트,,,,1000,False,utic
HM000741,대구혁신LH천년나무3단지,,,,1000,False,utic
HM000743,범물서한화성타운,,,,1000,False,utic
HM000746,월배쌍용예가,,,,1000,False,utic
HM000755,지산화성파크드림,,,,1000,False,utic
HM000756,월배1차아이파크,,,,1000,False,utic
HM000762,신당한화꿈에그린,,,,1000,False,utic
HM000763,우방대자연1차,,,,1000,False,utic
HM000769,중리롯데캐슬,,,,1000,False,utic
HM000771,용산2차서한화성타운,,,,1000,False,utic
HM000773,옥포천년나무3단지,,,,1000,False,utic
HM000774,대곡한라하우젠트,,,,1000,False,utic
HM000775,칠곡2차동서타운,,,,1000,False,utic
HM000788,화성빌라트,,,,1000,False,utic
HM000789,대곡역화성파크드림,,,,1000,False,utic
HM000790,칠곡건영아파트,,,,1000,False,utic
HM000791,시지5차월드하이츠,,,,1000,False,utic
HM000806,신암동건영캐스빌,L93171022991,[공사] 동부로 동대구역네거리 에서 금호천일고속버스터미널 방향 4차로 지하 시설 작업 주의운전,542.5,1000,True,utic
HM000830,칠곡화성타운,,,,1000,False,utic
HM000835,화원창신맨션,,,,1000,False,utic
HM000843,봉덕화성파크드림,,,,1000,False,utic
HM000845,수성효성해링턴플레이스,,,,1000,False,utic
HM000847,선학맨션,L93171040039,[공사] 성북로 침산초등학교앞 교차로 에서 침산동4767 방향 1차로 도로공사 주의운전,55.0,1000,True,utic
HM000848,진석타워즈,,,,1000,False,utic
HM000849,지산서한이다음,,,,1000,False,utic
HM000850,만촌동월드메르디앙,L93171007174,[공사] 달구벌대로 만촌네거리 에서 남부빌딩 방향 1차로 지하 시설 작업 주의운전,168.5,1000,True,utic
HM000853,수성영남타운,,,,1000,False,utic
HM000864,복현청구타운,,,,1000,False,utic
HM001013,주공산새마을,,,,1000,False,utic
HM001028,한일아파트(대구),,,,1000,False,utic
HM001029,대구역서원프레시빌,,,,1000,False,utic
HM001033,우방푸른타운,,,,1000,False,utic
HM001046,협성휴포레강북,,,,1000,False,utic
HM001048,시지월드메르디앙,,,,1000,False,utic
HM001049,서재2차보성타운,,,,1000,False,utic
HM001076,대실역태왕아너스,,,,1000,False,utic
HM001316,각산태영데시앙,,,,1000,False,utic
HM001407,대곡역금강2차아파트,,,,1000,False,utic
HM001418,성서6주공아파트,L93171039525,[공사] 성서동로 가야유치원 에서 이곡동1255 방향 1차로 도로공사 주의운전,869.6,1000,True,utic
HM001426,성서1차영남우방타운,L93171039525,[공사] 성서동로 가야유치원 에서 이곡동1255 방향 1차로 도로공사 주의운전,625.5,1000,True,utic
HM001428,태왕유성하이빌,,,,1000,False,utic
HM001486,강북태왕아너스더퍼스트,,,,1000,False,utic
HM001533,월드마크웨스트엔드,,,,1000,False,utic
HM001534,신매우방타운,,,,1000,False,utic
HM001574,청운신협,,,,1000,False,utic
HM001631,시지3차신매보성타운,,,,1000,False,utic
HM001632,공항3차아파트,,,,1000,False,utic
HM001646,상인자이아파트,,,,1000,False,utic
HM001647,월드마크웨스트엔드상가,,,,1000,False,utic
HM001648,보성은하타운,,,,1000,False,utic
HM001663,강창1차삼산타운,,,,1000,False,utic
HM001665,서한이다음레이크뷰,,,,1000,False,utic
HM001671,성서우방타운,L93171039525,[공사] 성서동로 가야유치원 에서 이곡동1255 방향 1차로 도로공사 주의운전,502.0,1000,True,utic
HM001672,우방플러스빌,,,,1000,False,utic
HM001674,각산푸르지오2단지,,,,1000,False,utic
HM001697,용산2차우방타운,,,,1000,False,utic
HM001720,죽전한양아이클래스,,,,1000,False,utic
HM001722,이천주공 2단지,,,,1000,False,utic
HM001741,성화아파트,,,,1000,False,utic
HM001803,보성동원타운,,,,1000,False,utic
HM001804,방촌역태왕아너스,,,,1000,False,utic
HM001809,동대구비스타동원,L93171022991,[공사] 동부로 동대구역네거리 에서 금호천일고속버스터미널 방향 4차로 지하 시설 작업 주의운전,576.2,1000,True,utic
HM001814,성서2차서한타운,L93171039525,[공사] 성서동로 가야유치원 에서 이곡동1255 방향 1차로 도로공사 주의운전,855.2,1000,True,utic
HM001815,칠곡3단지 부영아파트,,,,1000,False,utic
HM001818,아카시아아파트,,,,1000,False,utic
HM700008,상동청구타운,,,,1000,False,utic
HM710014,_KT&G 코스모대구사업소,,,,1000,False,utic
HM710033,용산청구타운,,,,1000,False,utic
HM710036,칠곡네스빌,,,,1000,False,utic
HM710043,모란3차아파트,,,,1000,False,utic
HM710044,모란2차아파트,,,,1000,False,utic
HM710046,남산자이하늘채,,,,1000,False,utic
HM710054,미리내맨션,,,,1000,False,utic
HM710055,모란1차아파트,,,,1000,False,utic
HM710062,한국교직원공제회 대구회관,,,,1000,False,utic
HM710064,_메리츠화재 대구지점,,,,1000,False,utic
HM710074,동서리치모아,,,,1000,False,utic
HM710076,래미안웰리스트아파트,,,,1000,False,utic
HM710077,범어 SK VIEW 아파트,L93171007174,[공사] 달구벌대로 만촌네거리 에서 남부빌딩 방향 1차로 지하 시설 작업 주의운전,868.4,1000,True,utic
HM710078,롯데캐슬레이크,,,,1000,False,utic
HM710079,설화명곡역우방아이유쉘,,,,1000,False,utic
HM710090,힐스테이트죽전역더퍼스트,,,,1000,False,utic
HM710096,청운신협협동조합,,,,1000,False,utic
HM710098,시지3차태왕하이츠,,,,1000,False,utic
HM710101,매호동서타운,,,,1000,False,utic
HM710103,성서주공7단지,L93171039525,[공사] 성서동로 가야유치원 에서 이곡동1255 방향 1차로 도로공사 주의운전,627.6,1000,True,utic
HM710104,대명역센트럴엘리프,,,,1000,False,utic
HM710118,대구 수갤러리아,L93171040039,[공사] 성북로 침산초등학교앞 교차로 에서 침산동4767 방향 1차로 도로공사 주의운전,771.7,1000,True,utic
HM710121,펙스코 패션디자인 개발지원센터,,,,1000,False,utic
HU530001,웨스트애비뉴,,,,1000,False,utic
HW000381,대구 노변중학교,,,,1000,False,utic
HW000396,대구 송현여자고등학교,,,,1000,False,utic
HW000397,대구 오성고등학교,L93171007174,[공사] 달구벌대로 만촌네거리 에서 남부빌딩 방향 1차로 지하 시설 작업 주의운전,634.2,1000,True,utic
HW000407,대구 체육고등학교,,,,1000,False,utic
HW000466,대구 포산초등학교 지상주차장,,,,1000,False,utic
HW000467,대구 유가초등학교 지상주차장,,,,1000,False,utic
HW000477,대구 대봉초등학교,,,,1000,False,utic
HW000488,대구 매천중학교,,,,1000,False,utic
HW000492,대구 조일고등학교 지상주차장,,,,1000,False,utic
HW000494,대구 연경초등학교 지상주차장,,,,1000,False,utic
HW000497,대구 경북공업고등학교 지상주차장,,,,1000,False,utic
HW000499,대구 함지고등학교,,,,1000,False,utic
HW000501,대구 정화여자고등학교 지상주차장,L93171007174,[공사] 달구벌대로 만촌네거리 에서 남부빌딩 방향 1차로 지하 시설 작업 주의운전,940.0,1000,True,utic
HW000508,대구과학기술고등학교,,,,1000,False,utic
HW000553,대구일중학교,L93171040039,[공사] 성북로 침산초등학교앞 교차로 에서 침산동4767 방향 1차로 도로공사 주의운전,518.1,1000,True,utic
HW000610,대구 계성고등학교,,,,1000,False,utic
HW000642,대구 달구벌고등학교,,,,1000,False,utic
HW000643,대구 성화여자고등학교,,,,1000,False,utic
HW000646,대구보건고등학교 지상주차장,,,,1000,False,utic
HW000648,대구 학남고등학교 지상주차장,,,,1000,False,utic
HW000653,대구 비슬고등학교 지상주차장,,,,1000,False,utic
HW000659,대구 덕인초등학교 지상주차장,,,,1000,False,utic
HW000691,대구 이룸고등학교 지상주차장,,,,1000,False,utic
HW000692,대구 성보학교 지상주차장,,,,1000,False,utic
HW000695,대구 원화여자고등학교 지상주차장,,,,1000,False,utic
HW000702,대구 비슬초등학교 지상주차장,,,,1000,False,utic
HY000130,대구 디어밸리,,,,1000,False,utic
HY000232,한국교통안전공단 수성자동차검사소,,,,1000,False,utic
HY000233,한국교통안전공단 이현자동차검사소,L93171040203,[공사] 북비산로 서대구역네거리 에서 서재 방향 1차로 가로수 벌목 주의운전,879.3,1000,True,utic
HY000436,대구 월성푸르지오,,,,1000,False,utic
HY000437,대구 월성푸르지오,,,,1000,False,utic
HY000438,대구 월성푸르지오,,,,1000,False,utic
HY000439,대구 월성푸르지오,,,,1000,False,utic
HY000440,대구 월성푸르지오,,,,1000,False,utic
HY000441,대구 월성푸르지오,,,,1000,False,utic
HY000442,대구 월성푸르지오,,,,1000,False,utic
HY000443,대구 월성푸르지오,,,,1000,False,utic
HY000506,대구 칠곡한서타운,,,,1000,False,utic
HY000507,대구 칠곡한서타운,,,,1000,False,utic
HY000508,대구 칠곡한서타운,,,,1000,False,utic
HY000509,대구 칠곡한서타운,,,,1000,False,utic
HY000510,엘디스리젠트호텔,,,,1000,False,utic
HY000639,대구 방촌역 세영리첼더퍼스트,,,,1000,False,utic
HY000648,대구 화원역 태왕리더스,,,,1000,False,utic
HY000649,대구 화원역 태왕리더스,,,,1000,False,utic
HY000650,대구 화원역 태왕리더스,,,,1000,False,utic
HY000656,현대백화점 더현대 대구,,,,1000,False,utic
HY000657,현대백화점 더현대 대구,,,,1000,False,utic
HY000662,대구 서변청아람,,,,1000,False,utic
HY000663,대구 서변청아람,,,,1000,False,utic
HY000664,대구 서변청아람,,,,1000,False,utic
HY000675,대구 시지태왕하이츠1차,,,,1000,False,utic
HY000690,대구 월성센트로파크,,,,1000,False,utic
HY000725,대구 상인푸르지오,,,,1000,False,utic
HY000726,대구 상인푸르지오,,,,1000,False,utic
HY000736,대구 상인화성파크드림 1단지,,,,1000,False,utic
HY000737,대구 상인화성파크드림 2단지,,,,1000,False,utic
HY000738,대구 상인화성파크드림 2단지,,,,1000,False,utic
HY000739,대구 상인화성파크드림 2단지,,,,1000,False,utic
HY000740,대구 지산동서맨션,,,,1000,False,utic
HY000741,대구 지산동서맨션,,,,1000,False,utic
HY000742,대구 지산동서맨션,,,,1000,False,utic
HY000743,대구 지산동서맨션,,,,1000,False,utic
HY000753,현대아울렛 대구점,L93171022991,[공사] 동부로 동대구역네거리 에서 금호천일고속버스터미널 방향 4차로 지하 시설 작업 주의운전,668.6,1000,True,utic
HY000791,대구 이안동대구아파트,L93171025789,[공사] 대현로 대한응급구조사협회 에서 공고네거리 방향 2차로 도로공사 주의운전,550.5,1000,True,utic
HY000792,대구 이안동대구아파트,L93171025789,[공사] 대현로 대한응급구조사협회 에서 공고네거리 방향 2차로 도로공사 주의운전,514.2,1000,True,utic
HY000793,대구 이안동대구아파트,L93171025789,[공사] 대현로 대한응급구조사협회 에서 공고네거리 방향 2차로 도로공사 주의운전,514.2,1000,True,utic
HY000813,대구 학정역 효성해링턴플레이스,,,,1000,False,utic
HY000820,대구 범어삼성쉐르빌,L93171007174,[공사] 달구벌대로 만촌네거리 에서 남부빌딩 방향 1차로 지하 시설 작업 주의운전,525.3,1000,True,utic
HY000846,대구 서변청아람,,,,1000,False,utic
HY000854,현대백화점 더현대 대구,,,,1000,False,utic
HY000858,대구 시지대백아파트,,,,1000,False,utic
HY000862,대구 동촌역 태왕아너스르네상스,,,,1000,False,utic
HY000868,대구 광명프레지던트,,,,1000,False,utic
HY000896,대구 동아아울렛 강북점,,,,1000,False,utic
HY000912,대구 동아백화점 수성점,,,,1000,False,utic
HY000914,대구 동아백화점 쇼핑점,,,,1000,False,utic
HY000935,대구 침산화성타운1차,L93171040039,[공사] 성북로 침산초등학교앞 교차로 에서 침산동4767 방향 1차로 도로공사 주의운전,822.1,1000,True,utic
HY000937,대구 화원역 태왕리더스,,,,1000,False,utic
HY000938,대구 화원역 태왕리더스,,,,1000,False,utic
HY000971,대구 래미안 범어아파트,,,,1000,False,utic
HY000975,대구 LH천년나무2단지,,,,1000,False,utic
HY000978,호텔인터불고 대구,,,,1000,False,utic
HY000979,호텔인터불고 대구,,,,1000,False,utic
HY001080,대구 경창산업,,,,1000,False,utic
HY001084,대구 월배아이파크1차,,,,1000,False,utic
HY001085,대구 월배아이파크1차,,,,1000,False,utic
HY001086,대구 월배아이파크1차,,,,1000,False,utic
HY001087,대구 월배아이파크1차,,,,1000,False,utic
HY001088,대구 월배아이파크1차,,,,1000,False,utic
HY001089,대구 월배아이파크1차,,,,1000,False,utic
HY001103,대구 범물보성맨션,,,,1000,False,utic
HY001166,칠곡2지구 건영캐스빌,,,,1000,False,utic
HY001169,대구 청운맨션,,,,1000,False,utic
HY001208,대구 용산파크타운,,,,1000,False,utic
HY001218,대구 혁신도시 서한이다음4차,,,,1000,False,utic
HY001249,대구 범어센트레빌,L93171007174,[공사] 달구벌대로 만촌네거리 에서 남부빌딩 방향 1차로 지하 시설 작업 주의운전,791.9,1000,True,utic
HY001271,대구 성당에덴타운,,,,1000,False,utic
HY001294,대구 성당두산위브,,,,1000,False,utic
HY001305,대구 테크노폴리스 중흥S클래스,,,,1000,False,utic
HY001356,대구 월배태영데시앙,,,,1000,False,utic
HY001393,대구 상인화성파크드림 1단지,,,,1000,False,utic
HY001418,대구 성서타운아파트,L93171039525,[공사] 성서동로 가야유치원 에서 이곡동1255 방향 1차로 도로공사 주의운전,199.3,1000,True,utic
HY001434,기아 대구 서비스센터,,,,1000,False,utic
HY001518,대구 대신 센트럴자이,,,,1000,False,utic
HY001560,대구 율하센트럴파크9단지,,,,1000,False,utic
HY001570,대구 금호스타힐스NHF6단지,,,,1000,False,utic
HY001611,대구국가산단 반도유보라아이비파크2차,,,,1000,False,utic
HY001612,대구 과학마을청아람,,,,1000,False,utic
HY001652,대구 두류센트레빌더파크,,,,1000,False,utic
HY001691,대구 신천휴먼시아6단지,,,,1000,False,utic
HY001738,대구 e편한세상대신,,,,1000,False,utic
HY001739,대구 신매우방타운,,,,1000,False,utic
HY001742,대구 수성동양엘레브,,,,1000,False,utic
HY001772,대구 강변일성트루엘,,,,1000,False,utic
HY001776,대구 동화로즈빌,,,,1000,False,utic
HY001782,대구 신암그린타운,,,,1000,False,utic
HY001797,대구 서한미리내맨션,,,,1000,False,utic
HY001807,대구 에덴공항2차,,,,1000,False,utic
HY001817,대구 백조3차,,,,1000,False,utic
HY001826,대구 성서삼성한국형,,,,1000,False,utic
HY001836,대구 진천역 계룡리슈빌,,,,1000,False,utic
HY001851,대구 범어삼환나우빌,,,,1000,False,utic
HY001862,대구 노변대백맨션,,,,1000,False,utic
HY001863,대구 노변청구타운,,,,1000,False,utic
HY001864,대구 시지태왕레전드,,,,1000,False,utic
HY001903,대구 수성3가롯데캐슬,,,,1000,False,utic
HY001904,대구 별메마을주공6단지,,,,1000,False,utic
IN053001,수성월드메르디앙,,,,1000,False,utic
IN053002,삼성화재범어사옥,,,,1000,False,utic
IN053003,옥포허브시티,,,,1000,False,utic
IN053004,세천삼정그린코아더베스트1단지,,,,1000,False,utic
IN053005,세천삼정그린코아더베스트2단지,,,,1000,False,utic
IN053006,현대썬앤빌대구,,,,1000,False,utic
IN053007,대구서부고용복지플러스센터,,,,1000,False,utic
IN053008,코오롱맨션,,,,1000,False,utic
IN053009,한국가스공사본사,,,,1000,False,utic
IN053010,한국로봇산업진흥원,,,,1000,False,utic
IN053012,월성화성타운,,,,1000,False,utic
IN053013,칠곡그린빌3단지,,,,1000,False,utic
IN053014,월배쌍용예가,,,,1000,False,utic
IN053015,수성3가화성파크드림1단지,,,,1000,False,utic
IN053016,수성3가화성파크드림2단지,,,,1000,False,utic
IN053017,칠곡그린빌2단지,,,,1000,False,utic
IN053018,청라언덕역서한포레스트,,,,1000,False,utic
IN053019,화원한샘타운,,,,1000,False,utic
IN053020,신세계백화점대구점,L93171022991,[공사] 동부로 동대구역네거리 에서 금호천일고속버스터미널 방향 4차로 지하 시설 작업 주의운전,561.5,1000,True,utic
IN053021,영남네오빌블루,,,,1000,False,utic
IN053022,센트럴파크대현,L93171025789,[공사] 대현로 대한응급구조사협회 에서 공고네거리 방향 2차로 도로공사 주의운전,372.4,1000,True,utic
IN053023,이마트반야월점,,,,1000,False,utic
IN053024,이마트성서점,L93171039525,[공사] 성서동로 가야유치원 에서 이곡동1255 방향 1차로 도로공사 주의운전,81.3,1000,True,utic
IN053025,이마트칠성점,L93171040039,[공사] 성북로 침산초등학교앞 교차로 에서 침산동4767 방향 1차로 도로공사 주의운전,699.6,1000,True,utic
IN053026,이마트월배점,,,,1000,False,utic
IN053027,이마트만촌점,,,,1000,False,utic
IN053028,이마트T비산점,,,,1000,False,utic
IN053029,시지3차서한이다음,,,,1000,False,utic
IN053030,롯데택배대구황금대리점,,,,1000,False,utic
IN053031,연경아이파크,,,,1000,False,utic
IN053032,범물태성한라창신,,,,1000,False,utic
IN053033,호텔라온제나,,,,1000,False,utic
IN053034,화성리버파크1단지,,,,1000,False,utic
IN053035,경남센트로팰리스,,,,1000,False,utic
IN053036,대곡한라하우젠트,,,,1000,False,utic
IN053038,SM안아주아파트,,,,1000,False,utic
IN053039,범어청구푸른마을,,,,1000,False,utic
IN053040,대실역청아람1단지아파트,,,,1000,False,utic
IN053041,신천청아람아파트,L93171022991,[공사] 동부로 동대구역네거리 에서 금호천일고속버스터미널 방향 4차로 지하 시설 작업 주의운전,566.9,1000,True,utic
IN053042,보성1차대덕맨션,,,,1000,False,utic
IN053043,파동남광타운,,,,1000,False,utic
IN053044,신동아파밀리에아파트,,,,1000,False,utic
IN053045,주식회사유앤지,L93171040039,[공사] 성북로 침산초등학교앞 교차로 에서 침산동4767 방향 1차로 도로공사 주의운전,707.1,1000,True,utic
IN053046,동대구화물터미널,,,,1000,False,utic
IN053047,월성5단지아파트,,,,1000,False,utic
IN053048,월성삼정그린에듀파크,,,,1000,False,utic
IN053049,신서퀸덤아파트,,,,1000,False,utic
IN053050,동서변리벤빌,,,,1000,False,utic
IN053051,지산타운아파트,,,,1000,False,utic
IN053052,신천2주공아파트,L93171025789,[공사] 대현로 대한응급구조사협회 에서 공고네거리 방향 2차로 도로공사 주의운전,929.1,1000,True,utic
IN053053,한국가스공사숙소동,,,,1000,False,utic
IN053054,논공성원아파트,,,,1000,False,utic
IN053055,신성서화성파크드림,,,,1000,False,utic
IN053056,시지천마타운,,,,1000,False,utic
IN053057,오페라코오롱하늘채,,,,1000,False,utic
IN053058,범물두성타운,,,,1000,False,utic
IN053059,침산코오롱하늘채2단지,,,,1000,False,utic
IN053060,이마트만촌점E,,,,1000,False,utic
IN053061,각산푸르지오2단지,,,,1000,False,utic
IN053062,칠곡7단지부영아파트,,,,1000,False,utic
IN053063,신암에스디아이프라임,L93171022991,[공사] 동부로 동대구역네거리 에서 금호천일고속버스터미널 방향 4차로 지하 시설 작업 주의운전,834.1,1000,True,utic
IN053067,동화훼미리타운,,,,1000,False,utic
IN053068,칠곡보성맨션,,,,1000,False,utic
IN053069,극동스타클래스남산,,,,1000,False,utic
IN053070,에코폴리스동화아이위시,,,,1000,False,utic
IN053071,내당삼익맨션,,,,1000,False,utic
IN053072,시지삼주한라협화타운아파트,,,,1000,False,utic
IN053073,남산롯데캐슬센트럴스카이,,,,1000,False,utic
IN053074,반월당서한포레스트,,,,1000,False,utic
IN053076,죽곡푸르지오2단지,,,,1000,False,utic
IN053077,영남네오빌비스타,,,,1000,False,utic
IN053078,칠곡관음타운,,,,1000,False,utic
IN053079,신성서진흥더블파크,,,,1000,False,utic
IN053080,시지동서타운아파트,,,,1000,False,utic
IN053081,복현2차서한타운,,,,1000,False,utic
IN053082,유천포스코더샵,,,,1000,False,utic
IN053083,이천뜨란채2단지,,,,1000,False,utic
IN053084,율하역엘크루아파트,,,,1000,False,utic
IN053085,북죽곡현대엠코타운,,,,1000,False,utic
IN053086,에코폴리스동화아이위시3차,,,,1000,False,utic
IN053087,동화해오름타운아파트,,,,1000,False,utic
JA270001,(출입제한)롯데글로벌로지스 서대구터미널,,,,1000,False,utic
JA270003,롯데칠성음료 동대구영업소,,,,1000,False,utic
JA270004,롯데백화점 상인점,,,,1000,False,utic
JA270005,롯데마트 율하점,,,,1000,False,utic
JA270006,롯데백화점 대구점 지상 4층,,,,1000,False,utic
JA270007,롯데백화점 대구점 지상 3층,,,,1000,False,utic
JA270008,롯데아울렛 이시아폴리스점 A주차장,,,,1000,False,utic
JA270009,롯데슈퍼 수성점,,,,1000,False,utic
JA270010,대구가정법원,,,,1000,False,utic
JA270011,대구영남대학교의료원,,,,1000,False,utic
JA270012,대구한의대 한방병원,,,,1000,False,utic
JA270013,롯데웰푸드 북대구지점,,,,1000,False,utic
JE080003,(주)우리은행 대구지점,,,,1000,False,utic
KE000070,대구수성롯데캐슬더퍼스트301동,,,,1000,False,utic
KE000075,대구옥포LH천년나무307동,,,,1000,False,utic
KE000211,대구산격거평103동,,,,1000,False,utic
KE000230,대구SD아이프라임강북102동,,,,1000,False,utic
KE000244,대구신서혁신LH천년나무606동,,,,1000,False,utic
KE000245,대구신서혁신LH천년나무601동,,,,1000,False,utic
KE000246,대구신서혁신LH천년나무607동,,,,1000,False,utic
KE000354,대구침산태왕리더스102동,L93171040039,[공사] 성북로 침산초등학교앞 교차로 에서 침산동4767 방향 1차로 도로공사 주의운전,402.1,1000,True,utic
KE000359,대구다사주공201동,,,,1000,False,utic
KE000360,대구다사주공102동,,,,1000,False,utic
KE000375,대구칠곡우방하이츠102동,,,,1000,False,utic
KE000385,대구금호LH천년나무102동,,,,1000,False,utic
KE000386,대구금호LH천년나무104동,,,,1000,False,utic
KE000387,대구금호LH천년나무106동,,,,1000,False,utic
KE000419,대구수성롯데캐슬더퍼스트103동,,,,1000,False,utic
KE000420,대구수성롯데캐슬더퍼스트203동,,,,1000,False,utic
KE000540,대구신천역더뷰파크301동,L93171025789,[공사] 대현로 대한응급구조사협회 에서 공고네거리 방향 2차로 도로공사 주의운전,944.7,1000,True,utic
KE000548,대구동구진로이스트타운,L93171022991,[공사] 동부로 동대구역네거리 에서 금호천일고속버스터미널 방향 4차로 지하 시설 작업 주의운전,959.1,1000,True,utic
KE000602,대구화성리버파크1단지106동,,,,1000,False,utic
KE000692,대구화성리버파크1단지105동1,,,,1000,False,utic
KE000693,대구화성리버파크1단지106동1,,,,1000,False,utic
KE000709,대구SD아이프라임강북103동,,,,1000,False,utic
KE000830,대구태전역더뉴클래스,,,,1000,False,utic
KE000836,대구신천역까사밀라,L93171025789,[공사] 대현로 대한응급구조사협회 에서 공고네거리 방향 2차로 도로공사 주의운전,856.5,1000,True,utic
KE000883,대구수성월드메르디앙103동1,,,,1000,False,utic
KE000884,대구수성월드메르디앙103동2,,,,1000,False,utic
KE000885,대구수성월드메르디앙104동,,,,1000,False,utic
KE000886,대구수성월드메르디앙106동,,,,1000,False,utic
KE000887,대구수성월드메르디앙108동,,,,1000,False,utic
KE000897,대구삼정브리티시용산1,,,,1000,False,utic
KE000898,대구삼정브리티시용산2,,,,1000,False,utic
KE000899,대구삼정브리티시용산3,,,,1000,False,utic
KE000987,대구동구신암진로이스트타운,L93171022991,[공사] 동부로 동대구역네거리 에서 금호천일고속버스터미널 방향 4차로 지하 시설 작업 주의운전,981.7,1000,True,utic
KE001011,대구두산동행정복지센터,,,,1000,False,utic
KE001046,대구북구훼미리,,,,1000,False,utic
KE001051,대구수성황금2동행정복지센터,,,,1000,False,utic
KE001052,대구수성범어4동행정복지센터,L93171007174,[공사] 달구벌대로 만촌네거리 에서 남부빌딩 방향 1차로 지하 시설 작업 주의운전,576.5,1000,True,utic
KE001062,대구북구케이병원,,,,1000,False,utic
KE001089,대구북구SD아이프라임강북B1-01,,,,1000,False,utic
KE001090,대구북구SD아이프라임강북B1-02,,,,1000,False,utic
KE001196,대구성서MEGASTAR,L93171039525,[공사] 성서동로 가야유치원 에서 이곡동1255 방향 1차로 도로공사 주의운전,316.8,1000,True,utic
KE001252,한국전기안전공사 대구경북지역본부,L93171022991,[공사] 동부로 동대구역네거리 에서 금호천일고속버스터미널 방향 4차로 지하 시설 작업 주의운전,991.1,1000,True,utic
KE001333,파동행정복지센터,,,,1000,False,utic
KE001402,경찰대구중앙파출소,,,,1000,False,utic
KE001516,경찰대구안심지구대,,,,1000,False,utic
KE001517,경찰대구서부경찰서,,,,1000,False,utic
KE001518,경찰대구구지파출소,,,,1000,False,utic
KL001131,용산우방미진태왕타운아파트,,,,1000,False,utic
KL001282,현대청림타운,,,,1000,False,utic
KL001438,대구동서변그린빌아파트_01,,,,1000,False,utic
KL001439,대구동서변그린빌아파트_02,,,,1000,False,utic
KL001440,대구동서변그린빌아파트_03,,,,1000,False,utic
KL001494,신천지하이츠아파트,,,,1000,False,utic
KL001616,지산보성맨션_1,,,,1000,False,utic
KL001617,지산보성맨션_2,,,,1000,False,utic
KL001618,지산보성맨션_3,,,,1000,False,utic
KL001672,대구 삼성생명,,,,1000,False,utic
KL001677,수목원호정포레스트아파트-1,,,,1000,False,utic
KL001678,수목원호정포레스트아파트-2,,,,1000,False,utic
KL001679,수목원호정포레스트아파트-3,,,,1000,False,utic
KL001745,가고파바비큐식당,,,,1000,False,utic
KL001763,김태희손국수식당,,,,1000,False,utic
KL001809,대구종합유통단지 의류관,,,,1000,False,utic
KL001825,이시아팰리스,,,,1000,False,utic
KL001847,대구유통단지 전기재료관,,,,1000,False,utic
KL001924,강북이진캐스빌,,,,1000,False,utic
KL001990,범어동일하이빌아파트,,,,1000,False,utic
KL002459,범어월드메르디앙웨스턴카운티,,,,1000,False,utic
KL002465,칠곡2차보성서한타운,,,,1000,False,utic
KL002550,한국산업관리공단,,,,1000,False,utic
KL002650,성서로얄팰리스관리사무소,L93171039525,[공사] 성서동로 가야유치원 에서 이곡동1255 방향 1차로 도로공사 주의운전,361.7,1000,True,utic
KL002700,(주)지원엠케이,,,,1000,False,utic
KL002703,도남자동차검사정비,,,,1000,False,utic
KP000060,남대구지사,,,,1000,False,utic
KP000061,대구직할,L93171040039,[공사] 성북로 침산초등학교앞 교차로 에서 침산동4767 방향 1차로 도로공사 주의운전,578.7,1000,True,utic
KP000062,동대구지사,,,,1000,False,utic
KP000156,서대구지사,,,,1000,False,utic
KP000230,롯데역사(주) 대구점,,,,1000,False,utic
KP000231,3호선 칠곡차량기지,,,,1000,False,utic
KP000232,대구스타디움 버스주차장,,,,1000,False,utic
KP000233,대구미술관 외환들 주차장,,,,1000,False,utic
KP000234,시민안전테마파크,,,,1000,False,utic
KP000235,방촌천 복개주차장,,,,1000,False,utic
KP000236,수성패밀리파크,,,,1000,False,utic
KP000237,수성구민운동장,,,,1000,False,utic
KP000238,두류공원 테니스장,,,,1000,False,utic
KP000239,대구수목원 제3주차장,,,,1000,False,utic
KP000240,달성종합스포츠파크,,,,1000,False,utic
KP000241,화원명곡공원,,,,1000,False,utic
KP000334,대구경북전력관리처,,,,1000,False,utic
KP000401,대구유통단지 전자관,,,,1000,False,utic
KP000402,LH대구경북본부,,,,1000,False,utic
KP000470,대곡역그린빌,,,,1000,False,utic
KP000471,상인서한타운,,,,1000,False,utic
KP000472,상인화성파크드림1단지,,,,1000,False,utic
KP000473,상인화성파크드림2단지,,,,1000,False,utic
KP000474,천내보성타운,,,,1000,False,utic
KP000475,힐데스하임,,,,1000,False,utic
KP000476,범물인앤인 아파트,,,,1000,False,utic
KP000477,범어쌍용예가,,,,1000,False,utic
KP000478,범어화산샬레,L93171007174,[공사] 달구벌대로 만촌네거리 에서 남부빌딩 방향 1차로 지하 시설 작업 주의운전,766.4,1000,True,utic
KP000479,수성태왕하이츠리버뷰,,,,1000,False,utic
KP000480,시지월드메르디앙,,,,1000,False,utic
KP000481,이시아폴리스더샵1차,,,,1000,False,utic
KP000483,앞산힐스테이트,,,,1000,False,utic
KP000484,대신센트럴자이 아파트,,,,1000,False,utic
KP000639,남산그린타운 아파트,,,,1000,False,utic
KP000640,대구대현LH3단지 아파트,L93171025789,[공사] 대현로 대한응급구조사협회 에서 공고네거리 방향 2차로 도로공사 주의운전,373.7,1000,True,utic
KP000641,대현e편한세상 아파트,L93171025789,[공사] 대현로 대한응급구조사협회 에서 공고네거리 방향 2차로 도로공사 주의운전,843.0,1000,True,utic
KP000642,브라운스톤강북 아파트,,,,1000,False,utic
KP000643,두류보성맨션 아파트,,,,1000,False,utic
KP000644,본리롯데캐슬 아파트,,,,1000,False,utic
KP000645,월드마크웨스트엔드 아파트,,,,1000,False,utic
KP000656,달성2차청아람 아파트,,,,1000,False,utic
KP000657,상인대성스카이렉스 아파트,,,,1000,False,utic
KP000658,상인역e편한세상1단지 아파트,,,,1000,False,utic
KP000659,상인역e편한세상2단지 아파트,,,,1000,False,utic
KP000660,성서 한빛마을 아파트,L93171039525,[공사] 성서동로 가야유치원 에서 이곡동1255 방향 1차로 도로공사 주의운전,538.0,1000,True,utic
KP000661,성서 한샘타운 아파트,L93171039525,[공사] 성서동로 가야유치원 에서 이곡동1255 방향 1차로 도로공사 주의운전,536.1,1000,True,utic
KP000662,월배역포스코더샵 아파트,,,,1000,False,utic
KP000663,월촌화성타운 아파트,,,,1000,False,utic
KP000664,평광행복타운 아파트,,,,1000,False,utic
KP000665,각산푸르지오1단지 아파트,,,,1000,False,utic
KP000666,동대구유성푸르나임 아파트,L93171022991,[공사] 동부로 동대구역네거리 에서 금호천일고속버스터미널 방향 4차로 지하 시설 작업 주의운전,489.1,1000,True,utic
KP000667,래미안수성 아파트,,,,1000,False,utic
KP000668,만촌태왕리더스 아파트,L93171007174,[공사] 달구벌대로 만촌네거리 에서 남부빌딩 방향 1차로 지하 시설 작업 주의운전,607.0,1000,True,utic
KP000669,무열마을 아파트,L93171007174,[공사] 달구벌대로 만촌네거리 에서 남부빌딩 방향 1차로 지하 시설 작업 주의운전,874.3,1000,True,utic
KP000670,범어월드메르디앙웨스턴카운티 아파트,,,,1000,False,utic
KP000671,수성누리빌데시앙 아파트,L93171007174,[공사] 달구벌대로 만촌네거리 에서 남부빌딩 방향 1차로 지하 시설 작업 주의운전,975.8,1000,True,utic
KP000672,수성대백인터빌 아파트,,,,1000,False,utic
KP000673,시지3차태왕하이츠 아파트,,,,1000,False,utic
KP000674,시지3차신매보성타운 아파트,,,,1000,False,utic
KP000675,시지동화아이위시 아파트,,,,1000,False,utic
KP000676,아이프라임신매 아파트,,,,1000,False,utic
KP000677,화성고려파크뷰 아파트,,,,1000,False,utic
KP001101,대구효성해링턴플레이스,,,,1000,False,utic
KP001102,용산롯데캐슬그랜드,,,,1000,False,utic
KP001107,나래마을,,,,1000,False,utic
KP001109,유천포스코더샵 아파트,,,,1000,False,utic
KP001111,e편한세상 세계육상선수촌2단지,,,,1000,False,utic
KP001112,수성월드메르디앙,,,,1000,False,utic
KP001114,율하우방아이유쉘,,,,1000,False,utic
KP001115,혁신서한이다음3차,,,,1000,False,utic
KP001594,sd아이프라임강북,,,,1000,False,utic
KP001595,금호신도시서한이다음,,,,1000,False,utic
KP001596,반월당삼정그린코아,,,,1000,False,utic
KP001597,복현푸르지오,,,,1000,False,utic
KP001598,복현현대맨션,,,,1000,False,utic
KP001599,삼진목화 아파트,,,,1000,False,utic
KP001600,센트로팰리스,,,,1000,False,utic
KP001602,침산동2차쌍용예가,L93171040039,[공사] 성북로 침산초등학교앞 교차로 에서 침산동4767 방향 1차로 도로공사 주의운전,286.2,1000,True,utic
KP001603,침산코오롱하늘채2단지,L93171040039,[공사] 성북로 침산초등학교앞 교차로 에서 침산동4767 방향 1차로 도로공사 주의운전,901.4,1000,True,utic
KP001604,태왕아너스스카이,,,,1000,False,utic
KP001613,교대역월드메르디앙,,,,1000,False,utic
KP001614,동화로즈빌,,,,1000,False,utic
KP001615,본리2차롯데캐슬,,,,1000,False,utic
KP001616,삼정브리티시용산,,,,1000,False,utic
KP001617,성당동포스코더샵,,,,1000,False,utic
KP001618,성당에덴타운,,,,1000,False,utic
KP001620,용산청구블루빌타운,,,,1000,False,utic
KP001637,대곡사계절타운,,,,1000,False,utic
KP001639,대곡주공9단지아람마을,,,,1000,False,utic
KP001640,대구월배2차IPARK,,,,1000,False,utic
KP001641,동방현대타운,,,,1000,False,utic
KP001642,동서장관빌라,,,,1000,False,utic
KP001643,롯데캐슬레이크,,,,1000,False,utic
KP001644,미리샘마을,,,,1000,False,utic
KP001645,보성은하타운,,,,1000,False,utic
KP001647,상인보성맨션,,,,1000,False,utic
KP001650,상인푸르지오,,,,1000,False,utic
KP001651,성서1차영남우방타운,L93171039525,[공사] 성서동로 가야유치원 에서 이곡동1255 방향 1차로 도로공사 주의운전,625.3,1000,True,utic
KP001652,성서2차영남우방타운,L93171039525,[공사] 성서동로 가야유치원 에서 이곡동1255 방향 1차로 도로공사 주의운전,682.3,1000,True,utic
KP001653,성서우방타운,L93171039525,[공사] 성서동로 가야유치원 에서 이곡동1255 방향 1차로 도로공사 주의운전,502.0,1000,True,utic
KP001654,성서청남타운,L93171039525,[공사] 성서동로 가야유치원 에서 이곡동1255 방향 1차로 도로공사 주의운전,936.4,1000,True,utic
KP001655,월배1차아이파크,,,,1000,False,utic
KP001656,월배힐스테이트,,,,1000,False,utic
KP001657,제일풍경채더퍼스트,,,,1000,False,utic
KP001658,진천역대우이안 아파트,,,,1000,False,utic
KP001659,진천코오롱하늘채,,,,1000,False,utic
KP001660,테크노폴리스반도유보라,,,,1000,False,utic
KP001661,테크노폴리스서한이다음,,,,1000,False,utic
KP001662,테크노폴리스진아리채,,,,1000,False,utic
KP001663,호반베르디움더클래스,,,,1000,False,utic
KP001664,화원태왕타운,,,,1000,False,utic
KP001666,e편한세상범어,,,,1000,False,utic
KP001667,각산태영데시앙,,,,1000,False,utic
KP001668,각산푸르지오2단지,,,,1000,False,utic
KP001669,범물우방미진하이츠,,,,1000,False,utic
KP001670,범어동일하이빌,,,,1000,False,utic
KP001671,범어롯데캐슬,,,,1000,False,utic
KP001672,사월화성파크드림2단지,,,,1000,False,utic
KP001673,수성롯데캐슬,,,,1000,False,utic
KP001674,시지4차태왕레전드,,,,1000,False,utic
KP001675,시지5차월드하이츠,,,,1000,False,utic
KP001676,시지우방하이츠,,,,1000,False,utic
KP001677,시지한신휴플러스,,,,1000,False,utic
KP001678,신암뜨란채,L93171025789,[공사] 대현로 대한응급구조사협회 에서 공고네거리 방향 2차로 도로공사 주의운전,497.1,1000,True,utic
KP001679,아이프라임시지,,,,1000,False,utic
KP001681,웰리치시지,,,,1000,False,utic
KP001682,율하휴먼시아12단지,,,,1000,False,utic
KP001683,이시아폴리스더샵3차,,,,1000,False,utic
KP001684,태왕메트로시티,,,,1000,False,utic
KP001687,신성미소시티주상복합 아파트,,,,1000,False,utic
KP001953,강변코오롱,,,,1000,False,utic
KP001959,대곡한라하우젠트,,,,1000,False,utic
KP001960,성서우방유쉘 아파트,,,,1000,False,utic
KP001961,월성동삼성래미안 아파트,,,,1000,False,utic
KP001962,월성코오롱하늘채1단지,,,,1000,False,utic
KP001963,제일풍경채센트럴,,,,1000,False,utic
KP001964,진천역대성스카이렉스,,,,1000,False,utic
KP001965,협성휴포레월성,,,,1000,False,utic
KP001966,대구혁신LH이노힐즈,,,,1000,False,utic
KP001967,신천휴먼시아5단지,,,,1000,False,utic
KP001968,우방한가람타운,,,,1000,False,utic
KP002172,이마트 감삼점,,,,1000,False,utic
KP002173,홈플러스 남대구점,,,,1000,False,utic
KP002174,홈플러스 내당점,,,,1000,False,utic
KP002180,홈플러스 상인점,,,,1000,False,utic
KP002181,가창체육공원,,,,1000,False,utic
KP002182,대구공항,,,,1000,False,utic
KP002183,대구축협 축산물프라자,,,,1000,False,utic
KP002184,이마트 반야월점,,,,1000,False,utic
KP002186,홈플러스 동촌점,,,,1000,False,utic
KP002187,경북대학교 학생주차장,L93171025789,[공사] 대현로 대한응급구조사협회 에서 공고네거리 방향 2차로 도로공사 주의운전,843.4,1000,True,utic
KP002188,대구오토월드,,,,1000,False,utic
KP002189,대백프라자,,,,1000,False,utic
KP002190,이마트 칠성점,L93171040039,[공사] 성북로 침산초등학교앞 교차로 에서 침산동4767 방향 1차로 도로공사 주의운전,683.4,1000,True,utic
KP002192,홈플러스 칠곡점,,,,1000,False,utic
KP002319,월성화성타운,,,,1000,False,utic
KP002320,영조아름다운나날1단지,,,,1000,False,utic
KP002321,지산화성파크드림,,,,1000,False,utic
KP002322,태왕그린힐즈,,,,1000,False,utic
KP002323,대한동아침산1차무지개아파트,L93171040039,[공사] 성북로 침산초등학교앞 교차로 에서 침산동4767 방향 1차로 도로공사 주의운전,481.0,1000,True,utic
KP002324,매천화성파크드림,,,,1000,False,utic
KP002325,칠곡관음타운,,,,1000,False,utic
KP002416,북죽곡엠코타운더솔레뉴,,,,1000,False,utic
KP002417,진천역AK그랑폴리스,,,,1000,False,utic
KP002418,한빛타운,,,,1000,False,utic
KP002419,삼덕청아람리슈빌,,,,1000,False,utic
KP002514,달성유통센터,,,,1000,False,utic
KP002633,진로이스트타운,,,,1000,False,utic
KP002663,복현명문세가2단지,,,,1000,False,utic
KP002736,삼정그린빌아파트,,,,1000,False,utic
KP002737,침산동화타운,L93171040039,[공사] 성북로 침산초등학교앞 교차로 에서 침산동4767 방향 1차로 도로공사 주의운전,791.5,1000,True,utic
KP002757,용산동서우방타운,,,,1000,False,utic
KP002769,대실역e-편한세상,,,,1000,False,utic
KP002797,남산휴먼시아2단지,,,,1000,False,utic
KP002861,성서삼성한국형,,,,1000,False,utic
KP002898,수성아이파크,,,,1000,False,utic
KP002973,성서무지개타운,L93171039525,[공사] 성서동로 가야유치원 에서 이곡동1255 방향 1차로 도로공사 주의운전,731.0,1000,True,utic
KP003004,앞산청구제네스,,,,1000,False,utic
KP003010,lh옥포천년나무2단지,,,,1000,False,utic
KP003014,동서변그린빌아파트,,,,1000,False,utic
KP003157,칠곡그린빌4단지,,,,1000,False,utic
KP003158,칠곡부영5단지아파트,,,,1000,False,utic
KP003173,월성동서타운,,,,1000,False,utic
KP003174,화원태왕리더스,,,,1000,False,utic
KP003196,천일맨션,,,,1000,False,utic
KP003197,칠곡네스빌,,,,1000,False,utic
KP003222,협화문화아파트,,,,1000,False,utic
KP003223,현대전원맨션,,,,1000,False,utic
KP003224,오페라코오롱하늘채,,,,1000,False,utic
KP003239,강변동서마을관리사무소,,,,1000,False,utic
KP003268,대성주유소,,,,1000,False,utic
KP003278,대구혁신센텀힐즈,,,,1000,False,utic
KP003291,시지1차태왕하이츠,,,,1000,False,utic
KP003311,신천자이아파트,L93171025789,[공사] 대현로 대한응급구조사협회 에서 공고네거리 방향 2차로 도로공사 주의운전,547.4,1000,True,utic
KP003343,월배역라온프라이빗,,,,1000,False,utic
KP003423,유통단지 전자상가,,,,1000,False,utic
KP003424,대성하이웨이주유소,,,,1000,False,utic
KP003444,대성유니드 주유소,,,,1000,False,utic
KP003475,두류공원 초급속 EV충전소,,,,1000,False,utic
KP003631,만촌태왕아너스,L93171007174,[공사] 달구벌대로 만촌네거리 에서 남부빌딩 방향 1차로 지하 시설 작업 주의운전,522.0,1000,True,utic
KP003696,혁신도시서한이다음4차,,,,1000,False,utic
KP003697,칠곡현대1차아파트,,,,1000,False,utic
KP003698,중리롯데캐슬,,,,1000,False,utic
KP003772,학산근린공원삼거리주차장,,,,1000,False,utic
KP003774,배실공원주차장,,,,1000,False,utic
KP003775,노변공영주차장,,,,1000,False,utic
KP003776,양지로공영주차장,,,,1000,False,utic
KP003777,HC홈센타홀딩스 주차장,L93171040039,[공사] 성북로 침산초등학교앞 교차로 에서 침산동4767 방향 1차로 도로공사 주의운전,944.1,1000,True,utic
KP003779,한일우호관,,,,1000,False,utic
KP003780,달서구노인종합복지관,,,,1000,False,utic
KP003782,성당동1공영주차장,,,,1000,False,utic
KP003783,송현2동공영주차장,,,,1000,False,utic
KP003784,한국농어촌공사 경북지역본부 주차장,,,,1000,False,utic
KP003786,유통단지 섬유제품관,,,,1000,False,utic
KP003788,롯데아울렛 이시아폴리스점,,,,1000,False,utic
KP003789,남부순환도로,,,,1000,False,utic
KP003790,칠곡홈플러스(추가분),,,,1000,False,utic
KP003870,송현월성아파트,,,,1000,False,utic
KP003871,동화해오름타운,,,,1000,False,utic
KP004005,대구서부경찰서,,,,1000,False,utic
KP004007,수성대학교,L93171007174,[공사] 달구벌대로 만촌네거리 에서 남부빌딩 방향 1차로 지하 시설 작업 주의운전,681.4,1000,True,utic
KP004009,동북지방통계청,,,,1000,False,utic
KP004010,축산물도매시장,,,,1000,False,utic
KP004011,투섬플레이스 대구칠곡학정점,,,,1000,False,utic
KP004014,네이처파크 스파벨리,,,,1000,False,utic
KP004018,MS카오디오,L93171007174,[공사] 달구벌대로 만촌네거리 에서 남부빌딩 방향 1차로 지하 시설 작업 주의운전,220.3,1000,True,utic
KP004022,중리롯데캐슬 종합상가,,,,1000,False,utic
KP004024,명곡미래빌1단지,,,,1000,False,utic
KP004025,청구청탑맨션,,,,1000,False,utic
KP004028,대곡역그린빌아파트,,,,1000,False,utic
KP004412,산업용재관,,,,1000,False,utic
KP004413,한국생산기술연구소(달성),,,,1000,False,utic
KP004416,달서시장 공영주차장,,,,1000,False,utic
KP004433,한국폴리텍대학 달성캠퍼스,,,,1000,False,utic
KP004512,군위군농업기술센터,,,,1000,False,utic
KP004798,대구보호관찰소,,,,1000,False,utic
KP004799,대구범어더리브스퀘어,,,,1000,False,utic
KP004800,대구경북과학기술원,,,,1000,False,utic
KP004804,효성파머스마켓 칠곡점,,,,1000,False,utic
KP004805,대구복합스포츠타운,L93171040039,[공사] 성북로 침산초등학교앞 교차로 에서 침산동4767 방향 1차로 도로공사 주의운전,910.9,1000,True,utic
KP004806,강북실버타운,,,,1000,False,utic
KP004851,계명대학교 성서캠퍼스(동영관),,,,1000,False,utic
KP004852,계명대학교 성서캠퍼스(공학관),,,,1000,False,utic
KP004856,대구교도소,,,,1000,False,utic
KP004857,계명대학교 대명캠퍼스,,,,1000,False,utic
KP004863,중구보건소,,,,1000,False,utic
KP004864,대구축산물프라자 침산점,L93171040039,[공사] 성북로 침산초등학교앞 교차로 에서 침산동4767 방향 1차로 도로공사 주의운전,367.4,1000,True,utic
KP005260,비슬산 유스호스텔,,,,1000,False,utic
KP005266,중구 청라국민체육센터 지상,,,,1000,False,utic
KP005267,중구 청라국민체육센터 지하,,,,1000,False,utic
KP005271,대구경북건설지사,,,,1000,False,utic
KP005311,현풍휴게소(대구방면),,,,1000,False,utic
KP005312,현풍휴게소(창원방면),,,,1000,False,utic
KP005376,군위한전 전기차충전소 급속 100kw,,,,1000,False,utic
KP005545,한국산업인력공단,,,,1000,False,utic
KP005644,동대구지사(공용),,,,1000,False,utic
KP005723,한전달성전력지사,,,,1000,False,utic
KP005769,성서용산시장공영주차장,,,,1000,False,utic
KP005822,(전주거치형)비슬로길 노상주차장,,,,1000,False,utic
KP005831,(전주거치형)논공중앙로34길노상주차장,,,,1000,False,utic
KP005832,(전주거치형)논공중앙로 노상주차장,,,,1000,False,utic
KP005833,(전주거치형)논공로15길 노상주차장,,,,1000,False,utic
KP005834,(전주거치형)금강로16길 노상주차장,,,,1000,False,utic
KP005872,세천로 1길 공영주차장,,,,1000,False,utic
KP005873,비산동 노상주차장,,,,1000,False,utic
KP006964,효령면행복복지센터,,,,1000,False,utic
KP008088,남대구지사(공용),,,,1000,False,utic
KP010445,대구공항일반주차장,,,,1000,False,utic
KP010627,대구복합스포츠타운 P1주차장,,,,1000,False,utic
KRC10088,광명사상보급회,,,,1000,False,utic
KRC10171,하지스퀘어,,,,1000,False,utic
KRC10237,그린파크사우나,,,,1000,False,utic
L3004597,기아오토큐 수성종합서비스 (급),,,,1000,False,utic
L3004610,기아오토큐 서대구점 (급),,,,1000,False,utic
LD270002,LGL 동대구SUB터미널,,,,1000,False,utic
LI000046,로젠택배 남대구A지점,,,,1000,False,utic
LI000058,로젠택배 북대구지점,,,,1000,False,utic
LI000059,로젠택배 서대구지점,,,,1000,False,utic
LI000076,로젠택배 남대구B지점,,,,1000,False,utic
LU000034,브라운도트호텔대구성서점,,,,1000,False,utic
LU000035,브라운도트호텔 대구혁신점,,,,1000,False,utic
LU000083,리아카데미 대구국제학교,,,,1000,False,utic
LU000118,(주)알파엠앤씨,,,,1000,False,utic
LU000119,두리의료재단,,,,1000,False,utic
LU000120,엘비디씨,,,,1000,False,utic
LU000200,스위스요양병원,L93171022991,[공사] 동부로 동대구역네거리 에서 금호천일고속버스터미널 방향 4차로 지하 시설 작업 주의운전,972.1,1000,True,utic
LU000228,KMI TOP점,,,,1000,False,utic
LU000231,연경그루시티,,,,1000,False,utic
LU000302,801하우스,,,,1000,False,utic
LU000335,강창하이츠,,,,1000,False,utic
LU000361,국민건강보험공단 달성지사,,,,1000,False,utic
LU000437,디에이치정밀,,,,1000,False,utic
LU000458,매호청구하이츠빌아파트,,,,1000,False,utic
LU000479,범물삼주타운,,,,1000,False,utic
LU000561,수성하이츠,,,,1000,False,utic
LU000568,시지5차월드하이츠,,,,1000,False,utic
LU000587,아이작큐브,,,,1000,False,utic
LU000636,웨딩메르디앙(무진산업개발),L93171040039,[공사] 성북로 침산초등학교앞 교차로 에서 침산동4767 방향 1차로 도로공사 주의운전,901.7,1000,True,utic
LU000677,정화우방팔레스,,,,1000,False,utic
LU000684,㈜한국하이테크,,,,1000,False,utic
LU000742,한실들마을 2차,,,,1000,False,utic
LU000769,화원이진캐슬,,,,1000,False,utic
LU000799,대구강북경찰서,,,,1000,False,utic
LU000904,각산푸르지오1단지,,,,1000,False,utic
LU000912,대현신화맨션,L93171025789,[공사] 대현로 대한응급구조사협회 에서 공고네거리 방향 2차로 도로공사 주의운전,343.0,1000,True,utic
LU001022,뉴웰시티,,,,1000,False,utic
LU001036,힐스테이트다사역오피스텔,,,,1000,False,utic
LU001061,보성홍실2차,,,,1000,False,utic
LU001081,비산루카스서대구주차장,,,,1000,False,utic
LU001220,강창하이츠,,,,1000,False,utic
LU001249,센트럴시티오피스텔,,,,1000,False,utic
LU001276,초이스우드,,,,1000,False,utic
LU001290,LG유플러스 대구신천,L93171022991,[공사] 동부로 동대구역네거리 에서 금호천일고속버스터미널 방향 4차로 지하 시설 작업 주의운전,775.0,1000,True,utic
LU001508,상인삼미타운,,,,1000,False,utic
LU001561,대구파티마병원,L93171022991,[공사] 동부로 동대구역네거리 에서 금호천일고속버스터미널 방향 4차로 지하 시설 작업 주의운전,892.0,1000,True,utic
LU001601,논공주공아파트,,,,1000,False,utic
LU001641,낙원아파트,,,,1000,False,utic
LU001682,남대영기념관,,,,1000,False,utic
LU001780,건강관리협회경북지부,,,,1000,False,utic
LU001804,불로서한이다음아파트,,,,1000,False,utic
LU001877,대구보건대학교,,,,1000,False,utic
LU001878,계명대학교 대구동산병원,,,,1000,False,utic
LU001880,네오시티프라자,,,,1000,False,utic
LU001998,수성헤센더테라스,,,,1000,False,utic
LU002093,대구율하숲,,,,1000,False,utic
LU002099,산격에덴아파트,,,,1000,False,utic
LU002120,화원삼주타운,,,,1000,False,utic
LU002133,서정SM빌딩,,,,1000,False,utic
LU002217,홍실1차아파트,,,,1000,False,utic
LU002226,진천청구타운,,,,1000,False,utic
LU002230,호반써밋 대구두산,,,,1000,False,utic
LU002259,힐스테이트 범어센트럴,,,,1000,False,utic
LU002303,수성알파시티동화아이위시,,,,1000,False,utic
LU002345,진천우방맨션,,,,1000,False,utic
LU002360,달성이코노마트,,,,1000,False,utic
LU002365,북구이코노마트,,,,1000,False,utic
LU002373,송림,,,,1000,False,utic
LU002386,주식회사유정홀딩스,,,,1000,False,utic
LU002424,코마텍,,,,1000,False,utic
LU002435,세한건설,,,,1000,False,utic
LU002484,황남,L93171039525,[공사] 성서동로 가야유치원 에서 이곡동1255 방향 1차로 도로공사 주의운전,173.0,1000,True,utic
LU002488,신암보성2차,,,,1000,False,utic
LU002535,파티마홈,,,,1000,False,utic
LU002588,우방청자아파트,,,,1000,False,utic
LU002597,지산청구타운아파트,,,,1000,False,utic
LU002687,아름다운나날2단지아파트,,,,1000,False,utic
LU002753,상인동화아이위시,,,,1000,False,utic
LU002810,태왕아너스베스트,,,,1000,False,utic
LU002824,범물용지2단지아파트,,,,1000,False,utic
LU002867,진천달맞이맨션,,,,1000,False,utic
LU002878,대구트럼프스타,,,,1000,False,utic
LU002944,수성롯데캐슬더퍼스트,,,,1000,False,utic
LU003018,주건축물제1동,,,,1000,False,utic
LU003020,신세계식자재마트,,,,1000,False,utic
LU003071,대구혁신LH4단지,,,,1000,False,utic
LU003073,한실들마을 2차,,,,1000,False,utic
LU003121,대구복합건축자재관,,,,1000,False,utic
LU003123,대구제일안과병원,L93171025789,[공사] 대현로 대한응급구조사협회 에서 공고네거리 방향 2차로 도로공사 주의운전,219.8,1000,True,utic
LU003127,상인동서타운,,,,1000,False,utic
LU003143,대구메가맥스타워,,,,1000,False,utic
LU003147,세강개발,,,,1000,False,utic
LU003165,지산현대아파트,,,,1000,False,utic
LU003182,지산5단지,,,,1000,False,utic
LU003218,주식회사청명건설,,,,1000,False,utic
LU003223,디에스라이프,,,,1000,False,utic
LU003352,칠곡2차영남타운,,,,1000,False,utic
LU003353,시지2차태왕하이츠,,,,1000,False,utic
LU003361,월성삼성래미안,,,,1000,False,utic
LU003376,만촌우방하이츠,L93171022991,[공사] 동부로 동대구역네거리 에서 금호천일고속버스터미널 방향 4차로 지하 시설 작업 주의운전,972.1,1000,True,utic
LU003389,대구동성로주차장,,,,1000,False,utic
LU003423,상인보성타운아파트,,,,1000,False,utic
LU003428,대구가톨릭병원,,,,1000,False,utic
LU003552,침산동화타운,L93171040039,[공사] 성북로 침산초등학교앞 교차로 에서 침산동4767 방향 1차로 도로공사 주의운전,788.4,1000,True,utic
LU003557,침산옥석타운,L93171040039,[공사] 성북로 침산초등학교앞 교차로 에서 침산동4767 방향 1차로 도로공사 주의운전,474.3,1000,True,utic
LU003594,안심역아이센스,,,,1000,False,utic
LU003646,침산청구타운,L93171040039,[공사] 성북로 침산초등학교앞 교차로 에서 침산동4767 방향 1차로 도로공사 주의운전,138.4,1000,True,utic
LU003650,태전우방타운,,,,1000,False,utic
LU003651,광장산업개발,,,,1000,False,utic
LU003668,지산리더스,,,,1000,False,utic
LU003669,범물신화맨션,,,,1000,False,utic
LU003670,범물보성타운,,,,1000,False,utic
LU003675,신서녹원맨션,,,,1000,False,utic
LU003683,동산맨션,,,,1000,False,utic
LU003719,오송골프클럽,,,,1000,False,utic
LU003732,대구비슬산게르마늄스파,,,,1000,False,utic
LU003738,상인장미3단지,,,,1000,False,utic
LU003743,대구지산에덴타운,,,,1000,False,utic
LU003746,상인현대동방타운,,,,1000,False,utic
LU003747,화원태왕타운,,,,1000,False,utic
LU003750,비둘기아파트,,,,1000,False,utic
LU003800,대구지산화성파크드림,,,,1000,False,utic
LU003848,대구성서6주공아파트,L93171039525,[공사] 성서동로 가야유치원 에서 이곡동1255 방향 1차로 도로공사 주의운전,869.6,1000,True,utic
LU003877,범어에일린의뜰,,,,1000,False,utic
LU003878,3차가든하이츠,,,,1000,False,utic
LU003901,범물삼주타운,,,,1000,False,utic
LU003904,부영e그린타운,,,,1000,False,utic
LU003907,삼우1차수성타운,,,,1000,False,utic
LU003911,시지두성타운,,,,1000,False,utic
LU003915,신천가람타운,L93171025789,[공사] 대현로 대한응급구조사협회 에서 공고네거리 방향 2차로 도로공사 주의운전,658.7,1000,True,utic
LU003923,지산협화맨션,,,,1000,False,utic
LU003926,침산동서타운,L93171040039,[공사] 성북로 침산초등학교앞 교차로 에서 침산동4767 방향 1차로 도로공사 주의운전,328.1,1000,True,utic
LU003962,유니버시아드선수촌2단지,,,,1000,False,utic
LU003963,대명동파크맨션,,,,1000,False,utic
LU003964,복현광명아파트,,,,1000,False,utic
LU003965,침산삼주아파트,,,,1000,False,utic
LU003966,침산2지구아파트,L93171040039,[공사] 성북로 침산초등학교앞 교차로 에서 침산동4767 방향 1차로 도로공사 주의운전,275.8,1000,True,utic
LU004017,진로이스트타운,,,,1000,False,utic
LU004019,신천역센트럴리버파크,L93171025789,[공사] 대현로 대한응급구조사협회 에서 공고네거리 방향 2차로 도로공사 주의운전,939.0,1000,True,utic
LU004020,진천역AK그랑폴리스,,,,1000,False,utic
LU004027,힐스테이트범어센트럴,,,,1000,False,utic
LU004073,화성리버파크2단지,,,,1000,False,utic
LU004079,대구지산화성맨션,,,,1000,False,utic
LU004085,대구서현교회,,,,1000,False,utic
LU004135,명곡미래빌4단지,,,,1000,False,utic
LU004142,동신점보아파트,,,,1000,False,utic
LU004153,대구월촌화성타운,,,,1000,False,utic
LU004175,캐슬골드파크,,,,1000,False,utic
LU004183,신혼연립주택,,,,1000,False,utic
LU004184,방촌우방맨션,,,,1000,False,utic
LU004185,방촌동강변아파트,,,,1000,False,utic
LU004186,본리동한신아파트,,,,1000,False,utic
LU004191,유니버시아드선수촌1단지,,,,1000,False,utic
LU004213,대구대곡역화성파크드림,,,,1000,False,utic
LU004272,각산성지아파트,,,,1000,False,utic
LU004309,성서청남타운,L93171039525,[공사] 성서동로 가야유치원 에서 이곡동1255 방향 1차로 도로공사 주의운전,936.2,1000,True,utic
LU100024,대구보성산호아파트,,,,1000,False,utic
LU100057,칠곡현대아파트,,,,1000,False,utic
LU100059,오페라센텀파크 서한이다음,,,,1000,False,utic
LU100067,대구칠곡동화골든빌,,,,1000,False,utic
LU100094,대구마고플레인아양,,,,1000,False,utic
LU100103,대구구병원,,,,1000,False,utic
LU100144,동촌강나루타운,,,,1000,False,utic
LU100145,아름다운나날3단지,,,,1000,False,utic
LU100146,동대구2차비스타동원,,,,1000,False,utic
LU100148,오케이포인트마트연경점,,,,1000,False,utic
LU100149,대구두성3차아파트,,,,1000,False,utic
LU100150,장원맨션,L93171007174,[공사] 달구벌대로 만촌네거리 에서 남부빌딩 방향 1차로 지하 시설 작업 주의운전,958.3,1000,True,utic
LU100151,강창훼밀리타운,,,,1000,False,utic
LU100152,대구학산아파트,,,,1000,False,utic
LU100153,달성테크노폴리스진아리채,,,,1000,False,utic
LU100191,각산역더뉴클래스3차,,,,1000,False,utic
LU100230,수성알파시티청아람,,,,1000,False,utic
LU100306,동서변그린빌아파트,,,,1000,False,utic
LU100310,범어궁전맨션,,,,1000,False,utic
LU100316,가든하이츠1단지,L93171007174,[공사] 달구벌대로 만촌네거리 에서 남부빌딩 방향 1차로 지하 시설 작업 주의운전,941.4,1000,True,utic
LU100345,성당포스코더샵,,,,1000,False,utic
LU100348,앞산청구제네스,,,,1000,False,utic
LU100349,제림빌리지,,,,1000,False,utic
LU100350,퀸벨호텔,,,,1000,False,utic
LU100498,서한청산맨션,,,,1000,False,utic
LU100499,월성주공1단지,,,,1000,False,utic
LU100685,대구시티요양병원,,,,1000,False,utic
LU100689,대구테크노타임스퀘어,,,,1000,False,utic
LU100748,대구팔공3차보성타운,,,,1000,False,utic
LU100755,대구화원이진캐스빌,,,,1000,False,utic
LU100804,우방강촌2차아파트,,,,1000,False,utic
LU100903,하이프라자 서대구본점,,,,1000,False,utic
LU100907,하이프라자 북대구본점,L93171040039,[공사] 성북로 침산초등학교앞 교차로 에서 침산동4767 방향 1차로 도로공사 주의운전,479.6,1000,True,utic
LU100925,대구제림하이츠,,,,1000,False,utic
LU100941,동인태왕아너스라플란드아파트,,,,1000,False,utic
LU100945,중리롯데캐슬아파트,,,,1000,False,utic
LU100946,봉무청구새들아파트,,,,1000,False,utic
LU100964,진천현대1차아파트,,,,1000,False,utic
LU100966,대구달서SK뷰아파트,,,,1000,False,utic
LU100967,우방청솔맨션,L93171007174,[공사] 달구벌대로 만촌네거리 에서 남부빌딩 방향 1차로 지하 시설 작업 주의운전,613.8,1000,True,utic
LU100968,대구부띠끄시티오피스텔,L93171022991,[공사] 동부로 동대구역네거리 에서 금호천일고속버스터미널 방향 4차로 지하 시설 작업 주의운전,160.8,1000,True,utic
LU100986,율하휴먼시아7단지,,,,1000,False,utic
LU100988,대구도남엘에이치1단지,,,,1000,False,utic
LU100989,대구신서혁신엘에이치천년나무6단지,,,,1000,False,utic
LU100990,대구안심주공3단지,,,,1000,False,utic
LU100991,대구금호엘에이치천년나무5단지,,,,1000,False,utic
LU100992,대구안심주공4단지,,,,1000,False,utic
LU100993,대구복현행복주택,,,,1000,False,utic
LU101005,방촌청구제네스,,,,1000,False,utic
LU101007,지산영남맨션,,,,1000,False,utic
LU101011,방촌2차영남네오빌,,,,1000,False,utic
LU101015,수성영남타운,,,,1000,False,utic
LU101018,성화한빛아파트,,,,1000,False,utic
LU101019,상인역이편한세상2단지,,,,1000,False,utic
LU101020,범어화성파크리젠시,,,,1000,False,utic
LU101021,수성우방팔레스아파트,,,,1000,False,utic
LU101022,상인역이편한세상1단지,,,,1000,False,utic
LU101024,죽전역해링턴플레이스더베스트,,,,1000,False,utic
LU101042,연경대광로제비앙더퍼스트,,,,1000,False,utic
LU101043,달성파크푸르지오힐스테이트,,,,1000,False,utic
LU101076,대실역리슈빌3단지,,,,1000,False,utic
LU101077,보성산호아파트,,,,1000,False,utic
LU101079,월성자이아파트,,,,1000,False,utic
LU101114,두산위브2001아파트,,,,1000,False,utic
LU101118,대구보성강남타운아파트,,,,1000,False,utic
LU101135,대구칠곡현대아파트,,,,1000,False,utic
LU101138,청구호반맨션,,,,1000,False,utic
LU101139,대구혁신도시서원프레시빌,,,,1000,False,utic
LU101149,대구읍내행복주택,,,,1000,False,utic
LU101150,율하휴먼시아5단지,,,,1000,False,utic
LU101151,안심주공1단지,,,,1000,False,utic
LU101179,수성대백인터빌,,,,1000,False,utic
LU101180,아이프라임시지,,,,1000,False,utic
LU101181,신천두산위브,,,,1000,False,utic
LU101191,대구성서주공3단지,,,,1000,False,utic
LU101192,본동주공아파트,,,,1000,False,utic
LU101193,한실들마을주공5단지,,,,1000,False,utic
LU101194,달성용계주공,,,,1000,False,utic
LU101195,대구테크노폴리스엘에이치천년나무2단지,,,,1000,False,utic
LU101196,대구본리2단지,,,,1000,False,utic
LU101198,대구서재휴먼시아,,,,1000,False,utic
LU101199,대구성서주공1단지,,,,1000,False,utic
LU101200,대구가람마을주공1단지,,,,1000,False,utic
LU101201,대구명곡미래빌2단지,,,,1000,False,utic
LU101202,대구대곡LH천년나무1단지,,,,1000,False,utic
LU101203,대구월성주공2단지,,,,1000,False,utic
LU101227,대구신서혁신LH천년나무10단지,,,,1000,False,utic
LU101237,대구황금3주공,,,,1000,False,utic
LU101255,대구부띠끄시티테라스3차오피스텔,L93171022991,[공사] 동부로 동대구역네거리 에서 금호천일고속버스터미널 방향 4차로 지하 시설 작업 주의운전,149.5,1000,True,utic
LU101259,대구산격주공,,,,1000,False,utic
LU101260,대구칠곡그린빌5단지,,,,1000,False,utic
LU101273,대구율하리버파크,,,,1000,False,utic
LU101282,동대구역센트럴시티자이,L93171022991,[공사] 동부로 동대구역네거리 에서 금호천일고속버스터미널 방향 4차로 지하 시설 작업 주의운전,494.0,1000,True,utic
LU101288,대구수성자이르네,,,,1000,False,utic
LU101290,삼덕청아람리슈빌,,,,1000,False,utic
LU101311,신서롯데캐슬레전드,,,,1000,False,utic
LU101314,두성2차파크아파트,,,,1000,False,utic
LU101315,복현우방타운,,,,1000,False,utic
LU101316,대구수성범어유림노르웨이숲,,,,1000,False,utic
LU101318,각산역더뉴클래스2차,,,,1000,False,utic
LU101320,우방백자아파트,,,,1000,False,utic
LU101324,고성아파트,,,,1000,False,utic
LU101327,백작맨션,,,,1000,False,utic
LU101331,대구월배2차아이파크,,,,1000,False,utic
LU101332,안심역서원프레시빌,,,,1000,False,utic
LU101333,비산우방맨션,,,,1000,False,utic
LU101335,제림은탑맨션,,,,1000,False,utic
LU101423,까치아파트,,,,1000,False,utic
LU101483,화원동화아이위시,,,,1000,False,utic
LU101490,대구혁신도시서한이다음3차,,,,1000,False,utic
LU101492,대구혁신엘에이치이노힐즈,,,,1000,False,utic
LU101535,빌리브헤리티지,,,,1000,False,utic
LU101541,대명역센트럴엘리프,,,,1000,False,utic
LU101542,빌리브클라쎄아파트,,,,1000,False,utic
LU101543,대구더샵디어엘로,L93171022991,[공사] 동부로 동대구역네거리 에서 금호천일고속버스터미널 방향 4차로 지하 시설 작업 주의운전,909.7,1000,True,utic
LU101552,죽전역태왕아너스,,,,1000,False,utic
LU101555,대구오페라스위첸,,,,1000,False,utic
LU101563,앞산삼정그린코아트라이시티,,,,1000,False,utic
LU101611,대구혁신 포레힐스,,,,1000,False,utic
LU101612,범물청아타운,,,,1000,False,utic
LU101613,수성범물인앤인아파트,,,,1000,False,utic
LU101626,용산동서우방타운,,,,1000,False,utic
LU101627,진천역센텀리움,,,,1000,False,utic
LU101629,동대구역우방아이유쉘,L93171022991,[공사] 동부로 동대구역네거리 에서 금호천일고속버스터미널 방향 4차로 지하 시설 작업 주의운전,259.0,1000,True,utic
LU101632,대구힐스테이트죽전역,,,,1000,False,utic
LU101678,캐슬골드파크B,,,,1000,False,utic
MO271701,더메종,,,,1000,False,utic
MO910154,대구남산병원,,,,1000,False,utic
NH270001,군위축산농협 로컬푸드직매장,,,,1000,False,utic
NS850022,대구 중구청 관리공영주차장 급속충전소,,,,1000,False,utic
NT000038,대구 로즈모텔,,,,1000,False,utic
NT000053,대구 팔공산심천랜드 온천,,,,1000,False,utic
NT000088,대구달성 네이처빌리지,,,,1000,False,utic
NT100021,대구 오페라클레시아 오피스텔,,,,1000,False,utic
NT100092,대구 국가산단영무예다음,,,,1000,False,utic
NT100105,대구 정주차장,L93171039525,[공사] 성서동로 가야유치원 에서 이곡동1255 방향 1차로 도로공사 주의운전,552.9,1000,True,utic
NT100108,대구 굿모닝주차장(골든플라자),,,,1000,False,utic
NT100145,대구 천내평광타운2차,,,,1000,False,utic
NT100174,대구 청우쇼핑월드주차장,L93171039525,[공사] 성서동로 가야유치원 에서 이곡동1255 방향 1차로 도로공사 주의운전,590.4,1000,True,utic
NT100233,칠곡목련아파트,,,,1000,False,utic
NT100237,대구 미광스포렉스별관,L93171039525,[공사] 성서동로 가야유치원 에서 이곡동1255 방향 1차로 도로공사 주의운전,224.2,1000,True,utic
NT100238,수성 아크로타워센터,L93171007174,[공사] 달구벌대로 만촌네거리 에서 남부빌딩 방향 1차로 지하 시설 작업 주의운전,79.5,1000,True,utic
NT100239,대구 모아미래도에듀퍼스트,,,,1000,False,utic
NT100399,대구 예그린아파트,,,,1000,False,utic
NT100469,대구 홈스파월드,,,,1000,False,utic
NT100521,대구 상일빌딩,,,,1000,False,utic
NT100595,대구 경북지방병무청,,,,1000,False,utic
NT100596,대구 중앙신체검사소,,,,1000,False,utic
NT100656,대구 비엘타워,,,,1000,False,utic
NT100842,대구 동산맨션,,,,1000,False,utic
NT100890,대구 달성농수산물유통센터,,,,1000,False,utic
NT100893,대구 비젼스퀘어,,,,1000,False,utic
NT100925,탑마트 현풍점,,,,1000,False,utic
NT101228,대구 공항공사 항로시설본부,,,,1000,False,utic
NT101295,대구 수성마이더스센트럴타워,,,,1000,False,utic
NT101300,대구 가톨릭대학교 유스티노캠퍼스,,,,1000,False,utic
NT101301,대구 성요셉요양병원,,,,1000,False,utic
NT101302,대구 아이프라임신매아파트,,,,1000,False,utic
NT101390,대구 위너프라자3,,,,1000,False,utic
NT101499,대구 수메디컬빌딩,,,,1000,False,utic
NT101503,대구 위너프라자1,,,,1000,False,utic
NT101504,대구 위너프라자2,,,,1000,False,utic
NT101508,대구 미광스포렉스본관,L93171039525,[공사] 성서동로 가야유치원 에서 이곡동1255 방향 1차로 도로공사 주의운전,222.3,1000,True,utic
NT101554,대구 칠곡가톨릭병원,,,,1000,False,utic
NT101559,대구 연경그랜드타워,,,,1000,False,utic
NT101614,대구 성서메가타운,L93171039525,[공사] 성서동로 가야유치원 에서 이곡동1255 방향 1차로 도로공사 주의운전,354.9,1000,True,utic
NT101674,대구 현대해상사옥,,,,1000,False,utic
NT101785,대구 KB손해보험빌딩,,,,1000,False,utic
NT101834,NC아울렛 대구엑스코점,,,,1000,False,utic
NT101931,대구 용산파크자이상가,,,,1000,False,utic
NT101991,대구 내당동화타운아파트,,,,1000,False,utic
NT102057,대구 국가산단디에트르더센트럴,,,,1000,False,utic
NT102179,대구 앞산리슈빌앤리마크1단지,,,,1000,False,utic
NT102180,대구 앞산리슈빌앤리마크2단지,,,,1000,False,utic
NT102272,대구 W병원신관,,,,1000,False,utic
NT102386,대구 범어화성파크드림아파트,,,,1000,False,utic
NT300021,대구 신서혁신LH천년나무6단지아파트,,,,1000,False,utic
NT300050,대구 수성효성해링턴플레이스,,,,1000,False,utic
NUNR0042,국가산단 서한이다움 아파트,,,,1000,False,utic
NX000017,경찰특공대 주차장,,,,1000,False,utic
NX000018,대구 동부경찰서,,,,1000,False,utic
NX000019,대구 남부경찰서,,,,1000,False,utic
NX000020,대구 달서경찰서,,,,1000,False,utic
NX000023,대구 경찰청,,,,1000,False,utic
NX000024,대구 경찰청 민원 주차장,,,,1000,False,utic
PC000017,대구 복현현대맨션,,,,1000,False,utic
PC000025,대구 카페하늘민들레,,,,1000,False,utic
PC000027,대구 더아셀,,,,1000,False,utic
PC000034,대구 황토시골집,,,,1000,False,utic
PC000078,스파밸리(대구),,,,1000,False,utic
PC000100,삼송1957(대구),,,,1000,False,utic
PC000120,테크노더원 빌딩(대구),,,,1000,False,utic
PC000132,럭셔리프렌즈스크린골프(대구),,,,1000,False,utic
PC000159,프리미어힐(대구),,,,1000,False,utic
PC000164,대성에너지(주) 본사(대구),,,,1000,False,utic
PC000165,대성에너지(주) 서부지사(대구),,,,1000,False,utic
PC000166,대성에너지(주) 검사동(대구),,,,1000,False,utic
PC000206,보강병원(대구),,,,1000,False,utic
PC000220,e편한세상 남산(대구),,,,1000,False,utic
PC000226,화원파크뷰 우방아이유쉘(대구),,,,1000,False,utic
PC000227,상인장미맨션4단지아파트(대구),,,,1000,False,utic
PC000228,강북이진캐스빌(대구),,,,1000,False,utic
PC000229,두류센트레빌더시티(대구),,,,1000,False,utic
PC000235,영진전문대학교(대구),,,,1000,False,utic
PC000264,시지대성유니드아파트(대구),,,,1000,False,utic
PC000270,창산타워(대구),,,,1000,False,utic
PC000294,침산삼정그린코아(대구),,,,1000,False,utic
PC000296,골프존파크 산격한울KK(대구),,,,1000,False,utic
PC000305,칠곡동화타운아파트(대구),,,,1000,False,utic
PC000306,진천역화성파크리젠시(대구),,,,1000,False,utic
PC000307,달성우신미가뷰아파트(대구),,,,1000,False,utic
PC000330,대구 메리어트호텔,L93171022991,[공사] 동부로 동대구역네거리 에서 금호천일고속버스터미널 방향 4차로 지하 시설 작업 주의운전,162.8,1000,True,utic
PC000331,상인요양병원(대구),,,,1000,False,utic
PC000442,대구대학교 대명동캠퍼스,,,,1000,False,utic
PC000466,호반써밋이스텔라(대구),,,,1000,False,utic
PC000530,산격양우내안애아파트(대구),,,,1000,False,utic
PC000537,복현서한타운(대구),,,,1000,False,utic
PC000548,경북대학교 대구캠퍼스,L93171025789,[공사] 대현로 대한응급구조사협회 에서 공고네거리 방향 2차로 도로공사 주의운전,843.3,1000,True,utic
PC000550,경북대학교 IT융합산업빌딩(대구),,,,1000,False,utic
PC000551,경북대학교 의생명과학관(대구),,,,1000,False,utic
PC000552,경북대학교 의과대학(대구),,,,1000,False,utic
PC000553,경북대학교 치과대학(대구),,,,1000,False,utic
PC000554,경북대학교 군위농대실습장(대구),,,,1000,False,utic
PC000603,비에스메디타워(대구),,,,1000,False,utic
PC000610,월성보성타운1단지아파트(대구),,,,1000,False,utic
PC000623,다사한일유앤아이아파트(대구),,,,1000,False,utic
PC000629,교대역 월드메르디앙아파트(대구),,,,1000,False,utic
PC000631,대봉교역 태왕아너스(대구),,,,1000,False,utic
PC000632,월배 힐스테이트아파트(대구),,,,1000,False,utic
PC000634,국가산단 서한이다음아파트(대구),,,,1000,False,utic
PC000640,청라 센트럴파크(대구),,,,1000,False,utic
PC000654,강북화성파크드림아파트(대구),,,,1000,False,utic
PC000655,고산노변타운아파트(대구),,,,1000,False,utic
PC000704,죽전역해링턴플레이스더원(대구),,,,1000,False,utic
PC000724,산격거평아파트(대구),,,,1000,False,utic
PC000830,호텔수성(대구),,,,1000,False,utic
PC000833,수성아트피아(대구),,,,1000,False,utic
PC001094,대구용산자이아파트,,,,1000,False,utic
PC001102,대구역 서희스타힐스아파트,,,,1000,False,utic
PC001105,E편한세상복현(대구),,,,1000,False,utic
PC001106,복현아이파크(대구),,,,1000,False,utic
PC001117,더샵리비테르2차아파트(대구),,,,1000,False,utic
PC001118,다사역 삼정그린코아더베스트(대구),,,,1000,False,utic
PC001124,힐스테이트황금엘포레(대구),,,,1000,False,utic
PC001128,대구테크노폴리스 호반베르디움,,,,1000,False,utic
PC001130,대구혁신에듀포레아파트,,,,1000,False,utic
PC001131,대구백화점 프라자점,,,,1000,False,utic
PC001132,신천자이아파트(대구),L93171025789,[공사] 대현로 대한응급구조사협회 에서 공고네거리 방향 2차로 도로공사 주의운전,579.2,1000,True,utic
PC001144,신성미소시티아파트(대구),,,,1000,False,utic
PC001162,월드프라자1(대구),,,,1000,False,utic
PC001205,칠곡동서영남타운아파트(대구),,,,1000,False,utic
PC001247,이월드(대구),,,,1000,False,utic
PC001250,칠곡2차한라타운(대구),,,,1000,False,utic
PC001251,율하시티프라디움아파트(대구),,,,1000,False,utic
PC001255,경북대학교 사범대학 부속고등학교(대구),,,,1000,False,utic
PC001268,칠곡미래타운(대구),,,,1000,False,utic
PC001277,연경우방아이유쉘더포레스트(대구),,,,1000,False,utic
PC001278,큰고개웰그린아파트(대구),L93171022991,[공사] 동부로 동대구역네거리 에서 금호천일고속버스터미널 방향 4차로 지하 시설 작업 주의운전,879.1,1000,True,utic
PC001280,성서1차영남우방타운(대구),L93171039525,[공사] 성서동로 가야유치원 에서 이곡동1255 방향 1차로 도로공사 주의운전,581.4,1000,True,utic
PC001284,예미지 더 센트럴(대구),,,,1000,False,utic
PC001285,대봉교역 금호어울림 에듀리버(대구),,,,1000,False,utic
PC001286,대구역센트럴자이,,,,1000,False,utic
PC001294,아진연구소(대구),,,,1000,False,utic
PC001310,진천역대우이안아파트(대구),,,,1000,False,utic
PC001314,신서신일해피트리(대구),,,,1000,False,utic
PC001315,아리아나호텔(대구),,,,1000,False,utic
PC001316,복현대백맨션(대구),,,,1000,False,utic
PC001321,월드피아(대구),,,,1000,False,utic
PC001327,대구혁신센텀힐즈,,,,1000,False,utic
PC001338,수성효성해링턴플레이스(대구),,,,1000,False,utic
PC001339,메디스퀘어(대구),,,,1000,False,utic
PC001340,수성태왕하이츠리버뷰(대구),,,,1000,False,utic
PC001341,파라곤프레스티지(대구),,,,1000,False,utic
PC001344,대구혁신도시서한이다음2차아파트,,,,1000,False,utic
PC001345,범어태왕아너스(대구),,,,1000,False,utic
PC001346,용산롯데캐슬그랜드(대구),,,,1000,False,utic
PC001347,성서우방유쉘아파트(대구),,,,1000,False,utic
PC001487,수성뷰웰리버파크(대구),,,,1000,False,utic
PC001513,경북대학교병원(대구),,,,1000,False,utic
PC001520,율하우방아이유쉘(대구),,,,1000,False,utic
PC001544,이지스(대구),,,,1000,False,utic
PC001547,동원골프연습장(대구),,,,1000,False,utic
PC001562,달서코아루더리브(대구),,,,1000,False,utic
PC001566,매호한일유앤아이아파트(대구),,,,1000,False,utic
PC001576,명곡미래빌1단지(대구),,,,1000,False,utic
PC001577,대실역 e편한세상(대구),,,,1000,False,utic
PC001739,세천한라비발디아파트(대구),,,,1000,False,utic
PC001754,수성레이크푸르지오(대구),,,,1000,False,utic
PC001755,수성범어W아파트(대구),,,,1000,False,utic
PC001756,죽전역코오롱하늘채(대구),,,,1000,False,utic
PC001758,산새마을주공7단지(대구),,,,1000,False,utic
PC001762,힐스테이트 다사역(대구),,,,1000,False,utic
PC001802,시지라온프라이빗(대구),,,,1000,False,utic
PC001827,하나리움퀸즈파크(대구),,,,1000,False,utic
PC001830,대구안심뉴타운시티프라디움,,,,1000,False,utic
PC001831,만촌역 해링턴플레이스(대구),L93171007174,[공사] 달구벌대로 만촌네거리 에서 남부빌딩 방향 1차로 지하 시설 작업 주의운전,225.0,1000,True,utic
PC001839,하담프라자(대구),,,,1000,False,utic
PC001965,대구광역시 교육청,,,,1000,False,utic
PC001966,대구광역시 동부교육지원청,,,,1000,False,utic
PI000126,대구광역시 롯데시네마(대구상인점),,,,1000,False,utic
PI000129,대구광역시 이마트TR(비산점),,,,1000,False,utic
PI000131,대구광역시 이마트(월배점),,,,1000,False,utic
PI000132,대구광역시 이마트(만촌점),,,,1000,False,utic
PI000133,대구광역시 이마트(성서점),L93171039525,[공사] 성서동로 가야유치원 에서 이곡동1255 방향 1차로 도로공사 주의운전,73.1,1000,True,utic
PI000235,대구시 달성소방서,,,,1000,False,utic
PI000236,대구시 강서소방서,,,,1000,False,utic
PI000237,대구시 서부소방서,,,,1000,False,utic
PI000239,대구시 동부소방서,L93171022991,[공사] 동부로 동대구역네거리 에서 금호천일고속버스터미널 방향 4차로 지하 시설 작업 주의운전,220.7,1000,True,utic
PI000241,대구시 북부소방서,,,,1000,False,utic
PI000253,대구시 대구시설공단,,,,1000,False,utic
PI000645,대구시 대구시설공단(신천둔치관리소),,,,1000,False,utic
PI000700,대구시 중구 캐주얼하우스소노,,,,1000,False,utic
PI001681,힐스테이트 데시앙 도남4단지아파트,,,,1000,False,utic
PI019056,범물영남타운,,,,1000,False,utic
PI067893,두산위브더제니스,,,,1000,False,utic
PI068147,두산위브더제니스B,,,,1000,False,utic
PI070275,삼성전자디지털센터대구신송현,,,,1000,False,utic
PI070443,대곡역화성파크드림,,,,1000,False,utic
PI121897,대구시 달서구 월성센트로파크,,,,1000,False,utic
PI121974,대구시 북구 침산코오롱하늘채1차,L93171040039,[공사] 성북로 침산초등학교앞 교차로 에서 침산동4767 방향 1차로 도로공사 주의운전,812.4,1000,True,utic
PI122169,방촌우방강촌마을아파트,,,,1000,False,utic
PI122225,케이티북대구빌딩,,,,1000,False,utic
PI122336,죽곡청아람리슈빌4단지,,,,1000,False,utic
PI122356,복현우방타운,,,,1000,False,utic
PI202102,시지신화빌라트,,,,1000,False,utic
PI202109,복현건영111동주차장,,,,1000,False,utic
PI202153,동촌역태왕아너스르네상스,,,,1000,False,utic
PI202230,복현건영112동주차장,,,,1000,False,utic
PI202257,대구영남네오빌2차,,,,1000,False,utic
PI202313,대구지산영남맨션A주차장,,,,1000,False,utic
PI202438,대구시 수성구 범물신화맨션,,,,1000,False,utic
PI202502,현대하이페리온2단지,,,,1000,False,utic
PI202534,현대하이페리온일단지,,,,1000,False,utic
PI202568,범물하이츠,,,,1000,False,utic
PI202619,범물보성타운1,,,,1000,False,utic
PI202707,케이티범물빌딩,,,,1000,False,utic
PI202729,케이티신암빌딩B,L93171022991,[공사] 동부로 동대구역네거리 에서 금호천일고속버스터미널 방향 4차로 지하 시설 작업 주의운전,843.9,1000,True,utic
PI202733,케이티대구타워,,,,1000,False,utic
PI202743,케이티안심빌딩,,,,1000,False,utic
PI202778,케이티남대구빌딩,,,,1000,False,utic
PI202801,케이티대구타워,,,,1000,False,utic
PI202837,케이티달성빌딩,,,,1000,False,utic
PI202853,케이티효목빌딩,L93171022991,[공사] 동부로 동대구역네거리 에서 금호천일고속버스터미널 방향 4차로 지하 시설 작업 주의운전,625.6,1000,True,utic
PI202889,케이티태전빌딩,,,,1000,False,utic
PI202911,산격거평아파트,,,,1000,False,utic
PI202986,범어삼환나우빌,,,,1000,False,utic
PI203006,금사리하이빌,,,,1000,False,utic
PI203015,유니죤,,,,1000,False,utic
PI306067,가창중석타운,,,,1000,False,utic
PI306068,유니온스퀘어,,,,1000,False,utic
PI306072,롯데백화점상인점,,,,1000,False,utic
PI306085,삼우그린타운,,,,1000,False,utic
PI306105,화성쌍용타운,,,,1000,False,utic
PI306150,범물보성타운2,,,,1000,False,utic
PI530032,대구시 동구 안심농장식육식당,,,,1000,False,utic
PI530033,대구시 북구 무태골프연습장,,,,1000,False,utic
PI530034,대구시 남구 미리내맨션,,,,1000,False,utic
PI530037,대구 수성구 쉐보레시지바로서비스,,,,1000,False,utic
PI530042,대구시 달서구 효성중학교,,,,1000,False,utic
PI530043,대구시 달서구 효성여자고등학교,,,,1000,False,utic
PI530044,대구시 달서구 비너스모텔,,,,1000,False,utic
PI530048,대구시 서구 텐모텔,,,,1000,False,utic
PI530050,대구시 달서구 레드모터스,,,,1000,False,utic
PI530054,대구시 수성구 범물골프연습장,,,,1000,False,utic
PI530057,대구시 북구 우주테크,L93171040039,[공사] 성북로 침산초등학교앞 교차로 에서 침산동4767 방향 1차로 도로공사 주의운전,665.4,1000,True,utic
PI530061,대구시 남구 테리컴퍼니,,,,1000,False,utic
PI530062,대구시 북구 협성휴포레강북아파트,,,,1000,False,utic
PI530065,대구시 북구 청우물류,L93171025789,[공사] 대현로 대한응급구조사협회 에서 공고네거리 방향 2차로 도로공사 주의운전,756.7,1000,True,utic
PI530067,대구시 달성군 비너스모텔,,,,1000,False,utic
PI530074,대구시 수성구 우리개발연구소,,,,1000,False,utic
PI530077,대구시 달서구 낙동생오리,,,,1000,False,utic
PI530079,대구시 달서구 신월성미소지움,,,,1000,False,utic
PI530082,대구시 북구 호텔브르노,L93171025789,[공사] 대현로 대한응급구조사협회 에서 공고네거리 방향 2차로 도로공사 주의운전,909.7,1000,True,utic
PI530086,대구시 달성군 엘레강스모텔,,,,1000,False,utic
PI530087,대구시 서구 경북모터스,L93171040203,[공사] 북비산로 서대구역네거리 에서 서재 방향 1차로 가로수 벌목 주의운전,296.7,1000,True,utic
PI530265,대구시 달서구 월배데시앙아파트,,,,1000,False,utic
PI530271,대구시 수성구 지산한라타운,,,,1000,False,utic
PI530273,대구시 달성군 테크노폴리스반도유보라,,,,1000,False,utic
PI530274,대구시 달성군 테크노폴리스힐데스하임,,,,1000,False,utic
PI530275,대구시 동구 서한이다음2차,,,,1000,False,utic
PI530277,대구시 달서구 월성월드메르디앙지하,,,,1000,False,utic
PI530278,대구시 달성군 테크노폴리스서한이다음,,,,1000,False,utic
PI530279,대구시 수성구 노변청구타운,,,,1000,False,utic
PI530280,대구시 북구 태전중석타운,,,,1000,False,utic
PI530281,대구시 달서구 이마트월배점,,,,1000,False,utic
PI530282,대구시 남구 보성상아맨션,,,,1000,False,utic
PI530283,대구시 수성구 보성송정타운,,,,1000,False,utic
PI530284,대구시 달성군 제일풍경채센트럴,,,,1000,False,utic
PI530285,대구시 남구 대명10동행정복지센터,,,,1000,False,utic
PI530286,대구시 남구 대명6동행정복지센터,,,,1000,False,utic
PI530287,대구시 수성구 범물2동행정복지센터,,,,1000,False,utic
PI530288,대구시 서구 중리진달래2차,,,,1000,False,utic
PI530289,대구시 수성구 수성2-3가동주민센터,,,,1000,False,utic
PI530290,대구시 남구 대구대학교,,,,1000,False,utic
PI530291,대구시 북구 수정한양아파트,,,,1000,False,utic
PI530292,대구시 동구 유선아덴힐즈,,,,1000,False,utic
PI530293,BMW차징스테이션 서대구전시장 by한독모터스,,,,1000,False,utic
PI530294,대구시 수성구 수성그린타운,,,,1000,False,utic
PI530295,대구시 동구 영남네오빌1차,,,,1000,False,utic
PI530297,대구시 수성구 경북가스,,,,1000,False,utic
PI530299,대구시 달서구 상인화성하이츠,,,,1000,False,utic
PI530300,대구시 수성구 지산영남맨션,,,,1000,False,utic
PI530301,대구시 달성군 강원도집다사점,,,,1000,False,utic
PI530302,대구시 북구 산격청구맨션1차,,,,1000,False,utic
PI530303,대구시 수성구 수성못코오롱하늘채,,,,1000,False,utic
PI530304,대구시 동구 큰고개웰그린아파트,L93171022991,[공사] 동부로 동대구역네거리 에서 금호천일고속버스터미널 방향 4차로 지하 시설 작업 주의운전,875.7,1000,True,utic
PI530305,대구시 달성군 옥우촌한우,,,,1000,False,utic
PI530306,대구시 달서구 리베라빌라,,,,1000,False,utic
PI530307,대구시 수성구 대우로얄하이츠,,,,1000,False,utic
PI530310,대구시 동구 혁신온천터닝포인트짐,,,,1000,False,utic
PI530311,대구시 달서구 대곡역화성파크드림,,,,1000,False,utic
PI530312,대구시 남구 영남이공대학교,,,,1000,False,utic
PI530313,대구시 달서구 힐링모텔,,,,1000,False,utic
PI530314,대구시 군위군 군위경찰서,,,,1000,False,utic
PI530315,대구시 수성구 수성4가동행정복지센터,,,,1000,False,utic
PI530316,대구시 서구 쉐보레서대구서비스센터,,,,1000,False,utic
PI530318,대구시 남구 대구가톨릭의과대학병원,,,,1000,False,utic
PI530319,대구시 수성구 시지청솔타운아파트,,,,1000,False,utic
PI530320,대구시 북구 브라운스톤강북아파트,,,,1000,False,utic
PI530321,대구시 북구 산격대우아파트,,,,1000,False,utic
PI530322,대구시 북구 대현뜨란채,L93171025789,[공사] 대현로 대한응급구조사협회 에서 공고네거리 방향 2차로 도로공사 주의운전,669.4,1000,True,utic
PI530326,대구시 동구 디앤에스,,,,1000,False,utic
PI530327,대구시 동구 에스앤비,,,,1000,False,utic
PI530328,대구시 달서구 달서소방서,,,,1000,False,utic
PI530330,대구시 북구 케이티산격빌딩,,,,1000,False,utic
PI530331,대구 남구 케이티봉덕빌딩,,,,1000,False,utic
PI530332,대구시 달서구 케이티장기빌딩,,,,1000,False,utic
PI530333,대구시 수성구 케이티고산빌딩,,,,1000,False,utic
PI540129,군위군 경북친환경영농조합법인,,,,1000,False,utic
PI540344,군위군 브이모텔,,,,1000,False,utic
PI540413,군위군 군위오펠골프클럽,,,,1000,False,utic
PI645107,BMW차징스테이션 호텔엘리시아,,,,1000,False,utic
PI645291,대구시 달성군 평광현대3차,,,,1000,False,utic
PI645405,BMW차징스테이션 인도어푸른골프연습장,,,,1000,False,utic
PI645420,BMW차징스테이션 대구리치프라자 by한독모터스,L93171040039,[공사] 성북로 침산초등학교앞 교차로 에서 침산동4767 방향 1차로 도로공사 주의운전,610.6,1000,True,utic
PI690005,BMW차징스테이션 수성해모로하이엔 by한독모터스,,,,1000,False,utic
PI690013,BMW차징스테이션 계명대학교동산병원 by한독모터스,,,,1000,False,utic
PI700098,성서삼성명가타운,,,,1000,False,utic
PI700099,LH 대구경북지역본부,,,,1000,False,utic
PI700380,진천역계룡리슈빌,,,,1000,False,utic
PI700382,만촌우방하이츠,L93171022991,[공사] 동부로 동대구역네거리 에서 금호천일고속버스터미널 방향 4차로 지하 시설 작업 주의운전,954.1,1000,True,utic
PI700385,남산그린타운,,,,1000,False,utic
PI700390,범물청림타운,,,,1000,False,utic
PI700392,칠곡에덴타운,,,,1000,False,utic
PI700393,장기영남네오빌파크,,,,1000,False,utic
PI700394,금호서한이다음,,,,1000,False,utic
PI700396,칠곡e편한세상,,,,1000,False,utic
PI700403,대구우방사랑마을,,,,1000,False,utic
PI700409,우방백자맨션,,,,1000,False,utic
PI700593,비산23동 행정복지센터,,,,1000,False,utic
PI700594,평리4동 행정복지센터,,,,1000,False,utic
PI700603,칠곡2차한라하우젠트,,,,1000,False,utic
PI700612,성서보성화성타운,L93171039525,[공사] 성서동로 가야유치원 에서 이곡동1255 방향 1차로 도로공사 주의운전,745.7,1000,True,utic
PI700618,테크노폴리스일동미라주더파크,,,,1000,False,utic
PI700627,상인동화태왕한양타운,,,,1000,False,utic
PI700651,대구기계공구상 협동조합,,,,1000,False,utic
PI700653,신서화성파크드림,,,,1000,False,utic
PI700664,범어우방파크빌,L93171007174,[공사] 달구벌대로 만촌네거리 에서 남부빌딩 방향 1차로 지하 시설 작업 주의운전,974.9,1000,True,utic
PI700681,성서주공2단지,,,,1000,False,utic
PI700984,신천휴먼시아6단지,,,,1000,False,utic
PI700992,만촌보성타운,,,,1000,False,utic
PI700995,앞산힐스테이트,,,,1000,False,utic
PI701108,칠곡1차한라하우젠트,,,,1000,False,utic
PI701109,우방연합타운,,,,1000,False,utic
PI701148,옥포이진캐스빌,,,,1000,False,utic
PI701151,와룡타운,L93171039525,[공사] 성서동로 가야유치원 에서 이곡동1255 방향 1차로 도로공사 주의운전,113.0,1000,True,utic
PI701152,매호동서타운,,,,1000,False,utic
PI701155,영남네오빌아트,,,,1000,False,utic
PI701156,별메마을,,,,1000,False,utic
PI701157,성서보람타운,L93171039525,[공사] 성서동로 가야유치원 에서 이곡동1255 방향 1차로 도로공사 주의운전,781.3,1000,True,utic
PI701164,과학마을청아람,,,,1000,False,utic
PI707292,대성베르힐,,,,1000,False,utic
PI708782,이편한세상세계육상선수촌1단지,,,,1000,False,utic
PI708859,신천두산위브B,,,,1000,False,utic
PI709193,상인보성맨션,,,,1000,False,utic
PI709238,휴요양병원,,,,1000,False,utic
PI709297,영조아름다운나날,,,,1000,False,utic
PI709403,호반베르디움더클래스,,,,1000,False,utic
PI709888,소양강메기매운탕,,,,1000,False,utic
PI709889,범어월드메르디앙웨스트카운티,,,,1000,False,utic
PI710185,영남네오빌아트B,,,,1000,False,utic
PI710637,태왕아너스복현,,,,1000,False,utic
PI710697,대실역태왕아너스,,,,1000,False,utic
PI711474,신천휴먼시아6단지B,,,,1000,False,utic
PI711511,용산현대우방타운,,,,1000,False,utic
PI712445,용산우방타운,,,,1000,False,utic
PI712701,광진중앙교회,,,,1000,False,utic
PI712846,대구월성3,,,,1000,False,utic
PI712855,태전중석타운,,,,1000,False,utic
PI713039,비산5동행정복지센터,,,,1000,False,utic
PI713336,대곡역청구타운,,,,1000,False,utic
PI713588,대신센트럴자이,,,,1000,False,utic
PI713594,신세계타운,,,,1000,False,utic
PI713730,대곡사계절타운,,,,1000,False,utic
PI713755,수성아크로타워,L93171007174,[공사] 달구벌대로 만촌네거리 에서 남부빌딩 방향 1차로 지하 시설 작업 주의운전,79.5,1000,True,utic
PI714349,상인동서타운아파트,,,,1000,False,utic
PI715256,강남타운,L93171025789,[공사] 대현로 대한응급구조사협회 에서 공고네거리 방향 2차로 도로공사 주의운전,409.6,1000,True,utic
PI715262,수성풀비체,,,,1000,False,utic
PI716115,성서와룡타운,L93171039525,[공사] 성서동로 가야유치원 에서 이곡동1255 방향 1차로 도로공사 주의운전,152.7,1000,True,utic
PI716269,금호리버팰리스,,,,1000,False,utic
PI716765,대구지산우방타운,,,,1000,False,utic
PI717959,대성베르힐B,,,,1000,False,utic
PI718146,대구우방사랑마을,,,,1000,False,utic
PI718313,태전2차우방아파트,,,,1000,False,utic
PI718662,바른요양병원,,,,1000,False,utic
PI719709,제일풍경채더퍼스트,,,,1000,False,utic
PI720438,평화타운,L93171039525,[공사] 성서동로 가야유치원 에서 이곡동1255 방향 1차로 도로공사 주의운전,559.7,1000,True,utic
PI721003,진천태왕아너스2단지,,,,1000,False,utic
PI721106,수성2차e편한세상,L93171007174,[공사] 달구벌대로 만촌네거리 에서 남부빌딩 방향 1차로 지하 시설 작업 주의운전,535.4,1000,True,utic
PI721174,코오롱하늘채수,,,,1000,False,utic
PI721386,침산동서타운,L93171040039,[공사] 성북로 침산초등학교앞 교차로 에서 침산동4767 방향 1차로 도로공사 주의운전,306.7,1000,True,utic
PI721389,상인평광맨션,,,,1000,False,utic
PI721516,범어라온프라이빗,,,,1000,False,utic
PI721549,삼익THK,,,,1000,False,utic
PI721552,상인영남화성,,,,1000,False,utic
PI721611,동촌강나루타운,,,,1000,False,utic
PI721706,e편한세상대구금호,,,,1000,False,utic
PI721729,와룡타운B,L93171039525,[공사] 성서동로 가야유치원 에서 이곡동1255 방향 1차로 도로공사 주의운전,109.2,1000,True,utic
PI721772,상인한서타운,,,,1000,False,utic
PI721844,실리안아파트B,,,,1000,False,utic
PI721980,태왕아너스,,,,1000,False,utic
PI722246,강창동서타운,,,,1000,False,utic
PI722307,시지에덴타운아파트,,,,1000,False,utic
PI722467,대구 수성구 황금미진타운,,,,1000,False,utic
PI722554,신천휴먼시아6단지아파트,,,,1000,False,utic
PI722615,범어유림노르웨이숲,,,,1000,False,utic
PI722646,송현우방,,,,1000,False,utic
PI722778,노변대백아파트,,,,1000,False,utic
PI722903,대백인터빌아파트,,,,1000,False,utic
PI723139,옥포이진캐스빌802동,,,,1000,False,utic
PI723141,옥포이진캐스빌803동,,,,1000,False,utic
PI723157,칠곡1차한라하우젠트,,,,1000,False,utic
PI730006,궁전라벤더,L93171025789,[공사] 대현로 대한응급구조사협회 에서 공고네거리 방향 2차로 도로공사 주의운전,686.4,1000,True,utic
PI730030,초이스엠,,,,1000,False,utic
PI730038,군위이로운한우영농조합법인,,,,1000,False,utic
PI730076,허브모텔,,,,1000,False,utic
PI730096,삼장매운탕,,,,1000,False,utic
PI730462,화원창신맨션,,,,1000,False,utic
PI735118,더카서비스,,,,1000,False,utic
PI735130,대교1급정비,,,,1000,False,utic
PI735176,3차가든하이츠,,,,1000,False,utic
PI735180,교대역동서프라임365A,,,,1000,False,utic
PI735196,브라운스톤 범어,,,,1000,False,utic
PI735210,범물청구타운,,,,1000,False,utic
PI735228,범어우방파크빌B,L93171007174,[공사] 달구벌대로 만촌네거리 에서 남부빌딩 방향 1차로 지하 시설 작업 주의운전,984.5,1000,True,utic
PI740051,장기누림타운,,,,1000,False,utic
PI740066,빌리브범어105동1F(필로티)층주차장,L93171007174,[공사] 달구벌대로 만촌네거리 에서 남부빌딩 방향 1차로 지하 시설 작업 주의운전,673.0,1000,True,utic
PI740068,빌리브범어105동지하1층,L93171007174,[공사] 달구벌대로 만촌네거리 에서 남부빌딩 방향 1차로 지하 시설 작업 주의운전,652.4,1000,True,utic
PI740086,시지효성백년가약1단지지하2층,,,,1000,False,utic
PI740088,시지효성백년가약1단지지하3층,,,,1000,False,utic
PI740096,각산서한이다음지하1층,,,,1000,False,utic
PI740098,각산서한이다음지하2층,,,,1000,False,utic
PI740111,앞산태왕아너스101동,,,,1000,False,utic
PI740113,앞산태왕아너스105동,,,,1000,False,utic
PI740125,시지우방하이츠101동,,,,1000,False,utic
PI740134,두성타운,,,,1000,False,utic
PI740140,칠곡2차한라하우젠트B,,,,1000,False,utic
PI740146,대우로얄하이츠,,,,1000,False,utic
PI740149,침산동서타운B,L93171040039,[공사] 성북로 침산초등학교앞 교차로 에서 침산동4767 방향 1차로 도로공사 주의운전,277.7,1000,True,utic
PI740172,동촌화성타운101동,,,,1000,False,utic
PI740174,동촌화성타운103동,,,,1000,False,utic
PI740187,상인보성맨션B,,,,1000,False,utic
PI740205,두성파크타운,,,,1000,False,utic
PI740208,화원대백,,,,1000,False,utic
PI740215,우방연합타운관리소,,,,1000,False,utic
PI740222,범물태성한라창신101동102동,,,,1000,False,utic
PI740224,범물태성한라창신 105동106동,,,,1000,False,utic
PI740226,범물태성한라창신 103동104동,,,,1000,False,utic
PI740227,신암동건영캐스빌107동지하1층,L93171022991,[공사] 동부로 동대구역네거리 에서 금호천일고속버스터미널 방향 4차로 지하 시설 작업 주의운전,630.2,1000,True,utic
PI740229,신암동건영캐스빌107동지하2층,L93171022991,[공사] 동부로 동대구역네거리 에서 금호천일고속버스터미널 방향 4차로 지하 시설 작업 주의운전,622.1,1000,True,utic
PI740231,신암동건영캐스빌111동지하1층,L93171022991,[공사] 동부로 동대구역네거리 에서 금호천일고속버스터미널 방향 4차로 지하 시설 작업 주의운전,546.7,1000,True,utic
PI740239,복현명문세가1단지102동,,,,1000,False,utic
PI740241,복현명문세가1단지103동,,,,1000,False,utic
PI740242,복현명문세가1단지105동,,,,1000,False,utic
PI740243,복현명문세가1단지106동,,,,1000,False,utic
PI740249,봉덕동태성맨션101동지하1층,,,,1000,False,utic
PI740250,봉덕동태성맨션101동지하2층,,,,1000,False,utic
PI740252,봉덕동태성맨션102동지하2층,,,,1000,False,utic
PI740254,칠곡2차한라타운210동,,,,1000,False,utic
PI740255,칠곡2차한라타운211동,,,,1000,False,utic
PI740256,칠곡2차한라타운212동,,,,1000,False,utic
PI740260,죽곡삼정그린코아더베스트지하1층,,,,1000,False,utic
PI740261,죽곡삼정그린코아더베스트지하2층,,,,1000,False,utic
PI740262,죽곡삼정그린코아더베스트지하3층,,,,1000,False,utic
PI740263,죽곡삼정그린코아더베스트지하4층,,,,1000,False,utic
PI740264,죽곡삼정그린코아더베스트지하5층,,,,1000,False,utic
PI740280,대구지산우방타운101동,,,,1000,False,utic
PI740282,대구지산우방타운102동,,,,1000,False,utic
PI740284,대구지산우방타운106동,,,,1000,False,utic
PI740287,침산삼정그린코아101동지하1층,,,,1000,False,utic
PI740288,침산삼정그린코아102동지하1층,,,,1000,False,utic
PI740289,침산삼정그린코아101동지하2층,,,,1000,False,utic
PI740291,침산삼정그린코아오피스텔지하1층,,,,1000,False,utic
PI740298,지산화성맨션101동,,,,1000,False,utic
PI740299,지산화성맨션103동,,,,1000,False,utic
PI740300,신서그린빌아파트,,,,1000,False,utic
PI740301,칠곡그린빌2단지1동,,,,1000,False,utic
PI740302,칠곡그린빌2단지7동,,,,1000,False,utic
PI740311,침산코오롱하늘채2단지,L93171040039,[공사] 성북로 침산초등학교앞 교차로 에서 침산동4767 방향 1차로 도로공사 주의운전,950.7,1000,True,utic
PI740349,삼익THK테크노폴리스공장옥상,,,,1000,False,utic
PI740352,삼익THK테크노폴리스공장옥외,,,,1000,False,utic
PI740372,대구혁신LH천년나무3단지B,,,,1000,False,utic
PI740374,대구혁신LH천년나무3단지,,,,1000,False,utic
PI740396,두산위브더제니스,,,,1000,False,utic
PI740398,두산위브더제니스지하2층,,,,1000,False,utic
PI740400,우방2차강촌마을,,,,1000,False,utic
PI740409,상인동화아이위시아파트,,,,1000,False,utic
PI740412,래미안웰리스트1단지B1,,,,1000,False,utic
PI740415,래미안웰리스트1단지B2,,,,1000,False,utic
PI740417,래미안웰리스트2단지B1,,,,1000,False,utic
PI740419,래미안웰리스트2단지B2,,,,1000,False,utic
PI740435,월배역포스코더샵 104동,,,,1000,False,utic
PI740437,월배역포스코더샵106동,,,,1000,False,utic
PI740454,대구힐스테이트황금동103동,,,,1000,False,utic
PI740455,대구힐스테이트황금동104동,,,,1000,False,utic
PI740456,대구힐스테이트황금동105동,,,,1000,False,utic
PI740457,대구힐스테이트황금동108동,,,,1000,False,utic
PI740524,수성코오롱하늘채,,,,1000,False,utic
PI740529,시지2차서한타운,,,,1000,False,utic
PI740534,대곡역청구타운B,,,,1000,False,utic
PI740557,용산현대우방타운105동지하1층,,,,1000,False,utic
PI740559,용산현대우방타운101동지하2층,,,,1000,False,utic
PI740562,산호한양아파트1호주차장,,,,1000,False,utic
PI740564,산호한양아파트2호주차장,,,,1000,False,utic
PI740572,봉덕화성파크드림101동,,,,1000,False,utic
PI740574,봉덕화성파크드림103동,,,,1000,False,utic
PI740595,침산2차청구타운지하1층주차장,L93171040039,[공사] 성북로 침산초등학교앞 교차로 에서 침산동4767 방향 1차로 도로공사 주의운전,161.3,1000,True,utic
PI740598,침산2차청구타운옥외주차장,L93171040039,[공사] 성북로 침산초등학교앞 교차로 에서 침산동4767 방향 1차로 도로공사 주의운전,175.2,1000,True,utic
PI740600,죽곡하우젠트아너스빌102동,,,,1000,False,utic
PI740602,죽곡하우젠트아너스빌104동,,,,1000,False,utic
PI740615,귀빈맨션101동102동사이주차장,,,,1000,False,utic
PI740618,귀빈맨션103동앞주차장,,,,1000,False,utic
PI740620,대곡이오스아파트105동,,,,1000,False,utic
PI740622,대곡이오스아파트108동,,,,1000,False,utic
PI740625,태왕아너스리버파크2차아파트,,,,1000,False,utic
PI740628,시지3차신매보성타운,,,,1000,False,utic
PI740652,시지우방하이츠102동,,,,1000,False,utic
PI740662,대구힐스테이트황금동101동,,,,1000,False,utic
PI740664,진천역현대2차아파트지하1층1구역,,,,1000,False,utic
PI740666,진천역현대2차아파트지하1층2구역,,,,1000,False,utic
PI740668,상인성지맨션,,,,1000,False,utic
PI740671,동서리치모아109동,,,,1000,False,utic
PI740673,동서리치모아110동,,,,1000,False,utic
PI740674,동서리치모아111동,,,,1000,False,utic
PI740688,노변동서우방타운101동,,,,1000,False,utic
PI740689,노변동서우방타운103동,,,,1000,False,utic
PI740690,노변동서우방타운106동,,,,1000,False,utic
PI740698,월성우방아파트102동,,,,1000,False,utic
PI740699,월성우방아파트105동,,,,1000,False,utic
PI740701,월성우방아파트106동,,,,1000,False,utic
PI740716,대곡역동화타운옥외주차장,,,,1000,False,utic
PI740718,대곡역동화타운지하1층,,,,1000,False,utic
PI740721,범어라온프라이빗1층주차장,,,,1000,False,utic
PI740722,범어라온프라이빗지하2층주차장,,,,1000,False,utic
PI740743,동아2차무지개아파트206동옥외,L93171040039,[공사] 성북로 침산초등학교앞 교차로 에서 침산동4767 방향 1차로 도로공사 주의운전,539.8,1000,True,utic
PI740776,동아2차무지개아파트207동옥외,L93171040039,[공사] 성북로 침산초등학교앞 교차로 에서 침산동4767 방향 1차로 도로공사 주의운전,589.3,1000,True,utic
PI747158,BMW차징스테이션 대곡주차장,,,,1000,False,utic
PI747199,BMW차징스테이션 크리스탈관광호텔,,,,1000,False,utic
PI750001,범어효성해링턴플레이스,L93171007174,[공사] 달구벌대로 만촌네거리 에서 남부빌딩 방향 1차로 지하 시설 작업 주의운전,502.8,1000,True,utic
PI750054,수성SK리더스뷰B,,,,1000,False,utic
PI750070,침산3차푸르지오아파트,L93171040039,[공사] 성북로 침산초등학교앞 교차로 에서 침산동4767 방향 1차로 도로공사 주의운전,348.2,1000,True,utic
PI750081,대곡역화성타운,,,,1000,False,utic
PI750393,서재보성타운,,,,1000,False,utic
PI750417,빌리브범어,L93171007174,[공사] 달구벌대로 만촌네거리 에서 남부빌딩 방향 1차로 지하 시설 작업 주의운전,743.8,1000,True,utic
PI750644,금호서한이다음B,,,,1000,False,utic
PI751183,대구혁신센텀힐즈,,,,1000,False,utic
PI751598,달성화성파크드림아파트,,,,1000,False,utic
PI751775,만촌보성타운B,,,,1000,False,utic
PI752370,국가산단 디엔트르 센트럴아파트,,,,1000,False,utic
PI752996,대구시 흥구삼덕빌딩,,,,1000,False,utic
PI753609,상인제림아파트,,,,1000,False,utic
PI753881,피닉스골프클럽,,,,1000,False,utic
PI760200,SK허브스카이아파트,,,,1000,False,utic
PI760266,칠곡1차한라하우젠트C,,,,1000,False,utic
PI760600,대구청구장미마을B,,,,1000,False,utic
PI760660,대구성명교회,,,,1000,False,utic
PI760829,옥포이진캐스빌B,,,,1000,False,utic
PI761043,금호서한이다음C,,,,1000,False,utic
PI761310,노변대백아파트B,,,,1000,False,utic
PI761312,대구우방사랑마을B,,,,1000,False,utic
PI761316,만촌화성파크드림2차,,,,1000,False,utic
PI761336,우방금탑아파트,,,,1000,False,utic
PI762181,성서우방유쉘,,,,1000,False,utic
PI762200,성서보람타운B,L93171039525,[공사] 성서동로 가야유치원 에서 이곡동1255 방향 1차로 도로공사 주의운전,567.1,1000,True,utic
PI762699,이지컨트리클럽,,,,1000,False,utic
PI762875,오페라트루엘시민의숲,L93171040039,[공사] 성북로 침산초등학교앞 교차로 에서 침산동4767 방향 1차로 도로공사 주의운전,950.4,1000,True,utic
PI762921,대구힐스테이트황금동,,,,1000,False,utic
PI763137,진천태왕아너스2단지B,,,,1000,False,utic
PI763257,수성소방서,,,,1000,False,utic
PI763496,경상고등학교,,,,1000,False,utic
PI763522,엠스퀘어플러스,,,,1000,False,utic
PI763542,대구유천포스코더샵,,,,1000,False,utic
PI763755,팔공컨트리클럽,,,,1000,False,utic
PI763860,화원삼주,,,,1000,False,utic
PI763881,한국메디벤처센터,,,,1000,False,utic
PI763899,빌리브범어2차,L93171007174,[공사] 달구벌대로 만촌네거리 에서 남부빌딩 방향 1차로 지하 시설 작업 주의운전,182.5,1000,True,utic
PI764152,한국지능정보사회진흥원,,,,1000,False,utic
PI764279,한국사학진흥재단,,,,1000,False,utic
PI764308,칠곡현대1차,,,,1000,False,utic
PI764310,수성코오롱하늘채B,,,,1000,False,utic
PI764330,대구경북첨단의료산업진흥재단,,,,1000,False,utic
PI764338,송현드림팰리스,,,,1000,False,utic
PI764340,성서드림타운,,,,1000,False,utic
PI764379,아이프라임시지,,,,1000,False,utic
PI764417,우방강촌마을,,,,1000,False,utic
PI764547,마가다락방교회,,,,1000,False,utic
PI764654,태전휴먼시아1단지,,,,1000,False,utic
PI764782,한국교육학술정보원,,,,1000,False,utic
PI764798,수성소방서B,,,,1000,False,utic
PI764807,제림햇빛촌,,,,1000,False,utic
PI764946,대구시민전문장례식장,,,,1000,False,utic
PI764948,태전협화맨션,,,,1000,False,utic
PI766462,대구청구장미마을,,,,1000,False,utic
PI766958,파동화성파크뷰,,,,1000,False,utic
PI767503,대구공작아파트,,,,1000,False,utic
PI768154,수성sk리더스뷰,,,,1000,False,utic
PI768523,대자연2차아파트,,,,1000,False,utic
PI770691,대구코오롱하늘채수,,,,1000,False,utic
PI770811,대구스테이션,,,,1000,False,utic
PI772392,이편한세상세계육상선수촌B,,,,1000,False,utic
PI772509,수성구태왕아너스아파트,,,,1000,False,utic
PI772523,신천동서맨션,,,,1000,False,utic
PI772624,수목원삼성래미안,,,,1000,False,utic
PI772912,중리진달래2차,,,,1000,False,utic
PI773278,교대역동서프라임365B,,,,1000,False,utic
PI773847,대구중앙교회,L93171040039,[공사] 성북로 침산초등학교앞 교차로 에서 침산동4767 방향 1차로 도로공사 주의운전,681.8,1000,True,utic
PI773857,칠곡서한맨션,,,,1000,False,utic
PI773887,용계삼산아파트,,,,1000,False,utic
PI775353,BMW차징스테이션 퀸벨호텔,,,,1000,False,utic
PI780002,효성해링턴플레이스,,,,1000,False,utic
PI780007,서한이다음레이크뷰,,,,1000,False,utic
PI780009,죽전그린빌,,,,1000,False,utic
PI780015,청산맨션,,,,1000,False,utic
PI780065,성광우방타운,,,,1000,False,utic
PI780101,지산골프연습장,,,,1000,False,utic
PI780153,다사한일유앤아이,,,,1000,False,utic
PI780247,평리2동행정복지센터,,,,1000,False,utic
PI780265,비산6동행정복지센터,,,,1000,False,utic
PI783362,대구 매호동 일반주택,,,,1000,False,utic
PI793474,명곡미래빌1단지,,,,1000,False,utic
PI793513,상인역kcc스위첸,,,,1000,False,utic
PI794018,대구 달성군 제일풍경채더퍼스트,,,,1000,False,utic
PI794067,대구 달성군 청구청탑맨션,,,,1000,False,utic
PI794211,대구 달성군 강창그린빌,,,,1000,False,utic
PI794323,대구 수성구 보성송정타운,,,,1000,False,utic
PI794330,대구 수성구 수성해모로하이엔,,,,1000,False,utic
PI794362,대구 달서구 빌리브죽전,,,,1000,False,utic
PI794372,대구 북구 침산2차청구타운,L93171040039,[공사] 성북로 침산초등학교앞 교차로 에서 침산동4767 방향 1차로 도로공사 주의운전,207.6,1000,True,utic
PI795053,대구 수성구 사월화성파크드림3단지,,,,1000,False,utic
PI795479,상인동화태황한양타운입주자대표회의,,,,1000,False,utic
PI795618,대구 달서구 성서청구타운,L93171039525,[공사] 성서동로 가야유치원 에서 이곡동1255 방향 1차로 도로공사 주의운전,903.3,1000,True,utic
PI795672,대구 동구 효성타운,,,,1000,False,utic
PI795839,대구 달서구 용산현대우방타운,,,,1000,False,utic
PI796223,대구 동구 e편한세상세계육상선수촌2단지,,,,1000,False,utic
PI796484,대구 수성구 두레맨션,,,,1000,False,utic
PI796974,대구 수성구 범어센트럴푸르지오,,,,1000,False,utic
PI800355,대구 군위군 구니CC,,,,1000,False,utic
PI801482,평광현대3차아파트,,,,1000,False,utic
PI802108,성당코오롱하늘채아파트,,,,1000,False,utic
PI802535,칠곡3차화성타운,,,,1000,False,utic
PI802709,대구 달서구 케이티대구물류센터,,,,1000,False,utic
PI802798,다사동의센트럴파크아파트,,,,1000,False,utic
PI803060,동촌화성타운지상,,,,1000,False,utic
PI803203,논공청구타운,,,,1000,False,utic
PI805002,대구 수성구 ㈜데이타뱅크,,,,1000,False,utic
PI807335,대구 수성구 범어라온프라이빗1차,,,,1000,False,utic
PI807412,대구 중구 동성로 중앙주차장,,,,1000,False,utic
PI808200,대구 달서구 월성동삼성래미안아파트,,,,1000,False,utic
PI808468,대구 수성구 범어롯데캐슬,,,,1000,False,utic
PI808484,대구 달성군 옥포대성베르힐6단지,,,,1000,False,utic
PI808544,대구 중구 반월당효성해링턴플레이스,,,,1000,False,utic
PI808729,대구 달성군 달성화성파크드림아파트,,,,1000,False,utic
PI809532,대구 달서구 죽전역코아루더리브,,,,1000,False,utic
PIA00336,대구 달성군 테크노폴리스서한이다음,,,,1000,False,utic
PIH00094,힐스테이트데시앙도남1단지아파트,,,,1000,False,utic
PIH00153,상인케이씨씨스위첸아파트,,,,1000,False,utic
PIH00166,용산세광태왕2차아파트,,,,1000,False,utic
PIH00307,강북위너스오피스텔,,,,1000,False,utic
PIH00354,보원칠공사,,,,1000,False,utic
PIH00377,화진자동차상사,,,,1000,False,utic
PIH00408,태왕아너스로뎀플러스오피스텔,L93171040039,[공사] 성북로 침산초등학교앞 교차로 에서 침산동4767 방향 1차로 도로공사 주의운전,743.3,1000,True,utic
PIH00443,힐스테이트데시앙도남3단지아파트,,,,1000,False,utic
PIH00444,대구 옥분리 쉼아웃도어본부,,,,1000,False,utic
PIH00448,칠곡현대아파트,,,,1000,False,utic
PIH00496,청구청룡맨션아파트,,,,1000,False,utic
PIH00515,일반상가,,,,1000,False,utic
PIH00516,에이디오에스오피스텔,,,,1000,False,utic
PIH00517,아도스하우스주택,,,,1000,False,utic
PIH00518,홈빌리지,,,,1000,False,utic
PIH00519,어반하우스빌,L93171025789,[공사] 대현로 대한응급구조사협회 에서 공고네거리 방향 2차로 도로공사 주의운전,449.1,1000,True,utic
PIH00520,칸타빌주택,,,,1000,False,utic
PIH00522,코아루파크뷰오피스텔,,,,1000,False,utic
PIH00556,삼일병원,,,,1000,False,utic
PIH00573,침산태왕아너스로뎀오피스텔,L93171040039,[공사] 성북로 침산초등학교앞 교차로 에서 침산동4767 방향 1차로 도로공사 주의운전,575.1,1000,True,utic
PIH00639,상인은행아파트,,,,1000,False,utic
PIH00640,논공평광행복타운아파트,,,,1000,False,utic
PIH00672,대구 남리 논공우방연합타운아파트,,,,1000,False,utic
PIH00737,디어반메가시티오피스텔,,,,1000,False,utic
PIH00752,대구 침산동 대한동아침산2차무지개아파트,L93171040039,[공사] 성북로 침산초등학교앞 교차로 에서 침산동4767 방향 1차로 도로공사 주의운전,519.8,1000,True,utic
PIH00783,쓰리에이치,,,,1000,False,utic
PIH00787,쓰리에이치,,,,1000,False,utic
PIH00945,대구역센트럴자이아파트,,,,1000,False,utic
PIH00946,대구 침산동 침산동코오롱하늘채아파트,L93171040039,[공사] 성북로 침산초등학교앞 교차로 에서 침산동4767 방향 1차로 도로공사 주의운전,748.6,1000,True,utic
PIH00983,명곡미래빌2단지아파트,,,,1000,False,utic
PIH01030,한국폴리텍대학대구캠퍼스,,,,1000,False,utic
PIH01159,대곡가톨릭요양원,,,,1000,False,utic
PIH01160,대명카톨릭요양원,,,,1000,False,utic
PIH01164,빌리언웨스턴호텔,,,,1000,False,utic
PIH01168,상인화성파크드림1단지아파트,,,,1000,False,utic
PIH01181,대구 신천동 아보스개발낭만,L93171022991,[공사] 동부로 동대구역네거리 에서 금호천일고속버스터미널 방향 4차로 지하 시설 작업 주의운전,775.3,1000,True,utic
PIH01276,대구 산격동 유통단지산업용재관상가,,,,1000,False,utic
PIH01358,월성동서타운아파트,,,,1000,False,utic
PIH01486,3D융합기술지원센터,,,,1000,False,utic
PIH01543,우방앨리시온아파트,L93171007174,[공사] 달구벌대로 만촌네거리 에서 남부빌딩 방향 1차로 지하 시설 작업 주의운전,867.9,1000,True,utic
PIH01544,주택,,,,1000,False,utic
PIH01545,방촌청구제네스아파트,,,,1000,False,utic
PIH01572,서밋모텔,,,,1000,False,utic
PIH01594,야모텔,,,,1000,False,utic
PIH01595,리더스모텔,L93171022991,[공사] 동부로 동대구역네거리 에서 금호천일고속버스터미널 방향 4차로 지하 시설 작업 주의운전,451.7,1000,True,utic
PIH01599,명성장,L93171040039,[공사] 성북로 침산초등학교앞 교차로 에서 침산동4767 방향 1차로 도로공사 주의운전,610.1,1000,True,utic
PIH01600,앤시스,,,,1000,False,utic
PIH01629,정우빌,,,,1000,False,utic
PIH01649,올드로드,,,,1000,False,utic
PIH01705,코아시스아파트,,,,1000,False,utic
PIH01712,비엘주차장,,,,1000,False,utic
PIH01717,히든호텔,,,,1000,False,utic
PIH01747,대한동아침산1차무지개아파트,L93171040039,[공사] 성북로 침산초등학교앞 교차로 에서 침산동4767 방향 1차로 도로공사 주의운전,480.9,1000,True,utic
PIH01759,화성파크스위트아파트,,,,1000,False,utic
PIH01767,창앤영펜션,,,,1000,False,utic
PIH01792,대구 동구 벽산이솔렌스힐아파트,L93171022991,[공사] 동부로 동대구역네거리 에서 금호천일고속버스터미널 방향 4차로 지하 시설 작업 주의운전,561.4,1000,True,utic
PIH01804,스펙트럼시티,L93171040039,[공사] 성북로 침산초등학교앞 교차로 에서 침산동4767 방향 1차로 도로공사 주의운전,683.5,1000,True,utic
PIH01824,한샘아파트,L93171039525,[공사] 성서동로 가야유치원 에서 이곡동1255 방향 1차로 도로공사 주의운전,536.2,1000,True,utic
PIH01854,더존모텔,,,,1000,False,utic
PIH01875,여성메디파크문화센터,,,,1000,False,utic
PIH01883,다인식품,,,,1000,False,utic
PIH01900,여성메디파크병원,,,,1000,False,utic
PIH01936,베네시움,,,,1000,False,utic
PIH01985,주택,,,,1000,False,utic
PIH02017,유천풋살파크,,,,1000,False,utic
PIH02046,한국한의학연구원,,,,1000,False,utic
PIS00522,대구 수성구 수성월드메르디앙,,,,1000,False,utic
PIS00523,대구 달성군 세천삼정그린코아더베스트1단지,,,,1000,False,utic
PIS00524,대구 달성군 세천삼정그린코아더베스트2단지,,,,1000,False,utic
PIS00525,대구 달성군 옥포허브시티,,,,1000,False,utic
PIS00526,대구 달서구 월배쌍용예가,,,,1000,False,utic
PIS00527,대구 달성군 현대썬앤빌대구,,,,1000,False,utic
PIS00528,대구 수성구 삼성화재범어사옥,,,,1000,False,utic
PIS00529,대구 달성군 화원한샘타운,,,,1000,False,utic
PIS00530,대구 북구 화성리버파크1단지,,,,1000,False,utic
PIS00532,대구 수성구 수성3가화성파크드림1단지,,,,1000,False,utic
PIS00533,대구 수성구 수성3가화성파크드림2단지,,,,1000,False,utic
PIS00537,대구 동구 롯데택배대구황금대리점,,,,1000,False,utic
PIS00538,대구 수성구 호텔라온제나,,,,1000,False,utic
PIS00539,대구 북구 영남네오빌블루,,,,1000,False,utic
PIS00540,대구 북구 센트럴파크대현,L93171025789,[공사] 대현로 대한응급구조사협회 에서 공고네거리 방향 2차로 도로공사 주의운전,372.4,1000,True,utic
PIS00543,대구 수성구 시지3차서한이다음,,,,1000,False,utic
PIS00544,대구 수성구 범물태성한라창신,,,,1000,False,utic
PIS00545,대구 서구 코오롱맨션,,,,1000,False,utic
PIS00546,대구 동구 한국가스공사본사,,,,1000,False,utic
PIS00548,대구 서구 대구서부고용복지플러스센터,,,,1000,False,utic
PIS00549,대구 달서구 월성화성타운,,,,1000,False,utic
PIS00550,대구 동구 신세계백화점대구점,L93171022991,[공사] 동부로 동대구역네거리 에서 금호천일고속버스터미널 방향 4차로 지하 시설 작업 주의운전,561.5,1000,True,utic
PIS00551,대구 동구 이마트반야월점,,,,1000,False,utic
PIS00552,대구 달서구 이마트성서점,L93171039525,[공사] 성서동로 가야유치원 에서 이곡동1255 방향 1차로 도로공사 주의운전,81.3,1000,True,utic
PIS00553,대구 북구 이마트칠성점,L93171040039,[공사] 성북로 침산초등학교앞 교차로 에서 침산동4767 방향 1차로 도로공사 주의운전,699.6,1000,True,utic
PIS00554,대구 달서구 이마트월배점,,,,1000,False,utic
PIS00555,대구 수성구 이마트만촌점,,,,1000,False,utic
PIS00556,대구 서구 이마트T비산점,,,,1000,False,utic
PIS00558,대구 수성구 범어청구푸른마을,,,,1000,False,utic
PIS00559,대구 남구 보성1차대덕맨션,,,,1000,False,utic
PIS00560,대구 서구 내당삼익맨션,,,,1000,False,utic
PIS00561,대구 동구 한국가스공사숙소동,,,,1000,False,utic
PIS00564,대구 북구 주식회사유앤지,L93171040039,[공사] 성북로 침산초등학교앞 교차로 에서 침산동4767 방향 1차로 도로공사 주의운전,707.1,1000,True,utic
PIS00565,대구 동구 동화해오름타운아파트,,,,1000,False,utic
PIS00566,대구 수성구 시지동서타운아파트,,,,1000,False,utic
PIS00567,대구 동구 동대구화물터미널,,,,1000,False,utic
PIS00568,대구 동구 신천2주공아파트,L93171025789,[공사] 대현로 대한응급구조사협회 에서 공고네거리 방향 2차로 도로공사 주의운전,929.1,1000,True,utic
PIS00569,대구 수성구 범물두성타운,,,,1000,False,utic
PIS00570,대구 달성군 논공성원아파트,,,,1000,False,utic
PIS00571,대구 달서구 월성5단지아파트,,,,1000,False,utic
PIS00572,대구 북구 동서변리벤빌,,,,1000,False,utic
PIS00573,대구 북구 동화훼미리타운,,,,1000,False,utic
PIS00574,대구 수성구 지산타운아파트,,,,1000,False,utic
PIS00575,대구 북구 침산코오롱하늘채2단지,,,,1000,False,utic
PIS00576,대구 달서구 월성삼정그린에듀파크,,,,1000,False,utic
PIS00577,대구 동구 신서퀸덤아파트,,,,1000,False,utic
PIS00578,대구 달성군 신성서화성파크드림,,,,1000,False,utic
PIS00579,대구 수성구 시지천마타운,,,,1000,False,utic
PIS00580,대구 북구 오페라코오롱하늘채,,,,1000,False,utic
PIS00581,대구 북구 칠곡7단지부영아파트,,,,1000,False,utic
PIS00586,대구 북구 칠곡관음타운,,,,1000,False,utic
PIS00587,대구 달성군 죽곡푸르지오2단지,,,,1000,False,utic
PIS00588,대구 달서구 영남네오빌비스타,,,,1000,False,utic
PIS00589,대구 북구 칠곡보성맨션,,,,1000,False,utic
PIS00590,대구 동구 신암에스디아이프라임,L93171022991,[공사] 동부로 동대구역네거리 에서 금호천일고속버스터미널 방향 4차로 지하 시설 작업 주의운전,834.1,1000,True,utic
PIS00594,대구 달성군 북죽곡현대엠코타운,,,,1000,False,utic
PIS00597,대구 남구 이천뜨란채2단지,,,,1000,False,utic
PIS00598,대구 달성군 신성서진흥더블파크,,,,1000,False,utic
PIS00599,대구 달성군 에코폴리스동화아이위시3차,,,,1000,False,utic
PIS00791,대구 북구 복현2차서한타운,,,,1000,False,utic
PK000367,광남자동차,,,,1000,False,utic
PK000382,경북교통차고지,,,,1000,False,utic
PK000386,대명교통차고지,L93171039525,[공사] 성서동로 가야유치원 에서 이곡동1255 방향 1차로 도로공사 주의운전,94.1,1000,True,utic
PL000027,사수동브라운스톤강북아파트,,,,1000,False,utic
PL000118,황금동코아시스아파트,,,,1000,False,utic
PL000301,대구연경금성백조예미지,,,,1000,False,utic
PL000446,칠곡부영1차아파트,,,,1000,False,utic
PL000629,센트롤요양병원,L93171040039,[공사] 성북로 침산초등학교앞 교차로 에서 침산동4767 방향 1차로 도로공사 주의운전,662.9,1000,True,utic
PL000752,서한청산맨션,,,,1000,False,utic
PL005034,범어서한포레스트,,,,1000,False,utic
PL005127,도원중학교,,,,1000,False,utic
PL005150,전인병원,,,,1000,False,utic
PL005167,브라운스톤범어,,,,1000,False,utic
PL005291,서재보성타운,,,,1000,False,utic
PL005467,진로이스트타운,,,,1000,False,utic
PL005484,달성삼환나우빌,,,,1000,False,utic
PL005489,한국마사회대구지사,,,,1000,False,utic
PL006988,동대구역우방아이유쉘,L93171022991,[공사] 동부로 동대구역네거리 에서 금호천일고속버스터미널 방향 4차로 지하 시설 작업 주의운전,259.0,1000,True,utic
PL007300,대구 북구 침산건영하이츠,L93171040039,[공사] 성북로 침산초등학교앞 교차로 에서 침산동4767 방향 1차로 도로공사 주의운전,289.9,1000,True,utic
PL007313,침산동 2차 쌍용예가,L93171040039,[공사] 성북로 침산초등학교앞 교차로 에서 침산동4767 방향 1차로 도로공사 주의운전,142.7,1000,True,utic
PL007315,침산세정드림타운,L93171040039,[공사] 성북로 침산초등학교앞 교차로 에서 침산동4767 방향 1차로 도로공사 주의운전,903.7,1000,True,utic
PL007320,노원동화타운,,,,1000,False,utic
PL007331,대현한신휴플러스,L93171025789,[공사] 대현로 대한응급구조사협회 에서 공고네거리 방향 2차로 도로공사 주의운전,691.1,1000,True,utic
PL007381,동서변 월드메르디앙 아파트,,,,1000,False,utic
PL007429,부영아파트(대구 구암동),,,,1000,False,utic
PL007518,범어서한포레스트 (아파트),,,,1000,False,utic
PL007595,우방오성타운,,,,1000,False,utic
PL007673,녹원아파트,,,,1000,False,utic
PL007698,현대청림아파트,,,,1000,False,utic
PL007702,수성하늘채르레브아파트,,,,1000,False,utic
PL007726,노변다숲아파트,,,,1000,False,utic
PL007785,성당 태왕아너스 메트로,,,,1000,False,utic
PL007817,성서2차서한타운,L93171039525,[공사] 성서동로 가야유치원 에서 이곡동1255 방향 1차로 도로공사 주의운전,853.9,1000,True,utic
PL007827,장기파랑새마을,,,,1000,False,utic
PL007853,용산보성타운,,,,1000,False,utic
PL007870,우방드림시티,,,,1000,False,utic
PL008043,청구청산맨션,,,,1000,False,utic
PL008076,서재보성타운,,,,1000,False,utic
PL008112,강창우방타운,,,,1000,False,utic
PL008129,옥포제림뉴타운,,,,1000,False,utic
PL030042,시지 코오롱하늘채 스카이뷰(오피스텔),,,,1000,False,utic
PL030340,태왕 아너스 더힐,,,,1000,False,utic
PL030631,태전한라아파트,,,,1000,False,utic
PL030724,대구혁신도시서한이다음아파트,,,,1000,False,utic
PL031050,성서우방타운,L93171039525,[공사] 성서동로 가야유치원 에서 이곡동1255 방향 1차로 도로공사 주의운전,502.0,1000,True,utic
PL031139,대구힐스테이트데시앙도남2단지,,,,1000,False,utic
PL031141,대구수성동일하이빌레이크,,,,1000,False,utic
PL031179,대구 나사렛종합병원,,,,1000,False,utic
PL031200,대구 수목원제일풍경채,,,,1000,False,utic
PL031246,대구 퀸스로드,,,,1000,False,utic
PL031251,대구 한신더휴웨스턴팰리스,,,,1000,False,utic
PL031334,대구 서문시장2지구,,,,1000,False,utic
PL031349,대구 동화골든빌,,,,1000,False,utic
PL031384,대구 성서주공6단지아파트,L93171039525,[공사] 성서동로 가야유치원 에서 이곡동1255 방향 1차로 도로공사 주의운전,869.6,1000,True,utic
PL031386,대구 진천하나로맨션,,,,1000,False,utic
PL031432,대구 효성백년가약궁,L93171007174,[공사] 달구벌대로 만촌네거리 에서 남부빌딩 방향 1차로 지하 시설 작업 주의운전,243.2,1000,True,utic
PL031433,대구 월성보성2단지,,,,1000,False,utic
PL031434,대구 대곡역화성파크드림위드,,,,1000,False,utic
PL031435,대구 보성송림맨션,,,,1000,False,utic
PL031504,대구 경북여자고등학교,,,,1000,False,utic
PL031509,대구 학생문화센터,,,,1000,False,utic
PL031519,대구 한화생명 내당동사옥,,,,1000,False,utic
PL031534,대구 경상여자고등학교,,,,1000,False,utic
PL031542,대구 덕원고등학교,,,,1000,False,utic
PL031570,대구 우방죽전타운,,,,1000,False,utic
PL031583,대구 동아대덕아파트,,,,1000,False,utic
PL031587,대구 국가산단반도유보라아이비파크,,,,1000,False,utic
PL031601,대구 범어동일하이빌,,,,1000,False,utic
PL031602,대구 수성화성파크드림,,,,1000,False,utic
PL031612,대구 앞산봉덕영무예다음아파트,,,,1000,False,utic
PL031622,대구 화성파크드림이스트밸리,L93171022991,[공사] 동부로 동대구역네거리 에서 금호천일고속버스터미널 방향 4차로 지하 시설 작업 주의운전,722.1,1000,True,utic
PL031623,대구 월성영남맨션,,,,1000,False,utic
PL031624,대구 대곡역동화타운 아파트,,,,1000,False,utic
PL031630,대구 매호화성파크드림,,,,1000,False,utic
PL031631,대구 유성푸르나임아파트,,,,1000,False,utic
PL031644,대구 은세계타운아파트,,,,1000,False,utic
PL031649,수성그린타운,,,,1000,False,utic
PL031678,대구 제일풍경채프라임,,,,1000,False,utic
PL031681,대구 성서한마음타운 아파트,L93171039525,[공사] 성서동로 가야유치원 에서 이곡동1255 방향 1차로 도로공사 주의운전,782.9,1000,True,utic
PL031708,대구 화성고려파크뷰,,,,1000,False,utic
PL031709,대구 화원신일해피트리꿈의숲,,,,1000,False,utic
PL031717,대구 상인이편한세상2단지,,,,1000,False,utic
PL031721,대구 유성청구아파트,,,,1000,False,utic
PL031745,대구 계명문화대학교,,,,1000,False,utic
PL031757,대구 대실역동화아이위시,,,,1000,False,utic
PL031781,대구 희망교대성유니드아파트,,,,1000,False,utic
PL031807,대구 상인중석타운아파트,,,,1000,False,utic
PL031816,대구 칠곡럭키아파트,,,,1000,False,utic
PL031832,대구 강변코오롱하늘채,,,,1000,False,utic
PL031835,대구 벽산타워,,,,1000,False,utic
PL031837,대구 두성타운아파트,,,,1000,False,utic
PL031838,대구 귀빈맨션아파트,,,,1000,False,utic
PL031881,대구 율하롯데캐슬탑클래스,,,,1000,False,utic
PL031888,대구 수성롯데캐슬,,,,1000,False,utic
PL031889,대구 칠곡한라타운아파트,,,,1000,False,utic
PL031890,대구 안심화성타운아파트,,,,1000,False,utic
PL031891,대구 월성코오롱하늘채1단지,,,,1000,False,utic
PL031892,대구 메가시티태왕아너스아파트,,,,1000,False,utic
PL031923,대구 테크노폴리스 우미린,,,,1000,False,utic
PL031951,대구 성서동서서한타운아파트,L93171039525,[공사] 성서동로 가야유치원 에서 이곡동1255 방향 1차로 도로공사 주의운전,812.6,1000,True,utic
PL031969,대구 남구 앞산태왕아너스아파트,,,,1000,False,utic
PL031970,대구 달서구 장기누림타운,,,,1000,False,utic
PL031972,대구 중구 봉산뜨란채아파트,,,,1000,False,utic
PL031977,대구 달서구 월성 삼정그린코아 카운티,,,,1000,False,utic
PL031984,대구 달성군 서재우방타운아파트,,,,1000,False,utic
PL031985,대구 달서구 죽전역인터불고라비다,,,,1000,False,utic
PL031986,대구 달서구 두류보성맨션,,,,1000,False,utic
PL031988,대구 남구 봉덕화성파크드림,,,,1000,False,utic
PL031993,대구 수성구 사월화성파크드림2단지,,,,1000,False,utic
PL031994,대구 북구 칠곡서한타운3차,,,,1000,False,utic
PL031999,대구 북구 동대구유성푸르나임아파트,L93171022991,[공사] 동부로 동대구역네거리 에서 금호천일고속버스터미널 방향 4차로 지하 시설 작업 주의운전,485.1,1000,True,utic
PL032005,대구 북구 노원한신더휴아파트,,,,1000,False,utic
PL032016,대구 북구 칠곡부영6단지아파트,,,,1000,False,utic
PL032021,대구 북구 대현뜨란채아파트,L93171025789,[공사] 대현로 대한응급구조사협회 에서 공고네거리 방향 2차로 도로공사 주의운전,669.4,1000,True,utic
PL032024,대구 달성군 협성휴포레죽곡,,,,1000,False,utic
PL032044,대구 수성구 더원(위탁),,,,1000,False,utic
PL032050,대구 달성군 달성태왕드림하이츠,,,,1000,False,utic
PL032054,대구 수성구 태왕아너스아파트,,,,1000,False,utic
PL032057,대구 달서구 월성월드메르디앙아파트,,,,1000,False,utic
PL032067,대구 달서구 진천태왕아너스 1단지,,,,1000,False,utic
PL032077,대구 달성군 다사역금호어울림센트럴,,,,1000,False,utic
PL032090,대구 북구 복현화성타운,,,,1000,False,utic
PL032094,대구 달서구 이편한세상월배아파트,,,,1000,False,utic
PL032104,대구 북구 연경동화아이위시,,,,1000,False,utic
PL032109,대구 달서구 죽전그린빌,,,,1000,False,utic
PL032114,대구 수성구 노변동서우방타운,,,,1000,False,utic
PL032140,대구 중구 대봉태왕아너스아파트,,,,1000,False,utic
PL032146,대구 달서구 성서무지개타운아파트,L93171039525,[공사] 성서동로 가야유치원 에서 이곡동1255 방향 1차로 도로공사 주의운전,726.9,1000,True,utic
PL032159,대구 수성구 수성화성쌍용타운,,,,1000,False,utic
PL032182,대구 달서구 상인영남화성아파트,,,,1000,False,utic
PL032223,대구 북구 침산2차화성타운,L93171040039,[공사] 성북로 침산초등학교앞 교차로 에서 침산동4767 방향 1차로 도로공사 주의운전,661.8,1000,True,utic
PL032229,대구 수성구 신매태성맨션,,,,1000,False,utic
PL032235,대구 남구 앞산서한이다음,,,,1000,False,utic
PL032238,대구 동구 부민스위트빌아파트,,,,1000,False,utic
PL032253,대구 달서구 죽전역동화아이위시,,,,1000,False,utic
PL032258,대구 동구 강촌마을우방아파트1차,,,,1000,False,utic
PL032289,대구 북구 칠곡현대아파트,,,,1000,False,utic
PL032294,대구 수성구 태왕유성하이빌,,,,1000,False,utic
PL032299,대구 수성구 시지2차사월보성타운,,,,1000,False,utic
PL032300,대구 수성구 매호2차동서타운,,,,1000,False,utic
PL032323,대구 달서구 상인역모아엘가파크뷰,,,,1000,False,utic
PL032333,대구 달서구 용산세광태왕2차아파트,,,,1000,False,utic
PL032337,대구 동구 영조아름다운나날1단지,,,,1000,False,utic
PL032348,대구 달서구 성서2차영남우방타운,L93171039525,[공사] 성서동로 가야유치원 에서 이곡동1255 방향 1차로 도로공사 주의운전,682.4,1000,True,utic
PL032357,대구 남구 봉덕화성파크드림2차,,,,1000,False,utic
PL032360,대구 동구 동대구역화성파크드림아파트,L93171022991,[공사] 동부로 동대구역네거리 에서 금호천일고속버스터미널 방향 4차로 지하 시설 작업 주의운전,581.0,1000,True,utic
PL032392,대구 상인이편한세상1단지,,,,1000,False,utic
PL032543,시지두레타운,,,,1000,False,utic
PL032566,범어STXKAN아파트,,,,1000,False,utic
PL032579,테크노폴리스반도유보라,,,,1000,False,utic
PL032775,죽곡푸르지오1단지,,,,1000,False,utic
PL032786,개나리맨션,,,,1000,False,utic
PL032822,산격2차청구맨션,,,,1000,False,utic
PL032933,대우로얄하이츠,,,,1000,False,utic
PL032940,상인장미3단지아파트,,,,1000,False,utic
PL032967,대구율하숲아파트,,,,1000,False,utic
PL032968,만촌 신동아 파밀리에,,,,1000,False,utic
PL032994,영남네오빌 아트,,,,1000,False,utic
PL033031,침산동현대아파트,L93171040039,[공사] 성북로 침산초등학교앞 교차로 에서 침산동4767 방향 1차로 도로공사 주의운전,188.0,1000,True,utic
PL033036,더샵 프리미엘,L93171040039,[공사] 성북로 침산초등학교앞 교차로 에서 침산동4767 방향 1차로 도로공사 주의운전,438.9,1000,True,utic
PL033044,수성범물인앤인아파트,,,,1000,False,utic
PL033046,빌리브 스카이 주상복합,,,,1000,False,utic
PL033063,시지효성백년가약1단지,,,,1000,False,utic
PL033064,월배역디엘라온프라이빗,,,,1000,False,utic
PL033150,효성타운,,,,1000,False,utic
PL033193,범어역우방유쉘,,,,1000,False,utic
PL033196,동대구삼환나우빌,L93171022991,[공사] 동부로 동대구역네거리 에서 금호천일고속버스터미널 방향 4차로 지하 시설 작업 주의운전,586.7,1000,True,utic
PL033288,성광우방타운,,,,1000,False,utic
PL033295,청구그린맨션1차아파트,,,,1000,False,utic
PL033358,성서주공2단지아파트,,,,1000,False,utic
PL033403,한빛마을,L93171039525,[공사] 성서동로 가야유치원 에서 이곡동1255 방향 1차로 도로공사 주의운전,537.8,1000,True,utic
PL033437,성서대백창신한라맨션,L93171039525,[공사] 성서동로 가야유치원 에서 이곡동1255 방향 1차로 도로공사 주의운전,925.4,1000,True,utic
PL033482,범물청구아파트,,,,1000,False,utic
PL033548,효성타운2차아파트,,,,1000,False,utic
PL033570,성서2차보성타운,,,,1000,False,utic
PL033571,범어역 아이위시,,,,1000,False,utic
PL033627,대구도남 엘에이치 1단지,,,,1000,False,utic
PL033630,범어서한포레스트 (오피스텔),,,,1000,False,utic
PL033755,다사역 삼정그린코아 더베스트,,,,1000,False,utic
PL100067,복현자이,,,,1000,False,utic
PW000092,옥포세광무지개마을-105동,,,,1000,False,utic
PW000093,옥포세광무지개마을-106동,,,,1000,False,utic
PW000094,용산우방미진태왕타운 P1,,,,1000,False,utic
PW000095,용산우방미진태왕타운 P2,,,,1000,False,utic
PW000096,용산우방미진태왕타운 P3,,,,1000,False,utic
PW000097,용산우방미진태왕타운 P4,,,,1000,False,utic
PW000101,더리치모텔,,,,1000,False,utic
PW000102,호텔 맥심,L93171022991,[공사] 동부로 동대구역네거리 에서 금호천일고속버스터미널 방향 4차로 지하 시설 작업 주의운전,801.1,1000,True,utic
PW000112,태전우방타운-101동,,,,1000,False,utic
PW000113,태전우방타운-103동,,,,1000,False,utic
PW000121,성당동두산위브,,,,1000,False,utic
PW000224,삼정브리티시용산상가관리단,,,,1000,False,utic
PW000243,범어청구하이츠-109동,L93171007174,[공사] 달구벌대로 만촌네거리 에서 남부빌딩 방향 1차로 지하 시설 작업 주의운전,644.9,1000,True,utic
PW000244,범어청구하이츠-110동,L93171007174,[공사] 달구벌대로 만촌네거리 에서 남부빌딩 방향 1차로 지하 시설 작업 주의운전,624.6,1000,True,utic
PW000259,진흥더블파크-102동,,,,1000,False,utic
PW000260,진흥더블파크-103동,,,,1000,False,utic
PW000261,진흥더블파크-105동,,,,1000,False,utic
PW000262,진흥더블파크-106동,,,,1000,False,utic
PW000277,극동스타클래스남산,,,,1000,False,utic
PW000288,팔공보성타운,,,,1000,False,utic
PW000289,팔공보성타운 B4,,,,1000,False,utic
PW000290,팔공보성타운 B5,,,,1000,False,utic
PW000292,온수장,L93171022991,[공사] 동부로 동대구역네거리 에서 금호천일고속버스터미널 방향 4차로 지하 시설 작업 주의운전,254.8,1000,True,utic
PW000293,아인스,L93171022991,[공사] 동부로 동대구역네거리 에서 금호천일고속버스터미널 방향 4차로 지하 시설 작업 주의운전,726.8,1000,True,utic
PW000295,오투,,,,1000,False,utic
PW000296,스타모텔,,,,1000,False,utic
PW000305,워싱턴모텔,,,,1000,False,utic
PW000306,동대구써비스,,,,1000,False,utic
PW000307,신현대1급정비공장,,,,1000,False,utic
PW000335,칠곡대백맨션-107동,,,,1000,False,utic
PW000336,칠곡대백맨션-108동,,,,1000,False,utic
PW000338,"삼성-1,2,4동",,,,1000,False,utic
PW000339,"삼성-3,5동",,,,1000,False,utic
PW000340,삼성-6동,,,,1000,False,utic
PW000341,삼성-7동,,,,1000,False,utic
PW000459,침산1차푸르지오1단지-103동지하2층,L93171040039,[공사] 성북로 침산초등학교앞 교차로 에서 침산동4767 방향 1차로 도로공사 주의운전,580.9,1000,True,utic
PW000460,"침산1차푸르지오1단지-105,106동지하2층",L93171040039,[공사] 성북로 침산초등학교앞 교차로 에서 침산동4767 방향 1차로 도로공사 주의운전,580.9,1000,True,utic
PW000461,침산1차푸르지오1단지-오피스텔동 지하2층,L93171040039,[공사] 성북로 침산초등학교앞 교차로 에서 침산동4767 방향 1차로 도로공사 주의운전,580.9,1000,True,utic
PW000462,침산1차푸르지오2단지-203동,L93171040039,[공사] 성북로 침산초등학교앞 교차로 에서 침산동4767 방향 1차로 도로공사 주의운전,746.3,1000,True,utic
PW000463,침산1차푸르지오2단지-205동,L93171040039,[공사] 성북로 침산초등학교앞 교차로 에서 침산동4767 방향 1차로 도로공사 주의운전,746.3,1000,True,utic
PW000555,복현보성타운-107동,,,,1000,False,utic
PW000556,복현보성타운-108동,,,,1000,False,utic
PW000557,침산태왕리더스,L93171040039,[공사] 성북로 침산초등학교앞 교차로 에서 침산동4767 방향 1차로 도로공사 주의운전,412.7,1000,True,utic
PW000576,북부정비검사소,,,,1000,False,utic
PW000584,신매역우방유쉘,,,,1000,False,utic
PW000621,태왕아너스리버파크,,,,1000,False,utic
PW000623,대봉태왕아너스,,,,1000,False,utic
PW000787,보성종합정비,L93171040203,[공사] 북비산로 서대구역네거리 에서 서재 방향 1차로 가로수 벌목 주의운전,341.0,1000,True,utic
PW000788,갑오자동차정비공장,,,,1000,False,utic
PW000789,수성정비센터,,,,1000,False,utic
PW000790,자동차시대정비공장,,,,1000,False,utic
PW000805,영조아름다운나날3단지-315,,,,1000,False,utic
PW000806,영조아름다운나날3단지-316,,,,1000,False,utic
PW000807,영조아름다운나날3단지-317,,,,1000,False,utic
PW000808,영조아름다운나날3단지-318,,,,1000,False,utic
PW000809,유니버시아드선수촌1단지-101동,,,,1000,False,utic
PW000810,유니버시아드선수촌1단지-102동,,,,1000,False,utic
PW000811,유니버시아드선수촌1단지-103동,,,,1000,False,utic
PW000812,유니버시아드선수촌1단지-104동,,,,1000,False,utic
PW000813,유니버시아드선수촌1단지-107동,,,,1000,False,utic
PW000814,시지보성서한타운-301동,,,,1000,False,utic
PW000815,시지보성서한타운-302동,,,,1000,False,utic
PW000864,대실역리슈빌3단지,,,,1000,False,utic
PW000916,서재2차보성타운-211동,,,,1000,False,utic
PW001000,서재2차보성타운-213동,,,,1000,False,utic
PW001010,서재2차보성타운-214동,,,,1000,False,utic
PW001123,대우트럼프월드수성,,,,1000,False,utic
PW001124,대우트럼프월드수성 A,,,,1000,False,utic
PW001179,늘푸른교회,,,,1000,False,utic
PW001186,우진택시,,,,1000,False,utic
PW001195,대구혁신LH4단지-401동,,,,1000,False,utic
PW001196,대구혁신LH4단지-402동,,,,1000,False,utic
PW001197,대구혁신LH4단지-405동,,,,1000,False,utic
PW001198,대구혁신LH4단지-406동,,,,1000,False,utic
PW001229,만촌2차우방타운-306동,,,,1000,False,utic
PW001230,만촌2차우방타운-307동,,,,1000,False,utic
PW001232,산격대우-114동,,,,1000,False,utic
PW001233,산격대우-115동,,,,1000,False,utic
PW001234,산격대우-116동,,,,1000,False,utic
PW001235,산격대우-117동,,,,1000,False,utic
PW001236,산격대우-118동,,,,1000,False,utic
PW001240,산격대우-119동,,,,1000,False,utic
PW001241,산격대우-120동,,,,1000,False,utic
PW001242,산격대우-120동 A,,,,1000,False,utic
PW001243,산격대우-121동,,,,1000,False,utic
PW001244,산격대우-122동,,,,1000,False,utic
PW001250,㈜명성정비,,,,1000,False,utic
PW001315,서재2차보성타운-212동,,,,1000,False,utic
PW001341,대구혁신LH 5단지(B-4블록)-1지역,,,,1000,False,utic
PW010023,화원이진캐스빌,,,,1000,False,utic
PW010025,극동스타클래스남산,,,,1000,False,utic
PW010035,대구노원한신더휴-7동 지하1층,,,,1000,False,utic
PW010042,(급속)대구역센트럴자이,,,,1000,False,utic
PW010114,안심역코오롱하늘채,,,,1000,False,utic
PW010122,월성코오롱하늘채2단지아파트,,,,1000,False,utic
PW010180,율하 휴먼시아9단지,,,,1000,False,utic
PW010187,매천센트럴파크,,,,1000,False,utic
PW010211,군위보건소,,,,1000,False,utic
PW010224,성서3차동서타운,L93171039525,[공사] 성서동로 가야유치원 에서 이곡동1255 방향 1차로 도로공사 주의운전,417.5,1000,True,utic
PW010225,대구테크노폴리스4단지,,,,1000,False,utic
PW010236,메트로팔레스2단지,,,,1000,False,utic
PW010248,다사E편한세상,,,,1000,False,utic
PW010249,테크노폴리스하나리움퀸즈파크,,,,1000,False,utic
PW010299,녹원맨션,,,,1000,False,utic
PW010450,메트로팔레스1단지,L93171022991,[공사] 동부로 동대구역네거리 에서 금호천일고속버스터미널 방향 4차로 지하 시설 작업 주의운전,994.8,1000,True,utic
PW010451,유림노르웨이아침,,,,1000,False,utic
PW010464,안심역우방아이유쉘아파트,,,,1000,False,utic
PW010481,범어화성파크리젠시,,,,1000,False,utic
PW010491,이안동대구,L93171025789,[공사] 대현로 대한응급구조사협회 에서 공고네거리 방향 2차로 도로공사 주의운전,442.5,1000,True,utic
PW010494,하나교회19,,,,1000,False,utic
PW010507,용산1차서한화성타운,,,,1000,False,utic
PW010509,월성서한이다음,,,,1000,False,utic
PW010511,수성보성타운,,,,1000,False,utic
PW010536,매호협화타운,,,,1000,False,utic
PW010597,신암청아람아파트,L93171025789,[공사] 대현로 대한응급구조사협회 에서 공고네거리 방향 2차로 도로공사 주의운전,261.9,1000,True,utic
PW010616,영남네오빌,,,,1000,False,utic
PW010622,효성타운관리사무소,,,,1000,False,utic
PW010697,이편한세상대신아파트,,,,1000,False,utic
PW010777,대구혁신LH5단지,,,,1000,False,utic
PW010815,남산역화성파크드림,,,,1000,False,utic
PW010849,성서주공6-1,L93171039525,[공사] 성서동로 가야유치원 에서 이곡동1255 방향 1차로 도로공사 주의운전,869.7,1000,True,utic
PW010851,신매역우방유쉘19,,,,1000,False,utic
PW011012,시지3차서한이다음,,,,1000,False,utic
PW011117,태을빌딩(합자회사태을),,,,1000,False,utic
PW011186,월배2차귀빈타운,,,,1000,False,utic
PW011187,태크노폴리스남해오네뜨2차,,,,1000,False,utic
PW011290,진천영남네오빌(민수),,,,1000,False,utic
PW011340,동우씨엠(주)/대구연경LH천년나무2단지,,,,1000,False,utic
PW011344,신서동롯데캐슬레전드-1,,,,1000,False,utic
PW011345,신서동롯데캐슬레전드-2,,,,1000,False,utic
PW011346,신서동롯데캐슬레전드-3,,,,1000,False,utic
PW011347,신서동롯데캐슬레전드-4,,,,1000,False,utic
PW011348,한양수정상가관리단,,,,1000,False,utic
PW011353,범물인앤인입주자대표회의,,,,1000,False,utic
PW011490,수목원제일풍경채입주자대표회의-1,,,,1000,False,utic
PW011491,수목원제일풍경채입주자대표회의-2,,,,1000,False,utic
PW011492,수목원제일풍경채입주자대표회의-3,,,,1000,False,utic
PW011493,수목원제일풍경채입주자대표회의-4,,,,1000,False,utic
PW011502,롯데케슬오페라아파트입주자대표회의-1,L93171040039,[공사] 성북로 침산초등학교앞 교차로 에서 침산동4767 방향 1차로 도로공사 주의운전,630.2,1000,True,utic
PW011503,롯데케슬오페라아파트입주자대표회의-2,L93171040039,[공사] 성북로 침산초등학교앞 교차로 에서 침산동4767 방향 1차로 도로공사 주의운전,630.2,1000,True,utic
PW011504,롯데케슬오페라아파트입주자대표회의-3,L93171040039,[공사] 성북로 침산초등학교앞 교차로 에서 침산동4767 방향 1차로 도로공사 주의운전,630.2,1000,True,utic
PW011505,롯데케슬오페라아파트입주자대표회의-4,L93171040039,[공사] 성북로 침산초등학교앞 교차로 에서 침산동4767 방향 1차로 도로공사 주의운전,630.2,1000,True,utic
PW011617,테크노폴리스진아리채입주자대표회의-1,,,,1000,False,utic
PW011618,테크노폴리스진아리채입주자대표회의-2,,,,1000,False,utic
PW011619,테크노폴리스진아리채입주자대표회의-3,,,,1000,False,utic
PW011653,동명산업,L93171040039,[공사] 성북로 침산초등학교앞 교차로 에서 침산동4767 방향 1차로 도로공사 주의운전,905.0,1000,True,utic
PW011659,두밥식당,,,,1000,False,utic
PW011664,낚시모텔,,,,1000,False,utic
PW011669,러스터,,,,1000,False,utic
PW011672,달구벌여성인력개발센터,,,,1000,False,utic
PW011683,범어화산샬례-1,L93171007174,[공사] 달구벌대로 만촌네거리 에서 남부빌딩 방향 1차로 지하 시설 작업 주의운전,804.6,1000,True,utic
PW011684,범어화산샬례-2,L93171007174,[공사] 달구벌대로 만촌네거리 에서 남부빌딩 방향 1차로 지하 시설 작업 주의운전,804.6,1000,True,utic
PW011687,몽글몽글구름순두부,,,,1000,False,utic
PW011692,강북오리박사,,,,1000,False,utic
PW011697,이데오피스(주),,,,1000,False,utic
PW011702,(주)에스제이에프앤씨/산중에봄쭈꾸미,,,,1000,False,utic
PW011706,산중식당,,,,1000,False,utic
PW011713,카페블로썸,,,,1000,False,utic
PW011718,청포도마을,,,,1000,False,utic
PW011724,가창중학교,,,,1000,False,utic
PW011725,교동면옥내당점,,,,1000,False,utic
PW011726,밤새우는닭,,,,1000,False,utic
PW011970,고향,,,,1000,False,utic
PW011971,김영환,,,,1000,False,utic
PW011973,대구장애인종합복지관,,,,1000,False,utic
PW012146,피제리아로드,,,,1000,False,utic
PW012148,청풍해물탕,,,,1000,False,utic
PW012149,장수갈비기사식당,,,,1000,False,utic
PW012156,대구혁신LH4단지입주자대표회의-1,,,,1000,False,utic
PW012157,대구혁신LH4단지입주자대표회의-2,,,,1000,False,utic
PW012323,(주)코러,,,,1000,False,utic
PW012333,시골밥상,,,,1000,False,utic
PW012339,주홍산장식당,,,,1000,False,utic
PW012340,동촌식당,,,,1000,False,utic
PW012346,화진산장,,,,1000,False,utic
PW012357,파계마루,,,,1000,False,utic
PW012361,교동면옥화원점,,,,1000,False,utic
PW012368,팔수식당,,,,1000,False,utic
PW012390,로뎀,,,,1000,False,utic
PW012393,서창숙디어벨리커피숍,,,,1000,False,utic
PW012424,만촌한화꿈에그린관리소,,,,1000,False,utic
PW012428,칠곡미래타운,,,,1000,False,utic
PW012431,월성청구타운 입주자대표회의,,,,1000,False,utic
PW012433,파동화성파크뷰 관리사무소,,,,1000,False,utic
PW012441,메트로팔레스3단지 관리사무소,,,,1000,False,utic
PW012443,대구신서혁신LH천년나무10단지/청하종합개발㈜,,,,1000,False,utic
PW012448,성서주공5단지아파트입주자대표회의,,,,1000,False,utic
PW012449,혁신도시 서한E스테이아파트/주식회사서한하나뉴스데,,,,1000,False,utic
PW012450,시지푸르지오,,,,1000,False,utic
PW012453,삼도더펜트하우스수성입주자대표회의,,,,1000,False,utic
PW012454,수성3가롯데캐슬입주자대표회의,,,,1000,False,utic
PW012455,시지두레타운 입주자대표회의,,,,1000,False,utic
PW012459,하나타운 입주자대표회의,,,,1000,False,utic
PW012460,메트로팔레스5단지입주자대표회의,,,,1000,False,utic
PW012464,대구연경천년나무1단지 관리소,,,,1000,False,utic
PW012465,송원맨션 관리사무소,,,,1000,False,utic
PW012467,시지대성유니드입주자대표회의,,,,1000,False,utic
PW012478,신서혁신LH13단지관리사무소,,,,1000,False,utic
PW012481,시지한신휴플러스입주자대표회의,,,,1000,False,utic
PW012484,대구혁신LH5단지 입주자대표회의,,,,1000,False,utic
PW012485,이시아폴리스더샵2차,,,,1000,False,utic
PW012489,칠곡2차한라타운,,,,1000,False,utic
PW012491,범어쌍용예가입주자대표회의,,,,1000,False,utic
PW012494,만평역헤리티지입주자대표회의,,,,1000,False,utic
PW012495,테크노폴리스제일풍경채더퍼스트 입주자대표회의,,,,1000,False,utic
PW012496,만촌2차우방타운,,,,1000,False,utic
PW012497,청운맨션입주자대표회의,,,,1000,False,utic
PW012502,보성상아맨션입주자대표회의,,,,1000,False,utic
PW012506,세광그린맨션,,,,1000,False,utic
PW012509,수목원풍경그린,,,,1000,False,utic
PW012510,시지대백신화창신맨션,,,,1000,False,utic
PW012607,명곡미래빌3단지입주자대표회의,,,,1000,False,utic
PW012619,성서동서화성타운,L93171039525,[공사] 성서동로 가야유치원 에서 이곡동1255 방향 1차로 도로공사 주의운전,345.9,1000,True,utic
PW012658,상인장미3단지입주자대표회의,,,,1000,False,utic
PW012841,대구역유림노르웨이숲아파트 입주자대표회의,,,,1000,False,utic
PW012845,죽곡푸르지오1단지 입주자대표회의,,,,1000,False,utic
PW012853,범어숲화성파크드림S,,,,1000,False,utic
PW012854,봉산뜨란채입주자대표회의,,,,1000,False,utic
PW012856,대구종합유통단지 전기조명관사업협동조합,,,,1000,False,utic
PW012929,태왕아너스클럽 입주자대표회의,,,,1000,False,utic
PW012935,화정골든타운,,,,1000,False,utic
PW012977,송현제림입주자대표회의,,,,1000,False,utic
PW012998,대구신서혁신LH14단지관리사무소,,,,1000,False,utic
PW013000,산격2차청구맨션,,,,1000,False,utic
PW013007,월배2차아이파크,,,,1000,False,utic
PW013036,대원사(민수),,,,1000,False,utic
PW013127,메트로팔레스3단지관리사무소22,,,,1000,False,utic
PW013146,각산푸르지오1단지입주자대표회의22,,,,1000,False,utic
PW013147,사월화성파크드림1단지 입주자대표회의,,,,1000,False,utic
PW013148,대구월배2차IPARK,,,,1000,False,utic
PW013150,하나타운입주자대표회의22,,,,1000,False,utic
PW013152,메트로팔레스2단지 입주자대표회의,,,,1000,False,utic
PW013155,극동스타클래스남산 입주자대표회의,,,,1000,False,utic
PW013157,삼정그린빌입주자대표회의,,,,1000,False,utic
PW013158,두산위브더제니스입주자대표회의(대구),,,,1000,False,utic
PW013163,침산한라스카이빌 입주자대표회의,L93171040039,[공사] 성북로 침산초등학교앞 교차로 에서 침산동4767 방향 1차로 도로공사 주의운전,642.7,1000,True,utic
PW013164,혁신도시서한E스테이아파트,,,,1000,False,utic
PW013165,진천대동맨션 입주자대표회의,,,,1000,False,utic
PW013167,이(E)편한세상 대구금호아파트 입주자대표회의,,,,1000,False,utic
PW013168,대구위브더제니스상가관리사무소,,,,1000,False,utic
PW013174,신서화성파크드림 입주자대표회의,,,,1000,False,utic
PW013178,월촌화성타운입주자대표회의22,,,,1000,False,utic
PW013179,시지반도유보라아파트입주자대표회의,,,,1000,False,utic
PW013180,상록아이투빌아파트,,,,1000,False,utic
PW013181,두산위브2001 입주자 대표회의,,,,1000,False,utic
PW013184,대구연경LH천년나무2단지,,,,1000,False,utic
PW013201,범어청구하이츠,L93171007174,[공사] 달구벌대로 만촌네거리 에서 남부빌딩 방향 1차로 지하 시설 작업 주의운전,651.1,1000,True,utic
PW013213,대구테크노폴리스 호반베르디움 입주자대표회의,,,,1000,False,utic
PW013214,성서주공7단지입주자대표회의,L93171039525,[공사] 성서동로 가야유치원 에서 이곡동1255 방향 1차로 도로공사 주의운전,627.6,1000,True,utic
PW013216,율하휴먼시아8단지아파트 입주자대표회의,,,,1000,False,utic
PW013217,진흥더블파크입주자대표회의(대구),,,,1000,False,utic
PW013218,수성대백인터빌아파트 관리사무소,,,,1000,False,utic
PW013219,복현명문세가1단지 관리사무소,,,,1000,False,utic
PW013220,복현명문세가2단지관리사무소,,,,1000,False,utic
PW013221,월성E편한세상입주자대표회의,,,,1000,False,utic
PW013224,장원맨션아파트(SP),L93171007174,[공사] 달구벌대로 만촌네거리 에서 남부빌딩 방향 1차로 지하 시설 작업 주의운전,958.3,1000,True,utic
PW013296,대곡강산타운입주자대표회의,,,,1000,False,utic
PW013298,주공나래마을입주자대표회의,,,,1000,False,utic
PW013300,대곡역래미안 입주자대표회의,,,,1000,False,utic
PW013303,성서주공5단지아파트입주자대표회의22,,,,1000,False,utic
PW013304,팔공3차보성타운입주자대표회의,,,,1000,False,utic
PW013312,우방송현하이츠관리사무소,,,,1000,False,utic
PW013317,동대구우방아이유쉘 입주자대표회의,L93171025789,[공사] 대현로 대한응급구조사협회 에서 공고네거리 방향 2차로 도로공사 주의운전,462.0,1000,True,utic
PW013344,용산롯데캐슬그랜드 입주자대표회의,,,,1000,False,utic
PW013354,청남타운 입주자대표회의,L93171039525,[공사] 성서동로 가야유치원 에서 이곡동1255 방향 1차로 도로공사 주의운전,936.2,1000,True,utic
PW013355,성서삼성한국형아파트입주자대표회의,,,,1000,False,utic
PW013381,대구금호스타힐스엔에이치에프6단지 관리사무소,,,,1000,False,utic
PW013384,수성대림E편한세상 입주자대표회의,,,,1000,False,utic
PW013454,침산1차푸르지오22,L93171040039,[공사] 성북로 침산초등학교앞 교차로 에서 침산동4767 방향 1차로 도로공사 주의운전,621.7,1000,True,utic
PW013458,가람마을2단지 입주자대표회의,,,,1000,False,utic
PW013508,지산협화맨션입주자대표회의,,,,1000,False,utic
PW013516,안심역코오롱하늘채 입주자대표회의,,,,1000,False,utic
PW013517,율하뜨란채관리사무소,,,,1000,False,utic
PW013525,수성하이츠 입주자대표회의,,,,1000,False,utic
PW013527,매천센트럴파크입주자대표회의,,,,1000,False,utic
PW013530,명곡미래빌4단지입주자대표회의,,,,1000,False,utic
PW013546,대봉화성파크드림,,,,1000,False,utic
PW013551,조광페인트-대구영업소(민수),,,,1000,False,utic
PW013555,동백맨션입주자대표회의,,,,1000,False,utic
PW013558,진달래1차아파트입주자대표회,,,,1000,False,utic
PW013567,복현푸르지오 입주자대표회의,,,,1000,False,utic
PW013572,시지푸르지오22,,,,1000,False,utic
PW013575,효성타운관리사무소22,,,,1000,False,utic
PW013577,한국보훈복지의료공단대구보훈병원,,,,1000,False,utic
PW013585,대현E-편한세상관리사무소,L93171025789,[공사] 대현로 대한응급구조사협회 에서 공고네거리 방향 2차로 도로공사 주의운전,843.0,1000,True,utic
PW013587,대구연경천년나무1단지 관리소22,,,,1000,False,utic
PW013588,이시아폴리스 더샵2차,,,,1000,False,utic
PW013617,파동청구하이츠입주자대표회의,,,,1000,False,utic
PW013618,대구혁신에듀포레아파트 입주자대표회의,,,,1000,False,utic
PW013624,팔공보성1차 입주자대표회의,,,,1000,False,utic
PW013625,본리2차 롯데캐슬관리사무소,,,,1000,False,utic
PW013626,본리롯데캐슬입주자대표회의,,,,1000,False,utic
PW013628,성서2차보성타운관리사무소,,,,1000,False,utic
PW013629,수성골드클래스입주자대표회의,,,,1000,False,utic
PW013637,메트로팔레스5단지입주자대표회의22,,,,1000,False,utic
PW013644,율하휴먼시아15단지,,,,1000,False,utic
PW013676,율하휴먼시아5관리사무소,,,,1000,False,utic
PW013683,태왕아너스타워관리단,,,,1000,False,utic
PW013686,율하휴먼시아7단지,,,,1000,False,utic
PW013688,이시아폴리스협성휴포레오피스텔,,,,1000,False,utic
PW013752,시지누리타운,,,,1000,False,utic
PW013789,진천역AK그랑폴리스2차,,,,1000,False,utic
PW013829,대우트럼프월드수성입주자대표회의,,,,1000,False,utic
PW013901,대구금호스타힐스엔에이치에프6단지 관리사무소(SP),,,,1000,False,utic
PW013969,아양아트센터,,,,1000,False,utic
PW013970,아양아트센터 안심도서관(SP),,,,1000,False,utic
PW014040,수성아이파크입주자대표회의,,,,1000,False,utic
PW014078,칠곡청구타운,,,,1000,False,utic
PW014098,범어유림노르웨이숲2차입주자대표회의(SP),,,,1000,False,utic
PW014158,범어화성파크리젠시입주자대표회의,,,,1000,False,utic
PW014161,한국보훈복지의료공단대구보훈병원23,,,,1000,False,utic
PW014165,다사E편한세상입주자대표회의,,,,1000,False,utic
PW014177,대곡역래미안 입주자대표회의23,,,,1000,False,utic
PW014179,복현보성타운,,,,1000,False,utic
PW014186,이시아폴리스더샵3차,,,,1000,False,utic
PW014194,대우트럼프월드수성 입주자대표회의23,,,,1000,False,utic
PW014203,우리모터스(SP),,,,1000,False,utic
PW014204,명성푸르지오 아파트 입주자대표회의,L93171040039,[공사] 성북로 침산초등학교앞 교차로 에서 침산동4767 방향 1차로 도로공사 주의운전,293.1,1000,True,utic
PW014224,아세아택시(SP),,,,1000,False,utic
PW014238,주식회사 우성택시(SP),,,,1000,False,utic
PW014263,한국건설생활환경시험연구원 대구경북센터(SP),,,,1000,False,utic
PW014268,서희스타힐스테이 관리사무소,,,,1000,False,utic
PW014280,메가시티 태왕아너스 오피스텔 관리위원회,,,,1000,False,utic
PW014287,월성E편한세상입주자대표회의(SP),,,,1000,False,utic
PW014291,세광그린맨션23,,,,1000,False,utic
PW014294,월성E편한세상입주자대표회의23,,,,1000,False,utic
PW014311,유성푸르나임르노블입주자대표회의,,,,1000,False,utic
PW014349,대구위브더제니스상가관리사무소23,,,,1000,False,utic
PW014366,대한예수교장로회대구제일교회,,,,1000,False,utic
PW014386,학교법인 계명대학교(성서캠퍼스),,,,1000,False,utic
PW014432,학교법인 계명대학교(대명캠퍼스),,,,1000,False,utic
PW014434,주식회사 노비아갈라,,,,1000,False,utic
PW014437,학교법인 계명대학교(달성캠퍼스),,,,1000,False,utic
PW014459,명곡미래빌4단지입주자대표회의23,,,,1000,False,utic
PW014472,신암청아람아파트 입주자대표회의,L93171025789,[공사] 대현로 대한응급구조사협회 에서 공고네거리 방향 2차로 도로공사 주의운전,262.0,1000,True,utic
PW014511,한국은행대구경북본부(SP),,,,1000,False,utic
PW014536,태왕아너스스카이 입주자대표회의,,,,1000,False,utic
PW014547,팔공2차보성타운,,,,1000,False,utic
PW014556,대곡강산타운(SP),,,,1000,False,utic
PW014568,안심역우방아이유쉘아파트 관리사무소,,,,1000,False,utic
PW014572,대곡주공9단지아람입주자대표23,,,,1000,False,utic
PW014573,월성서한이다음입주자대표회의,,,,1000,False,utic
PW014578,상리정비현대서비스주식회사(SP),,,,1000,False,utic
PW014580,대구월배2차IPARK23,,,,1000,False,utic
PW014581,대구월배2차IPARK(SP),,,,1000,False,utic
PW014590,칠곡한신아파트 입주자대표회의,,,,1000,False,utic
PW014624,화원이진캐스빌 입주자대표회의,,,,1000,False,utic
PW014647,천내보성타운관리소(SP),,,,1000,False,utic
PW014650,동성로하우스디어반 관리사무소,,,,1000,False,utic
PW014666,이안센트럴D 입주자대표회의,L93171022991,[공사] 동부로 동대구역네거리 에서 금호천일고속버스터미널 방향 4차로 지하 시설 작업 주의운전,582.2,1000,True,utic
PW014669,삼정그린빌입주자대표회의23,,,,1000,False,utic
PW014688,이안센트럴D 입주자대표회의(SP),L93171022991,[공사] 동부로 동대구역네거리 에서 금호천일고속버스터미널 방향 4차로 지하 시설 작업 주의운전,582.2,1000,True,utic
PW014759,월드마크웨스트엔드입주자대표회의,,,,1000,False,utic
PW014834,안심역삼정그린코아더베스트입주자대표회의,,,,1000,False,utic
PW014855,신서청구타운(SP),,,,1000,False,utic
PW014856,금강진우타운(SP),,,,1000,False,utic
PW014857,대구동호상록아파트/공무원연금공단(SP),,,,1000,False,utic
PW014859,롬바드아파트관리사무소(SP),,,,1000,False,utic
PW014869,학교법인 계명대학교(동행빌딩),,,,1000,False,utic
PW014874,옥포세광무지개마을,,,,1000,False,utic
PW014882,강창태성그린시티입주자대표회의,,,,1000,False,utic
PW014914,보성청록아파트(SP),,,,1000,False,utic
PW014929,성서주공7단지(SP),L93171039525,[공사] 성서동로 가야유치원 에서 이곡동1255 방향 1차로 도로공사 주의운전,627.6,1000,True,utic
PW014946,시지대백 신화창신맨션23,,,,1000,False,utic
PW014973,봄모텔(SP),,,,1000,False,utic
PW015039,강북컨벤션웨딩(SP),,,,1000,False,utic
PW015040,주식회사 뉴대구스포츠센터(SP),,,,1000,False,utic
PW015041,(주)달구벌종합수산축산(웨딩비엔나)(SP),,,,1000,False,utic
PW015042,주식회사 초이스골프(SP),,,,1000,False,utic
PW015051,대구역 SD아이프라임/(주)목성엔지니어링(SP),,,,1000,False,utic
PW015054,만촌역서한포레스트관리위원회,L93171007174,[공사] 달구벌대로 만촌네거리 에서 남부빌딩 방향 1차로 지하 시설 작업 주의운전,366.2,1000,True,utic
PW015055,만촌역서한포레스트관리위원회(SP),L93171007174,[공사] 달구벌대로 만촌네거리 에서 남부빌딩 방향 1차로 지하 시설 작업 주의운전,366.2,1000,True,utic
PW015062,테크노폴리스 남해오네뜨2차 관리사무소,,,,1000,False,utic
PW015079,보성청록아파트 입주자대표회의,,,,1000,False,utic
PW015080,세광그린관리사무소,,,,1000,False,utic
PW015094,신서청구타운입주자대표회의,,,,1000,False,utic
PW015099,대구역센트럴자이(SP),,,,1000,False,utic
PW015100,히스토리(SP),,,,1000,False,utic
PW015101,대곡역화성타운(SP),,,,1000,False,utic
PW015121,연경금성백조예미지숲속의아침 입주자대표회의(SP),,,,1000,False,utic
PW015127,우방송현하이츠관리사무소23,,,,1000,False,utic
PW015130,수성대림E편한세상 입주자대표회의(SP),,,,1000,False,utic
PW015136,월배삼정그린코아포레스트입주자대표회의(SP),,,,1000,False,utic
PW015139,대한예수교장로회반야월교회(SP),,,,1000,False,utic
PW015140,교동면옥방촌점(SP),,,,1000,False,utic
PW015154,향나루자연오리농원식당(SP),,,,1000,False,utic
PW015173,원더풀스파랜드 관리위원회,,,,1000,False,utic
PW015176,인사동고깃집(SP),,,,1000,False,utic
PW015189,대구테크노폴리스 4단지 관리사무소,,,,1000,False,utic
PW015255,강변타운관리사무소,,,,1000,False,utic
PW015257,연경금성백조예미지숲속의아침 입주자대표회의(SP)(급속),,,,1000,False,utic
PW015300,이시아폴리스더샵3차24,,,,1000,False,utic
PW015303,수성아이파크입주자대표회의24,,,,1000,False,utic
PW015305,삼우청솔타운입주자대표회의24,,,,1000,False,utic
PW015310,이안월배아파트 입주자대표회의,,,,1000,False,utic
PW015317,월배삼정그린코아포레스트입주자대표회의24,,,,1000,False,utic
PW015347,이시아폴리스더샵3차24(추가),,,,1000,False,utic
PW015361,연화정삼계탕(SP),,,,1000,False,utic
PW015363,다인로얄팰리스 동성로 준공추진위원회(민수),,,,1000,False,utic
PW015439,비비라운지(SP),,,,1000,False,utic
PW100062,진흥더블파크아파트,,,,1000,False,utic
PW100063,칠곡대백맨션,,,,1000,False,utic
PW100068,대봉태왕아너스아파트,,,,1000,False,utic
PW100359,범어SKVIEW아파트1단지,L93171007174,[공사] 달구벌대로 만촌네거리 에서 남부빌딩 방향 1차로 지하 시설 작업 주의운전,868.9,1000,True,utic
PW100360,범어SKVIEW아파트2단지,L93171007174,[공사] 달구벌대로 만촌네거리 에서 남부빌딩 방향 1차로 지하 시설 작업 주의운전,893.0,1000,True,utic
PW100434,수목원서한이다음,,,,1000,False,utic
PW100435,월배2차아이파크,,,,1000,False,utic
PW100456,신화빌라트,,,,1000,False,utic
PW100461,대구오페라트루엘시민의숲아파트,L93171040039,[공사] 성북로 침산초등학교앞 교차로 에서 침산동4767 방향 1차로 도로공사 주의운전,950.4,1000,True,utic
PW100466,칠성동삼성아파트,,,,1000,False,utic
PW100473,월성청구타운 입주자대표회의,,,,1000,False,utic
PW100498,강변효성백년가약,,,,1000,False,utic
PW100501,시지보성서한타운,,,,1000,False,utic
PW100535,태왕그린힐즈,,,,1000,False,utic
PW100537,하나리움퀸즈파크,,,,1000,False,utic
PW100553,대구역유림노르웨이숲아파트,,,,1000,False,utic
PW100567,죽곡푸르지오1단지,,,,1000,False,utic
PW100573,이시아폴리스더샵2차,,,,1000,False,utic
PW100601,대구테크노폴리스4단지,,,,1000,False,utic
PW100630,진천트윈팰리스아파트,,,,1000,False,utic
PW100670,대구테크노폴리스남해오네뜨1차아파트,,,,1000,False,utic
PW100671,수성3가롯데캐슬입주자대표회의,,,,1000,False,utic
PW100686,안심역우방아이유쉘아파트,,,,1000,False,utic
PW100687,힐스테이트 범어 입주자대표회의,L93171007174,[공사] 달구벌대로 만촌네거리 에서 남부빌딩 방향 1차로 지하 시설 작업 주의운전,678.3,1000,True,utic
PW100688,이시아폴리스 더샵1차 입주자대표회의,,,,1000,False,utic
PW100693,강북2차화성파크드림와이드,,,,1000,False,utic
PW100715,더샵리비테르1차아파트,,,,1000,False,utic
PW100716,더샵리비테르2차아파트,,,,1000,False,utic
PW100724,수성서한이다음,,,,1000,False,utic
PW100734,성서2차영남우방타운,L93171039525,[공사] 성서동로 가야유치원 에서 이곡동1255 방향 1차로 도로공사 주의운전,682.4,1000,True,utic
PW100764,월드마크웨스트엔드,,,,1000,False,utic
PW100770,평리푸르지오1단지,,,,1000,False,utic
PW100771,평리푸르지오2단지,,,,1000,False,utic
PW100772,평리푸르지오3단지,,,,1000,False,utic
PW100792,대구옥포르상트레빌,,,,1000,False,utic
PW100805,신매효성백년가약청(입주자대표회의),,,,1000,False,utic
PW100815,대구금호스타힐스NHF6단지,,,,1000,False,utic
PW100818,대구죽곡휴먼시아1단지,,,,1000,False,utic
PW100831,대구신천아이파크,L93171022991,[공사] 동부로 동대구역네거리 에서 금호천일고속버스터미널 방향 4차로 지하 시설 작업 주의운전,746.3,1000,True,utic
PW100836,칠곡롯데아파트입주자대표회의,,,,1000,False,utic
PW100867,시지대백신화창신맨션,,,,1000,False,utic
PW100872,테크노폴리스진아리채,,,,1000,False,utic
PW100881,달성우신미가뷰,,,,1000,False,utic
PW100902,율하휴먼시아11단지,,,,1000,False,utic
PW100965,태전대백맨션,,,,1000,False,utic
PW100974,사월화성파크드림2단지,,,,1000,False,utic
PW100976,월성코오롱하늘채2단지아파트,,,,1000,False,utic
PW100986,월배역라온프라이빗,,,,1000,False,utic
PW101126,유림노르웨이아침아파트,,,,1000,False,utic
PW101152,수성아이파크,,,,1000,False,utic
PW800017,한양은하아파트 입주자대표회의(SP),,,,1000,False,utic
PW800040,만촌화성파크드림1(SP),,,,1000,False,utic
PW800062,시지푸르지오24,,,,1000,False,utic
PW800081,침산한라스카이빌입주자대표회의24,L93171040039,[공사] 성북로 침산초등학교앞 교차로 에서 침산동4767 방향 1차로 도로공사 주의운전,642.7,1000,True,utic
PW800112,범어화산샬레(SP),L93171007174,[공사] 달구벌대로 만촌네거리 에서 남부빌딩 방향 1차로 지하 시설 작업 주의운전,806.6,1000,True,utic
PW800152,수성서한이다음관리사무소,,,,1000,False,utic
PW800153,시지누리타운24,,,,1000,False,utic
PW800156,가든하이츠2단지,,,,1000,False,utic
PW800163,서재2차보성타운입주자대표회의,,,,1000,False,utic
PW800185,월성서한이다음입주자대표회의24,,,,1000,False,utic
PW800194,수성보성타운입주자대표회의,,,,1000,False,utic
PW800199,시지효성백년가약2단지24,,,,1000,False,utic
PW800210,칠곡대백맨션24,,,,1000,False,utic
PW800222,태왕아너스리버파크입주자대표회의,,,,1000,False,utic
PW800242,테크노폴리스 화성파크드림 입주자대표회의,,,,1000,False,utic
PW800286,동대구우방아이유쉘 입주자대표회의24,L93171025789,[공사] 대현로 대한응급구조사협회 에서 공고네거리 방향 2차로 도로공사 주의운전,462.0,1000,True,utic
PW800287,태왕그린힐즈관리사무소,,,,1000,False,utic
PW800290,센트로팰리스입주자대표회의,,,,1000,False,utic
PW800330,복현 건영아파트 입주자대표회의,,,,1000,False,utic
PW800400,세광그린맨션24,,,,1000,False,utic
PW800403,팔공2차보성타운24,,,,1000,False,utic
PW800405,태왕아너스스카이 입주자대표회의24,,,,1000,False,utic
PW800427,대우트럼프월드수성 입주자대표회의24,,,,1000,False,utic
PW800480,대구동호상록아파트24,,,,1000,False,utic
PW800555,대구역노르웨이숲아파트 입주자대표회의24,,,,1000,False,utic
PW800558,이시아폴리스더샵4차 입주자대표회의,,,,1000,False,utic
PW800572,대덕맨션2차대표회의,,,,1000,False,utic
PW800585,칠곡롯데아파트 입주자 대표회의24,,,,1000,False,utic
PW800598,안심역코오롱하늘채 입주자대표회의24,,,,1000,False,utic
PW800610,월배삼정그린코아포레스트입주자대표회의(추가),,,,1000,False,utic
PW800620,시지한신휴플러스 입주자대표회의24,,,,1000,False,utic
PW800640,팔공보성1차 입주자대표회의24,,,,1000,False,utic
PW800641,본리롯데캐슬입주자대표회의24,,,,1000,False,utic
PW800660,수목원풍경그린24,,,,1000,False,utic
PW800669,동서변월드메르디앙입주자대표회의,,,,1000,False,utic
PW800689,서대구센트럴자이아파트,,,,1000,False,utic
PW800745,칠곡청구타운24,,,,1000,False,utic
PW800746,복현명문세가2단지관리사무소24,,,,1000,False,utic
PW800747,월배역라온프라이빗 입주자대표회의,,,,1000,False,utic
PW800748,월성코오롱하늘채2단지 입주자대표회의,,,,1000,False,utic
PW800749,호반베르디움더클래스 아파트입주자대표회의,,,,1000,False,utic
PW800750,성서주공5단지아파트입주자대표회의24,,,,1000,False,utic
PW800755,칠곡코스모스한양아파트,,,,1000,False,utic
PW800782,수성태영데시앙 입주자대표회의,,,,1000,False,utic
PW800785,대구국가산단 반도유보라아이비파크30 입주자대표회의(SPT),,,,1000,False,utic
PW800802,칠성동 삼성아파트 입주자대표회의(SP),,,,1000,False,utic
PW800921,수성태영데시앙 입주자대표회의(SP),,,,1000,False,utic
PW800956,롬바드아파트관리사무소24,,,,1000,False,utic
PW801040,동대구우방아이유쉘입주자대표회의(SP),L93171025789,[공사] 대현로 대한응급구조사협회 에서 공고네거리 방향 2차로 도로공사 주의운전,462.0,1000,True,utic
PW801047,이천주공1단지아파트(SP),,,,1000,False,utic
PW801051,서대구센트럴자이아파트(SP),,,,1000,False,utic
PW801089,신화빌라트 입주자대표회의(T),,,,1000,False,utic
PW801097,월드마크웨스트엔드입주자대표회의25(T),,,,1000,False,utic
PW801098,대실역리슈빌3단지입주자대표회의(SPT),,,,1000,False,utic
PW801099,협성휴포레 이시아폴리스 입주자대표회의(T),,,,1000,False,utic
PW801105,이천주공1단지입주자대표회의(T),,,,1000,False,utic
PW801106,대구국가산단반도유보라아이비파크30입주자대표회의(T),,,,1000,False,utic
PW801141,재단법인대구디지털혁신진흥원(T),L93171022991,[공사] 동부로 동대구역네거리 에서 금호천일고속버스터미널 방향 4차로 지하 시설 작업 주의운전,562.1,1000,True,utic
PW801190,대한예수교장로회 대한제일교회(SP),,,,1000,False,utic
PW801191,동인삼정그린코아 관리사무소(SP),,,,1000,False,utic
PW801196,수목원호정포레스트(T),,,,1000,False,utic
PW801215,송현제림입주자대표회의25(T),,,,1000,False,utic
PW801250,유니버시아드레포츠센터(T),,,,1000,False,utic
PW801304,동우씨엠(주)/대구연경LH천년나무2단지25(T),,,,1000,False,utic
PW801353,태전남영네오하이츠 관리사무소(SP),,,,1000,False,utic
PW801429,힐스테이트만촌역 입주자대표회의,L93171007174,[공사] 달구벌대로 만촌네거리 에서 남부빌딩 방향 1차로 지하 시설 작업 주의운전,162.0,1000,True,utic
PW801539,대구역센트럴자이 입주자대표회의(SPB),,,,1000,False,utic
PW801566,더펜트하우스수성입주자대표회의(SPB),,,,1000,False,utic
PWE00129,대우트럼프월드수성아파트,,,,1000,False,utic
PWE00145,삼덕청아람리슈빌아파트,,,,1000,False,utic
PWE00153,대구다사e편한세상아파트,,,,1000,False,utic
PWE00471,시지대성유니드아파트,,,,1000,False,utic
PWE00593,범어역우방유쉘아파트,,,,1000,False,utic
PWE00794,월성e편한세상,,,,1000,False,utic
PWE00804,본리롯데캐슬2차아파트,,,,1000,False,utic
PWE00827,본리롯데캐슬1차아파트,,,,1000,False,utic
PWE01064,시지한신휴플러스,,,,1000,False,utic
PWE01193,성서삼성명가타운,,,,1000,False,utic
PWE01234,메트로팔레스5단지,,,,1000,False,utic
PWE01250,강북2차화성파크드림와이드,,,,1000,False,utic
PWE01301,이시아폴리스더샵3차아파트,,,,1000,False,utic
PWE01302,수성못코오롱하늘채,,,,1000,False,utic
PWE01307,월성협성휴포레아파트,,,,1000,False,utic
PWE01326,복현명문세가2단지,,,,1000,False,utic
PWE01334,율하휴먼시아11단지,,,,1000,False,utic
PWE01374,대곡강산타운,,,,1000,False,utic
PWE01415,수성대백인터빌아파트,,,,1000,False,utic
PWE01533,메트로팔레스1단지,L93171022991,[공사] 동부로 동대구역네거리 에서 금호천일고속버스터미널 방향 4차로 지하 시설 작업 주의운전,994.9,1000,True,utic
PWE01546,복현명문세가1단지,,,,1000,False,utic
PWE01607,이시아폴리스더샵4차아파트,,,,1000,False,utic
PWE01744,대구테크노폴리스남해오네뜨2차아파트,,,,1000,False,utic
PWE01953,산격대우아파트,,,,1000,False,utic
PWE02028,극동스타클래스남산,,,,1000,False,utic
PWE02137,대곡역래미안아파트,,,,1000,False,utic
PWE02149,수성1차이편한세상,,,,1000,False,utic
PWE02156,명곡미래빌4단지,,,,1000,False,utic
PWE02170,태왕그린힐즈,,,,1000,False,utic
PWE02242,센트로팰리스오피스텔,,,,1000,False,utic
PWE02243,센트로팰리스아파트,,,,1000,False,utic
PWE02386,신서롯데캐슬레전드,,,,1000,False,utic
PWE02391,두산위브더제니스,,,,1000,False,utic
PWE02448,평화타운아파트,L93171039525,[공사] 성서동로 가야유치원 에서 이곡동1255 방향 1차로 도로공사 주의운전,552.9,1000,True,utic
PWE02462,월성코오롱하늘채2단지아파트,,,,1000,False,utic
PWE02546,월드마크웨스트엔드아파트,,,,1000,False,utic
PWE02568,동대구반도유보라,L93171025789,[공사] 대현로 대한응급구조사협회 에서 공고네거리 방향 2차로 도로공사 주의운전,827.3,1000,True,utic
PWE02670,월성서한이다음,,,,1000,False,utic
PWE02787,시지효성백년가약2단지,,,,1000,False,utic
PWE02855,계명대학교,,,,1000,False,utic
PWE02875,화원이진캐스빌아파트,,,,1000,False,utic
PWE02920,태전우방타운1차,,,,1000,False,utic
PWE02945,범어월드메르디앙웨스턴카운티아파트,,,,1000,False,utic
PWE02950,유림노르웨이아침아파트,,,,1000,False,utic
PWE02978,진흥더블파크아파트,,,,1000,False,utic
PWE03164,팔공2차보성타운,,,,1000,False,utic
PWE03322,대봉태왕아너스아파트,,,,1000,False,utic
PWE03516,매천센트럴파크아파트,,,,1000,False,utic
PWE03650,월배역라온프라이빗,,,,1000,False,utic
PWE03691,월배쌍용예가아파트,,,,1000,False,utic
PWE04113,죽곡삼정그린코아더베스트아파트,,,,1000,False,utic
PWE04136,수목원서한이다음,,,,1000,False,utic
PWE04370,범어화성파크리젠시아파트,,,,1000,False,utic
PWE04504,안심역코오롱하늘채,,,,1000,False,utic
PWE04623,시지대백맨션,,,,1000,False,utic
PWE04647,이안동대구아파트,L93171025789,[공사] 대현로 대한응급구조사협회 에서 공고네거리 방향 2차로 도로공사 주의운전,442.5,1000,True,utic
PWE04806,테크노폴리스진아리채,,,,1000,False,utic
PWE05030,침산한라스카이빌,L93171040039,[공사] 성북로 침산초등학교앞 교차로 에서 침산동4767 방향 1차로 도로공사 주의운전,661.8,1000,True,utic
PWE05205,롯데캐슬오페라,L93171040039,[공사] 성북로 침산초등학교앞 교차로 에서 침산동4767 방향 1차로 도로공사 주의운전,630.2,1000,True,utic
PWE05213,시지두레타운아파트,,,,1000,False,utic
PWE05262,범어skview아파트2단지,L93171007174,[공사] 달구벌대로 만촌네거리 에서 남부빌딩 방향 1차로 지하 시설 작업 주의운전,868.9,1000,True,utic
PWE05263,범어skview아파트1단지,L93171007174,[공사] 달구벌대로 만촌네거리 에서 남부빌딩 방향 1차로 지하 시설 작업 주의운전,868.9,1000,True,utic
PWE05636,연경금성백조예미지숲속의아침아파트,,,,1000,False,utic
PWE05809,국가산단반도유보라아이비파크20아파트,,,,1000,False,utic
PWE05999,대구혁신도시서한이다음3차아파트,,,,1000,False,utic
PWE06103,시지하나타운아파트,,,,1000,False,utic
PWE06186,대구오페라트루엘시민의숲아파트,L93171040039,[공사] 성북로 침산초등학교앞 교차로 에서 침산동4767 방향 1차로 도로공사 주의운전,950.4,1000,True,utic
PWE06216,침산동코오롱하늘채2단지아파트,L93171040039,[공사] 성북로 침산초등학교앞 교차로 에서 침산동4767 방향 1차로 도로공사 주의운전,901.7,1000,True,utic
PWE06239,침산현대아파트,L93171040039,[공사] 성북로 침산초등학교앞 교차로 에서 침산동4767 방향 1차로 도로공사 주의운전,195.4,1000,True,utic
PWE06240,대구두산위브더제니스상가,,,,1000,False,utic
PWE06270,명성푸르지오아파트,L93171040039,[공사] 성북로 침산초등학교앞 교차로 에서 침산동4767 방향 1차로 도로공사 주의운전,296.6,1000,True,utic
PWE06354,보성청록타운아파트,,,,1000,False,utic
PWE06573,시지반도유보라아파트,,,,1000,False,utic
PWE06593,동대구우방아이유쉘아파트,L93171025789,[공사] 대현로 대한응급구조사협회 에서 공고네거리 방향 2차로 도로공사 주의운전,462.9,1000,True,utic
PWE06658,대구수성골드클래스아파트,,,,1000,False,utic
PWE06751,태전대백맨션,,,,1000,False,utic
PWE06792,서희스타힐스테이아파트,,,,1000,False,utic
PWE06835,이안센트럴D아파트,L93171022991,[공사] 동부로 동대구역네거리 에서 금호천일고속버스터미널 방향 4차로 지하 시설 작업 주의운전,582.2,1000,True,utic
PWE06930,만촌역서한포레스트아파트,L93171007174,[공사] 달구벌대로 만촌네거리 에서 남부빌딩 방향 1차로 지하 시설 작업 주의운전,366.2,1000,True,utic
PWE06931,만촌역서한포레스트오피스텔,L93171007174,[공사] 달구벌대로 만촌네거리 에서 남부빌딩 방향 1차로 지하 시설 작업 주의운전,366.2,1000,True,utic
PWE06932,안심역삼정그린코아더베스트아파트,,,,1000,False,utic
RE000154,대구 유니클로,,,,1000,False,utic
RE000180,포산고등학교,,,,1000,False,utic
RE000181,대구고등학교,,,,1000,False,utic
S1100006,동서변월드메르디앙,,,,1000,False,utic
S1100007,태왕아너스월성,,,,1000,False,utic
SBSB0019,대구기계부품연구원점,,,,1000,False,utic
SBSB0029,대구정밀가공기술지원센터점,,,,1000,False,utic
SBSB0054,스마트에코시티점,,,,1000,False,utic
SF000068,뉴에버빌 (두류동),,,,1000,False,utic
SF000126,한국야스카와전기,,,,1000,False,utic
SF000128,범어센트럴푸르지오,,,,1000,False,utic
SF000231,신성미소시티아파트,,,,1000,False,utic
SF000232,금호서희스타힐스테이 아파트,,,,1000,False,utic
SF000234,국가산단서한이다음 아파트,,,,1000,False,utic
SF000235,국가산단 반도유보라 아이비파크,,,,1000,False,utic
SF000238,대구 연경숲 아파트,,,,1000,False,utic
SF000246,수성월드 메르디앙,,,,1000,False,utic
SF000247,동화로즈빌,,,,1000,False,utic
SF000248,우방연합타운,,,,1000,False,utic
SF000279,오페라 트루엘 시민의 숲,L93171040039,[공사] 성북로 침산초등학교앞 교차로 에서 침산동4767 방향 1차로 도로공사 주의운전,983.8,1000,True,utic
SF000280,수목원제일풍경채,,,,1000,False,utic
SF000281,이시아 폴리스 더샵 1차 아파트,,,,1000,False,utic
SF000282,용산1차 서한 화성타운,,,,1000,False,utic
SF000283,현대 썬앤빌 대구,,,,1000,False,utic
SF000323,옥포 르상트레빌,,,,1000,False,utic
SF000324,대곡 수목원 풍경 그린 아파트,,,,1000,False,utic
SF000325,팔공3차보성타운,,,,1000,False,utic
SF000326,북죽곡 엠코 타운 더 솔레뉴,,,,1000,False,utic
SF000584,상인보성맨션 지하주차장,,,,1000,False,utic
SF000609,대구역 서희스타힐스,,,,1000,False,utic
SF000610,두성타운 1차 아파트,,,,1000,False,utic
SF000611,센트럴파크 대현,L93171025789,[공사] 대현로 대한응급구조사협회 에서 공고네거리 방향 2차로 도로공사 주의운전,388.7,1000,True,utic
SF000637,대실역리슈빌4단지,,,,1000,False,utic
SF000795,수성아이파크,,,,1000,False,utic
SF000799,제림햇빛촌,,,,1000,False,utic
SF000844,진천코오롱하늘채,,,,1000,False,utic
SF000848,칠곡건영아파트,,,,1000,False,utic
SF000859,진천태왕아너스1단지,,,,1000,False,utic
SF000871,우방신천지타운,,,,1000,False,utic
SF000878,지산영남맨션,,,,1000,False,utic
SF000895,동서무학맨션,,,,1000,False,utic
SF000921,범물신화멘션,,,,1000,False,utic
SF000926,이천뜨란채4단지,,,,1000,False,utic
SF000955,범어 삼환 나우빌,,,,1000,False,utic
SF000966,금사리 하이빌아파트,,,,1000,False,utic
SF000977,복현우방타운,,,,1000,False,utic
SF000979,칠곡한신1차아파트,,,,1000,False,utic
SF001002,씨네시티한일,,,,1000,False,utic
SF001077,신서퀸덤아파트,,,,1000,False,utic
SF001082,청구전원타운,,,,1000,False,utic
SF001094,신용보증기금 (본점),,,,1000,False,utic
SF001110,e편한세상 남산,,,,1000,False,utic
SF001155,대현 e편한세상,L93171025789,[공사] 대현로 대한응급구조사협회 에서 공고네거리 방향 2차로 도로공사 주의운전,843.0,1000,True,utic
SF001284,이천뜨란채3단지,,,,1000,False,utic
SF001285,달서유림 노르웨이숲,,,,1000,False,utic
SF001849,기아 대구 드라이빙센터,,,,1000,False,utic
SF001858,헤센더테라스,,,,1000,False,utic
SF002144,보스턴1 (저압수용가),,,,1000,False,utic
SF002213,대구 달성군 현풍읍 현풍중앙로14길 71,,,,1000,False,utic
SF002258,신용보증기금 (대구지점),,,,1000,False,utic
SF002260,신용보증기금 (대구 본점) (완속충전기),,,,1000,False,utic
SF002354,대구수성헤센더테라스 (완속충전기),,,,1000,False,utic
SF002410,칠곡코스모스한양아파트,,,,1000,False,utic
SF002471,대구 달서구 성서공단북로43길 40,,,,1000,False,utic
SF002547,방송통신대학교 대구경북지역 (신관) (완속충전기),,,,1000,False,utic
SF002583,달서유림 노르웨이숲 (완속충전기),,,,1000,False,utic
SF002605,동화로즈빌 (완속충전기),,,,1000,False,utic
SF002637,상인대성스카이렉스,,,,1000,False,utic
SF002638,범어센트럴푸르지오 (오피스텔),,,,1000,False,utic
SF002642,범어화성파크리젠시,,,,1000,False,utic
SF002643,노원보성타운,,,,1000,False,utic
SF002645,삼우그린타운,,,,1000,False,utic
SF002646,대구혁신도시 서한 이다음,,,,1000,False,utic
SF002746,범어서한포레스트,,,,1000,False,utic
SF002795,만촌우방팔레스 (완속충전기),,,,1000,False,utic
SF002822,동대구해모로스퀘어웨스트 아파트,,,,1000,False,utic
SF002913,빌리브범어 (완속충전기),L93171007174,[공사] 달구벌대로 만촌네거리 에서 남부빌딩 방향 1차로 지하 시설 작업 주의운전,743.8,1000,True,utic
SF002922,범어서한포레스트 (완속충전기),,,,1000,False,utic
SF002932,대구역센트럴자이 (완속충전기),,,,1000,False,utic
SF002945,호산고등학교 (완속충전기),,,,1000,False,utic
SF002969,한국건강관리협회 대구지부 (완속충전기),L93171022991,[공사] 동부로 동대구역네거리 에서 금호천일고속버스터미널 방향 4차로 지하 시설 작업 주의운전,950.5,1000,True,utic
SF003012,대실역리슈빌4단지 (완속충전기),,,,1000,False,utic
SF003044,대구성서산업단지관리공단 환경관리본부 (완속충전기),,,,1000,False,utic
SF003055,방촌청구타운 (완속충전기),,,,1000,False,utic
SF003065,경북고등학교 (완속충전기),,,,1000,False,utic
SF003075,동서무학맨션 (완속충전기),,,,1000,False,utic
SF003159,성광고등학교 (완속충전기),,,,1000,False,utic
SF003166,아모레퍼시픽 대구지역사업부 (완속충전기),,,,1000,False,utic
SF003187,대구과학대학교 (완속충전기),,,,1000,False,utic
SF003193,테크노폴리스 중흥S클래스포디움 (완속충전기),,,,1000,False,utic
SF003194,테크노폴리스 중흥S클래스포디움,,,,1000,False,utic
SF003198,칠곡경북대학교병원 (완속충전기),,,,1000,False,utic
SF003234,대구과학대학교 생활관 (완속충전기),,,,1000,False,utic
SF003268,이에스 (완속충전기),,,,1000,False,utic
SF003317,대구무역회관 (완속충전기),L93171022991,[공사] 동부로 동대구역네거리 에서 금호천일고속버스터미널 방향 4차로 지하 시설 작업 주의운전,368.6,1000,True,utic
SGSOC004,동대구역 부띠크시티 옆 쏘카존,L93171022991,[공사] 동부로 동대구역네거리 에서 금호천일고속버스터미널 방향 4차로 지하 시설 작업 주의운전,276.7,1000,True,utic
SO000081,대구상례원,,,,1000,False,utic
ST271101,허니문모텔,,,,1000,False,utic
ST271102,히로텔모텔(투숙객 전용),,,,1000,False,utic
ST271103,한국장학재단 대구센터,,,,1000,False,utic
ST271104,보성황실타운 입주자대표회의-5(입주민 전용),,,,1000,False,utic
ST271105,보성황실타운 입주자대표회의-4(입주민 전용),,,,1000,False,utic
ST271106,보성황실타운 입주자대표회의-3(입주민 전용),,,,1000,False,utic
ST271107,보성황실타운 입주자대표회의-2(입주민 전용),,,,1000,False,utic
ST271108,보성황실타운 입주자대표회의-1(입주민 전용),,,,1000,False,utic
ST271109,동인시티타운(입주민 전용),,,,1000,False,utic
ST271110,대백프라자,,,,1000,False,utic
ST271401,이마트 반야월점,,,,1000,False,utic
ST271404,대동택시(운수사 전용),,,,1000,False,utic
ST271405,율하역엘크루 입주자대표회의-1(입주민 전용),,,,1000,False,utic
ST271406,율하역엘크루 입주자대표회의-2(입주민 전용),,,,1000,False,utic
ST271407,보성강남타운-1(입주민 전용),,,,1000,False,utic
ST271408,보성강남타운-2(입주민 전용),,,,1000,False,utic
ST271409,e편한세상세계육상선수촌2단지 입주자대표회의(입주민 전용),,,,1000,False,utic
ST271704,대구달성고등학교,,,,1000,False,utic
ST271705,비원노인복지관,,,,1000,False,utic
ST271706,칸타빌평리1(입주민전용),,,,1000,False,utic
ST271707,칸타빌평리2(입주민전용),,,,1000,False,utic
ST271708,이마트 T 비산점,,,,1000,False,utic
ST271709,코레일 서대구역,L93171040203,[공사] 북비산로 서대구역네거리 에서 서재 방향 1차로 가로수 벌목 주의운전,97.4,1000,True,utic
ST272303,칠곡동서영남타운 관리사무소-3(입주민 전용),,,,1000,False,utic
ST272304,칠곡동서영남타운 관리사무소-2(입주민 전용),,,,1000,False,utic
ST272305,칠곡동서영남타운 관리사무소-1(입주민 전용),,,,1000,False,utic
ST272306,롯데칠성 남대구지점,,,,1000,False,utic
ST272307,기아 대구강북지점,,,,1000,False,utic
ST272308,대구종합유통단지 전기재료관,,,,1000,False,utic
ST272309,한국도로공사 대구경북본부,,,,1000,False,utic
ST272310,이마트 칠성점,L93171040039,[공사] 성북로 침산초등학교앞 교차로 에서 침산동4767 방향 1차로 도로공사 주의운전,683.5,1000,True,utic
ST272602,기아 시지지점,,,,1000,False,utic
ST272603,현대자동차 시지지점,,,,1000,False,utic
ST272604,수성동양엘레브 입주자대표회의(입주민 전용),,,,1000,False,utic
ST272605,현대블루핸즈 남부자동차정비공장(시지현대),,,,1000,False,utic
ST272606,이마트 만촌점,,,,1000,False,utic
ST272607,삼성스토어 동대구,,,,1000,False,utic
ST272902,기아오토큐 남대구종합서비스,,,,1000,False,utic
ST272903,대곡삼성래미안2차아파트 입주자대표회의-1(입주민 전용),,,,1000,False,utic
ST272905,대곡삼성래미안2차아파트 입주자대표회의-2(입주민 전용),,,,1000,False,utic
ST272908,대곡우방타운 입주자대표회의(입주민 전용),,,,1000,False,utic
ST272913,용산2차서한화성타운-3(입주민 전용),,,,1000,False,utic
ST272914,용산2차서한화성타운-1(입주민 전용),,,,1000,False,utic
ST272915,용산파크타운 입주자대표회의-1(입주민 전용),,,,1000,False,utic
ST272916,용산파크타운 입주자대표회의-2(입주민 전용),,,,1000,False,utic
ST272917,용산파크타운 입주자대표회의-3(입주민 전용),,,,1000,False,utic
ST272918,용산2차서한화성타운-2(입주민 전용),,,,1000,False,utic
ST272919,이마트 대구물류센터,,,,1000,False,utic
ST272920,이마트 성서점,L93171039525,[공사] 성서동로 가야유치원 에서 이곡동1255 방향 1차로 도로공사 주의운전,71.5,1000,True,utic
ST272921,대구재활센터,,,,1000,False,utic
ST272922,상인역신일해피트리(입주자전용),,,,1000,False,utic
ST272923,대구지방조달청,L93171039525,[공사] 성서동로 가야유치원 에서 이곡동1255 방향 1차로 도로공사 주의운전,313.2,1000,True,utic
ST272924,이마트 월배점,,,,1000,False,utic
ST272925,삼성스토어 서대구,,,,1000,False,utic
ST277103,달성화성파크드림 입주자대표회의(입주민 전용),,,,1000,False,utic
ST277104,화원한샘타운 입주자대표회의-2(입주민 전용),,,,1000,False,utic
ST277105,화원한샘타운 입주자대표회의-1(입주민 전용),,,,1000,False,utic
ST277106,대구국가산단반도유보라아이비파크30(입주자 전용),,,,1000,False,utic
ST277107,경일아파트(입주민 전용),,,,1000,False,utic
ST277108,달성군종합사회복지관,,,,1000,False,utic
ST277109,현대자동차 대구용산 대리점,,,,1000,False,utic
ST277201,㈜민속엘피씨,,,,1000,False,utic
ST277202,한국도로공사 군위지사,,,,1000,False,utic
ST477201,군위군노인복지관,,,,1000,False,utic
ST477203,군위휴게소 (부산),,,,1000,False,utic
ST600116,기아 황금지점(임직원 전용),,,,1000,False,utic
ST600163,기아 학정대리점(임직원 전용),,,,1000,False,utic
ST600274,골프왕 골프존파크,,,,1000,False,utic
ST600283,두류파크KCC스위첸,,,,1000,False,utic
ST600286,성서대백창신한라타운,L93171039525,[공사] 성서동로 가야유치원 에서 이곡동1255 방향 1차로 도로공사 주의운전,925.4,1000,True,utic
ST600288,서한강변타운1차아파트,,,,1000,False,utic
ST600300,앞산힐스테이트,,,,1000,False,utic
ST600335,코레일 동대구역(제1주차장),L93171022991,[공사] 동부로 동대구역네거리 에서 금호천일고속버스터미널 방향 4차로 지하 시설 작업 주의운전,324.1,1000,True,utic
ST600336,코레일 동대구역(제2주차장),L93171022991,[공사] 동부로 동대구역네거리 에서 금호천일고속버스터미널 방향 4차로 지하 시설 작업 주의운전,324.1,1000,True,utic
ST600372,서대구영무예다음,L93171040203,[공사] 북비산로 서대구역네거리 에서 서재 방향 1차로 가로수 벌목 주의운전,835.8,1000,True,utic
ST600399,삼국유사군위휴게소 (상주),,,,1000,False,utic
ST600400,군위영천휴게소 (영천),,,,1000,False,utic
ST600425,기아 대구강북지점(임직원 전용),,,,1000,False,utic
ST600537,달서아이꿈센터,,,,1000,False,utic
ST600550,효경재가노인돌봄센터,,,,1000,False,utic
ST600649,강동어르신행복센터(노인복지관),,,,1000,False,utic
ST600663,학산보호작업장,,,,1000,False,utic
ST600791,냉천개발(주),,,,1000,False,utic
ST600793,금호신도시서한이다음,,,,1000,False,utic
ST600794,성서삼성명가타운 입주자대표회의,,,,1000,False,utic
ST600801,(주)에이더블유호텔,L93171039525,[공사] 성서동로 가야유치원 에서 이곡동1255 방향 1차로 도로공사 주의운전,399.9,1000,True,utic
ST601045,월배역포스코더샵입대의,,,,1000,False,utic
ST601062,파라다이스웨딩컨벤션,,,,1000,False,utic
ST601097,(의)강의료재단,,,,1000,False,utic
ST601138,성서동서화성타운,L93171039525,[공사] 성서동로 가야유치원 에서 이곡동1255 방향 1차로 도로공사 주의운전,316.1,1000,True,utic
ST601139,대구교육대학교,,,,1000,False,utic
ST601140,열경의료재단허병원,,,,1000,False,utic
ST601225,해바라기주유소(대구),L93171025789,[공사] 대현로 대한응급구조사협회 에서 공고네거리 방향 2차로 도로공사 주의운전,413.9,1000,True,utic
ST601235,수목원주유소,,,,1000,False,utic
ST601236,칠곡IC주유소,,,,1000,False,utic
ST601237,맘모스주유소,,,,1000,False,utic
ST601240,SK에너지(주) 거산,,,,1000,False,utic
ST601259,합천주유소,L93171040203,[공사] 북비산로 서대구역네거리 에서 서재 방향 1차로 가로수 벌목 주의운전,970.8,1000,True,utic
ST601269,SK에너지 중앙2주유소,,,,1000,False,utic
ST601337,대구섬유박물관,,,,1000,False,utic
ST601352,대구소방학교,,,,1000,False,utic
ST601395,대구동부소방서,,,,1000,False,utic
ST601440,HD현대오일뱅크 대구현대주유소,,,,1000,False,utic
ST601839,더샵수성오클레어아파트(입주민 전용),,,,1000,False,utic
TDP00004,홍성블루핀,,,,1000,False,utic
TDP00005,대동 대구공장,,,,1000,False,utic
TDP00009,교보생명 동성로사옥,,,,1000,False,utic
TDP00010,대구창조캠퍼스,,,,1000,False,utic
TS271101,대구빌리브프리미어,,,,1000,False,utic
TS271102,천주교 대구대교구청,,,,1000,False,utic
TS271401,중앙교육연수원,,,,1000,False,utic
TS271402,청구고등학교,,,,1000,False,utic
TS271403,프렌즈 스크린 제일공항점,,,,1000,False,utic
TS271404,대구신암청아람아파트,L93171025789,[공사] 대현로 대한응급구조사협회 에서 공고네거리 방향 2차로 도로공사 주의운전,307.4,1000,True,utic
TS271405,불로동 청호아파트,,,,1000,False,utic
TS271407,태왕아너스리버파크2차,,,,1000,False,utic
TS271701,서대구복합지식산업센터,,,,1000,False,utic
TS271702,서대구역센텀화성파크드림,,,,1000,False,utic
TS271703,대구서대구영무예다음,L93171040203,[공사] 북비산로 서대구역네거리 에서 서재 방향 1차로 가로수 벌목 주의운전,922.7,1000,True,utic
TS272001,앞산힐스테이트,,,,1000,False,utic
TS272002,강변효성백년가약,,,,1000,False,utic
TS272301,배성의료재단,,,,1000,False,utic
TS272302,대구화성센트럴파크,,,,1000,False,utic
TS272303,대구역오페라W아파트,,,,1000,False,utic
TS272304,대구역오페라W오피스텔,,,,1000,False,utic
TS272305,청암타운,,,,1000,False,utic
TS272306,대구공작한양아파트,,,,1000,False,utic
TS272307,산격에덴3차아파트,,,,1000,False,utic
TS272308,대구서희스타힐스데이,,,,1000,False,utic
TS272309,대구칠곡에덴타운,,,,1000,False,utic
TS272602,대구시지하나타운,,,,1000,False,utic
TS272603,두산위브더제니스,,,,1000,False,utic
TS272604,만촌1차우방타운,,,,1000,False,utic
TS272605,수성센트럴화성파크드림,,,,1000,False,utic
TS272606,대구만촌3차화성파크드림,,,,1000,False,utic
TS272607,고산역화성파크드림,,,,1000,False,utic
TS272608,호텔수성 옥상주차장,,,,1000,False,utic
TS272902,비지니스 골프클럽,,,,1000,False,utic
TS272903,대구본리롯데캐슬2차,,,,1000,False,utic
TS272904,월배역포스코더샵,,,,1000,False,utic
TS272905,대구대곡사계절타운,,,,1000,False,utic
TS272906,대구월배2차귀빈타운,,,,1000,False,utic
TS272907,대구동백맨션,,,,1000,False,utic
TS277101,대구명곡미래빌3단지,,,,1000,False,utic
TS277102,대구 천내우방타운,,,,1000,False,utic
TS277103,대구죽곡삼정그린코아더베스트,,,,1000,False,utic
TS472920,대경사과원예농협,L93171022991,[공사] 동부로 동대구역네거리 에서 금호천일고속버스터미널 방향 4차로 지하 시설 작업 주의운전,688.9,1000,True,utic
UN000145,대구역제일풍경채위너스카이 아파트,,,,1000,False,utic
UN000154,대구역제일풍경채위너스카이 오피스텔,,,,1000,False,utic
UN000167,대구 해오름요양원(11kW),,,,1000,False,utic
UN000180,대구 서길 통학로 52길 42-3(7kW),,,,1000,False,utic
UP491145,대구 태전역더뉴클래스2차,,,,1000,False,utic
VTE00004,브라운스톤 범어오피스텔,,,,1000,False,utic
YC100007,대구세강병원,,,,1000,False,utic
YC100008,모빌리티기술혁신센터,,,,1000,False,utic
YC100012,제일사,,,,1000,False,utic
YC100015,올인워크,,,,1000,False,utic
YC100016,KB차차차 동대구,,,,1000,False,utic
