statId,statNm,matched_id,matched_name,distance_m,radius_m,matched
ME178137,군위영천휴게소(하행),,,,1000,False
ME181302,대구지방합동청사,CITYTOUR-0193,이상화묘,348.9,1000,True
ME181303,㈜정방,,,,1000,False
ME183050,대구보건환경연구원,CITYTOUR-0141,수성아트피아,408.2,1000,True
ME183053,달서구 청소년수련관공영주차장,,,,1000,False
ME183054,구지면사무소,CITYTOUR-0039,노사평화의 전당,931.6,1000,True
ME183055,수태골 공영주차장,CITYTOUR-0144,수태골,87.9,1000,True
ME183056,낙동강승전기념관,CITYTOUR-0158,앞산공원,455.2,1000,True
ME183057,이곡2동주민센터,CITYTOUR-0012,계명대학교 행소 박물관,985.2,1000,True
ME183058,신암5동주민센터,CITYTOUR-0151,아양기찻길,435.6,1000,True
ME183059,복현2동주민센터,,,,1000,False
ME183060,대구환경공단 신천사업소,CITYTOUR-0073,대구종합유통단지,842.9,1000,True
ME183061,만촌1동주민센터,CITYTOUR-0108,박물관 휴르,579.8,1000,True
ME183062,호산공영주차장,,,,1000,False
ME183063,용산역환승주차장,CITYTOUR-0054,대구기업명품관,106.5,1000,True
ME183064,서촌공영주차장,,,,1000,False
ME183065,웃는얼굴 아트센터,CITYTOUR-0054,대구기업명품관,932.0,1000,True
ME183066,서변2공영주차장,,,,1000,False
ME183067,팔달신시장공영주차장,,,,1000,False
ME183068,범물공영주차장,,,,1000,False
ME183069,황금2동주민센터 앞 공영주차장,CITYTOUR-0094,들안길 먹거리타운,815.2,1000,True
ME183070,블루핸즈 현풍현대서비스,CITYTOUR-0233,현풍곽씨 12정려각,155.7,1000,True
ME183071,계명문화대학교,CITYTOUR-0012,계명대학교 행소 박물관,333.7,1000,True
ME183072,SW융합기술지원센터,CITYTOUR-0062,대구삼성라이온즈파크,419.0,1000,True
ME183077,호텔아젤리아,CITYTOUR-0137,소재사,412.6,1000,True
ME183144,대구환경공단 달성사업소,,,,1000,False
ME184067,대구시청,CITYTOUR-0026,국채보상운동기념공원,271.6,1000,True
ME184068,두류공원관리소,CITYTOUR-0093,두류공원,41.9,1000,True
ME184069,북구유통단지(EXCO),CITYTOUR-0072,대구전시컨벤션센터(EXCO),53.0,1000,True
ME184070,시지근린공원 공영주차장,,,,1000,False
ME18C147,삼국유사 가온누리,CITYTOUR-0127,삼국유사테마파크,607.9,1000,True
ME18C170,북대구세무서,CITYTOUR-0070,대구오페라하우스,971.4,1000,True
ME18C171,노원동행정복지센터,,,,1000,False
ME18C172,침산3동행정복지센터,CITYTOUR-0070,대구오페라하우스,961.1,1000,True
ME18C173,침산공원,,,,1000,False
ME18C174,서구 문화회관,CITYTOUR-0196,이현공원,345.7,1000,True
ME18C175,대명1동 행정복지센터,CITYTOUR-0153,안지랑 곱창골목,605.8,1000,True
ME18C176,도원동마을공영주차장,CITYTOUR-0185,월광수변공원,800.1,1000,True
ME18C177,낙동강 레포츠밸리,,,,1000,False
ME18C178,안심2동 공영주차장,,,,1000,False
ME18C229,군위(춘천) 휴게소,,,,1000,False
ME18C230,군위국민체육센터 주차장,CITYTOUR-0121,사라온이야기마을,527.7,1000,True
ME18C251,삼국유사 군위(서울) 휴게소,,,,1000,False
ME18C254,대구 문화예술회관,CITYTOUR-0058,대구문화예술회관,5.9,1000,True
ME18C255,달서별빛캠프 캠핑장,,,,1000,False
ME18C257,논공(대구) 휴게소,,,,1000,False
ME18C258,해안동 공영주차장,,,,1000,False
ME18C259,율암동 공영주차장,,,,1000,False
ME18C260,연암공원,CITYTOUR-0073,대구종합유통단지,756.1,1000,True
ME18C261,중앙119 구조본부,,,,1000,False
ME18C262,비슬산 숲속 캠핑장,CITYTOUR-0137,소재사,94.2,1000,True
ME18C263,달성문화원,CITYTOUR-0234,현풍석빙고,170.5,1000,True
ME18C264,북구구민 운동장,CITYTOUR-0178,옻골동산,249.5,1000,True
ME18C265,서재문화체육센터,,,,1000,False
ME18C405,대구광역시청 별관,CITYTOUR-0008,경북대학교 가로수길(백양로),771.4,1000,True
ME19C130,소보면사무소 주차장,,,,1000,False
ME19C143,달성군 보건소,CITYTOUR-0234,현풍석빙고,730.3,1000,True
ME19C227,현풍백년도깨비시장 공영주차장,CITYTOUR-0234,현풍석빙고,983.2,1000,True
ME19C289,군위군 종합운동장,,,,1000,False
ME19C403,칠곡3지구 공영주차장,CITYTOUR-0105,문화예술거리 이태원길,712.8,1000,True
ME19C404,무학산공원,CITYTOUR-0141,수성아트피아,536.1,1000,True
ME19D114,장군졸음쉼터,,,,1000,False
ME19D216,관사정문 주차장,,,,1000,False
ME19E138,우보면사무소 주차장,,,,1000,False
ME19E139,장곡휴양림 주차장,CITYTOUR-0204,장곡자연휴양림,74.1,1000,True
ME19E161,범어2동 행정복지센터,CITYTOUR-0108,박물관 휴르,475.1,1000,True
ME19E215,월광수변공원,CITYTOUR-0185,월광수변공원,810.0,1000,True
ME19E216,달성군청,,,,1000,False
ME19E217,수성생활체육공원,,,,1000,False
ME19F260,아미산 주차장,,,,1000,False
ME19F410,위천수변 테마공원,CITYTOUR-0186,위천수변테마공원,72.4,1000,True
ME19F412,물산업클러스터,CITYTOUR-0039,노사평화의 전당,857.6,1000,True
ME19W401,국가물산업클러스터 주차장,CITYTOUR-0039,노사평화의 전당,612.5,1000,True
ME19X404,대구스타디움 주차장,CITYTOUR-0064,대구스타디움,224.2,1000,True
ME19X405,대구 동촌유원지 서편주차장,CITYTOUR-0089,동촌유원지,89.0,1000,True
ME19X413,도림사 주차장,,,,1000,False
ME19X430,대구봉무공원 주차장,CITYTOUR-0113,봉무공원,10.0,1000,True
ME19Y406,롯데렌탈 대구지점,CITYTOUR-0067,대구신세계백화점,618.8,1000,True
ME19Z223,이마트 성서점,,,,1000,False
ME20C182,두류1·2동1공영주차장,CITYTOUR-0128,삼덕동 벽화마을,242.6,1000,True
ME20C183,서남시장공영주차장,CITYTOUR-0213,퀸스로드,838.0,1000,True
ME20C184,송현주공시장 공영주차장,CITYTOUR-0184,월곡역사 박물관,591.0,1000,True
ME20C185,한국산업인력공단 대구지역본부,CITYTOUR-0076,대구환경공단,487.7,1000,True
ME20C186,논공읍행정복지센터,,,,1000,False
ME20C187,달성군보건소,CITYTOUR-0234,현풍석빙고,742.2,1000,True
ME20C188,신암3동행정복지센터,CITYTOUR-0067,대구신세계백화점,940.7,1000,True
ME20C189,한국사학진흥재단,CITYTOUR-0208,첨단의료복합단지,594.5,1000,True
ME20C285,달성습지생태학습관,CITYTOUR-0044,달성습지,51.2,1000,True
ME20C286,읍내동 행정복지센터,CITYTOUR-0211,칠곡향교,340.2,1000,True
ME20C287,한국도로공사 북대구영업소,,,,1000,False
ME20C288,한국도로공사 서대구영업소,,,,1000,False
ME20C304,대구경북첨단의료산업진흥재단,CITYTOUR-0208,첨단의료복합단지,20.8,1000,True
ME20C414,낙동강물환경연구소,CITYTOUR-0039,노사평화의 전당,161.6,1000,True
ME20D206,한국산업기술평가관리원,CITYTOUR-0208,첨단의료복합단지,443.8,1000,True
ME21A140,한국국토정보공사 군위지사,CITYTOUR-0121,사라온이야기마을,122.4,1000,True
ME21A903,논공(대구) 휴게소,,,,1000,False
ME21A910,논공(광주) 휴게소,,,,1000,False
ME21B130,대구강북경찰서,CITYTOUR-0105,문화예술거리 이태원길,689.4,1000,True
ME21B198,대구수성경찰서,CITYTOUR-0108,박물관 휴르,856.8,1000,True
ME21B1D2,소방장비관리센터,,,,1000,False
ME21B262,군위(춘천) 휴게소,,,,1000,False
ME21B301,한국산업단지공단 대구지역본부,CITYTOUR-0076,대구환경공단,422.2,1000,True
ME21C219,근로복지공단 대구병원,,,,1000,False
ME21C228,대구성서경찰서,,,,1000,False
ME21E401,낙동강 물환경연구소,CITYTOUR-0039,노사평화의 전당,160.8,1000,True
ME22C189,군위경찰서,CITYTOUR-0029,군위향교,70.8,1000,True
ME22C193,군위군노인복지관,CITYTOUR-0029,군위향교,412.5,1000,True
ME22C1A1,대구달서경찰서,CITYTOUR-0175,온천엘리바덴,921.0,1000,True
ME22C1A2,대구재활센터,,,,1000,False
ME22C1A3,비원노인복지관,,,,1000,False
ME22C1A4,달성군종합사회복지관,,,,1000,False
ME22C250,논공(대구)휴게소(5번국도),,,,1000,False
ME22C251,대구동부경찰서,,,,1000,False
ME22C252,대구남부경찰서,CITYTOUR-0156,앞산 카페거리,796.5,1000,True
ME22C253,한국산업인력공단 대구지역본부,CITYTOUR-0076,대구환경공단,474.9,1000,True
ME22D191,복현지구대,CITYTOUR-0008,경북대학교 가로수길(백양로),799.8,1000,True
ME22D192,대곡파출소,CITYTOUR-0063,대구수목원,773.2,1000,True
ME22D1C0,강북지구대,CITYTOUR-0178,옻골동산,583.5,1000,True
ME22D245,군위전통시장 주차타워,CITYTOUR-0121,사라온이야기마을,495.2,1000,True
ME22D254,화원파출소,CITYTOUR-0193,이상화묘,600.5,1000,True
ME23A218,대구지방기상청,CITYTOUR-0024,국립대구기상과학관,123.8,1000,True
ME23B113,군위군청,CITYTOUR-0121,사라온이야기마을,843.6,1000,True
ME23B114,대구광역시교통연수원,CITYTOUR-0141,수성아트피아,279.9,1000,True
ME23B115,남구시니어행복센터,CITYTOUR-0058,대구문화예술회관,382.7,1000,True
ME23B186,망우당공원 택시쉼터,CITYTOUR-0101,망우당공원,11.1,1000,True
ME24A243,대구광역시 군위군청,CITYTOUR-0121,사라온이야기마을,792.9,1000,True
ME24A244,군위 전투전승기념공원,,,,1000,False
ME24A248,비슬산관광지 주차장,CITYTOUR-0137,소재사,494.3,1000,True
ME24B142,성서운동장,,,,1000,False
ME24B143,장기공원 주차장,CITYTOUR-0054,대구기업명품관,926.5,1000,True
ME24B144,효령면행정복지센터,,,,1000,False
ME24B207,대구경북지방중소벤처기업청 청사,,,,1000,False
ME24B208,한국수자원공사 달성보,,,,1000,False
ME25C165,군위농산물 푸드유통센터,CITYTOUR-0121,사라온이야기마을,871.3,1000,True
ME25C166,농기계사업소 동부분소,,,,1000,False
ME25C167,학산공원 삼거리 주차장,,,,1000,False
ME25C168,E-share 대구샘기억학교,,,,1000,False
ME25C169,E-share 덕수복지재단 미소마을,,,,1000,False
ME25C170,신서혁신도시 나불지 공영주차장 2,,,,1000,False
ME25C171,동촌유원지 3 공영주차장 2,CITYTOUR-0024,국립대구기상과학관,101.5,1000,True
ME25C172,E-share 대불노인복지관,CITYTOUR-0220,패션디자인개발지원센터,926.0,1000,True
ME25C173,산격4동 공영주차장,CITYTOUR-0008,경북대학교 가로수길(백양로),773.2,1000,True
ME25C276,전망대주차장,CITYTOUR-0028,군위댐,23.0,1000,True
ME25C277,수밭근린공원 주차장,CITYTOUR-0185,월광수변공원,94.2,1000,True
ME25C278,국립대구박물관(북문 주차장) (2),CITYTOUR-0025,국립대구박물관,195.7,1000,True
ME25C425,달성군 보건소 주차장,CITYTOUR-0234,현풍석빙고,865.8,1000,True
ME25C426,신서혁신도시 나불지 공영주차장 1,,,,1000,False
ME25C427,동촌유원지 3 공영주차장 1,CITYTOUR-0024,국립대구기상과학관,101.5,1000,True
ME25C428,국립대구박물관(북문 주차장) (1),CITYTOUR-0025,국립대구박물관,83.8,1000,True
AH000019,대구 KC타운,CITYTOUR-0062,대구삼성라이온즈파크,360.1,1000,True
AH000052,대구 산격보성아파트 (대성),CITYTOUR-0220,패션디자인개발지원센터,674.3,1000,True
AH000082,대구 CTR모빌리티,,,,1000,False
ALAL0013,대영빌딩,CITYTOUR-0067,대구신세계백화점,227.2,1000,True
AM900026,대구 동천동 세븐밸리 충전소,CITYTOUR-0105,문화예술거리 이태원길,182.6,1000,True
AM900047,대구 와이즈빌딩,CITYTOUR-0018,관덕정 순교 기념관,105.6,1000,True
AM900048,대구 와이즈빌딩 급속충전소,CITYTOUR-0018,관덕정 순교 기념관,105.6,1000,True
AZ100007,이고,,,,1000,False
AZ100013,대청초등학교,CITYTOUR-0166,에스투뷰텍 라운지,371.7,1000,True
AZ100014,밴앤포스,CITYTOUR-0129,삼덕동벽화골목,883.2,1000,True
AZ100017,대구세강병원,,,,1000,False
AZ100019,지피에스,,,,1000,False
AZ100020,올인워크,CITYTOUR-0108,박물관 휴르,382.4,1000,True
AZ100021,KB차차차 동대구,,,,1000,False
AZ100022,모빌리티기술혁신센터,,,,1000,False
AZ100023,비에스타워,,,,1000,False
BE241230,워터 군위휴게소 부산방향,,,,1000,False
BE241250,워터 현풍휴게소 대구방향,,,,1000,False
BE241251,워터 현풍휴게소 창원방향,,,,1000,False
BE482306,워터 대구 반월당,CITYTOUR-0018,관덕정 순교 기념관,203.8,1000,True
BNBN0053,대구 달성군 한국기계연구원,CITYTOUR-0023,국립대구과학관,895.6,1000,True
BNBN0494,달성군 테크노스포츠센터,CITYTOUR-0023,국립대구과학관,258.7,1000,True
BNBN0583,대구 군위고등학교,,,,1000,False
BNBN0584,대구 경일여자고등학교,CITYTOUR-0157,앞산 케이블카,926.9,1000,True
BNBN0585,대구 새본리중학교,,,,1000,False
BNBN0586,대구 상원고등학교,CITYTOUR-0184,월곡역사 박물관,711.5,1000,True
BNBN0588,대구 외국어고등학교,CITYTOUR-0012,계명대학교 행소 박물관,808.5,1000,True
BNBN0590,대구 현풍고등학교,,,,1000,False
BNBN0591,대구 선명학교,CITYTOUR-0138,송광매 기념관(송광매원),599.7,1000,True
BNBN0594,대구 소선여자중학교,CITYTOUR-0166,에스투뷰텍 라운지,199.1,1000,True
BNBN0721,대구 서대구중학교,,,,1000,False
BNBN1092,대구 달성 대구달성경찰서,CITYTOUR-0234,현풍석빙고,767.4,1000,True
BNBN1180,대구 달서 일신테크노밸리,CITYTOUR-0012,계명대학교 행소 박물관,918.8,1000,True
BNMI4428,대구공업고등학교,,,,1000,False
BNMI4433,대구 평리중학교,,,,1000,False
BNMI4438,대구 경북기계공업고등학교,CITYTOUR-0184,월곡역사 박물관,569.4,1000,True
CCP00001,송해공원골프클럽,,,,1000,False
CG000066,대구 태원모터스,,,,1000,False
CGP00005,르노코리아서비스코너현풍점,,,,1000,False
CGP00009,대구 태전미진타운아파트_B1,,,,1000,False
CGP00011,대구 우방신천지타운_203동 앞,CITYTOUR-0025,국립대구박물관,829.5,1000,True
CGP00013,대구 우방신천지타운_관리사무소 옆,CITYTOUR-0025,국립대구박물관,789.4,1000,True
CGP00014,대구 동대구푸르지오브리센트_105동,CITYTOUR-0046,대구 아쿠아리움,271.7,1000,True
CGP00015,대구 동대구푸르지오브리센트_109동,CITYTOUR-0046,대구 아쿠아리움,227.5,1000,True
CGP00016,대구 동대구푸르지오브리센트_110동,CITYTOUR-0046,대구 아쿠아리움,264.3,1000,True
CGP00017,대구 동대구푸르지오브리센트_102동,CITYTOUR-0046,대구 아쿠아리움,333.4,1000,True
CGP00018,대구 동대구푸르지오브리센트_109동,CITYTOUR-0046,대구 아쿠아리움,228.8,1000,True
CGP00019,대구 동대구푸르지오브리센트_110동,CITYTOUR-0046,대구 아쿠아리움,262.2,1000,True
CI0F0001,제네스타워,CITYTOUR-0075,대구향교,334.4,1000,True
CI0F0002,두류공원골프연습장,CITYTOUR-0058,대구문화예술회관,706.0,1000,True
CI0F0003,사라골프,CITYTOUR-0063,대구수목원,831.0,1000,True
CI0F0004,프라나 호텔,CITYTOUR-0234,현풍석빙고,809.8,1000,True
CI0F0005,군위 수서 골프앤 리조트,,,,1000,False
CPCP1044,롯데시네마부설주차장,CITYTOUR-0184,월곡역사 박물관,627.1,1000,True
CPCT0011,남대구IC지식산업센터,,,,1000,False
CPCT3003,남대구IC지식산업센터(급속),,,,1000,False
CSCS1024,삼성생명빌딩,CITYTOUR-0173,오토바이골목,214.6,1000,True
CSCS2017,서재골프랜드,,,,1000,False
CU530001,모텔 뷰(박병선),,,,1000,False
CU530002,학정역효성해링턴플레이스,CITYTOUR-0211,칠곡향교,621.4,1000,True
CU530004,신암그린타운,,,,1000,False
CU530005,만촌태왕리더스,CITYTOUR-0103,모명재,640.1,1000,True
CU530006,만촌1차우방타운,CITYTOUR-0166,에스투뷰텍 라운지,779.0,1000,True
CU530007,보국웰리치시지아파트,,,,1000,False
CU530008,시지동화 아이위시,,,,1000,False
CU530009,수성2차e편한세상,CITYTOUR-0166,에스투뷰텍 라운지,240.2,1000,True
CU530010,화성센트럴파크,CITYTOUR-0105,문화예술거리 이태원길,953.8,1000,True
CU530011,침산코오롱하늘채2단지,CITYTOUR-0056,대구무형유산전수교육관,282.1,1000,True
CU530012,에코폴리스동화아이위시3차,,,,1000,False
CU530014,율하역엘크루아파트,CITYTOUR-0097,롯데 아울렛 대구 율하점,579.7,1000,True
CV000007,대영코어텍 주차장,CITYTOUR-0023,국립대구과학관,778.7,1000,True
CV000039,대구 컨벤션센터,CITYTOUR-0072,대구전시컨벤션센터(EXCO),70.1,1000,True
CV000048,대구시_수성의료지구(대구도시공사),CITYTOUR-0062,대구삼성라이온즈파크,250.0,1000,True
CV000051,대구시_지능형자동차부품진흥원,,,,1000,False
CV000103,대구보건대학교(입구 주차장),CITYTOUR-0165,어울아트센터,878.4,1000,True
CV000112,한국장학재단,,,,1000,False
CV000113,MH엘퍼스트오페라오피스텔,CITYTOUR-0070,대구오페라하우스,640.4,1000,True
CV000146,(주)동원약품,CITYTOUR-0072,대구전시컨벤션센터(EXCO),319.7,1000,True
CV000149,동화사집단시설지구(씨네80),CITYTOUR-0066,대구시민안전테마파크,301.3,1000,True
CV000151,수성관광호텔(주차타워 A1B1 구역),CITYTOUR-0107,미즈사키 린따로 묘소,252.6,1000,True
CV000152,매일신문사,CITYTOUR-0190,음악다방 쎄라비,97.3,1000,True
CV000154,대구자동차경매장(후문),CITYTOUR-0076,대구환경공단,132.8,1000,True
CV000163,주공그린빌1단지,CITYTOUR-0178,옻골동산,569.2,1000,True
CV000165,마크팰리스범어,CITYTOUR-0108,박물관 휴르,802.6,1000,True
CV000194,문양역,,,,1000,False
CV000195,대구가창 광덕사,,,,1000,False
CV000219,팔공CC(우경개발),,,,1000,False
CV000224,대구컨벤션센터(엑스코)신관,CITYTOUR-0072,대구전시컨벤션센터(EXCO),72.2,1000,True
CV000321,이시아폴리스 근생판매시설,CITYTOUR-0095,땅땅랜드(치킨체험 테마파크),274.6,1000,True
CV000375,트리팜,,,,1000,False
CV000390,청기와아파트,CITYTOUR-0151,아양기찻길,220.9,1000,True
CV000394,하늘천따지식당,,,,1000,False
CV000406,대구광역시 상수도사업본부 수질연구소,CITYTOUR-0212,코오롱야외음악당,635.8,1000,True
CV000446,태왕아너스아파트(황금동),CITYTOUR-0025,국립대구박물관,343.8,1000,True
CV000478,D모텔,,,,1000,False
CV000500,대구시_한국도로공사(유천IC),,,,1000,False
CV000501,대구시_저소득층 밀집지구 지식산업센터,CITYTOUR-0062,대구삼성라이온즈파크,471.5,1000,True
CV000502,대구시_장기공영주차장,CITYTOUR-0054,대구기업명품관,670.8,1000,True
CV000503,대구시_월촌공원주차장,CITYTOUR-0184,월곡역사 박물관,743.6,1000,True
CV000504,대구시_운암지 공영주차장,,,,1000,False
CV000505,대구시_상호림공원,,,,1000,False
CV000506,대구시_대현동 행정복지센터,CITYTOUR-0056,대구무형유산전수교육관,860.0,1000,True
CV000507,대구시_대명11동 행정복지센터,CITYTOUR-0160,앞산해넘이 전망대,602.6,1000,True
CV000508,대구시_대구테크노파크 신기술산업지원센터,,,,1000,False
CV000509,대구시_대구은행 본점,CITYTOUR-0033,김광석 다시 그리기 길,763.1,1000,True
CV000510,대구시_대구유통단지 전자관,CITYTOUR-0073,대구종합유통단지,176.4,1000,True
CV000512,대구시_대구지식산업센터,,,,1000,False
CV000513,대구시_남산2동 행정복지센터,CITYTOUR-0018,관덕정 순교 기념관,178.5,1000,True
CV000515,대구시_KS택시주식회사,CITYTOUR-0094,들안길 먹거리타운,903.8,1000,True
CV000519,대구시_봉덕3동 행정복지센터,,,,1000,False
CV000534,대구시_대신동 행정복지센터,CITYTOUR-0133,서문시장,552.8,1000,True
CV000535,대구시_중구청,CITYTOUR-0026,국채보상운동기념공원,484.6,1000,True
CV000536,대구시_대명2동 행정복지센터,CITYTOUR-0051,대구교육대학교 교육박물관,349.1,1000,True
CV000537,대구시_대명3동 행정복지센터,CITYTOUR-0078,대명공연거리,465.5,1000,True
CV000538,대구시_대명4동 행정복지센터,CITYTOUR-0093,두류공원,679.1,1000,True
CV000539,대구시_안심4동 행정복지센터,,,,1000,False
CV000540,대구시_안심1동 행정복지센터,CITYTOUR-0097,롯데 아울렛 대구 율하점,738.2,1000,True
CV000542,대구시_동촌동 행정복지센터,CITYTOUR-0032,금호강 자연생태공원,600.2,1000,True
CV000543,대구시_효목1동 행정복지센터,CITYTOUR-0089,동촌유원지,502.5,1000,True
CV000544,대구시_도평동 공영주차장,CITYTOUR-0119,불로동 고분군,599.6,1000,True
CV000547,대구시_고성동 행정복지센터,CITYTOUR-0143,수창청춘맨숀,728.4,1000,True
CV000549,대구시_무태조야동 행정복지센터,,,,1000,False
CV000550,대구시_태전1동 행정복지센터,,,,1000,False
CV000551,대구시_본리동 행정복지센터,,,,1000,False
CV000553,대구시_송현2동 행정복지센터,,,,1000,False
CV000554,대구시_하빈면사무소,,,,1000,False
CV000555,대구시_신암2동 행정복지센터,,,,1000,False
CV000556,대구시_대구은행 월배지점,,,,1000,False
CV000557,대구시_대구은행 3공단영업부지점,,,,1000,False
CV000558,대구시_대구은행 신암동지점,,,,1000,False
CV000559,대구시_남구청,CITYTOUR-0195,이천동 고미술거리,966.0,1000,True
CV000560,대구시_명성푸르지오,CITYTOUR-0070,대구오페라하우스,628.4,1000,True
CV000561,대구시_침산푸르지오,CITYTOUR-0070,대구오페라하우스,521.0,1000,True
CV000562,대구시_차량등록사업소,CITYTOUR-0108,박물관 휴르,599.4,1000,True
CV000564,대구시_진천삼성래미안,CITYTOUR-0193,이상화묘,636.8,1000,True
CV000565,대구시_유가읍 행정복지센터,CITYTOUR-0023,국립대구과학관,843.3,1000,True
CV000566,대구시_옥포읍 행정복지센터,,,,1000,False
CV000567,대구시_남산3동 행정복지센터,CITYTOUR-0136,성모당,231.0,1000,True
CV000569,대구시_수성의료지구,CITYTOUR-0064,대구스타디움,333.3,1000,True
CV000599,성일모터스,,,,1000,False
CV000616,대구시_대봉2동 주민센터,CITYTOUR-0075,대구향교,279.5,1000,True
CV000618,한국농어촌공사 달성지사,CITYTOUR-0128,삼덕동 벽화마을,227.5,1000,True
CV000620,한국부동산원,CITYTOUR-0208,첨단의료복합단지,782.6,1000,True
CV000630,대구기상과학관(대구지방기상청),CITYTOUR-0024,국립대구기상과학관,163.5,1000,True
CV000648,포르쉐 데스티네이션 투썸플레이스 대구가창점,CITYTOUR-0147,스파밸리,252.2,1000,True
CV000657,포르쉐 데스티네이션 SG모터스,CITYTOUR-0094,들안길 먹거리타운,975.1,1000,True
CV000658,포르쉐 데스티네이션 메종듀미디/에이시언키친,,,,1000,False
CV000665,포르쉐 데스티네이션 미성PGA GC,CITYTOUR-0107,미즈사키 린따로 묘소,420.7,1000,True
CV000667,황토마을 참숯가마찜질방,,,,1000,False
CV000670,JD모터스 대구성서,CITYTOUR-0054,대구기업명품관,873.9,1000,True
CV000678,채비초급속충전소2,CITYTOUR-0023,국립대구과학관,798.7,1000,True
CV000701,대구죽곡그린주차빌딩,,,,1000,False
CV000724,AFW(주),,,,1000,False
CV000750,국립대구과학관,CITYTOUR-0023,국립대구과학관,16.6,1000,True
CV000770,아우디_대구 전시장(아이언오토),CITYTOUR-0094,들안길 먹거리타운,702.5,1000,True
CV000783,대구시_신매공원,,,,1000,False
CV000799,아우디_서대구 전시장(코오롱아우토),CITYTOUR-0054,대구기업명품관,729.0,1000,True
CV000805,대구시_상리공원,CITYTOUR-0181,와룡산 상리봉 전망대,889.6,1000,True
CV000806,대구시_효목2동,CITYTOUR-0046,대구 아쿠아리움,766.1,1000,True
CV000807,대구시_지저동,CITYTOUR-0151,아양기찻길,451.8,1000,True
CV000808,대구시_내당4동,CITYTOUR-0213,퀸스로드,724.5,1000,True
CV000809,대구시_칠성동,CITYTOUR-0056,대구무형유산전수교육관,563.1,1000,True
CV000810,대구시_산격1동,,,,1000,False
CV000811,대구시_태전2동,,,,1000,False
CV000812,대구시_삼덕동,CITYTOUR-0129,삼덕동벽화골목,88.4,1000,True
CV000813,대구시_범어1동,,,,1000,False
CV000814,대구시_지산2동,CITYTOUR-0141,수성아트피아,725.6,1000,True
CV000815,대구시_두류3동,CITYTOUR-0212,코오롱야외음악당,207.1,1000,True
CV000816,대구시_상인3동행정복지센터,,,,1000,False
CV000817,대구시_범물1동,,,,1000,False
CV000818,대구시_신당동,CITYTOUR-0012,계명대학교 행소 박물관,802.6,1000,True
CV000831,대구 파티마병원 동관 입구 주차장,,,,1000,False
CV000849,채비초급속충전소1,CITYTOUR-0023,국립대구과학관,798.7,1000,True
CV000891,대구테크비즈센터,CITYTOUR-0023,국립대구과학관,796.8,1000,True
CV000896,홈플러스 성서점,CITYTOUR-0054,대구기업명품관,216.4,1000,True
CV000897,포르쉐 데스티네이션 홈플러스 대구성서점,CITYTOUR-0054,대구기업명품관,249.9,1000,True
CV000899,포르쉐 HPC 신세계백화점 대구점,CITYTOUR-0067,대구신세계백화점,328.6,1000,True
CV000902,국민건강보험공단 대구경북지역본부,CITYTOUR-0194,이월드(E-World),277.3,1000,True
CV000906,대구시_신암1동 행정복지센터,,,,1000,False
CV000908,대구시_공산동 행정복지센터,CITYTOUR-0148,신숭겸 장군 유적지,336.1,1000,True
CV000934,커들포드 카페,,,,1000,False
CV000952,동대구벤처밸리 기업성장지원센터,CITYTOUR-0067,대구신세계백화점,876.1,1000,True
CV000976,홈플러스 칠곡점,CITYTOUR-0105,문화예술거리 이태원길,262.1,1000,True
CV000977,포르쉐 데스티네이션 홈플러스 칠곡점,CITYTOUR-0105,문화예술거리 이태원길,294.4,1000,True
CV000978,한국산업기술평가관리원,,,,1000,False
CV000979,대구시_도동 측백향커뮤니티센터,CITYTOUR-0055,대구도동 측백나무숲,43.4,1000,True
CV000980,대구시_태전공원,CITYTOUR-0165,어울아트센터,353.0,1000,True
CV000981,대구시_수성소방서,,,,1000,False
CV000982,대구시_고산2동 행정복지센터,,,,1000,False
CV000985,행정안전부 정부청사관리본부 대구청사관리소,CITYTOUR-0193,이상화묘,358.7,1000,True
CV000991,대구테크노파크,CITYTOUR-0062,대구삼성라이온즈파크,341.3,1000,True
CV001002,(주)인터불고 엑스코,CITYTOUR-0220,패션디자인개발지원센터,118.8,1000,True
CV001048,대구시_유천동 행정복지센터,,,,1000,False
CV001076,서재 하이빌딩 전기차충전소,,,,1000,False
CV001113,동구 각산종합상가 전기차 충전소,,,,1000,False
CV001121,시설공단대구_신매2 공영주차장,,,,1000,False
CV001122,시설공단대구_신기 공영주차장,CITYTOUR-0135,섬유제품관,167.7,1000,True
CV001123,시설공단대구_호림1 공영주차장,,,,1000,False
CV001124,시설공단대구_호림2 공영주차장,,,,1000,False
CV001126,시설공단대구_본리2 공영주차장,CITYTOUR-0054,대구기업명품관,844.0,1000,True
CV001127,시설공단대구_서변1 공영주차장,,,,1000,False
CV001129,시설공단대구_갓바위3 공영주차장,,,,1000,False
CV001130,제봉뜰 두류봉제 지식산업센터,CITYTOUR-0128,삼덕동 벽화마을,354.9,1000,True
CV001171,대구시_서대구역(남측) 주차장,CITYTOUR-0196,이현공원,809.2,1000,True
CV001208,대구상수도사업본부 달서사업소,CITYTOUR-0212,코오롱야외음악당,544.0,1000,True
CV001219,(주)금오모빌리티,CITYTOUR-0049,대구공항 면세점,664.9,1000,True
CV001221,엑스코 제2전시장,CITYTOUR-0072,대구전시컨벤션센터(EXCO),101.2,1000,True
CV001223,JB관광호텔,,,,1000,False
CV001234,내당1동 행정복지센터,CITYTOUR-0194,이월드(E-World),994.0,1000,True
CV001241,시설공단대구_어린이회관 공영주차장,,,,1000,False
CV001242,시설공단대구_달서대로 공영주차장,,,,1000,False
CV001264,케이스식자재마트,,,,1000,False
CV001297,(주)젠텍스,CITYTOUR-0004,DTC섬유박물관,152.0,1000,True
CV001308,카페스톤 팔공산점,,,,1000,False
CV001314,노사평화의전당,CITYTOUR-0039,노사평화의 전당,82.5,1000,True
CV001316,관문시장제1공영주차장,CITYTOUR-0160,앞산해넘이 전망대,706.1,1000,True
CV001318,강당골공영주차장,CITYTOUR-0016,고산골 공룡공원,548.3,1000,True
CV001323,롯데렌탈 동대구점,CITYTOUR-0067,대구신세계백화점,637.1,1000,True
CV001343,서대구제일교회,CITYTOUR-0196,이현공원,902.7,1000,True
CV001354,다사문양리마을공동주차장,,,,1000,False
CV001396,대구테크노파크 대구벤처센터,CITYTOUR-0067,대구신세계백화점,834.0,1000,True
CV001397,대구테크노파크 신기술산업지원센터,,,,1000,False
CV001398,대구테크노파크 벤처공장,,,,1000,False
CV001426,경운대학교 대구교육관,,,,1000,False
CV001441,호텔인터불고대구 파크빌리지주차장,CITYTOUR-0170,영남제일관,303.9,1000,True
CV001462,아이빌,,,,1000,False
CV001464,시민생활스포츠센터,CITYTOUR-0048,대구간송미술관,517.0,1000,True
CV001488,대덕문화전당 주차장,CITYTOUR-0077,대덕문화전당,34.5,1000,True
CV001489,대구출판산업지원센터,CITYTOUR-0054,대구기업명품관,788.4,1000,True
CV001490,대구오페라하우스,CITYTOUR-0070,대구오페라하우스,35.0,1000,True
CV001491,대구스마트시티센터,CITYTOUR-0064,대구스타디움,571.7,1000,True
CV001492,대구소프트웨어고등학교,,,,1000,False
CV001493,대구달서구 청소년수련관 공영주차장,,,,1000,False
CV001494,대구 월광주차장,CITYTOUR-0185,월광수변공원,252.9,1000,True
CV001495,달성군민체육관,,,,1000,False
CV001496,달서아트센터,,,,1000,False
CV001525,옥녀공원,CITYTOUR-0023,국립대구과학관,842.8,1000,True
CV001529,빌리브스카이아파트,CITYTOUR-0054,대구기업명품관,760.7,1000,True
CV001534,비슬산자연휴양림 공영주차장,CITYTOUR-0137,소재사,583.1,1000,True
CV001544,대구육상진흥센터,CITYTOUR-0048,대구간송미술관,315.3,1000,True
CV001545,달성1차산업단지관리공단 주차장,,,,1000,False
CV001555,화원명곡체육공원주차장,CITYTOUR-0193,이상화묘,915.6,1000,True
CV001562,한국도로교통공단 대구교통방송,CITYTOUR-0156,앞산 카페거리,785.5,1000,True
CV001564,용산환승공영주차장,CITYTOUR-0054,대구기업명품관,106.8,1000,True
CV001566,불로다목적운동장 주차장,CITYTOUR-0083,동구 공예 전시장,861.8,1000,True
CV001580,대구북구청소년회관주차장,CITYTOUR-0072,대구전시컨벤션센터(EXCO),214.9,1000,True
CV001581,서변2공영주차장,,,,1000,False
CV001589,팔달공영주차장,,,,1000,False
CV001590,팔공산자연공원(동치골주차장),CITYTOUR-0144,수태골,211.3,1000,True
CV001592,칠성공영주차장,CITYTOUR-0221,패션쥬얼리 체험,621.7,1000,True
CV001594,지산공영주차장,,,,1000,False
CV001595,중리시영2차아파트,CITYTOUR-0226,한국섬유개발연구원,642.8,1000,True
CV001600,명문덴탈,,,,1000,False
CV001601,두류공원4공영주차장(두류테니스장 맞은편),CITYTOUR-0212,코오롱야외음악당,94.1,1000,True
CV001604,대구시_염색공단제3공영주차장,,,,1000,False
CV001605,대구시_염색공단제2공영주차장,,,,1000,False
CV001606,대구시_염색공단제1공영주차장,,,,1000,False
CV001619,동구보건소,CITYTOUR-0032,금호강 자연생태공원,384.9,1000,True
CV001623,달서교하부공영주차장,,,,1000,False
CV001626,화원시장공영주차장,,,,1000,False
CV001627,호산공영주차장,,,,1000,False
CV001631,용산2공영주차장,CITYTOUR-0054,대구기업명품관,921.7,1000,True
CV001632,신매3공영주차장,,,,1000,False
CV001634,본리1공영주차장,CITYTOUR-0054,대구기업명품관,855.1,1000,True
CV001635,대구월곡공영주차장,CITYTOUR-0184,월곡역사 박물관,205.1,1000,True
CV001636,대구시각장애인복지관,CITYTOUR-0054,대구기업명품관,623.0,1000,True
CV001637,달성군노인복지관,,,,1000,False
CV001638,달구벌재활스포츠센터,CITYTOUR-0054,대구기업명품관,566.0,1000,True
CV001646,대구광역시립남부도서관,CITYTOUR-0077,대덕문화전당,342.8,1000,True
CV001678,월광수변공원주차장,CITYTOUR-0185,월광수변공원,17.4,1000,True
CV001687,연암공원 남편주차장,,,,1000,False
CV001701,범어공영주차장,,,,1000,False
CV001706,현풍백년도깨비시장 공영주차장,CITYTOUR-0234,현풍석빙고,980.5,1000,True
CV001707,침산공원 주차장,,,,1000,False
CV001710,용산1공영주차장,CITYTOUR-0054,대구기업명품관,845.9,1000,True
CV001719,관음제1공영주차장,CITYTOUR-0165,어울아트센터,796.5,1000,True
CV001732,칠곡우방타운아파트,CITYTOUR-0211,칠곡향교,287.2,1000,True
CV001735,장기주공아파트,CITYTOUR-0054,대구기업명품관,397.5,1000,True
CV001743,시지천마타운아파트,,,,1000,False
CV001767,대구문화예술회관,CITYTOUR-0058,대구문화예술회관,27.3,1000,True
CV001768,달성종합스포츠파크,CITYTOUR-0235,현풍향교,845.3,1000,True
CV001779,화원자연휴양림,CITYTOUR-0100,마비정벽화마을,960.5,1000,True
CV001788,시지노인전문병원,,,,1000,False
CV001793,평리청구타운아파트,CITYTOUR-0226,한국섬유개발연구원,999.4,1000,True
CV001795,태전우방타운3차아파트,,,,1000,False
CV001802,옥포지구서한이다음아파트,,,,1000,False
CV001836,범어역우방유쉘아파트,CITYTOUR-0108,박물관 휴르,807.0,1000,True
CV001851,대구서구문화회관,CITYTOUR-0226,한국섬유개발연구원,340.0,1000,True
CV001885,호림1공영주차장,,,,1000,False
CV001891,호림2공영주차장,,,,1000,False
CV001894,종합유통단지 전자상가 공영주차장,CITYTOUR-0073,대구종합유통단지,65.3,1000,True
CV001895,종합유통단지 산업용재관남편공영주차장,CITYTOUR-0135,섬유제품관,297.6,1000,True
CV001904,범물공원공영주차장,,,,1000,False
CV001906,한국도로교통공단 대구지부,CITYTOUR-0160,앞산해넘이 전망대,546.3,1000,True
CV001925,힐스테이트데시앙도남4단지아파트,,,,1000,False
CV001941,대구 중구청 주차장,CITYTOUR-0026,국채보상운동기념공원,470.1,1000,True
CV001967,종합유통단지 코스트코서편공영주차장,CITYTOUR-0072,대구전시컨벤션센터(EXCO),278.6,1000,True
CV001969,수성못동편공영주차장,CITYTOUR-0141,수성아트피아,516.6,1000,True
CV001970,성당시장 공영주차장,CITYTOUR-0128,삼덕동 벽화마을,690.8,1000,True
CV001971,방촌공영주차장,CITYTOUR-0170,영남제일관,762.3,1000,True
CV001972,동구자원재활용센터선별장,CITYTOUR-0049,대구공항 면세점,706.2,1000,True
CV001973,대구동구청,CITYTOUR-0151,아양기찻길,345.8,1000,True
CV001974,대구 북구청 노원공영주차장,,,,1000,False
CV001976,경상감영공영주차장,CITYTOUR-0011,경상감영공원,20.9,1000,True
CV001994,수정한양아파트,CITYTOUR-0165,어울아트센터,518.0,1000,True
CV002012,월촌공영주차장,CITYTOUR-0184,월곡역사 박물관,743.2,1000,True
CV002014,와룡아랫공원지하공영주차장,CITYTOUR-0012,계명대학교 행소 박물관,882.1,1000,True
CV002033,상인2공영주차장,CITYTOUR-0184,월곡역사 박물관,533.6,1000,True
CV002034,상인1공영주차장,CITYTOUR-0184,월곡역사 박물관,693.8,1000,True
CV002048,달서구 청사 부설주차장,CITYTOUR-0175,온천엘리바덴,822.2,1000,True
CV002068,대한불교조계종 대관음사,,,,1000,False
CV002069,나라키움 대구통합청사,CITYTOUR-0208,첨단의료복합단지,376.7,1000,True
CV002072,침산1동ECO주차장,,,,1000,False
CV002085,가창체육공원,,,,1000,False
CV002087,차량등록사업소 본소,CITYTOUR-0108,박물관 휴르,559.5,1000,True
CV002099,한국뇌연구원 제1주차장,CITYTOUR-0208,첨단의료복합단지,673.3,1000,True
CV002107,수성구청,CITYTOUR-0108,박물관 휴르,860.7,1000,True
CV002115,혁신도시 공영주차장,CITYTOUR-0208,첨단의료복합단지,337.4,1000,True
CV002128,안심공영주차장,,,,1000,False
CV002131,동부여성문화회관 주차장,,,,1000,False
CV002134,도로교통공단 대구운전면허시험장,,,,1000,False
CV002139,대구공항1공영주차장,CITYTOUR-0049,대구공항 면세점,276.8,1000,True
CV002144,올림픽기념국민생활관,,,,1000,False
CV002150,서재문화체육센터,,,,1000,False
CV002155,달성군청소년센터,,,,1000,False
CV002158,광장타운2차아파트,CITYTOUR-0212,코오롱야외음악당,732.4,1000,True
CV002163,외환들공영주차장,CITYTOUR-0048,대구간송미술관,65.3,1000,True
CV002169,대구스케일업허브,CITYTOUR-0067,대구신세계백화점,894.1,1000,True
CV002174,축산물도매시장(농수산물도매시장),CITYTOUR-0072,대구전시컨벤션센터(EXCO),927.1,1000,True
CV002175,신천역센트럴리버파크아파트 6주차장,,,,1000,False
CV002176,신천역센트럴리버파크아파트 5주차장,,,,1000,False
CV002177,신천역센트럴리버파크아파트 4주차장,,,,1000,False
CV002178,신천역센트럴리버파크아파트 3주차장,,,,1000,False
CV002179,신천역센트럴리버파크아파트 2주차장,,,,1000,False
CV002180,신천역센트럴리버파크아파트 1주차장,,,,1000,False
CV002181,상인공영주차장,CITYTOUR-0184,월곡역사 박물관,420.7,1000,True
CV002188,SW융합테크비즈센터,CITYTOUR-0062,대구삼성라이온즈파크,465.3,1000,True
CV002189,평화시장공영주차장,,,,1000,False
CV002191,성서국민체육센터,,,,1000,False
CV002196,대구경북디자인진흥원,CITYTOUR-0067,대구신세계백화점,920.0,1000,True
CV002197,남산공영주차장,CITYTOUR-0037,남산동 가톨릭타운,113.8,1000,True
CV002201,율하체육공원,,,,1000,False
CV002202,위남마을공용주차장,CITYTOUR-0098,롯데몰 이시아폴리스점,906.3,1000,True
CV002203,다사체육공원,,,,1000,False
CV002237,한국뇌연구원주차장,CITYTOUR-0208,첨단의료복합단지,582.1,1000,True
CV002238,대구수목원관리사무소 3주차장,CITYTOUR-0063,대구수목원,248.7,1000,True
CV002243,티스테이션 수성점,CITYTOUR-0094,들안길 먹거리타운,501.1,1000,True
CV002249,두산레포츠센터 부설주차장,CITYTOUR-0107,미즈사키 린따로 묘소,464.5,1000,True
CV002250,두산레포츠센터 부설주차장 지하1층,CITYTOUR-0107,미즈사키 린따로 묘소,464.5,1000,True
CV002253,달성군청사 주차장,,,,1000,False
CV002262,제림주택은하아파트,,,,1000,False
CV002266,상인동화태왕한양타운아파트,CITYTOUR-0184,월곡역사 박물관,207.2,1000,True
CV002271,대곡주공9단지아파트,,,,1000,False
CV002279,봉무공원제1주차장,CITYTOUR-0113,봉무공원,39.2,1000,True
CV002288,화성그랜드파크아파트 307동,CITYTOUR-0178,옻골동산,868.2,1000,True
CV002289,화성그랜드파크아파트 306동,CITYTOUR-0178,옻골동산,934.1,1000,True
CV002290,화성그랜드파크아파트 305동,CITYTOUR-0105,문화예술거리 이태원길,970.1,1000,True
CV002291,화성그랜드파크아파트 302동,CITYTOUR-0105,문화예술거리 이태원길,843.4,1000,True
CV002292,화성그랜드파크아파트 301동,CITYTOUR-0105,문화예술거리 이태원길,866.2,1000,True
CV002298,십분의칠,CITYTOUR-0203,자연염색박물관,910.6,1000,True
CV002302,서리지 주차장,,,,1000,False
CV002320,한국섬유개발연구원,CITYTOUR-0226,한국섬유개발연구원,37.6,1000,True
CV002321,티스테이션 남대구IC점,,,,1000,False
CV002324,월광5주차장,CITYTOUR-0185,월광수변공원,453.3,1000,True
CV002336,두류수영장,CITYTOUR-0093,두류공원,172.9,1000,True
CV002346,대구체육관,CITYTOUR-0008,경북대학교 가로수길(백양로),610.1,1000,True
CV002347,대구영일택시,CITYTOUR-0178,옻골동산,826.5,1000,True
CV002348,달성농수산물종합유통센터,,,,1000,False
CV002350,큰골주차장,,,,1000,False
CV002351,대구삼성라이온즈파크 달구벌주차장,CITYTOUR-0062,대구삼성라이온즈파크,379.4,1000,True
CV002358,화랑공원,CITYTOUR-0046,대구 아쿠아리움,843.5,1000,True
CV002371,앞산빨래터 공영주차장,CITYTOUR-0160,앞산해넘이 전망대,32.4,1000,True
CV002372,시지공영주차장,,,,1000,False
CV002377,파계사 공영주차장,CITYTOUR-0132,삼충사 묘정각,553.4,1000,True
CV002388,대구테크노폴리스LH천년나무3단지,CITYTOUR-0234,현풍석빙고,664.6,1000,True
CV002389,대구농수산물도매시장(수산),,,,1000,False
CV002390,대구농수산물도매시장(농산),,,,1000,False
CV002393,갓바위2공영주차장,,,,1000,False
CV002394,갓바위1공영주차장,,,,1000,False
CV002397,테크노폴리스천년나무1단지,CITYTOUR-0234,현풍석빙고,873.6,1000,True
CV002401,동대구역더샵센터시티아파트,CITYTOUR-0067,대구신세계백화점,855.3,1000,True
CV002431,침산화성파크드림,CITYTOUR-0070,대구오페라하우스,925.9,1000,True
CV002440,수성데시앙리버뷰아파트,,,,1000,False
CV002468,영신고등학교,CITYTOUR-0113,봉무공원,215.4,1000,True
CV002471,국채보상운동기념공원주차장,CITYTOUR-0026,국채보상운동기념공원,233.2,1000,True
CV002516,달성군교육문화복지센터,CITYTOUR-0023,국립대구과학관,808.4,1000,True
CV002570,대구시민운동장,CITYTOUR-0070,대구오페라하우스,369.0,1000,True
CV002607,수성롯데캐슬더퍼스트아파트 301동,CITYTOUR-0033,김광석 다시 그리기 길,578.6,1000,True
CV002608,수성롯데캐슬더퍼스트아파트 206동,CITYTOUR-0033,김광석 다시 그리기 길,563.0,1000,True
CV002609,수성롯데캐슬더퍼스트 아파트 107동,CITYTOUR-0033,김광석 다시 그리기 길,392.7,1000,True
CV002620,티스테이션 달서점,CITYTOUR-0213,퀸스로드,750.5,1000,True
CV002623,신월초등학교,CITYTOUR-0175,온천엘리바덴,566.8,1000,True
CV002633,티스테이션 대구강북점,CITYTOUR-0211,칠곡향교,665.1,1000,True
CV002669,한실초등학교,CITYTOUR-0063,대구수목원,870.3,1000,True
CV002689,대구시_대구국가산업단지2공영주차장,CITYTOUR-0039,노사평화의 전당,484.2,1000,True
CV002690,대구시_대구국가산업단지1공영주차장,CITYTOUR-0039,노사평화의 전당,484.2,1000,True
CV002715,범어월드메르디앙이스턴카운티아파트,,,,1000,False
CV002733,한국농어촌공사 경북지역본부,,,,1000,False
CV002735,대구옥포LH천년나무2단지 206동,,,,1000,False
CV002736,대구옥포LH천년나무2단지 209동,,,,1000,False
CV002766,대구칠곡부영7단지아파트 707동,,,,1000,False
CV002767,대구칠곡부영7단지아파트 703동,,,,1000,False
CV002776,월성동삼성래미안아파트,CITYTOUR-0175,온천엘리바덴,583.5,1000,True
CV002798,알파센트럴빌딩,CITYTOUR-0062,대구삼성라이온즈파크,770.0,1000,True
CV002819,대구범어초등학교,CITYTOUR-0108,박물관 휴르,683.6,1000,True
CV002838,대구MBC,,,,1000,False
CV002855,학정청아람아파트 103동,,,,1000,False
CV002856,학정청아람아파트 102동,,,,1000,False
CV002857,학정청아람아파트 101동,,,,1000,False
CV002862,대구시_구지창리주차장,,,,1000,False
CV002872,대구다사주공2단지아파트,,,,1000,False
CV002913,대구시_하빈무등리공영주차장,,,,1000,False
CV002914,대구시_옻골동산,CITYTOUR-0178,옻골동산,24.3,1000,True
CV002915,대구시_대구서구청소년수련관,CITYTOUR-0196,이현공원,282.9,1000,True
CV002939,수성유원지주차장,CITYTOUR-0140,수성못유원지,44.5,1000,True
CV002940,제2석굴암 주차장2,CITYTOUR-0027,군위 삼존석굴,506.4,1000,True
CV002950,문화회관,CITYTOUR-0121,사라온이야기마을,655.1,1000,True
CV002951,군위보건소,CITYTOUR-0029,군위향교,606.5,1000,True
CV002952,농업기술센터 주차장,CITYTOUR-0186,위천수변테마공원,852.7,1000,True
CV002956,대구시_연경체육공원,,,,1000,False
CV002973,송해공원 5주차장,CITYTOUR-0174,옥연지 송해공원,320.2,1000,True
CV002995,황금빌딩,CITYTOUR-0094,들안길 먹거리타운,632.4,1000,True
CV003039,대구화성파크드림갤러리,CITYTOUR-0070,대구오페라하우스,970.3,1000,True
CV003040,대구스타디움 제2주차장,CITYTOUR-0064,대구스타디움,213.2,1000,True
CV003041,대구스타디움 제1주차장,CITYTOUR-0064,대구스타디움,194.6,1000,True
CV003042,대구소방안전본부,CITYTOUR-0054,대구기업명품관,780.2,1000,True
CV003062,홈플러스 남대구점,CITYTOUR-0153,안지랑 곱창골목,464.8,1000,True
CV003063,대구시_한국도로공사 칠곡영업소,CITYTOUR-0165,어울아트센터,683.2,1000,True
CV003064,대구시_파동교네거리주차장,,,,1000,False
CV003065,대구시_파계사주차장,CITYTOUR-0132,삼충사 묘정각,557.6,1000,True
CV003066,대구시_월광수변공원주차장,CITYTOUR-0185,월광수변공원,9.0,1000,True
CV003067,대구시_아이빌,,,,1000,False
CV003068,대구시_복현장미공원,CITYTOUR-0008,경북대학교 가로수길(백양로),720.4,1000,True
CV003069,대구시_대구체육관,CITYTOUR-0008,경북대학교 가로수길(백양로),622.4,1000,True
CV003070,대구시_대구은행 본리동지점,,,,1000,False
CV003071,대구시_대구상공회의소,CITYTOUR-0108,박물관 휴르,927.9,1000,True
CV003072,대구시_대구명복공원,CITYTOUR-0103,모명재,633.1,1000,True
CV003073,(임시운영중지)대구시_대구국제사격장,CITYTOUR-0052,대구국제사격장(사격체험),338.3,1000,True
CV003074,대구시_대구공공시설관리공단달서천사업소,,,,1000,False
CV003075,대구시_구암동행정복지센터,CITYTOUR-0105,문화예술거리 이태원길,857.7,1000,True
CV003076,대구시_DGB대구은행 파동지점,CITYTOUR-0140,수성못유원지,413.2,1000,True
CV003077,대구시_DGB대구은행 시지지점,,,,1000,False
CV003078,대구시_현풍읍행정복지센터,CITYTOUR-0234,현풍석빙고,332.5,1000,True
CV003079,대구시_해안동행복복지센터,,,,1000,False
CV003080,대구시_한국산업단지공단달성사무소,,,,1000,False
CV003081,대구시_펙스코 패션디자인개발지원센터,CITYTOUR-0220,패션디자인개발지원센터,98.9,1000,True
CV003082,대구시_충혼탑,CITYTOUR-0159,앞산전망대,307.3,1000,True
CV003083,대구시_첨단의료산업진흥재단,CITYTOUR-0208,첨단의료복합단지,346.6,1000,True
CV003084,대구시_진천동행정복지센터,,,,1000,False
CV003085,대구시_지산공영주차장,,,,1000,False
CV003086,대구시_이천동행정복지센터,CITYTOUR-0195,이천동 고미술거리,137.9,1000,True
CV003087,대구시_이곡1동행정복지센터,,,,1000,False
CV003088,대구시_유니버시아드 레포츠센터,,,,1000,False
CV003089,대구시_월성2동행정복지센터,CITYTOUR-0175,온천엘리바덴,708.4,1000,True
CV003090,대구시_월성1동행정복지센터,CITYTOUR-0175,온천엘리바덴,656.9,1000,True
CV003091,대구시_원대동행정복지센터,,,,1000,False
CV003092,대구시_용산2동행정복지센터,,,,1000,False
CV003093,대구시_용산1동행정복지센터,CITYTOUR-0054,대구기업명품관,811.6,1000,True
CV003096,대구시_앞산공원 공영주차장,CITYTOUR-0158,앞산공원,44.8,1000,True
CV003097,대구시_아양아트센터,CITYTOUR-0152,아양아트센터,83.3,1000,True
CV003098,대구시_신암공원,,,,1000,False
CV003099,대구시_송현1동행정복지센터,,,,1000,False
CV003100,대구시_송현1동2공영주차장,,,,1000,False
CV003102,대구시_성서체육공원주차장,,,,1000,False
CV003103,대구시_성당동행정복지센터,CITYTOUR-0058,대구문화예술회관,764.2,1000,True
CV003104,대구시_서부법원 노상주차장,CITYTOUR-0054,대구기업명품관,405.0,1000,True
CV003105,대구시_서대구산업단지근로자복지회관,CITYTOUR-0226,한국섬유개발연구원,100.5,1000,True
CV003106,대구시_서구국민체육센터,CITYTOUR-0196,이현공원,180.2,1000,True
CV003107,대구시_상중이동행정복지센터,CITYTOUR-0226,한국섬유개발연구원,197.6,1000,True
CV003109,대구시_상인2동행정복지센터,CITYTOUR-0184,월곡역사 박물관,986.8,1000,True
CV003110,대구시_상인1동행정복지센터,CITYTOUR-0184,월곡역사 박물관,463.7,1000,True
CV003111,대구시_비슬산자연휴양림공영주차장,CITYTOUR-0137,소재사,538.8,1000,True
CV003115,대구시_본동행정복지센터,,,,1000,False
CV003116,대구시_반야월공영주차장,CITYTOUR-0097,롯데 아울렛 대구 율하점,910.1,1000,True
CV003117,대구시_문양역공영주차장,,,,1000,False
CV003118,대구시_매천경로당,,,,1000,False
CV003119,대구시_두류공원1공영주차장,CITYTOUR-0093,두류공원,65.2,1000,True
CV003120,대구시_고산1동행정복지센터,,,,1000,False
CV003121,대구시_두류 12동 행정복지센터,CITYTOUR-0128,삼덕동 벽화마을,506.2,1000,True
CV003122,대구시_동촌유원지,CITYTOUR-0089,동촌유원지,139.6,1000,True
CV003123,대구시_동대구복합환승센터,CITYTOUR-0067,대구신세계백화점,313.2,1000,True
CV003124,대구시_동구청,CITYTOUR-0151,아양기찻길,360.5,1000,True
CV003125,대구시_도원동 행정복지센터,,,,1000,False
CV003126,대구시_도시관리본부,,,,1000,False
CV003127,대구시_대명9동 행정복지센터,CITYTOUR-0156,앞산 카페거리,99.8,1000,True
CV003128,대구시_대명5동행정복지센터,,,,1000,False
CV003129,대구시_대덕승마장,CITYTOUR-0184,월곡역사 박물관,965.0,1000,True
CV003130,(임시운영중지)대구시_대구환경공단 안심관리소,,,,1000,False
CV003131,대구시_대구테크노파크 동대구캠퍼스 2동,CITYTOUR-0067,대구신세계백화점,815.0,1000,True
CV003132,대구시_대구차량등록사업소 서부분소,,,,1000,False
CV003133,대구시_대구의료원,CITYTOUR-0213,퀸스로드,409.6,1000,True
CV003134,대구시_대구은행 제2본점영업부,CITYTOUR-0070,대구오페라하우스,384.0,1000,True
CV003136,대구시_대구부광교회,,,,1000,False
CV003137,대구시_대구과학관,CITYTOUR-0023,국립대구과학관,108.1,1000,True
CV003138,대구시_대구공공시설관리공단서부사업소,CITYTOUR-0044,달성습지,953.9,1000,True
CV003139,대구시_대구공공시설관리공단 상리사업소,,,,1000,False
CV003140,대구시_달성문화센터,,,,1000,False
CV003141,대구시_달성군청,,,,1000,False
CV003142,대구시_달성군농업기술센터,,,,1000,False
CV003143,대구시_다사읍 행정복지센터 서재출장소,,,,1000,False
CV003144,대구시_농수산물도매시장,,,,1000,False
CV003145,대구시_논공읍공단출장소,,,,1000,False
CV003146,대구시_논공읍 행정복지센터,,,,1000,False
CV003148,대구시_관문동행정복지센터,,,,1000,False
CV003149,대구시_갓바위공영5주차장,,,,1000,False
CV003150,대구시_가창면행정복지센터,CITYTOUR-0167,에코테마파크 대구 숲(휴업중),921.9,1000,True
CV003158,대구시_다사읍사무소,,,,1000,False
CV003159,대구시_다사체육공원,,,,1000,False
CV003162,영남이공대학교 행복기숙사,CITYTOUR-0051,대구교육대학교 교육박물관,853.3,1000,True
CV003163,영남이공대학교 사회관,CITYTOUR-0051,대구교육대학교 교육박물관,813.1,1000,True
CV003165,대구시_고산노인복지관,,,,1000,False
CV003176,미리샘마을주공2단지아파트 P-4주차장,,,,1000,False
CV003177,미리샘마을주공2단지아파트 P-3주차장,,,,1000,False
CV003178,미리샘마을주공2단지아파트 P-2주차장,,,,1000,False
CV003179,미리샘마을주공2단지아파트 P-1주차장,,,,1000,False
CV003181,대구시_대구공공시설관리공단 동부사업소,CITYTOUR-0107,미즈사키 린따로 묘소,612.5,1000,True
CV003185,근로복지공단대구병원,,,,1000,False
CV003193,수성데시앙리버뷰 지하2층,,,,1000,False
CV003194,수성데시앙리버뷰 지하1층,,,,1000,False
CV003205,한국전자통신연구원 대경권연구센터,CITYTOUR-0023,국립대구과학관,672.2,1000,True
CV003209,대구다사주공1단지아파트,,,,1000,False
CV003237,대구 장애인 국민체육센터,CITYTOUR-0065,대구스포츠 기념관,580.6,1000,True
CV003256,삼국유사테마파크,CITYTOUR-0127,삼국유사테마파크,125.2,1000,True
CV003258,군위군청 주차장,CITYTOUR-0121,사라온이야기마을,866.7,1000,True
CV003276,서대구세무서,CITYTOUR-0212,코오롱야외음악당,519.2,1000,True
CV003282,대구의료원본관,CITYTOUR-0213,퀸스로드,451.9,1000,True
CV003283,대구의료원라파엘관,CITYTOUR-0213,퀸스로드,553.3,1000,True
CV003284,대구의료원국화원,CITYTOUR-0213,퀸스로드,545.9,1000,True
CV003286,남대구세무서,CITYTOUR-0058,대구문화예술회관,605.9,1000,True
CV003304,시지6차태왕리더스,,,,1000,False
CV003315,복현3차서한이다음,CITYTOUR-0220,패션디자인개발지원센터,868.5,1000,True
CV003352,대구신서혁신LH천년나무14단지아파트,,,,1000,False
CV003353,대구신서혁신LH천년나무13단지아파트,,,,1000,False
CV003360,죽곡휴먼시아1단지아파트,,,,1000,False
CV003428,대구시_검단동행정복지센터,,,,1000,False
CV003437,대구광역시선거관리위원회,CITYTOUR-0226,한국섬유개발연구원,499.0,1000,True
CV003444,대구시_고산3동행정복지센터,,,,1000,False
CV003445,대구시_올브랜서편공영주차장,CITYTOUR-0135,섬유제품관,227.2,1000,True
CV003446,대구시_평리3동행정복지센터,,,,1000,False
CV003447,대구시_평리1동행정복지센터,,,,1000,False
CV003449,대구시_신매3공영주차장,,,,1000,False
CV003450,대구시_시청별관,CITYTOUR-0008,경북대학교 가로수길(백양로),823.6,1000,True
CV003451,대구시_시지근린공원,,,,1000,False
CV003452,대구시_수성아트피아,CITYTOUR-0141,수성아트피아,81.1,1000,True
CV003453,대구시_수성대학교 입구(좌),CITYTOUR-0166,에스투뷰텍 라운지,240.8,1000,True
CV003454,대구시_수성대학교 입구(우),CITYTOUR-0166,에스투뷰텍 라운지,240.8,1000,True
CV003455,대구시_상동행정복지센터,CITYTOUR-0139,수성랜드,379.4,1000,True
CV003456,대구시_산격2동행정복지센터,CITYTOUR-0008,경북대학교 가로수길(백양로),787.8,1000,True
CV003457,대구시_비산4동행정복지센터,CITYTOUR-0133,서문시장,622.2,1000,True
CV003458,대구시_비산1동행정복지센터,,,,1000,False
CV003459,대구시_북구청,CITYTOUR-0070,대구오페라하우스,836.6,1000,True
CV003460,대구시_복현2동행정복지센터,,,,1000,False
CV003461,대구시_매천역환승공영주차장,,,,1000,False
CV003462,대구시_만촌3동행정복지센터,CITYTOUR-0103,모명재,319.7,1000,True
CV003463,대구시_만촌2동행정복지센터,CITYTOUR-0103,모명재,430.1,1000,True
CV003464,대구시_두산오거리,CITYTOUR-0141,수성아트피아,354.4,1000,True
CV003465,대구시_동천동행정복지센터,CITYTOUR-0105,문화예술거리 이태원길,693.4,1000,True
CV003466,대구시_동림플라자,,,,1000,False
CV003468,대구시_관음동행정복지센터,CITYTOUR-0211,칠곡향교,676.7,1000,True
CV003479,대구시_율하체육공원3주차장,,,,1000,False
CV003480,대구시_수성구청,CITYTOUR-0108,박물관 휴르,916.9,1000,True
CV003482,대구시_서문주차빌딩,CITYTOUR-0133,서문시장,35.1,1000,True
CV003483,대구시_서구청,,,,1000,False
CV003484,대구시_달서구청,CITYTOUR-0175,온천엘리바덴,845.0,1000,True
CV003485,대구시_갓바위공영3주차장,CITYTOUR-0006,갓바위,101.6,1000,True
CV003535,대구은행 제2본점영업부,CITYTOUR-0070,대구오페라하우스,356.6,1000,True
CV003559,대구은행 본점,CITYTOUR-0033,김광석 다시 그리기 길,765.0,1000,True
CV003560,대구은행 국가산단지점,CITYTOUR-0039,노사평화의 전당,602.3,1000,True
CV003565,대구시_외환들공영주차장,CITYTOUR-0059,대구미술관,138.6,1000,True
CV003566,대구시_어린이회관,,,,1000,False
CV003567,대구시_오리1리마을회관,,,,1000,False
CV003568,대구시_지산1동행정복지센터,,,,1000,False
CV003569,대구시_중동행정복지센터,CITYTOUR-0094,들안길 먹거리타운,803.2,1000,True
CV003570,대구시_동인동 행정복지센터,CITYTOUR-0129,삼덕동벽화골목,357.6,1000,True
CV003571,대구시_대구시청 지상1층,CITYTOUR-0026,국채보상운동기념공원,278.1,1000,True
CV003572,대구시_남산4동 행정복지센터,CITYTOUR-0202,자동차 부속상 거리,65.3,1000,True
CV003573,대구시_국채보상운동기념공원주차장,CITYTOUR-0026,국채보상운동기념공원,72.8,1000,True
CV003646,신암뜨란채 109동,,,,1000,False
CV003647,신암뜨란채 106동,,,,1000,False
CV003648,신암뜨란채 103동,,,,1000,False
CV003672,대구노원한신더휴아파트 지하2층,,,,1000,False
CV003673,대구노원한신더휴아파트 지하1층,,,,1000,False
CV003674,대구노원한신더휴아파트,,,,1000,False
CV003698,하나로마트 군위유통센터,CITYTOUR-0009,경북대학교 박물관,392.2,1000,True
CV003716,하나로마트 군위유통센터,CITYTOUR-0009,경북대학교 박물관,420.1,1000,True
CV003728,대구은행 성서공단영업부,,,,1000,False
CV003763,하나로마트 농협성서점,CITYTOUR-0054,대구기업명품관,156.3,1000,True
CV003786,홈플러스 대구수성점,CITYTOUR-0094,들안길 먹거리타운,643.7,1000,True
CV003792,신천역센트럴리버파크 지상1층,,,,1000,False
CV003800,대구시_성서2공영주차장,,,,1000,False
CV003801,대구시_성서4공영주차장,,,,1000,False
CV003862,범어유림노르웨이숲 지하2층 103동,,,,1000,False
CV003863,범어유림노르웨이숲 지하2층,,,,1000,False
CV003864,범어유림노르웨이숲 지하1층,,,,1000,False
CV003871,군위서부LH천년나무1단지,CITYTOUR-0029,군위향교,373.8,1000,True
CV003914,침산제일아파트,CITYTOUR-0070,대구오페라하우스,704.3,1000,True
CV003916,율하휴먼시아10단지,,,,1000,False
CV003917,율하휴먼시아6단지 603동,CITYTOUR-0097,롯데 아울렛 대구 율하점,455.5,1000,True
CV003918,율하휴먼시아6단지 601동611동,CITYTOUR-0097,롯데 아울렛 대구 율하점,362.2,1000,True
CV004040,화성그랜드파크 지하1층303동,CITYTOUR-0105,문화예술거리 이태원길,863.7,1000,True
CV004041,화성그랜드파크 지상1층308동,CITYTOUR-0178,옻골동산,821.8,1000,True
CV004042,화성그랜드파크 지상1층307동,CITYTOUR-0178,옻골동산,840.9,1000,True
CV004043,화성그랜드파크 지상1층301동,CITYTOUR-0105,문화예술거리 이태원길,863.7,1000,True
CV004072,화성그랜드파크 지하2층 307동,CITYTOUR-0105,문화예술거리 이태원길,863.7,1000,True
CV004086,대구시엠월드,CITYTOUR-0196,이현공원,609.1,1000,True
CV004097,영남네오빌 112동,CITYTOUR-0170,영남제일관,771.4,1000,True
CV004098,영남네오빌 108동,CITYTOUR-0170,영남제일관,617.0,1000,True
CV004099,영남네오빌 107동,CITYTOUR-0024,국립대구기상과학관,668.6,1000,True
CV004100,영남네오빌 106동,CITYTOUR-0024,국립대구기상과학관,713.7,1000,True
CV004101,영남네오빌 105동,CITYTOUR-0024,국립대구기상과학관,761.9,1000,True
CV004102,영남네오빌 102동,CITYTOUR-0024,국립대구기상과학관,806.0,1000,True
CV004103,영남네오빌,CITYTOUR-0024,국립대구기상과학관,841.1,1000,True
CV004104,수성구 제2구민운동장,,,,1000,False
CV004108,농협경제지주 대구태평로공판장,CITYTOUR-0221,패션쥬얼리 체험,381.5,1000,True
CV004116,대구공항2공영주차장,CITYTOUR-0049,대구공항 면세점,67.6,1000,True
CV004134,가천졸음쉼터(대구방향),,,,1000,False
CV004253,전통시장,CITYTOUR-0121,사라온이야기마을,478.3,1000,True
CV004267,보그워너디티씨,CITYTOUR-0039,노사평화의 전당,332.2,1000,True
CV004296,대구광역시 도시관리본부,,,,1000,False
CV004302,평리3동공공복합청사 주차장,,,,1000,False
CV004305,대구시_성서3공영주차장,CITYTOUR-0076,대구환경공단,322.5,1000,True
CV004317,대구시_서대구역광장2주차장,CITYTOUR-0196,이현공원,495.0,1000,True
CV004318,대구시_서대구역광장1주차장,CITYTOUR-0196,이현공원,583.7,1000,True
CV004321,에덴공항1차아파트,CITYTOUR-0083,동구 공예 전시장,283.7,1000,True
CV004326,한국농어촌공사 달성지사(신축),,,,1000,False
CV004336,대구시_성서1공영주차장,,,,1000,False
CV004339,대구시_대구동구복합혁신센터,,,,1000,False
CV004351,불로우방맨션,CITYTOUR-0049,대구공항 면세점,446.6,1000,True
CV004353,디아크문화관주차장,CITYTOUR-0007,강정고령보 - 디아크(The ARC),67.2,1000,True
CV004390,포르쉐 센터 아우토슈타트 대구 서비스센터,CITYTOUR-0073,대구종합유통단지,954.7,1000,True
CV004391,포르쉐 센터 아우토슈타트 대구,CITYTOUR-0094,들안길 먹거리타운,779.5,1000,True
CV004423,렉서스 서대구 전시장(와이엠렉서스),,,,1000,False
CV004427,렉서스 대구(와이엠렉서스),CITYTOUR-0141,수성아트피아,598.7,1000,True
CV004428,렉서스 남대구 서비스센터(와이엠렉서스),CITYTOUR-0175,온천엘리바덴,781.8,1000,True
CV004443,신용보증기금본점,CITYTOUR-0208,첨단의료복합단지,878.0,1000,True
CV004463,월성1동복합청사,CITYTOUR-0175,온천엘리바덴,241.8,1000,True
CV004464,신매시장공영주차장,,,,1000,False
CV004465,하운드호텔 대구혁신도시점,,,,1000,False
CV004476,경창산업,CITYTOUR-0076,대구환경공단,485.4,1000,True
CV004482,대구수목원관리사무소 1주차장,CITYTOUR-0063,대구수목원,18.9,1000,True
CV004491,대구제일고등학교,CITYTOUR-0043,달성공원,648.7,1000,True
CV004500,경창산업 달성지사,,,,1000,False
CV004510,뉴수성하와이,CITYTOUR-0107,미즈사키 린따로 묘소,474.4,1000,True
CV004532,대한정형외과의원,,,,1000,False
CV004541,수성행복드림센터,CITYTOUR-0166,에스투뷰텍 라운지,270.5,1000,True
CV004550,범어동 근린생활시설,,,,1000,False
CV004551,군위 세대희망허브센터,CITYTOUR-0121,사라온이야기마을,86.7,1000,True
CV004553,대구의료기술시험연수원,CITYTOUR-0208,첨단의료복합단지,323.2,1000,True
CV004555,KS택시,CITYTOUR-0094,들안길 먹거리타운,886.6,1000,True
CV004556,화원유원지,CITYTOUR-0123,사문진나루터,248.3,1000,True
CV004568,앞산공원 달서별빛캠프주차장,,,,1000,False
CV004598,대구도서관,,,,1000,False
CV004606,대구한의대병원역,,,,1000,False
CV004614,월배노인종합복지관,,,,1000,False
CV004674,기아 대구지점,CITYTOUR-0069,대구예술발전소,538.8,1000,True
CV004690,대구시_진천환승공영주차장,,,,1000,False
CV004698,경일빌딩,CITYTOUR-0111,벨벳 갤러리 영도다움,219.5,1000,True
CV004699,엠스타하우스,,,,1000,False
CV004700,대구대성주차장,CITYTOUR-0230,한방 화장품 만들기 체험,160.2,1000,True
CV004701,대구파티마병원,,,,1000,False
CV004702,비상,,,,1000,False
CV004714,대구시_제3산단 혁신지원센터 및 복합문화센터,,,,1000,False
CV004736,논공휴게소(대구방향),,,,1000,False
DC530001,상인장미4단지아파트,,,,1000,False
DC530002,만촌자이르네,CITYTOUR-0166,에스투뷰텍 라운지,503.1,1000,True
DC530003,만촌자이르네,CITYTOUR-0166,에스투뷰텍 라운지,578.4,1000,True
DC530004,만촌자이르네,CITYTOUR-0166,에스투뷰텍 라운지,667.3,1000,True
DC530005,계성중학교,CITYTOUR-0133,서문시장,119.6,1000,True
DC530006,죽전역에일린의뜰 야외주차장,CITYTOUR-0054,대구기업명품관,964.9,1000,True
DC530007,죽전역에일린의뜰 103동,CITYTOUR-0213,퀸스로드,934.4,1000,True
DC530008,죽전역에일린의뜰 105동,CITYTOUR-0213,퀸스로드,862.7,1000,True
DC530009,죽전역에일린의뜰 111동,CITYTOUR-0213,퀸스로드,775.1,1000,True
DC530010,엑소디움센트럴동인 102동,,,,1000,False
DC530011,엑소디움센트럴동인 105동,,,,1000,False
DC530012,수성푸르지오리버센트 105동,CITYTOUR-0094,들안길 먹거리타운,747.3,1000,True
DC530013,수성푸르지오리버센트 107동,CITYTOUR-0094,들안길 먹거리타운,687.0,1000,True
DC530014,수성푸르지오리버센트 후출입구,CITYTOUR-0094,들안길 먹거리타운,699.5,1000,True
DC530015,죽전역화성파크드림 지하1층,CITYTOUR-0054,대구기업명품관,318.8,1000,True
DC530016,죽전역화성파크드림 지하2층,CITYTOUR-0054,대구기업명품관,331.6,1000,True
DC530017,강북태왕아너스더퍼스,CITYTOUR-0105,문화예술거리 이태원길,537.0,1000,True
DC530018,동대구에일린의뜰 지하2층 21라인,,,,1000,False
DC530019,동대구에일린의뜰 지하2층 23라인,CITYTOUR-0008,경북대학교 가로수길(백양로),984.0,1000,True
DC530020,북구청푸르지오에듀포레,,,,1000,False
DC530021,대봉서한이다음,CITYTOUR-0075,대구향교,238.5,1000,True
DC530022,시지월드메르디앙 102동,,,,1000,False
DC530023,시지월드메르디앙 104동,,,,1000,False
DC530024,침산쌍용아파트 102동 지하주차장,CITYTOUR-0070,대구오페라하우스,659.3,1000,True
DC530025,침산쌍용아파트 104동 지하주차장,CITYTOUR-0070,대구오페라하우스,636.7,1000,True
DC530029,진천트윈팰리스,,,,1000,False
DG110009,동인동행정복지센터,CITYTOUR-0129,삼덕동벽화골목,348.0,1000,True
DO000034,강당골 공영주차장,CITYTOUR-0016,고산골 공룡공원,533.7,1000,True
DYME2012,대구 엠플라자,CITYTOUR-0212,코오롱야외음악당,627.0,1000,True
EBSSBILL,상신빌리지,CITYTOUR-0129,삼덕동벽화골목,348.5,1000,True
EC000049,반월당삼정그린코아 103동 지하4층,CITYTOUR-0018,관덕정 순교 기념관,266.4,1000,True
EC000100,명곡미래빌3단지,,,,1000,False
EC000145,침산동쌍용예가2차아파트 B1,,,,1000,False
EC000154,현대하이페리온2단지,CITYTOUR-0108,박물관 휴르,717.3,1000,True
EC000155,현대하이페리온1단지,CITYTOUR-0108,박물관 휴르,758.3,1000,True
EC000411,노원보성타운 B1,,,,1000,False
EC000412,노원보성타운 B2,,,,1000,False
EC000430,평리청구타운 2주차장 B1,,,,1000,False
EC000431,평리청구타운 B2 전기실,CITYTOUR-0226,한국섬유개발연구원,999.1,1000,True
EC000505,우방한가람타운 지하3층 A7기둥,CITYTOUR-0033,김광석 다시 그리기 길,628.8,1000,True
EC000506,우방한가람타운 지하3층 B7기둥,CITYTOUR-0033,김광석 다시 그리기 길,628.8,1000,True
EC003284,화성명산타운 102동 지하1층 주차장,CITYTOUR-0148,신숭겸 장군 유적지,398.1,1000,True
EC003465,시지삼주한라협화타운 213동,,,,1000,False
EC003466,시지삼주한라협화타운 211동,,,,1000,False
EC004338,성서산단동원비즈플랫폼관리단 옥상주차장,,,,1000,False
EC005054,대구우체국,CITYTOUR-0053,대구근대역사관,61.2,1000,True
EC005057,북대구우체국,CITYTOUR-0105,문화예술거리 이태원길,693.9,1000,True
EC005058,북대구우체국 (급),CITYTOUR-0105,문화예술거리 이태원길,675.2,1000,True
EC005059,대구달서우체국,,,,1000,False
EC270001,한국가스안전공사,,,,1000,False
EC270004,수성대학교 잼마관,CITYTOUR-0166,에스투뷰텍 라운지,244.8,1000,True
EC270005,대구교통공사 본사 (급),CITYTOUR-0184,월곡역사 박물관,373.5,1000,True
EC270006,대구교통공사 본사,CITYTOUR-0184,월곡역사 박물관,332.7,1000,True
EC270007,문양역 (급),,,,1000,False
EC270008,문양역,,,,1000,False
EC270009,대구교통공사 월배차량기지,,,,1000,False
EC270010,대구교통공사 안심차량기지,,,,1000,False
EC270011,대구교통공사 칠곡차량기지,,,,1000,False
EO000005,E1 대구 전기차 충전소,CITYTOUR-0184,월곡역사 박물관,500.6,1000,True
EO000079,E1 대구개인택시조합 전기차 충전소,,,,1000,False
EO000301,E1 대구대천 전기차충전소,,,,1000,False
EP190042,동구 동흥개발,CITYTOUR-0097,롯데 아울렛 대구 율하점,652.1,1000,True
EP190043,달서 엠에스개발,,,,1000,False
EP190050,달서구 펠리체(한명화),,,,1000,False
EP200069,군위주유소,,,,1000,False
EP200079,대구 중흥S클래스포디움,,,,1000,False
EP200246,대구 한일1급정비공장,,,,1000,False
EP200247,대구 인성보링정비,CITYTOUR-0196,이현공원,476.3,1000,True
EP200248,대구 우주정비공업사,CITYTOUR-0196,이현공원,557.9,1000,True
EP200250,대구 모범자동차정비,CITYTOUR-0196,이현공원,669.5,1000,True
EP200251,대구 더나은정비,CITYTOUR-0196,이현공원,336.0,1000,True
EP220264,하나은행 성서지점 급속충전소,,,,1000,False
EP220609,하나은행 대구봉덕점 급속충전소,CITYTOUR-0051,대구교육대학교 교육박물관,724.7,1000,True
EP220738,대구 뉴그랜드호텔,CITYTOUR-0074,대구콘서트하우스,364.2,1000,True
EP230165,대구 (주)명진랩 급속충전소,,,,1000,False
EP230284,대구 의료법인백산의료재단,,,,1000,False
EP240074,대구 현창건설 급속충전소,CITYTOUR-0107,미즈사키 린따로 묘소,315.0,1000,True
EP530200,대구광역시동구불로947(경동택배),CITYTOUR-0049,대구공항 면세점,682.2,1000,True
EP530318,경북대학교 4차 생활관,CITYTOUR-0008,경북대학교 가로수길(백양로),574.1,1000,True
EP530700,대동빌딩(엠디시스템),CITYTOUR-0094,들안길 먹거리타운,503.9,1000,True
ER000286,가창중석타운,CITYTOUR-0167,에코테마파크 대구 숲(휴업중),181.1,1000,True
ER000292,제일풍경채센트럴,CITYTOUR-0023,국립대구과학관,471.6,1000,True
ER000293,제일풍경채센트럴,CITYTOUR-0023,국립대구과학관,471.6,1000,True
ER000294,제일풍경채센트럴,CITYTOUR-0023,국립대구과학관,471.6,1000,True
ER000295,제일풍경채센트럴,CITYTOUR-0023,국립대구과학관,471.6,1000,True
ER000384,대구역센트럴자이,CITYTOUR-0069,대구예술발전소,215.9,1000,True
ER000408,태전대백맨션,CITYTOUR-0165,어울아트센터,632.4,1000,True
ER000478,범물우방미진하이츠,,,,1000,False
ER000488,남산역화성파크드림아파트,CITYTOUR-0172,예전소극장,220.2,1000,True
ER000494,그린맨션3차아파트,,,,1000,False
ER000546,죽곡하우젠트아너스빌,,,,1000,False
ER000597,상록아이투빌아파트,,,,1000,False
ER000605,현대하이페리온1단지,CITYTOUR-0108,박물관 휴르,800.0,1000,True
ER000606,현대하이페리온2단지,CITYTOUR-0108,박물관 휴르,716.4,1000,True
EV000329,대구상수도사업본부서부사업소,CITYTOUR-0226,한국섬유개발연구원,480.2,1000,True
EV000654,율하휴먼시아6,CITYTOUR-0097,롯데 아울렛 대구 율하점,362.6,1000,True
EV000669,율하휴먼시아10단지,,,,1000,False
EV000673,대구달성LH천년나무1단지,CITYTOUR-0234,현풍석빙고,643.3,1000,True
EV000674,대구달성LH천년나무2단지,CITYTOUR-0234,현풍석빙고,673.7,1000,True
EV001238,진석타워즈,CITYTOUR-0111,벨벳 갤러리 영도다움,32.0,1000,True
EV001570,한양은하아파트,CITYTOUR-0184,월곡역사 박물관,862.6,1000,True
EV002118,대구 동신우방타운105동,CITYTOUR-0129,삼덕동벽화골목,970.4,1000,True
EV002119,대구 동신우방타운104동,CITYTOUR-0129,삼덕동벽화골목,952.7,1000,True
EV002287,대구서구 광장타운1차아파트,CITYTOUR-0212,코오롱야외음악당,734.8,1000,True
EV002294,대구달서 용산보성타운 201동,CITYTOUR-0054,대구기업명품관,917.7,1000,True
EV002295,대구달서 용산보성타운 202동,CITYTOUR-0054,대구기업명품관,864.7,1000,True
EV003507,대구 달서구_대구직업능력개발원,CITYTOUR-0054,대구기업명품관,245.0,1000,True
EV003702,매호효성백년가약1,,,,1000,False
EV003703,매호효성백년가약2,,,,1000,False
EV003704,매호효성백년가약3,,,,1000,False
EV003741,강북화성파크드림1,,,,1000,False
EV003782,전기안전공사 대구경북지역본부2,CITYTOUR-0151,아양기찻길,689.4,1000,True
EV003858,농협은행 대구영업본부,,,,1000,False
EV003869,농협경제지주 경북광역급식센터,CITYTOUR-0009,경북대학교 박물관,511.3,1000,True
EV003928,강북화성파크드림2,,,,1000,False
EV003933,대구북구 LH천년나무5단지(B1),,,,1000,False
EV003987,칠곡e편한세상,CITYTOUR-0211,칠곡향교,142.4,1000,True
EV003988,팔공3차보성맨션,CITYTOUR-0148,신숭겸 장군 유적지,497.2,1000,True
EV004105,대구달성 제일풍경채더퍼스트 105동 (지상),CITYTOUR-0234,현풍석빙고,468.6,1000,True
EV004401,대구달성 서재휴먼시아 B1휀룸실옆,,,,1000,False
EV004402,대구달성 서재휴먼시아 B2휀룸실옆,,,,1000,False
EV004924,대구달서구 장기동협성휴포레1,CITYTOUR-0054,대구기업명품관,646.3,1000,True
EV004925,대구달서구 장기동협성휴포레2,CITYTOUR-0054,대구기업명품관,646.3,1000,True
EV005065,대구수성구 범물하이츠1,,,,1000,False
EV005066,대구수성구 범물하이츠2,,,,1000,False
EV005191,대구달서 장기초록나라1,CITYTOUR-0054,대구기업명품관,340.6,1000,True
EV005192,대구달서 장기초록나라2,CITYTOUR-0054,대구기업명품관,420.7,1000,True
EV005193,대구달서 장기초록나라3,CITYTOUR-0054,대구기업명품관,515.7,1000,True
EV005228,대구수성 만촌삼정그린코아1,CITYTOUR-0166,에스투뷰텍 라운지,558.9,1000,True
EV005229,대구수성 만촌삼정그린코아2,CITYTOUR-0166,에스투뷰텍 라운지,558.9,1000,True
EV005230,대구수성 만촌삼정그린코아3,CITYTOUR-0166,에스투뷰텍 라운지,558.9,1000,True
EV005267,대구북구 대구금호LH천년나무1단지1,,,,1000,False
EV005268,대구북구 대구금호LH천년나무1단지2,,,,1000,False
EV005269,대구북구 대구금호LH천년나무1단지3,,,,1000,False
EV005349,대구달성 에코폴리스 동화아이위시2차1,,,,1000,False
EV005350,대구달성 에코폴리스 동화아이위시2차2,,,,1000,False
EV005432,대구달서 용산1차서한화성타운1,CITYTOUR-0054,대구기업명품관,545.9,1000,True
EV005433,대구달서 용산1차서한화성타운2,CITYTOUR-0054,대구기업명품관,545.9,1000,True
EV005511,대구달성 대곡역그린빌 7지하,CITYTOUR-0193,이상화묘,197.6,1000,True
EV005512,대구달성 대곡역그린빌 6지하,CITYTOUR-0193,이상화묘,325.5,1000,True
EV005513,대구달성 대곡역그린빌 5지하,CITYTOUR-0193,이상화묘,322.8,1000,True
EV005514,대구달성 대곡역그린빌 B1F 4주차장,CITYTOUR-0193,이상화묘,316.2,1000,True
EV005515,대구달성 대곡역그린빌 3지하1층,CITYTOUR-0193,이상화묘,199.3,1000,True
EV005516,대구달성 대곡역그린빌 3지하2층,CITYTOUR-0193,이상화묘,273.4,1000,True
EV005517,대구달성 대곡역그린빌 2지하1층,CITYTOUR-0193,이상화묘,383.2,1000,True
EV005518,대구달성 대곡역그린빌 2지하2층,CITYTOUR-0193,이상화묘,333.7,1000,True
EV005519,대구달성 대곡역그린빌 1지하,CITYTOUR-0193,이상화묘,333.3,1000,True
EV005709,대구달서 장기초록나라(교체)1,CITYTOUR-0054,대구기업명품관,342.3,1000,True
EV005710,대구달서 장기초록나라(교체)2,CITYTOUR-0054,대구기업명품관,429.9,1000,True
EV005711,대구달서 장기초록나라(교체)3,CITYTOUR-0054,대구기업명품관,511.3,1000,True
EV005837,대구수성 수성하늘채르레브1,,,,1000,False
EV005838,대구수성 수성하늘채르레브2,,,,1000,False
EV005961,대구달성 죽곡한신휴플러스1,,,,1000,False
EV005962,대구달성 죽곡한신휴플러스2,,,,1000,False
EV005963,대구달성 죽곡한신휴플러스3,,,,1000,False
EV005964,대구달성 죽곡한신휴플러스4,,,,1000,False
EV005965,대구달성 죽곡한신휴플러스5,,,,1000,False
EV005966,대구달성 죽곡한신휴플러스6,,,,1000,False
EV005967,대구북구 삼진목화아파트,CITYTOUR-0105,문화예술거리 이태원길,647.9,1000,True
EV006185,대구동구 영조아름다운나날3단지1,,,,1000,False
EV006186,대구동구 영조아름다운나날3단지2,,,,1000,False
EV006187,대구동구 영조아름다운나날3단지3,,,,1000,False
EV006188,대구동구 영조아름다운나날3단지4,,,,1000,False
EV006219,대구달성 세천한라비발디1,,,,1000,False
EV006220,대구달성 세천한라비발디2,,,,1000,False
EV006225,대구달성 세천한라비발디3,,,,1000,False
EV006226,대구달성 세천한라비발디4,,,,1000,False
EV006227,대구달성 세천한라비발디5,,,,1000,False
EV006228,대구달성 세천한라비발디6,,,,1000,False
EV006229,대구달성 세천한라비발디7,,,,1000,False
EV006284,대구수성 월드메르디앙이스턴카운티1,,,,1000,False
EV006285,대구수성 월드메르디앙이스턴카운티2,,,,1000,False
EV006286,대구수성 월드메르디앙이스턴카운티3,CITYTOUR-0108,박물관 휴르,999.5,1000,True
EV006297,대구수성 고려주택산장맨션,CITYTOUR-0166,에스투뷰텍 라운지,726.7,1000,True
EV006481,대구북구 LH천년나무5단지 501동,,,,1000,False
EV006497,대구달서 상인역모아엘가파크뷰1,CITYTOUR-0184,월곡역사 박물관,874.7,1000,True
EV006504,대구북구 LH천년나무5단지 504동,,,,1000,False
EV006505,대구북구 LH천년나무5단지 506동,,,,1000,False
EV006610,대구북구 태전한라아파트,,,,1000,False
EV006614,대구달성 세천한라비발디8,,,,1000,False
EV006615,대구달성 세천한라비발디9,,,,1000,False
EV006616,대구달성 세천한라비발디10,,,,1000,False
EV006617,대구달성 세천한라비발디11,,,,1000,False
EV006712,대구동구 대구무역회관,CITYTOUR-0067,대구신세계백화점,772.8,1000,True
EV006766,대구북구 LH칠곡7단지아파트 1,CITYTOUR-0178,옻골동산,649.7,1000,True
EV006767,대구북구 LH칠곡7단지아파트 2,CITYTOUR-0178,옻골동산,684.9,1000,True
EV006768,대구북구 LH칠곡7단지아파트 3,CITYTOUR-0178,옻골동산,723.0,1000,True
EV006840,대구북구 공작한양아파트,CITYTOUR-0165,어울아트센터,704.1,1000,True
EV006878,대구수성 범어롯데캐슬 1,,,,1000,False
EV006879,대구수성 범어롯데캐슬 2,,,,1000,False
EV006886,대구북구 칠곡3차보성타운,CITYTOUR-0211,칠곡향교,433.3,1000,True
EV007027,대구중구 신성미소시티아파트,CITYTOUR-0192,"이상화고택, 서상돈고택",98.4,1000,True
EV007037,대구달서 월성주공1단지아파트,CITYTOUR-0175,온천엘리바덴,835.2,1000,True
EV007155,대구북구 칠곡우방하이츠1,CITYTOUR-0105,문화예술거리 이태원길,302.0,1000,True
EV007156,대구북구 칠곡우방하이츠2,CITYTOUR-0105,문화예술거리 이태원길,274.1,1000,True
EV007238,대구북구 오페라삼정그린코아더베스트,CITYTOUR-0070,대구오페라하우스,186.9,1000,True
EV007253,대구북구 대구노원한신더휴1,,,,1000,False
EV007254,대구북구 대구노원한신더휴2,,,,1000,False
EV007255,대구북구 대구노원한신더휴3,,,,1000,False
EV007305,대구북구 칠곡주공그린빌6단지,CITYTOUR-0178,옻골동산,748.3,1000,True
EV007345,대구수성 청구성조타운,CITYTOUR-0108,박물관 휴르,944.9,1000,True
EV007346,대구북구 금호LH천년나무8단지,,,,1000,False
EV007493,대구북구 동서변리벤빌1,,,,1000,False
EV007494,대구북구 동서변리벤빌2,,,,1000,False
EV007630,대구달성 국태모닝포유아파트,,,,1000,False
EV007654,대구북구 칠곡2차영남타운1,,,,1000,False
EV007655,대구북구 칠곡2차영남타운2,,,,1000,False
EV007656,대구북구 칠곡2차영남타운3,,,,1000,False
EV007657,대구달서 상인역모아엘가파크뷰2,CITYTOUR-0184,월곡역사 박물관,896.3,1000,True
EV007658,대구달서 상인역모아엘가파크뷰3,CITYTOUR-0184,월곡역사 박물관,904.2,1000,True
EV007739,대구광역시 신암보성1차타운,,,,1000,False
EV007837,대구중구 반월당삼정그린코아,CITYTOUR-0018,관덕정 순교 기념관,219.8,1000,True
EV007970,대구동구 문화아파트,CITYTOUR-0032,금호강 자연생태공원,333.4,1000,True
EV008138,대구수성 범어숲화성파크드림1,CITYTOUR-0108,박물관 휴르,562.1,1000,True
EV008139,대구수성 범어숲화성파크드림2,CITYTOUR-0108,박물관 휴르,555.3,1000,True
EV008140,대구수성 범어숲화성파크드림3,CITYTOUR-0108,박물관 휴르,512.2,1000,True
EV008152,대구북구 연경숲아파트1,,,,1000,False
EV008153,대구북구 연경숲아파트2,,,,1000,False
EV008162,대구달서 상인서한타운1,CITYTOUR-0184,월곡역사 박물관,307.0,1000,True
EV008163,대구달서 상인서한타운2,CITYTOUR-0184,월곡역사 박물관,272.0,1000,True
EV008164,대구달서 상인서한타운3,CITYTOUR-0184,월곡역사 박물관,357.4,1000,True
EV008233,대구북구 칠곡공작한양아파트2,CITYTOUR-0165,어울아트센터,673.5,1000,True
EV008234,대구북구 칠곡공작한양아파트3,CITYTOUR-0165,어울아트센터,662.1,1000,True
EV008289,대구북구 대구노원한신더휴4,,,,1000,False
EV008290,대구북구 대구노원한신더휴5,,,,1000,False
EV008365,대구동구 신천LH아파트,,,,1000,False
EV008499,국민은행 대구지점,CITYTOUR-0131,삼송베이커리,64.3,1000,True
EV008555,대구서구 황제맨션아파트,,,,1000,False
EV008582,대구북구 칠곡2차영남타운4,,,,1000,False
EV008583,대구북구 칠곡주공그린빌6단지2,CITYTOUR-0105,문화예술거리 이태원길,780.0,1000,True
EV008584,대구북구 칠곡주공그린빌6단지3,CITYTOUR-0178,옻골동산,724.7,1000,True
EV008597,대구동구 왕산우방타운,CITYTOUR-0148,신숭겸 장군 유적지,287.5,1000,True
EV008719,대구북구 칠곡2차영남타운5,,,,1000,False
EV008720,대구북구 칠곡2차영남타운6,,,,1000,False
EV008877,대구중구 라이프아파트,CITYTOUR-0227,한국영상 박물관,293.8,1000,True
EV008882,대구북구 대구금호LH천년나무1단지4,,,,1000,False
EV008883,대구북구 대구금호LH천년나무1단지5,,,,1000,False
EV008884,대구북구 대구금호LH천년나무1단지6,,,,1000,False
EV008937,대구북구 LH천년나무8단지2,,,,1000,False
EV008938,대구북구 LH천년나무8단지3,,,,1000,False
EV008939,대구북구 LH천년나무8단지4,,,,1000,False
EV008940,대구북구 LH천년나무8단지5,,,,1000,False
EV008969,대구달서 상인우방타운,CITYTOUR-0184,월곡역사 박물관,343.0,1000,True
EV008970,대구수성 수성태왕아너스1,CITYTOUR-0129,삼덕동벽화골목,776.9,1000,True
EV008971,대구수성 수성태왕아너스2,CITYTOUR-0129,삼덕동벽화골목,763.3,1000,True
EV010181,대구북구 학정청아람1,,,,1000,False
EV010182,대구북구 학정청아람2,,,,1000,False
EV010192,대구북구 오페라삼정그린코아더베스트3,CITYTOUR-0070,대구오페라하우스,149.6,1000,True
EV010196,대구북구 오페라삼정그린코아더베스트2,CITYTOUR-0070,대구오페라하우스,175.9,1000,True
EV010197,대구북구 오페라삼정그린코아더베스트4,CITYTOUR-0070,대구오페라하우스,92.0,1000,True
EV010198,대구북구 오페라삼정그린코아더베스트5,CITYTOUR-0070,대구오페라하우스,118.6,1000,True
EV010418,대구북구 칠곡그린빌4단지아파트1,,,,1000,False
EV010419,대구북구 칠곡그린빌4단지아파트2,,,,1000,False
EV010420,대구북구 칠곡그린빌4단지아파트3,,,,1000,False
EV010542,대구동구 동신우방아파트1,CITYTOUR-0129,삼덕동벽화골목,895.3,1000,True
EV010543,대구동구 동신우방아파트2,CITYTOUR-0129,삼덕동벽화골목,918.3,1000,True
EV011212,대구달성 에코폴리스 동화아이위시2차3,,,,1000,False
EV011762,대구북구 칠곡3차보성타운 4,CITYTOUR-0211,칠곡향교,314.2,1000,True
EV012251,대구동구 경북대학교병원,,,,1000,False
EV012379,대구수성 시지청솔타운 1,,,,1000,False
EV012380,대구수성 시지청솔타운 2,,,,1000,False
EV012381,대구수성 지산한라타운,,,,1000,False
EV012411,대구서구 서대구역반도유보라센텀 1,,,,1000,False
EV012412,대구서구 서대구역반도유보라센텀 2,,,,1000,False
EV012413,대구서구 서대구역반도유보라센텀 3,,,,1000,False
EV012414,대구서구 서대구역반도유보라센텀 4 (급속),,,,1000,False
EV012548,대구동구 KB국민은행 신암동,,,,1000,False
EV012553,대구달서 본리동종합금융센터,,,,1000,False
EV012621,대구달성 대실역e편한세상아파트 1,,,,1000,False
EV012622,대구달성 대실역e편한세상아파트 2,,,,1000,False
EV012623,대구달성 대실역e편한세상아파트 3,,,,1000,False
EV012624,대구달성 대실역e편한세상아파트 4,,,,1000,False
EV012641,대구서구 광장타운1차아파트 2,CITYTOUR-0212,코오롱야외음악당,719.8,1000,True
EV012778,대구수성 아크로타워 1,CITYTOUR-0166,에스투뷰텍 라운지,624.5,1000,True
EV012779,대구수성 아크로타워 2,CITYTOUR-0166,에스투뷰텍 라운지,624.5,1000,True
EV012895,대구달서 성서종합금융센터,,,,1000,False
EV013088,대구남구 개나리맨션,CITYTOUR-0153,안지랑 곱창골목,562.0,1000,True
EV013291,대구동구 금사리하이빌,CITYTOUR-0032,금호강 자연생태공원,408.2,1000,True
EV013465,대구서구 삼익뉴타운 1,CITYTOUR-0213,퀸스로드,385.4,1000,True
EV013466,대구서구 삼익뉴타운 2,CITYTOUR-0213,퀸스로드,331.0,1000,True
EV013467,대구서구 삼익뉴타운 3,CITYTOUR-0213,퀸스로드,305.1,1000,True
EV013468,대구서구 삼익뉴타운 4,CITYTOUR-0213,퀸스로드,439.9,1000,True
EV013469,대구서구 삼익뉴타운 5,CITYTOUR-0213,퀸스로드,406.8,1000,True
EV013470,대구서구 삼익뉴타운 6,CITYTOUR-0213,퀸스로드,392.3,1000,True
EV013471,대구서구 삼익뉴타운 7,CITYTOUR-0213,퀸스로드,531.5,1000,True
EV013472,대구서구 삼익뉴타운 8,CITYTOUR-0213,퀸스로드,513.7,1000,True
EV013667,대구수성 파동태왕리더스,,,,1000,False
EV013751,대구북구 로얄패밀리A동,,,,1000,False
EV013752,대구북구 로뎀나무아래,CITYTOUR-0008,경북대학교 가로수길(백양로),242.9,1000,True
EV013753,대구북구 오로라,CITYTOUR-0178,옻골동산,910.3,1000,True
EV013761,대구수성 영원무역 대구만촌동건물,CITYTOUR-0103,모명재,656.3,1000,True
EV013869,대구동구 국가정보자원관리원 대구센터,CITYTOUR-0061,대구방짜유기박물관,449.1,1000,True
EV013892,대구동구 노을,,,,1000,False
EV013893,대구북구 로얄패밀리B동,,,,1000,False
EV013896,대구달서 진천역대성스카이렉스,,,,1000,False
EV013929,대구북구 만사형통,CITYTOUR-0165,어울아트센터,440.5,1000,True
EV013997,대구북구 소망하이츠,,,,1000,False
EV013998,대구북구 더원,CITYTOUR-0165,어울아트센터,741.1,1000,True
EV013999,대구북구 행복한집,CITYTOUR-0105,문화예술거리 이태원길,962.1,1000,True
EV014112,대구달성 영원무역 대구공장,,,,1000,False
EV014490,대구남구 앞산보성타운아파트,CITYTOUR-0157,앞산 케이블카,783.0,1000,True
EV014530,대구서구 평리롯데캐슬아파트 1,,,,1000,False
EV014531,대구서구 평리롯데캐슬아파트 2,,,,1000,False
EV014532,대구서구 평리롯데캐슬아파트 3,,,,1000,False
EV014533,대구서구 평리롯데캐슬아파트 4,,,,1000,False
EV014534,대구서구 평리롯데캐슬아파트 5,,,,1000,False
EV014535,대구서구 평리롯데캐슬아파트 6,,,,1000,False
EV014536,대구서구 평리롯데캐슬아파트 7,,,,1000,False
EV014537,대구서구 평리롯데캐슬아파트 8,,,,1000,False
EV014538,대구서구 평리롯데캐슬아파트 9,,,,1000,False
EV014686,대구남구 정우맨션 1,CITYTOUR-0153,안지랑 곱창골목,890.9,1000,True
EV014687,대구남구 정우맨션 2,CITYTOUR-0153,안지랑 곱창골목,890.9,1000,True
EV014736,대구북구 농협은행 대구영업본부 1,,,,1000,False
EV014737,대구북구 농협은행 대구영업본부 2,,,,1000,False
EV014775,대구동구 신천LH아파트 1,,,,1000,False
EV014804,대구달서 더샵달서센트럴,,,,1000,False
EV015277,대구달성 주안교회,,,,1000,False
EV015650,대구수성 삼환아파트,,,,1000,False
EV016067,대구달성 운곡주차빌딩,,,,1000,False
EV016178,대구달서 ㈜화신,,,,1000,False
EV016197,대구동구 우방푸른타운,CITYTOUR-0129,삼덕동벽화골목,787.8,1000,True
EV016303,대구달서 성당래미안e편한세상 1단지 1,,,,1000,False
EV016304,대구달서 성당래미안e편한세상 1단지 2,,,,1000,False
EV016305,대구달서 성당래미안e편한세상 1단지 3,,,,1000,False
EV016306,대구달서 성당래미안e편한세상 1단지 4,,,,1000,False
EV016307,대구달서 성당래미안e편한세상 1단지 5,,,,1000,False
EV016308,대구달서 성당래미안e편한세상 1단지 6,,,,1000,False
EV016309,대구달서 성당래미안e편한세상 2단지 1,,,,1000,False
EV016310,대구달서 성당래미안e편한세상 2단지 2,,,,1000,False
EV016311,대구달서 성당래미안e편한세상 2단지 3,,,,1000,False
EV016312,대구달서 성당래미안e편한세상 2단지 4,,,,1000,False
EV016313,대구달서 성당래미안e편한세상 2단지 5,,,,1000,False
EV016314,대구달서 성당래미안e편한세상 2단지 6,,,,1000,False
EV016315,대구달서 성당래미안e편한세상 2단지 7,,,,1000,False
EV016316,대구달서 성당래미안e편한세상 2단지 8,,,,1000,False
EV016317,대구달서 성당래미안e편한세상 2단지 9,,,,1000,False
EV016318,대구달서 성당래미안e편한세상 2단지 10,,,,1000,False
EV016319,대구달서 성당래미안e편한세상 2단지 11,,,,1000,False
EV016320,대구달서 성당래미안e편한세상 2단지 12,,,,1000,False
EV016321,대구달서 성당래미안e편한세상 3단지 1,,,,1000,False
EV016322,대구달서 성당래미안e편한세상 3단지 2,,,,1000,False
EV016323,대구달서 성당래미안e편한세상 3단지 3,,,,1000,False
EV016324,대구달서 성당래미안e편한세상 3단지 4,,,,1000,False
EV016325,대구동구 강남종합병원,CITYTOUR-0170,영남제일관,958.2,1000,True
EV016459,대구달서 대곡우방타운,CITYTOUR-0193,이상화묘,612.8,1000,True
EV016544,대구수성 우방오성타운 1,CITYTOUR-0033,김광석 다시 그리기 길,244.2,1000,True
EV016545,대구수성 우방오성타운 2,CITYTOUR-0033,김광석 다시 그리기 길,244.2,1000,True
EV016603,대구수성 더트루엘수성,,,,1000,False
EV016752,대구남구 보성상아맨션,CITYTOUR-0195,이천동 고미술거리,254.1,1000,True
EV016944,대구달서 성당래미안e편한세상 2단지 13,,,,1000,False
EV017604,대구달서 태왕아너스월성 1,CITYTOUR-0175,온천엘리바덴,356.2,1000,True
EV017605,대구달서 태왕아너스월성 2,CITYTOUR-0175,온천엘리바덴,356.2,1000,True
EV017606,대구달서 성서보성화성타운 1,,,,1000,False
EV017607,대구달서 성서보성화성타운 2,,,,1000,False
EV017608,대구달서 성서보성화성타운 3,,,,1000,False
EV017609,대구달서 성서보성화성타운 4,,,,1000,False
EV017708,대구달성 강창한서꼼빠니아타운 1,,,,1000,False
EV017709,대구달성 강창한서꼼빠니아타운 2,,,,1000,False
EV017710,대구달성 강창한서꼼빠니아타운 3,,,,1000,False
EV017808,대구북구 대현e-편한세상 1,CITYTOUR-0056,대구무형유산전수교육관,715.6,1000,True
EV017809,대구북구 대현e-편한세상 2,CITYTOUR-0056,대구무형유산전수교육관,705.9,1000,True
EV017810,대구북구 대현e-편한세상 3,CITYTOUR-0056,대구무형유산전수교육관,598.6,1000,True
EV017811,대구북구 대현e-편한세상 4,CITYTOUR-0056,대구무형유산전수교육관,758.6,1000,True
EV017812,대구북구 대현e-편한세상 5,CITYTOUR-0056,대구무형유산전수교육관,598.6,1000,True
EV017819,대구중구 남산그린타운 1,CITYTOUR-0202,자동차 부속상 거리,482.8,1000,True
EV017820,대구중구 남산그린타운 2,CITYTOUR-0202,자동차 부속상 거리,416.1,1000,True
EV017838,대구달서 동서장관빌라,CITYTOUR-0160,앞산해넘이 전망대,854.4,1000,True
EV017846,대구북구 칠곡화성타운,,,,1000,False
EV017873,대구달서 2차그린맨션아파트 1,,,,1000,False
EV017874,대구달서 2차그린맨션아파트 2,,,,1000,False
EV017875,대구달서 2차그린맨션아파트 3,,,,1000,False
EV017939,대구북구 대현e-편한세상 6,CITYTOUR-0056,대구무형유산전수교육관,598.6,1000,True
EV017941,대구서구 서대구역반도유보라센텀 11,,,,1000,False
EV017942,대구서구 서대구역반도유보라센텀 12,,,,1000,False
EV017943,대구서구 서대구역반도유보라센텀 13,,,,1000,False
EV017944,대구서구 서대구역반도유보라센텀 15,,,,1000,False
EV017945,대구서구 서대구역반도유보라센텀 14,,,,1000,False
EV017946,대구서구 서대구역반도유보라센텀 18,,,,1000,False
EV017947,대구서구 서대구역반도유보라센텀 17,,,,1000,False
EV017948,대구서구 서대구역반도유보라센텀 16,,,,1000,False
EV017949,대구서구 서대구역반도유보라센텀 5,,,,1000,False
EV017950,대구서구 서대구역반도유보라센텀 6,,,,1000,False
EV017951,대구서구 서대구역반도유보라센텀 7,,,,1000,False
EV017952,대구서구 서대구역반도유보라센텀 8,,,,1000,False
EV017953,대구서구 서대구역반도유보라센텀 9,,,,1000,False
EV017954,대구서구 서대구역반도유보라센텀 10,,,,1000,False
EV018212,대구달성 제일풍경채더퍼스트 1,CITYTOUR-0234,현풍석빙고,511.0,1000,True
EV018291,대구북구 삼진목화아파트 1,CITYTOUR-0105,문화예술거리 이태원길,647.9,1000,True
EV018293,대구달서 감삼우방맨션 1,CITYTOUR-0212,코오롱야외음악당,686.4,1000,True
EV018307,대구수성 우방3차범어타운 1,CITYTOUR-0108,박물관 휴르,969.1,1000,True
EV018366,대구북구 태전협화맨션 1,,,,1000,False
EV018367,대구북구 태전협화맨션 2,,,,1000,False
EV018527,대구수성 시지우방하이츠 1,,,,1000,False
EV018528,대구수성 시지우방하이츠 2,,,,1000,False
EV018806,대구북구 칠곡그린빌아파트 4,,,,1000,False
EV018874,대구북구 한일아파트 1,,,,1000,False
EV018927,대구수성 시지천마타운 1,,,,1000,False
EV018928,대구수성 시지천마타운 2,,,,1000,False
EV018929,대구수성 시지천마타운 3,,,,1000,False
EV018930,대구수성 시지천마타운 4,,,,1000,False
EV018947,대구달성 명곡미래빌5단지 5,,,,1000,False
EV018948,대구달성 명곡미래빌5단지 6,,,,1000,False
EV018949,대구달성 명곡미래빌5단지 7,,,,1000,False
EV019037,대구달서 더샵달서센트럴아파트 1,,,,1000,False
EV019058,대구달서 해맞이타운 1,,,,1000,False
EV019061,대구동구 동신우방아파트3,CITYTOUR-0129,삼덕동벽화골목,918.3,1000,True
EV019067,대구남구 용마맨션 1,CITYTOUR-0153,안지랑 곱창골목,385.0,1000,True
EV019285,대구달서 진천대동맨션 1,CITYTOUR-0063,대구수목원,895.0,1000,True
EV019457,대구수성 만촌2차우방타운 1,CITYTOUR-0166,에스투뷰텍 라운지,951.3,1000,True
EV019458,대구수성 만촌2차우방타운 2,CITYTOUR-0166,에스투뷰텍 라운지,951.3,1000,True
EV019702,대구수성 시지3차신매보성타운 1,,,,1000,False
EV020019,대구북구 복현푸르지오 1,CITYTOUR-0151,아양기찻길,983.4,1000,True
EV020020,대구북구 복현푸르지오 2,CITYTOUR-0151,아양기찻길,983.4,1000,True
EV020021,대구북구 복현푸르지오 3,CITYTOUR-0151,아양기찻길,983.4,1000,True
EV020022,대구북구 복현푸르지오 4,CITYTOUR-0151,아양기찻길,983.4,1000,True
EV020023,대구북구 복현푸르지오 5,CITYTOUR-0151,아양기찻길,983.4,1000,True
EV020024,대구북구 복현푸르지오 6,CITYTOUR-0151,아양기찻길,983.4,1000,True
EV020025,대구북구 복현푸르지오 7,CITYTOUR-0151,아양기찻길,983.4,1000,True
EV020026,대구북구 복현푸르지오 8,CITYTOUR-0151,아양기찻길,983.4,1000,True
EV020027,대구북구 복현푸르지오 9,CITYTOUR-0151,아양기찻길,983.4,1000,True
EV020028,대구북구 복현푸르지오 10,CITYTOUR-0151,아양기찻길,983.4,1000,True
EV020029,대구북구 복현푸르지오 11,CITYTOUR-0151,아양기찻길,983.4,1000,True
EV020030,대구북구 복현푸르지오 12,CITYTOUR-0151,아양기찻길,983.4,1000,True
EV020031,대구북구 복현푸르지오 13,CITYTOUR-0151,아양기찻길,983.4,1000,True
EV020032,대구북구 복현푸르지오 14,CITYTOUR-0151,아양기찻길,983.4,1000,True
EV020033,대구북구 복현푸르지오 15,CITYTOUR-0151,아양기찻길,983.4,1000,True
EV020034,대구북구 복현푸르지오 16,CITYTOUR-0151,아양기찻길,983.4,1000,True
EV020152,대구북구 산호한양아파트 1,CITYTOUR-0105,문화예술거리 이태원길,387.9,1000,True
EV020153,대구북구 산호한양아파트 2,CITYTOUR-0105,문화예술거리 이태원길,380.5,1000,True
EV020154,대구달서 월성동서타운 1,CITYTOUR-0175,온천엘리바덴,666.7,1000,True
EV020275,대구수성 매호협화타운 1,,,,1000,False
EV020276,대구수성 매호협화타운 2,,,,1000,False
EV020323,대구달성 논공평광4차아파트 1,,,,1000,False
EV020848,대구북구 칠곡주공그린빌6단지4,CITYTOUR-0105,문화예술거리 이태원길,800.7,1000,True
EV020849,대구북구 칠곡주공그린빌6단지5,CITYTOUR-0178,옻골동산,781.8,1000,True
EV021015,대구중구 남산휴먼시아1단지아파트 1,CITYTOUR-0202,자동차 부속상 거리,478.1,1000,True
EV021016,대구중구 남산휴먼시아1단지아파트 2,CITYTOUR-0202,자동차 부속상 거리,481.0,1000,True
EZ000035,대구종합유통단지섬유제품관사 (완속),CITYTOUR-0135,섬유제품관,135.0,1000,True
EZ000080,전자상가 (완속),CITYTOUR-0073,대구종합유통단지,111.1,1000,True
EZ000139,현대전원맨션,,,,1000,False
EZ000426,해피키즈유치원,CITYTOUR-0235,현풍향교,183.3,1000,True
EZ000527,일신테크노벨리지식산업센터,CITYTOUR-0012,계명대학교 행소 박물관,920.1,1000,True
EZ000558,완속 대구유통단지 전자관 A,CITYTOUR-0073,대구종합유통단지,175.4,1000,True
EZ000575,우체국금융개발원,CITYTOUR-0051,대구교육대학교 교육박물관,290.1,1000,True
EZ000580,일신테크노벨리지식산업센터,CITYTOUR-0012,계명대학교 행소 박물관,920.1,1000,True
EZ000867,한국폴리텍대학영남융합기술캠퍼스,CITYTOUR-0095,땅땅랜드(치킨체험 테마파크),191.1,1000,True
EZ001212,완속 대구유통단지 전자관 B,CITYTOUR-0073,대구종합유통단지,123.0,1000,True
EZ001381,태백 냉동 공사,,,,1000,False
EZ001382,힐 모텔,CITYTOUR-0032,금호강 자연생태공원,671.2,1000,True
EZ001383,동인1급자동차 정비검사소,,,,1000,False
EZ001385,앤 모텔,CITYTOUR-0148,신숭겸 장군 유적지,226.8,1000,True
EZ001386,다해,CITYTOUR-0095,땅땅랜드(치킨체험 테마파크),308.2,1000,True
EZ001388,한일식품,CITYTOUR-0008,경북대학교 가로수길(백양로),976.0,1000,True
EZ001391,모범 자동차 정비,CITYTOUR-0196,이현공원,669.6,1000,True
EZ001392,부건미트,CITYTOUR-0213,퀸스로드,777.1,1000,True
EZ001393,성주 숯불 갈비,CITYTOUR-0213,퀸스로드,840.2,1000,True
EZ001394,현대장여관,CITYTOUR-0194,이월드(E-World),856.8,1000,True
EZ001396,녹양구이,CITYTOUR-0139,수성랜드,394.9,1000,True
EZ001397,아이 모텔,CITYTOUR-0140,수성못유원지,293.3,1000,True
EZ001447,더펜트하우스,CITYTOUR-0107,미즈사키 린따로 묘소,591.0,1000,True
EZ001765,대구호산초등학교,,,,1000,False
EZ001766,대진중학교,CITYTOUR-0063,대구수목원,480.2,1000,True
EZ001767,수성고등학교,CITYTOUR-0107,미즈사키 린따로 묘소,903.8,1000,True
EZ001787,거북산장식당,,,,1000,False
EZ001789,㈜삼덕,,,,1000,False
EZ001790,㈜칼라디움,,,,1000,False
EZ001793,대구교육팔공산수련원,,,,1000,False
EZ001796,대구228기념학생도서관,CITYTOUR-0151,아양기찻길,337.1,1000,True
EZ001798,대구광역시교육연수원 본원,,,,1000,False
EZ001799,대구광역시교육연수원 글로벌교육센터,,,,1000,False
EZ001800,대구교육박물관,CITYTOUR-0008,경북대학교 가로수길(백양로),595.7,1000,True
EZ001809,상원중학교,CITYTOUR-0184,월곡역사 박물관,155.4,1000,True
EZ001810,운암고등학교,CITYTOUR-0105,문화예술거리 이태원길,680.4,1000,True
EZ001811,대구동변초등학교,,,,1000,False
EZ001812,대구매천초등학교,,,,1000,False
EZ001813,대구태현초등학교,CITYTOUR-0165,어울아트센터,858.7,1000,True
EZ001816,학남중학교,CITYTOUR-0178,옻골동산,562.6,1000,True
EZ001818,제논29모터스,,,,1000,False
EZ001900,한영씨링인쇄,,,,1000,False
EZ001901,대구신성교회,,,,1000,False
EZ001948,대구국제고등학교,,,,1000,False
EZ001950,동변중학교,,,,1000,False
EZ001951,남부교육지원청,,,,1000,False
EZ001952,대구광역시서부교육지원청,CITYTOUR-0194,이월드(E-World),582.7,1000,True
EZ001955,대구광역시립북부도서관,CITYTOUR-0070,대구오페라하우스,781.6,1000,True
EZ002089,동평중학교,CITYTOUR-0105,문화예술거리 이태원길,851.7,1000,True
EZ002091,대구공업대학교_위니텍,,,,1000,False
EZ002092,대구공업대학교_평생교육원,,,,1000,False
EZ002116,수성스테이,CITYTOUR-0141,수성아트피아,623.7,1000,True
EZ002118,부성주택,CITYTOUR-0046,대구 아쿠아리움,834.8,1000,True
EZ002156,새론중학교,,,,1000,False
EZ002157,대구 대덕초등학교,CITYTOUR-0160,앞산해넘이 전망대,447.9,1000,True
EZ002158,대구세천초등학교,,,,1000,False
EZ002159,대구 율원초등학교,CITYTOUR-0097,롯데 아울렛 대구 율하점,701.6,1000,True
EZ002160,대구남송초등학교,,,,1000,False
EZ002161,대구세명학교,,,,1000,False
EZ002162,대구파호초등학교,,,,1000,False
EZ002163,경원고등학교,CITYTOUR-0181,와룡산 상리봉 전망대,815.4,1000,True
EZ002164,경신고등학교,CITYTOUR-0166,에스투뷰텍 라운지,873.3,1000,True
EZ002165,대구미래교육연구원,CITYTOUR-0051,대구교육대학교 교육박물관,172.1,1000,True
EZ002299,대청초등학교,CITYTOUR-0166,에스투뷰텍 라운지,354.7,1000,True
EZ002308,㈜밴앤포스,CITYTOUR-0129,삼덕동벽화골목,883.2,1000,True
EZ002316,KB차차차 동대구,,,,1000,False
EZ100008,금정메카,,,,1000,False
EZ100010,행복누리장애인보호작업장,,,,1000,False
EZ100015,현대오일뱅크 대구현대주유소,CITYTOUR-0073,대구종합유통단지,414.7,1000,True
EZ100115,전자상가 (급속),CITYTOUR-0073,대구종합유통단지,90.9,1000,True
EZ100174,대구 오아시스 사우나 휘트니스,,,,1000,False
EZ100304,동부자동차,CITYTOUR-0097,롯데 아울렛 대구 율하점,163.7,1000,True
EZ100310,메인빌,CITYTOUR-0165,어울아트센터,997.6,1000,True
EZ100674,서광종합건설,CITYTOUR-0194,이월드(E-World),43.5,1000,True
EZ100683,제형면옥(범어점),CITYTOUR-0108,박물관 휴르,283.1,1000,True
EZ100687,1997빠리바닷가재,CITYTOUR-0107,미즈사키 린따로 묘소,230.1,1000,True
EZ100688,김재동서민갈비,CITYTOUR-0139,수성랜드,382.0,1000,True
EZ100702,비에스타워,,,,1000,False
EZ100733,급속 대구종합유통단지섬유제품관사,CITYTOUR-0135,섬유제품관,135.0,1000,True
EZ100749,급속 대구유통단지 전자관 12,CITYTOUR-0073,대구종합유통단지,56.7,1000,True
EZ100900,제형면옥본점,CITYTOUR-0094,들안길 먹거리타운,138.2,1000,True
EZ200002,리버사이드모텔,CITYTOUR-0140,수성못유원지,339.1,1000,True
EZ200042,(주)그린식품,,,,1000,False
EZ200046,주식회사 티스,,,,1000,False
EZ200104,마이더스 호텔,CITYTOUR-0105,문화예술거리 이태원길,265.4,1000,True
EZ250001,EVZ 동성로 스파크,CITYTOUR-0088,동성로 스파크,29.6,1000,True
EZ300474,대구 동성로 스파크,CITYTOUR-0088,동성로 스파크,28.1,1000,True
EZ500005,급속 대구유통단지 전자관 34,CITYTOUR-0073,대구종합유통단지,84.3,1000,True
EZ600010,가람전기 충전소,,,,1000,False
GS000031,강촌주유소,,,,1000,False
GS000055,구암주유소,CITYTOUR-0178,옻골동산,682.7,1000,True
GS000058,황금캐슬주유소,CITYTOUR-0094,들안길 먹거리타운,952.7,1000,True
GS000144,금호강주유소(SJ),CITYTOUR-0049,대구공항 면세점,640.9,1000,True
GS000145,조광주유소,,,,1000,False
HD000070,대구 서부 오토스퀘어 E-pit,,,,1000,False
HE000428,한국에너지공단 대구경북지역본부,,,,1000,False
HE000883,코스트코 대구혁신도시점,CITYTOUR-0208,첨단의료복합단지,764.8,1000,True
HE001033,기아자동차 대구서비스센터,,,,1000,False
HE001131,코스트코 대구점,CITYTOUR-0072,대구전시컨벤션센터(EXCO),431.0,1000,True
HE192131,수성하이츠,CITYTOUR-0129,삼덕동벽화골목,593.3,1000,True
HE192214,갓바위치매센터,,,,1000,False
HE192562,성서4주공아파트,,,,1000,False
HE212797,범어풀비체아파트,,,,1000,False
HE230023,KT공중전화부스 조영빌딩 (홀마트 앞),,,,1000,False
HE230028,KT공중전화부스 원평치안센터앞,,,,1000,False
HE230047,현대 블루핸즈 서군위현대서비스,,,,1000,False
HE240058,카펙발레오 본사,,,,1000,False
HE240187,기아자동차 대구서비스센터,,,,1000,False
HE240281,대구경북과학기술원,CITYTOUR-0235,현풍향교,571.6,1000,True
HE240328,이편한세상 세계육상선수촌,CITYTOUR-0097,롯데 아울렛 대구 율하점,596.6,1000,True
HE240346,한국에너지공단 대구경북지역본부,,,,1000,False
HE240381,대구경북과학기술원 R3동,CITYTOUR-0235,현풍향교,593.1,1000,True
HE240382,대구경북과학기술원 R4동,CITYTOUR-0235,현풍향교,695.2,1000,True
HE240383,대구경북과학기술원 H204동,CITYTOUR-0235,현풍향교,896.4,1000,True
HE240384,대구경북과학기술원 H301동,CITYTOUR-0235,현풍향교,951.3,1000,True
HE240385,대구경북과학기술원 H401동,CITYTOUR-0235,현풍향교,884.3,1000,True
HE240386,대구경북과학기술원 H403동,CITYTOUR-0235,현풍향교,855.9,1000,True
HE240426,상인우방타운,CITYTOUR-0184,월곡역사 박물관,343.0,1000,True
HE240427,칠곡화성타운아파트,,,,1000,False
HE240485,상록아파트/상록아이투빌아파트,,,,1000,False
HE240512,코스트코 대구혁신도시점,CITYTOUR-0208,첨단의료복합단지,754.6,1000,True
HJ000248,한진택배 대구택배센터,,,,1000,False
HM000060,태왕메트로시티,CITYTOUR-0046,대구 아쿠아리움,819.4,1000,True
HM000121,아주운수_대구,CITYTOUR-0049,대구공항 면세점,810.0,1000,True
HM000123,에코폴리스동화아이위시3차,,,,1000,False
HM000125,에코폴리스동화아이위시1차,,,,1000,False
HM000127,화원삼주타운,CITYTOUR-0044,달성습지,892.9,1000,True
HM000128,침산청구타운,CITYTOUR-0070,대구오페라하우스,874.5,1000,True
HM000140,보성강남타운,,,,1000,False
HM000142,시지태왕아너스,,,,1000,False
HM000143,화진금봉,,,,1000,False
HM000149,수성알파시티동화아이위시,CITYTOUR-0064,대구스타디움,714.3,1000,True
HM000153,칠곡3차서한타운,,,,1000,False
HM000155,부영e-그린타운,CITYTOUR-0105,문화예술거리 이태원길,376.1,1000,True
HM000158,북죽곡엠코타운 더 솔레뉴,,,,1000,False
HM000159,태전한라아파트,,,,1000,False
HM000167,대경넥스빌,,,,1000,False
HM000169,우방2차강촌마을,,,,1000,False
HM000177,칠곡그린빌2단지,CITYTOUR-0105,문화예술거리 이태원길,738.5,1000,True
HM000183,앞산태왕아너스,CITYTOUR-0157,앞산 케이블카,945.6,1000,True
HM000195,성서2차화성타운,,,,1000,False
HM000196,e편한세상세계육상선수촌2단지,CITYTOUR-0097,롯데 아울렛 대구 율하점,663.3,1000,True
HM000197,월성 협성휴포레,CITYTOUR-0175,온천엘리바덴,155.7,1000,True
HM000202,각산서한이다음,,,,1000,False
HM000203,매천화성파크드림,,,,1000,False
HM000204,학정역효성해링턴플레이스,CITYTOUR-0211,칠곡향교,556.9,1000,True
HM000205,현대방촌맨션,,,,1000,False
HM000206,범어쌍용예가,,,,1000,False
HM000208,테크노폴리스일동미라주,CITYTOUR-0234,현풍석빙고,574.3,1000,True
HM000209,옥포미진이지비아,,,,1000,False
HM000210,산호한양아파트,CITYTOUR-0105,문화예술거리 이태원길,461.4,1000,True
HM000211,만촌2차우방타운,CITYTOUR-0166,에스투뷰텍 라운지,929.6,1000,True
HM000212,서재우방타운,,,,1000,False
HM000244,주공그린빌3단지,CITYTOUR-0105,문화예술거리 이태원길,765.9,1000,True
HM000267,범어라온프라이빗2차,CITYTOUR-0166,에스투뷰텍 라운지,669.2,1000,True
HM000300,청구청산맨션,CITYTOUR-0193,이상화묘,842.4,1000,True
HM000302,국가산단줌파크,CITYTOUR-0039,노사평화의 전당,397.0,1000,True
HM000303,율하우방아이유쉘,CITYTOUR-0097,롯데 아울렛 대구 율하점,467.3,1000,True
HM000304,침산2차청구타운,CITYTOUR-0070,대구오페라하우스,845.5,1000,True
HM000311,성서2차화성타운_CH,,,,1000,False
HM000341,대곡청구제네스,CITYTOUR-0063,대구수목원,702.5,1000,True
HM000343,진천역계룡리슈빌,,,,1000,False
HM000345,대실역청아람2단지,,,,1000,False
HM000355,대구역센트럴자이,CITYTOUR-0069,대구예술발전소,239.7,1000,True
HM000360,침산동2차쌍용예가,,,,1000,False
HM000362,옥포대성베르힐,,,,1000,False
HM000379,용산파크타운,,,,1000,False
HM000382,상인제림아파트,CITYTOUR-0184,월곡역사 박물관,625.4,1000,True
HM000388,칠성우방맨션,CITYTOUR-0070,대구오페라하우스,353.3,1000,True
HM000392,대곡삼성래미안2차,CITYTOUR-0063,대구수목원,676.3,1000,True
HM000399,심미한마음 아파트,CITYTOUR-0202,자동차 부속상 거리,301.1,1000,True
HM000402,봉덕한라하우젠트퍼스트,CITYTOUR-0195,이천동 고미술거리,868.8,1000,True
HM000419,복현건영아파트,CITYTOUR-0220,패션디자인개발지원센터,746.5,1000,True
HM000443,상인청구타운,CITYTOUR-0184,월곡역사 박물관,278.0,1000,True
HM000446,방촌2차영남네오빌,CITYTOUR-0170,영남제일관,568.9,1000,True
HM000485,대신센트럴자이,CITYTOUR-0133,서문시장,601.5,1000,True
HM000486,한신더휴이스턴팰리스,,,,1000,False
HM000492,국가산단 반도유보라 아이비파크,CITYTOUR-0039,노사평화의 전당,650.4,1000,True
HM000504,한라하우젠트센트럴파크,CITYTOUR-0023,국립대구과학관,778.1,1000,True
HM000514,죽곡삼정그린코아더베스트,,,,1000,False
HM000515,와룡건영캐스빌,,,,1000,False
HM000516,칠곡금빛타운,CITYTOUR-0165,어울아트센터,782.6,1000,True
HM000519,동대구반도유보라,,,,1000,False
HM000520,세천삼정그린코아2단지,,,,1000,False
HM000521,세천삼정그린코아더베스트1단지,,,,1000,False
HM000522,협성휴포레월성,CITYTOUR-0175,온천엘리바덴,155.7,1000,True
HM000579,신서그린빌,,,,1000,False
HM000582,앞산비스타동원,CITYTOUR-0016,고산골 공룡공원,904.1,1000,True
HM000585,용산영남타운,,,,1000,False
HM000587,진천역AK그랑폴리스,,,,1000,False
HM000590,침산삼정그린코아,CITYTOUR-0056,대구무형유산전수교육관,76.9,1000,True
HM000632,성서푸른마을,,,,1000,False
HM000635,성서8주공,CITYTOUR-0054,대구기업명품관,985.6,1000,True
HM000636,현대썬앤빌대구,,,,1000,False
HM000658,용산청구블루빌,,,,1000,False
HM000665,수성화성파크드림,CITYTOUR-0107,미즈사키 린따로 묘소,758.9,1000,True
HM000674,성서3차동서타운,,,,1000,False
HM000676,e편한세상범어,,,,1000,False
HM000684,비산한신休플러스,,,,1000,False
HM000688,옥포대성베르힐4단지,,,,1000,False
HM000698,칼레이트CC (군위컨트리클럽),,,,1000,False
HM000720,삼성아파트,,,,1000,False
HM000721,칠곡중앙한신,CITYTOUR-0165,어울아트센터,258.8,1000,True
HM000722,정부대구지방합동청사,CITYTOUR-0193,이상화묘,370.9,1000,True
HM000736,유니버시아드선수촌2단지,,,,1000,False
HM000738,대곡역금강1차아파트,CITYTOUR-0193,이상화묘,588.5,1000,True
HM000741,대구혁신LH천년나무3단지,,,,1000,False
HM000743,범물서한화성타운,,,,1000,False
HM000746,월배쌍용예가,,,,1000,False
HM000755,지산화성파크드림,CITYTOUR-0141,수성아트피아,189.5,1000,True
HM000756,월배1차아이파크,,,,1000,False
HM000762,신당한화꿈에그린,CITYTOUR-0012,계명대학교 행소 박물관,780.5,1000,True
HM000763,우방대자연1차,,,,1000,False
HM000769,중리롯데캐슬,CITYTOUR-0226,한국섬유개발연구원,367.0,1000,True
HM000771,용산2차서한화성타운,,,,1000,False
HM000773,옥포천년나무3단지,,,,1000,False
HM000774,대곡한라하우젠트,CITYTOUR-0193,이상화묘,802.4,1000,True
HM000775,칠곡2차동서타운,,,,1000,False
HM000788,화성빌라트,CITYTOUR-0148,신숭겸 장군 유적지,124.9,1000,True
HM000789,대곡역화성파크드림,,,,1000,False
HM000790,칠곡건영아파트,,,,1000,False
HM000791,시지5차월드하이츠,,,,1000,False
HM000806,신암동건영캐스빌,,,,1000,False
HM000830,칠곡화성타운,,,,1000,False
HM000835,화원창신맨션,,,,1000,False
HM000843,봉덕화성파크드림,,,,1000,False
HM000845,수성효성해링턴플레이스,CITYTOUR-0094,들안길 먹거리타운,786.7,1000,True
HM000847,선학맨션,CITYTOUR-0070,대구오페라하우스,916.1,1000,True
HM000848,진석타워즈,CITYTOUR-0111,벨벳 갤러리 영도다움,31.6,1000,True
HM000849,지산서한이다음,,,,1000,False
HM000850,만촌동월드메르디앙,CITYTOUR-0103,모명재,568.2,1000,True
HM000853,수성영남타운,CITYTOUR-0033,김광석 다시 그리기 길,515.3,1000,True
HM000864,복현청구타운,CITYTOUR-0220,패션디자인개발지원센터,694.8,1000,True
HM001013,주공산새마을,,,,1000,False
HM001028,한일아파트(대구),,,,1000,False
HM001029,대구역서원프레시빌,CITYTOUR-0074,대구콘서트하우스,491.2,1000,True
HM001033,우방푸른타운,CITYTOUR-0129,삼덕동벽화골목,873.1,1000,True
HM001046,협성휴포레강북,,,,1000,False
HM001048,시지월드메르디앙,,,,1000,False
HM001049,서재2차보성타운,,,,1000,False
HM001076,대실역태왕아너스,,,,1000,False
HM001316,각산태영데시앙,,,,1000,False
HM001407,대곡역금강2차아파트,CITYTOUR-0193,이상화묘,679.3,1000,True
HM001418,성서6주공아파트,,,,1000,False
HM001426,성서1차영남우방타운,,,,1000,False
HM001428,태왕유성하이빌,,,,1000,False
HM001486,강북태왕아너스더퍼스트,CITYTOUR-0105,문화예술거리 이태원길,570.9,1000,True
HM001533,월드마크웨스트엔드,CITYTOUR-0054,대구기업명품관,597.6,1000,True
HM001534,신매우방타운,,,,1000,False
HM001574,청운신협,CITYTOUR-0129,삼덕동벽화골목,913.0,1000,True
HM001631,시지3차신매보성타운,,,,1000,False
HM001632,공항3차아파트,CITYTOUR-0119,불로동 고분군,339.0,1000,True
HM001646,상인자이아파트,CITYTOUR-0175,온천엘리바덴,550.6,1000,True
HM001647,월드마크웨스트엔드상가,CITYTOUR-0054,대구기업명품관,597.6,1000,True
HM001648,보성은하타운,CITYTOUR-0175,온천엘리바덴,780.8,1000,True
HM001663,강창1차삼산타운,,,,1000,False
HM001665,서한이다음레이크뷰,CITYTOUR-0185,월광수변공원,994.0,1000,True
HM001671,성서우방타운,,,,1000,False
HM001672,우방플러스빌,CITYTOUR-0056,대구무형유산전수교육관,389.5,1000,True
HM001674,각산푸르지오2단지,,,,1000,False
HM001697,용산2차우방타운,CITYTOUR-0054,대구기업명품관,993.9,1000,True
HM001720,죽전한양아이클래스,CITYTOUR-0054,대구기업명품관,785.6,1000,True
HM001722,이천주공 2단지,CITYTOUR-0195,이천동 고미술거리,931.6,1000,True
HM001741,성화아파트,CITYTOUR-0072,대구전시컨벤션센터(EXCO),863.7,1000,True
HM001803,보성동원타운,,,,1000,False
HM001804,방촌역태왕아너스,,,,1000,False
HM001809,동대구비스타동원,CITYTOUR-0046,대구 아쿠아리움,552.3,1000,True
HM001814,성서2차서한타운,,,,1000,False
HM001815,칠곡3단지 부영아파트,CITYTOUR-0105,문화예술거리 이태원길,779.9,1000,True
HM001818,아카시아아파트,,,,1000,False
HM700008,상동청구타운,CITYTOUR-0140,수성못유원지,576.4,1000,True
HM710014,_KT&G 코스모대구사업소,CITYTOUR-0153,안지랑 곱창골목,389.3,1000,True
HM710033,용산청구타운,CITYTOUR-0054,대구기업명품관,950.6,1000,True
HM710036,칠곡네스빌,CITYTOUR-0105,문화예술거리 이태원길,182.4,1000,True
HM710043,모란3차아파트,CITYTOUR-0097,롯데 아울렛 대구 율하점,984.2,1000,True
HM710044,모란2차아파트,,,,1000,False
HM710046,남산자이하늘채,CITYTOUR-0202,자동차 부속상 거리,577.7,1000,True
HM710054,미리내맨션,CITYTOUR-0016,고산골 공룡공원,577.1,1000,True
HM710055,모란1차아파트,,,,1000,False
HM710062,한국교직원공제회 대구회관,CITYTOUR-0108,박물관 휴르,854.7,1000,True
HM710064,_메리츠화재 대구지점,CITYTOUR-0053,대구근대역사관,104.5,1000,True
HM710074,동서리치모아,,,,1000,False
HM710076,래미안웰리스트아파트,CITYTOUR-0016,고산골 공룡공원,555.7,1000,True
HM710077,범어 SK VIEW 아파트,,,,1000,False
HM710078,롯데캐슬레이크,CITYTOUR-0185,월광수변공원,655.1,1000,True
HM710079,설화명곡역우방아이유쉘,,,,1000,False
HM710090,힐스테이트죽전역더퍼스트,CITYTOUR-0054,대구기업명품관,446.0,1000,True
HM710096,청운신협협동조합,,,,1000,False
HM710098,시지3차태왕하이츠,,,,1000,False
HM710101,매호동서타운,,,,1000,False
HM710103,성서주공7단지,,,,1000,False
HM710104,대명역센트럴엘리프,CITYTOUR-0160,앞산해넘이 전망대,369.6,1000,True
HM710118,대구 수갤러리아,,,,1000,False
HM710121,펙스코 패션디자인 개발지원센터,CITYTOUR-0220,패션디자인개발지원센터,47.0,1000,True
HU530001,웨스트애비뉴,CITYTOUR-0234,현풍석빙고,633.0,1000,True
HW000381,대구 노변중학교,CITYTOUR-0064,대구스타디움,722.4,1000,True
HW000396,대구 송현여자고등학교,,,,1000,False
HW000397,대구 오성고등학교,CITYTOUR-0166,에스투뷰텍 라운지,281.1,1000,True
HW000407,대구 체육고등학교,,,,1000,False
HW000466,대구 포산초등학교 지상주차장,CITYTOUR-0234,현풍석빙고,290.1,1000,True
HW000467,대구 유가초등학교 지상주차장,CITYTOUR-0023,국립대구과학관,649.2,1000,True
HW000477,대구 대봉초등학교,CITYTOUR-0142,수제화골목,101.1,1000,True
HW000488,대구 매천중학교,,,,1000,False
HW000492,대구 조일고등학교 지상주차장,,,,1000,False
HW000494,대구 연경초등학교 지상주차장,,,,1000,False
HW000497,대구 경북공업고등학교 지상주차장,CITYTOUR-0172,예전소극장,231.7,1000,True
HW000499,대구 함지고등학교,,,,1000,False
HW000501,대구 정화여자고등학교 지상주차장,CITYTOUR-0166,에스투뷰텍 라운지,673.7,1000,True
HW000508,대구과학기술고등학교,CITYTOUR-0213,퀸스로드,591.1,1000,True
HW000553,대구일중학교,CITYTOUR-0070,대구오페라하우스,741.2,1000,True
HW000610,대구 계성고등학교,CITYTOUR-0181,와룡산 상리봉 전망대,192.2,1000,True
HW000642,대구 달구벌고등학교,CITYTOUR-0138,송광매 기념관(송광매원),453.7,1000,True
HW000643,대구 성화여자고등학교,CITYTOUR-0220,패션디자인개발지원센터,713.4,1000,True
HW000646,대구보건고등학교 지상주차장,CITYTOUR-0128,삼덕동 벽화마을,286.6,1000,True
HW000648,대구 학남고등학교 지상주차장,CITYTOUR-0178,옻골동산,664.6,1000,True
HW000653,대구 비슬고등학교 지상주차장,CITYTOUR-0234,현풍석빙고,344.7,1000,True
HW000659,대구 덕인초등학교 지상주차장,,,,1000,False
HW000691,대구 이룸고등학교 지상주차장,CITYTOUR-0049,대구공항 면세점,890.2,1000,True
HW000692,대구 성보학교 지상주차장,CITYTOUR-0049,대구공항 면세점,828.9,1000,True
HW000695,대구 원화여자고등학교 지상주차장,CITYTOUR-0212,코오롱야외음악당,739.2,1000,True
HW000702,대구 비슬초등학교 지상주차장,CITYTOUR-0234,현풍석빙고,685.3,1000,True
HY000130,대구 디어밸리,CITYTOUR-0080,대한수목원,990.9,1000,True
HY000232,한국교통안전공단 수성자동차검사소,CITYTOUR-0064,대구스타디움,793.5,1000,True
HY000233,한국교통안전공단 이현자동차검사소,CITYTOUR-0181,와룡산 상리봉 전망대,600.9,1000,True
HY000436,대구 월성푸르지오,CITYTOUR-0175,온천엘리바덴,233.2,1000,True
HY000437,대구 월성푸르지오,CITYTOUR-0175,온천엘리바덴,381.6,1000,True
HY000438,대구 월성푸르지오,CITYTOUR-0175,온천엘리바덴,345.4,1000,True
HY000439,대구 월성푸르지오,CITYTOUR-0175,온천엘리바덴,412.5,1000,True
HY000440,대구 월성푸르지오,CITYTOUR-0175,온천엘리바덴,409.5,1000,True
HY000441,대구 월성푸르지오,CITYTOUR-0175,온천엘리바덴,470.2,1000,True
HY000442,대구 월성푸르지오,CITYTOUR-0175,온천엘리바덴,360.6,1000,True
HY000443,대구 월성푸르지오,CITYTOUR-0175,온천엘리바덴,331.4,1000,True
HY000506,대구 칠곡한서타운,CITYTOUR-0211,칠곡향교,387.4,1000,True
HY000507,대구 칠곡한서타운,CITYTOUR-0211,칠곡향교,333.6,1000,True
HY000508,대구 칠곡한서타운,CITYTOUR-0211,칠곡향교,303.9,1000,True
HY000509,대구 칠곡한서타운,CITYTOUR-0211,칠곡향교,350.5,1000,True
HY000510,엘디스리젠트호텔,CITYTOUR-0045,대구 근대골목,54.2,1000,True
HY000639,대구 방촌역 세영리첼더퍼스트,,,,1000,False
HY000648,대구 화원역 태왕리더스,,,,1000,False
HY000649,대구 화원역 태왕리더스,,,,1000,False
HY000650,대구 화원역 태왕리더스,,,,1000,False
HY000656,현대백화점 더현대 대구,CITYTOUR-0018,관덕정 순교 기념관,157.9,1000,True
HY000657,현대백화점 더현대 대구,CITYTOUR-0018,관덕정 순교 기념관,170.8,1000,True
HY000662,대구 서변청아람,,,,1000,False
HY000663,대구 서변청아람,,,,1000,False
HY000664,대구 서변청아람,,,,1000,False
HY000675,대구 시지태왕하이츠1차,,,,1000,False
HY000690,대구 월성센트로파크,,,,1000,False
HY000725,대구 상인푸르지오,CITYTOUR-0184,월곡역사 박물관,986.3,1000,True
HY000726,대구 상인푸르지오,,,,1000,False
HY000736,대구 상인화성파크드림 1단지,CITYTOUR-0184,월곡역사 박물관,445.0,1000,True
HY000737,대구 상인화성파크드림 2단지,CITYTOUR-0184,월곡역사 박물관,321.7,1000,True
HY000738,대구 상인화성파크드림 2단지,CITYTOUR-0184,월곡역사 박물관,475.4,1000,True
HY000739,대구 상인화성파크드림 2단지,CITYTOUR-0184,월곡역사 박물관,448.4,1000,True
HY000740,대구 지산동서맨션,CITYTOUR-0141,수성아트피아,686.7,1000,True
HY000741,대구 지산동서맨션,CITYTOUR-0141,수성아트피아,772.9,1000,True
HY000742,대구 지산동서맨션,CITYTOUR-0141,수성아트피아,753.6,1000,True
HY000743,대구 지산동서맨션,CITYTOUR-0141,수성아트피아,700.1,1000,True
HY000753,현대아울렛 대구점,CITYTOUR-0108,박물관 휴르,814.4,1000,True
HY000791,대구 이안동대구아파트,,,,1000,False
HY000792,대구 이안동대구아파트,,,,1000,False
HY000793,대구 이안동대구아파트,,,,1000,False
HY000813,대구 학정역 효성해링턴플레이스,CITYTOUR-0211,칠곡향교,590.6,1000,True
HY000820,대구 범어삼성쉐르빌,CITYTOUR-0166,에스투뷰텍 라운지,652.7,1000,True
HY000846,대구 서변청아람,,,,1000,False
HY000854,현대백화점 더현대 대구,CITYTOUR-0018,관덕정 순교 기념관,150.3,1000,True
HY000858,대구 시지대백아파트,,,,1000,False
HY000862,대구 동촌역 태왕아너스르네상스,CITYTOUR-0032,금호강 자연생태공원,252.4,1000,True
HY000868,대구 광명프레지던트,CITYTOUR-0094,들안길 먹거리타운,439.5,1000,True
HY000896,대구 동아아울렛 강북점,CITYTOUR-0165,어울아트센터,219.5,1000,True
HY000912,대구 동아백화점 수성점,,,,1000,False
HY000914,대구 동아백화점 쇼핑점,CITYTOUR-0018,관덕정 순교 기념관,146.2,1000,True
HY000935,대구 침산화성타운1차,CITYTOUR-0056,대구무형유산전수교육관,461.9,1000,True
HY000937,대구 화원역 태왕리더스,,,,1000,False
HY000938,대구 화원역 태왕리더스,,,,1000,False
HY000971,대구 래미안 범어아파트,CITYTOUR-0108,박물관 휴르,911.6,1000,True
HY000975,대구 LH천년나무2단지,,,,1000,False
HY000978,호텔인터불고 대구,CITYTOUR-0170,영남제일관,159.7,1000,True
HY000979,호텔인터불고 대구,CITYTOUR-0170,영남제일관,220.6,1000,True
HY001080,대구 경창산업,CITYTOUR-0023,국립대구과학관,458.9,1000,True
HY001084,대구 월배아이파크1차,,,,1000,False
HY001085,대구 월배아이파크1차,,,,1000,False
HY001086,대구 월배아이파크1차,,,,1000,False
HY001087,대구 월배아이파크1차,,,,1000,False
HY001088,대구 월배아이파크1차,,,,1000,False
HY001089,대구 월배아이파크1차,,,,1000,False
HY001103,대구 범물보성맨션,,,,1000,False
HY001166,칠곡2지구 건영캐스빌,,,,1000,False
HY001169,대구 청운맨션,CITYTOUR-0033,김광석 다시 그리기 길,299.1,1000,True
HY001208,대구 용산파크타운,,,,1000,False
HY001218,대구 혁신도시 서한이다음4차,,,,1000,False
HY001249,대구 범어센트레빌,CITYTOUR-0166,에스투뷰텍 라운지,879.5,1000,True
HY001271,대구 성당에덴타운,CITYTOUR-0003,83타워(83 TOWER DAEGU),405.2,1000,True
HY001294,대구 성당두산위브,,,,1000,False
HY001305,대구 테크노폴리스 중흥S클래스,,,,1000,False
HY001356,대구 월배태영데시앙,CITYTOUR-0175,온천엘리바덴,904.8,1000,True
HY001393,대구 상인화성파크드림 1단지,CITYTOUR-0184,월곡역사 박물관,257.7,1000,True
HY001418,대구 성서타운아파트,,,,1000,False
HY001434,기아 대구 서비스센터,,,,1000,False
HY001518,대구 대신 센트럴자이,CITYTOUR-0133,서문시장,518.2,1000,True
HY001560,대구 율하센트럴파크9단지,CITYTOUR-0097,롯데 아울렛 대구 율하점,754.3,1000,True
HY001570,대구 금호스타힐스NHF6단지,,,,1000,False
HY001611,대구국가산단 반도유보라아이비파크2차,CITYTOUR-0039,노사평화의 전당,600.3,1000,True
HY001612,대구 과학마을청아람,CITYTOUR-0039,노사평화의 전당,348.2,1000,True
HY001652,대구 두류센트레빌더파크,CITYTOUR-0212,코오롱야외음악당,451.5,1000,True
HY001691,대구 신천휴먼시아6단지,,,,1000,False
HY001738,대구 e편한세상대신,CITYTOUR-0202,자동차 부속상 거리,644.6,1000,True
HY001739,대구 신매우방타운,,,,1000,False
HY001742,대구 수성동양엘레브,CITYTOUR-0033,김광석 다시 그리기 길,541.0,1000,True
HY001772,대구 강변일성트루엘,CITYTOUR-0056,대구무형유산전수교육관,462.5,1000,True
HY001776,대구 동화로즈빌,CITYTOUR-0054,대구기업명품관,665.6,1000,True
HY001782,대구 신암그린타운,,,,1000,False
HY001797,대구 서한미리내맨션,CITYTOUR-0016,고산골 공룡공원,579.2,1000,True
HY001807,대구 에덴공항2차,CITYTOUR-0083,동구 공예 전시장,383.7,1000,True
HY001817,대구 백조3차,CITYTOUR-0184,월곡역사 박물관,607.3,1000,True
HY001826,대구 성서삼성한국형,,,,1000,False
HY001836,대구 진천역 계룡리슈빌,,,,1000,False
HY001851,대구 범어삼환나우빌,,,,1000,False
HY001862,대구 노변대백맨션,,,,1000,False
HY001863,대구 노변청구타운,,,,1000,False
HY001864,대구 시지태왕레전드,,,,1000,False
HY001903,대구 수성3가롯데캐슬,,,,1000,False
HY001904,대구 별메마을주공6단지,,,,1000,False
IN053001,수성월드메르디앙,CITYTOUR-0064,대구스타디움,928.1,1000,True
IN053002,삼성화재범어사옥,CITYTOUR-0108,박물관 휴르,618.1,1000,True
IN053003,옥포허브시티,,,,1000,False
IN053004,세천삼정그린코아더베스트1단지,,,,1000,False
IN053005,세천삼정그린코아더베스트2단지,,,,1000,False
IN053006,현대썬앤빌대구,,,,1000,False
IN053007,대구서부고용복지플러스센터,CITYTOUR-0194,이월드(E-World),536.3,1000,True
IN053008,코오롱맨션,CITYTOUR-0213,퀸스로드,318.1,1000,True
IN053009,한국가스공사본사,CITYTOUR-0208,첨단의료복합단지,863.7,1000,True
IN053010,한국로봇산업진흥원,,,,1000,False
IN053012,월성화성타운,CITYTOUR-0175,온천엘리바덴,723.3,1000,True
IN053013,칠곡그린빌3단지,CITYTOUR-0105,문화예술거리 이태원길,671.1,1000,True
IN053014,월배쌍용예가,,,,1000,False
IN053015,수성3가화성파크드림1단지,,,,1000,False
IN053016,수성3가화성파크드림2단지,,,,1000,False
IN053017,칠곡그린빌2단지,CITYTOUR-0105,문화예술거리 이태원길,802.2,1000,True
IN053018,청라언덕역서한포레스트,CITYTOUR-0084,동무생각 노래비,67.8,1000,True
IN053019,화원한샘타운,,,,1000,False
IN053020,신세계백화점대구점,CITYTOUR-0067,대구신세계백화점,342.3,1000,True
IN053021,영남네오빌블루,,,,1000,False
IN053022,센트럴파크대현,,,,1000,False
IN053023,이마트반야월점,,,,1000,False
IN053024,이마트성서점,,,,1000,False
IN053025,이마트칠성점,CITYTOUR-0070,대구오페라하우스,269.7,1000,True
IN053026,이마트월배점,CITYTOUR-0175,온천엘리바덴,895.3,1000,True
IN053027,이마트만촌점,CITYTOUR-0108,박물관 휴르,659.2,1000,True
IN053028,이마트T비산점,,,,1000,False
IN053029,시지3차서한이다음,,,,1000,False
IN053030,롯데택배대구황금대리점,,,,1000,False
IN053031,연경아이파크,,,,1000,False
IN053032,범물태성한라창신,,,,1000,False
IN053033,호텔라온제나,,,,1000,False
IN053034,화성리버파크1단지,,,,1000,False
IN053035,경남센트로팰리스,CITYTOUR-0143,수창청춘맨숀,270.9,1000,True
IN053036,대곡한라하우젠트,CITYTOUR-0193,이상화묘,738.8,1000,True
IN053038,SM안아주아파트,CITYTOUR-0097,롯데 아울렛 대구 율하점,254.4,1000,True
IN053039,범어청구푸른마을,,,,1000,False
IN053040,대실역청아람1단지아파트,,,,1000,False
IN053041,신천청아람아파트,,,,1000,False
IN053042,보성1차대덕맨션,CITYTOUR-0016,고산골 공룡공원,701.9,1000,True
IN053043,파동남광타운,,,,1000,False
IN053044,신동아파밀리에아파트,,,,1000,False
IN053045,주식회사유앤지,,,,1000,False
IN053046,동대구화물터미널,CITYTOUR-0097,롯데 아울렛 대구 율하점,872.8,1000,True
IN053047,월성5단지아파트,,,,1000,False
IN053048,월성삼정그린에듀파크,CITYTOUR-0175,온천엘리바덴,573.7,1000,True
IN053049,신서퀸덤아파트,,,,1000,False
IN053050,동서변리벤빌,,,,1000,False
IN053051,지산타운아파트,,,,1000,False
IN053052,신천2주공아파트,,,,1000,False
IN053053,한국가스공사숙소동,CITYTOUR-0208,첨단의료복합단지,241.0,1000,True
IN053054,논공성원아파트,,,,1000,False
IN053055,신성서화성파크드림,,,,1000,False
IN053056,시지천마타운,,,,1000,False
IN053057,오페라코오롱하늘채,CITYTOUR-0056,대구무형유산전수교육관,273.1,1000,True
IN053058,범물두성타운,,,,1000,False
IN053059,침산코오롱하늘채2단지,CITYTOUR-0056,대구무형유산전수교육관,175.4,1000,True
IN053060,이마트만촌점E,CITYTOUR-0108,박물관 휴르,650.2,1000,True
IN053061,각산푸르지오2단지,,,,1000,False
IN053062,칠곡7단지부영아파트,,,,1000,False
IN053063,신암에스디아이프라임,CITYTOUR-0067,대구신세계백화점,972.4,1000,True
IN053067,동화훼미리타운,CITYTOUR-0165,어울아트센터,395.3,1000,True
IN053068,칠곡보성맨션,CITYTOUR-0165,어울아트센터,673.8,1000,True
IN053069,극동스타클래스남산,CITYTOUR-0136,성모당,322.8,1000,True
IN053070,에코폴리스동화아이위시,,,,1000,False
IN053071,내당삼익맨션,CITYTOUR-0194,이월드(E-World),638.6,1000,True
IN053072,시지삼주한라협화타운아파트,,,,1000,False
IN053073,남산롯데캐슬센트럴스카이,CITYTOUR-0045,대구 근대골목,295.7,1000,True
IN053074,반월당서한포레스트,CITYTOUR-0018,관덕정 순교 기념관,303.4,1000,True
IN053076,죽곡푸르지오2단지,,,,1000,False
IN053077,영남네오빌비스타,CITYTOUR-0054,대구기업명품관,856.4,1000,True
IN053078,칠곡관음타운,CITYTOUR-0165,어울아트센터,435.0,1000,True
IN053079,신성서진흥더블파크,,,,1000,False
IN053080,시지동서타운아파트,,,,1000,False
IN053081,복현2차서한타운,,,,1000,False
IN053082,유천포스코더샵,,,,1000,False
IN053083,이천뜨란채2단지,CITYTOUR-0195,이천동 고미술거리,939.5,1000,True
IN053084,율하역엘크루아파트,CITYTOUR-0097,롯데 아울렛 대구 율하점,621.3,1000,True
IN053085,북죽곡현대엠코타운,,,,1000,False
IN053086,에코폴리스동화아이위시3차,,,,1000,False
IN053087,동화해오름타운아파트,,,,1000,False
JA270001,(출입제한)롯데글로벌로지스 서대구터미널,,,,1000,False
JA270003,롯데칠성음료 동대구영업소,,,,1000,False
JA270004,롯데백화점 상인점,CITYTOUR-0184,월곡역사 박물관,464.4,1000,True
JA270005,롯데마트 율하점,CITYTOUR-0097,롯데 아울렛 대구 율하점,17.3,1000,True
JA270006,롯데백화점 대구점 지상 4층,CITYTOUR-0074,대구콘서트하우스,215.5,1000,True
JA270007,롯데백화점 대구점 지상 3층,CITYTOUR-0074,대구콘서트하우스,213.0,1000,True
JA270008,롯데아울렛 이시아폴리스점 A주차장,CITYTOUR-0098,롯데몰 이시아폴리스점,101.5,1000,True
JA270009,롯데슈퍼 수성점,CITYTOUR-0094,들안길 먹거리타운,671.1,1000,True
JA270010,대구가정법원,CITYTOUR-0054,대구기업명품관,491.8,1000,True
JA270011,대구영남대학교의료원,CITYTOUR-0051,대구교육대학교 교육박물관,501.9,1000,True
JA270012,대구한의대 한방병원,,,,1000,False
JA270013,롯데웰푸드 북대구지점,CITYTOUR-0135,섬유제품관,257.7,1000,True
JE080003,(주)우리은행 대구지점,CITYTOUR-0087,동성로,87.6,1000,True
KE000070,대구수성롯데캐슬더퍼스트301동,CITYTOUR-0033,김광석 다시 그리기 길,473.4,1000,True
KE000075,대구옥포LH천년나무307동,,,,1000,False
KE000211,대구산격거평103동,CITYTOUR-0073,대구종합유통단지,299.2,1000,True
KE000230,대구SD아이프라임강북102동,CITYTOUR-0211,칠곡향교,212.9,1000,True
KE000244,대구신서혁신LH천년나무606동,,,,1000,False
KE000245,대구신서혁신LH천년나무601동,,,,1000,False
KE000246,대구신서혁신LH천년나무607동,,,,1000,False
KE000354,대구침산태왕리더스102동,CITYTOUR-0070,대구오페라하우스,966.4,1000,True
KE000359,대구다사주공201동,,,,1000,False
KE000360,대구다사주공102동,,,,1000,False
KE000375,대구칠곡우방하이츠102동,CITYTOUR-0105,문화예술거리 이태원길,278.2,1000,True
KE000385,대구금호LH천년나무102동,,,,1000,False
KE000386,대구금호LH천년나무104동,,,,1000,False
KE000387,대구금호LH천년나무106동,,,,1000,False
KE000419,대구수성롯데캐슬더퍼스트103동,CITYTOUR-0033,김광석 다시 그리기 길,513.6,1000,True
KE000420,대구수성롯데캐슬더퍼스트203동,CITYTOUR-0033,김광석 다시 그리기 길,457.8,1000,True
KE000540,대구신천역더뷰파크301동,,,,1000,False
KE000548,대구동구진로이스트타운,CITYTOUR-0067,대구신세계백화점,744.1,1000,True
KE000602,대구화성리버파크1단지106동,,,,1000,False
KE000692,대구화성리버파크1단지105동1,,,,1000,False
KE000693,대구화성리버파크1단지106동1,,,,1000,False
KE000709,대구SD아이프라임강북103동,CITYTOUR-0211,칠곡향교,146.7,1000,True
KE000830,대구태전역더뉴클래스,,,,1000,False
KE000836,대구신천역까사밀라,,,,1000,False
KE000883,대구수성월드메르디앙103동1,CITYTOUR-0064,대구스타디움,913.2,1000,True
KE000884,대구수성월드메르디앙103동2,CITYTOUR-0064,대구스타디움,914.8,1000,True
KE000885,대구수성월드메르디앙104동,CITYTOUR-0064,대구스타디움,890.5,1000,True
KE000886,대구수성월드메르디앙106동,CITYTOUR-0064,대구스타디움,830.0,1000,True
KE000887,대구수성월드메르디앙108동,CITYTOUR-0064,대구스타디움,894.0,1000,True
KE000897,대구삼정브리티시용산1,CITYTOUR-0054,대구기업명품관,342.9,1000,True
KE000898,대구삼정브리티시용산2,CITYTOUR-0054,대구기업명품관,375.3,1000,True
KE000899,대구삼정브리티시용산3,CITYTOUR-0054,대구기업명품관,355.8,1000,True
KE000987,대구동구신암진로이스트타운,CITYTOUR-0151,아양기찻길,741.2,1000,True
KE001011,대구두산동행정복지센터,CITYTOUR-0094,들안길 먹거리타운,551.7,1000,True
KE001046,대구북구훼미리,,,,1000,False
KE001051,대구수성황금2동행정복지센터,,,,1000,False
KE001052,대구수성범어4동행정복지센터,CITYTOUR-0166,에스투뷰텍 라운지,916.5,1000,True
KE001062,대구북구케이병원,CITYTOUR-0165,어울아트센터,707.2,1000,True
KE001089,대구북구SD아이프라임강북B1-01,CITYTOUR-0211,칠곡향교,212.9,1000,True
KE001090,대구북구SD아이프라임강북B1-02,CITYTOUR-0211,칠곡향교,212.9,1000,True
KE001196,대구성서MEGASTAR,,,,1000,False
KE001252,한국전기안전공사 대구경북지역본부,CITYTOUR-0151,아양기찻길,688.5,1000,True
KE001333,파동행정복지센터,,,,1000,False
KE001402,경찰대구중앙파출소,CITYTOUR-0102,메디시티대구명품브랜드판매장,172.0,1000,True
KE001516,경찰대구안심지구대,,,,1000,False
KE001517,경찰대구서부경찰서,,,,1000,False
KE001518,경찰대구구지파출소,CITYTOUR-0039,노사평화의 전당,996.5,1000,True
KL001131,용산우방미진태왕타운아파트,,,,1000,False
KL001282,현대청림타운,,,,1000,False
KL001438,대구동서변그린빌아파트_01,,,,1000,False
KL001439,대구동서변그린빌아파트_02,,,,1000,False
KL001440,대구동서변그린빌아파트_03,,,,1000,False
KL001494,신천지하이츠아파트,CITYTOUR-0025,국립대구박물관,770.7,1000,True
KL001616,지산보성맨션_1,CITYTOUR-0141,수성아트피아,962.0,1000,True
KL001617,지산보성맨션_2,CITYTOUR-0141,수성아트피아,962.0,1000,True
KL001618,지산보성맨션_3,CITYTOUR-0141,수성아트피아,962.0,1000,True
KL001672,대구 삼성생명,CITYTOUR-0018,관덕정 순교 기념관,204.4,1000,True
KL001677,수목원호정포레스트아파트-1,CITYTOUR-0063,대구수목원,975.8,1000,True
KL001678,수목원호정포레스트아파트-2,CITYTOUR-0063,대구수목원,975.8,1000,True
KL001679,수목원호정포레스트아파트-3,CITYTOUR-0063,대구수목원,975.8,1000,True
KL001745,가고파바비큐식당,,,,1000,False
KL001763,김태희손국수식당,,,,1000,False
KL001809,대구종합유통단지 의류관,CITYTOUR-0220,패션디자인개발지원센터,206.8,1000,True
KL001825,이시아팰리스,CITYTOUR-0098,롯데몰 이시아폴리스점,267.8,1000,True
KL001847,대구유통단지 전기재료관,CITYTOUR-0135,섬유제품관,141.3,1000,True
KL001924,강북이진캐스빌,,,,1000,False
KL001990,범어동일하이빌아파트,,,,1000,False
KL002459,범어월드메르디앙웨스턴카운티,,,,1000,False
KL002465,칠곡2차보성서한타운,CITYTOUR-0165,어울아트센터,867.6,1000,True
KL002550,한국산업관리공단,CITYTOUR-0208,첨단의료복합단지,682.1,1000,True
KL002650,성서로얄팰리스관리사무소,,,,1000,False
KL002700,(주)지원엠케이,CITYTOUR-0053,대구근대역사관,98.8,1000,True
KL002703,도남자동차검사정비,CITYTOUR-0178,옻골동산,494.9,1000,True
KP000060,남대구지사,,,,1000,False
KP000061,대구직할,CITYTOUR-0070,대구오페라하우스,858.8,1000,True
KP000062,동대구지사,CITYTOUR-0046,대구 아쿠아리움,716.8,1000,True
KP000156,서대구지사,CITYTOUR-0043,달성공원,947.8,1000,True
KP000230,롯데역사(주) 대구점,CITYTOUR-0074,대구콘서트하우스,266.5,1000,True
KP000231,3호선 칠곡차량기지,,,,1000,False
KP000232,대구스타디움 버스주차장,CITYTOUR-0065,대구스포츠 기념관,231.7,1000,True
KP000233,대구미술관 외환들 주차장,CITYTOUR-0048,대구간송미술관,206.2,1000,True
KP000234,시민안전테마파크,CITYTOUR-0066,대구시민안전테마파크,44.0,1000,True
KP000235,방촌천 복개주차장,CITYTOUR-0032,금호강 자연생태공원,581.8,1000,True
KP000236,수성패밀리파크,,,,1000,False
KP000237,수성구민운동장,CITYTOUR-0025,국립대구박물관,887.2,1000,True
KP000238,두류공원 테니스장,CITYTOUR-0050,대구관광정보센터 특산물전시 판매장,263.2,1000,True
KP000239,대구수목원 제3주차장,CITYTOUR-0063,대구수목원,15.0,1000,True
KP000240,달성종합스포츠파크,CITYTOUR-0235,현풍향교,956.2,1000,True
KP000241,화원명곡공원,,,,1000,False
KP000334,대구경북전력관리처,,,,1000,False
KP000401,대구유통단지 전자관,CITYTOUR-0073,대구종합유통단지,114.2,1000,True
KP000402,LH대구경북본부,,,,1000,False
KP000470,대곡역그린빌,CITYTOUR-0193,이상화묘,285.3,1000,True
KP000471,상인서한타운,CITYTOUR-0184,월곡역사 박물관,403.0,1000,True
KP000472,상인화성파크드림1단지,CITYTOUR-0184,월곡역사 박물관,342.4,1000,True
KP000473,상인화성파크드림2단지,CITYTOUR-0184,월곡역사 박물관,457.6,1000,True
KP000474,천내보성타운,,,,1000,False
KP000475,힐데스하임,CITYTOUR-0023,국립대구과학관,760.5,1000,True
KP000476,범물인앤인 아파트,,,,1000,False
KP000477,범어쌍용예가,,,,1000,False
KP000478,범어화산샬레,CITYTOUR-0166,에스투뷰텍 라운지,905.4,1000,True
KP000479,수성태왕하이츠리버뷰,CITYTOUR-0033,김광석 다시 그리기 길,320.1,1000,True
KP000480,시지월드메르디앙,,,,1000,False
KP000481,이시아폴리스더샵1차,CITYTOUR-0098,롯데몰 이시아폴리스점,541.0,1000,True
KP000483,앞산힐스테이트,,,,1000,False
KP000484,대신센트럴자이 아파트,CITYTOUR-0133,서문시장,539.4,1000,True
KP000639,남산그린타운 아파트,CITYTOUR-0202,자동차 부속상 거리,581.1,1000,True
KP000640,대구대현LH3단지 아파트,,,,1000,False
KP000641,대현e편한세상 아파트,CITYTOUR-0056,대구무형유산전수교육관,598.6,1000,True
KP000642,브라운스톤강북 아파트,,,,1000,False
KP000643,두류보성맨션 아파트,CITYTOUR-0003,83타워(83 TOWER DAEGU),547.6,1000,True
KP000644,본리롯데캐슬 아파트,,,,1000,False
KP000645,월드마크웨스트엔드 아파트,CITYTOUR-0054,대구기업명품관,597.8,1000,True
KP000656,달성2차청아람 아파트,CITYTOUR-0039,노사평화의 전당,582.5,1000,True
KP000657,상인대성스카이렉스 아파트,CITYTOUR-0175,온천엘리바덴,983.5,1000,True
KP000658,상인역e편한세상1단지 아파트,CITYTOUR-0175,온천엘리바덴,793.9,1000,True
KP000659,상인역e편한세상2단지 아파트,CITYTOUR-0184,월곡역사 박물관,865.8,1000,True
KP000660,성서 한빛마을 아파트,,,,1000,False
KP000661,성서 한샘타운 아파트,,,,1000,False
KP000662,월배역포스코더샵 아파트,CITYTOUR-0175,온천엘리바덴,760.3,1000,True
KP000663,월촌화성타운 아파트,CITYTOUR-0184,월곡역사 박물관,266.2,1000,True
KP000664,평광행복타운 아파트,,,,1000,False
KP000665,각산푸르지오1단지 아파트,,,,1000,False
KP000666,동대구유성푸르나임 아파트,CITYTOUR-0067,대구신세계백화점,751.3,1000,True
KP000667,래미안수성 아파트,CITYTOUR-0108,박물관 휴르,916.2,1000,True
KP000668,만촌태왕리더스 아파트,CITYTOUR-0103,모명재,638.5,1000,True
KP000669,무열마을 아파트,CITYTOUR-0103,모명재,543.5,1000,True
KP000670,범어월드메르디앙웨스턴카운티 아파트,,,,1000,False
KP000671,수성누리빌데시앙 아파트,CITYTOUR-0108,박물관 휴르,702.6,1000,True
KP000672,수성대백인터빌 아파트,CITYTOUR-0033,김광석 다시 그리기 길,711.3,1000,True
KP000673,시지3차태왕하이츠 아파트,,,,1000,False
KP000674,시지3차신매보성타운 아파트,,,,1000,False
KP000675,시지동화아이위시 아파트,,,,1000,False
KP000676,아이프라임신매 아파트,,,,1000,False
KP000677,화성고려파크뷰 아파트,CITYTOUR-0141,수성아트피아,957.4,1000,True
KP001101,대구효성해링턴플레이스,CITYTOUR-0075,대구향교,357.0,1000,True
KP001102,용산롯데캐슬그랜드,CITYTOUR-0054,대구기업명품관,328.5,1000,True
KP001107,나래마을,,,,1000,False
KP001109,유천포스코더샵 아파트,,,,1000,False
KP001111,e편한세상 세계육상선수촌2단지,CITYTOUR-0097,롯데 아울렛 대구 율하점,635.2,1000,True
KP001112,수성월드메르디앙,CITYTOUR-0064,대구스타디움,835.5,1000,True
KP001114,율하우방아이유쉘,CITYTOUR-0097,롯데 아울렛 대구 율하점,510.4,1000,True
KP001115,혁신서한이다음3차,,,,1000,False
KP001594,sd아이프라임강북,CITYTOUR-0211,칠곡향교,257.1,1000,True
KP001595,금호신도시서한이다음,,,,1000,False
KP001596,반월당삼정그린코아,CITYTOUR-0018,관덕정 순교 기념관,217.8,1000,True
KP001597,복현푸르지오,CITYTOUR-0151,아양기찻길,985.2,1000,True
KP001598,복현현대맨션,CITYTOUR-0220,패션디자인개발지원센터,890.0,1000,True
KP001599,삼진목화 아파트,CITYTOUR-0105,문화예술거리 이태원길,647.9,1000,True
KP001600,센트로팰리스,CITYTOUR-0230,한방 화장품 만들기 체험,345.4,1000,True
KP001602,침산동2차쌍용예가,,,,1000,False
KP001603,침산코오롱하늘채2단지,CITYTOUR-0056,대구무형유산전수교육관,276.5,1000,True
KP001604,태왕아너스스카이,CITYTOUR-0133,서문시장,404.7,1000,True
KP001613,교대역월드메르디앙,CITYTOUR-0195,이천동 고미술거리,498.5,1000,True
KP001614,동화로즈빌,CITYTOUR-0054,대구기업명품관,857.2,1000,True
KP001615,본리2차롯데캐슬,,,,1000,False
KP001616,삼정브리티시용산,CITYTOUR-0054,대구기업명품관,379.2,1000,True
KP001617,성당동포스코더샵,,,,1000,False
KP001618,성당에덴타운,CITYTOUR-0003,83타워(83 TOWER DAEGU),398.9,1000,True
KP001620,용산청구블루빌타운,,,,1000,False
KP001637,대곡사계절타운,,,,1000,False
KP001639,대곡주공9단지아람마을,,,,1000,False
KP001640,대구월배2차IPARK,,,,1000,False
KP001641,동방현대타운,CITYTOUR-0184,월곡역사 박물관,382.8,1000,True
KP001642,동서장관빌라,CITYTOUR-0160,앞산해넘이 전망대,854.4,1000,True
KP001643,롯데캐슬레이크,CITYTOUR-0185,월광수변공원,655.2,1000,True
KP001644,미리샘마을,,,,1000,False
KP001645,보성은하타운,CITYTOUR-0175,온천엘리바덴,781.0,1000,True
KP001647,상인보성맨션,CITYTOUR-0184,월곡역사 박물관,390.5,1000,True
KP001650,상인푸르지오,CITYTOUR-0184,월곡역사 박물관,985.8,1000,True
KP001651,성서1차영남우방타운,,,,1000,False
KP001652,성서2차영남우방타운,,,,1000,False
KP001653,성서우방타운,,,,1000,False
KP001654,성서청남타운,CITYTOUR-0012,계명대학교 행소 박물관,968.7,1000,True
KP001655,월배1차아이파크,,,,1000,False
KP001656,월배힐스테이트,CITYTOUR-0175,온천엘리바덴,993.8,1000,True
KP001657,제일풍경채더퍼스트,CITYTOUR-0234,현풍석빙고,512.0,1000,True
KP001658,진천역대우이안 아파트,,,,1000,False
KP001659,진천코오롱하늘채,CITYTOUR-0063,대구수목원,746.8,1000,True
KP001660,테크노폴리스반도유보라,CITYTOUR-0023,국립대구과학관,491.7,1000,True
KP001661,테크노폴리스서한이다음,CITYTOUR-0234,현풍석빙고,558.8,1000,True
KP001662,테크노폴리스진아리채,CITYTOUR-0023,국립대구과학관,941.9,1000,True
KP001663,호반베르디움더클래스,,,,1000,False
KP001664,화원태왕타운,,,,1000,False
KP001666,e편한세상범어,CITYTOUR-0129,삼덕동벽화골목,967.4,1000,True
KP001667,각산태영데시앙,,,,1000,False
KP001668,각산푸르지오2단지,,,,1000,False
KP001669,범물우방미진하이츠,,,,1000,False
KP001670,범어동일하이빌,,,,1000,False
KP001671,범어롯데캐슬,,,,1000,False
KP001672,사월화성파크드림2단지,,,,1000,False
KP001673,수성롯데캐슬,CITYTOUR-0129,삼덕동벽화골목,788.3,1000,True
KP001674,시지4차태왕레전드,,,,1000,False
KP001675,시지5차월드하이츠,,,,1000,False
KP001676,시지우방하이츠,,,,1000,False
KP001677,시지한신휴플러스,,,,1000,False
KP001678,신암뜨란채,,,,1000,False
KP001679,아이프라임시지,,,,1000,False
KP001681,웰리치시지,,,,1000,False
KP001682,율하휴먼시아12단지,CITYTOUR-0097,롯데 아울렛 대구 율하점,672.7,1000,True
KP001683,이시아폴리스더샵3차,CITYTOUR-0098,롯데몰 이시아폴리스점,343.5,1000,True
KP001684,태왕메트로시티,CITYTOUR-0046,대구 아쿠아리움,693.2,1000,True
KP001687,신성미소시티주상복합 아파트,CITYTOUR-0192,"이상화고택, 서상돈고택",98.6,1000,True
KP001953,강변코오롱,,,,1000,False
KP001959,대곡한라하우젠트,CITYTOUR-0193,이상화묘,742.7,1000,True
KP001960,성서우방유쉘 아파트,,,,1000,False
KP001961,월성동삼성래미안 아파트,CITYTOUR-0175,온천엘리바덴,494.1,1000,True
KP001962,월성코오롱하늘채1단지,CITYTOUR-0175,온천엘리바덴,423.6,1000,True
KP001963,제일풍경채센트럴,CITYTOUR-0023,국립대구과학관,471.8,1000,True
KP001964,진천역대성스카이렉스,,,,1000,False
KP001965,협성휴포레월성,CITYTOUR-0175,온천엘리바덴,296.6,1000,True
KP001966,대구혁신LH이노힐즈,,,,1000,False
KP001967,신천휴먼시아5단지,,,,1000,False
KP001968,우방한가람타운,CITYTOUR-0033,김광석 다시 그리기 길,628.6,1000,True
KP002172,이마트 감삼점,CITYTOUR-0054,대구기업명품관,735.5,1000,True
KP002173,홈플러스 남대구점,CITYTOUR-0153,안지랑 곱창골목,482.3,1000,True
KP002174,홈플러스 내당점,CITYTOUR-0194,이월드(E-World),674.1,1000,True
KP002180,홈플러스 상인점,CITYTOUR-0175,온천엘리바덴,990.8,1000,True
KP002181,가창체육공원,,,,1000,False
KP002182,대구공항,CITYTOUR-0049,대구공항 면세점,55.3,1000,True
KP002183,대구축협 축산물프라자,,,,1000,False
KP002184,이마트 반야월점,,,,1000,False
KP002186,홈플러스 동촌점,CITYTOUR-0032,금호강 자연생태공원,422.6,1000,True
KP002187,경북대학교 학생주차장,CITYTOUR-0008,경북대학교 가로수길(백양로),573.9,1000,True
KP002188,대구오토월드,,,,1000,False
KP002189,대백프라자,CITYTOUR-0033,김광석 다시 그리기 길,379.1,1000,True
KP002190,이마트 칠성점,CITYTOUR-0070,대구오페라하우스,286.0,1000,True
KP002192,홈플러스 칠곡점,CITYTOUR-0105,문화예술거리 이태원길,263.7,1000,True
KP002319,월성화성타운,CITYTOUR-0175,온천엘리바덴,702.0,1000,True
KP002320,영조아름다운나날1단지,,,,1000,False
KP002321,지산화성파크드림,CITYTOUR-0141,수성아트피아,235.6,1000,True
KP002322,태왕그린힐즈,CITYTOUR-0148,신숭겸 장군 유적지,213.3,1000,True
KP002323,대한동아침산1차무지개아파트,CITYTOUR-0070,대구오페라하우스,548.1,1000,True
KP002324,매천화성파크드림,,,,1000,False
KP002325,칠곡관음타운,CITYTOUR-0165,어울아트센터,470.0,1000,True
KP002416,북죽곡엠코타운더솔레뉴,,,,1000,False
KP002417,진천역AK그랑폴리스,,,,1000,False
KP002418,한빛타운,,,,1000,False
KP002419,삼덕청아람리슈빌,CITYTOUR-0129,삼덕동벽화골목,295.5,1000,True
KP002514,달성유통센터,,,,1000,False
KP002633,진로이스트타운,CITYTOUR-0151,아양기찻길,551.7,1000,True
KP002663,복현명문세가2단지,,,,1000,False
KP002736,삼정그린빌아파트,CITYTOUR-0212,코오롱야외음악당,287.4,1000,True
KP002737,침산동화타운,,,,1000,False
KP002757,용산동서우방타운,CITYTOUR-0054,대구기업명품관,580.7,1000,True
KP002769,대실역e-편한세상,,,,1000,False
KP002797,남산휴먼시아2단지,CITYTOUR-0084,동무생각 노래비,550.3,1000,True
KP002861,성서삼성한국형,,,,1000,False
KP002898,수성아이파크,,,,1000,False
KP002973,성서무지개타운,,,,1000,False
KP003004,앞산청구제네스,CITYTOUR-0184,월곡역사 박물관,834.5,1000,True
KP003010,lh옥포천년나무2단지,,,,1000,False
KP003014,동서변그린빌아파트,,,,1000,False
KP003157,칠곡그린빌4단지,CITYTOUR-0105,문화예술거리 이태원길,964.1,1000,True
KP003158,칠곡부영5단지아파트,CITYTOUR-0105,문화예술거리 이태원길,931.4,1000,True
KP003173,월성동서타운,CITYTOUR-0175,온천엘리바덴,662.1,1000,True
KP003174,화원태왕리더스,,,,1000,False
KP003196,천일맨션,CITYTOUR-0097,롯데 아울렛 대구 율하점,860.6,1000,True
KP003197,칠곡네스빌,CITYTOUR-0105,문화예술거리 이태원길,230.4,1000,True
KP003222,협화문화아파트,CITYTOUR-0032,금호강 자연생태공원,410.0,1000,True
KP003223,현대전원맨션,,,,1000,False
KP003224,오페라코오롱하늘채,CITYTOUR-0056,대구무형유산전수교육관,286.6,1000,True
KP003239,강변동서마을관리사무소,,,,1000,False
KP003268,대성주유소,CITYTOUR-0070,대구오페라하우스,323.8,1000,True
KP003278,대구혁신센텀힐즈,,,,1000,False
KP003291,시지1차태왕하이츠,,,,1000,False
KP003311,신천자이아파트,,,,1000,False
KP003343,월배역라온프라이빗,CITYTOUR-0175,온천엘리바덴,850.3,1000,True
KP003423,유통단지 전자상가,CITYTOUR-0073,대구종합유통단지,170.4,1000,True
KP003424,대성하이웨이주유소,CITYTOUR-0108,박물관 휴르,858.7,1000,True
KP003444,대성유니드 주유소,CITYTOUR-0054,대구기업명품관,940.9,1000,True
KP003475,두류공원 초급속 EV충전소,CITYTOUR-0050,대구관광정보센터 특산물전시 판매장,88.7,1000,True
KP003631,만촌태왕아너스,CITYTOUR-0166,에스투뷰텍 라운지,325.6,1000,True
KP003696,혁신도시서한이다음4차,,,,1000,False
KP003697,칠곡현대1차아파트,CITYTOUR-0165,어울아트센터,419.8,1000,True
KP003698,중리롯데캐슬,CITYTOUR-0226,한국섬유개발연구원,256.5,1000,True
KP003772,학산근린공원삼거리주차장,,,,1000,False
KP003774,배실공원주차장,,,,1000,False
KP003775,노변공영주차장,CITYTOUR-0064,대구스타디움,832.9,1000,True
KP003776,양지로공영주차장,CITYTOUR-0078,대명공연거리,613.9,1000,True
KP003777,HC홈센타홀딩스 주차장,,,,1000,False
KP003779,한일우호관,CITYTOUR-0041,녹동서원,78.2,1000,True
KP003780,달서구노인종합복지관,,,,1000,False
KP003782,성당동1공영주차장,CITYTOUR-0058,대구문화예술회관,806.0,1000,True
KP003783,송현2동공영주차장,,,,1000,False
KP003784,한국농어촌공사 경북지역본부 주차장,,,,1000,False
KP003786,유통단지 섬유제품관,CITYTOUR-0135,섬유제품관,110.7,1000,True
KP003788,롯데아울렛 이시아폴리스점,CITYTOUR-0098,롯데몰 이시아폴리스점,104.6,1000,True
KP003789,남부순환도로,,,,1000,False
KP003790,칠곡홈플러스(추가분),CITYTOUR-0105,문화예술거리 이태원길,259.8,1000,True
KP003870,송현월성아파트,CITYTOUR-0184,월곡역사 박물관,840.9,1000,True
KP003871,동화해오름타운,,,,1000,False
KP004005,대구서부경찰서,,,,1000,False
KP004007,수성대학교,CITYTOUR-0166,에스투뷰텍 라운지,23.8,1000,True
KP004009,동북지방통계청,CITYTOUR-0105,문화예술거리 이태원길,126.3,1000,True
KP004010,축산물도매시장,CITYTOUR-0072,대구전시컨벤션센터(EXCO),969.2,1000,True
KP004011,투섬플레이스 대구칠곡학정점,,,,1000,False
KP004014,네이처파크 스파벨리,CITYTOUR-0147,스파밸리,32.7,1000,True
KP004018,MS카오디오,CITYTOUR-0103,모명재,817.3,1000,True
KP004022,중리롯데캐슬 종합상가,CITYTOUR-0226,한국섬유개발연구원,403.0,1000,True
KP004024,명곡미래빌1단지,,,,1000,False
KP004025,청구청탑맨션,CITYTOUR-0193,이상화묘,741.1,1000,True
KP004028,대곡역그린빌아파트,CITYTOUR-0193,이상화묘,321.2,1000,True
KP004412,산업용재관,CITYTOUR-0073,대구종합유통단지,373.8,1000,True
KP004413,한국생산기술연구소(달성),CITYTOUR-0023,국립대구과학관,800.4,1000,True
KP004416,달서시장 공영주차장,,,,1000,False
KP004433,한국폴리텍대학 달성캠퍼스,,,,1000,False
KP004512,군위군농업기술센터,CITYTOUR-0186,위천수변테마공원,917.8,1000,True
KP004798,대구보호관찰소,CITYTOUR-0151,아양기찻길,111.6,1000,True
KP004799,대구범어더리브스퀘어,CITYTOUR-0129,삼덕동벽화골목,901.5,1000,True
KP004800,대구경북과학기술원,CITYTOUR-0235,현풍향교,690.7,1000,True
KP004804,효성파머스마켓 칠곡점,CITYTOUR-0178,옻골동산,675.5,1000,True
KP004805,대구복합스포츠타운,CITYTOUR-0070,대구오페라하우스,401.6,1000,True
KP004806,강북실버타운,CITYTOUR-0105,문화예술거리 이태원길,729.2,1000,True
KP004851,계명대학교 성서캠퍼스(동영관),CITYTOUR-0012,계명대학교 행소 박물관,668.0,1000,True
KP004852,계명대학교 성서캠퍼스(공학관),CITYTOUR-0012,계명대학교 행소 박물관,54.2,1000,True
KP004856,대구교도소,,,,1000,False
KP004857,계명대학교 대명캠퍼스,CITYTOUR-0172,예전소극장,220.3,1000,True
KP004863,중구보건소,CITYTOUR-0143,수창청춘맨숀,284.6,1000,True
KP004864,대구축산물프라자 침산점,CITYTOUR-0070,대구오페라하우스,870.6,1000,True
KP005260,비슬산 유스호스텔,CITYTOUR-0137,소재사,394.1,1000,True
KP005266,중구 청라국민체육센터 지상,CITYTOUR-0033,김광석 다시 그리기 길,400.1,1000,True
KP005267,중구 청라국민체육센터 지하,CITYTOUR-0033,김광석 다시 그리기 길,376.6,1000,True
KP005271,대구경북건설지사,CITYTOUR-0221,패션쥬얼리 체험,392.3,1000,True
KP005311,현풍휴게소(대구방면),,,,1000,False
KP005312,현풍휴게소(창원방면),,,,1000,False
KP005376,군위한전 전기차충전소 급속 100kw,CITYTOUR-0121,사라온이야기마을,246.8,1000,True
KP005545,한국산업인력공단,CITYTOUR-0076,대구환경공단,412.1,1000,True
KP005644,동대구지사(공용),CITYTOUR-0108,박물관 휴르,760.5,1000,True
KP005723,한전달성전력지사,CITYTOUR-0193,이상화묘,925.6,1000,True
KP005769,성서용산시장공영주차장,,,,1000,False
KP005822,(전주거치형)비슬로길 노상주차장,,,,1000,False
KP005831,(전주거치형)논공중앙로34길노상주차장,,,,1000,False
KP005832,(전주거치형)논공중앙로 노상주차장,,,,1000,False
KP005833,(전주거치형)논공로15길 노상주차장,,,,1000,False
KP005834,(전주거치형)금강로16길 노상주차장,,,,1000,False
KP005872,세천로 1길 공영주차장,,,,1000,False
KP005873,비산동 노상주차장,,,,1000,False
KP006964,효령면행복복지센터,,,,1000,False
KP008088,남대구지사(공용),,,,1000,False
KP010445,대구공항일반주차장,CITYTOUR-0049,대구공항 면세점,365.1,1000,True
KP010627,대구복합스포츠타운 P1주차장,CITYTOUR-0070,대구오페라하우스,576.9,1000,True
KRC10088,광명사상보급회,CITYTOUR-0203,자연염색박물관,886.4,1000,True
KRC10171,하지스퀘어,CITYTOUR-0153,안지랑 곱창골목,459.5,1000,True
KRC10237,그린파크사우나,CITYTOUR-0105,문화예술거리 이태원길,440.2,1000,True
L3004597,기아오토큐 수성종합서비스 (급),CITYTOUR-0140,수성못유원지,393.1,1000,True
L3004610,기아오토큐 서대구점 (급),,,,1000,False
LD270002,LGL 동대구SUB터미널,,,,1000,False
LI000046,로젠택배 남대구A지점,,,,1000,False
LI000058,로젠택배 북대구지점,,,,1000,False
LI000059,로젠택배 서대구지점,,,,1000,False
LI000076,로젠택배 남대구B지점,,,,1000,False
LU000034,브라운도트호텔대구성서점,,,,1000,False
LU000035,브라운도트호텔 대구혁신점,,,,1000,False
LU000083,리아카데미 대구국제학교,CITYTOUR-0113,봉무공원,259.0,1000,True
LU000118,(주)알파엠앤씨,CITYTOUR-0140,수성못유원지,497.2,1000,True
LU000119,두리의료재단,,,,1000,False
LU000120,엘비디씨,,,,1000,False
LU000200,스위스요양병원,CITYTOUR-0108,박물관 휴르,322.7,1000,True
LU000228,KMI TOP점,CITYTOUR-0075,대구향교,361.4,1000,True
LU000231,연경그루시티,,,,1000,False
LU000302,801하우스,CITYTOUR-0027,군위 삼존석굴,730.6,1000,True
LU000335,강창하이츠,,,,1000,False
LU000361,국민건강보험공단 달성지사,,,,1000,False
LU000437,디에이치정밀,,,,1000,False
LU000458,매호청구하이츠빌아파트,,,,1000,False
LU000479,범물삼주타운,,,,1000,False
LU000561,수성하이츠,CITYTOUR-0129,삼덕동벽화골목,559.0,1000,True
LU000568,시지5차월드하이츠,,,,1000,False
LU000587,아이작큐브,CITYTOUR-0194,이월드(E-World),343.5,1000,True
LU000636,웨딩메르디앙(무진산업개발),CITYTOUR-0056,대구무형유산전수교육관,276.2,1000,True
LU000677,정화우방팔레스,CITYTOUR-0094,들안길 먹거리타운,643.0,1000,True
LU000684,㈜한국하이테크,CITYTOUR-0076,대구환경공단,787.9,1000,True
LU000742,한실들마을 2차,,,,1000,False
LU000769,화원이진캐슬,,,,1000,False
LU000799,대구강북경찰서,CITYTOUR-0105,문화예술거리 이태원길,604.5,1000,True
LU000904,각산푸르지오1단지,,,,1000,False
LU000912,대현신화맨션,CITYTOUR-0008,경북대학교 가로수길(백양로),877.6,1000,True
LU001022,뉴웰시티,CITYTOUR-0148,신숭겸 장군 유적지,798.1,1000,True
LU001036,힐스테이트다사역오피스텔,,,,1000,False
LU001061,보성홍실2차,,,,1000,False
LU001081,비산루카스서대구주차장,,,,1000,False
LU001220,강창하이츠,,,,1000,False
LU001249,센트럴시티오피스텔,CITYTOUR-0022,구암서원 전통문화 체험,200.2,1000,True
LU001276,초이스우드,,,,1000,False
LU001290,LG유플러스 대구신천,CITYTOUR-0108,박물관 휴르,729.1,1000,True
LU001508,상인삼미타운,,,,1000,False
LU001561,대구파티마병원,,,,1000,False
LU001601,논공주공아파트,,,,1000,False
LU001641,낙원아파트,CITYTOUR-0184,월곡역사 박물관,770.6,1000,True
LU001682,남대영기념관,CITYTOUR-0156,앞산 카페거리,262.7,1000,True
LU001780,건강관리협회경북지부,,,,1000,False
LU001804,불로서한이다음아파트,CITYTOUR-0049,대구공항 면세점,589.9,1000,True
LU001877,대구보건대학교,CITYTOUR-0165,어울아트센터,847.7,1000,True
LU001878,계명대학교 대구동산병원,CITYTOUR-0133,서문시장,206.1,1000,True
LU001880,네오시티프라자,CITYTOUR-0165,어울아트센터,266.3,1000,True
LU001998,수성헤센더테라스,CITYTOUR-0094,들안길 먹거리타운,548.9,1000,True
LU002093,대구율하숲,CITYTOUR-0097,롯데 아울렛 대구 율하점,446.5,1000,True
LU002099,산격에덴아파트,CITYTOUR-0220,패션디자인개발지원센터,403.2,1000,True
LU002120,화원삼주타운,CITYTOUR-0044,달성습지,854.6,1000,True
LU002133,서정SM빌딩,CITYTOUR-0234,현풍석빙고,761.5,1000,True
LU002217,홍실1차아파트,CITYTOUR-0194,이월드(E-World),826.4,1000,True
LU002226,진천청구타운,,,,1000,False
LU002230,호반써밋 대구두산,CITYTOUR-0094,들안길 먹거리타운,592.5,1000,True
LU002259,힐스테이트 범어센트럴,CITYTOUR-0108,박물관 휴르,780.8,1000,True
LU002303,수성알파시티동화아이위시,CITYTOUR-0064,대구스타디움,667.7,1000,True
LU002345,진천우방맨션,,,,1000,False
LU002360,달성이코노마트,,,,1000,False
LU002365,북구이코노마트,,,,1000,False
LU002373,송림,CITYTOUR-0192,"이상화고택, 서상돈고택",161.7,1000,True
LU002386,주식회사유정홀딩스,,,,1000,False
LU002424,코마텍,,,,1000,False
LU002435,세한건설,,,,1000,False
LU002484,황남,,,,1000,False
LU002488,신암보성2차,CITYTOUR-0151,아양기찻길,439.4,1000,True
LU002535,파티마홈,,,,1000,False
LU002588,우방청자아파트,CITYTOUR-0184,월곡역사 박물관,954.0,1000,True
LU002597,지산청구타운아파트,CITYTOUR-0141,수성아트피아,806.9,1000,True
LU002687,아름다운나날2단지아파트,,,,1000,False
LU002753,상인동화아이위시,CITYTOUR-0184,월곡역사 박물관,871.3,1000,True
LU002810,태왕아너스베스트,CITYTOUR-0175,온천엘리바덴,503.8,1000,True
LU002824,범물용지2단지아파트,,,,1000,False
LU002867,진천달맞이맨션,,,,1000,False
LU002878,대구트럼프스타,CITYTOUR-0175,온천엘리바덴,403.2,1000,True
LU002944,수성롯데캐슬더퍼스트,CITYTOUR-0033,김광석 다시 그리기 길,564.2,1000,True
LU003018,주건축물제1동,CITYTOUR-0102,메디시티대구명품브랜드판매장,145.6,1000,True
LU003020,신세계식자재마트,,,,1000,False
LU003071,대구혁신LH4단지,,,,1000,False
LU003073,한실들마을 2차,,,,1000,False
LU003121,대구복합건축자재관,CITYTOUR-0072,대구전시컨벤션센터(EXCO),205.9,1000,True
LU003123,대구제일안과병원,,,,1000,False
LU003127,상인동서타운,CITYTOUR-0184,월곡역사 박물관,577.2,1000,True
LU003143,대구메가맥스타워,CITYTOUR-0098,롯데몰 이시아폴리스점,228.7,1000,True
LU003147,세강개발,CITYTOUR-0216,파군재,685.5,1000,True
LU003165,지산현대아파트,,,,1000,False
LU003182,지산5단지,,,,1000,False
LU003218,주식회사청명건설,,,,1000,False
LU003223,디에스라이프,CITYTOUR-0108,박물관 휴르,766.4,1000,True
LU003352,칠곡2차영남타운,,,,1000,False
LU003353,시지2차태왕하이츠,,,,1000,False
LU003361,월성삼성래미안,CITYTOUR-0175,온천엘리바덴,567.0,1000,True
LU003376,만촌우방하이츠,CITYTOUR-0108,박물관 휴르,322.7,1000,True
LU003389,대구동성로주차장,CITYTOUR-0221,패션쥬얼리 체험,95.5,1000,True
LU003423,상인보성타운아파트,CITYTOUR-0184,월곡역사 박물관,390.3,1000,True
LU003428,대구가톨릭병원,CITYTOUR-0093,두류공원,351.1,1000,True
LU003552,침산동화타운,,,,1000,False
LU003557,침산옥석타운,CITYTOUR-0070,대구오페라하우스,602.2,1000,True
LU003594,안심역아이센스,,,,1000,False
LU003646,침산청구타운,CITYTOUR-0070,대구오페라하우스,908.3,1000,True
LU003650,태전우방타운,,,,1000,False
LU003651,광장산업개발,CITYTOUR-0234,현풍석빙고,931.0,1000,True
LU003668,지산리더스,CITYTOUR-0141,수성아트피아,932.3,1000,True
LU003669,범물신화맨션,,,,1000,False
LU003670,범물보성타운,,,,1000,False
LU003675,신서녹원맨션,,,,1000,False
LU003683,동산맨션,CITYTOUR-0002,3.1만세운동길,58.8,1000,True
LU003719,오송골프클럽,,,,1000,False
LU003732,대구비슬산게르마늄스파,CITYTOUR-0023,국립대구과학관,899.5,1000,True
LU003738,상인장미3단지,,,,1000,False
LU003743,대구지산에덴타운,,,,1000,False
LU003746,상인현대동방타운,CITYTOUR-0184,월곡역사 박물관,382.9,1000,True
LU003747,화원태왕타운,,,,1000,False
LU003750,비둘기아파트,,,,1000,False
LU003800,대구지산화성파크드림,CITYTOUR-0141,수성아트피아,240.0,1000,True
LU003848,대구성서6주공아파트,,,,1000,False
LU003877,범어에일린의뜰,,,,1000,False
LU003878,3차가든하이츠,CITYTOUR-0025,국립대구박물관,587.1,1000,True
LU003901,범물삼주타운,,,,1000,False
LU003904,부영e그린타운,CITYTOUR-0105,문화예술거리 이태원길,389.9,1000,True
LU003907,삼우1차수성타운,CITYTOUR-0033,김광석 다시 그리기 길,488.6,1000,True
LU003911,시지두성타운,,,,1000,False
LU003915,신천가람타운,,,,1000,False
LU003923,지산협화맨션,,,,1000,False
LU003926,침산동서타운,CITYTOUR-0070,대구오페라하우스,655.0,1000,True
LU003962,유니버시아드선수촌2단지,,,,1000,False
LU003963,대명동파크맨션,CITYTOUR-0153,안지랑 곱창골목,627.7,1000,True
LU003964,복현광명아파트,,,,1000,False
LU003965,침산삼주아파트,CITYTOUR-0056,대구무형유산전수교육관,200.5,1000,True
LU003966,침산2지구아파트,CITYTOUR-0070,대구오페라하우스,967.5,1000,True
LU004017,진로이스트타운,CITYTOUR-0151,아양기찻길,627.2,1000,True
LU004019,신천역센트럴리버파크,,,,1000,False
LU004020,진천역AK그랑폴리스,,,,1000,False
LU004027,힐스테이트범어센트럴,CITYTOUR-0108,박물관 휴르,780.8,1000,True
LU004073,화성리버파크2단지,,,,1000,False
LU004079,대구지산화성맨션,CITYTOUR-0141,수성아트피아,640.3,1000,True
LU004085,대구서현교회,CITYTOUR-0045,대구 근대골목,152.2,1000,True
LU004135,명곡미래빌4단지,,,,1000,False
LU004142,동신점보아파트,CITYTOUR-0156,앞산 카페거리,403.8,1000,True
LU004153,대구월촌화성타운,CITYTOUR-0184,월곡역사 박물관,266.4,1000,True
LU004175,캐슬골드파크,CITYTOUR-0025,국립대구박물관,895.6,1000,True
LU004183,신혼연립주택,CITYTOUR-0097,롯데 아울렛 대구 율하점,717.2,1000,True
LU004184,방촌우방맨션,CITYTOUR-0170,영남제일관,962.6,1000,True
LU004185,방촌동강변아파트,,,,1000,False
LU004186,본리동한신아파트,,,,1000,False
LU004191,유니버시아드선수촌1단지,,,,1000,False
LU004213,대구대곡역화성파크드림,,,,1000,False
LU004272,각산성지아파트,,,,1000,False
LU004309,성서청남타운,CITYTOUR-0012,계명대학교 행소 박물관,968.9,1000,True
LU100024,대구보성산호아파트,CITYTOUR-0184,월곡역사 박물관,705.2,1000,True
LU100057,칠곡현대아파트,CITYTOUR-0178,옻골동산,391.4,1000,True
LU100059,오페라센텀파크 서한이다음,CITYTOUR-0143,수창청춘맨숀,627.9,1000,True
LU100067,대구칠곡동화골든빌,CITYTOUR-0105,문화예술거리 이태원길,323.1,1000,True
LU100094,대구마고플레인아양,CITYTOUR-0151,아양기찻길,420.2,1000,True
LU100103,대구구병원,,,,1000,False
LU100144,동촌강나루타운,CITYTOUR-0151,아양기찻길,612.3,1000,True
LU100145,아름다운나날3단지,,,,1000,False
LU100146,동대구2차비스타동원,CITYTOUR-0089,동촌유원지,637.1,1000,True
LU100148,오케이포인트마트연경점,,,,1000,False
LU100149,대구두성3차아파트,,,,1000,False
LU100150,장원맨션,CITYTOUR-0025,국립대구박물관,694.1,1000,True
LU100151,강창훼밀리타운,,,,1000,False
LU100152,대구학산아파트,CITYTOUR-0234,현풍석빙고,459.8,1000,True
LU100153,달성테크노폴리스진아리채,CITYTOUR-0023,국립대구과학관,946.2,1000,True
LU100191,각산역더뉴클래스3차,,,,1000,False
LU100230,수성알파시티청아람,CITYTOUR-0064,대구스타디움,620.9,1000,True
LU100306,동서변그린빌아파트,,,,1000,False
LU100310,범어궁전맨션,,,,1000,False
LU100316,가든하이츠1단지,,,,1000,False
LU100345,성당포스코더샵,,,,1000,False
LU100348,앞산청구제네스,CITYTOUR-0184,월곡역사 박물관,834.9,1000,True
LU100349,제림빌리지,CITYTOUR-0049,대구공항 면세점,368.0,1000,True
LU100350,퀸벨호텔,CITYTOUR-0170,영남제일관,858.2,1000,True
LU100498,서한청산맨션,CITYTOUR-0141,수성아트피아,846.5,1000,True
LU100499,월성주공1단지,CITYTOUR-0175,온천엘리바덴,712.5,1000,True
LU100685,대구시티요양병원,CITYTOUR-0073,대구종합유통단지,467.8,1000,True
LU100689,대구테크노타임스퀘어,CITYTOUR-0234,현풍석빙고,789.9,1000,True
LU100748,대구팔공3차보성타운,CITYTOUR-0148,신숭겸 장군 유적지,497.2,1000,True
LU100755,대구화원이진캐스빌,,,,1000,False
LU100804,우방강촌2차아파트,,,,1000,False
LU100903,하이프라자 서대구본점,CITYTOUR-0212,코오롱야외음악당,856.2,1000,True
LU100907,하이프라자 북대구본점,CITYTOUR-0070,대구오페라하우스,454.8,1000,True
LU100925,대구제림하이츠,CITYTOUR-0212,코오롱야외음악당,801.6,1000,True
LU100941,동인태왕아너스라플란드아파트,CITYTOUR-0129,삼덕동벽화골목,731.0,1000,True
LU100945,중리롯데캐슬아파트,CITYTOUR-0226,한국섬유개발연구원,404.4,1000,True
LU100946,봉무청구새들아파트,CITYTOUR-0216,파군재,853.4,1000,True
LU100964,진천현대1차아파트,,,,1000,False
LU100966,대구달서SK뷰아파트,CITYTOUR-0054,대구기업명품관,908.6,1000,True
LU100967,우방청솔맨션,CITYTOUR-0166,에스투뷰텍 라운지,683.0,1000,True
LU100968,대구부띠끄시티오피스텔,CITYTOUR-0067,대구신세계백화점,587.1,1000,True
LU100986,율하휴먼시아7단지,CITYTOUR-0097,롯데 아울렛 대구 율하점,486.0,1000,True
LU100988,대구도남엘에이치1단지,,,,1000,False
LU100989,대구신서혁신엘에이치천년나무6단지,,,,1000,False
LU100990,대구안심주공3단지,CITYTOUR-0097,롯데 아울렛 대구 율하점,806.6,1000,True
LU100991,대구금호엘에이치천년나무5단지,,,,1000,False
LU100992,대구안심주공4단지,CITYTOUR-0097,롯데 아울렛 대구 율하점,575.4,1000,True
LU100993,대구복현행복주택,CITYTOUR-0072,대구전시컨벤션센터(EXCO),663.1,1000,True
LU101005,방촌청구제네스,CITYTOUR-0170,영남제일관,834.9,1000,True
LU101007,지산영남맨션,CITYTOUR-0141,수성아트피아,700.1,1000,True
LU101011,방촌2차영남네오빌,CITYTOUR-0170,영남제일관,529.3,1000,True
LU101015,수성영남타운,CITYTOUR-0033,김광석 다시 그리기 길,501.5,1000,True
LU101018,성화한빛아파트,,,,1000,False
LU101019,상인역이편한세상2단지,CITYTOUR-0184,월곡역사 박물관,865.7,1000,True
LU101020,범어화성파크리젠시,CITYTOUR-0108,박물관 휴르,903.8,1000,True
LU101021,수성우방팔레스아파트,CITYTOUR-0129,삼덕동벽화골목,645.0,1000,True
LU101022,상인역이편한세상1단지,CITYTOUR-0175,온천엘리바덴,796.4,1000,True
LU101024,죽전역해링턴플레이스더베스트,CITYTOUR-0054,대구기업명품관,484.1,1000,True
LU101042,연경대광로제비앙더퍼스트,,,,1000,False
LU101043,달성파크푸르지오힐스테이트,CITYTOUR-0043,달성공원,478.2,1000,True
LU101076,대실역리슈빌3단지,,,,1000,False
LU101077,보성산호아파트,CITYTOUR-0184,월곡역사 박물관,705.1,1000,True
LU101079,월성자이아파트,CITYTOUR-0175,온천엘리바덴,350.5,1000,True
LU101114,두산위브2001아파트,,,,1000,False
LU101118,대구보성강남타운아파트,,,,1000,False
LU101135,대구칠곡현대아파트,CITYTOUR-0178,옻골동산,391.4,1000,True
LU101138,청구호반맨션,,,,1000,False
LU101139,대구혁신도시서원프레시빌,,,,1000,False
LU101149,대구읍내행복주택,CITYTOUR-0165,어울아트센터,195.9,1000,True
LU101150,율하휴먼시아5단지,CITYTOUR-0097,롯데 아울렛 대구 율하점,518.7,1000,True
LU101151,안심주공1단지,CITYTOUR-0097,롯데 아울렛 대구 율하점,517.9,1000,True
LU101179,수성대백인터빌,CITYTOUR-0033,김광석 다시 그리기 길,712.2,1000,True
LU101180,아이프라임시지,,,,1000,False
LU101181,신천두산위브,,,,1000,False
LU101191,대구성서주공3단지,CITYTOUR-0012,계명대학교 행소 박물관,735.5,1000,True
LU101192,본동주공아파트,CITYTOUR-0184,월곡역사 박물관,975.6,1000,True
LU101193,한실들마을주공5단지,,,,1000,False
LU101194,달성용계주공,CITYTOUR-0167,에코테마파크 대구 숲(휴업중),923.2,1000,True
LU101195,대구테크노폴리스엘에이치천년나무2단지,CITYTOUR-0234,현풍석빙고,673.8,1000,True
LU101196,대구본리2단지,CITYTOUR-0193,이상화묘,345.9,1000,True
LU101198,대구서재휴먼시아,,,,1000,False
LU101199,대구성서주공1단지,CITYTOUR-0012,계명대학교 행소 박물관,930.5,1000,True
LU101200,대구가람마을주공1단지,,,,1000,False
LU101201,대구명곡미래빌2단지,,,,1000,False
LU101202,대구대곡LH천년나무1단지,CITYTOUR-0063,대구수목원,771.2,1000,True
LU101203,대구월성주공2단지,CITYTOUR-0175,온천엘리바덴,615.6,1000,True
LU101227,대구신서혁신LH천년나무10단지,,,,1000,False
LU101237,대구황금3주공,CITYTOUR-0025,국립대구박물관,683.2,1000,True
LU101255,대구부띠끄시티테라스3차오피스텔,CITYTOUR-0067,대구신세계백화점,441.4,1000,True
LU101259,대구산격주공,,,,1000,False
LU101260,대구칠곡그린빌5단지,CITYTOUR-0178,옻골동산,694.9,1000,True
LU101273,대구율하리버파크,CITYTOUR-0097,롯데 아울렛 대구 율하점,792.9,1000,True
LU101282,동대구역센트럴시티자이,CITYTOUR-0067,대구신세계백화점,893.2,1000,True
LU101288,대구수성자이르네,CITYTOUR-0033,김광석 다시 그리기 길,942.1,1000,True
LU101290,삼덕청아람리슈빌,CITYTOUR-0129,삼덕동벽화골목,285.9,1000,True
LU101311,신서롯데캐슬레전드,,,,1000,False
LU101314,두성2차파크아파트,,,,1000,False
LU101315,복현우방타운,,,,1000,False
LU101316,대구수성범어유림노르웨이숲,,,,1000,False
LU101318,각산역더뉴클래스2차,,,,1000,False
LU101320,우방백자아파트,,,,1000,False
LU101324,고성아파트,CITYTOUR-0143,수창청춘맨숀,627.9,1000,True
LU101327,백작맨션,CITYTOUR-0051,대구교육대학교 교육박물관,584.2,1000,True
LU101331,대구월배2차아이파크,,,,1000,False
LU101332,안심역서원프레시빌,,,,1000,False
LU101333,비산우방맨션,CITYTOUR-0043,달성공원,924.2,1000,True
LU101335,제림은탑맨션,,,,1000,False
LU101423,까치아파트,CITYTOUR-0202,자동차 부속상 거리,224.3,1000,True
LU101483,화원동화아이위시,,,,1000,False
LU101490,대구혁신도시서한이다음3차,,,,1000,False
LU101492,대구혁신엘에이치이노힐즈,,,,1000,False
LU101535,빌리브헤리티지,CITYTOUR-0129,삼덕동벽화골목,685.4,1000,True
LU101541,대명역센트럴엘리프,CITYTOUR-0160,앞산해넘이 전망대,369.6,1000,True
LU101542,빌리브클라쎄아파트,,,,1000,False
LU101543,대구더샵디어엘로,CITYTOUR-0108,박물관 휴르,383.7,1000,True
LU101552,죽전역태왕아너스,CITYTOUR-0054,대구기업명품관,974.6,1000,True
LU101555,대구오페라스위첸,CITYTOUR-0069,대구예술발전소,449.5,1000,True
LU101563,앞산삼정그린코아트라이시티,CITYTOUR-0160,앞산해넘이 전망대,716.1,1000,True
LU101611,대구혁신 포레힐스,,,,1000,False
LU101612,범물청아타운,,,,1000,False
LU101613,수성범물인앤인아파트,,,,1000,False
LU101626,용산동서우방타운,CITYTOUR-0054,대구기업명품관,580.8,1000,True
LU101627,진천역센텀리움,,,,1000,False
LU101629,동대구역우방아이유쉘,CITYTOUR-0067,대구신세계백화점,749.0,1000,True
LU101632,대구힐스테이트죽전역,CITYTOUR-0054,대구기업명품관,387.4,1000,True
LU101678,캐슬골드파크B,CITYTOUR-0025,국립대구박물관,895.5,1000,True
MO271701,더메종,CITYTOUR-0226,한국섬유개발연구원,945.0,1000,True
MO910154,대구남산병원,CITYTOUR-0202,자동차 부속상 거리,408.2,1000,True
NH270001,군위축산농협 로컬푸드직매장,CITYTOUR-0029,군위향교,613.4,1000,True
NS850022,대구 중구청 관리공영주차장 급속충전소,CITYTOUR-0117,북성로공구박물관,100.4,1000,True
NT000038,대구 로즈모텔,,,,1000,False
NT000053,대구 팔공산심천랜드 온천,,,,1000,False
NT000088,대구달성 네이처빌리지,,,,1000,False
NT100021,대구 오페라클레시아 오피스텔,CITYTOUR-0074,대구콘서트하우스,418.4,1000,True
NT100092,대구 국가산단영무예다음,,,,1000,False
NT100105,대구 정주차장,,,,1000,False
NT100108,대구 굿모닝주차장(골든플라자),,,,1000,False
NT100145,대구 천내평광타운2차,,,,1000,False
NT100174,대구 청우쇼핑월드주차장,,,,1000,False
NT100233,칠곡목련아파트,CITYTOUR-0165,어울아트센터,413.1,1000,True
NT100237,대구 미광스포렉스별관,,,,1000,False
NT100238,수성 아크로타워센터,CITYTOUR-0166,에스투뷰텍 라운지,624.4,1000,True
NT100239,대구 모아미래도에듀퍼스트,CITYTOUR-0039,노사평화의 전당,914.1,1000,True
NT100399,대구 예그린아파트,,,,1000,False
NT100469,대구 홈스파월드,CITYTOUR-0157,앞산 케이블카,681.3,1000,True
NT100521,대구 상일빌딩,,,,1000,False
NT100595,대구 경북지방병무청,CITYTOUR-0208,첨단의료복합단지,544.6,1000,True
NT100596,대구 중앙신체검사소,CITYTOUR-0208,첨단의료복합단지,568.0,1000,True
NT100656,대구 비엘타워,CITYTOUR-0008,경북대학교 가로수길(백양로),795.1,1000,True
NT100842,대구 동산맨션,,,,1000,False
NT100890,대구 달성농수산물유통센터,CITYTOUR-0023,국립대구과학관,574.7,1000,True
NT100893,대구 비젼스퀘어,CITYTOUR-0208,첨단의료복합단지,649.5,1000,True
NT100925,탑마트 현풍점,CITYTOUR-0234,현풍석빙고,799.1,1000,True
NT101228,대구 공항공사 항로시설본부,,,,1000,False
NT101295,대구 수성마이더스센트럴타워,CITYTOUR-0062,대구삼성라이온즈파크,777.4,1000,True
NT101300,대구 가톨릭대학교 유스티노캠퍼스,CITYTOUR-0018,관덕정 순교 기념관,391.6,1000,True
NT101301,대구 성요셉요양병원,,,,1000,False
NT101302,대구 아이프라임신매아파트,,,,1000,False
NT101390,대구 위너프라자3,,,,1000,False
NT101499,대구 수메디컬빌딩,CITYTOUR-0175,온천엘리바덴,308.4,1000,True
NT101503,대구 위너프라자1,,,,1000,False
NT101504,대구 위너프라자2,,,,1000,False
NT101508,대구 미광스포렉스본관,,,,1000,False
NT101554,대구 칠곡가톨릭병원,CITYTOUR-0165,어울아트센터,235.2,1000,True
NT101559,대구 연경그랜드타워,,,,1000,False
NT101614,대구 성서메가타운,,,,1000,False
NT101674,대구 현대해상사옥,CITYTOUR-0194,이월드(E-World),397.9,1000,True
NT101785,대구 KB손해보험빌딩,,,,1000,False
NT101834,NC아울렛 대구엑스코점,CITYTOUR-0220,패션디자인개발지원센터,206.6,1000,True
NT101931,대구 용산파크자이상가,CITYTOUR-0054,대구기업명품관,338.9,1000,True
NT101991,대구 내당동화타운아파트,CITYTOUR-0213,퀸스로드,715.6,1000,True
NT102057,대구 국가산단디에트르더센트럴,,,,1000,False
NT102179,대구 앞산리슈빌앤리마크1단지,CITYTOUR-0153,안지랑 곱창골목,399.3,1000,True
NT102180,대구 앞산리슈빌앤리마크2단지,CITYTOUR-0153,안지랑 곱창골목,332.3,1000,True
NT102272,대구 W병원신관,CITYTOUR-0212,코오롱야외음악당,947.4,1000,True
NT102386,대구 범어화성파크드림아파트,,,,1000,False
NT300021,대구 신서혁신LH천년나무6단지아파트,,,,1000,False
NT300050,대구 수성효성해링턴플레이스,CITYTOUR-0094,들안길 먹거리타운,913.1,1000,True
NUNR0042,국가산단 서한이다움 아파트,CITYTOUR-0233,현풍곽씨 12정려각,917.7,1000,True
NX000017,경찰특공대 주차장,,,,1000,False
NX000018,대구 동부경찰서,,,,1000,False
NX000019,대구 남부경찰서,CITYTOUR-0156,앞산 카페거리,834.3,1000,True
NX000020,대구 달서경찰서,CITYTOUR-0175,온천엘리바덴,940.9,1000,True
NX000023,대구 경찰청,CITYTOUR-0141,수성아트피아,488.9,1000,True
NX000024,대구 경찰청 민원 주차장,CITYTOUR-0141,수성아트피아,581.4,1000,True
PC000017,대구 복현현대맨션,CITYTOUR-0220,패션디자인개발지원센터,906.0,1000,True
PC000025,대구 카페하늘민들레,,,,1000,False
PC000027,대구 더아셀,,,,1000,False
PC000034,대구 황토시골집,CITYTOUR-0203,자연염색박물관,556.6,1000,True
PC000078,스파밸리(대구),CITYTOUR-0147,스파밸리,3.1,1000,True
PC000100,삼송1957(대구),CITYTOUR-0141,수성아트피아,602.0,1000,True
PC000120,테크노더원 빌딩(대구),,,,1000,False
PC000132,럭셔리프렌즈스크린골프(대구),CITYTOUR-0097,롯데 아울렛 대구 율하점,744.8,1000,True
PC000159,프리미어힐(대구),,,,1000,False
PC000164,대성에너지(주) 본사(대구),CITYTOUR-0202,자동차 부속상 거리,65.4,1000,True
PC000165,대성에너지(주) 서부지사(대구),CITYTOUR-0181,와룡산 상리봉 전망대,688.1,1000,True
PC000166,대성에너지(주) 검사동(대구),CITYTOUR-0032,금호강 자연생태공원,364.6,1000,True
PC000206,보강병원(대구),,,,1000,False
PC000220,e편한세상 남산(대구),CITYTOUR-0084,동무생각 노래비,145.4,1000,True
PC000226,화원파크뷰 우방아이유쉘(대구),CITYTOUR-0193,이상화묘,804.7,1000,True
PC000227,상인장미맨션4단지아파트(대구),,,,1000,False
PC000228,강북이진캐스빌(대구),,,,1000,False
PC000229,두류센트레빌더시티(대구),CITYTOUR-0212,코오롱야외음악당,538.0,1000,True
PC000235,영진전문대학교(대구),,,,1000,False
PC000264,시지대성유니드아파트(대구),,,,1000,False
PC000270,창산타워(대구),,,,1000,False
PC000294,침산삼정그린코아(대구),CITYTOUR-0056,대구무형유산전수교육관,126.7,1000,True
PC000296,골프존파크 산격한울KK(대구),CITYTOUR-0073,대구종합유통단지,902.0,1000,True
PC000305,칠곡동화타운아파트(대구),CITYTOUR-0165,어울아트센터,636.1,1000,True
PC000306,진천역화성파크리젠시(대구),,,,1000,False
PC000307,달성우신미가뷰아파트(대구),,,,1000,False
PC000330,대구 메리어트호텔,CITYTOUR-0067,대구신세계백화점,490.1,1000,True
PC000331,상인요양병원(대구),CITYTOUR-0184,월곡역사 박물관,387.3,1000,True
PC000442,대구대학교 대명동캠퍼스,CITYTOUR-0128,삼덕동 벽화마을,273.7,1000,True
PC000466,호반써밋이스텔라(대구),,,,1000,False
PC000530,산격양우내안애아파트(대구),CITYTOUR-0135,섬유제품관,491.0,1000,True
PC000537,복현서한타운(대구),CITYTOUR-0220,패션디자인개발지원센터,625.5,1000,True
PC000548,경북대학교 대구캠퍼스,CITYTOUR-0008,경북대학교 가로수길(백양로),574.1,1000,True
PC000550,경북대학교 IT융합산업빌딩(대구),CITYTOUR-0008,경북대학교 가로수길(백양로),389.4,1000,True
PC000551,경북대학교 의생명과학관(대구),,,,1000,False
PC000552,경북대학교 의과대학(대구),CITYTOUR-0026,국채보상운동기념공원,333.4,1000,True
PC000553,경북대학교 치과대학(대구),CITYTOUR-0110,벨벳 갤러리 관람 및 체험,117.3,1000,True
PC000554,경북대학교 군위농대실습장(대구),,,,1000,False
PC000603,비에스메디타워(대구),,,,1000,False
PC000610,월성보성타운1단지아파트(대구),CITYTOUR-0175,온천엘리바덴,850.4,1000,True
PC000623,다사한일유앤아이아파트(대구),,,,1000,False
PC000629,교대역 월드메르디앙아파트(대구),CITYTOUR-0195,이천동 고미술거리,499.5,1000,True
PC000631,대봉교역 태왕아너스(대구),CITYTOUR-0195,이천동 고미술거리,528.6,1000,True
PC000632,월배 힐스테이트아파트(대구),CITYTOUR-0175,온천엘리바덴,993.8,1000,True
PC000634,국가산단 서한이다음아파트(대구),CITYTOUR-0233,현풍곽씨 12정려각,865.1,1000,True
PC000640,청라 센트럴파크(대구),CITYTOUR-0084,동무생각 노래비,502.1,1000,True
PC000654,강북화성파크드림아파트(대구),,,,1000,False
PC000655,고산노변타운아파트(대구),CITYTOUR-0064,대구스타디움,815.8,1000,True
PC000704,죽전역해링턴플레이스더원(대구),CITYTOUR-0054,대구기업명품관,561.1,1000,True
PC000724,산격거평아파트(대구),CITYTOUR-0073,대구종합유통단지,296.5,1000,True
PC000830,호텔수성(대구),CITYTOUR-0107,미즈사키 린따로 묘소,187.1,1000,True
PC000833,수성아트피아(대구),CITYTOUR-0141,수성아트피아,81.3,1000,True
PC001094,대구용산자이아파트,CITYTOUR-0054,대구기업명품관,340.0,1000,True
PC001102,대구역 서희스타힐스아파트,CITYTOUR-0074,대구콘서트하우스,401.3,1000,True
PC001105,E편한세상복현(대구),CITYTOUR-0008,경북대학교 가로수길(백양로),889.2,1000,True
PC001106,복현아이파크(대구),CITYTOUR-0008,경북대학교 가로수길(백양로),873.1,1000,True
PC001117,더샵리비테르2차아파트(대구),CITYTOUR-0195,이천동 고미술거리,365.5,1000,True
PC001118,다사역 삼정그린코아더베스트(대구),,,,1000,False
PC001124,힐스테이트황금엘포레(대구),CITYTOUR-0094,들안길 먹거리타운,978.9,1000,True
PC001128,대구테크노폴리스 호반베르디움,CITYTOUR-0023,국립대구과학관,904.1,1000,True
PC001130,대구혁신에듀포레아파트,,,,1000,False
PC001131,대구백화점 프라자점,CITYTOUR-0033,김광석 다시 그리기 길,378.9,1000,True
PC001132,신천자이아파트(대구),,,,1000,False
PC001144,신성미소시티아파트(대구),CITYTOUR-0192,"이상화고택, 서상돈고택",98.4,1000,True
PC001162,월드프라자1(대구),CITYTOUR-0234,현풍석빙고,612.8,1000,True
PC001205,칠곡동서영남타운아파트(대구),,,,1000,False
PC001247,이월드(대구),CITYTOUR-0003,83타워(83 TOWER DAEGU),326.7,1000,True
PC001250,칠곡2차한라타운(대구),,,,1000,False
PC001251,율하시티프라디움아파트(대구),CITYTOUR-0097,롯데 아울렛 대구 율하점,767.5,1000,True
PC001255,경북대학교 사범대학 부속고등학교(대구),CITYTOUR-0230,한방 화장품 만들기 체험,233.7,1000,True
PC001268,칠곡미래타운(대구),CITYTOUR-0165,어울아트센터,918.7,1000,True
PC001277,연경우방아이유쉘더포레스트(대구),,,,1000,False
PC001278,큰고개웰그린아파트(대구),,,,1000,False
PC001280,성서1차영남우방타운(대구),,,,1000,False
PC001284,예미지 더 센트럴(대구),CITYTOUR-0023,국립대구과학관,410.1,1000,True
PC001285,대봉교역 금호어울림 에듀리버(대구),CITYTOUR-0195,이천동 고미술거리,646.1,1000,True
PC001286,대구역센트럴자이,CITYTOUR-0069,대구예술발전소,110.4,1000,True
PC001294,아진연구소(대구),CITYTOUR-0062,대구삼성라이온즈파크,581.6,1000,True
PC001310,진천역대우이안아파트(대구),CITYTOUR-0175,온천엘리바덴,992.9,1000,True
PC001314,신서신일해피트리(대구),,,,1000,False
PC001315,아리아나호텔(대구),CITYTOUR-0141,수성아트피아,533.0,1000,True
PC001316,복현대백맨션(대구),CITYTOUR-0220,패션디자인개발지원센터,692.5,1000,True
PC001321,월드피아(대구),,,,1000,False
PC001327,대구혁신센텀힐즈,,,,1000,False
PC001338,수성효성해링턴플레이스(대구),CITYTOUR-0094,들안길 먹거리타운,868.4,1000,True
PC001339,메디스퀘어(대구),CITYTOUR-0018,관덕정 순교 기념관,155.8,1000,True
PC001340,수성태왕하이츠리버뷰(대구),CITYTOUR-0033,김광석 다시 그리기 길,364.4,1000,True
PC001341,파라곤프레스티지(대구),,,,1000,False
PC001344,대구혁신도시서한이다음2차아파트,,,,1000,False
PC001345,범어태왕아너스(대구),CITYTOUR-0108,박물관 휴르,935.8,1000,True
PC001346,용산롯데캐슬그랜드(대구),CITYTOUR-0054,대구기업명품관,317.0,1000,True
PC001347,성서우방유쉘아파트(대구),,,,1000,False
PC001487,수성뷰웰리버파크(대구),CITYTOUR-0094,들안길 먹거리타운,723.4,1000,True
PC001513,경북대학교병원(대구),CITYTOUR-0111,벨벳 갤러리 영도다움,219.5,1000,True
PC001520,율하우방아이유쉘(대구),CITYTOUR-0097,롯데 아울렛 대구 율하점,507.4,1000,True
PC001544,이지스(대구),CITYTOUR-0062,대구삼성라이온즈파크,538.8,1000,True
PC001547,동원골프연습장(대구),,,,1000,False
PC001562,달서코아루더리브(대구),,,,1000,False
PC001566,매호한일유앤아이아파트(대구),,,,1000,False
PC001576,명곡미래빌1단지(대구),,,,1000,False
PC001577,대실역 e편한세상(대구),,,,1000,False
PC001739,세천한라비발디아파트(대구),,,,1000,False
PC001754,수성레이크푸르지오(대구),CITYTOUR-0094,들안길 먹거리타운,675.9,1000,True
PC001755,수성범어W아파트(대구),CITYTOUR-0108,박물관 휴르,953.2,1000,True
PC001756,죽전역코오롱하늘채(대구),CITYTOUR-0054,대구기업명품관,850.2,1000,True
PC001758,산새마을주공7단지(대구),,,,1000,False
PC001762,힐스테이트 다사역(대구),,,,1000,False
PC001802,시지라온프라이빗(대구),,,,1000,False
PC001827,하나리움퀸즈파크(대구),CITYTOUR-0234,현풍석빙고,915.7,1000,True
PC001830,대구안심뉴타운시티프라디움,,,,1000,False
PC001831,만촌역 해링턴플레이스(대구),CITYTOUR-0103,모명재,510.5,1000,True
PC001839,하담프라자(대구),CITYTOUR-0097,롯데 아울렛 대구 율하점,525.2,1000,True
PC001965,대구광역시 교육청,CITYTOUR-0033,김광석 다시 그리기 길,741.2,1000,True
PC001966,대구광역시 동부교육지원청,CITYTOUR-0018,관덕정 순교 기념관,121.3,1000,True
PI000126,대구광역시 롯데시네마(대구상인점),CITYTOUR-0184,월곡역사 박물관,518.0,1000,True
PI000129,대구광역시 이마트TR(비산점),,,,1000,False
PI000131,대구광역시 이마트(월배점),CITYTOUR-0175,온천엘리바덴,880.9,1000,True
PI000132,대구광역시 이마트(만촌점),CITYTOUR-0108,박물관 휴르,670.7,1000,True
PI000133,대구광역시 이마트(성서점),,,,1000,False
PI000235,대구시 달성소방서,,,,1000,False
PI000236,대구시 강서소방서,,,,1000,False
PI000237,대구시 서부소방서,,,,1000,False
PI000239,대구시 동부소방서,CITYTOUR-0067,대구신세계백화점,697.6,1000,True
PI000241,대구시 북부소방서,CITYTOUR-0074,대구콘서트하우스,321.4,1000,True
PI000253,대구시 대구시설공단,CITYTOUR-0058,대구문화예술회관,608.4,1000,True
PI000645,대구시 대구시설공단(신천둔치관리소),,,,1000,False
PI000700,대구시 중구 캐주얼하우스소노,CITYTOUR-0075,대구향교,268.1,1000,True
PI001681,힐스테이트 데시앙 도남4단지아파트,,,,1000,False
PI019056,범물영남타운,,,,1000,False
PI067893,두산위브더제니스,CITYTOUR-0108,박물관 휴르,833.2,1000,True
PI068147,두산위브더제니스B,CITYTOUR-0108,박물관 휴르,704.2,1000,True
PI070275,삼성전자디지털센터대구신송현,CITYTOUR-0058,대구문화예술회관,812.8,1000,True
PI070443,대곡역화성파크드림,,,,1000,False
PI121897,대구시 달서구 월성센트로파크,,,,1000,False
PI121974,대구시 북구 침산코오롱하늘채1차,CITYTOUR-0070,대구오페라하우스,230.1,1000,True
PI122169,방촌우방강촌마을아파트,CITYTOUR-0170,영남제일관,564.7,1000,True
PI122225,케이티북대구빌딩,CITYTOUR-0143,수창청춘맨숀,746.9,1000,True
PI122336,죽곡청아람리슈빌4단지,CITYTOUR-0007,강정고령보 - 디아크(The ARC),981.7,1000,True
PI122356,복현우방타운,,,,1000,False
PI202102,시지신화빌라트,,,,1000,False
PI202109,복현건영111동주차장,CITYTOUR-0220,패션디자인개발지원센터,788.4,1000,True
PI202153,동촌역태왕아너스르네상스,CITYTOUR-0032,금호강 자연생태공원,245.9,1000,True
PI202230,복현건영112동주차장,CITYTOUR-0220,패션디자인개발지원센터,824.6,1000,True
PI202257,대구영남네오빌2차,CITYTOUR-0170,영남제일관,563.2,1000,True
PI202313,대구지산영남맨션A주차장,CITYTOUR-0141,수성아트피아,702.5,1000,True
PI202438,대구시 수성구 범물신화맨션,,,,1000,False
PI202502,현대하이페리온2단지,CITYTOUR-0108,박물관 휴르,754.7,1000,True
PI202534,현대하이페리온일단지,CITYTOUR-0108,박물관 휴르,757.4,1000,True
PI202568,범물하이츠,,,,1000,False
PI202619,범물보성타운1,,,,1000,False
PI202707,케이티범물빌딩,,,,1000,False
PI202729,케이티신암빌딩B,,,,1000,False
PI202733,케이티대구타워,CITYTOUR-0026,국채보상운동기념공원,270.7,1000,True
PI202743,케이티안심빌딩,,,,1000,False
PI202778,케이티남대구빌딩,CITYTOUR-0153,안지랑 곱창골목,374.6,1000,True
PI202801,케이티대구타워,CITYTOUR-0026,국채보상운동기념공원,282.5,1000,True
PI202837,케이티달성빌딩,CITYTOUR-0234,현풍석빙고,633.3,1000,True
PI202853,케이티효목빌딩,CITYTOUR-0067,대구신세계백화점,269.8,1000,True
PI202889,케이티태전빌딩,CITYTOUR-0165,어울아트센터,607.0,1000,True
PI202911,산격거평아파트,CITYTOUR-0073,대구종합유통단지,242.3,1000,True
PI202986,범어삼환나우빌,,,,1000,False
PI203006,금사리하이빌,CITYTOUR-0032,금호강 자연생태공원,412.8,1000,True
PI203015,유니죤,CITYTOUR-0160,앞산해넘이 전망대,901.5,1000,True
PI306067,가창중석타운,CITYTOUR-0167,에코테마파크 대구 숲(휴업중),186.3,1000,True
PI306068,유니온스퀘어,CITYTOUR-0131,삼송베이커리,174.5,1000,True
PI306072,롯데백화점상인점,CITYTOUR-0184,월곡역사 박물관,509.5,1000,True
PI306085,삼우그린타운,,,,1000,False
PI306105,화성쌍용타운,CITYTOUR-0129,삼덕동벽화골목,486.1,1000,True
PI306150,범물보성타운2,,,,1000,False
PI530032,대구시 동구 안심농장식육식당,,,,1000,False
PI530033,대구시 북구 무태골프연습장,,,,1000,False
PI530034,대구시 남구 미리내맨션,CITYTOUR-0016,고산골 공룡공원,577.1,1000,True
PI530037,대구 수성구 쉐보레시지바로서비스,CITYTOUR-0064,대구스타디움,799.7,1000,True
PI530042,대구시 달서구 효성중학교,,,,1000,False
PI530043,대구시 달서구 효성여자고등학교,,,,1000,False
PI530044,대구시 달서구 비너스모텔,CITYTOUR-0058,대구문화예술회관,854.2,1000,True
PI530048,대구시 서구 텐모텔,,,,1000,False
PI530050,대구시 달서구 레드모터스,CITYTOUR-0128,삼덕동 벽화마을,218.0,1000,True
PI530054,대구시 수성구 범물골프연습장,,,,1000,False
PI530057,대구시 북구 우주테크,,,,1000,False
PI530061,대구시 남구 테리컴퍼니,CITYTOUR-0051,대구교육대학교 교육박물관,803.2,1000,True
PI530062,대구시 북구 협성휴포레강북아파트,,,,1000,False
PI530065,대구시 북구 청우물류,CITYTOUR-0056,대구무형유산전수교육관,918.6,1000,True
PI530067,대구시 달성군 비너스모텔,,,,1000,False
PI530074,대구시 수성구 우리개발연구소,CITYTOUR-0094,들안길 먹거리타운,590.5,1000,True
PI530077,대구시 달서구 낙동생오리,CITYTOUR-0185,월광수변공원,150.6,1000,True
PI530079,대구시 달서구 신월성미소지움,CITYTOUR-0175,온천엘리바덴,52.5,1000,True
PI530082,대구시 북구 호텔브르노,CITYTOUR-0056,대구무형유산전수교육관,651.2,1000,True
PI530086,대구시 달성군 엘레강스모텔,,,,1000,False
PI530087,대구시 서구 경북모터스,CITYTOUR-0196,이현공원,631.1,1000,True
PI530265,대구시 달서구 월배데시앙아파트,CITYTOUR-0175,온천엘리바덴,848.8,1000,True
PI530271,대구시 수성구 지산한라타운,,,,1000,False
PI530273,대구시 달성군 테크노폴리스반도유보라,CITYTOUR-0023,국립대구과학관,491.7,1000,True
PI530274,대구시 달성군 테크노폴리스힐데스하임,CITYTOUR-0023,국립대구과학관,741.0,1000,True
PI530275,대구시 동구 서한이다음2차,,,,1000,False
PI530277,대구시 달서구 월성월드메르디앙지하,CITYTOUR-0175,온천엘리바덴,299.6,1000,True
PI530278,대구시 달성군 테크노폴리스서한이다음,CITYTOUR-0234,현풍석빙고,559.0,1000,True
PI530279,대구시 수성구 노변청구타운,,,,1000,False
PI530280,대구시 북구 태전중석타운,,,,1000,False
PI530281,대구시 달서구 이마트월배점,CITYTOUR-0175,온천엘리바덴,888.1,1000,True
PI530282,대구시 남구 보성상아맨션,CITYTOUR-0195,이천동 고미술거리,337.2,1000,True
PI530283,대구시 수성구 보성송정타운,,,,1000,False
PI530284,대구시 달성군 제일풍경채센트럴,CITYTOUR-0023,국립대구과학관,471.6,1000,True
PI530285,대구시 남구 대명10동행정복지센터,CITYTOUR-0153,안지랑 곱창골목,641.3,1000,True
PI530286,대구시 남구 대명6동행정복지센터,CITYTOUR-0160,앞산해넘이 전망대,270.5,1000,True
PI530287,대구시 수성구 범물2동행정복지센터,,,,1000,False
PI530288,대구시 서구 중리진달래2차,CITYTOUR-0226,한국섬유개발연구원,552.7,1000,True
PI530289,대구시 수성구 수성2-3가동주민센터,,,,1000,False
PI530290,대구시 남구 대구대학교,CITYTOUR-0128,삼덕동 벽화마을,261.3,1000,True
PI530291,대구시 북구 수정한양아파트,CITYTOUR-0165,어울아트센터,457.9,1000,True
PI530292,대구시 동구 유선아덴힐즈,CITYTOUR-0024,국립대구기상과학관,967.5,1000,True
PI530293,BMW차징스테이션 서대구전시장 by한독모터스,CITYTOUR-0194,이월드(E-World),824.1,1000,True
PI530294,대구시 수성구 수성그린타운,CITYTOUR-0033,김광석 다시 그리기 길,643.9,1000,True
PI530295,대구시 동구 영남네오빌1차,CITYTOUR-0170,영남제일관,680.8,1000,True
PI530297,대구시 수성구 경북가스,CITYTOUR-0015,고모역 복합문화공간,177.4,1000,True
PI530299,대구시 달서구 상인화성하이츠,CITYTOUR-0184,월곡역사 박물관,487.0,1000,True
PI530300,대구시 수성구 지산영남맨션,CITYTOUR-0141,수성아트피아,729.8,1000,True
PI530301,대구시 달성군 강원도집다사점,,,,1000,False
PI530302,대구시 북구 산격청구맨션1차,CITYTOUR-0008,경북대학교 가로수길(백양로),710.8,1000,True
PI530303,대구시 수성구 수성못코오롱하늘채,CITYTOUR-0107,미즈사키 린따로 묘소,506.7,1000,True
PI530304,대구시 동구 큰고개웰그린아파트,,,,1000,False
PI530305,대구시 달성군 옥우촌한우,,,,1000,False
PI530306,대구시 달서구 리베라빌라,CITYTOUR-0194,이월드(E-World),583.7,1000,True
PI530307,대구시 수성구 대우로얄하이츠,CITYTOUR-0141,수성아트피아,970.6,1000,True
PI530310,대구시 동구 혁신온천터닝포인트짐,,,,1000,False
PI530311,대구시 달서구 대곡역화성파크드림,,,,1000,False
PI530312,대구시 남구 영남이공대학교,CITYTOUR-0051,대구교육대학교 교육박물관,705.0,1000,True
PI530313,대구시 달서구 힐링모텔,,,,1000,False
PI530314,대구시 군위군 군위경찰서,CITYTOUR-0029,군위향교,77.6,1000,True
PI530315,대구시 수성구 수성4가동행정복지센터,CITYTOUR-0129,삼덕동벽화골목,735.0,1000,True
PI530316,대구시 서구 쉐보레서대구서비스센터,CITYTOUR-0226,한국섬유개발연구원,758.9,1000,True
PI530318,대구시 남구 대구가톨릭의과대학병원,CITYTOUR-0093,두류공원,350.9,1000,True
PI530319,대구시 수성구 시지청솔타운아파트,,,,1000,False
PI530320,대구시 북구 브라운스톤강북아파트,,,,1000,False
PI530321,대구시 북구 산격대우아파트,CITYTOUR-0008,경북대학교 가로수길(백양로),780.1,1000,True
PI530322,대구시 북구 대현뜨란채,CITYTOUR-0056,대구무형유산전수교육관,833.1,1000,True
PI530326,대구시 동구 디앤에스,CITYTOUR-0080,대한수목원,684.7,1000,True
PI530327,대구시 동구 에스앤비,CITYTOUR-0080,대한수목원,672.4,1000,True
PI530328,대구시 달서구 달서소방서,,,,1000,False
PI530330,대구시 북구 케이티산격빌딩,CITYTOUR-0073,대구종합유통단지,449.2,1000,True
PI530331,대구 남구 케이티봉덕빌딩,,,,1000,False
PI530332,대구시 달서구 케이티장기빌딩,CITYTOUR-0054,대구기업명품관,679.3,1000,True
PI530333,대구시 수성구 케이티고산빌딩,,,,1000,False
PI540129,군위군 경북친환경영농조합법인,,,,1000,False
PI540344,군위군 브이모텔,CITYTOUR-0027,군위 삼존석굴,278.3,1000,True
PI540413,군위군 군위오펠골프클럽,,,,1000,False
PI645107,BMW차징스테이션 호텔엘리시아,,,,1000,False
PI645291,대구시 달성군 평광현대3차,,,,1000,False
PI645405,BMW차징스테이션 인도어푸른골프연습장,CITYTOUR-0012,계명대학교 행소 박물관,976.4,1000,True
PI645420,BMW차징스테이션 대구리치프라자 by한독모터스,CITYTOUR-0070,대구오페라하우스,631.3,1000,True
PI690005,BMW차징스테이션 수성해모로하이엔 by한독모터스,,,,1000,False
PI690013,BMW차징스테이션 계명대학교동산병원 by한독모터스,CITYTOUR-0012,계명대학교 행소 박물관,842.1,1000,True
PI700098,성서삼성명가타운,,,,1000,False
PI700099,LH 대구경북지역본부,,,,1000,False
PI700380,진천역계룡리슈빌,,,,1000,False
PI700382,만촌우방하이츠,CITYTOUR-0108,박물관 휴르,341.4,1000,True
PI700385,남산그린타운,CITYTOUR-0202,자동차 부속상 거리,557.4,1000,True
PI700390,범물청림타운,,,,1000,False
PI700392,칠곡에덴타운,CITYTOUR-0165,어울아트센터,477.9,1000,True
PI700393,장기영남네오빌파크,CITYTOUR-0054,대구기업명품관,376.6,1000,True
PI700394,금호서한이다음,,,,1000,False
PI700396,칠곡e편한세상,CITYTOUR-0211,칠곡향교,155.4,1000,True
PI700403,대구우방사랑마을,CITYTOUR-0129,삼덕동벽화골목,782.1,1000,True
PI700409,우방백자맨션,,,,1000,False
PI700593,비산23동 행정복지센터,CITYTOUR-0043,달성공원,534.2,1000,True
PI700594,평리4동 행정복지센터,,,,1000,False
PI700603,칠곡2차한라하우젠트,CITYTOUR-0178,옻골동산,788.0,1000,True
PI700612,성서보성화성타운,,,,1000,False
PI700618,테크노폴리스일동미라주더파크,CITYTOUR-0234,현풍석빙고,417.6,1000,True
PI700627,상인동화태왕한양타운,CITYTOUR-0184,월곡역사 박물관,201.4,1000,True
PI700651,대구기계공구상 협동조합,CITYTOUR-0073,대구종합유통단지,186.4,1000,True
PI700653,신서화성파크드림,,,,1000,False
PI700664,범어우방파크빌,,,,1000,False
PI700681,성서주공2단지,CITYTOUR-0012,계명대학교 행소 박물관,720.8,1000,True
PI700984,신천휴먼시아6단지,CITYTOUR-0129,삼덕동벽화골목,960.5,1000,True
PI700992,만촌보성타운,CITYTOUR-0089,동촌유원지,885.8,1000,True
PI700995,앞산힐스테이트,,,,1000,False
PI701108,칠곡1차한라하우젠트,CITYTOUR-0105,문화예술거리 이태원길,777.5,1000,True
PI701109,우방연합타운,,,,1000,False
PI701148,옥포이진캐스빌,,,,1000,False
PI701151,와룡타운,,,,1000,False
PI701152,매호동서타운,,,,1000,False
PI701155,영남네오빌아트,CITYTOUR-0105,문화예술거리 이태원길,292.8,1000,True
PI701156,별메마을,,,,1000,False
PI701157,성서보람타운,CITYTOUR-0054,대구기업명품관,985.3,1000,True
PI701164,과학마을청아람,CITYTOUR-0039,노사평화의 전당,317.3,1000,True
PI707292,대성베르힐,,,,1000,False
PI708782,이편한세상세계육상선수촌1단지,CITYTOUR-0097,롯데 아울렛 대구 율하점,618.4,1000,True
PI708859,신천두산위브B,,,,1000,False
PI709193,상인보성맨션,CITYTOUR-0184,월곡역사 박물관,396.4,1000,True
PI709238,휴요양병원,CITYTOUR-0128,삼덕동 벽화마을,461.5,1000,True
PI709297,영조아름다운나날,,,,1000,False
PI709403,호반베르디움더클래스,,,,1000,False
PI709888,소양강메기매운탕,CITYTOUR-0213,퀸스로드,631.0,1000,True
PI709889,범어월드메르디앙웨스트카운티,,,,1000,False
PI710185,영남네오빌아트B,CITYTOUR-0105,문화예술거리 이태원길,283.5,1000,True
PI710637,태왕아너스복현,,,,1000,False
PI710697,대실역태왕아너스,,,,1000,False
PI711474,신천휴먼시아6단지B,CITYTOUR-0129,삼덕동벽화골목,984.6,1000,True
PI711511,용산현대우방타운,,,,1000,False
PI712445,용산우방타운,CITYTOUR-0054,대구기업명품관,499.1,1000,True
PI712701,광진중앙교회,CITYTOUR-0098,롯데몰 이시아폴리스점,798.6,1000,True
PI712846,대구월성3,CITYTOUR-0175,온천엘리바덴,828.0,1000,True
PI712855,태전중석타운,,,,1000,False
PI713039,비산5동행정복지센터,,,,1000,False
PI713336,대곡역청구타운,CITYTOUR-0193,이상화묘,721.6,1000,True
PI713588,대신센트럴자이,CITYTOUR-0133,서문시장,620.7,1000,True
PI713594,신세계타운,CITYTOUR-0033,김광석 다시 그리기 길,851.2,1000,True
PI713730,대곡사계절타운,,,,1000,False
PI713755,수성아크로타워,CITYTOUR-0166,에스투뷰텍 라운지,624.5,1000,True
PI714349,상인동서타운아파트,CITYTOUR-0184,월곡역사 박물관,577.2,1000,True
PI715256,강남타운,,,,1000,False
PI715262,수성풀비체,CITYTOUR-0089,동촌유원지,928.0,1000,True
PI716115,성서와룡타운,,,,1000,False
PI716269,금호리버팰리스,,,,1000,False
PI716765,대구지산우방타운,CITYTOUR-0141,수성아트피아,936.4,1000,True
PI717959,대성베르힐B,,,,1000,False
PI718146,대구우방사랑마을,CITYTOUR-0129,삼덕동벽화골목,811.8,1000,True
PI718313,태전2차우방아파트,,,,1000,False
PI718662,바른요양병원,CITYTOUR-0151,아양기찻길,514.9,1000,True
PI719709,제일풍경채더퍼스트,CITYTOUR-0234,현풍석빙고,511.0,1000,True
PI720438,평화타운,,,,1000,False
PI721003,진천태왕아너스2단지,CITYTOUR-0063,대구수목원,899.3,1000,True
PI721106,수성2차e편한세상,CITYTOUR-0166,에스투뷰텍 라운지,218.4,1000,True
PI721174,코오롱하늘채수,,,,1000,False
PI721386,침산동서타운,CITYTOUR-0070,대구오페라하우스,668.8,1000,True
PI721389,상인평광맨션,CITYTOUR-0184,월곡역사 박물관,775.7,1000,True
PI721516,범어라온프라이빗,,,,1000,False
PI721549,삼익THK,CITYTOUR-0076,대구환경공단,352.6,1000,True
PI721552,상인영남화성,CITYTOUR-0184,월곡역사 박물관,173.7,1000,True
PI721611,동촌강나루타운,CITYTOUR-0151,아양기찻길,610.8,1000,True
PI721706,e편한세상대구금호,,,,1000,False
PI721729,와룡타운B,,,,1000,False
PI721772,상인한서타운,CITYTOUR-0184,월곡역사 박물관,471.7,1000,True
PI721844,실리안아파트B,CITYTOUR-0107,미즈사키 린따로 묘소,627.9,1000,True
PI721980,태왕아너스,CITYTOUR-0025,국립대구박물관,370.8,1000,True
PI722246,강창동서타운,,,,1000,False
PI722307,시지에덴타운아파트,,,,1000,False
PI722467,대구 수성구 황금미진타운,,,,1000,False
PI722554,신천휴먼시아6단지아파트,,,,1000,False
PI722615,범어유림노르웨이숲,,,,1000,False
PI722646,송현우방,CITYTOUR-0184,월곡역사 박물관,883.7,1000,True
PI722778,노변대백아파트,CITYTOUR-0064,대구스타디움,798.5,1000,True
PI722903,대백인터빌아파트,,,,1000,False
PI723139,옥포이진캐스빌802동,,,,1000,False
PI723141,옥포이진캐스빌803동,,,,1000,False
PI723157,칠곡1차한라하우젠트,CITYTOUR-0105,문화예술거리 이태원길,833.9,1000,True
PI730006,궁전라벤더,,,,1000,False
PI730030,초이스엠,CITYTOUR-0138,송광매 기념관(송광매원),535.3,1000,True
PI730038,군위이로운한우영농조합법인,CITYTOUR-0186,위천수변테마공원,249.4,1000,True
PI730076,허브모텔,,,,1000,False
PI730096,삼장매운탕,,,,1000,False
PI730462,화원창신맨션,,,,1000,False
PI735118,더카서비스,,,,1000,False
PI735130,대교1급정비,,,,1000,False
PI735176,3차가든하이츠,CITYTOUR-0025,국립대구박물관,525.2,1000,True
PI735180,교대역동서프라임365A,CITYTOUR-0051,대구교육대학교 교육박물관,498.9,1000,True
PI735196,브라운스톤 범어,CITYTOUR-0108,박물관 휴르,683.9,1000,True
PI735210,범물청구타운,,,,1000,False
PI735228,범어우방파크빌B,,,,1000,False
PI740066,빌리브범어105동1F(필로티)층주차장,CITYTOUR-0166,에스투뷰텍 라운지,766.8,1000,True
PI740068,빌리브범어105동지하1층,CITYTOUR-0166,에스투뷰텍 라운지,754.5,1000,True
PI740086,시지효성백년가약1단지지하2층,,,,1000,False
PI740088,시지효성백년가약1단지지하3층,,,,1000,False
PI740096,각산서한이다음지하1층,,,,1000,False
PI740098,각산서한이다음지하2층,,,,1000,False
PI740111,앞산태왕아너스101동,CITYTOUR-0157,앞산 케이블카,902.9,1000,True
PI740113,앞산태왕아너스105동,CITYTOUR-0157,앞산 케이블카,925.7,1000,True
PI740125,시지우방하이츠101동,,,,1000,False
PI740134,두성타운,,,,1000,False
PI740140,칠곡2차한라하우젠트B,CITYTOUR-0105,문화예술거리 이태원길,780.1,1000,True
PI740146,대우로얄하이츠,CITYTOUR-0141,수성아트피아,973.2,1000,True
PI740149,침산동서타운B,CITYTOUR-0070,대구오페라하우스,680.9,1000,True
PI740172,동촌화성타운101동,CITYTOUR-0032,금호강 자연생태공원,742.5,1000,True
PI740174,동촌화성타운103동,CITYTOUR-0032,금호강 자연생태공원,716.8,1000,True
PI740187,상인보성맨션B,CITYTOUR-0184,월곡역사 박물관,378.2,1000,True
PI740205,두성파크타운,,,,1000,False
PI740208,화원대백,,,,1000,False
PI740215,우방연합타운관리소,,,,1000,False
PI740222,범물태성한라창신101동102동,,,,1000,False
PI740224,범물태성한라창신 105동106동,,,,1000,False
PI740226,범물태성한라창신 103동104동,,,,1000,False
PI740227,신암동건영캐스빌107동지하1층,,,,1000,False
PI740229,신암동건영캐스빌107동지하2층,,,,1000,False
PI740231,신암동건영캐스빌111동지하1층,,,,1000,False
PI740239,복현명문세가1단지102동,,,,1000,False
PI740241,복현명문세가1단지103동,,,,1000,False
PI740242,복현명문세가1단지105동,,,,1000,False
PI740243,복현명문세가1단지106동,,,,1000,False
PI740249,봉덕동태성맨션101동지하1층,,,,1000,False
PI740250,봉덕동태성맨션101동지하2층,CITYTOUR-0157,앞산 케이블카,995.8,1000,True
PI740252,봉덕동태성맨션102동지하2층,CITYTOUR-0157,앞산 케이블카,992.8,1000,True
PI740254,칠곡2차한라타운210동,,,,1000,False
PI740255,칠곡2차한라타운211동,,,,1000,False
PI740256,칠곡2차한라타운212동,,,,1000,False
PI740260,죽곡삼정그린코아더베스트지하1층,,,,1000,False
PI740261,죽곡삼정그린코아더베스트지하2층,,,,1000,False
PI740262,죽곡삼정그린코아더베스트지하3층,,,,1000,False
PI740263,죽곡삼정그린코아더베스트지하4층,,,,1000,False
PI740264,죽곡삼정그린코아더베스트지하5층,,,,1000,False
PI740280,대구지산우방타운101동,CITYTOUR-0141,수성아트피아,844.0,1000,True
PI740282,대구지산우방타운102동,CITYTOUR-0141,수성아트피아,859.8,1000,True
PI740284,대구지산우방타운106동,CITYTOUR-0141,수성아트피아,885.4,1000,True
PI740287,침산삼정그린코아101동지하1층,CITYTOUR-0056,대구무형유산전수교육관,146.7,1000,True
PI740288,침산삼정그린코아102동지하1층,CITYTOUR-0056,대구무형유산전수교육관,108.8,1000,True
PI740289,침산삼정그린코아101동지하2층,CITYTOUR-0056,대구무형유산전수교육관,160.2,1000,True
PI740291,침산삼정그린코아오피스텔지하1층,CITYTOUR-0056,대구무형유산전수교육관,81.3,1000,True
PI740298,지산화성맨션101동,CITYTOUR-0141,수성아트피아,567.6,1000,True
PI740299,지산화성맨션103동,CITYTOUR-0141,수성아트피아,629.8,1000,True
PI740300,신서그린빌아파트,,,,1000,False
PI740301,칠곡그린빌2단지1동,CITYTOUR-0105,문화예술거리 이태원길,815.9,1000,True
PI740302,칠곡그린빌2단지7동,CITYTOUR-0178,옻골동산,769.2,1000,True
PI740311,침산코오롱하늘채2단지,CITYTOUR-0056,대구무형유산전수교육관,277.9,1000,True
PI740349,삼익THK테크노폴리스공장옥상,,,,1000,False
PI740352,삼익THK테크노폴리스공장옥외,,,,1000,False
PI740372,대구혁신LH천년나무3단지B,,,,1000,False
PI740374,대구혁신LH천년나무3단지,,,,1000,False
PI740396,두산위브더제니스,CITYTOUR-0108,박물관 휴르,675.1,1000,True
PI740398,두산위브더제니스지하2층,CITYTOUR-0108,박물관 휴르,757.4,1000,True
PI740400,우방2차강촌마을,,,,1000,False
PI740409,상인동화아이위시아파트,CITYTOUR-0184,월곡역사 박물관,841.3,1000,True
PI740412,래미안웰리스트1단지B1,CITYTOUR-0016,고산골 공룡공원,613.6,1000,True
PI740415,래미안웰리스트1단지B2,CITYTOUR-0016,고산골 공룡공원,620.2,1000,True
PI740417,래미안웰리스트2단지B1,CITYTOUR-0016,고산골 공룡공원,780.1,1000,True
PI740419,래미안웰리스트2단지B2,CITYTOUR-0016,고산골 공룡공원,745.6,1000,True
PI740435,월배역포스코더샵 104동,CITYTOUR-0175,온천엘리바덴,790.9,1000,True
PI740437,월배역포스코더샵106동,CITYTOUR-0175,온천엘리바덴,813.4,1000,True
PI740454,대구힐스테이트황금동103동,CITYTOUR-0025,국립대구박물관,540.2,1000,True
PI740455,대구힐스테이트황금동104동,CITYTOUR-0025,국립대구박물관,554.9,1000,True
PI740456,대구힐스테이트황금동105동,CITYTOUR-0025,국립대구박물관,615.2,1000,True
PI740457,대구힐스테이트황금동108동,CITYTOUR-0025,국립대구박물관,660.0,1000,True
PI740524,수성코오롱하늘채,,,,1000,False
PI740529,시지2차서한타운,,,,1000,False
PI740534,대곡역청구타운B,CITYTOUR-0193,이상화묘,739.9,1000,True
PI740557,용산현대우방타운105동지하1층,,,,1000,False
PI740559,용산현대우방타운101동지하2층,,,,1000,False
PI740562,산호한양아파트1호주차장,CITYTOUR-0105,문화예술거리 이태원길,429.4,1000,True
PI740564,산호한양아파트2호주차장,CITYTOUR-0105,문화예술거리 이태원길,393.0,1000,True
PI740572,봉덕화성파크드림101동,,,,1000,False
PI740574,봉덕화성파크드림103동,,,,1000,False
PI740595,침산2차청구타운지하1층주차장,CITYTOUR-0070,대구오페라하우스,791.7,1000,True
PI740598,침산2차청구타운옥외주차장,CITYTOUR-0070,대구오페라하우스,791.5,1000,True
PI740600,죽곡하우젠트아너스빌102동,,,,1000,False
PI740602,죽곡하우젠트아너스빌104동,,,,1000,False
PI740615,귀빈맨션101동102동사이주차장,,,,1000,False
PI740618,귀빈맨션103동앞주차장,,,,1000,False
PI740620,대곡이오스아파트105동,CITYTOUR-0193,이상화묘,732.5,1000,True
PI740622,대곡이오스아파트108동,CITYTOUR-0193,이상화묘,730.5,1000,True
PI740625,태왕아너스리버파크2차아파트,CITYTOUR-0151,아양기찻길,542.4,1000,True
PI740628,시지3차신매보성타운,,,,1000,False
PI740652,시지우방하이츠102동,,,,1000,False
PI740662,대구힐스테이트황금동101동,CITYTOUR-0025,국립대구박물관,562.5,1000,True
PI740664,진천역현대2차아파트지하1층1구역,,,,1000,False
PI740666,진천역현대2차아파트지하1층2구역,,,,1000,False
PI740668,상인성지맨션,CITYTOUR-0184,월곡역사 박물관,479.6,1000,True
PI740671,동서리치모아109동,,,,1000,False
PI740673,동서리치모아110동,,,,1000,False
PI740674,동서리치모아111동,,,,1000,False
PI740688,노변동서우방타운101동,,,,1000,False
PI740689,노변동서우방타운103동,,,,1000,False
PI740690,노변동서우방타운106동,,,,1000,False
PI740698,월성우방아파트102동,CITYTOUR-0175,온천엘리바덴,550.0,1000,True
PI740699,월성우방아파트105동,CITYTOUR-0175,온천엘리바덴,627.6,1000,True
PI740701,월성우방아파트106동,CITYTOUR-0175,온천엘리바덴,624.1,1000,True
PI740716,대곡역동화타운옥외주차장,CITYTOUR-0193,이상화묘,874.9,1000,True
PI740718,대곡역동화타운지하1층,CITYTOUR-0193,이상화묘,875.4,1000,True
PI740721,범어라온프라이빗1층주차장,,,,1000,False
PI740722,범어라온프라이빗지하2층주차장,,,,1000,False
PI740743,동아2차무지개아파트206동옥외,CITYTOUR-0070,대구오페라하우스,422.0,1000,True
PI740776,동아2차무지개아파트207동옥외,CITYTOUR-0070,대구오페라하우스,339.6,1000,True
PI747158,BMW차징스테이션 대곡주차장,,,,1000,False
PI747199,BMW차징스테이션 크리스탈관광호텔,CITYTOUR-0128,삼덕동 벽화마을,668.6,1000,True
PI750001,범어효성해링턴플레이스,CITYTOUR-0166,에스투뷰텍 라운지,746.2,1000,True
PI750054,수성SK리더스뷰B,CITYTOUR-0094,들안길 먹거리타운,626.6,1000,True
PI750070,침산3차푸르지오아파트,CITYTOUR-0070,대구오페라하우스,572.1,1000,True
PI750081,대곡역화성타운,CITYTOUR-0193,이상화묘,915.1,1000,True
PI750393,서재보성타운,,,,1000,False
PI750417,빌리브범어,CITYTOUR-0166,에스투뷰텍 라운지,791.0,1000,True
PI750644,금호서한이다음B,,,,1000,False
PI751183,대구혁신센텀힐즈,,,,1000,False
PI751598,달성화성파크드림아파트,CITYTOUR-0039,노사평화의 전당,579.9,1000,True
PI751775,만촌보성타운B,CITYTOUR-0089,동촌유원지,924.3,1000,True
PI752370,국가산단 디엔트르 센트럴아파트,,,,1000,False
PI752996,대구시 흥구삼덕빌딩,CITYTOUR-0223,하이마트 고전음악감상실,204.7,1000,True
PI753609,상인제림아파트,CITYTOUR-0184,월곡역사 박물관,725.1,1000,True
PI753881,피닉스골프클럽,CITYTOUR-0097,롯데 아울렛 대구 율하점,632.4,1000,True
PI760200,SK허브스카이아파트,CITYTOUR-0018,관덕정 순교 기념관,362.9,1000,True
PI760266,칠곡1차한라하우젠트C,CITYTOUR-0105,문화예술거리 이태원길,830.8,1000,True
PI760600,대구청구장미마을B,,,,1000,False
PI760660,대구성명교회,CITYTOUR-0181,와룡산 상리봉 전망대,957.3,1000,True
PI760829,옥포이진캐스빌B,,,,1000,False
PI761043,금호서한이다음C,,,,1000,False
PI761310,노변대백아파트B,CITYTOUR-0064,대구스타디움,803.2,1000,True
PI761312,대구우방사랑마을B,CITYTOUR-0129,삼덕동벽화골목,761.7,1000,True
PI761316,만촌화성파크드림2차,CITYTOUR-0103,모명재,561.6,1000,True
PI761336,우방금탑아파트,CITYTOUR-0103,모명재,487.9,1000,True
PI762181,성서우방유쉘,,,,1000,False
PI762200,성서보람타운B,,,,1000,False
PI762699,이지컨트리클럽,,,,1000,False
PI762875,오페라트루엘시민의숲,CITYTOUR-0070,대구오페라하우스,748.4,1000,True
PI762921,대구힐스테이트황금동,CITYTOUR-0025,국립대구박물관,571.1,1000,True
PI763137,진천태왕아너스2단지B,CITYTOUR-0063,대구수목원,905.1,1000,True
PI763257,수성소방서,,,,1000,False
PI763496,경상고등학교,CITYTOUR-0072,대구전시컨벤션센터(EXCO),955.4,1000,True
PI763522,엠스퀘어플러스,CITYTOUR-0023,국립대구과학관,671.8,1000,True
PI763542,대구유천포스코더샵,,,,1000,False
PI763755,팔공컨트리클럽,,,,1000,False
PI763860,화원삼주,CITYTOUR-0044,달성습지,854.6,1000,True
PI763881,한국메디벤처센터,CITYTOUR-0208,첨단의료복합단지,435.9,1000,True
PI763899,빌리브범어2차,CITYTOUR-0166,에스투뷰텍 라운지,694.6,1000,True
PI764152,한국지능정보사회진흥원,CITYTOUR-0208,첨단의료복합단지,627.0,1000,True
PI764279,한국사학진흥재단,CITYTOUR-0208,첨단의료복합단지,637.9,1000,True
PI764308,칠곡현대1차,CITYTOUR-0165,어울아트센터,375.2,1000,True
PI764310,수성코오롱하늘채B,,,,1000,False
PI764330,대구경북첨단의료산업진흥재단,CITYTOUR-0208,첨단의료복합단지,346.3,1000,True
PI764338,송현드림팰리스,,,,1000,False
PI764340,성서드림타운,,,,1000,False
PI764379,아이프라임시지,,,,1000,False
PI764417,우방강촌마을,CITYTOUR-0170,영남제일관,778.5,1000,True
PI764547,마가다락방교회,,,,1000,False
PI764654,태전휴먼시아1단지,,,,1000,False
PI764782,한국교육학술정보원,CITYTOUR-0208,첨단의료복합단지,608.9,1000,True
PI764798,수성소방서B,,,,1000,False
PI764807,제림햇빛촌,CITYTOUR-0151,아양기찻길,445.9,1000,True
PI764946,대구시민전문장례식장,,,,1000,False
PI764948,태전협화맨션,,,,1000,False
PI766462,대구청구장미마을,,,,1000,False
PI766958,파동화성파크뷰,,,,1000,False
PI767503,대구공작아파트,,,,1000,False
PI768154,수성sk리더스뷰,CITYTOUR-0094,들안길 먹거리타운,607.7,1000,True
PI768523,대자연2차아파트,,,,1000,False
PI770691,대구코오롱하늘채수,,,,1000,False
PI770811,대구스테이션,CITYTOUR-0227,한국영상 박물관,119.7,1000,True
PI772392,이편한세상세계육상선수촌B,CITYTOUR-0097,롯데 아울렛 대구 율하점,832.9,1000,True
PI772509,수성구태왕아너스아파트,CITYTOUR-0025,국립대구박물관,401.4,1000,True
PI772523,신천동서맨션,CITYTOUR-0129,삼덕동벽화골목,701.2,1000,True
PI772624,수목원삼성래미안,CITYTOUR-0193,이상화묘,704.5,1000,True
PI772912,중리진달래2차,CITYTOUR-0226,한국섬유개발연구원,504.2,1000,True
PI773278,교대역동서프라임365B,CITYTOUR-0051,대구교육대학교 교육박물관,524.2,1000,True
PI773847,대구중앙교회,CITYTOUR-0070,대구오페라하우스,625.1,1000,True
PI773857,칠곡서한맨션,CITYTOUR-0165,어울아트센터,124.0,1000,True
PI773887,용계삼산아파트,CITYTOUR-0097,롯데 아울렛 대구 율하점,681.9,1000,True
PI775353,BMW차징스테이션 퀸벨호텔,CITYTOUR-0170,영남제일관,858.2,1000,True
PI780002,효성해링턴플레이스,CITYTOUR-0075,대구향교,353.9,1000,True
PI780007,서한이다음레이크뷰,CITYTOUR-0185,월광수변공원,989.5,1000,True
PI780009,죽전그린빌,CITYTOUR-0213,퀸스로드,980.9,1000,True
PI780015,청산맨션,CITYTOUR-0141,수성아트피아,878.7,1000,True
PI780065,성광우방타운,CITYTOUR-0070,대구오페라하우스,173.8,1000,True
PI780101,지산골프연습장,,,,1000,False
PI780153,다사한일유앤아이,,,,1000,False
PI780247,평리2동행정복지센터,,,,1000,False
PI780265,비산6동행정복지센터,,,,1000,False
PI783362,대구 매호동 일반주택,,,,1000,False
PI793474,명곡미래빌1단지,,,,1000,False
PI793513,상인역kcc스위첸,CITYTOUR-0175,온천엘리바덴,818.0,1000,True
PI794018,대구 달성군 제일풍경채더퍼스트,CITYTOUR-0234,현풍석빙고,393.3,1000,True
PI794067,대구 달성군 청구청탑맨션,CITYTOUR-0193,이상화묘,762.2,1000,True
PI794211,대구 달성군 강창그린빌,,,,1000,False
PI794323,대구 수성구 보성송정타운,,,,1000,False
PI794330,대구 수성구 수성해모로하이엔,,,,1000,False
PI794362,대구 달서구 빌리브죽전,CITYTOUR-0054,대구기업명품관,910.0,1000,True
PI794372,대구 북구 침산2차청구타운,CITYTOUR-0070,대구오페라하우스,757.8,1000,True
PI795053,대구 수성구 사월화성파크드림3단지,,,,1000,False
PI795479,상인동화태황한양타운입주자대표회의,CITYTOUR-0184,월곡역사 박물관,338.5,1000,True
PI795618,대구 달서구 성서청구타운,,,,1000,False
PI795672,대구 동구 효성타운,,,,1000,False
PI795839,대구 달서구 용산현대우방타운,,,,1000,False
PI796223,대구 동구 e편한세상세계육상선수촌2단지,CITYTOUR-0097,롯데 아울렛 대구 율하점,635.0,1000,True
PI796484,대구 수성구 두레맨션,CITYTOUR-0025,국립대구박물관,918.0,1000,True
PI796974,대구 수성구 범어센트럴푸르지오,,,,1000,False
PI800355,대구 군위군 구니CC,,,,1000,False
PI801482,평광현대3차아파트,,,,1000,False
PI802108,성당코오롱하늘채아파트,,,,1000,False
PI802535,칠곡3차화성타운,CITYTOUR-0105,문화예술거리 이태원길,748.0,1000,True
PI802709,대구 달서구 케이티대구물류센터,CITYTOUR-0012,계명대학교 행소 박물관,450.6,1000,True
PI802798,다사동의센트럴파크아파트,,,,1000,False
PI803060,동촌화성타운지상,CITYTOUR-0032,금호강 자연생태공원,750.9,1000,True
PI803203,논공청구타운,,,,1000,False
PI805002,대구 수성구 ㈜데이타뱅크,CITYTOUR-0062,대구삼성라이온즈파크,353.1,1000,True
PI807335,대구 수성구 범어라온프라이빗1차,,,,1000,False
PI807412,대구 중구 동성로 중앙주차장,CITYTOUR-0223,하이마트 고전음악감상실,85.5,1000,True
PI808200,대구 달서구 월성동삼성래미안아파트,CITYTOUR-0175,온천엘리바덴,494.0,1000,True
PI808468,대구 수성구 범어롯데캐슬,,,,1000,False
PI808484,대구 달성군 옥포대성베르힐6단지,,,,1000,False
PI808544,대구 중구 반월당효성해링턴플레이스,CITYTOUR-0075,대구향교,361.4,1000,True
PI808729,대구 달성군 달성화성파크드림아파트,CITYTOUR-0039,노사평화의 전당,579.9,1000,True
PI809532,대구 달서구 죽전역코아루더리브,CITYTOUR-0054,대구기업명품관,327.6,1000,True
PIA00336,대구 달성군 테크노폴리스서한이다음,CITYTOUR-0234,현풍석빙고,559.0,1000,True
PIH00094,힐스테이트데시앙도남1단지아파트,,,,1000,False
PIH00153,상인케이씨씨스위첸아파트,CITYTOUR-0175,온천엘리바덴,870.8,1000,True
PIH00166,용산세광태왕2차아파트,CITYTOUR-0054,대구기업명품관,828.0,1000,True
PIH00307,강북위너스오피스텔,CITYTOUR-0105,문화예술거리 이태원길,554.6,1000,True
PIH00354,보원칠공사,CITYTOUR-0073,대구종합유통단지,541.1,1000,True
PIH00377,화진자동차상사,,,,1000,False
PIH00408,태왕아너스로뎀플러스오피스텔,CITYTOUR-0070,대구오페라하우스,646.1,1000,True
PIH00443,힐스테이트데시앙도남3단지아파트,CITYTOUR-0178,옻골동산,938.7,1000,True
PIH00444,대구 옥분리 쉼아웃도어본부,,,,1000,False
PIH00448,칠곡현대아파트,CITYTOUR-0178,옻골동산,391.4,1000,True
PIH00496,청구청룡맨션아파트,CITYTOUR-0193,이상화묘,953.6,1000,True
PIH00515,일반상가,CITYTOUR-0195,이천동 고미술거리,279.9,1000,True
PIH00516,에이디오에스오피스텔,CITYTOUR-0051,대구교육대학교 교육박물관,846.2,1000,True
PIH00517,아도스하우스주택,,,,1000,False
PIH00518,홈빌리지,,,,1000,False
PIH00519,어반하우스빌,CITYTOUR-0008,경북대학교 가로수길(백양로),989.2,1000,True
PIH00520,칸타빌주택,CITYTOUR-0140,수성못유원지,107.7,1000,True
PIH00522,코아루파크뷰오피스텔,CITYTOUR-0208,첨단의료복합단지,465.0,1000,True
PIH00556,삼일병원,,,,1000,False
PIH00573,침산태왕아너스로뎀오피스텔,CITYTOUR-0070,대구오페라하우스,592.2,1000,True
PIH00639,상인은행아파트,CITYTOUR-0185,월광수변공원,995.9,1000,True
PIH00640,논공평광행복타운아파트,,,,1000,False
PIH00672,대구 남리 논공우방연합타운아파트,,,,1000,False
PIH00737,디어반메가시티오피스텔,CITYTOUR-0208,첨단의료복합단지,717.5,1000,True
PIH00752,대구 침산동 대한동아침산2차무지개아파트,CITYTOUR-0070,대구오페라하우스,413.4,1000,True
PIH00783,쓰리에이치,,,,1000,False
PIH00787,쓰리에이치,,,,1000,False
PIH00945,대구역센트럴자이아파트,CITYTOUR-0069,대구예술발전소,215.9,1000,True
PIH00946,대구 침산동 침산동코오롱하늘채아파트,CITYTOUR-0070,대구오페라하우스,218.0,1000,True
PIH00983,명곡미래빌2단지아파트,,,,1000,False
PIH01030,한국폴리텍대학대구캠퍼스,CITYTOUR-0226,한국섬유개발연구원,881.0,1000,True
PIH01159,대곡가톨릭요양원,CITYTOUR-0063,대구수목원,805.9,1000,True
PIH01160,대명카톨릭요양원,CITYTOUR-0093,두류공원,636.0,1000,True
PIH01164,빌리언웨스턴호텔,,,,1000,False
PIH01168,상인화성파크드림1단지아파트,CITYTOUR-0184,월곡역사 박물관,449.7,1000,True
PIH01181,대구 신천동 아보스개발낭만,CITYTOUR-0108,박물관 휴르,573.4,1000,True
PIH01276,대구 산격동 유통단지산업용재관상가,CITYTOUR-0073,대구종합유통단지,279.1,1000,True
PIH01358,월성동서타운아파트,CITYTOUR-0175,온천엘리바덴,640.8,1000,True
PIH01486,3D융합기술지원센터,CITYTOUR-0208,첨단의료복합단지,488.7,1000,True
PIH01543,우방앨리시온아파트,CITYTOUR-0025,국립대구박물관,865.3,1000,True
PIH01544,주택,,,,1000,False
PIH01545,방촌청구제네스아파트,CITYTOUR-0170,영남제일관,834.9,1000,True
PIH01572,서밋모텔,CITYTOUR-0148,신숭겸 장군 유적지,419.8,1000,True
PIH01594,야모텔,CITYTOUR-0089,동촌유원지,454.5,1000,True
PIH01595,리더스모텔,CITYTOUR-0046,대구 아쿠아리움,638.2,1000,True
PIH01599,명성장,,,,1000,False
PIH01600,앤시스,CITYTOUR-0226,한국섬유개발연구원,218.2,1000,True
PIH01629,정우빌,,,,1000,False
PIH01649,올드로드,CITYTOUR-0147,스파밸리,569.8,1000,True
PIH01705,코아시스아파트,CITYTOUR-0094,들안길 먹거리타운,771.4,1000,True
PIH01712,비엘주차장,CITYTOUR-0131,삼송베이커리,158.5,1000,True
PIH01717,히든호텔,,,,1000,False
PIH01747,대한동아침산1차무지개아파트,CITYTOUR-0070,대구오페라하우스,548.3,1000,True
PIH01759,화성파크스위트아파트,CITYTOUR-0101,망우당공원,312.7,1000,True
PIH01767,창앤영펜션,,,,1000,False
PIH01792,대구 동구 벽산이솔렌스힐아파트,CITYTOUR-0067,대구신세계백화점,903.5,1000,True
PIH01804,스펙트럼시티,CITYTOUR-0070,대구오페라하우스,285.8,1000,True
PIH01824,한샘아파트,,,,1000,False
PIH01854,더존모텔,,,,1000,False
PIH01875,여성메디파크문화센터,,,,1000,False
PIH01883,다인식품,,,,1000,False
PIH01900,여성메디파크병원,,,,1000,False
PIH01936,베네시움,CITYTOUR-0209,청라언덕,197.6,1000,True
PIH01985,주택,,,,1000,False
PIH02017,유천풋살파크,CITYTOUR-0044,달성습지,530.9,1000,True
PIH02046,한국한의학연구원,CITYTOUR-0208,첨단의료복합단지,408.9,1000,True
PIS00522,대구 수성구 수성월드메르디앙,CITYTOUR-0064,대구스타디움,928.1,1000,True
PIS00523,대구 달성군 세천삼정그린코아더베스트1단지,,,,1000,False
PIS00524,대구 달성군 세천삼정그린코아더베스트2단지,,,,1000,False
PIS00525,대구 달성군 옥포허브시티,,,,1000,False
PIS00526,대구 달서구 월배쌍용예가,,,,1000,False
PIS00527,대구 달성군 현대썬앤빌대구,,,,1000,False
PIS00528,대구 수성구 삼성화재범어사옥,CITYTOUR-0108,박물관 휴르,618.1,1000,True
PIS00529,대구 달성군 화원한샘타운,,,,1000,False
PIS00530,대구 북구 화성리버파크1단지,,,,1000,False
PIS00532,대구 수성구 수성3가화성파크드림1단지,,,,1000,False
PIS00533,대구 수성구 수성3가화성파크드림2단지,,,,1000,False
PIS00537,대구 동구 롯데택배대구황금대리점,,,,1000,False
PIS00538,대구 수성구 호텔라온제나,,,,1000,False
PIS00539,대구 북구 영남네오빌블루,,,,1000,False
PIS00540,대구 북구 센트럴파크대현,,,,1000,False
PIS00543,대구 수성구 시지3차서한이다음,,,,1000,False
PIS00544,대구 수성구 범물태성한라창신,,,,1000,False
PIS00545,대구 서구 코오롱맨션,CITYTOUR-0213,퀸스로드,318.1,1000,True
PIS00546,대구 동구 한국가스공사본사,CITYTOUR-0208,첨단의료복합단지,863.7,1000,True
PIS00548,대구 서구 대구서부고용복지플러스센터,CITYTOUR-0194,이월드(E-World),536.3,1000,True
PIS00549,대구 달서구 월성화성타운,CITYTOUR-0175,온천엘리바덴,723.3,1000,True
PIS00550,대구 동구 신세계백화점대구점,CITYTOUR-0067,대구신세계백화점,342.3,1000,True
PIS00551,대구 동구 이마트반야월점,,,,1000,False
PIS00552,대구 달서구 이마트성서점,,,,1000,False
PIS00553,대구 북구 이마트칠성점,CITYTOUR-0070,대구오페라하우스,269.7,1000,True
PIS00554,대구 달서구 이마트월배점,CITYTOUR-0175,온천엘리바덴,895.3,1000,True
PIS00555,대구 수성구 이마트만촌점,CITYTOUR-0108,박물관 휴르,659.2,1000,True
PIS00556,대구 서구 이마트T비산점,,,,1000,False
PIS00557,대구 달성군 대실역청아람1단지아파트,,,,1000,False
PIS00558,대구 수성구 범어청구푸른마을,,,,1000,False
PIS00559,대구 남구 보성1차대덕맨션,CITYTOUR-0016,고산골 공룡공원,701.9,1000,True
PIS00560,대구 서구 내당삼익맨션,CITYTOUR-0194,이월드(E-World),638.6,1000,True
PIS00561,대구 동구 한국가스공사숙소동,CITYTOUR-0208,첨단의료복합단지,241.0,1000,True
PIS00563,대구 동구 신천청아람아파트,,,,1000,False
PIS00564,대구 북구 주식회사유앤지,,,,1000,False
PIS00565,대구 동구 동화해오름타운아파트,,,,1000,False
PIS00566,대구 수성구 시지동서타운아파트,,,,1000,False
PIS00567,대구 동구 동대구화물터미널,CITYTOUR-0097,롯데 아울렛 대구 율하점,872.8,1000,True
PIS00568,대구 동구 신천2주공아파트,,,,1000,False
PIS00569,대구 수성구 범물두성타운,,,,1000,False
PIS00570,대구 달성군 논공성원아파트,,,,1000,False
PIS00571,대구 달서구 월성5단지아파트,,,,1000,False
PIS00572,대구 북구 동서변리벤빌,,,,1000,False
PIS00573,대구 북구 동화훼미리타운,CITYTOUR-0165,어울아트센터,395.3,1000,True
PIS00574,대구 수성구 지산타운아파트,,,,1000,False
PIS00575,대구 북구 침산코오롱하늘채2단지,CITYTOUR-0056,대구무형유산전수교육관,175.4,1000,True
PIS00576,대구 달서구 월성삼정그린에듀파크,CITYTOUR-0175,온천엘리바덴,573.7,1000,True
PIS00577,대구 동구 신서퀸덤아파트,,,,1000,False
PIS00578,대구 달성군 신성서화성파크드림,,,,1000,False
PIS00579,대구 수성구 시지천마타운,,,,1000,False
PIS00580,대구 북구 오페라코오롱하늘채,CITYTOUR-0056,대구무형유산전수교육관,273.1,1000,True
PIS00581,대구 북구 칠곡7단지부영아파트,,,,1000,False
PIS00586,대구 북구 칠곡관음타운,CITYTOUR-0165,어울아트센터,435.0,1000,True
PIS00587,대구 달성군 죽곡푸르지오2단지,,,,1000,False
PIS00588,대구 달서구 영남네오빌비스타,CITYTOUR-0054,대구기업명품관,856.4,1000,True
PIS00589,대구 북구 칠곡보성맨션,CITYTOUR-0165,어울아트센터,673.8,1000,True
PIS00590,대구 동구 신암에스디아이프라임,CITYTOUR-0067,대구신세계백화점,972.4,1000,True
PIS00594,대구 달성군 북죽곡현대엠코타운,,,,1000,False
PIS00597,대구 남구 이천뜨란채2단지,CITYTOUR-0195,이천동 고미술거리,939.5,1000,True
PIS00598,대구 달성군 신성서진흥더블파크,,,,1000,False
PIS00599,대구 달성군 에코폴리스동화아이위시3차,,,,1000,False
PIS00791,대구 북구 복현2차서한타운,,,,1000,False
PK000367,광남자동차,CITYTOUR-0098,롯데몰 이시아폴리스점,206.8,1000,True
PK000382,경북교통차고지,CITYTOUR-0012,계명대학교 행소 박물관,817.6,1000,True
PK000386,대명교통차고지,,,,1000,False
PL000027,사수동브라운스톤강북아파트,,,,1000,False
PL000118,황금동코아시스아파트,CITYTOUR-0094,들안길 먹거리타운,771.4,1000,True
PL000301,대구연경금성백조예미지,,,,1000,False
PL000446,칠곡부영1차아파트,CITYTOUR-0105,문화예술거리 이태원길,586.5,1000,True
PL000629,센트롤요양병원,,,,1000,False
PL000752,서한청산맨션,CITYTOUR-0141,수성아트피아,846.5,1000,True
PL005034,범어서한포레스트,CITYTOUR-0108,박물관 휴르,753.4,1000,True
PL005127,도원중학교,CITYTOUR-0185,월광수변공원,897.2,1000,True
PL005150,전인병원,CITYTOUR-0093,두류공원,693.1,1000,True
PL005167,브라운스톤범어,CITYTOUR-0108,박물관 휴르,693.7,1000,True
PL005291,서재보성타운,,,,1000,False
PL005467,진로이스트타운,CITYTOUR-0151,아양기찻길,627.3,1000,True
PL005484,달성삼환나우빌,,,,1000,False
PL005489,한국마사회대구지사,CITYTOUR-0147,스파밸리,48.2,1000,True
PL006988,동대구역우방아이유쉘,CITYTOUR-0067,대구신세계백화점,749.0,1000,True
PL007300,대구 북구 침산건영하이츠,CITYTOUR-0070,대구오페라하우스,744.3,1000,True
PL007313,침산동 2차 쌍용예가,,,,1000,False
PL007315,침산세정드림타운,,,,1000,False
PL007320,노원동화타운,,,,1000,False
PL007331,대현한신휴플러스,CITYTOUR-0056,대구무형유산전수교육관,759.3,1000,True
PL007381,동서변 월드메르디앙 아파트,,,,1000,False
PL007429,부영아파트(대구 구암동),CITYTOUR-0105,문화예술거리 이태원길,989.0,1000,True
PL007518,범어서한포레스트 (아파트),CITYTOUR-0108,박물관 휴르,755.0,1000,True
PL007595,우방오성타운,CITYTOUR-0033,김광석 다시 그리기 길,281.9,1000,True
PL007673,녹원아파트,CITYTOUR-0141,수성아트피아,313.1,1000,True
PL007698,현대청림아파트,,,,1000,False
PL007702,수성하늘채르레브아파트,,,,1000,False
PL007726,노변다숲아파트,CITYTOUR-0064,대구스타디움,957.4,1000,True
PL007785,성당 태왕아너스 메트로,CITYTOUR-0058,대구문화예술회관,786.9,1000,True
PL007817,성서2차서한타운,,,,1000,False
PL007827,장기파랑새마을,CITYTOUR-0054,대구기업명품관,437.7,1000,True
PL007853,용산보성타운,CITYTOUR-0054,대구기업명품관,816.1,1000,True
PL007870,우방드림시티,CITYTOUR-0054,대구기업명품관,643.4,1000,True
PL008043,청구청산맨션,CITYTOUR-0193,이상화묘,842.4,1000,True
PL008076,서재보성타운,,,,1000,False
PL008112,강창우방타운,,,,1000,False
PL008129,옥포제림뉴타운,,,,1000,False
PL030042,시지 코오롱하늘채 스카이뷰(오피스텔),,,,1000,False
PL030340,태왕 아너스 더힐,,,,1000,False
PL030631,태전한라아파트,,,,1000,False
PL030724,대구혁신도시서한이다음아파트,,,,1000,False
PL031050,성서우방타운,,,,1000,False
PL031139,대구힐스테이트데시앙도남2단지,CITYTOUR-0178,옻골동산,738.0,1000,True
PL031141,대구수성동일하이빌레이크,CITYTOUR-0140,수성못유원지,344.3,1000,True
PL031179,대구 나사렛종합병원,,,,1000,False
PL031200,대구 수목원제일풍경채,,,,1000,False
PL031246,대구 퀸스로드,CITYTOUR-0213,퀸스로드,72.2,1000,True
PL031251,대구 한신더휴웨스턴팰리스,,,,1000,False
PL031334,대구 서문시장2지구,CITYTOUR-0133,서문시장,140.9,1000,True
PL031349,대구 동화골든빌,CITYTOUR-0105,문화예술거리 이태원길,323.1,1000,True
PL031384,대구 성서주공6단지아파트,,,,1000,False
PL031386,대구 진천하나로맨션,,,,1000,False
PL031432,대구 효성백년가약궁,CITYTOUR-0166,에스투뷰텍 라운지,537.3,1000,True
PL031433,대구 월성보성2단지,CITYTOUR-0175,온천엘리바덴,770.5,1000,True
PL031434,대구 대곡역화성파크드림위드,CITYTOUR-0193,이상화묘,837.9,1000,True
PL031435,대구 보성송림맨션,CITYTOUR-0136,성모당,392.5,1000,True
PL031504,대구 경북여자고등학교,CITYTOUR-0037,남산동 가톨릭타운,393.2,1000,True
PL031509,대구 학생문화센터,CITYTOUR-0054,대구기업명품관,397.6,1000,True
PL031519,대구 한화생명 내당동사옥,CITYTOUR-0194,이월드(E-World),805.7,1000,True
PL031534,대구 경상여자고등학교,,,,1000,False
PL031542,대구 덕원고등학교,,,,1000,False
PL031570,대구 우방죽전타운,CITYTOUR-0054,대구기업명품관,140.7,1000,True
PL031583,대구 동아대덕아파트,,,,1000,False
PL031587,대구 국가산단반도유보라아이비파크,CITYTOUR-0039,노사평화의 전당,572.6,1000,True
PL031601,대구 범어동일하이빌,,,,1000,False
PL031602,대구 수성화성파크드림,CITYTOUR-0107,미즈사키 린따로 묘소,752.9,1000,True
PL031612,대구 앞산봉덕영무예다음아파트,,,,1000,False
PL031622,대구 화성파크드림이스트밸리,,,,1000,False
PL031623,대구 월성영남맨션,CITYTOUR-0175,온천엘리바덴,814.8,1000,True
PL031624,대구 대곡역동화타운 아파트,CITYTOUR-0193,이상화묘,869.8,1000,True
PL031630,대구 매호화성파크드림,,,,1000,False
PL031631,대구 유성푸르나임아파트,CITYTOUR-0033,김광석 다시 그리기 길,600.6,1000,True
PL031644,대구 은세계타운아파트,,,,1000,False
PL031649,수성그린타운,CITYTOUR-0033,김광석 다시 그리기 길,643.9,1000,True
PL031678,대구 제일풍경채프라임,,,,1000,False
PL031681,대구 성서한마음타운 아파트,,,,1000,False
PL031708,대구 화성고려파크뷰,CITYTOUR-0141,수성아트피아,957.1,1000,True
PL031709,대구 화원신일해피트리꿈의숲,,,,1000,False
PL031717,대구 상인이편한세상2단지,CITYTOUR-0184,월곡역사 박물관,865.7,1000,True
PL031721,대구 유성청구아파트,CITYTOUR-0072,대구전시컨벤션센터(EXCO),547.2,1000,True
PL031745,대구 계명문화대학교,CITYTOUR-0012,계명대학교 행소 박물관,448.4,1000,True
PL031757,대구 대실역동화아이위시,,,,1000,False
PL031781,대구 희망교대성유니드아파트,CITYTOUR-0195,이천동 고미술거리,705.8,1000,True
PL031807,대구 상인중석타운아파트,CITYTOUR-0184,월곡역사 박물관,743.9,1000,True
PL031816,대구 칠곡럭키아파트,CITYTOUR-0105,문화예술거리 이태원길,391.9,1000,True
PL031832,대구 강변코오롱하늘채,,,,1000,False
PL031835,대구 벽산타워,CITYTOUR-0194,이월드(E-World),412.7,1000,True
PL031837,대구 두성타운아파트,,,,1000,False
PL031838,대구 귀빈맨션아파트,,,,1000,False
PL031881,대구 율하롯데캐슬탑클래스,CITYTOUR-0097,롯데 아울렛 대구 율하점,246.8,1000,True
PL031888,대구 수성롯데캐슬,CITYTOUR-0129,삼덕동벽화골목,790.8,1000,True
PL031889,대구 칠곡한라타운아파트,CITYTOUR-0165,어울아트센터,560.9,1000,True
PL031890,대구 안심화성타운아파트,CITYTOUR-0097,롯데 아울렛 대구 율하점,947.4,1000,True
PL031891,대구 월성코오롱하늘채1단지,CITYTOUR-0175,온천엘리바덴,460.0,1000,True
PL031892,대구 메가시티태왕아너스아파트,,,,1000,False
PL031923,대구 테크노폴리스 우미린,CITYTOUR-0023,국립대구과학관,676.8,1000,True
PL031951,대구 성서동서서한타운아파트,,,,1000,False
PL031969,대구 남구 앞산태왕아너스아파트,CITYTOUR-0157,앞산 케이블카,922.4,1000,True
PL031970,대구 달서구 장기누림타운,CITYTOUR-0054,대구기업명품관,288.3,1000,True
PL031972,대구 중구 봉산뜨란채아파트,CITYTOUR-0115,봉산문화회관,58.4,1000,True
PL031977,대구 달서구 월성 삼정그린코아 카운티,CITYTOUR-0175,온천엘리바덴,634.1,1000,True
PL031984,대구 달성군 서재우방타운아파트,,,,1000,False
PL031985,대구 달서구 죽전역인터불고라비다,CITYTOUR-0054,대구기업명품관,815.5,1000,True
PL031986,대구 달서구 두류보성맨션,CITYTOUR-0003,83타워(83 TOWER DAEGU),547.7,1000,True
PL031988,대구 남구 봉덕화성파크드림,,,,1000,False
PL031993,대구 수성구 사월화성파크드림2단지,,,,1000,False
PL031994,대구 북구 칠곡서한타운3차,CITYTOUR-0165,어울아트센터,957.2,1000,True
PL031999,대구 북구 동대구유성푸르나임아파트,CITYTOUR-0067,대구신세계백화점,757.1,1000,True
PL032005,대구 북구 노원한신더휴아파트,,,,1000,False
PL032016,대구 북구 칠곡부영6단지아파트,,,,1000,False
PL032021,대구 북구 대현뜨란채아파트,CITYTOUR-0056,대구무형유산전수교육관,833.1,1000,True
PL032024,대구 달성군 협성휴포레죽곡,,,,1000,False
PL032044,대구 수성구 더원(위탁),CITYTOUR-0015,고모역 복합문화공간,128.7,1000,True
PL032050,대구 달성군 달성태왕드림하이츠,,,,1000,False
PL032054,대구 수성구 태왕아너스아파트,CITYTOUR-0129,삼덕동벽화골목,763.3,1000,True
PL032057,대구 달서구 월성월드메르디앙아파트,CITYTOUR-0175,온천엘리바덴,299.6,1000,True
PL032067,대구 달서구 진천태왕아너스 1단지,CITYTOUR-0193,이상화묘,951.1,1000,True
PL032077,대구 달성군 다사역금호어울림센트럴,,,,1000,False
PL032090,대구 북구 복현화성타운,CITYTOUR-0072,대구전시컨벤션센터(EXCO),550.4,1000,True
PL032094,대구 달서구 이편한세상월배아파트,CITYTOUR-0175,온천엘리바덴,558.0,1000,True
PL032104,대구 북구 연경동화아이위시,,,,1000,False
PL032109,대구 달서구 죽전그린빌,CITYTOUR-0054,대구기업명품관,924.8,1000,True
PL032114,대구 수성구 노변동서우방타운,,,,1000,False
PL032140,대구 중구 대봉태왕아너스아파트,CITYTOUR-0033,김광석 다시 그리기 길,245.6,1000,True
PL032146,대구 달서구 성서무지개타운아파트,,,,1000,False
PL032159,대구 수성구 수성화성쌍용타운,CITYTOUR-0129,삼덕동벽화골목,443.6,1000,True
PL032182,대구 달서구 상인영남화성아파트,CITYTOUR-0184,월곡역사 박물관,271.4,1000,True
PL032223,대구 북구 침산2차화성타운,CITYTOUR-0070,대구오페라하우스,642.4,1000,True
PL032229,대구 수성구 신매태성맨션,,,,1000,False
PL032235,대구 남구 앞산서한이다음,CITYTOUR-0016,고산골 공룡공원,920.9,1000,True
PL032238,대구 동구 부민스위트빌아파트,CITYTOUR-0049,대구공항 면세점,350.9,1000,True
PL032253,대구 달서구 죽전역동화아이위시,CITYTOUR-0054,대구기업명품관,831.4,1000,True
PL032258,대구 동구 강촌마을우방아파트1차,CITYTOUR-0170,영남제일관,714.8,1000,True
PL032289,대구 북구 칠곡현대아파트,CITYTOUR-0105,문화예술거리 이태원길,566.2,1000,True
PL032294,대구 수성구 태왕유성하이빌,,,,1000,False
PL032299,대구 수성구 시지2차사월보성타운,,,,1000,False
PL032300,대구 수성구 매호2차동서타운,,,,1000,False
PL032323,대구 달서구 상인역모아엘가파크뷰,CITYTOUR-0184,월곡역사 박물관,904.2,1000,True
PL032333,대구 달서구 용산세광태왕2차아파트,CITYTOUR-0054,대구기업명품관,751.4,1000,True
PL032337,대구 동구 영조아름다운나날1단지,,,,1000,False
PL032348,대구 달서구 성서2차영남우방타운,,,,1000,False
PL032357,대구 남구 봉덕화성파크드림2차,,,,1000,False
PL032360,대구 동구 동대구역화성파크드림아파트,CITYTOUR-0067,대구신세계백화점,847.4,1000,True
PL032392,대구 상인이편한세상1단지,CITYTOUR-0175,온천엘리바덴,796.4,1000,True
PL032543,시지두레타운,,,,1000,False
PL032566,범어STXKAN아파트,,,,1000,False
PL032579,테크노폴리스반도유보라,CITYTOUR-0023,국립대구과학관,491.7,1000,True
PL032775,죽곡푸르지오1단지,,,,1000,False
PL032786,개나리맨션,CITYTOUR-0153,안지랑 곱창골목,562.0,1000,True
PL032822,산격2차청구맨션,CITYTOUR-0008,경북대학교 가로수길(백양로),675.5,1000,True
PL032933,대우로얄하이츠,CITYTOUR-0141,수성아트피아,983.3,1000,True
PL032940,상인장미3단지아파트,,,,1000,False
PL032967,대구율하숲아파트,CITYTOUR-0097,롯데 아울렛 대구 율하점,446.5,1000,True
PL032968,만촌 신동아 파밀리에,CITYTOUR-0101,망우당공원,310.8,1000,True
PL032994,영남네오빌 아트,CITYTOUR-0105,문화예술거리 이태원길,206.8,1000,True
PL033031,침산동현대아파트,CITYTOUR-0070,대구오페라하우스,785.4,1000,True
PL033036,더샵 프리미엘,CITYTOUR-0070,대구오페라하우스,688.5,1000,True
PL033044,수성범물인앤인아파트,,,,1000,False
PL033046,빌리브 스카이 주상복합,CITYTOUR-0054,대구기업명품관,746.4,1000,True
PL033063,시지효성백년가약1단지,,,,1000,False
PL033064,월배역디엘라온프라이빗,CITYTOUR-0175,온천엘리바덴,919.5,1000,True
PL033150,효성타운,CITYTOUR-0016,고산골 공룡공원,918.6,1000,True
PL033193,범어역우방유쉘,CITYTOUR-0108,박물관 휴르,806.6,1000,True
PL033196,동대구삼환나우빌,,,,1000,False
PL033288,성광우방타운,CITYTOUR-0070,대구오페라하우스,126.5,1000,True
PL033295,청구그린맨션1차아파트,,,,1000,False
PL033358,성서주공2단지아파트,CITYTOUR-0012,계명대학교 행소 박물관,735.5,1000,True
PL033403,한빛마을,,,,1000,False
PL033437,성서대백창신한라맨션,,,,1000,False
PL033482,범물청구아파트,,,,1000,False
PL033548,효성타운2차아파트,CITYTOUR-0016,고산골 공룡공원,632.6,1000,True
PL033570,성서2차보성타운,,,,1000,False
PL033571,범어역 아이위시,,,,1000,False
PL033627,대구도남 엘에이치 1단지,,,,1000,False
PL033630,범어서한포레스트 (오피스텔),CITYTOUR-0108,박물관 휴르,755.0,1000,True
PL033755,다사역 삼정그린코아 더베스트,,,,1000,False
PL100067,복현자이,CITYTOUR-0008,경북대학교 가로수길(백양로),992.2,1000,True
PW000092,옥포세광무지개마을-105동,,,,1000,False
PW000093,옥포세광무지개마을-106동,,,,1000,False
PW000094,용산우방미진태왕타운 P1,CITYTOUR-0054,대구기업명품관,773.6,1000,True
PW000095,용산우방미진태왕타운 P2,CITYTOUR-0054,대구기업명품관,773.5,1000,True
PW000096,용산우방미진태왕타운 P3,CITYTOUR-0054,대구기업명품관,773.5,1000,True
PW000097,용산우방미진태왕타운 P4,CITYTOUR-0054,대구기업명품관,773.5,1000,True
PW000101,더리치모텔,CITYTOUR-0097,롯데 아울렛 대구 율하점,869.9,1000,True
PW000102,호텔 맥심,CITYTOUR-0108,박물관 휴르,679.3,1000,True
PW000112,태전우방타운-101동,,,,1000,False
PW000113,태전우방타운-103동,,,,1000,False
PW000121,성당동두산위브,,,,1000,False
PW000224,삼정브리티시용산상가관리단,CITYTOUR-0054,대구기업명품관,380.3,1000,True
PW000243,범어청구하이츠-109동,CITYTOUR-0166,에스투뷰텍 라운지,640.5,1000,True
PW000244,범어청구하이츠-110동,CITYTOUR-0166,에스투뷰텍 라운지,597.1,1000,True
PW000259,진흥더블파크-102동,,,,1000,False
PW000260,진흥더블파크-103동,,,,1000,False
PW000261,진흥더블파크-105동,,,,1000,False
PW000262,진흥더블파크-106동,,,,1000,False
PW000277,극동스타클래스남산,CITYTOUR-0202,자동차 부속상 거리,319.2,1000,True
PW000288,팔공보성타운,CITYTOUR-0148,신숭겸 장군 유적지,338.9,1000,True
PW000289,팔공보성타운 B4,CITYTOUR-0148,신숭겸 장군 유적지,338.9,1000,True
PW000290,팔공보성타운 B5,CITYTOUR-0148,신숭겸 장군 유적지,338.5,1000,True
PW000292,온수장,CITYTOUR-0067,대구신세계백화점,455.4,1000,True
PW000293,아인스,CITYTOUR-0108,박물관 휴르,636.9,1000,True
PW000295,오투,CITYTOUR-0226,한국섬유개발연구원,744.5,1000,True
PW000296,스타모텔,CITYTOUR-0195,이천동 고미술거리,800.0,1000,True
PW000305,워싱턴모텔,,,,1000,False
PW000306,동대구써비스,CITYTOUR-0151,아양기찻길,736.9,1000,True
PW000307,신현대1급정비공장,,,,1000,False
PW000335,칠곡대백맨션-107동,CITYTOUR-0165,어울아트센터,568.6,1000,True
PW000336,칠곡대백맨션-108동,CITYTOUR-0165,어울아트센터,494.4,1000,True
PW000338,"삼성-1,2,4동",,,,1000,False
PW000339,"삼성-3,5동",,,,1000,False
PW000340,삼성-6동,,,,1000,False
PW000341,삼성-7동,,,,1000,False
PW000459,침산1차푸르지오1단지-103동지하2층,CITYTOUR-0070,대구오페라하우스,480.7,1000,True
PW000460,"침산1차푸르지오1단지-105,106동지하2층",CITYTOUR-0070,대구오페라하우스,480.7,1000,True
PW000461,침산1차푸르지오1단지-오피스텔동 지하2층,CITYTOUR-0070,대구오페라하우스,480.7,1000,True
PW000462,침산1차푸르지오2단지-203동,CITYTOUR-0070,대구오페라하우스,521.0,1000,True
PW000463,침산1차푸르지오2단지-205동,CITYTOUR-0070,대구오페라하우스,521.0,1000,True
PW000555,복현보성타운-107동,CITYTOUR-0220,패션디자인개발지원센터,567.2,1000,True
PW000556,복현보성타운-108동,CITYTOUR-0220,패션디자인개발지원센터,519.7,1000,True
PW000557,침산태왕리더스,CITYTOUR-0070,대구오페라하우스,968.9,1000,True
PW000576,북부정비검사소,CITYTOUR-0073,대구종합유통단지,800.3,1000,True
PW000584,신매역우방유쉘,,,,1000,False
PW000621,태왕아너스리버파크,CITYTOUR-0151,아양기찻길,402.8,1000,True
PW000623,대봉태왕아너스,CITYTOUR-0033,김광석 다시 그리기 길,308.2,1000,True
PW000787,보성종합정비,CITYTOUR-0196,이현공원,559.6,1000,True
PW000788,갑오자동차정비공장,CITYTOUR-0167,에코테마파크 대구 숲(휴업중),389.5,1000,True
PW000789,수성정비센터,,,,1000,False
PW000790,자동차시대정비공장,CITYTOUR-0049,대구공항 면세점,612.7,1000,True
PW000805,영조아름다운나날3단지-315,,,,1000,False
PW000806,영조아름다운나날3단지-316,,,,1000,False
PW000807,영조아름다운나날3단지-317,,,,1000,False
PW000808,영조아름다운나날3단지-318,,,,1000,False
PW000809,유니버시아드선수촌1단지-101동,,,,1000,False
PW000810,유니버시아드선수촌1단지-102동,,,,1000,False
PW000811,유니버시아드선수촌1단지-103동,,,,1000,False
PW000812,유니버시아드선수촌1단지-104동,,,,1000,False
PW000813,유니버시아드선수촌1단지-107동,,,,1000,False
PW000814,시지보성서한타운-301동,,,,1000,False
PW000815,시지보성서한타운-302동,,,,1000,False
PW000864,대실역리슈빌3단지,,,,1000,False
PW000916,서재2차보성타운-211동,,,,1000,False
PW001000,서재2차보성타운-213동,,,,1000,False
PW001010,서재2차보성타운-214동,,,,1000,False
PW001123,대우트럼프월드수성,CITYTOUR-0094,들안길 먹거리타운,712.7,1000,True
PW001124,대우트럼프월드수성 A,CITYTOUR-0094,들안길 먹거리타운,712.7,1000,True
PW001179,늘푸른교회,CITYTOUR-0175,온천엘리바덴,374.6,1000,True
PW001186,우진택시,CITYTOUR-0181,와룡산 상리봉 전망대,421.9,1000,True
PW001195,대구혁신LH4단지-401동,,,,1000,False
PW001196,대구혁신LH4단지-402동,,,,1000,False
PW001197,대구혁신LH4단지-405동,,,,1000,False
PW001198,대구혁신LH4단지-406동,,,,1000,False
PW001229,만촌2차우방타운-306동,CITYTOUR-0166,에스투뷰텍 라운지,932.9,1000,True
PW001230,만촌2차우방타운-307동,CITYTOUR-0166,에스투뷰텍 라운지,950.3,1000,True
PW001232,산격대우-114동,CITYTOUR-0220,패션디자인개발지원센터,640.3,1000,True
PW001233,산격대우-115동,CITYTOUR-0220,패션디자인개발지원센터,590.1,1000,True
PW001234,산격대우-116동,CITYTOUR-0220,패션디자인개발지원센터,646.1,1000,True
PW001235,산격대우-117동,CITYTOUR-0220,패션디자인개발지원센터,602.7,1000,True
PW001236,산격대우-118동,CITYTOUR-0220,패션디자인개발지원센터,551.9,1000,True
PW001240,산격대우-119동,CITYTOUR-0135,섬유제품관,580.6,1000,True
PW001241,산격대우-120동,CITYTOUR-0135,섬유제품관,534.7,1000,True
PW001242,산격대우-120동 A,CITYTOUR-0135,섬유제품관,534.7,1000,True
PW001243,산격대우-121동,CITYTOUR-0135,섬유제품관,495.2,1000,True
PW001244,산격대우-122동,CITYTOUR-0220,패션디자인개발지원센터,717.3,1000,True
PW001250,㈜명성정비,,,,1000,False
PW001315,서재2차보성타운-212동,,,,1000,False
PW001341,대구혁신LH 5단지(B-4블록)-1지역,,,,1000,False
PW010023,화원이진캐스빌,,,,1000,False
PW010025,극동스타클래스남산,CITYTOUR-0172,예전소극장,330.1,1000,True
PW010035,대구노원한신더휴-7동 지하1층,,,,1000,False
PW010042,(급속)대구역센트럴자이,CITYTOUR-0069,대구예술발전소,204.8,1000,True
PW010114,안심역코오롱하늘채,,,,1000,False
PW010122,월성코오롱하늘채2단지아파트,CITYTOUR-0175,온천엘리바덴,358.3,1000,True
PW010180,율하 휴먼시아9단지,CITYTOUR-0097,롯데 아울렛 대구 율하점,746.6,1000,True
PW010187,매천센트럴파크,,,,1000,False
PW010211,군위보건소,,,,1000,False
PW010224,성서3차동서타운,,,,1000,False
PW010225,대구테크노폴리스4단지,CITYTOUR-0023,국립대구과학관,899.0,1000,True
PW010236,메트로팔레스2단지,CITYTOUR-0108,박물관 휴르,362.0,1000,True
PW010248,다사E편한세상,,,,1000,False
PW010249,테크노폴리스하나리움퀸즈파크,CITYTOUR-0234,현풍석빙고,912.8,1000,True
PW010299,녹원맨션,CITYTOUR-0141,수성아트피아,313.2,1000,True
PW010450,메트로팔레스1단지,CITYTOUR-0108,박물관 휴르,353.5,1000,True
PW010451,유림노르웨이아침,,,,1000,False
PW010464,안심역우방아이유쉘아파트,,,,1000,False
PW010481,범어화성파크리젠시,CITYTOUR-0108,박물관 휴르,905.0,1000,True
PW010491,이안동대구,,,,1000,False
PW010494,하나교회19,CITYTOUR-0184,월곡역사 박물관,533.2,1000,True
PW010507,용산1차서한화성타운,CITYTOUR-0054,대구기업명품관,545.7,1000,True
PW010509,월성서한이다음,CITYTOUR-0175,온천엘리바덴,463.4,1000,True
PW010511,수성보성타운,CITYTOUR-0129,삼덕동벽화골목,586.5,1000,True
PW010536,매호협화타운,,,,1000,False
PW010597,신암청아람아파트,,,,1000,False
PW010616,영남네오빌,CITYTOUR-0170,영남제일관,693.3,1000,True
PW010622,효성타운관리사무소,,,,1000,False
PW010697,이편한세상대신아파트,CITYTOUR-0202,자동차 부속상 거리,651.3,1000,True
PW010777,대구혁신LH5단지,,,,1000,False
PW010815,남산역화성파크드림,CITYTOUR-0172,예전소극장,213.6,1000,True
PW010849,성서주공6-1,,,,1000,False
PW010851,신매역우방유쉘19,,,,1000,False
PW011012,시지3차서한이다음,,,,1000,False
PW011117,태을빌딩(합자회사태을),CITYTOUR-0105,문화예술거리 이태원길,514.4,1000,True
PW011186,월배2차귀빈타운,,,,1000,False
PW011187,태크노폴리스남해오네뜨2차,CITYTOUR-0023,국립대구과학관,865.3,1000,True
PW011290,진천영남네오빌(민수),CITYTOUR-0184,월곡역사 박물관,585.9,1000,True
PW011340,동우씨엠(주)/대구연경LH천년나무2단지,,,,1000,False
PW011344,신서동롯데캐슬레전드-1,,,,1000,False
PW011345,신서동롯데캐슬레전드-2,,,,1000,False
PW011346,신서동롯데캐슬레전드-3,,,,1000,False
PW011347,신서동롯데캐슬레전드-4,,,,1000,False
PW011348,한양수정상가관리단,CITYTOUR-0165,어울아트센터,457.9,1000,True
PW011353,범물인앤인입주자대표회의,,,,1000,False
PW011490,수목원제일풍경채입주자대표회의-1,,,,1000,False
PW011491,수목원제일풍경채입주자대표회의-2,,,,1000,False
PW011492,수목원제일풍경채입주자대표회의-3,,,,1000,False
PW011493,수목원제일풍경채입주자대표회의-4,,,,1000,False
PW011502,롯데케슬오페라아파트입주자대표회의-1,CITYTOUR-0070,대구오페라하우스,359.6,1000,True
PW011503,롯데케슬오페라아파트입주자대표회의-2,CITYTOUR-0070,대구오페라하우스,359.6,1000,True
PW011504,롯데케슬오페라아파트입주자대표회의-3,CITYTOUR-0070,대구오페라하우스,359.6,1000,True
PW011505,롯데케슬오페라아파트입주자대표회의-4,CITYTOUR-0070,대구오페라하우스,359.6,1000,True
PW011617,테크노폴리스진아리채입주자대표회의-1,CITYTOUR-0023,국립대구과학관,946.2,1000,True
PW011618,테크노폴리스진아리채입주자대표회의-2,CITYTOUR-0023,국립대구과학관,946.2,1000,True
PW011619,테크노폴리스진아리채입주자대표회의-3,CITYTOUR-0023,국립대구과학관,946.2,1000,True
PW011653,동명산업,,,,1000,False
PW011659,두밥식당,,,,1000,False
PW011664,낚시모텔,CITYTOUR-0148,신숭겸 장군 유적지,662.0,1000,True
PW011669,러스터,,,,1000,False
PW011672,달구벌여성인력개발센터,CITYTOUR-0212,코오롱야외음악당,733.6,1000,True
PW011683,범어화산샬례-1,CITYTOUR-0166,에스투뷰텍 라운지,926.7,1000,True
PW011684,범어화산샬례-2,CITYTOUR-0166,에스투뷰텍 라운지,926.7,1000,True
PW011687,몽글몽글구름순두부,CITYTOUR-0080,대한수목원,321.6,1000,True
PW011692,강북오리박사,CITYTOUR-0178,옻골동산,702.6,1000,True
PW011697,이데오피스(주),CITYTOUR-0140,수성못유원지,668.2,1000,True
PW011702,(주)에스제이에프앤씨/산중에봄쭈꾸미,CITYTOUR-0203,자연염색박물관,448.8,1000,True
PW011706,산중식당,CITYTOUR-0219,팔공산케이블카,108.2,1000,True
PW011713,카페블로썸,CITYTOUR-0174,옥연지 송해공원,801.5,1000,True
PW011718,청포도마을,,,,1000,False
PW011724,가창중학교,,,,1000,False
PW011725,교동면옥내당점,CITYTOUR-0194,이월드(E-World),895.2,1000,True
PW011726,밤새우는닭,,,,1000,False
PW011970,고향,CITYTOUR-0066,대구시민안전테마파크,175.0,1000,True
PW011971,김영환,CITYTOUR-0219,팔공산케이블카,123.4,1000,True
PW011973,대구장애인종합복지관,CITYTOUR-0016,고산골 공룡공원,537.9,1000,True
PW012146,피제리아로드,,,,1000,False
PW012148,청풍해물탕,CITYTOUR-0220,패션디자인개발지원센터,308.3,1000,True
PW012149,장수갈비기사식당,,,,1000,False
PW012156,대구혁신LH4단지입주자대표회의-1,,,,1000,False
PW012157,대구혁신LH4단지입주자대표회의-2,,,,1000,False
PW012323,(주)코러,,,,1000,False
PW012333,시골밥상,CITYTOUR-0027,군위 삼존석굴,87.9,1000,True
PW012339,주홍산장식당,,,,1000,False
PW012340,동촌식당,CITYTOUR-0027,군위 삼존석굴,116.7,1000,True
PW012346,화진산장,,,,1000,False
PW012357,파계마루,CITYTOUR-0203,자연염색박물관,680.6,1000,True
PW012361,교동면옥화원점,,,,1000,False
PW012368,팔수식당,CITYTOUR-0147,스파밸리,152.4,1000,True
PW012390,로뎀,,,,1000,False
PW012393,서창숙디어벨리커피숍,CITYTOUR-0080,대한수목원,960.7,1000,True
PW012424,만촌한화꿈에그린관리소,CITYTOUR-0166,에스투뷰텍 라운지,877.7,1000,True
PW012428,칠곡미래타운,CITYTOUR-0165,어울아트센터,989.0,1000,True
PW012431,월성청구타운 입주자대표회의,CITYTOUR-0175,온천엘리바덴,603.5,1000,True
PW012433,파동화성파크뷰 관리사무소,,,,1000,False
PW012441,메트로팔레스3단지 관리사무소,CITYTOUR-0108,박물관 휴르,631.8,1000,True
PW012443,대구신서혁신LH천년나무10단지/청하종합개발㈜,,,,1000,False
PW012448,성서주공5단지아파트입주자대표회의,,,,1000,False
PW012449,혁신도시 서한E스테이아파트/주식회사서한하나뉴스데,,,,1000,False
PW012450,시지푸르지오,,,,1000,False
PW012453,삼도더펜트하우스수성입주자대표회의,CITYTOUR-0107,미즈사키 린따로 묘소,622.3,1000,True
PW012454,수성3가롯데캐슬입주자대표회의,,,,1000,False
PW012455,시지두레타운 입주자대표회의,,,,1000,False
PW012459,하나타운 입주자대표회의,,,,1000,False
PW012460,메트로팔레스5단지입주자대표회의,CITYTOUR-0108,박물관 휴르,605.5,1000,True
PW012464,대구연경천년나무1단지 관리소,,,,1000,False
PW012465,송원맨션 관리사무소,CITYTOUR-0107,미즈사키 린따로 묘소,622.3,1000,True
PW012467,시지대성유니드입주자대표회의,,,,1000,False
PW012478,신서혁신LH13단지관리사무소,,,,1000,False
PW012481,시지한신휴플러스입주자대표회의,,,,1000,False
PW012484,대구혁신LH5단지 입주자대표회의,,,,1000,False
PW012485,이시아폴리스더샵2차,CITYTOUR-0098,롯데몰 이시아폴리스점,663.6,1000,True
PW012489,칠곡2차한라타운,,,,1000,False
PW012491,범어쌍용예가입주자대표회의,,,,1000,False
PW012494,만평역헤리티지입주자대표회의,,,,1000,False
PW012495,테크노폴리스제일풍경채더퍼스트 입주자대표회의,CITYTOUR-0234,현풍석빙고,511.0,1000,True
PW012496,만촌2차우방타운,CITYTOUR-0166,에스투뷰텍 라운지,951.3,1000,True
PW012497,청운맨션입주자대표회의,CITYTOUR-0033,김광석 다시 그리기 길,285.5,1000,True
PW012502,보성상아맨션입주자대표회의,CITYTOUR-0195,이천동 고미술거리,337.2,1000,True
PW012506,세광그린맨션,,,,1000,False
PW012509,수목원풍경그린,,,,1000,False
PW012510,시지대백신화창신맨션,,,,1000,False
PW012607,명곡미래빌3단지입주자대표회의,,,,1000,False
PW012619,성서동서화성타운,,,,1000,False
PW012658,상인장미3단지입주자대표회의,,,,1000,False
PW012841,대구역유림노르웨이숲아파트 입주자대표회의,CITYTOUR-0074,대구콘서트하우스,225.1,1000,True
PW012845,죽곡푸르지오1단지 입주자대표회의,,,,1000,False
PW012853,범어숲화성파크드림S,CITYTOUR-0108,박물관 휴르,512.2,1000,True
PW012854,봉산뜨란채입주자대표회의,CITYTOUR-0115,봉산문화회관,51.2,1000,True
PW012856,대구종합유통단지 전기조명관사업협동조합,CITYTOUR-0135,섬유제품관,58.1,1000,True
PW012929,태왕아너스클럽 입주자대표회의,CITYTOUR-0033,김광석 다시 그리기 길,315.1,1000,True
PW012935,화정골든타운,,,,1000,False
PW012977,송현제림입주자대표회의,,,,1000,False
PW012998,대구신서혁신LH14단지관리사무소,,,,1000,False
PW013000,산격2차청구맨션,CITYTOUR-0008,경북대학교 가로수길(백양로),675.5,1000,True
PW013007,월배2차아이파크,,,,1000,False
PW013036,대원사(민수),,,,1000,False
PW013127,메트로팔레스3단지관리사무소22,CITYTOUR-0108,박물관 휴르,631.8,1000,True
PW013146,각산푸르지오1단지입주자대표회의22,,,,1000,False
PW013147,사월화성파크드림1단지 입주자대표회의,,,,1000,False
PW013148,대구월배2차IPARK,,,,1000,False
PW013150,하나타운입주자대표회의22,,,,1000,False
PW013152,메트로팔레스2단지 입주자대표회의,CITYTOUR-0108,박물관 휴르,361.8,1000,True
PW013155,극동스타클래스남산 입주자대표회의,CITYTOUR-0172,예전소극장,329.9,1000,True
PW013157,삼정그린빌입주자대표회의,CITYTOUR-0212,코오롱야외음악당,287.2,1000,True
PW013158,두산위브더제니스입주자대표회의(대구),CITYTOUR-0108,박물관 휴르,710.6,1000,True
PW013163,침산한라스카이빌 입주자대표회의,CITYTOUR-0070,대구오페라하우스,279.0,1000,True
PW013164,혁신도시서한E스테이아파트,,,,1000,False
PW013165,진천대동맨션 입주자대표회의,CITYTOUR-0063,대구수목원,895.0,1000,True
PW013167,이(E)편한세상 대구금호아파트 입주자대표회의,,,,1000,False
PW013168,대구위브더제니스상가관리사무소,CITYTOUR-0108,박물관 휴르,710.6,1000,True
PW013174,신서화성파크드림 입주자대표회의,,,,1000,False
PW013178,월촌화성타운입주자대표회의22,CITYTOUR-0184,월곡역사 박물관,266.4,1000,True
PW013179,시지반도유보라아파트입주자대표회의,,,,1000,False
PW013180,상록아이투빌아파트,,,,1000,False
PW013181,두산위브2001 입주자 대표회의,,,,1000,False
PW013184,대구연경LH천년나무2단지,,,,1000,False
PW013201,범어청구하이츠,CITYTOUR-0166,에스투뷰텍 라운지,643.1,1000,True
PW013213,대구테크노폴리스 호반베르디움 입주자대표회의,CITYTOUR-0023,국립대구과학관,896.7,1000,True
PW013214,성서주공7단지입주자대표회의,,,,1000,False
PW013216,율하휴먼시아8단지아파트 입주자대표회의,CITYTOUR-0097,롯데 아울렛 대구 율하점,613.8,1000,True
PW013217,진흥더블파크입주자대표회의(대구),,,,1000,False
PW013218,수성대백인터빌아파트 관리사무소,CITYTOUR-0033,김광석 다시 그리기 길,712.2,1000,True
PW013219,복현명문세가1단지 관리사무소,,,,1000,False
PW013220,복현명문세가2단지관리사무소,,,,1000,False
PW013221,월성E편한세상입주자대표회의,CITYTOUR-0175,온천엘리바덴,301.0,1000,True
PW013224,장원맨션아파트(SP),CITYTOUR-0025,국립대구박물관,694.6,1000,True
PW013296,대곡강산타운입주자대표회의,,,,1000,False
PW013298,주공나래마을입주자대표회의,,,,1000,False
PW013300,대곡역래미안 입주자대표회의,,,,1000,False
PW013303,성서주공5단지아파트입주자대표회의22,,,,1000,False
PW013304,팔공3차보성타운입주자대표회의,CITYTOUR-0148,신숭겸 장군 유적지,497.2,1000,True
PW013312,우방송현하이츠관리사무소,CITYTOUR-0184,월곡역사 박물관,687.7,1000,True
PW013317,동대구우방아이유쉘 입주자대표회의,,,,1000,False
PW013344,용산롯데캐슬그랜드 입주자대표회의,CITYTOUR-0054,대구기업명품관,328.4,1000,True
PW013354,청남타운 입주자대표회의,CITYTOUR-0012,계명대학교 행소 박물관,968.9,1000,True
PW013355,성서삼성한국형아파트입주자대표회의,,,,1000,False
PW013381,대구금호스타힐스엔에이치에프6단지 관리사무소,,,,1000,False
PW013384,수성대림E편한세상 입주자대표회의,CITYTOUR-0129,삼덕동벽화골목,539.9,1000,True
PW013454,침산1차푸르지오22,CITYTOUR-0070,대구오페라하우스,537.7,1000,True
PW013458,가람마을2단지 입주자대표회의,,,,1000,False
PW013508,지산협화맨션입주자대표회의,,,,1000,False
PW013516,안심역코오롱하늘채 입주자대표회의,,,,1000,False
PW013517,율하뜨란채관리사무소,CITYTOUR-0097,롯데 아울렛 대구 율하점,684.3,1000,True
PW013525,수성하이츠 입주자대표회의,CITYTOUR-0129,삼덕동벽화골목,559.0,1000,True
PW013527,매천센트럴파크입주자대표회의,,,,1000,False
PW013530,명곡미래빌4단지입주자대표회의,,,,1000,False
PW013546,대봉화성파크드림,CITYTOUR-0195,이천동 고미술거리,228.1,1000,True
PW013551,조광페인트-대구영업소(민수),,,,1000,False
PW013555,동백맨션입주자대표회의,,,,1000,False
PW013558,진달래1차아파트입주자대표회,CITYTOUR-0226,한국섬유개발연구원,552.8,1000,True
PW013567,복현푸르지오 입주자대표회의,CITYTOUR-0151,아양기찻길,983.4,1000,True
PW013572,시지푸르지오22,,,,1000,False
PW013575,효성타운관리사무소22,,,,1000,False
PW013577,한국보훈복지의료공단대구보훈병원,CITYTOUR-0185,월광수변공원,520.4,1000,True
PW013585,대현E-편한세상관리사무소,CITYTOUR-0056,대구무형유산전수교육관,598.6,1000,True
PW013587,대구연경천년나무1단지 관리소22,,,,1000,False
PW013588,이시아폴리스 더샵2차,CITYTOUR-0098,롯데몰 이시아폴리스점,663.6,1000,True
PW013617,파동청구하이츠입주자대표회의,,,,1000,False
PW013618,대구혁신에듀포레아파트 입주자대표회의,,,,1000,False
PW013624,팔공보성1차 입주자대표회의,CITYTOUR-0148,신숭겸 장군 유적지,338.4,1000,True
PW013625,본리2차 롯데캐슬관리사무소,,,,1000,False
PW013626,본리롯데캐슬입주자대표회의,,,,1000,False
PW013628,성서2차보성타운관리사무소,,,,1000,False
PW013629,수성골드클래스입주자대표회의,CITYTOUR-0094,들안길 먹거리타운,571.7,1000,True
PW013637,메트로팔레스5단지입주자대표회의22,CITYTOUR-0108,박물관 휴르,605.5,1000,True
PW013644,율하휴먼시아15단지,CITYTOUR-0097,롯데 아울렛 대구 율하점,449.0,1000,True
PW013676,율하휴먼시아5관리사무소,CITYTOUR-0097,롯데 아울렛 대구 율하점,518.7,1000,True
PW013683,태왕아너스타워관리단,CITYTOUR-0004,DTC섬유박물관,151.6,1000,True
PW013686,율하휴먼시아7단지,CITYTOUR-0097,롯데 아울렛 대구 율하점,486.0,1000,True
PW013688,이시아폴리스협성휴포레오피스텔,CITYTOUR-0098,롯데몰 이시아폴리스점,358.7,1000,True
PW013752,시지누리타운,,,,1000,False
PW013789,진천역AK그랑폴리스2차,,,,1000,False
PW013829,대우트럼프월드수성입주자대표회의,CITYTOUR-0094,들안길 먹거리타운,727.5,1000,True
PW013901,대구금호스타힐스엔에이치에프6단지 관리사무소(SP),,,,1000,False
PW013969,아양아트센터,CITYTOUR-0152,아양아트센터,82.4,1000,True
PW013970,아양아트센터 안심도서관(SP),,,,1000,False
PW014040,수성아이파크입주자대표회의,,,,1000,False
PW014078,칠곡청구타운,,,,1000,False
PW014098,범어유림노르웨이숲2차입주자대표회의(SP),,,,1000,False
PW014158,범어화성파크리젠시입주자대표회의,CITYTOUR-0108,박물관 휴르,905.1,1000,True
PW014161,한국보훈복지의료공단대구보훈병원23,CITYTOUR-0185,월광수변공원,520.4,1000,True
PW014165,다사E편한세상입주자대표회의,,,,1000,False
PW014177,대곡역래미안 입주자대표회의23,,,,1000,False
PW014179,복현보성타운,CITYTOUR-0220,패션디자인개발지원센터,543.1,1000,True
PW014186,이시아폴리스더샵3차,CITYTOUR-0098,롯데몰 이시아폴리스점,341.0,1000,True
PW014194,대우트럼프월드수성 입주자대표회의23,CITYTOUR-0094,들안길 먹거리타운,727.5,1000,True
PW014203,우리모터스(SP),,,,1000,False
PW014204,명성푸르지오 아파트 입주자대표회의,CITYTOUR-0070,대구오페라하우스,632.5,1000,True
PW014224,아세아택시(SP),CITYTOUR-0051,대구교육대학교 교육박물관,618.1,1000,True
PW014238,주식회사 우성택시(SP),CITYTOUR-0226,한국섬유개발연구원,514.7,1000,True
PW014263,한국건설생활환경시험연구원 대구경북센터(SP),,,,1000,False
PW014268,서희스타힐스테이 관리사무소,,,,1000,False
PW014280,메가시티 태왕아너스 오피스텔 관리위원회,,,,1000,False
PW014287,월성E편한세상입주자대표회의(SP),CITYTOUR-0175,온천엘리바덴,301.0,1000,True
PW014291,세광그린맨션23,,,,1000,False
PW014294,월성E편한세상입주자대표회의23,CITYTOUR-0175,온천엘리바덴,301.0,1000,True
PW014311,유성푸르나임르노블입주자대표회의,,,,1000,False
PW014349,대구위브더제니스상가관리사무소23,CITYTOUR-0108,박물관 휴르,710.6,1000,True
PW014366,대한예수교장로회대구제일교회,CITYTOUR-0002,3.1만세운동길,79.3,1000,True
PW014386,학교법인 계명대학교(성서캠퍼스),CITYTOUR-0012,계명대학교 행소 박물관,526.4,1000,True
PW014432,학교법인 계명대학교(대명캠퍼스),CITYTOUR-0172,예전소극장,223.3,1000,True
PW014434,주식회사 노비아갈라,CITYTOUR-0032,금호강 자연생태공원,367.5,1000,True
PW014437,학교법인 계명대학교(달성캠퍼스),CITYTOUR-0023,국립대구과학관,419.2,1000,True
PW014459,명곡미래빌4단지입주자대표회의23,,,,1000,False
PW014472,신암청아람아파트 입주자대표회의,,,,1000,False
PW014511,한국은행대구경북본부(SP),CITYTOUR-0026,국채보상운동기념공원,220.2,1000,True
PW014536,태왕아너스스카이 입주자대표회의,CITYTOUR-0133,서문시장,405.4,1000,True
PW014547,팔공2차보성타운,CITYTOUR-0148,신숭겸 장군 유적지,216.1,1000,True
PW014556,대곡강산타운(SP),,,,1000,False
PW014568,안심역우방아이유쉘아파트 관리사무소,,,,1000,False
PW014572,대곡주공9단지아람입주자대표23,,,,1000,False
PW014573,월성서한이다음입주자대표회의,CITYTOUR-0175,온천엘리바덴,463.3,1000,True
PW014578,상리정비현대서비스주식회사(SP),,,,1000,False
PW014580,대구월배2차IPARK23,,,,1000,False
PW014581,대구월배2차IPARK(SP),,,,1000,False
PW014590,칠곡한신아파트 입주자대표회의,CITYTOUR-0165,어울아트센터,430.4,1000,True
PW014624,화원이진캐스빌 입주자대표회의,,,,1000,False
PW014647,천내보성타운관리소(SP),,,,1000,False
PW014650,동성로하우스디어반 관리사무소,CITYTOUR-0087,동성로,83.5,1000,True
PW014666,이안센트럴D 입주자대표회의,CITYTOUR-0067,대구신세계백화점,978.9,1000,True
PW014669,삼정그린빌입주자대표회의23,CITYTOUR-0212,코오롱야외음악당,288.2,1000,True
PW014688,이안센트럴D 입주자대표회의(SP),CITYTOUR-0067,대구신세계백화점,978.9,1000,True
PW014759,월드마크웨스트엔드입주자대표회의,CITYTOUR-0054,대구기업명품관,597.6,1000,True
PW014834,안심역삼정그린코아더베스트입주자대표회의,CITYTOUR-0208,첨단의료복합단지,895.8,1000,True
PW014855,신서청구타운(SP),,,,1000,False
PW014856,금강진우타운(SP),,,,1000,False
PW014857,대구동호상록아파트/공무원연금공단(SP),,,,1000,False
PW014859,롬바드아파트관리사무소(SP),CITYTOUR-0033,김광석 다시 그리기 길,925.6,1000,True
PW014869,학교법인 계명대학교(동행빌딩),,,,1000,False
PW014874,옥포세광무지개마을,,,,1000,False
PW014882,강창태성그린시티입주자대표회의,,,,1000,False
PW014914,보성청록아파트(SP),CITYTOUR-0159,앞산전망대,441.3,1000,True
PW014929,성서주공7단지(SP),,,,1000,False
PW014946,시지대백 신화창신맨션23,,,,1000,False
PW014973,봄모텔(SP),CITYTOUR-0097,롯데 아울렛 대구 율하점,863.5,1000,True
PW015039,강북컨벤션웨딩(SP),,,,1000,False
PW015040,주식회사 뉴대구스포츠센터(SP),CITYTOUR-0194,이월드(E-World),863.3,1000,True
PW015041,(주)달구벌종합수산축산(웨딩비엔나)(SP),CITYTOUR-0128,삼덕동 벽화마을,707.1,1000,True
PW015042,주식회사 초이스골프(SP),,,,1000,False
PW015051,대구역 SD아이프라임/(주)목성엔지니어링(SP),CITYTOUR-0227,한국영상 박물관,467.9,1000,True
PW015054,만촌역서한포레스트관리위원회,CITYTOUR-0103,모명재,373.7,1000,True
PW015055,만촌역서한포레스트관리위원회(SP),CITYTOUR-0103,모명재,373.7,1000,True
PW015062,테크노폴리스 남해오네뜨2차 관리사무소,CITYTOUR-0023,국립대구과학관,865.5,1000,True
PW015079,보성청록아파트 입주자대표회의,CITYTOUR-0159,앞산전망대,441.3,1000,True
PW015080,세광그린관리사무소,CITYTOUR-0156,앞산 카페거리,955.2,1000,True
PW015094,신서청구타운입주자대표회의,,,,1000,False
PW015099,대구역센트럴자이(SP),CITYTOUR-0069,대구예술발전소,215.9,1000,True
PW015100,히스토리(SP),CITYTOUR-0128,삼덕동 벽화마을,865.4,1000,True
PW015101,대곡역화성타운(SP),CITYTOUR-0193,이상화묘,915.1,1000,True
PW015121,연경금성백조예미지숲속의아침 입주자대표회의(SP),,,,1000,False
PW015127,우방송현하이츠관리사무소23,CITYTOUR-0184,월곡역사 박물관,687.7,1000,True
PW015130,수성대림E편한세상 입주자대표회의(SP),CITYTOUR-0129,삼덕동벽화골목,539.9,1000,True
PW015136,월배삼정그린코아포레스트입주자대표회의(SP),,,,1000,False
PW015139,대한예수교장로회반야월교회(SP),,,,1000,False
PW015140,교동면옥방촌점(SP),,,,1000,False
PW015154,향나루자연오리농원식당(SP),CITYTOUR-0055,대구도동 측백나무숲,319.2,1000,True
PW015173,원더풀스파랜드 관리위원회,CITYTOUR-0175,온천엘리바덴,144.5,1000,True
PW015176,인사동고깃집(SP),,,,1000,False
PW015189,대구테크노폴리스 4단지 관리사무소,CITYTOUR-0023,국립대구과학관,899.0,1000,True
PW015255,강변타운관리사무소,CITYTOUR-0033,김광석 다시 그리기 길,516.3,1000,True
PW015257,연경금성백조예미지숲속의아침 입주자대표회의(SP)(급속),,,,1000,False
PW015300,이시아폴리스더샵3차24,CITYTOUR-0098,롯데몰 이시아폴리스점,341.0,1000,True
PW015303,수성아이파크입주자대표회의24,,,,1000,False
PW015305,삼우청솔타운입주자대표회의24,CITYTOUR-0193,이상화묘,967.2,1000,True
PW015310,이안월배아파트 입주자대표회의,CITYTOUR-0175,온천엘리바덴,752.1,1000,True
PW015317,월배삼정그린코아포레스트입주자대표회의24,,,,1000,False
PW015347,이시아폴리스더샵3차24(추가),CITYTOUR-0098,롯데몰 이시아폴리스점,341.0,1000,True
PW015361,연화정삼계탕(SP),,,,1000,False
PW015363,다인로얄팰리스 동성로 준공추진위원회(민수),CITYTOUR-0053,대구근대역사관,291.9,1000,True
PW015439,비비라운지(SP),CITYTOUR-0148,신숭겸 장군 유적지,420.0,1000,True
PW100062,진흥더블파크아파트,,,,1000,False
PW100063,칠곡대백맨션,CITYTOUR-0165,어울아트센터,510.3,1000,True
PW100068,대봉태왕아너스아파트,CITYTOUR-0033,김광석 다시 그리기 길,245.6,1000,True
PW100359,범어SKVIEW아파트1단지,,,,1000,False
PW100360,범어SKVIEW아파트2단지,,,,1000,False
PW100434,수목원서한이다음,CITYTOUR-0063,대구수목원,984.3,1000,True
PW100435,월배2차아이파크,,,,1000,False
PW100456,신화빌라트,,,,1000,False
PW100461,대구오페라트루엘시민의숲아파트,CITYTOUR-0070,대구오페라하우스,748.4,1000,True
PW100466,칠성동삼성아파트,CITYTOUR-0070,대구오페라하우스,241.3,1000,True
PW100473,월성청구타운 입주자대표회의,CITYTOUR-0175,온천엘리바덴,603.5,1000,True
PW100498,강변효성백년가약,,,,1000,False
PW100501,시지보성서한타운,,,,1000,False
PW100535,태왕그린힐즈,CITYTOUR-0148,신숭겸 장군 유적지,213.3,1000,True
PW100537,하나리움퀸즈파크,CITYTOUR-0234,현풍석빙고,912.8,1000,True
PW100553,대구역유림노르웨이숲아파트,CITYTOUR-0074,대구콘서트하우스,225.1,1000,True
PW100567,죽곡푸르지오1단지,,,,1000,False
PW100573,이시아폴리스더샵2차,CITYTOUR-0098,롯데몰 이시아폴리스점,663.6,1000,True
PW100601,대구테크노폴리스4단지,CITYTOUR-0023,국립대구과학관,899.0,1000,True
PW100630,진천트윈팰리스아파트,,,,1000,False
PW100670,대구테크노폴리스남해오네뜨1차아파트,CITYTOUR-0234,현풍석빙고,391.8,1000,True
PW100671,수성3가롯데캐슬입주자대표회의,,,,1000,False
PW100686,안심역우방아이유쉘아파트,,,,1000,False
PW100687,힐스테이트 범어 입주자대표회의,,,,1000,False
PW100688,이시아폴리스 더샵1차 입주자대표회의,CITYTOUR-0098,롯데몰 이시아폴리스점,478.1,1000,True
PW100693,강북2차화성파크드림와이드,,,,1000,False
PW100715,더샵리비테르1차아파트,CITYTOUR-0195,이천동 고미술거리,365.5,1000,True
PW100716,더샵리비테르2차아파트,CITYTOUR-0195,이천동 고미술거리,365.5,1000,True
PW100724,수성서한이다음,CITYTOUR-0033,김광석 다시 그리기 길,676.0,1000,True
PW100734,성서2차영남우방타운,,,,1000,False
PW100764,월드마크웨스트엔드,CITYTOUR-0054,대구기업명품관,597.6,1000,True
PW100770,평리푸르지오1단지,,,,1000,False
PW100771,평리푸르지오2단지,,,,1000,False
PW100772,평리푸르지오3단지,,,,1000,False
PW100792,대구옥포르상트레빌,,,,1000,False
PW100805,신매효성백년가약청(입주자대표회의),,,,1000,False
PW100815,대구금호스타힐스NHF6단지,,,,1000,False
PW100818,대구죽곡휴먼시아1단지,,,,1000,False
PW100831,대구신천아이파크,CITYTOUR-0108,박물관 휴르,598.5,1000,True
PW100836,칠곡롯데아파트입주자대표회의,CITYTOUR-0165,어울아트센터,411.9,1000,True
PW100867,시지대백신화창신맨션,,,,1000,False
PW100872,테크노폴리스진아리채,CITYTOUR-0023,국립대구과학관,946.2,1000,True
PW100881,달성우신미가뷰,,,,1000,False
PW100902,율하휴먼시아11단지,CITYTOUR-0097,롯데 아울렛 대구 율하점,792.9,1000,True
PW100965,태전대백맨션,CITYTOUR-0165,어울아트센터,632.4,1000,True
PW100974,사월화성파크드림2단지,,,,1000,False
PW100976,월성코오롱하늘채2단지아파트,CITYTOUR-0175,온천엘리바덴,364.1,1000,True
PW100986,월배역라온프라이빗,CITYTOUR-0175,온천엘리바덴,871.2,1000,True
PW101126,유림노르웨이아침아파트,,,,1000,False
PW101152,수성아이파크,,,,1000,False
PW800017,한양은하아파트 입주자대표회의(SP),CITYTOUR-0184,월곡역사 박물관,862.4,1000,True
PW800040,만촌화성파크드림1(SP),CITYTOUR-0103,모명재,622.8,1000,True
PW800062,시지푸르지오24,,,,1000,False
PW800081,침산한라스카이빌입주자대표회의24,CITYTOUR-0070,대구오페라하우스,279.0,1000,True
PW800112,범어화산샬레(SP),CITYTOUR-0166,에스투뷰텍 라운지,927.6,1000,True
PW800152,수성서한이다음관리사무소,CITYTOUR-0033,김광석 다시 그리기 길,676.0,1000,True
PW800153,시지누리타운24,,,,1000,False
PW800156,가든하이츠2단지,CITYTOUR-0025,국립대구박물관,544.1,1000,True
PW800163,서재2차보성타운입주자대표회의,,,,1000,False
PW800185,월성서한이다음입주자대표회의24,CITYTOUR-0175,온천엘리바덴,463.3,1000,True
PW800194,수성보성타운입주자대표회의,CITYTOUR-0129,삼덕동벽화골목,587.9,1000,True
PW800199,시지효성백년가약2단지24,,,,1000,False
PW800210,칠곡대백맨션24,CITYTOUR-0165,어울아트센터,510.3,1000,True
PW800222,태왕아너스리버파크입주자대표회의,CITYTOUR-0151,아양기찻길,343.8,1000,True
PW800242,테크노폴리스 화성파크드림 입주자대표회의,CITYTOUR-0234,현풍석빙고,913.7,1000,True
PW800286,동대구우방아이유쉘 입주자대표회의24,,,,1000,False
PW800287,태왕그린힐즈관리사무소,CITYTOUR-0148,신숭겸 장군 유적지,213.3,1000,True
PW800290,센트로팰리스입주자대표회의,CITYTOUR-0230,한방 화장품 만들기 체험,346.9,1000,True
PW800330,복현 건영아파트 입주자대표회의,CITYTOUR-0220,패션디자인개발지원센터,835.3,1000,True
PW800400,세광그린맨션24,,,,1000,False
PW800403,팔공2차보성타운24,CITYTOUR-0148,신숭겸 장군 유적지,216.1,1000,True
PW800405,태왕아너스스카이 입주자대표회의24,CITYTOUR-0133,서문시장,405.4,1000,True
PW800427,대우트럼프월드수성 입주자대표회의24,CITYTOUR-0094,들안길 먹거리타운,727.5,1000,True
PW800480,대구동호상록아파트24,,,,1000,False
PW800555,대구역노르웨이숲아파트 입주자대표회의24,CITYTOUR-0074,대구콘서트하우스,220.2,1000,True
PW800558,이시아폴리스더샵4차 입주자대표회의,CITYTOUR-0098,롯데몰 이시아폴리스점,608.2,1000,True
PW800572,대덕맨션2차대표회의,CITYTOUR-0157,앞산 케이블카,523.8,1000,True
PW800585,칠곡롯데아파트 입주자 대표회의24,CITYTOUR-0165,어울아트센터,411.9,1000,True
PW800598,안심역코오롱하늘채 입주자대표회의24,,,,1000,False
PW800610,월배삼정그린코아포레스트입주자대표회의(추가),,,,1000,False
PW800620,시지한신휴플러스 입주자대표회의24,,,,1000,False
PW800640,팔공보성1차 입주자대표회의24,CITYTOUR-0148,신숭겸 장군 유적지,338.4,1000,True
PW800641,본리롯데캐슬입주자대표회의24,,,,1000,False
PW800660,수목원풍경그린24,,,,1000,False
PW800669,동서변월드메르디앙입주자대표회의,,,,1000,False
PW800689,서대구센트럴자이아파트,,,,1000,False
PW800745,칠곡청구타운24,,,,1000,False
PW800746,복현명문세가2단지관리사무소24,,,,1000,False
PW800747,월배역라온프라이빗 입주자대표회의,CITYTOUR-0175,온천엘리바덴,871.2,1000,True
PW800748,월성코오롱하늘채2단지 입주자대표회의,CITYTOUR-0175,온천엘리바덴,364.1,1000,True
PW800749,호반베르디움더클래스 아파트입주자대표회의,,,,1000,False
PW800750,성서주공5단지아파트입주자대표회의24,,,,1000,False
PW800755,칠곡코스모스한양아파트,CITYTOUR-0165,어울아트센터,552.6,1000,True
PW800782,수성태영데시앙 입주자대표회의,,,,1000,False
PW800785,대구국가산단 반도유보라아이비파크30 입주자대표회의(SPT),,,,1000,False
PW800802,칠성동 삼성아파트 입주자대표회의(SP),CITYTOUR-0070,대구오페라하우스,241.3,1000,True
PW800921,수성태영데시앙 입주자대표회의(SP),,,,1000,False
PW800956,롬바드아파트관리사무소24,CITYTOUR-0033,김광석 다시 그리기 길,925.6,1000,True
PW801040,동대구우방아이유쉘입주자대표회의(SP),,,,1000,False
PW801047,이천주공1단지아파트(SP),CITYTOUR-0195,이천동 고미술거리,724.5,1000,True
PW801051,서대구센트럴자이아파트(SP),,,,1000,False
PW801089,신화빌라트 입주자대표회의(T),,,,1000,False
PW801097,월드마크웨스트엔드입주자대표회의25(T),CITYTOUR-0054,대구기업명품관,597.6,1000,True
PW801098,대실역리슈빌3단지입주자대표회의(SPT),,,,1000,False
PW801099,협성휴포레 이시아폴리스 입주자대표회의(T),CITYTOUR-0098,롯데몰 이시아폴리스점,358.7,1000,True
PW801105,이천주공1단지입주자대표회의(T),CITYTOUR-0195,이천동 고미술거리,724.5,1000,True
PW801106,대구국가산단반도유보라아이비파크30입주자대표회의(T),,,,1000,False
PW801141,재단법인대구디지털혁신진흥원(T),CITYTOUR-0067,대구신세계백화점,872.9,1000,True
PW801190,대한예수교장로회 대한제일교회(SP),CITYTOUR-0235,현풍향교,108.4,1000,True
PW801191,동인삼정그린코아 관리사무소(SP),CITYTOUR-0129,삼덕동벽화골목,351.1,1000,True
PW801196,수목원호정포레스트(T),CITYTOUR-0063,대구수목원,950.5,1000,True
PW801215,송현제림입주자대표회의25(T),,,,1000,False
PW801250,유니버시아드레포츠센터(T),,,,1000,False
PW801304,동우씨엠(주)/대구연경LH천년나무2단지25(T),,,,1000,False
PW801353,태전남영네오하이츠 관리사무소(SP),,,,1000,False
PW801429,힐스테이트만촌역 입주자대표회의,CITYTOUR-0103,모명재,663.9,1000,True
PW801539,대구역센트럴자이 입주자대표회의(SPB),CITYTOUR-0069,대구예술발전소,215.9,1000,True
PW801566,더펜트하우스수성입주자대표회의(SPB),CITYTOUR-0107,미즈사키 린따로 묘소,622.7,1000,True
PWE00129,대우트럼프월드수성아파트,CITYTOUR-0094,들안길 먹거리타운,727.4,1000,True
PWE00145,삼덕청아람리슈빌아파트,CITYTOUR-0129,삼덕동벽화골목,285.9,1000,True
PWE00153,대구다사e편한세상아파트,,,,1000,False
PWE00471,시지대성유니드아파트,,,,1000,False
PWE00593,범어역우방유쉘아파트,CITYTOUR-0108,박물관 휴르,806.6,1000,True
PWE00794,월성e편한세상,CITYTOUR-0175,온천엘리바덴,300.5,1000,True
PWE00804,본리롯데캐슬2차아파트,,,,1000,False
PWE00827,본리롯데캐슬1차아파트,,,,1000,False
PWE01064,시지한신휴플러스,,,,1000,False
PWE01193,성서삼성명가타운,,,,1000,False
PWE01234,메트로팔레스5단지,CITYTOUR-0108,박물관 휴르,605.8,1000,True
PWE01250,강북2차화성파크드림와이드,,,,1000,False
PWE01301,이시아폴리스더샵3차아파트,CITYTOUR-0098,롯데몰 이시아폴리스점,343.2,1000,True
PWE01302,수성못코오롱하늘채,CITYTOUR-0107,미즈사키 린따로 묘소,507.1,1000,True
PWE01307,월성협성휴포레아파트,CITYTOUR-0175,온천엘리바덴,353.1,1000,True
PWE01326,복현명문세가2단지,,,,1000,False
PWE01334,율하휴먼시아11단지,CITYTOUR-0097,롯데 아울렛 대구 율하점,805.4,1000,True
PWE01374,대곡강산타운,,,,1000,False
PWE01415,수성대백인터빌아파트,CITYTOUR-0033,김광석 다시 그리기 길,711.7,1000,True
PWE01533,메트로팔레스1단지,CITYTOUR-0108,박물관 휴르,353.4,1000,True
PWE01546,복현명문세가1단지,,,,1000,False
PWE01607,이시아폴리스더샵4차아파트,CITYTOUR-0098,롯데몰 이시아폴리스점,607.7,1000,True
PWE01744,대구테크노폴리스남해오네뜨2차아파트,CITYTOUR-0023,국립대구과학관,864.9,1000,True
PWE01953,산격대우아파트,CITYTOUR-0008,경북대학교 가로수길(백양로),779.8,1000,True
PWE02028,극동스타클래스남산,CITYTOUR-0172,예전소극장,330.2,1000,True
PWE02137,대곡역래미안아파트,,,,1000,False
PWE02149,수성1차이편한세상,CITYTOUR-0129,삼덕동벽화골목,539.6,1000,True
PWE02156,명곡미래빌4단지,,,,1000,False
PWE02170,태왕그린힐즈,CITYTOUR-0148,신숭겸 장군 유적지,212.9,1000,True
PWE02242,센트로팰리스오피스텔,CITYTOUR-0230,한방 화장품 만들기 체험,345.7,1000,True
PWE02243,센트로팰리스아파트,CITYTOUR-0230,한방 화장품 만들기 체험,345.7,1000,True
PWE02386,신서롯데캐슬레전드,,,,1000,False
PWE02391,두산위브더제니스,CITYTOUR-0108,박물관 휴르,710.5,1000,True
PWE02448,평화타운아파트,,,,1000,False
PWE02462,월성코오롱하늘채2단지아파트,CITYTOUR-0175,온천엘리바덴,358.0,1000,True
PWE02546,월드마크웨스트엔드아파트,CITYTOUR-0054,대구기업명품관,597.7,1000,True
PWE02568,동대구반도유보라,,,,1000,False
PWE02670,월성서한이다음,CITYTOUR-0175,온천엘리바덴,463.6,1000,True
PWE02787,시지효성백년가약2단지,,,,1000,False
PWE02855,계명대학교,CITYTOUR-0012,계명대학교 행소 박물관,878.3,1000,True
PWE02875,화원이진캐스빌아파트,,,,1000,False
PWE02920,태전우방타운1차,,,,1000,False
PWE02945,범어월드메르디앙웨스턴카운티아파트,,,,1000,False
PWE02950,유림노르웨이아침아파트,,,,1000,False
PWE02978,진흥더블파크아파트,,,,1000,False
PWE03164,팔공2차보성타운,CITYTOUR-0148,신숭겸 장군 유적지,216.2,1000,True
PWE03322,대봉태왕아너스아파트,CITYTOUR-0033,김광석 다시 그리기 길,243.8,1000,True
PWE03516,매천센트럴파크아파트,,,,1000,False
PWE03650,월배역라온프라이빗,CITYTOUR-0175,온천엘리바덴,871.2,1000,True
PWE03691,월배쌍용예가아파트,,,,1000,False
PWE04113,죽곡삼정그린코아더베스트아파트,,,,1000,False
PWE04136,수목원서한이다음,CITYTOUR-0063,대구수목원,984.5,1000,True
PWE04370,범어화성파크리젠시아파트,CITYTOUR-0108,박물관 휴르,905.0,1000,True
PWE04504,안심역코오롱하늘채,,,,1000,False
PWE04623,시지대백맨션,,,,1000,False
PWE04647,이안동대구아파트,,,,1000,False
PWE04806,테크노폴리스진아리채,CITYTOUR-0023,국립대구과학관,941.9,1000,True
PWE05030,침산한라스카이빌,CITYTOUR-0070,대구오페라하우스,259.2,1000,True
PWE05205,롯데캐슬오페라,CITYTOUR-0070,대구오페라하우스,359.6,1000,True
PWE05213,시지두레타운아파트,,,,1000,False
PWE05262,범어skview아파트2단지,,,,1000,False
PWE05263,범어skview아파트1단지,,,,1000,False
PWE05636,연경금성백조예미지숲속의아침아파트,,,,1000,False
PWE05809,국가산단반도유보라아이비파크20아파트,CITYTOUR-0039,노사평화의 전당,577.2,1000,True
PWE05999,대구혁신도시서한이다음3차아파트,,,,1000,False
PWE06103,시지하나타운아파트,,,,1000,False
PWE06186,대구오페라트루엘시민의숲아파트,CITYTOUR-0070,대구오페라하우스,748.4,1000,True
PWE06216,침산동코오롱하늘채2단지아파트,CITYTOUR-0056,대구무형유산전수교육관,276.2,1000,True
PWE06239,침산현대아파트,CITYTOUR-0070,대구오페라하우스,781.5,1000,True
PWE06240,대구두산위브더제니스상가,CITYTOUR-0108,박물관 휴르,710.6,1000,True
PWE06270,명성푸르지오아파트,CITYTOUR-0070,대구오페라하우스,628.5,1000,True
PWE06354,보성청록타운아파트,CITYTOUR-0159,앞산전망대,441.3,1000,True
PWE06573,시지반도유보라아파트,,,,1000,False
PWE06593,동대구우방아이유쉘아파트,,,,1000,False
PWE06658,대구수성골드클래스아파트,CITYTOUR-0094,들안길 먹거리타운,571.7,1000,True
PWE06751,태전대백맨션,CITYTOUR-0165,어울아트센터,632.4,1000,True
PWE06792,서희스타힐스테이아파트,,,,1000,False
PWE06835,이안센트럴D아파트,CITYTOUR-0067,대구신세계백화점,978.9,1000,True
PWE06930,만촌역서한포레스트아파트,CITYTOUR-0103,모명재,373.7,1000,True
PWE06931,만촌역서한포레스트오피스텔,CITYTOUR-0103,모명재,373.7,1000,True
PWE06932,안심역삼정그린코아더베스트아파트,CITYTOUR-0208,첨단의료복합단지,895.8,1000,True
RE000154,대구 유니클로,,,,1000,False
RE000180,포산고등학교,CITYTOUR-0234,현풍석빙고,748.7,1000,True
RE000181,대구고등학교,CITYTOUR-0051,대구교육대학교 교육박물관,383.0,1000,True
S1100006,동서변월드메르디앙,,,,1000,False
S1100007,태왕아너스월성,CITYTOUR-0175,온천엘리바덴,356.2,1000,True
SBSB0019,대구기계부품연구원점,,,,1000,False
SBSB0029,대구정밀가공기술지원센터점,CITYTOUR-0039,노사평화의 전당,112.7,1000,True
SBSB0054,스마트에코시티점,CITYTOUR-0062,대구삼성라이온즈파크,357.9,1000,True
SF000068,뉴에버빌 (두류동),CITYTOUR-0194,이월드(E-World),525.5,1000,True
SF000126,한국야스카와전기,,,,1000,False
SF000128,범어센트럴푸르지오,,,,1000,False
SF000231,신성미소시티아파트,CITYTOUR-0192,"이상화고택, 서상돈고택",76.8,1000,True
SF000232,금호서희스타힐스테이 아파트,,,,1000,False
SF000234,국가산단서한이다음 아파트,CITYTOUR-0039,노사평화의 전당,563.3,1000,True
SF000235,국가산단 반도유보라 아이비파크,CITYTOUR-0039,노사평화의 전당,484.3,1000,True
SF000238,대구 연경숲 아파트,,,,1000,False
SF000246,수성월드 메르디앙,CITYTOUR-0064,대구스타디움,912.7,1000,True
SF000247,동화로즈빌,CITYTOUR-0054,대구기업명품관,936.4,1000,True
SF000248,우방연합타운,,,,1000,False
SF000279,오페라 트루엘 시민의 숲,CITYTOUR-0070,대구오페라하우스,755.0,1000,True
SF000280,수목원제일풍경채,CITYTOUR-0063,대구수목원,361.9,1000,True
SF000281,이시아 폴리스 더샵 1차 아파트,,,,1000,False
SF000282,용산1차 서한 화성타운,CITYTOUR-0054,대구기업명품관,599.8,1000,True
SF000283,현대 썬앤빌 대구,,,,1000,False
SF000323,옥포 르상트레빌,,,,1000,False
SF000324,대곡 수목원 풍경 그린 아파트,CITYTOUR-0063,대구수목원,361.9,1000,True
SF000325,팔공3차보성타운,CITYTOUR-0148,신숭겸 장군 유적지,497.2,1000,True
SF000326,북죽곡 엠코 타운 더 솔레뉴,,,,1000,False
SF000584,상인보성맨션 지하주차장,CITYTOUR-0184,월곡역사 박물관,360.4,1000,True
SF000609,대구역 서희스타힐스,CITYTOUR-0070,대구오페라하우스,488.5,1000,True
SF000610,두성타운 1차 아파트,,,,1000,False
SF000611,센트럴파크 대현,,,,1000,False
SF000637,대실역리슈빌4단지,,,,1000,False
SF000795,수성아이파크,,,,1000,False
SF000799,제림햇빛촌,CITYTOUR-0151,아양기찻길,445.9,1000,True
SF000844,진천코오롱하늘채,CITYTOUR-0063,대구수목원,746.6,1000,True
SF000848,칠곡건영아파트,,,,1000,False
SF000859,진천태왕아너스1단지,CITYTOUR-0193,이상화묘,950.1,1000,True
SF000871,우방신천지타운,CITYTOUR-0025,국립대구박물관,829.5,1000,True
SF000878,지산영남맨션,CITYTOUR-0141,수성아트피아,700.1,1000,True
SF000895,동서무학맨션,,,,1000,False
SF000921,범물신화멘션,,,,1000,False
SF000926,이천뜨란채4단지,CITYTOUR-0195,이천동 고미술거리,804.7,1000,True
SF000955,범어 삼환 나우빌,,,,1000,False
SF000966,금사리 하이빌아파트,CITYTOUR-0032,금호강 자연생태공원,408.2,1000,True
SF000977,복현우방타운,,,,1000,False
SF000979,칠곡한신1차아파트,CITYTOUR-0165,어울아트센터,430.4,1000,True
SF001002,씨네시티한일,CITYTOUR-0087,동성로,140.0,1000,True
SF001077,신서퀸덤아파트,,,,1000,False
SF001082,청구전원타운,,,,1000,False
SF001094,신용보증기금 (본점),CITYTOUR-0208,첨단의료복합단지,878.4,1000,True
SF001110,e편한세상 남산,CITYTOUR-0084,동무생각 노래비,145.3,1000,True
SF001155,대현 e편한세상,CITYTOUR-0056,대구무형유산전수교육관,598.6,1000,True
SF001284,이천뜨란채3단지,CITYTOUR-0195,이천동 고미술거리,874.5,1000,True
SF001285,달서유림 노르웨이숲,,,,1000,False
SF001849,기아 대구 드라이빙센터,CITYTOUR-0108,박물관 휴르,622.5,1000,True
SF001858,헤센더테라스,CITYTOUR-0094,들안길 먹거리타운,548.9,1000,True
SF002144,보스턴1 (저압수용가),,,,1000,False
SF002213,대구 달성군 현풍읍 현풍중앙로14길 71,CITYTOUR-0234,현풍석빙고,356.1,1000,True
SF002258,신용보증기금 (대구지점),CITYTOUR-0221,패션쥬얼리 체험,241.8,1000,True
SF002260,신용보증기금 (대구 본점) (완속충전기),CITYTOUR-0208,첨단의료복합단지,878.4,1000,True
SF002354,대구수성헤센더테라스 (완속충전기),CITYTOUR-0094,들안길 먹거리타운,548.9,1000,True
SF002410,칠곡코스모스한양아파트,CITYTOUR-0165,어울아트센터,552.6,1000,True
SF002471,대구 달서구 성서공단북로43길 40,,,,1000,False
SF002547,방송통신대학교 대구경북지역 (신관) (완속충전기),CITYTOUR-0012,계명대학교 행소 박물관,516.7,1000,True
SF002583,달서유림 노르웨이숲 (완속충전기),,,,1000,False
SF002605,동화로즈빌 (완속충전기),CITYTOUR-0054,대구기업명품관,920.6,1000,True
SF002637,상인대성스카이렉스,CITYTOUR-0175,온천엘리바덴,956.2,1000,True
SF002638,범어센트럴푸르지오 (오피스텔),,,,1000,False
SF002642,범어화성파크리젠시,CITYTOUR-0108,박물관 휴르,905.1,1000,True
SF002643,노원보성타운,,,,1000,False
SF002645,삼우그린타운,,,,1000,False
SF002646,대구혁신도시 서한 이다음,,,,1000,False
SF002746,범어서한포레스트,CITYTOUR-0108,박물관 휴르,753.4,1000,True
SF002795,만촌우방팔레스 (완속충전기),CITYTOUR-0103,모명재,876.2,1000,True
SF002822,동대구해모로스퀘어웨스트 아파트,CITYTOUR-0151,아양기찻길,912.4,1000,True
SF002913,빌리브범어 (완속충전기),CITYTOUR-0166,에스투뷰텍 라운지,791.0,1000,True
SF002922,범어서한포레스트 (완속충전기),CITYTOUR-0108,박물관 휴르,755.0,1000,True
SF002932,대구역센트럴자이 (완속충전기),CITYTOUR-0069,대구예술발전소,215.9,1000,True
SF002945,호산고등학교 (완속충전기),,,,1000,False
SF002969,한국건강관리협회 대구지부 (완속충전기),CITYTOUR-0108,박물관 휴르,919.2,1000,True
SF003012,대실역리슈빌4단지 (완속충전기),,,,1000,False
SF003044,대구성서산업단지관리공단 환경관리본부 (완속충전기),CITYTOUR-0044,달성습지,938.8,1000,True
SF003055,방촌청구타운 (완속충전기),CITYTOUR-0170,영남제일관,610.6,1000,True
SF003065,경북고등학교 (완속충전기),CITYTOUR-0025,국립대구박물관,98.6,1000,True
SF003075,동서무학맨션 (완속충전기),,,,1000,False
SF003159,성광고등학교 (완속충전기),,,,1000,False
SF003166,아모레퍼시픽 대구지역사업부 (완속충전기),CITYTOUR-0108,박물관 휴르,550.8,1000,True
SF003187,대구과학대학교 (완속충전기),CITYTOUR-0165,어울아트센터,651.7,1000,True
SF003193,테크노폴리스 중흥S클래스포디움 (완속충전기),,,,1000,False
SF003194,테크노폴리스 중흥S클래스포디움,,,,1000,False
SF003198,칠곡경북대학교병원 (완속충전기),,,,1000,False
SF003234,대구과학대학교 생활관 (완속충전기),CITYTOUR-0165,어울아트센터,844.6,1000,True
SF003268,이에스 (완속충전기),CITYTOUR-0083,동구 공예 전시장,630.1,1000,True
SF003317,대구무역회관 (완속충전기),CITYTOUR-0067,대구신세계백화점,772.8,1000,True
SGSOC004,동대구역 부띠크시티 옆 쏘카존,CITYTOUR-0067,대구신세계백화점,533.6,1000,True
SO000081,대구상례원,,,,1000,False
ST271101,허니문모텔,CITYTOUR-0130,삼성상회 옛터,140.9,1000,True
ST271102,히로텔모텔(투숙객 전용),CITYTOUR-0026,국채보상운동기념공원,272.8,1000,True
ST271103,한국장학재단 대구센터,CITYTOUR-0114,봉산문화거리,161.6,1000,True
ST271104,보성황실타운 입주자대표회의-5(입주민 전용),CITYTOUR-0202,자동차 부속상 거리,394.5,1000,True
ST271105,보성황실타운 입주자대표회의-4(입주민 전용),CITYTOUR-0202,자동차 부속상 거리,394.5,1000,True
ST271106,보성황실타운 입주자대표회의-3(입주민 전용),CITYTOUR-0202,자동차 부속상 거리,394.5,1000,True
ST271107,보성황실타운 입주자대표회의-2(입주민 전용),CITYTOUR-0202,자동차 부속상 거리,394.5,1000,True
ST271108,보성황실타운 입주자대표회의-1(입주민 전용),CITYTOUR-0202,자동차 부속상 거리,394.5,1000,True
ST271109,동인시티타운(입주민 전용),CITYTOUR-0221,패션쥬얼리 체험,465.4,1000,True
ST271110,대백프라자,CITYTOUR-0033,김광석 다시 그리기 길,375.8,1000,True
ST271401,이마트 반야월점,,,,1000,False
ST271404,대동택시(운수사 전용),,,,1000,False
ST271405,율하역엘크루 입주자대표회의-1(입주민 전용),CITYTOUR-0097,롯데 아울렛 대구 율하점,497.5,1000,True
ST271406,율하역엘크루 입주자대표회의-2(입주민 전용),CITYTOUR-0097,롯데 아울렛 대구 율하점,497.5,1000,True
ST271407,보성강남타운-1(입주민 전용),,,,1000,False
ST271408,보성강남타운-2(입주민 전용),,,,1000,False
ST271409,e편한세상세계육상선수촌2단지 입주자대표회의(입주민 전용),CITYTOUR-0097,롯데 아울렛 대구 율하점,663.3,1000,True
ST271704,대구달성고등학교,CITYTOUR-0212,코오롱야외음악당,582.3,1000,True
ST271705,비원노인복지관,,,,1000,False
ST271706,칸타빌평리1(입주민전용),CITYTOUR-0226,한국섬유개발연구원,913.0,1000,True
ST271707,칸타빌평리2(입주민전용),CITYTOUR-0226,한국섬유개발연구원,913.0,1000,True
ST271708,이마트 T 비산점,,,,1000,False
ST271709,코레일 서대구역,CITYTOUR-0196,이현공원,945.9,1000,True
ST272303,칠곡동서영남타운 관리사무소-3(입주민 전용),,,,1000,False
ST272304,칠곡동서영남타운 관리사무소-2(입주민 전용),,,,1000,False
ST272305,칠곡동서영남타운 관리사무소-1(입주민 전용),,,,1000,False
ST272306,롯데칠성 남대구지점,,,,1000,False
ST272307,기아 대구강북지점,,,,1000,False
ST272308,대구종합유통단지 전기재료관,CITYTOUR-0135,섬유제품관,92.2,1000,True
ST272309,한국도로공사 대구경북본부,CITYTOUR-0165,어울아트센터,771.2,1000,True
ST272310,이마트 칠성점,CITYTOUR-0070,대구오페라하우스,285.8,1000,True
ST272602,기아 시지지점,,,,1000,False
ST272603,현대자동차 시지지점,,,,1000,False
ST272604,수성동양엘레브 입주자대표회의(입주민 전용),CITYTOUR-0033,김광석 다시 그리기 길,500.0,1000,True
ST272605,현대블루핸즈 남부자동차정비공장(시지현대),,,,1000,False
ST272606,이마트 만촌점,CITYTOUR-0108,박물관 휴르,678.7,1000,True
ST272607,삼성스토어 동대구,CITYTOUR-0094,들안길 먹거리타운,743.9,1000,True
ST272902,기아오토큐 남대구종합서비스,CITYTOUR-0076,대구환경공단,113.3,1000,True
ST272903,대곡삼성래미안2차아파트 입주자대표회의-1(입주민 전용),CITYTOUR-0063,대구수목원,676.3,1000,True
ST272905,대곡삼성래미안2차아파트 입주자대표회의-2(입주민 전용),CITYTOUR-0063,대구수목원,676.3,1000,True
ST272908,대곡우방타운 입주자대표회의(입주민 전용),CITYTOUR-0193,이상화묘,668.8,1000,True
ST272913,용산2차서한화성타운-3(입주민 전용),,,,1000,False
ST272914,용산2차서한화성타운-1(입주민 전용),,,,1000,False
ST272915,용산파크타운 입주자대표회의-1(입주민 전용),,,,1000,False
ST272916,용산파크타운 입주자대표회의-2(입주민 전용),,,,1000,False
ST272917,용산파크타운 입주자대표회의-3(입주민 전용),,,,1000,False
ST272918,용산2차서한화성타운-2(입주민 전용),,,,1000,False
ST272919,이마트 대구물류센터,,,,1000,False
ST272920,이마트 성서점,,,,1000,False
ST272921,대구재활센터,,,,1000,False
ST272922,상인역신일해피트리(입주자전용),CITYTOUR-0175,온천엘리바덴,739.3,1000,True
ST272923,대구지방조달청,,,,1000,False
ST272924,이마트 월배점,CITYTOUR-0175,온천엘리바덴,879.6,1000,True
ST272925,삼성스토어 서대구,CITYTOUR-0212,코오롱야외음악당,788.4,1000,True
ST277103,달성화성파크드림 입주자대표회의(입주민 전용),CITYTOUR-0039,노사평화의 전당,536.4,1000,True
ST277104,화원한샘타운 입주자대표회의-2(입주민 전용),,,,1000,False
ST277105,화원한샘타운 입주자대표회의-1(입주민 전용),,,,1000,False
ST277106,대구국가산단반도유보라아이비파크30(입주자 전용),,,,1000,False
ST277107,경일아파트(입주민 전용),,,,1000,False
ST277108,달성군종합사회복지관,,,,1000,False
ST277109,현대자동차 대구용산 대리점,,,,1000,False
ST277201,㈜민속엘피씨,,,,1000,False
ST277202,한국도로공사 군위지사,,,,1000,False
ST477201,군위군노인복지관,CITYTOUR-0029,군위향교,390.2,1000,True
ST477203,군위휴게소 (부산),,,,1000,False
ST600116,기아 황금지점(임직원 전용),CITYTOUR-0094,들안길 먹거리타운,157.8,1000,True
ST600163,기아 학정대리점(임직원 전용),,,,1000,False
ST600274,골프왕 골프존파크,,,,1000,False
ST600283,두류파크KCC스위첸,CITYTOUR-0128,삼덕동 벽화마을,193.2,1000,True
ST600286,성서대백창신한라타운,,,,1000,False
ST600288,서한강변타운1차아파트,CITYTOUR-0170,영남제일관,965.5,1000,True
ST600300,앞산힐스테이트,,,,1000,False
ST600335,코레일 동대구역(제1주차장),CITYTOUR-0067,대구신세계백화점,503.2,1000,True
ST600336,코레일 동대구역(제2주차장),CITYTOUR-0067,대구신세계백화점,503.2,1000,True
ST600372,서대구영무예다음,CITYTOUR-0196,이현공원,472.5,1000,True
ST600399,삼국유사군위휴게소 (상주),,,,1000,False
ST600400,군위영천휴게소 (영천),,,,1000,False
ST600425,기아 대구강북지점(임직원 전용),,,,1000,False
ST600537,달서아이꿈센터,CITYTOUR-0054,대구기업명품관,840.1,1000,True
ST600550,효경재가노인돌봄센터,,,,1000,False
ST600649,강동어르신행복센터(노인복지관),,,,1000,False
ST600663,학산보호작업장,,,,1000,False
ST600791,냉천개발(주),CITYTOUR-0167,에코테마파크 대구 숲(휴업중),267.0,1000,True
ST600793,금호신도시서한이다음,,,,1000,False
ST600794,성서삼성명가타운 입주자대표회의,,,,1000,False
ST600801,(주)에이더블유호텔,,,,1000,False
ST601045,월배역포스코더샵입대의,CITYTOUR-0175,온천엘리바덴,756.9,1000,True
ST601062,파라다이스웨딩컨벤션,,,,1000,False
ST601097,(의)강의료재단,,,,1000,False
ST601138,성서동서화성타운,,,,1000,False
ST601139,대구교육대학교,CITYTOUR-0051,대구교육대학교 교육박물관,65.9,1000,True
ST601140,열경의료재단허병원,CITYTOUR-0063,대구수목원,882.9,1000,True
ST601225,해바라기주유소(대구),,,,1000,False
ST601235,수목원주유소,CITYTOUR-0063,대구수목원,846.5,1000,True
ST601236,칠곡IC주유소,,,,1000,False
ST601237,맘모스주유소,,,,1000,False
ST601240,SK에너지(주) 거산,,,,1000,False
ST601259,합천주유소,,,,1000,False
ST601269,SK에너지 중앙2주유소,CITYTOUR-0046,대구 아쿠아리움,814.6,1000,True
ST601337,대구섬유박물관,CITYTOUR-0004,DTC섬유박물관,70.1,1000,True
ST601352,대구소방학교,,,,1000,False
ST601395,대구동부소방서,,,,1000,False
ST601440,HD현대오일뱅크 대구현대주유소,CITYTOUR-0073,대구종합유통단지,414.7,1000,True
ST601738,성서4주공아파트(입주민 전용),,,,1000,False
ST601839,더샵수성오클레어아파트(입주민 전용),,,,1000,False
TDP00004,홍성블루핀,,,,1000,False
TDP00005,대동 대구공장,,,,1000,False
TDP00009,교보생명 동성로사옥,CITYTOUR-0087,동성로,90.3,1000,True
TDP00010,대구창조캠퍼스,CITYTOUR-0056,대구무형유산전수교육관,58.1,1000,True
TS271101,대구빌리브프리미어,CITYTOUR-0230,한방 화장품 만들기 체험,69.3,1000,True
TS271102,천주교 대구대교구청,CITYTOUR-0136,성모당,202.9,1000,True
TS271401,중앙교육연수원,CITYTOUR-0208,첨단의료복합단지,468.3,1000,True
TS271402,청구고등학교,,,,1000,False
TS271403,프렌즈 스크린 제일공항점,CITYTOUR-0049,대구공항 면세점,480.8,1000,True
TS271404,대구신암청아람아파트,,,,1000,False
TS271405,불로동 청호아파트,CITYTOUR-0083,동구 공예 전시장,573.7,1000,True
TS271406,신천동 동아아파트,CITYTOUR-0046,대구 아쿠아리움,325.0,1000,True
TS271407,태왕아너스리버파크2차,CITYTOUR-0151,아양기찻길,306.6,1000,True
TS271701,서대구복합지식산업센터,CITYTOUR-0196,이현공원,256.4,1000,True
TS271702,서대구역센텀화성파크드림,CITYTOUR-0196,이현공원,538.5,1000,True
TS271703,대구서대구영무예다음,CITYTOUR-0196,이현공원,506.8,1000,True
TS272001,앞산힐스테이트,,,,1000,False
TS272002,강변효성백년가약,,,,1000,False
TS272301,배성의료재단,CITYTOUR-0072,대구전시컨벤션센터(EXCO),749.5,1000,True
TS272302,대구화성센트럴파크,CITYTOUR-0105,문화예술거리 이태원길,951.6,1000,True
TS272303,대구역오페라W아파트,CITYTOUR-0069,대구예술발전소,399.7,1000,True
TS272304,대구역오페라W오피스텔,CITYTOUR-0069,대구예술발전소,403.6,1000,True
TS272305,청암타운,CITYTOUR-0211,칠곡향교,669.4,1000,True
TS272306,대구공작한양아파트,CITYTOUR-0165,어울아트센터,648.8,1000,True
TS272307,산격에덴3차아파트,CITYTOUR-0220,패션디자인개발지원센터,367.0,1000,True
TS272308,대구서희스타힐스데이,,,,1000,False
TS272309,대구칠곡에덴타운,CITYTOUR-0165,어울아트센터,477.2,1000,True
TS272602,대구시지하나타운,,,,1000,False
TS272603,두산위브더제니스,CITYTOUR-0108,박물관 휴르,731.4,1000,True
TS272604,만촌1차우방타운,CITYTOUR-0166,에스투뷰텍 라운지,775.9,1000,True
TS272605,수성센트럴화성파크드림,CITYTOUR-0094,들안길 먹거리타운,342.4,1000,True
TS272606,대구만촌3차화성파크드림,CITYTOUR-0166,에스투뷰텍 라운지,474.4,1000,True
TS272607,고산역화성파크드림,,,,1000,False
TS272608,호텔수성 옥상주차장,CITYTOUR-0107,미즈사키 린따로 묘소,267.0,1000,True
TS272902,비지니스 골프클럽,,,,1000,False
TS272903,대구본리롯데캐슬2차,,,,1000,False
TS272904,월배역포스코더샵,CITYTOUR-0175,온천엘리바덴,775.3,1000,True
TS272905,대구대곡사계절타운,,,,1000,False
TS272906,대구월배2차귀빈타운,,,,1000,False
TS272907,대구동백맨션,,,,1000,False
TS277101,대구명곡미래빌3단지,,,,1000,False
TS277102,대구 천내우방타운,,,,1000,False
TS277103,대구죽곡삼정그린코아더베스트,,,,1000,False
TS472920,대경사과원예농협,CITYTOUR-0067,대구신세계백화점,357.8,1000,True
UN000145,대구역제일풍경채위너스카이 아파트,CITYTOUR-0069,대구예술발전소,94.9,1000,True
UN000154,대구역제일풍경채위너스카이 오피스텔,CITYTOUR-0069,대구예술발전소,94.9,1000,True
UN000167,대구 해오름요양원(11kW),CITYTOUR-0107,미즈사키 린따로 묘소,750.1,1000,True
UN000180,대구 서길 통학로 52길 42-3(7kW),,,,1000,False
UP491145,대구 태전역더뉴클래스2차,,,,1000,False
VTE00004,브라운스톤 범어오피스텔,CITYTOUR-0108,박물관 휴르,670.9,1000,True
YC100007,대구세강병원,,,,1000,False
YC100008,모빌리티기술혁신센터,,,,1000,False
YC100012,제일사,,,,1000,False
YC100015,올인워크,CITYTOUR-0108,박물관 휴르,382.3,1000,True
YC100016,KB차차차 동대구,,,,1000,False
