statId,parking_matched_id,parking_remaining_std_1h,parking_remaining_delta_1h,parking_realtime_ticks_1h
ME181302,156-1-000028,,,
ME183050,155-1-000018,,,
ME183053,156-2-000039,,,
ME183054,157-1-000127,,,
ME183056,153-2-000009,1.0690449676496991,-2.0,7.0
ME183057,156-2-000067,1.1248582677159733,1.0,7.0
ME183058,151-1-000009,,,
ME183059,154-1-000136,,,
ME183060,154-1-000219,,,
ME183061,155-1-000009,,,
ME183062,156-2-000084,7.60504665954638,-22.0,7.0
ME183063,156-2-000071,2.2946254863155757,-6.0,7.0
ME183064,156-2-000055,0.7559289460184554,2.0,7.0
ME183065,156-2-000070,,,
ME183066,154-2-000033,3.653346243584124,9.0,7.0
ME183067,154-1-000091,0.34992710611188266,-1.0,7.0
ME183068,155-1-000094,,,
ME183069,155-2-000041,,,
ME183071,156-1-000040,,,
ME183072,155-1-000143,,,
ME184067,150-2-000030,21.671951213210015,-62.0,7.0
ME184068,153-1-000035,,,
ME184069,154-2-000055,0.34992710611188255,0.0,7.0
ME184070,155-2-000059,9.559694299612351,-26.0,7.0
ME18C147,361-1-000009,,,
ME18C170,154-1-000154,0.49487165930539406,-1.0,7.0
ME18C171,154-1-000097,,,
ME18C172,154-1-000165,,,
ME18C173,154-1-000198,,,
ME18C174,152-2-000027,,,
ME18C175,153-2-000041,,,
ME18C176,156-2-000012,,,
ME18C178,151-2-000014,,,
ME18C230,361-3-000003,,,
ME18C254,153-2-000020,,,
ME18C255,156-2-000051,,,
ME18C258,154-1-000198,,,
ME18C259,151-2-000012,,,
ME18C260,154-1-000157,,,
ME18C263,157-1-000100,,,
ME18C405,154-1-000158,,,
ME19C143,157-1-000136,,,
ME19C227,157-1-000135,,,
ME19C289,361-2-000012,,,
ME19C404,155-2-000045,1.6659862556700857,4.0,7.0
ME19E138,361-2-000024,,,
ME19E161,155-1-000033,,,
ME19E215,156-2-000012,,,
ME19E216,157-1-000007,,,
ME19E217,155-2-000052,,,
ME19F260,361-2-000032,,,
ME19W401,157-1-000002,,,
ME19X404,155-1-000144,,,
ME19X405,151-2-000004,0.0,0.0,7.0
ME19X430,151-2-000028,,,
ME19Y406,151-1-000101,,,
ME19Z223,156-1-000065,,,
ME20C182,156-2-000018,,,
ME20C183,156-2-000002,,,
ME20C184,156-2-000044,,,
ME20C185,156-1-000067,,,
ME20C187,157-1-000136,,,
ME20C188,151-2-000048,2.498979383505127,-8.0,7.0
ME20C189,151-2-000005,1.1605769149479936,0.0,7.0
ME20C286,154-1-000079,,,
ME20C287,154-1-000164,,,
ME20C288,152-2-000024,,,
ME20C304,151-2-000036,,,
ME20C414,157-1-000002,,,
ME20D206,151-2-000005,1.1605769149479936,0.0,7.0
ME21A140,361-2-000004,,,
ME21B198,155-3-000006,3.6421567954234217,-10.0,7.0
ME21B1D2,361-2-000046,,,
ME21B301,156-1-000066,,,
ME21C219,154-1-000138,,,
ME21C228,156-1-000065,,,
ME21E401,157-1-000002,,,
ME22C189,361-1-000002,,,
ME22C193,361-3-000001,,,
ME22C1A1,156-3-000001,,,
ME22C1A2,156-2-000084,7.60504665954638,-22.0,7.0
ME22C1A3,152-1-000096,,,
ME22C1A4,157-1-000053,,,
ME22C251,151-1-000011,,,
ME22C252,153-1-000107,,,
ME22C253,156-1-000067,,,
ME22D191,154-1-000020,,,
ME22D192,156-2-000005,,,
ME22D245,361-2-000011,,,
ME22D254,157-1-000096,,,
ME23A218,151-2-000089,,,
ME23B113,361-3-000002,,,
ME23B114,155-1-000018,,,
ME23B115,153-2-000020,,,
ME23B186,151-2-000051,,,
ME24A243,361-3-000002,,,
ME24B142,156-1-000042,,,
ME24B143,156-2-000070,,,
ME24B144,361-2-000046,,,
ME24B207,156-2-000085,1.069044967649699,-3.0,7.0
ME25C165,361-1-000004,,,
ME25C167,156-2-000023,,,
ME25C168,156-2-000078,,,
ME25C170,151-2-000097,,,
ME25C171,151-2-000089,,,
ME25C172,154-1-000029,,,
ME25C173,154-2-000028,,,
ME25C276,361-2-000028,,,
ME25C277,156-2-000013,,,
ME25C278,155-1-000194,,,
ME25C425,157-1-000078,,,
ME25C426,151-2-000097,,,
ME25C427,151-2-000089,,,
ME25C428,155-1-000194,,,
AH000019,155-2-000091,,,
AH000052,154-1-000161,,,
AH000082,157-1-000001,,,
ALAL0013,151-1-000030,,,
AM900026,154-1-000140,,,
AM900047,150-1-000118,,,
AM900048,150-1-000118,,,
AZ100007,154-1-000095,,,
AZ100013,155-2-000064,0.7284313590846834,2.0,7.0
AZ100014,151-2-000094,,,
AZ100017,150-1-000171,,,
AZ100019,152-1-000098,,,
AZ100020,151-1-000026,,,
AZ100021,151-1-000116,,,
AZ100022,157-4-000007,,,
AZ100023,154-1-000095,,,
BE241250,157-1-000085,,,
BE241251,157-1-000085,,,
BE482306,150-4-000113,0.0,0.0,7.0
BNBN0053,157-4-000007,,,
BNBN0494,157-1-000099,,,
BNBN0583,361-3-000002,,,
BNBN0584,153-1-000008,,,
BNBN0585,156-1-000107,,,
BNBN0586,156-2-000061,,,
BNBN0588,156-1-000041,,,
BNBN0590,157-1-000085,,,
BNBN0594,155-2-000035,,,
BNBN0721,152-1-000091,,,
BNBN1092,157-1-000131,,,
BNBN1180,156-1-000011,,,
BNMI4428,151-1-000112,,,
BNMI4433,152-1-000092,,,
BNMI4438,156-4-000012,2.6572964625340596,-7.0,7.0
CG000066,157-1-000054,,,
CGP00009,154-1-000147,,,
CGP00011,155-1-000200,,,
CGP00013,155-1-000200,,,
CGP00014,151-2-000071,,,
CGP00015,151-2-000071,,,
CGP00016,151-2-000071,,,
CGP00017,151-2-000071,,,
CGP00018,151-2-000071,,,
CGP00019,151-2-000071,,,
CI0F0001,150-1-000123,,,
CI0F0002,156-2-000042,,,
CI0F0003,156-2-000079,,,
CI0F0004,157-1-000132,,,
CPCP1044,156-1-000090,,,
CPCT0011,156-2-000062,,,
CPCT3003,156-2-000062,,,
CSCS1024,150-1-000139,,,
CU530001,156-2-000068,,,
CU530002,154-1-000138,,,
CU530004,151-1-000081,,,
CU530005,155-1-000013,,,
CU530006,155-2-000064,0.7284313590846834,2.0,7.0
CU530007,155-1-000158,,,
CU530008,155-2-000107,,,
CU530009,155-1-000030,,,
CU530010,154-1-000084,,,
CU530011,154-1-000254,,,
CU530014,151-2-000015,,,
CV000007,157-1-000121,,,
CV000039,154-2-000055,0.34992710611188255,0.0,7.0
CV000048,155-1-000143,,,
CV000103,154-1-000230,,,
CV000112,151-1-000090,,,
CV000113,154-3-000002,,,
CV000146,154-2-000051,3.238795442501324,-1.0,7.0
CV000149,151-2-000059,,,
CV000151,155-2-000065,0.34992710611188277,-1.0,7.0
CV000152,150-2-000016,,,
CV000154,156-1-000054,,,
CV000163,154-2-000072,,,
CV000165,155-2-000011,,,
CV000194,157-1-000081,,,
CV000224,154-2-000055,0.34992710611188255,0.0,7.0
CV000321,151-2-000029,,,
CV000390,151-1-000108,,,
CV000406,156-2-000020,,,
CV000446,155-1-000005,,,
CV000500,157-1-000129,,,
CV000501,155-1-000143,,,
CV000502,156-2-000072,0.4948716593053938,1.0,7.0
CV000503,156-2-000035,4.43547848464572,13.0,7.0
CV000504,154-1-000084,,,
CV000505,156-2-000082,,,
CV000506,154-1-000124,,,
CV000507,153-1-000038,,,
CV000508,156-2-000081,0.45175395145262925,-1.0,7.0
CV000509,155-1-000029,,,
CV000510,154-2-000034,3.0572763655761013,-10.0,7.0
CV000512,154-1-000200,,,
CV000513,150-1-000117,,,
CV000515,155-2-000016,2.6649654437396637,-7.0,7.0
CV000519,153-1-000052,,,
CV000534,150-1-000167,,,
CV000535,150-1-000145,,,
CV000536,153-2-000001,,,
CV000537,153-2-000003,,,
CV000538,153-1-000045,,,
CV000539,151-2-000072,,,
CV000540,151-1-000131,,,
CV000542,151-1-000137,,,
CV000543,151-1-000171,,,
CV000544,151-1-000149,,,
CV000547,154-1-000030,,,
CV000549,154-2-000032,1.5118578920369083,2.0,7.0
CV000550,154-1-000274,,,
CV000551,156-2-000028,,,
CV000553,156-1-000080,,,
CV000555,151-1-000090,,,
CV000556,156-4-000014,,,
CV000557,154-1-000006,1.124858267715972,-3.0,7.0
CV000558,151-1-000090,,,
CV000559,153-2-000019,,,
CV000560,154-1-000206,,,
CV000561,154-1-000205,,,
CV000562,155-1-000009,,,
CV000564,156-2-000079,,,
CV000565,157-4-000007,,,
CV000566,157-1-000119,,,
CV000567,150-1-000174,,,
CV000569,155-1-000144,,,
CV000599,151-2-000068,,,
CV000616,150-2-000011,,,
CV000618,156-2-000017,,,
CV000620,151-2-000036,,,
CV000630,151-2-000089,,,
CV000657,155-1-000050,,,
CV000665,155-2-000065,0.34992710611188277,-1.0,7.0
CV000670,156-2-000070,,,
CV000678,157-1-000121,,,
CV000701,157-1-000072,,,
CV000750,157-4-000007,,,
CV000770,155-1-000203,,,
CV000783,155-1-000158,,,
CV000799,156-1-000045,,,
CV000805,152-2-000028,,,
CV000806,151-1-000156,,,
CV000807,151-1-000161,,,
CV000808,152-1-000001,,,
CV000809,154-1-000243,,,
CV000810,154-1-000188,,,
CV000811,154-1-000147,,,
CV000812,150-1-000159,,,
CV000813,155-1-000098,,,
CV000814,155-1-000173,,,
CV000815,156-1-000035,,,
CV000816,156-2-000087,,,
CV000817,155-1-000092,,,
CV000818,156-2-000053,,,
CV000831,151-2-000067,,,
CV000849,157-1-000121,,,
CV000891,157-1-000132,,,
CV000896,156-1-000086,,,
CV000897,156-1-000086,,,
CV000899,151-2-000088,,,
CV000902,156-2-000096,,,
CV000906,151-1-000112,,,
CV000908,151-1-000148,,,
CV000952,151-1-000073,,,
CV000976,154-1-000140,,,
CV000977,154-1-000140,,,
CV000978,155-1-000095,,,
CV000979,150-2-000033,,,
CV000980,154-1-000273,,,
CV000981,155-1-000095,,,
CV000982,155-4-000024,,,
CV000985,156-1-000028,,,
CV000991,155-1-000143,,,
CV001002,154-2-000055,0.34992710611188255,0.0,7.0
CV001048,156-2-000091,,,
CV001113,151-1-000053,,,
CV001121,155-2-000062,1.049781318335647,-3.0,7.0
CV001122,154-2-000034,3.0572763655761013,-10.0,7.0
CV001123,156-2-000081,0.45175395145262925,-1.0,7.0
CV001124,156-2-000080,6.253162465211225,-19.0,7.0
CV001126,156-2-000029,0.638876564999938,2.0,7.0
CV001127,154-2-000032,1.5118578920369083,2.0,7.0
CV001129,151-2-000043,,,
CV001130,156-2-000018,,,
CV001171,152-2-000044,9.098104758908947,-30.0,7.0
CV001208,156-2-000020,,,
CV001219,151-1-000058,,,
CV001221,154-2-000040,0.5345224838248477,-2.0,7.0
CV001223,151-2-000102,,,
CV001234,152-1-000018,,,
CV001241,155-2-000016,2.6649654437396637,-7.0,7.0
CV001242,156-1-000108,,,
CV001264,157-1-000130,,,
CV001297,151-2-000031,,,
CV001314,157-1-000002,,,
CV001316,153-2-000024,,,
CV001318,153-2-000033,,,
CV001323,151-1-000101,,,
CV001343,152-1-000082,,,
CV001354,157-1-000081,,,
CV001396,151-1-000016,,,
CV001397,156-2-000081,0.45175395145262925,-1.0,7.0
CV001398,156-2-000084,7.60504665954638,-22.0,7.0
CV001426,154-2-000066,,,
CV001441,155-3-000004,,,
CV001462,154-1-000004,,,
CV001464,155-2-000054,,,
CV001488,153-2-000008,,,
CV001489,156-2-000070,,,
CV001490,154-1-000294,,,
CV001491,155-2-000055,,,
CV001492,157-1-000127,,,
CV001493,156-2-000038,,,
CV001494,156-2-000010,,,
CV001495,157-1-000140,,,
CV001496,156-2-000070,,,
CV001525,157-1-000121,,,
CV001529,156-2-000001,,,
CV001544,155-2-000054,,,
CV001545,157-1-000054,,,
CV001555,157-1-000126,,,
CV001562,153-2-000042,,,
CV001564,156-2-000071,2.2946254863155757,-6.0,7.0
CV001566,151-2-000037,,,
CV001580,154-2-000051,3.238795442501324,-1.0,7.0
CV001581,154-2-000033,3.653346243584124,9.0,7.0
CV001589,154-2-000054,3.5225222874108426,8.0,7.0
CV001592,154-2-000047,3.226168511610349,-8.0,7.0
CV001594,155-2-000051,0.9897433186107868,-2.0,7.0
CV001595,152-1-000131,,,
CV001600,151-2-000012,,,
CV001601,156-1-000035,,,
CV001604,152-2-000047,1.9897697538834418,-6.0,7.0
CV001605,152-2-000046,10.210039077260365,-27.0,7.0
CV001606,152-2-000045,2.9277002188456,-7.0,7.0
CV001619,151-1-000051,,,
CV001623,152-2-000024,,,
CV001626,157-1-000125,,,
CV001627,156-2-000084,7.60504665954638,-22.0,7.0
CV001631,156-2-000059,,,
CV001632,155-2-000060,2.4743582965269675,8.0,7.0
CV001634,156-2-000029,0.638876564999938,2.0,7.0
CV001635,156-2-000040,,,
CV001636,156-1-000087,,,
CV001637,157-1-000120,,,
CV001638,156-1-000087,,,
CV001646,153-1-000102,,,
CV001678,156-2-000014,,,
CV001687,154-1-000156,,,
CV001701,155-2-000010,0.9258200997725508,-2.0,7.0
CV001706,157-1-000135,,,
CV001707,154-1-000255,,,
CV001710,156-2-000060,,,
CV001719,154-1-000071,,,
CV001732,154-1-000061,,,
CV001735,156-2-000071,2.2946254863155757,-6.0,7.0
CV001743,155-1-000151,,,
CV001767,153-2-000020,,,
CV001768,157-1-000140,,,
CV001788,155-1-000158,,,
CV001793,152-1-000132,,,
CV001795,154-1-000147,,,
CV001802,157-1-000076,,,
CV001836,155-4-000004,,,
CV001851,152-2-000027,,,
CV001885,156-2-000081,0.45175395145262925,-1.0,7.0
CV001891,156-2-000080,6.253162465211225,-19.0,7.0
CV001894,154-2-000034,3.0572763655761013,-10.0,7.0
CV001895,154-2-000039,0.8806305718527111,2.0,7.0
CV001904,155-2-000053,1.0690449676497016,2.0,7.0
CV001906,156-2-000102,,,
CV001925,154-2-000072,,,
CV001941,150-1-000145,,,
CV001967,154-2-000051,3.238795442501324,-1.0,7.0
CV001969,155-2-000046,0.0,0.0,7.0
CV001970,153-2-000012,,,
CV001971,151-2-000007,0.0,0.0,7.0
CV001972,151-2-000037,,,
CV001973,151-1-000106,,,
CV001974,154-1-000216,,,
CV001976,150-2-000015,1.0497813183356481,0.0,7.0
CV001994,154-1-000081,,,
CV002012,156-2-000035,4.43547848464572,13.0,7.0
CV002014,156-2-000067,1.1248582677159733,1.0,7.0
CV002033,156-2-000032,0.7284313590846837,0.0,7.0
CV002034,156-2-000034,0.728431359084679,-2.0,7.0
CV002048,156-3-000001,,,
CV002068,154-1-000084,,,
CV002069,151-2-000005,1.1605769149479936,0.0,7.0
CV002072,154-1-000255,,,
CV002087,155-1-000009,,,
CV002099,151-2-000036,,,
CV002107,155-3-000006,3.6421567954234217,-10.0,7.0
CV002115,151-2-000005,1.1605769149479936,0.0,7.0
CV002128,151-2-000023,,,
CV002131,154-1-000021,,,
CV002134,154-1-000276,,,
CV002139,151-2-000046,0.45175395145262554,0.0,7.0
CV002144,156-2-000024,,,
CV002155,157-1-000055,,,
CV002158,152-1-000006,,,
CV002163,155-2-000054,,,
CV002169,151-1-000073,,,
CV002174,154-1-000011,,,
CV002175,151-1-000092,,,
CV002176,151-1-000092,,,
CV002177,151-1-000092,,,
CV002178,151-1-000092,,,
CV002179,151-1-000092,,,
CV002180,151-1-000092,,,
CV002181,156-2-000031,3.010186786529356,-8.0,7.0
CV002188,155-2-000091,,,
CV002189,151-2-000008,2.050385727772476,-5.0,7.0
CV002191,156-1-000042,,,
CV002196,151-1-000073,,,
CV002197,150-1-000105,,,
CV002201,151-2-000034,,,
CV002202,151-2-000017,,,
CV002237,151-2-000036,,,
CV002238,156-1-000028,,,
CV002243,155-1-000039,,,
CV002249,155-2-000065,0.34992710611188277,-1.0,7.0
CV002250,155-2-000065,0.34992710611188277,-1.0,7.0
CV002253,157-1-000007,,,
CV002262,151-2-000065,,,
CV002266,156-2-000031,3.010186786529356,-8.0,7.0
CV002271,156-1-000037,,,
CV002279,151-2-000028,,,
CV002289,154-1-000084,,,
CV002290,154-1-000084,,,
CV002291,154-1-000084,,,
CV002292,154-1-000084,,,
CV002302,154-2-000058,,,
CV002320,152-1-000077,,,
CV002321,156-2-000025,,,
CV002324,156-2-000011,,,
CV002336,153-1-000045,,,
CV002346,154-1-000180,,,
CV002347,154-2-000072,,,
CV002348,157-1-000102,,,
CV002350,156-2-000008,,,
CV002351,155-2-000091,,,
CV002358,155-1-000071,,,
CV002371,153-2-000067,,,
CV002372,155-2-000059,9.559694299612351,-26.0,7.0
CV002388,157-4-000007,,,
CV002389,154-1-000142,,,
CV002390,154-1-000142,,,
CV002393,151-2-000042,,,
CV002394,151-2-000041,,,
CV002397,157-1-000131,,,
CV002401,151-2-000091,,,
CV002431,154-1-000165,,,
CV002440,155-1-000117,,,
CV002468,151-2-000028,,,
CV002471,150-1-000151,,,
CV002516,157-4-000007,,,
CV002570,154-1-000105,,,
CV002607,155-4-000015,,,
CV002608,155-4-000015,,,
CV002609,155-4-000015,,,
CV002620,156-2-000073,,,
CV002623,156-4-000014,,,
CV002633,154-1-000227,,,
CV002669,156-2-000004,,,
CV002689,157-1-000002,,,
CV002690,157-1-000002,,,
CV002715,155-1-000001,,,
CV002733,154-1-000083,,,
CV002735,157-1-000075,,,
CV002736,157-1-000075,,,
CV002766,154-1-000084,,,
CV002767,154-1-000084,,,
CV002776,156-4-000014,,,
CV002798,155-2-000090,,,
CV002819,155-1-000125,,,
CV002838,155-2-000056,,,
CV002862,157-1-000127,,,
CV002872,157-1-000069,,,
CV002915,152-2-000027,,,
CV002939,155-2-000063,1.030157507275429,2.0,7.0
CV002940,361-2-000036,,,
CV002950,361-3-000003,,,
CV002951,150-3-000001,,,
CV002956,151-2-000096,,,
CV002995,155-2-000102,,,
CV003039,154-1-000154,0.49487165930539406,-1.0,7.0
CV003040,155-1-000144,,,
CV003041,155-2-000055,,,
CV003042,156-2-000098,,,
CV003062,153-1-000069,,,
CV003063,154-1-000081,,,
CV003064,155-2-000049,1.178030178747903,-1.0,7.0
CV003066,156-2-000014,,,
CV003067,154-1-000004,,,
CV003068,154-1-000020,,,
CV003069,154-1-000180,,,
CV003070,156-1-000005,,,
CV003071,151-1-000073,,,
CV003072,155-1-000040,,,
CV003074,152-1-000032,,,
CV003075,154-1-000084,,,
CV003076,155-1-000195,,,
CV003077,155-2-000062,1.049781318335647,-3.0,7.0
CV003078,157-1-000138,,,
CV003079,151-1-000062,,,
CV003081,154-2-000055,0.34992710611188255,0.0,7.0
CV003082,153-2-000026,,,
CV003083,151-2-000005,1.1605769149479936,0.0,7.0
CV003084,156-2-000078,,,
CV003085,155-1-000170,,,
CV003086,153-1-000083,,,
CV003087,156-1-000065,,,
CV003088,154-1-000137,,,
CV003089,156-3-000001,,,
CV003090,156-4-000014,,,
CV003091,152-2-000005,,,
CV003092,156-2-000058,,,
CV003093,156-2-000060,,,
CV003096,153-2-000009,1.0690449676496991,-2.0,7.0
CV003097,151-2-000003,0.6998542122237659,0.0,7.0
CV003098,151-2-000027,,,
CV003099,156-2-000047,,,
CV003100,156-2-000046,,,
CV003102,156-1-000073,,,
CV003103,150-1-000171,,,
CV003104,156-1-000087,,,
CV003105,152-1-000077,,,
CV003106,152-2-000026,,,
CV003107,152-1-000093,,,
CV003109,156-1-000093,,,
CV003110,156-2-000032,0.7284313590846837,0.0,7.0
CV003115,156-2-000024,,,
CV003116,151-2-000002,1.4846149779161797,4.0,7.0
CV003117,157-1-000083,,,
CV003118,154-1-000142,,,
CV003119,153-1-000035,,,
CV003120,155-3-000005,0.8806305718527113,-2.0,7.0
CV003121,156-2-000018,,,
CV003122,151-2-000003,0.6998542122237659,0.0,7.0
CV003123,151-1-000030,,,
CV003124,151-1-000034,,,
CV003125,156-1-000037,,,
CV003126,156-2-000047,,,
CV003127,153-2-000005,,,
CV003128,153-2-000049,,,
CV003129,156-2-000050,,,
CV003130,151-1-000121,,,
CV003131,151-1-000072,,,
CV003132,156-2-000068,,,
CV003133,152-1-000046,,,
CV003134,154-1-000205,,,
CV003136,154-1-000147,,,
CV003137,157-4-000007,,,
CV003138,156-1-000012,,,
CV003139,152-2-000024,,,
CV003140,157-1-000070,,,
CV003141,157-1-000007,,,
CV003142,157-1-000076,,,
CV003144,154-1-000142,,,
CV003145,157-1-000053,,,
CV003148,154-2-000068,,,
CV003149,151-2-000045,2.849991049037145,-7.0,7.0
CV003150,155-2-000049,1.178030178747903,-1.0,7.0
CV003158,157-1-000010,,,
CV003162,153-2-000044,,,
CV003163,153-2-000044,,,
CV003165,155-3-000005,0.8806305718527113,-2.0,7.0
CV003176,156-2-000012,,,
CV003177,156-2-000012,,,
CV003178,156-2-000012,,,
CV003179,156-2-000012,,,
CV003181,155-1-000089,,,
CV003185,154-1-000139,,,
CV003193,153-1-000080,,,
CV003194,153-1-000080,,,
CV003205,157-4-000007,,,
CV003209,157-1-000069,,,
CV003256,361-1-000009,,,
CV003258,361-3-000002,,,
CV003276,156-2-000020,,,
CV003282,152-1-000046,,,
CV003283,152-1-000046,,,
CV003284,152-1-000046,,,
CV003286,153-1-000034,,,
CV003304,155-2-000107,,,
CV003315,154-1-000014,,,
CV003352,151-2-000076,,,
CV003353,151-2-000076,,,
CV003360,157-1-000072,,,
CV003428,154-1-000012,,,
CV003437,152-1-000112,,,
CV003444,155-1-000006,,,
CV003445,154-2-000039,0.8806305718527111,2.0,7.0
CV003446,152-2-000049,,,
CV003447,152-1-000116,,,
CV003449,155-2-000060,2.4743582965269675,8.0,7.0
CV003450,154-1-000158,,,
CV003451,155-2-000059,9.559694299612351,-26.0,7.0
CV003452,155-1-000017,,,
CV003453,155-1-000127,,,
CV003454,155-1-000127,,,
CV003455,155-1-000128,,,
CV003456,154-1-000155,,,
CV003457,152-2-000011,,,
CV003458,152-1-000068,,,
CV003459,154-3-000001,,,
CV003460,154-1-000136,,,
CV003461,154-2-000066,,,
CV003462,155-1-000127,,,
CV003463,155-1-000079,,,
CV003464,155-1-000169,,,
CV003465,154-1-000115,,,
CV003466,154-2-000070,,,
CV003468,154-1-000041,,,
CV003479,151-2-000034,,,
CV003480,155-3-000006,3.6421567954234217,-10.0,7.0
CV003482,150-2-000017,2.87849166851572,-8.0,7.0
CV003483,152-1-000044,,,
CV003484,156-3-000001,,,
CV003535,154-1-000205,,,
CV003559,155-1-000145,,,
CV003560,157-1-000001,,,
CV003565,155-2-000054,,,
CV003566,155-2-000016,2.6649654437396637,-7.0,7.0
CV003568,155-1-000174,,,
CV003569,155-1-000164,,,
CV003570,150-1-000172,,,
CV003571,150-2-000030,21.671951213210015,-62.0,7.0
CV003572,150-1-000108,,,
CV003573,150-2-000002,30.22770725202766,-85.0,7.0
CV003646,151-1-000112,,,
CV003647,151-2-000008,2.050385727772476,-5.0,7.0
CV003648,151-1-000112,,,
CV003672,154-1-000094,,,
CV003673,154-1-000094,,,
CV003674,154-2-000054,3.5225222874108426,8.0,7.0
CV003698,361-2-000045,,,
CV003716,361-2-000044,,,
CV003728,156-2-000063,,,
CV003763,156-1-000086,,,
CV003786,155-1-000186,,,
CV003792,151-1-000092,,,
CV003800,156-2-000085,1.069044967649699,-3.0,7.0
CV003801,156-2-000086,1.64130361329658,-4.0,7.0
CV003862,155-1-000099,,,
CV003863,155-1-000159,,,
CV003864,155-1-000099,,,
CV003871,361-1-000001,,,
CV003914,154-1-000206,,,
CV003916,151-2-000034,,,
CV003917,151-1-000124,,,
CV003918,151-1-000122,,,
CV004040,154-1-000084,,,
CV004043,154-1-000084,,,
CV004072,154-1-000084,,,
CV004086,152-1-000055,,,
CV004097,151-1-000043,,,
CV004098,151-1-000043,,,
CV004099,151-1-000043,,,
CV004100,151-1-000043,,,
CV004101,151-1-000043,,,
CV004102,151-1-000042,,,
CV004103,151-1-000042,,,
CV004104,155-2-000069,,,
CV004108,154-1-000040,,,
CV004116,151-1-000060,,,
CV004134,155-2-000100,,,
CV004253,361-2-000011,,,
CV004267,157-1-000002,,,
CV004302,152-2-000049,,,
CV004305,156-2-000089,1.124858267715972,-3.0,7.0
CV004317,152-2-000051,2.0603150145508513,-7.0,7.0
CV004318,152-2-000050,0.349927106111882,-1.0,7.0
CV004321,151-1-000152,,,
CV004326,157-1-000007,,,
CV004336,156-1-000106,1.0301575072754265,-3.0,7.0
CV004339,151-2-000021,,,
CV004351,151-1-000058,,,
CV004353,156-1-000062,,,
CV004390,154-1-000188,,,
CV004391,155-1-000187,,,
CV004423,156-2-000025,,,
CV004427,155-1-000171,,,
CV004428,156-1-000046,,,
CV004443,151-2-000005,1.1605769149479936,0.0,7.0
CV004463,156-1-000095,,,
CV004464,155-1-000123,,,
CV004465,151-2-000102,,,
CV004476,156-1-000067,,,
CV004482,156-2-000092,,,
CV004491,152-2-000011,,,
CV004500,157-1-000097,,,
CV004510,155-2-000065,0.34992710611188277,-1.0,7.0
CV004532,156-1-000005,,,
CV004541,155-1-000127,,,
CV004550,155-1-000106,1.8405855323893034,-2.0,7.0
CV004551,361-2-000004,,,
CV004553,151-2-000036,,,
CV004555,155-2-000016,2.6649654437396637,-7.0,7.0
CV004568,156-2-000045,,,
CV004598,153-1-000062,,,
CV004606,151-2-000078,,,
CV004614,156-2-000105,0.0,0.0,7.0
CV004674,154-1-000104,0.0,0.0,7.0
CV004690,156-2-000078,,,
CV004698,150-2-000005,,,
CV004699,151-2-000065,,,
CV004700,150-1-000148,,,
CV004701,151-2-000067,,,
CV004702,157-1-000125,,,
CV004714,154-1-000002,,,
DC530001,156-1-000092,,,
DC530002,155-2-000034,,,
DC530003,155-2-000034,,,
DC530004,155-2-000034,,,
DC530005,150-2-000017,2.87849166851572,-8.0,7.0
DC530006,156-2-000098,,,
DC530007,156-2-000098,,,
DC530008,156-2-000073,,,
DC530009,156-2-000073,,,
DC530012,155-4-000019,,,
DC530013,155-4-000019,,,
DC530014,155-1-000117,,,
DC530015,156-2-000071,2.2946254863155757,-6.0,7.0
DC530016,156-2-000071,2.2946254863155757,-6.0,7.0
DC530017,154-1-000227,,,
DC530018,151-1-000111,,,
DC530019,151-1-000111,,,
DC530020,154-1-000207,,,
DC530021,150-1-000125,,,
DC530022,155-4-000024,,,
DC530023,155-4-000024,,,
DC530024,154-1-000206,,,
DC530025,154-1-000206,,,
DC530029,156-2-000078,,,
DG110009,150-1-000172,,,
DO000034,153-2-000033,,,
DYME2012,152-1-000006,,,
EBSSBILL,150-2-000004,,,
EC000049,150-2-000018,,,
EC000100,157-1-000144,,,
EC000145,154-1-000167,,,
EC000154,155-4-000008,,,
EC000155,155-4-000008,,,
EC000411,154-1-000281,,,
EC000412,154-1-000201,,,
EC000430,152-1-000132,,,
EC000431,152-1-000132,,,
EC000505,155-1-000152,,,
EC000506,155-1-000152,,,
EC003284,151-1-000148,,,
EC003465,155-2-000061,0.7284313590846841,0.0,7.0
EC003466,155-2-000061,0.7284313590846841,0.0,7.0
EC004338,156-1-000065,,,
EC005054,150-2-000015,1.0497813183356481,0.0,7.0
EC005057,154-1-000115,,,
EC005058,154-1-000115,,,
EC005059,156-3-000001,,,
EC270001,151-1-000195,,,
EC270004,155-1-000127,,,
EC270005,156-2-000031,3.010186786529356,-8.0,7.0
EC270006,156-2-000031,3.010186786529356,-8.0,7.0
EC270007,157-1-000082,,,
EC270008,157-1-000082,,,
EC270009,156-2-000091,,,
EC270010,151-2-000078,,,
EC270011,154-1-000293,,,
EO000005,156-2-000044,,,
EO000079,154-1-000015,,,
EO000301,156-1-000048,,,
EP190042,151-1-000123,,,
EP190043,156-2-000068,,,
EP190050,156-2-000101,,,
EP200079,157-1-000124,,,
EP200246,156-2-000086,1.64130361329658,-4.0,7.0
EP200247,152-2-000051,2.0603150145508513,-7.0,7.0
EP200248,152-1-000055,,,
EP200250,152-2-000050,0.349927106111882,-1.0,7.0
EP200251,152-2-000026,,,
EP220264,156-2-000068,,,
EP220609,153-1-000055,,,
EP220738,154-1-000233,,,
EP230165,156-1-000065,,,
EP230284,154-1-000197,,,
EP240074,155-2-000065,0.34992710611188277,-1.0,7.0
EP530200,151-1-000058,,,
EP530318,154-1-000301,,,
EP530700,155-1-000132,,,
ER000292,157-4-000007,,,
ER000293,157-4-000007,,,
ER000294,157-4-000007,,,
ER000295,157-4-000007,,,
ER000384,150-1-000132,,,
ER000408,154-1-000226,,,
ER000478,155-1-000167,,,
ER000488,150-1-000108,,,
ER000494,156-1-000100,,,
ER000546,157-1-000072,,,
ER000597,151-2-000083,,,
ER000605,151-1-000002,,,
ER000606,155-4-000008,,,
EV000329,152-1-000112,,,
EV000654,151-1-000124,,,
EV000669,151-2-000034,,,
EV000673,157-1-000131,,,
EV000674,157-1-000132,,,
EV001238,150-1-000146,,,
EV001570,156-1-000090,,,
EV002118,151-1-000092,,,
EV002119,151-1-000092,,,
EV002287,152-2-000002,,,
EV002294,156-1-000088,,,
EV002295,156-1-000088,,,
EV003507,156-1-000086,,,
EV003702,155-1-000006,,,
EV003703,155-1-000006,,,
EV003704,155-1-000006,,,
EV003741,154-1-000229,,,
EV003782,151-1-000105,,,
EV003858,154-1-000170,,,
EV003869,361-2-000045,,,
EV003928,154-1-000229,,,
EV003933,154-2-000069,,,
EV003987,154-1-000139,,,
EV003988,151-1-000148,,,
EV004105,157-1-000139,,,
EV004924,156-2-000072,0.4948716593053938,1.0,7.0
EV004925,156-2-000072,0.4948716593053938,1.0,7.0
EV005065,155-1-000095,,,
EV005066,155-1-000095,,,
EV005191,156-2-000071,2.2946254863155757,-6.0,7.0
EV005192,156-2-000072,0.4948716593053938,1.0,7.0
EV005193,156-2-000072,0.4948716593053938,1.0,7.0
EV005228,155-2-000064,0.7284313590846834,2.0,7.0
EV005229,155-2-000064,0.7284313590846834,2.0,7.0
EV005230,155-2-000064,0.7284313590846834,2.0,7.0
EV005267,154-2-000068,,,
EV005268,154-2-000068,,,
EV005269,154-2-000068,,,
EV005432,156-1-000022,,,
EV005433,156-1-000022,,,
EV005511,157-1-000096,,,
EV005512,157-1-000096,,,
EV005513,157-1-000096,,,
EV005514,157-1-000096,,,
EV005515,157-1-000096,,,
EV005516,157-1-000096,,,
EV005517,157-1-000096,,,
EV005518,157-1-000096,,,
EV005519,157-1-000096,,,
EV005709,156-2-000071,2.2946254863155757,-6.0,7.0
EV005710,156-2-000072,0.4948716593053938,1.0,7.0
EV005711,156-2-000072,0.4948716593053938,1.0,7.0
EV005837,155-1-000109,,,
EV005838,155-1-000167,,,
EV005961,157-1-000072,,,
EV005962,157-1-000072,,,
EV005963,157-1-000072,,,
EV005964,157-1-000072,,,
EV005965,157-1-000072,,,
EV005966,157-1-000072,,,
EV005967,154-1-000277,,,
EV006185,151-2-000083,,,
EV006186,151-2-000023,,,
EV006187,151-2-000083,,,
EV006188,151-2-000023,,,
EV006219,157-1-000116,,,
EV006220,157-1-000116,,,
EV006225,157-1-000116,,,
EV006226,157-1-000116,,,
EV006227,157-1-000116,,,
EV006228,157-1-000116,,,
EV006229,157-1-000116,,,
EV006284,155-1-000070,,,
EV006285,155-1-000070,,,
EV006286,155-1-000070,,,
EV006297,155-2-000034,,,
EV006481,154-2-000069,,,
EV006497,156-1-000090,,,
EV006504,154-2-000069,,,
EV006505,154-2-000069,,,
EV006610,154-1-000274,,,
EV006614,157-1-000116,,,
EV006615,157-1-000116,,,
EV006616,157-1-000116,,,
EV006617,157-1-000116,,,
EV006712,151-1-000071,,,
EV006840,154-1-000224,,,
EV006878,155-1-000044,,,
EV006879,155-1-000044,,,
EV006886,154-1-000138,,,
EV007027,150-1-000112,,,
EV007037,156-3-000001,,,
EV007155,154-1-000140,,,
EV007156,154-1-000140,,,
EV007238,154-1-000251,,,
EV007253,154-1-000094,,,
EV007254,154-2-000054,3.5225222874108426,8.0,7.0
EV007255,154-2-000054,3.5225222874108426,8.0,7.0
EV007345,151-1-000006,,,
EV007346,154-2-000069,,,
EV007493,154-1-000137,,,
EV007494,154-1-000137,,,
EV007630,155-2-000049,1.178030178747903,-1.0,7.0
EV007654,154-1-000084,,,
EV007655,154-1-000084,,,
EV007656,154-1-000084,,,
EV007657,156-1-000090,,,
EV007658,156-1-000090,,,
EV007739,151-2-000067,,,
EV007837,150-2-000023,,,
EV007970,151-1-000037,,,
EV008138,155-4-000005,,,
EV008139,155-4-000005,,,
EV008140,155-4-000005,,,
EV008152,154-2-000064,,,
EV008153,154-2-000064,,,
EV008162,156-2-000033,,,
EV008163,156-2-000032,0.7284313590846837,0.0,7.0
EV008164,156-2-000032,0.7284313590846837,0.0,7.0
EV008233,154-1-000224,,,
EV008234,154-1-000224,,,
EV008289,154-1-000094,,,
EV008290,154-1-000094,,,
EV008365,151-1-000092,,,
EV008499,150-4-000114,,,
EV008555,152-1-000021,,,
EV008582,154-1-000084,,,
EV008597,151-1-000148,,,
EV008719,154-1-000084,,,
EV008720,154-1-000083,,,
EV008877,154-4-000012,7.0797209676365105,-21.0,7.0
EV008882,154-2-000068,,,
EV008883,154-2-000069,,,
EV008884,154-2-000068,,,
EV008937,154-2-000069,,,
EV008938,154-2-000069,,,
EV008939,154-2-000069,,,
EV008940,154-2-000069,,,
EV008969,156-2-000032,0.7284313590846837,0.0,7.0
EV008970,155-1-000153,,,
EV008971,155-1-000147,,,
EV010181,154-1-000138,,,
EV010182,154-1-000138,,,
EV010192,154-1-000294,,,
EV010196,154-1-000251,,,
EV010197,154-1-000294,,,
EV010198,154-1-000251,,,
EV010418,154-1-000084,,,
EV010419,154-1-000084,,,
EV010420,154-1-000084,,,
EV010542,151-1-000092,,,
EV010543,151-1-000092,,,
EV011762,154-1-000138,,,
EV012251,151-2-000078,,,
EV012379,155-2-000060,2.4743582965269675,8.0,7.0
EV012380,155-2-000060,2.4743582965269675,8.0,7.0
EV012381,155-1-000178,,,
EV012411,152-1-000052,,,
EV012412,152-1-000052,,,
EV012413,152-1-000052,,,
EV012414,152-1-000052,,,
EV012548,151-1-000012,,,
EV012553,156-2-000028,,,
EV012621,157-1-000072,,,
EV012622,157-1-000072,,,
EV012623,157-1-000072,,,
EV012624,157-1-000072,,,
EV012641,152-2-000002,,,
EV012778,155-1-000111,,,
EV012779,155-1-000111,,,
EV012895,156-2-000068,,,
EV013088,153-1-000002,,,
EV013291,151-1-000166,,,
EV013465,152-1-000114,,,
EV013466,152-1-000114,,,
EV013467,152-1-000114,,,
EV013468,152-1-000074,,,
EV013469,152-1-000074,,,
EV013470,152-1-000074,,,
EV013471,152-1-000074,,,
EV013472,152-1-000074,,,
EV013667,155-2-000048,,,
EV013751,154-1-000137,,,
EV013752,154-1-000116,,,
EV013761,155-2-000101,,,
EV013892,151-1-000011,,,
EV013893,154-1-000137,,,
EV013896,156-2-000078,,,
EV013929,154-1-000267,,,
EV013997,154-1-000230,,,
EV013998,154-1-000230,,,
EV013999,154-1-000139,,,
EV014112,157-1-000005,,,
EV014490,153-2-000013,,,
EV014530,152-1-000126,,,
EV014531,152-1-000126,,,
EV014532,152-1-000126,,,
EV014533,152-1-000126,,,
EV014534,152-1-000126,,,
EV014535,152-1-000126,,,
EV014536,152-1-000126,,,
EV014537,152-1-000126,,,
EV014538,152-1-000126,,,
EV014686,153-1-000004,,,
EV014687,153-1-000004,,,
EV014736,154-1-000170,,,
EV014737,154-1-000170,,,
EV014775,151-1-000092,,,
EV014804,156-1-000107,,,
EV015650,155-1-000112,,,
EV016067,157-1-000072,,,
EV016178,156-1-000101,,,
EV016197,151-2-000094,,,
EV016303,156-1-000045,,,
EV016304,156-1-000045,,,
EV016305,156-1-000045,,,
EV016306,156-1-000045,,,
EV016307,156-1-000045,,,
EV016308,156-1-000045,,,
EV016309,156-1-000045,,,
EV016310,156-1-000045,,,
EV016311,156-1-000045,,,
EV016312,156-1-000045,,,
EV016313,156-1-000045,,,
EV016314,156-1-000045,,,
EV016315,156-1-000045,,,
EV016316,156-1-000045,,,
EV016317,156-1-000045,,,
EV016318,156-1-000045,,,
EV016319,156-1-000045,,,
EV016320,156-1-000045,,,
EV016321,156-1-000043,,,
EV016322,156-1-000043,,,
EV016323,156-1-000043,,,
EV016324,156-1-000043,,,
EV016325,151-1-000043,,,
EV016459,157-1-000095,,,
EV016544,155-2-000105,,,
EV016545,155-2-000105,,,
EV016603,155-1-000167,,,
EV016752,150-1-000122,,,
EV016944,156-1-000045,,,
EV017604,156-1-000095,,,
EV017605,156-1-000095,,,
EV017606,156-2-000068,,,
EV017607,156-2-000068,,,
EV017608,156-2-000068,,,
EV017609,156-2-000068,,,
EV017708,157-1-000072,,,
EV017709,157-1-000072,,,
EV017710,157-1-000072,,,
EV017808,154-1-000122,,,
EV017809,154-1-000121,,,
EV017810,154-1-000121,,,
EV017811,154-1-000122,,,
EV017812,154-1-000121,,,
EV017819,150-1-000165,,,
EV017820,150-1-000165,,,
EV017838,156-1-000097,,,
EV017846,154-1-000083,,,
EV017873,156-1-000100,,,
EV017874,156-1-000023,,,
EV017875,156-1-000005,,,
EV017939,154-1-000121,,,
EV017941,152-1-000052,,,
EV017942,152-1-000052,,,
EV017943,152-1-000052,,,
EV017944,152-1-000052,,,
EV017945,152-1-000052,,,
EV017946,152-1-000052,,,
EV017947,152-1-000052,,,
EV017948,152-1-000052,,,
EV017949,152-1-000052,,,
EV017950,152-1-000052,,,
EV017951,152-1-000052,,,
EV017952,152-1-000052,,,
EV017953,152-1-000052,,,
EV017954,152-1-000052,,,
EV018212,157-1-000139,,,
EV018291,154-1-000277,,,
EV018293,152-1-000020,,,
EV018307,155-1-000034,4.7466422073817585,-12.0,7.0
EV018366,154-1-000274,,,
EV018367,154-1-000274,,,
EV018527,155-2-000073,,,
EV018528,155-2-000073,,,
EV018806,154-1-000084,,,
EV018874,154-1-000274,,,
EV018927,155-1-000151,,,
EV018928,155-1-000151,,,
EV018929,155-1-000151,,,
EV018930,155-1-000151,,,
EV018947,157-1-000079,,,
EV018948,157-1-000079,,,
EV018949,157-1-000079,,,
EV019037,156-1-000107,,,
EV019058,156-1-000029,,,
EV019061,151-1-000092,,,
EV019067,153-1-000043,,,
EV019285,156-2-000079,,,
EV019457,155-1-000040,,,
EV019458,155-1-000040,,,
EV019702,155-3-000005,0.8806305718527113,-2.0,7.0
EV020019,154-1-000145,,,
EV020020,154-1-000145,,,
EV020021,154-1-000145,,,
EV020022,154-1-000145,,,
EV020023,154-1-000145,,,
EV020024,154-1-000145,,,
EV020025,154-1-000145,,,
EV020026,154-1-000145,,,
EV020027,154-1-000145,,,
EV020028,154-1-000145,,,
EV020029,154-1-000145,,,
EV020030,154-1-000145,,,
EV020031,154-1-000145,,,
EV020032,154-1-000145,,,
EV020033,154-1-000145,,,
EV020034,154-1-000145,,,
EV020152,154-1-000277,,,
EV020153,154-1-000277,,,
EV020154,156-3-000001,,,
EV020275,155-2-000073,,,
EV020276,155-2-000073,,,
EV020323,157-1-000048,,,
EV021015,150-1-000165,,,
EV021016,150-1-000165,,,
EZ000035,154-2-000055,0.34992710611188255,0.0,7.0
EZ000080,154-2-000034,3.0572763655761013,-10.0,7.0
EZ000139,154-1-000147,,,
EZ000426,157-1-000100,,,
EZ000527,156-1-000011,,,
EZ000558,154-2-000034,3.0572763655761013,-10.0,7.0
EZ000575,153-1-000077,,,
EZ000580,156-1-000011,,,
EZ000867,151-2-000029,,,
EZ001212,154-2-000034,3.0572763655761013,-10.0,7.0
EZ001381,151-2-000023,,,
EZ001382,151-1-000137,,,
EZ001383,151-1-000118,,,
EZ001385,151-1-000148,,,
EZ001386,151-1-000154,,,
EZ001388,154-1-000178,,,
EZ001391,152-2-000050,0.349927106111882,-1.0,7.0
EZ001392,152-1-000112,,,
EZ001393,152-1-000112,,,
EZ001394,152-1-000019,,,
EZ001396,155-1-000089,,,
EZ001397,155-2-000063,1.030157507275429,2.0,7.0
EZ001447,155-1-000197,,,
EZ001765,156-1-000104,,,
EZ001766,156-1-000028,,,
EZ001767,155-4-000020,,,
EZ001789,151-1-000116,,,
EZ001790,151-1-000014,,,
EZ001796,151-1-000008,,,
EZ001798,156-2-000001,,,
EZ001799,154-1-000146,,,
EZ001800,154-1-000112,,,
EZ001809,156-2-000040,,,
EZ001810,154-1-000115,,,
EZ001811,154-1-000296,,,
EZ001812,154-2-000066,,,
EZ001813,154-1-000230,,,
EZ001818,156-2-000025,,,
EZ001900,156-2-000030,0.7284313590846817,2.0,7.0
EZ001901,151-1-000089,,,
EZ001948,154-2-000072,,,
EZ001950,154-1-000296,,,
EZ001951,156-1-000080,,,
EZ001952,152-1-000017,,,
EZ001955,154-3-000002,,,
EZ002089,154-1-000084,,,
EZ002091,156-1-000023,,,
EZ002092,156-1-000023,,,
EZ002116,155-2-000046,0.0,0.0,7.0
EZ002118,155-2-000078,,,
EZ002156,151-2-000021,,,
EZ002157,153-2-000037,,,
EZ002158,157-1-000115,,,
EZ002159,151-1-000123,,,
EZ002160,156-2-000027,,,
EZ002161,156-2-000054,,,
EZ002162,156-1-000102,,,
EZ002163,152-1-000076,,,
EZ002164,155-1-000204,,,
EZ002165,153-1-000077,,,
EZ002299,155-2-000064,0.7284313590846834,2.0,7.0
EZ002308,151-2-000094,,,
EZ002316,151-1-000116,,,
EZ100008,157-1-000116,,,
EZ100010,156-1-000073,,,
EZ100015,154-2-000034,3.0572763655761013,-10.0,7.0
EZ100115,154-2-000034,3.0572763655761013,-10.0,7.0
EZ100174,153-2-000015,,,
EZ100304,151-1-000135,,,
EZ100310,154-1-000230,,,
EZ100674,156-2-000097,,,
EZ100683,155-1-000011,,,
EZ100687,155-4-000028,,,
EZ100688,155-1-000089,,,
EZ100702,154-1-000094,,,
EZ100733,154-2-000055,0.34992710611188255,0.0,7.0
EZ100749,154-2-000034,3.0572763655761013,-10.0,7.0
EZ100900,155-1-000052,,,
EZ200002,155-2-000063,1.030157507275429,2.0,7.0
EZ200042,154-2-000066,,,
EZ200046,154-1-000281,,,
EZ200104,154-1-000140,,,
EZ250001,150-2-000002,30.22770725202766,-85.0,7.0
EZ300474,150-2-000002,30.22770725202766,-85.0,7.0
EZ500005,154-2-000034,3.0572763655761013,-10.0,7.0
EZ600010,157-1-000116,,,
GS000031,151-2-000065,,,
GS000058,155-1-000186,,,
GS000144,151-1-000058,,,
GS000145,157-1-000115,,,
HD000070,156-2-000003,,,
HE000428,156-2-000081,0.45175395145262925,-1.0,7.0
HE000883,151-2-000005,1.1605769149479936,0.0,7.0
HE001033,154-1-000288,,,
HE001131,154-2-000051,3.238795442501324,-1.0,7.0
HE192131,155-1-000149,,,
HE192562,156-2-000085,1.069044967649699,-3.0,7.0
HE212797,155-1-000004,,,
HE230023,157-1-000011,,,
HE230028,152-1-000063,,,
HE230047,150-3-000001,,,
HE240058,156-1-000102,,,
HE240187,154-1-000288,,,
HE240281,157-1-000100,,,
HE240328,151-2-000033,,,
HE240346,156-2-000081,0.45175395145262925,-1.0,7.0
HE240381,157-1-000124,,,
HE240382,157-1-000124,,,
HE240383,157-1-000124,,,
HE240384,157-1-000124,,,
HE240385,157-1-000124,,,
HE240386,157-1-000124,,,
HE240426,156-2-000032,0.7284313590846837,0.0,7.0
HE240427,154-1-000083,,,
HE240485,151-2-000083,,,
HE240512,151-2-000005,1.1605769149479936,0.0,7.0
HJ000248,156-2-000084,7.60504665954638,-22.0,7.0
HM000060,151-1-000187,,,
HM000121,151-1-000163,,,
HM000125,156-1-000040,,,
HM000127,157-1-000133,,,
HM000128,154-1-000206,,,
HM000140,151-1-000047,,,
HM000142,155-1-000165,,,
HM000149,155-2-000083,,,
HM000153,154-1-000083,,,
HM000155,154-1-000115,,,
HM000158,157-1-000115,,,
HM000159,154-1-000274,,,
HM000167,151-1-000194,,,
HM000169,151-1-000045,,,
HM000183,153-1-000006,,,
HM000195,156-2-000085,1.069044967649699,-3.0,7.0
HM000196,151-2-000033,,,
HM000197,156-1-000096,,,
HM000202,151-1-000116,,,
HM000203,154-2-000066,,,
HM000204,154-1-000138,,,
HM000205,151-2-000065,,,
HM000206,155-4-000013,,,
HM000208,157-1-000131,,,
HM000209,157-1-000119,,,
HM000210,154-1-000277,,,
HM000211,155-1-000040,,,
HM000244,154-1-000115,,,
HM000267,155-1-000111,,,
HM000300,157-1-000095,,,
HM000302,157-1-000002,,,
HM000303,151-1-000121,,,
HM000304,154-1-000206,,,
HM000311,156-2-000085,1.069044967649699,-3.0,7.0
HM000341,156-2-000092,,,
HM000343,156-4-000014,,,
HM000345,157-1-000074,,,
HM000355,150-1-000132,,,
HM000360,154-1-000167,,,
HM000362,157-1-000076,,,
HM000379,156-2-000059,,,
HM000382,156-2-000034,0.728431359084679,-2.0,7.0
HM000388,154-1-000222,,,
HM000392,156-2-000092,,,
HM000399,150-1-000165,,,
HM000402,153-1-000084,,,
HM000419,154-1-000161,,,
HM000443,156-2-000033,,,
HM000446,151-1-000177,,,
HM000485,150-1-000168,,,
HM000486,154-2-000066,,,
HM000492,157-1-000002,,,
HM000504,157-4-000007,,,
HM000514,157-1-000070,,,
HM000515,156-1-000040,,,
HM000516,154-1-000083,,,
HM000519,151-1-000020,,,
HM000520,157-1-000116,,,
HM000521,157-1-000116,,,
HM000522,156-1-000096,,,
HM000579,151-2-000100,,,
HM000582,153-1-000021,,,
HM000585,152-2-000028,,,
HM000587,156-4-000014,,,
HM000590,154-1-000223,,,
HM000632,156-1-000042,,,
HM000635,156-2-000056,,,
HM000636,157-1-000115,,,
HM000658,156-2-000075,,,
HM000665,155-2-000065,0.34992710611188277,-1.0,7.0
HM000674,156-2-000057,,,
HM000676,155-1-000001,,,
HM000684,152-2-000029,,,
HM000688,157-1-000076,,,
HM000720,154-1-000147,,,
HM000721,154-1-000226,,,
HM000722,156-1-000028,,,
HM000736,154-1-000296,,,
HM000738,157-1-000095,,,
HM000741,151-1-000195,,,
HM000743,155-2-000053,1.0690449676497016,2.0,7.0
HM000746,156-2-000091,,,
HM000755,155-1-000042,,,
HM000756,156-2-000091,,,
HM000762,156-1-000040,,,
HM000763,155-2-000048,,,
HM000769,152-1-000080,,,
HM000771,156-2-000059,,,
HM000773,157-1-000075,,,
HM000774,156-2-000079,,,
HM000775,154-1-000083,,,
HM000788,151-1-000148,,,
HM000789,156-2-000091,,,
HM000790,154-1-000083,,,
HM000791,155-1-000158,,,
HM000806,151-2-000091,,,
HM000830,154-1-000083,,,
HM000835,157-1-000129,,,
HM000843,153-2-000056,,,
HM000845,155-1-000132,,,
HM000847,154-1-000167,,,
HM000848,150-1-000146,,,
HM000849,155-1-000176,,,
HM000850,155-1-000073,,,
HM000853,155-1-000160,,,
HM000864,154-1-000161,,,
HM001013,156-2-000094,,,
HM001028,154-1-000274,,,
HM001029,154-1-000241,,,
HM001033,151-2-000094,,,
HM001046,154-1-000276,,,
HM001048,155-4-000024,,,
HM001076,157-1-000072,,,
HM001316,151-2-000077,,,
HM001407,157-1-000095,,,
HM001418,156-2-000056,,,
HM001426,156-2-000056,,,
HM001428,155-4-000013,,,
HM001486,154-1-000227,,,
HM001533,156-2-000071,2.2946254863155757,-6.0,7.0
HM001534,155-1-000123,,,
HM001574,155-1-000003,,,
HM001631,155-3-000005,0.8806305718527113,-2.0,7.0
HM001632,151-1-000004,,,
HM001646,156-1-000095,,,
HM001647,156-2-000071,2.2946254863155757,-6.0,7.0
HM001648,156-2-000061,,,
HM001663,157-1-000077,,,
HM001665,156-2-000012,,,
HM001671,156-2-000068,,,
HM001672,154-1-000222,,,
HM001674,151-2-000072,,,
HM001697,156-1-000088,,,
HM001720,156-2-000072,0.4948716593053938,1.0,7.0
HM001722,153-2-000058,,,
HM001741,154-1-000014,,,
HM001803,151-1-000114,,,
HM001804,151-1-000064,,,
HM001809,151-1-000180,,,
HM001814,156-1-000042,,,
HM001815,154-1-000084,,,
HM001818,156-1-000107,,,
HM700008,155-2-000094,,,
HM710014,153-1-000069,,,
HM710033,156-2-000059,,,
HM710036,154-1-000140,,,
HM710043,151-1-000079,,,
HM710044,151-1-000128,,,
HM710046,150-1-000165,,,
HM710054,153-2-000033,,,
HM710055,151-1-000129,,,
HM710062,155-2-000011,,,
HM710064,150-2-000015,1.0497813183356481,0.0,7.0
HM710074,154-1-000137,,,
HM710076,153-2-000055,,,
HM710077,155-2-000010,0.9258200997725508,-2.0,7.0
HM710078,156-2-000012,,,
HM710079,157-1-000080,,,
HM710090,156-2-000071,2.2946254863155757,-6.0,7.0
HM710096,155-2-000107,,,
HM710098,155-3-000005,0.8806305718527113,-2.0,7.0
HM710101,155-2-000073,,,
HM710103,156-2-000056,,,
HM710104,153-1-000038,,,
HM710118,154-1-000257,,,
HM710121,154-2-000055,0.34992710611188255,0.0,7.0
HU530001,157-1-000132,,,
HW000381,155-2-000081,,,
HW000396,156-1-000081,,,
HW000397,155-2-000031,,,
HW000407,154-1-000138,,,
HW000466,157-1-000139,,,
HW000467,157-4-000007,,,
HW000477,150-2-000013,,,
HW000488,154-2-000066,,,
HW000492,151-2-000012,,,
HW000494,154-2-000064,,,
HW000497,150-1-000113,,,
HW000499,154-1-000266,,,
HW000501,155-2-000032,,,
HW000508,152-1-000043,,,
HW000553,154-1-000206,,,
HW000610,152-1-000110,,,
HW000643,154-1-000014,,,
HW000646,156-2-000017,,,
HW000653,157-1-000139,,,
HW000659,156-2-000025,,,
HW000691,154-1-000146,,,
HW000692,151-1-000061,,,
HW000695,156-1-000002,,,
HW000702,157-4-000007,,,
HY000232,155-2-000103,,,
HY000233,152-1-000055,,,
HY000436,156-1-000095,,,
HY000437,156-1-000095,,,
HY000438,156-1-000095,,,
HY000439,156-1-000095,,,
HY000440,156-1-000095,,,
HY000441,156-1-000095,,,
HY000442,156-1-000095,,,
HY000443,156-1-000095,,,
HY000506,154-1-000139,,,
HY000507,154-1-000139,,,
HY000508,154-1-000139,,,
HY000509,154-1-000139,,,
HY000510,150-1-000112,,,
HY000639,151-1-000054,,,
HY000648,157-1-000128,,,
HY000649,157-1-000128,,,
HY000650,157-1-000128,,,
HY000656,150-4-000113,0.0,0.0,7.0
HY000657,150-1-000118,,,
HY000662,154-1-000137,,,
HY000663,154-1-000137,,,
HY000664,154-1-000137,,,
HY000675,155-1-000123,,,
HY000690,156-3-000001,,,
HY000725,156-1-000093,,,
HY000726,156-1-000093,,,
HY000736,156-2-000044,,,
HY000737,156-2-000040,,,
HY000738,156-2-000044,,,
HY000739,156-2-000040,,,
HY000740,155-1-000119,,,
HY000741,155-1-000174,,,
HY000742,155-1-000174,,,
HY000743,155-1-000119,,,
HY000753,151-4-000048,,,
HY000791,151-1-000013,,,
HY000792,151-1-000013,,,
HY000793,151-1-000013,,,
HY000813,154-1-000138,,,
HY000820,155-1-000111,,,
HY000846,154-1-000137,,,
HY000854,150-4-000113,0.0,0.0,7.0
HY000858,155-1-000165,,,
HY000862,151-1-000147,,,
HY000868,155-1-000162,,,
HY000896,154-4-000022,1.0497813183356355,-3.0,7.0
HY000912,155-4-000030,2.3299294900428658,-6.0,7.0
HY000914,150-4-000113,0.0,0.0,7.0
HY000935,154-1-000254,,,
HY000937,157-1-000128,,,
HY000938,157-1-000128,,,
HY000971,155-2-000012,,,
HY000975,151-2-000096,,,
HY000978,155-3-000004,,,
HY000979,155-3-000004,,,
HY001080,157-1-000121,,,
HY001084,156-2-000091,,,
HY001085,156-2-000091,,,
HY001086,156-2-000091,,,
HY001087,156-2-000091,,,
HY001088,156-2-000091,,,
HY001089,156-2-000091,,,
HY001103,155-1-000176,,,
HY001166,154-1-000083,,,
HY001169,150-1-000130,,,
HY001208,156-2-000054,,,
HY001218,151-2-000076,,,
HY001249,155-1-000004,,,
HY001271,156-1-000044,,,
HY001294,156-1-000043,,,
HY001305,157-1-000124,,,
HY001356,156-4-000014,,,
HY001393,156-2-000040,,,
HY001418,156-2-000085,1.069044967649699,-3.0,7.0
HY001434,154-1-000288,,,
HY001518,150-1-000168,,,
HY001560,151-1-000123,,,
HY001570,154-2-000069,,,
HY001611,157-1-000002,,,
HY001612,157-1-000002,,,
HY001652,156-2-000020,,,
HY001691,151-1-000076,,,
HY001738,150-1-000165,,,
HY001739,155-1-000123,,,
HY001742,155-1-000160,,,
HY001772,154-1-000254,,,
HY001776,156-2-000071,2.2946254863155757,-6.0,7.0
HY001797,153-2-000033,,,
HY001807,151-1-000070,,,
HY001817,156-2-000031,3.010186786529356,-8.0,7.0
HY001826,156-4-000011,,,
HY001836,156-4-000014,,,
HY001851,155-1-000105,1.979486637221571,-5.0,7.0
HY001862,155-2-000103,,,
HY001863,155-2-000060,2.4743582965269675,8.0,7.0
HY001864,155-1-000158,,,
HY001903,155-1-000098,,,
HY001904,156-2-000094,,,
IN053001,155-2-000103,,,
IN053010,154-1-000006,1.124858267715972,-3.0,7.0
IN053013,154-1-000115,,,
IN053014,156-2-000091,,,
IN053018,150-1-000112,,,
IN053030,151-2-000099,,,
IN053031,151-2-000096,,,
IN053035,154-1-000232,,,
IN053036,156-2-000079,,,
IN053038,151-1-000135,,,
IN053043,155-2-000048,,,
IN053044,156-2-000091,,,
IN053060,151-1-000167,,,
IN053069,150-1-000174,,,
IN053070,156-1-000040,,,
IN053072,155-2-000061,0.7284313590846841,0.0,7.0
IN053073,150-2-000026,,,
IN053074,150-1-000120,,,
IN053082,156-2-000103,,,
IN053084,151-2-000015,,,
JA270001,157-1-000102,,,
JA270003,154-1-000006,1.124858267715972,-3.0,7.0
JA270004,156-4-000012,2.6572964625340596,-7.0,7.0
JA270005,151-1-000135,,,
JA270006,154-4-000012,7.0797209676365105,-21.0,7.0
JA270007,154-4-000012,7.0797209676365105,-21.0,7.0
JA270008,151-2-000101,,,
JA270009,155-1-000132,,,
JA270010,156-1-000022,,,
JA270011,153-1-000076,,,
JA270012,151-2-000078,,,
JA270013,154-2-000034,3.0572763655761013,-10.0,7.0
JE080003,150-2-000015,1.0497813183356481,0.0,7.0
KE000070,155-4-000015,,,
KE000075,157-1-000075,,,
KE000211,154-1-000219,,,
KE000230,154-1-000138,,,
KE000244,151-1-000195,,,
KE000245,151-1-000195,,,
KE000246,151-1-000195,,,
KE000354,154-1-000206,,,
KE000359,157-1-000069,,,
KE000360,157-1-000069,,,
KE000375,154-1-000140,,,
KE000385,154-2-000068,,,
KE000386,154-2-000068,,,
KE000387,154-2-000071,,,
KE000419,155-1-000152,,,
KE000420,155-1-000152,,,
KE000540,151-1-000092,,,
KE000548,151-1-000188,,,
KE000602,154-1-000295,,,
KE000692,154-2-000032,1.5118578920369083,2.0,7.0
KE000693,154-2-000032,1.5118578920369083,2.0,7.0
KE000709,154-1-000138,,,
KE000830,154-1-000274,,,
KE000836,151-2-000006,0.49487165930539345,1.0,7.0
KE000883,155-2-000103,,,
KE000884,155-2-000103,,,
KE000885,155-2-000103,,,
KE000886,155-2-000103,,,
KE000887,155-2-000103,,,
KE000897,156-2-000071,2.2946254863155757,-6.0,7.0
KE000898,156-2-000071,2.2946254863155757,-6.0,7.0
KE000899,156-2-000071,2.2946254863155757,-6.0,7.0
KE000987,151-1-000188,,,
KE001011,155-1-000114,,,
KE001046,154-1-000256,,,
KE001051,155-2-000016,2.6649654437396637,-7.0,7.0
KE001052,155-1-000204,,,
KE001062,154-1-000230,,,
KE001089,154-1-000138,,,
KE001090,154-1-000138,,,
KE001196,156-2-000068,,,
KE001252,151-1-000105,,,
KE001333,155-2-000048,,,
KE001402,150-2-000016,,,
KE001516,151-2-000072,,,
KE001517,152-1-000044,,,
KE001518,157-1-000127,,,
KL001131,156-2-000059,,,
KL001282,155-1-000167,,,
KL001438,154-1-000296,,,
KL001439,154-1-000296,,,
KL001440,154-1-000296,,,
KL001494,155-1-000200,,,
KL001616,155-1-000174,,,
KL001617,155-1-000174,,,
KL001618,155-1-000174,,,
KL001672,150-4-000113,0.0,0.0,7.0
KL001677,156-2-000005,,,
KL001678,156-2-000005,,,
KL001679,156-2-000005,,,
KL001809,154-2-000055,0.34992710611188255,0.0,7.0
KL001825,151-2-000101,,,
KL001847,154-2-000039,0.8806305718527111,2.0,7.0
KL001924,154-1-000274,,,
KL001990,155-1-000100,,,
KL002459,155-1-000105,1.979486637221571,-5.0,7.0
KL002465,154-1-000083,,,
KL002550,151-2-000036,,,
KL002650,156-2-000068,,,
KL002700,150-2-000015,1.0497813183356481,0.0,7.0
KL002703,154-2-000072,,,
KP000060,157-1-000133,,,
KP000061,154-1-000154,0.49487165930539406,-1.0,7.0
KP000062,151-1-000168,,,
KP000156,152-1-000023,,,
KP000230,154-4-000012,7.0797209676365105,-21.0,7.0
KP000231,154-2-000058,,,
KP000232,155-2-000055,,,
KP000233,155-2-000054,,,
KP000234,151-2-000059,,,
KP000235,151-2-000039,,,
KP000236,151-2-000065,,,
KP000237,155-3-000008,2.381904571504724,6.0,7.0
KP000238,156-2-000097,,,
KP000239,156-2-000092,,,
KP000240,157-1-000140,,,
KP000241,157-1-000126,,,
KP000334,155-1-000105,1.979486637221571,-5.0,7.0
KP000401,154-2-000034,3.0572763655761013,-10.0,7.0
KP000402,156-2-000012,,,
KP000470,157-1-000096,,,
KP000471,156-2-000032,0.7284313590846837,0.0,7.0
KP000472,156-2-000044,,,
KP000473,156-2-000044,,,
KP000474,157-1-000128,,,
KP000475,157-4-000007,,,
KP000476,155-1-000109,,,
KP000477,155-1-000103,,,
KP000478,155-1-000004,,,
KP000479,155-2-000105,,,
KP000480,155-4-000024,,,
KP000481,151-2-000017,,,
KP000483,153-1-000020,,,
KP000484,150-1-000168,,,
KP000639,150-1-000165,,,
KP000640,154-1-000123,,,
KP000641,154-1-000121,,,
KP000642,154-2-000071,,,
KP000643,156-2-000018,,,
KP000644,156-1-000005,,,
KP000645,156-2-000071,2.2946254863155757,-6.0,7.0
KP000656,157-1-000001,,,
KP000657,156-2-000076,,,
KP000658,156-2-000061,,,
KP000659,156-4-000012,2.6572964625340596,-7.0,7.0
KP000660,156-2-000057,,,
KP000661,156-1-000042,,,
KP000662,156-2-000076,,,
KP000663,156-2-000040,,,
KP000664,157-1-000123,,,
KP000665,151-1-000010,,,
KP000666,151-1-000033,,,
KP000667,155-2-000012,,,
KP000668,155-1-000013,,,
KP000669,155-1-000087,,,
KP000670,155-1-000105,1.979486637221571,-5.0,7.0
KP000671,155-1-000072,,,
KP000672,155-4-000027,,,
KP000673,155-3-000005,0.8806305718527113,-2.0,7.0
KP000674,155-3-000005,0.8806305718527113,-2.0,7.0
KP000675,155-2-000107,,,
KP000676,155-1-000123,,,
KP000677,155-2-000043,,,
KP001101,150-2-000018,,,
KP001102,156-1-000086,,,
KP001107,156-1-000037,,,
KP001109,156-2-000103,,,
KP001111,151-2-000033,,,
KP001112,155-2-000103,,,
KP001114,151-1-000121,,,
KP001115,151-2-000078,,,
KP001594,154-1-000138,,,
KP001595,154-2-000069,,,
KP001596,150-2-000023,,,
KP001597,154-1-000145,,,
KP001598,154-1-000161,,,
KP001599,154-1-000277,,,
KP001600,150-1-000157,,,
KP001602,154-1-000260,,,
KP001603,154-1-000254,,,
KP001604,150-1-000168,,,
KP001613,153-1-000085,,,
KP001614,156-2-000098,,,
KP001615,156-2-000028,,,
KP001616,156-2-000071,2.2946254863155757,-6.0,7.0
KP001617,156-1-000004,,,
KP001618,156-1-000044,,,
KP001620,156-2-000075,,,
KP001637,156-1-000093,,,
KP001639,156-1-000037,,,
KP001640,156-2-000090,,,
KP001641,156-2-000031,3.010186786529356,-8.0,7.0
KP001642,156-1-000097,,,
KP001643,156-2-000012,,,
KP001644,156-2-000094,,,
KP001645,156-2-000061,,,
KP001647,156-2-000031,3.010186786529356,-8.0,7.0
KP001650,156-1-000093,,,
KP001651,156-2-000056,,,
KP001652,156-2-000057,,,
KP001653,156-2-000068,,,
KP001654,156-2-000067,1.1248582677159733,1.0,7.0
KP001655,156-2-000091,,,
KP001656,156-1-000110,,,
KP001657,157-1-000139,,,
KP001658,156-2-000105,0.0,0.0,7.0
KP001659,156-2-000079,,,
KP001660,157-4-000007,,,
KP001661,157-1-000132,,,
KP001662,157-4-000007,,,
KP001663,157-4-000007,,,
KP001664,157-1-000133,,,
KP001666,155-1-000003,,,
KP001667,151-2-000077,,,
KP001668,151-2-000072,,,
KP001669,155-1-000167,,,
KP001670,155-1-000100,,,
KP001671,155-1-000044,,,
KP001672,155-4-000026,,,
KP001673,155-1-000145,,,
KP001674,155-1-000158,,,
KP001675,155-1-000158,,,
KP001676,155-2-000073,,,
KP001677,155-2-000107,,,
KP001678,151-1-000112,,,
KP001679,155-4-000024,,,
KP001681,155-1-000151,,,
KP001682,151-1-000123,,,
KP001683,151-2-000101,,,
KP001684,151-1-000156,,,
KP001687,150-1-000112,,,
KP001953,153-2-000056,,,
KP001959,156-2-000079,,,
KP001960,156-1-000001,,,
KP001961,156-1-000096,,,
KP001962,156-1-000110,,,
KP001963,157-4-000007,,,
KP001964,156-2-000078,,,
KP001965,156-1-000096,,,
KP001966,151-1-000165,,,
KP001967,151-1-000092,,,
KP001968,155-1-000152,,,
KP002172,156-1-000045,,,
KP002173,153-1-000068,,,
KP002174,152-1-000018,,,
KP002180,156-2-000076,,,
KP002182,151-1-000060,,,
KP002183,151-2-000065,,,
KP002184,151-1-000119,,,
KP002186,151-1-000040,,,
KP002187,154-1-000301,,,
KP002188,154-1-000108,,,
KP002189,150-1-000129,,,
KP002190,154-1-000251,,,
KP002192,154-1-000140,,,
KP002319,156-2-000061,,,
KP002320,151-1-000194,,,
KP002321,155-1-000042,,,
KP002322,151-1-000148,,,
KP002323,154-1-000206,,,
KP002324,154-2-000066,,,
KP002325,154-1-000226,,,
KP002416,157-1-000115,,,
KP002417,156-2-000091,,,
KP002418,157-1-000102,,,
KP002419,150-1-000144,,,
KP002514,157-1-000102,,,
KP002633,151-1-000105,,,
KP002663,154-1-000136,,,
KP002736,156-1-000035,,,
KP002737,154-1-000196,,,
KP002757,156-1-000022,,,
KP002769,157-1-000072,,,
KP002797,150-1-000165,,,
KP002861,156-1-000001,,,
KP002898,155-2-000048,,,
KP002973,156-1-000042,,,
KP003004,156-1-000085,,,
KP003010,157-1-000075,,,
KP003014,154-1-000296,,,
KP003157,154-1-000084,,,
KP003158,154-1-000084,,,
KP003173,156-3-000001,,,
KP003174,157-1-000128,,,
KP003196,151-1-000127,,,
KP003197,154-1-000140,,,
KP003222,151-1-000036,,,
KP003223,154-1-000147,,,
KP003224,154-1-000246,,,
KP003239,151-1-000098,,,
KP003268,154-1-000294,,,
KP003278,151-2-000078,,,
KP003291,155-1-000123,,,
KP003311,151-1-000081,,,
KP003343,156-2-000076,,,
KP003423,154-2-000034,3.0572763655761013,-10.0,7.0
KP003424,151-1-000002,,,
KP003444,156-2-000098,,,
KP003475,156-1-000035,,,
KP003631,155-2-000066,,,
KP003696,151-2-000076,,,
KP003697,154-1-000231,,,
KP003698,152-1-000093,,,
KP003772,156-2-000023,,,
KP003774,156-1-000042,,,
KP003775,155-2-000057,1.0690449676496967,0.0,7.0
KP003776,153-2-000003,,,
KP003777,154-1-000188,,,
KP003780,156-2-000027,,,
KP003782,156-2-000041,,,
KP003783,156-1-000080,,,
KP003784,154-1-000083,,,
KP003786,154-2-000039,0.8806305718527111,2.0,7.0
KP003788,151-2-000101,,,
KP003789,155-2-000049,1.178030178747903,-1.0,7.0
KP003790,154-1-000140,,,
KP003870,156-1-000085,,,
KP003871,151-1-000194,,,
KP004005,152-1-000044,,,
KP004007,155-2-000089,,,
KP004009,154-1-000140,,,
KP004010,154-1-000011,,,
KP004011,154-1-000293,,,
KP004018,155-2-000101,,,
KP004022,152-1-000093,,,
KP004024,157-1-000143,,,
KP004025,157-1-000095,,,
KP004028,157-1-000096,,,
KP004412,154-1-000152,,,
KP004413,157-4-000007,,,
KP004416,156-2-000028,,,
KP004433,157-1-000055,,,
KP004798,151-1-000109,,,
KP004799,155-1-000153,,,
KP004800,157-1-000124,,,
KP004805,154-1-000105,,,
KP004806,154-1-000227,,,
KP004851,156-4-000011,,,
KP004852,156-1-000040,,,
KP004857,150-1-000108,,,
KP004863,154-1-000232,,,
KP004864,154-1-000206,,,
KP005266,150-1-000153,,,
KP005267,150-1-000153,,,
KP005271,150-1-000173,,,
KP005311,157-1-000085,,,
KP005312,157-1-000085,,,
KP005376,361-1-000003,,,
KP005545,156-1-000066,,,
KP005644,155-3-000002,4.642307659791977,-10.0,7.0
KP005723,157-1-000095,,,
KP005769,156-2-000057,,,
KP005822,157-1-000090,,,
KP005831,157-1-000054,,,
KP005832,157-1-000048,,,
KP005833,157-1-000009,,,
KP005834,157-1-000007,,,
KP005872,157-1-000108,,,
KP005873,152-2-000004,,,
KP006964,361-2-000046,,,
KP008088,157-1-000133,,,
KP010445,151-2-000046,0.45175395145262554,0.0,7.0
KP010627,154-1-000104,0.0,0.0,7.0
KRC10171,153-1-000046,,,
KRC10237,154-1-000140,,,
L3004597,155-2-000063,1.030157507275429,2.0,7.0
L3004610,154-1-000288,,,
LD270002,151-2-000012,,,
LI000046,157-1-000115,,,
LI000058,152-1-000103,,,
LI000059,152-1-000103,,,
LI000076,157-1-000115,,,
LU000034,156-2-000084,7.60504665954638,-22.0,7.0
LU000035,151-2-000102,,,
LU000083,151-2-000029,,,
LU000118,155-4-000017,,,
LU000119,154-1-000293,,,
LU000120,154-1-000139,,,
LU000200,155-4-000002,,,
LU000228,150-2-000018,,,
LU000231,154-2-000063,,,
LU000302,361-2-000035,,,
LU000335,157-1-000072,,,
LU000361,157-1-000007,,,
LU000437,157-1-000105,,,
LU000458,155-1-000006,,,
LU000479,155-1-000094,,,
LU000561,155-1-000149,,,
LU000568,155-1-000158,,,
LU000587,156-2-000096,,,
LU000636,154-1-000254,,,
LU000677,155-1-000130,,,
LU000684,156-1-000066,,,
LU000742,156-1-000037,,,
LU000769,157-1-000133,,,
LU000799,154-1-000140,,,
LU000904,151-1-000010,,,
LU000912,154-1-000022,,,
LU001022,151-2-000035,,,
LU001036,157-1-000069,,,
LU001061,152-1-000018,,,
LU001081,152-2-000019,,,
LU001220,157-1-000072,,,
LU001249,150-2-000016,,,
LU001276,151-2-000102,,,
LU001290,151-1-000007,,,
LU001508,156-2-000076,,,
LU001561,151-2-000067,,,
LU001601,157-1-000048,,,
LU001641,156-1-000090,,,
LU001682,153-2-000005,,,
LU001780,154-1-000284,,,
LU001804,151-1-000058,,,
LU001877,154-1-000230,,,
LU001878,150-1-000104,,,
LU001880,154-4-000022,1.0497813183356355,-3.0,7.0
LU001998,155-2-000039,,,
LU002093,150-2-000032,,,
LU002099,154-1-000113,,,
LU002120,157-1-000133,,,
LU002133,157-4-000007,,,
LU002217,152-1-000018,,,
LU002226,156-2-000105,0.0,0.0,7.0
LU002230,155-2-000039,,,
LU002259,155-4-000008,,,
LU002303,155-2-000081,,,
LU002345,156-2-000105,0.0,0.0,7.0
LU002360,157-1-000116,,,
LU002365,154-2-000066,,,
LU002373,150-1-000118,,,
LU002386,156-1-000005,,,
LU002435,157-1-000076,,,
LU002484,156-2-000068,,,
LU002488,151-1-000009,,,
LU002535,154-2-000071,,,
LU002588,156-1-000093,,,
LU002597,155-1-000174,,,
LU002687,151-2-000083,,,
LU002753,156-1-000089,,,
LU002810,156-4-000014,,,
LU002824,155-2-000053,1.0690449676497016,2.0,7.0
LU002867,156-2-000079,,,
LU002878,156-1-000096,,,
LU002944,155-4-000015,,,
LU003018,150-2-000016,,,
LU003020,157-1-000130,,,
LU003071,151-1-000195,,,
LU003073,156-1-000037,,,
LU003121,154-2-000040,0.5345224838248477,-2.0,7.0
LU003123,151-1-000012,,,
LU003127,156-2-000032,0.7284313590846837,0.0,7.0
LU003143,151-2-000101,,,
LU003147,151-2-000035,,,
LU003165,155-1-000081,,,
LU003182,155-1-000176,,,
LU003218,156-2-000101,,,
LU003223,155-1-000125,,,
LU003352,154-1-000084,,,
LU003353,155-2-000073,,,
LU003361,156-4-000014,,,
LU003376,155-4-000002,,,
LU003389,150-2-000013,,,
LU003423,156-2-000031,3.010186786529356,-8.0,7.0
LU003428,153-1-000011,,,
LU003552,154-1-000303,2.2314999074018975,-5.0,7.0
LU003557,154-1-000251,,,
LU003594,151-2-000023,,,
LU003646,154-1-000206,,,
LU003650,154-1-000274,,,
LU003651,157-1-000132,,,
LU003668,155-2-000047,0.9897433186107882,1.0,7.0
LU003669,155-1-000166,,,
LU003670,155-1-000095,,,
LU003675,151-2-000100,,,
LU003683,150-1-000112,,,
LU003732,157-4-000007,,,
LU003738,156-1-000091,,,
LU003743,155-1-000081,,,
LU003746,156-2-000031,3.010186786529356,-8.0,7.0
LU003747,157-1-000133,,,
LU003750,156-1-000091,,,
LU003800,155-1-000042,,,
LU003848,156-2-000056,,,
LU003877,155-1-000102,,,
LU003878,155-1-000005,,,
LU003901,155-1-000094,,,
LU003904,154-1-000115,,,
LU003907,155-1-000160,,,
LU003911,155-1-000151,,,
LU003915,154-1-000170,,,
LU003923,155-1-000170,,,
LU003926,154-1-000206,,,
LU003962,154-1-000296,,,
LU003963,153-1-000001,,,
LU003964,154-1-000145,,,
LU003965,154-1-000223,,,
LU003966,154-1-000206,,,
LU004017,151-1-000188,,,
LU004019,151-1-000092,,,
LU004020,156-2-000091,,,
LU004027,155-4-000008,,,
LU004073,154-1-000296,,,
LU004079,155-1-000173,,,
LU004085,150-1-000112,,,
LU004135,157-1-000143,,,
LU004142,153-1-000096,,,
LU004153,156-2-000040,,,
LU004175,155-1-000025,,,
LU004183,151-1-000131,,,
LU004184,151-1-000045,,,
LU004185,151-1-000045,,,
LU004186,156-1-000107,,,
LU004191,154-1-000296,,,
LU004213,156-2-000091,,,
LU004272,151-2-000072,,,
LU004309,156-2-000067,1.1248582677159733,1.0,7.0
LU100024,156-2-000032,0.7284313590846837,0.0,7.0
LU100057,154-2-000072,,,
LU100059,154-1-000030,,,
LU100067,154-1-000140,,,
LU100094,151-1-000162,,,
LU100103,156-2-000003,,,
LU100144,151-2-000026,,,
LU100145,151-2-000023,,,
LU100146,151-1-000156,,,
LU100148,154-1-000302,,,
LU100149,154-1-000274,,,
LU100150,155-1-000005,,,
LU100151,157-1-000072,,,
LU100152,157-1-000138,,,
LU100153,157-4-000007,,,
LU100191,151-1-000080,,,
LU100230,155-2-000085,,,
LU100306,154-1-000296,,,
LU100310,155-1-000014,,,
LU100316,155-1-000004,,,
LU100345,156-1-000004,,,
LU100348,156-1-000084,,,
LU100349,151-2-000095,,,
LU100350,151-1-000043,,,
LU100498,155-1-000174,,,
LU100499,156-3-000001,,,
LU100685,154-1-000152,,,
LU100689,157-4-000007,,,
LU100748,151-1-000148,,,
LU100755,157-1-000133,,,
LU100804,151-1-000045,,,
LU100903,156-2-000003,,,
LU100907,154-1-000251,,,
LU100925,156-1-000002,,,
LU100941,150-1-000158,,,
LU100945,152-1-000093,,,
LU100946,151-2-000017,,,
LU100964,156-2-000105,0.0,0.0,7.0
LU100966,156-2-000029,0.638876564999938,2.0,7.0
LU100967,155-1-000204,,,
LU100968,151-1-000017,,,
LU100986,151-1-000124,,,
LU100988,154-2-000072,,,
LU100989,151-1-000195,,,
LU100990,151-1-000127,,,
LU100991,154-2-000069,,,
LU100992,151-1-000126,,,
LU100993,154-1-000014,,,
LU101005,151-1-000054,,,
LU101007,155-1-000173,,,
LU101011,151-1-000175,,,
LU101015,155-1-000160,,,
LU101018,157-1-000102,,,
LU101019,156-4-000012,2.6572964625340596,-7.0,7.0
LU101020,155-2-000106,,,
LU101021,155-1-000149,,,
LU101022,156-2-000061,,,
LU101024,156-2-000071,2.2946254863155757,-6.0,7.0
LU101042,154-1-000302,,,
LU101043,152-1-000070,,,
LU101076,157-1-000072,,,
LU101077,156-2-000032,0.7284313590846837,0.0,7.0
LU101079,156-1-000096,,,
LU101118,151-1-000045,,,
LU101135,154-2-000072,,,
LU101138,155-1-000157,,,
LU101139,151-2-000072,,,
LU101149,154-1-000056,,,
LU101150,151-2-000033,,,
LU101151,151-1-000126,,,
LU101179,155-4-000027,,,
LU101180,155-4-000024,,,
LU101181,151-1-000006,,,
LU101191,156-1-000003,,,
LU101192,156-1-000085,,,
LU101193,156-1-000037,,,
LU101194,155-2-000049,1.178030178747903,-1.0,7.0
LU101195,157-1-000132,,,
LU101196,157-1-000096,,,
LU101199,156-1-000003,,,
LU101200,156-2-000012,,,
LU101201,157-1-000142,,,
LU101202,156-2-000005,,,
LU101203,156-3-000001,,,
LU101227,151-2-000098,,,
LU101237,155-1-000025,,,
LU101255,151-1-000025,,,
LU101259,154-1-000188,,,
LU101273,151-1-000123,,,
LU101282,151-1-000097,,,
LU101288,155-2-000020,,,
LU101290,150-1-000144,,,
LU101311,151-1-000119,,,
LU101314,154-1-000147,,,
LU101315,154-1-000136,,,
LU101316,155-1-000159,,,
LU101318,151-1-000119,,,
LU101320,151-2-000065,,,
LU101324,154-1-000232,,,
LU101327,153-1-000076,,,
LU101331,156-1-000048,,,
LU101332,151-1-000074,,,
LU101333,152-1-000111,,,
LU101335,155-4-000024,,,
LU101423,150-2-000029,,,
LU101483,157-1-000103,,,
LU101490,151-2-000078,,,
LU101492,151-1-000165,,,
LU101535,155-1-000140,,,
LU101541,153-1-000038,,,
LU101542,156-2-000025,,,
LU101543,155-4-000002,,,
LU101552,156-1-000045,,,
LU101555,154-1-000104,0.0,0.0,7.0
LU101563,153-1-000038,,,
LU101611,151-1-000195,,,
LU101612,155-1-000097,,,
LU101613,155-1-000109,,,
LU101626,156-1-000022,,,
LU101627,156-2-000078,,,
LU101629,151-1-000017,,,
LU101632,156-2-000071,2.2946254863155757,-6.0,7.0
LU101678,155-1-000025,,,
MO271701,152-1-000134,,,
MO910154,150-2-000025,,,
NH270001,361-1-000001,,,
NS850022,150-2-000014,,,
NT100021,154-1-000222,,,
NT100092,157-1-000127,,,
NT100105,156-2-000068,,,
NT100108,154-2-000069,,,
NT100145,157-1-000129,,,
NT100174,156-2-000068,,,
NT100233,154-1-000225,,,
NT100237,156-1-000065,,,
NT100238,155-1-000111,,,
NT100239,157-1-000002,,,
NT100399,156-2-000076,,,
NT100469,153-2-000033,,,
NT100521,153-1-000080,,,
NT100595,151-2-000005,1.1605769149479936,0.0,7.0
NT100596,151-2-000005,1.1605769149479936,0.0,7.0
NT100656,154-1-000144,,,
NT100842,157-1-000094,,,
NT100890,157-4-000007,,,
NT100893,151-2-000005,1.1605769149479936,0.0,7.0
NT100925,157-1-000078,,,
NT101228,150-1-000177,,,
NT101295,155-2-000090,,,
NT101300,150-2-000026,,,
NT101301,157-1-000055,,,
NT101302,155-1-000123,,,
NT101390,154-2-000072,,,
NT101499,156-1-000095,,,
NT101503,154-2-000072,,,
NT101504,154-2-000072,,,
NT101508,156-1-000065,,,
NT101554,154-1-000224,,,
NT101559,154-2-000067,,,
NT101614,156-2-000068,,,
NT101674,156-2-000096,,,
NT101785,155-4-000010,,,
NT101834,154-2-000055,0.34992710611188255,0.0,7.0
NT101931,156-2-000071,2.2946254863155757,-6.0,7.0
NT101991,152-1-000002,,,
NT102057,157-1-000127,,,
NT102179,153-1-000068,,,
NT102180,153-1-000069,,,
NT102272,156-2-000003,,,
NT102386,155-1-000105,1.979486637221571,-5.0,7.0
NT300021,151-1-000195,,,
NT300050,155-1-000117,,,
NUNR0042,157-1-000002,,,
NX000017,157-1-000080,,,
NX000018,151-1-000080,,,
NX000019,153-1-000107,,,
NX000020,156-3-000001,,,
NX000023,155-1-000018,,,
NX000024,155-1-000119,,,
PC000017,154-1-000161,,,
PC000025,155-1-000158,,,
PC000027,156-1-000040,,,
PC000100,155-2-000046,0.0,0.0,7.0
PC000120,157-4-000007,,,
PC000132,151-2-000084,,,
PC000159,157-1-000103,,,
PC000164,150-1-000108,,,
PC000165,152-1-000012,,,
PC000166,151-1-000038,,,
PC000206,156-2-000105,0.0,0.0,7.0
PC000220,150-1-000112,,,
PC000226,157-1-000126,,,
PC000227,156-1-000092,,,
PC000228,154-1-000274,,,
PC000229,156-2-000020,,,
PC000235,154-1-000136,,,
PC000264,155-2-000107,,,
PC000270,154-2-000072,,,
PC000294,154-1-000223,,,
PC000296,154-1-000188,,,
PC000305,154-1-000058,,,
PC000306,156-2-000078,,,
PC000307,157-1-000008,,,
PC000330,151-1-000025,,,
PC000331,156-4-000012,2.6572964625340596,-7.0,7.0
PC000442,156-2-000017,,,
PC000466,151-2-000077,,,
PC000530,154-1-000152,,,
PC000537,154-1-000014,,,
PC000548,154-1-000301,,,
PC000550,154-1-000016,,,
PC000551,154-1-000138,,,
PC000552,150-1-000145,,,
PC000553,150-1-000146,,,
PC000603,151-1-000119,,,
PC000610,156-3-000001,,,
PC000623,157-1-000010,,,
PC000629,153-1-000085,,,
PC000631,153-2-000035,,,
PC000632,156-1-000110,,,
PC000634,157-1-000002,,,
PC000640,150-1-000168,,,
PC000654,154-1-000229,,,
PC000655,155-2-000085,,,
PC000704,156-2-000071,2.2946254863155757,-6.0,7.0
PC000724,154-1-000219,,,
PC000830,155-2-000065,0.34992710611188277,-1.0,7.0
PC000833,155-1-000017,,,
PC001094,156-2-000071,2.2946254863155757,-6.0,7.0
PC001102,154-1-000239,,,
PC001105,154-1-000020,,,
PC001106,154-1-000029,,,
PC001117,150-2-000012,,,
PC001118,157-1-000069,,,
PC001124,155-1-000107,1.124858267715973,2.0,7.0
PC001128,157-4-000007,,,
PC001130,151-1-000195,,,
PC001131,150-1-000129,,,
PC001132,151-1-000081,,,
PC001144,150-1-000112,,,
PC001162,157-1-000132,,,
PC001205,154-1-000084,,,
PC001247,156-2-000095,,,
PC001250,154-1-000083,,,
PC001251,151-2-000015,,,
PC001255,150-1-000148,,,
PC001268,154-1-000266,,,
PC001277,154-1-000302,,,
PC001278,151-1-000102,,,
PC001280,156-2-000056,,,
PC001284,157-4-000007,,,
PC001285,153-1-000042,,,
PC001286,150-1-000138,,,
PC001294,155-1-000143,,,
PC001310,156-4-000014,,,
PC001314,151-1-000014,,,
PC001315,155-2-000079,,,
PC001316,154-1-000161,,,
PC001321,155-1-000158,,,
PC001327,151-2-000078,,,
PC001338,155-1-000117,,,
PC001339,150-4-000113,0.0,0.0,7.0
PC001340,155-2-000104,,,
PC001341,151-2-000077,,,
PC001344,151-1-000195,,,
PC001345,155-1-000035,,,
PC001346,156-1-000087,,,
PC001347,156-1-000001,,,
PC001487,155-1-000117,,,
PC001513,150-1-000144,,,
PC001520,151-1-000121,,,
PC001544,155-1-000143,,,
PC001547,155-2-000107,,,
PC001562,156-2-000101,,,
PC001566,155-1-000006,,,
PC001576,157-1-000143,,,
PC001577,157-1-000072,,,
PC001739,157-1-000116,,,
PC001754,155-1-000114,,,
PC001755,155-2-000011,,,
PC001756,156-2-000029,0.638876564999938,2.0,7.0
PC001758,156-2-000094,,,
PC001762,157-1-000069,,,
PC001802,155-1-000021,,,
PC001827,157-4-000007,,,
PC001830,151-2-000099,,,
PC001831,155-2-000028,,,
PC001839,151-1-000122,,,
PC001965,155-1-000029,,,
PC001966,150-2-000023,,,
PI000126,156-2-000031,3.010186786529356,-8.0,7.0
PI000129,154-1-000288,,,
PI000131,156-4-000014,,,
PI000132,155-3-000002,4.642307659791977,-10.0,7.0
PI000133,156-1-000065,,,
PI000235,157-1-000097,,,
PI000236,157-1-000072,,,
PI000237,152-1-000035,,,
PI000239,151-1-000017,,,
PI000241,154-1-000239,,,
PI000253,153-2-000020,,,
PI000645,155-1-000112,,,
PI000700,150-1-000123,,,
PI001681,154-2-000072,,,
PI019056,155-1-000176,,,
PI067893,155-2-000011,,,
PI068147,155-2-000011,,,
PI070275,150-1-000171,,,
PI070443,156-2-000091,,,
PI121897,156-2-000025,,,
PI121974,154-1-000251,,,
PI122169,151-1-000176,,,
PI122225,154-1-000009,,,
PI122336,157-1-000072,,,
PI122356,154-1-000136,,,
PI202102,155-1-000151,,,
PI202109,154-1-000161,,,
PI202153,151-1-000147,,,
PI202230,154-1-000161,,,
PI202257,151-2-000081,,,
PI202313,155-1-000172,,,
PI202438,155-4-000030,2.3299294900428658,-6.0,7.0
PI202502,155-4-000008,,,
PI202534,155-4-000008,,,
PI202568,155-1-000095,,,
PI202619,155-1-000093,,,
PI202707,155-1-000166,,,
PI202729,151-1-000102,,,
PI202733,150-2-000030,21.671951213210015,-62.0,7.0
PI202743,151-2-000068,,,
PI202778,153-1-000069,,,
PI202801,150-2-000030,21.671951213210015,-62.0,7.0
PI202853,151-2-000088,,,
PI202889,154-1-000162,,,
PI202911,154-1-000219,,,
PI202986,155-1-000105,1.979486637221571,-5.0,7.0
PI203006,151-1-000166,,,
PI203015,156-2-000043,,,
PI306068,150-4-000113,0.0,0.0,7.0
PI306072,156-4-000012,2.6572964625340596,-7.0,7.0
PI306085,154-2-000066,,,
PI306105,155-1-000149,,,
PI306150,155-1-000093,,,
PI530032,151-2-000076,,,
PI530033,154-1-000296,,,
PI530034,153-2-000033,,,
PI530037,155-2-000103,,,
PI530042,156-3-000001,,,
PI530043,156-2-000025,,,
PI530044,150-1-000171,,,
PI530048,152-1-000051,,,
PI530050,156-1-000008,,,
PI530054,155-2-000068,,,
PI530057,154-1-000196,,,
PI530061,153-1-000099,,,
PI530062,154-1-000276,,,
PI530065,154-1-000125,,,
PI530074,155-4-000017,,,
PI530077,156-2-000015,,,
PI530079,156-1-000096,,,
PI530082,154-1-000172,,,
PI530086,157-1-000140,,,
PI530087,152-2-000050,0.349927106111882,-1.0,7.0
PI530265,156-4-000014,,,
PI530271,155-1-000178,,,
PI530273,157-4-000007,,,
PI530274,157-4-000007,,,
PI530275,151-1-000195,,,
PI530277,156-1-000096,,,
PI530278,157-1-000132,,,
PI530279,155-1-000161,,,
PI530280,154-2-000066,,,
PI530281,156-4-000014,,,
PI530282,153-2-000027,,,
PI530283,155-1-000109,,,
PI530284,157-4-000007,,,
PI530285,153-1-000002,,,
PI530286,153-1-000029,,,
PI530287,155-1-000094,,,
PI530288,152-1-000113,,,
PI530289,155-4-000016,,,
PI530290,156-2-000017,,,
PI530291,154-1-000064,,,
PI530292,151-1-000042,,,
PI530293,152-1-000021,,,
PI530294,155-1-000160,,,
PI530295,151-1-000043,,,
PI530299,156-4-000012,2.6572964625340596,-7.0,7.0
PI530300,155-1-000172,,,
PI530302,154-1-000158,,,
PI530303,155-1-000195,,,
PI530304,151-1-000102,,,
PI530306,156-2-000095,,,
PI530307,155-4-000020,,,
PI530310,151-1-000195,,,
PI530311,156-2-000091,,,
PI530312,153-2-000044,,,
PI530313,156-2-000080,6.253162465211225,-19.0,7.0
PI530314,361-1-000002,,,
PI530315,155-2-000023,,,
PI530316,152-1-000007,,,
PI530318,153-1-000011,,,
PI530319,155-2-000060,2.4743582965269675,8.0,7.0
PI530320,154-2-000071,,,
PI530321,154-1-000151,,,
PI530322,154-1-000125,,,
PI530328,156-3-000001,,,
PI530330,154-1-000152,,,
PI530331,153-1-000012,,,
PI530332,156-2-000072,0.4948716593053938,1.0,7.0
PI530333,155-4-000025,,,
PI540344,361-2-000035,,,
PI645107,156-2-000094,,,
PI645291,157-1-000123,,,
PI645405,156-1-000040,,,
PI645420,154-3-000002,,,
PI690005,155-2-000049,1.178030178747903,-1.0,7.0
PI690013,156-4-000011,,,
PI700098,156-1-000001,,,
PI700099,156-2-000012,,,
PI700380,156-4-000014,,,
PI700382,155-4-000002,,,
PI700385,150-1-000165,,,
PI700390,155-1-000167,,,
PI700392,154-1-000231,,,
PI700393,156-2-000071,2.2946254863155757,-6.0,7.0
PI700394,154-2-000069,,,
PI700396,154-1-000140,,,
PI700403,155-1-000145,,,
PI700409,151-2-000065,,,
PI700593,152-1-000069,,,
PI700594,152-1-000123,,,
PI700612,156-2-000068,,,
PI700618,157-1-000139,,,
PI700627,156-2-000031,3.010186786529356,-8.0,7.0
PI700651,154-2-000039,0.8806305718527111,2.0,7.0
PI700653,151-2-000100,,,
PI700664,155-2-000010,0.9258200997725508,-2.0,7.0
PI700681,156-1-000003,,,
PI700984,151-2-000094,,,
PI700992,155-1-000076,,,
PI700995,153-1-000020,,,
PI701108,154-1-000139,,,
PI701109,157-1-000048,,,
PI701148,157-1-000076,,,
PI701151,156-1-000065,,,
PI701152,155-2-000073,,,
PI701155,154-1-000115,,,
PI701156,156-2-000094,,,
PI701157,156-2-000056,,,
PI701164,157-1-000002,,,
PI707292,157-1-000076,,,
PI708782,151-2-000033,,,
PI708859,151-1-000006,,,
PI709193,156-2-000031,3.010186786529356,-8.0,7.0
PI709238,153-2-000012,,,
PI709297,151-1-000194,,,
PI709403,157-4-000007,,,
PI709888,152-2-000001,,,
PI709889,155-1-000105,1.979486637221571,-5.0,7.0
PI710185,154-1-000115,,,
PI710637,154-1-000190,,,
PI710697,157-1-000072,,,
PI711474,151-2-000094,,,
PI711511,156-2-000059,,,
PI712445,156-1-000022,,,
PI712701,151-2-000017,,,
PI712846,156-3-000001,,,
PI712855,154-2-000066,,,
PI713039,152-2-000006,,,
PI713336,156-2-000079,,,
PI713588,150-1-000168,,,
PI713594,155-2-000019,,,
PI713730,156-1-000093,,,
PI713755,155-1-000111,,,
PI714349,156-2-000032,0.7284313590846837,0.0,7.0
PI715256,151-1-000089,,,
PI715262,155-1-000086,,,
PI716115,156-1-000065,,,
PI716269,154-2-000070,,,
PI716765,155-1-000172,,,
PI717959,157-1-000076,,,
PI718146,155-1-000145,,,
PI718313,154-1-000274,,,
PI718662,151-2-000026,,,
PI719709,157-1-000139,,,
PI720438,156-2-000085,1.069044967649699,-3.0,7.0
PI721003,156-2-000079,,,
PI721106,155-2-000029,,,
PI721174,155-1-000108,3.4934340744678516,-10.0,7.0
PI721386,154-1-000206,,,
PI721389,156-2-000034,0.728431359084679,-2.0,7.0
PI721516,155-4-000013,,,
PI721549,156-2-000089,1.124858267715972,-3.0,7.0
PI721552,156-2-000031,3.010186786529356,-8.0,7.0
PI721611,151-2-000026,,,
PI721706,154-2-000069,,,
PI721729,156-1-000065,,,
PI721772,156-2-000032,0.7284313590846837,0.0,7.0
PI721844,155-1-000195,,,
PI721980,155-1-000005,,,
PI722246,157-1-000070,,,
PI722307,155-1-000151,,,
PI722467,155-2-000087,,,
PI722554,151-1-000076,,,
PI722615,155-1-000099,,,
PI722646,156-1-000085,,,
PI722778,155-2-000103,,,
PI722903,154-1-000279,,,
PI723139,157-1-000076,,,
PI723141,157-1-000076,,,
PI723157,154-1-000139,,,
PI730006,151-1-000024,,,
PI730076,156-2-000080,6.253162465211225,-19.0,7.0
PI730462,157-1-000129,,,
PI735118,151-1-000118,,,
PI735176,155-1-000005,,,
PI735180,153-1-000085,,,
PI735196,155-4-000003,,,
PI735210,155-2-000053,1.0690449676497016,2.0,7.0
PI735228,155-2-000010,0.9258200997725508,-2.0,7.0
PI740066,155-1-000204,,,
PI740068,155-1-000204,,,
PI740086,155-1-000021,,,
PI740088,155-4-000026,,,
PI740096,151-1-000116,,,
PI740098,151-1-000116,,,
PI740111,153-2-000014,,,
PI740113,153-2-000057,,,
PI740125,155-2-000073,,,
PI740134,154-1-000274,,,
PI740140,154-1-000139,,,
PI740146,155-4-000020,,,
PI740149,154-1-000206,,,
PI740172,151-1-000048,,,
PI740174,151-1-000049,,,
PI740187,156-2-000031,3.010186786529356,-8.0,7.0
PI740205,154-1-000147,,,
PI740208,157-1-000092,,,
PI740215,157-1-000048,,,
PI740222,155-2-000051,0.9897433186107868,-2.0,7.0
PI740224,155-1-000166,,,
PI740226,155-4-000030,2.3299294900428658,-6.0,7.0
PI740227,151-2-000019,,,
PI740229,151-2-000019,,,
PI740231,151-2-000091,,,
PI740239,154-1-000136,,,
PI740241,154-1-000136,,,
PI740242,154-1-000136,,,
PI740243,154-1-000136,,,
PI740249,153-1-000006,,,
PI740250,153-1-000006,,,
PI740252,153-2-000014,,,
PI740254,154-1-000083,,,
PI740255,154-1-000083,,,
PI740256,154-1-000083,,,
PI740260,157-1-000070,,,
PI740261,157-1-000070,,,
PI740262,157-1-000070,,,
PI740263,157-1-000070,,,
PI740264,157-1-000070,,,
PI740280,155-1-000172,,,
PI740282,155-1-000172,,,
PI740284,155-1-000172,,,
PI740287,154-1-000223,,,
PI740288,154-1-000223,,,
PI740289,154-1-000223,,,
PI740291,154-1-000223,,,
PI740298,155-1-000168,,,
PI740299,155-1-000173,,,
PI740300,151-2-000100,,,
PI740311,154-1-000254,,,
PI740349,157-1-000097,,,
PI740352,157-1-000097,,,
PI740372,151-1-000195,,,
PI740374,151-1-000195,,,
PI740396,155-4-000003,,,
PI740398,155-2-000011,,,
PI740400,151-1-000047,,,
PI740409,156-1-000089,,,
PI740412,153-1-000022,,,
PI740415,153-1-000022,,,
PI740417,153-1-000022,,,
PI740419,153-1-000022,,,
PI740435,156-2-000076,,,
PI740437,156-2-000076,,,
PI740454,155-1-000200,,,
PI740455,155-1-000200,,,
PI740456,155-1-000200,,,
PI740457,155-1-000200,,,
PI740524,155-1-000139,,,
PI740529,155-1-000006,,,
PI740534,156-2-000079,,,
PI740557,156-2-000059,,,
PI740559,156-2-000059,,,
PI740562,154-1-000277,,,
PI740564,154-1-000277,,,
PI740572,153-2-000056,,,
PI740574,153-2-000056,,,
PI740595,154-1-000206,,,
PI740598,154-1-000206,,,
PI740600,157-1-000072,,,
PI740602,157-1-000072,,,
PI740615,156-2-000076,,,
PI740618,156-1-000037,,,
PI740620,156-2-000079,,,
PI740622,156-2-000079,,,
PI740625,151-2-000075,,,
PI740628,155-3-000005,0.8806305718527113,-2.0,7.0
PI740652,155-2-000073,,,
PI740662,155-1-000200,,,
PI740664,156-2-000078,,,
PI740666,156-2-000078,,,
PI740668,156-2-000032,0.7284313590846837,0.0,7.0
PI740671,154-1-000137,,,
PI740673,154-1-000137,,,
PI740674,154-1-000137,,,
PI740688,155-1-000015,,,
PI740689,155-1-000016,,,
PI740690,155-1-000016,,,
PI740698,156-1-000095,,,
PI740699,156-2-000061,,,
PI740701,156-2-000061,,,
PI740716,156-2-000079,,,
PI740718,156-2-000079,,,
PI740721,155-4-000013,,,
PI740722,155-4-000013,,,
PI740743,154-1-000251,,,
PI740776,154-1-000251,,,
PI747158,156-1-000037,,,
PI747199,152-2-000003,,,
PI750001,155-1-000204,,,
PI750054,155-1-000187,,,
PI750070,154-1-000251,,,
PI750081,156-2-000079,,,
PI750417,155-1-000004,,,
PI750644,154-2-000069,,,
PI751183,151-2-000078,,,
PI751598,157-1-000001,,,
PI751775,155-1-000077,,,
PI752370,157-1-000127,,,
PI752996,150-2-000002,30.22770725202766,-85.0,7.0
PI753609,156-2-000035,4.43547848464572,13.0,7.0
PI753881,151-1-000121,,,
PI760200,150-2-000018,,,
PI760266,154-1-000139,,,
PI760600,154-2-000066,,,
PI760660,156-2-000054,,,
PI760829,157-1-000076,,,
PI761043,154-2-000069,,,
PI761310,155-2-000103,,,
PI761312,155-1-000146,,,
PI761316,155-1-000040,,,
PI761336,155-1-000040,,,
PI762181,156-1-000001,,,
PI762200,156-2-000085,1.069044967649699,-3.0,7.0
PI762875,154-1-000031,,,
PI762921,155-1-000200,,,
PI763137,156-2-000079,,,
PI763257,155-1-000095,,,
PI763496,154-1-000014,,,
PI763522,157-4-000007,,,
PI763542,156-2-000103,,,
PI763860,157-1-000133,,,
PI763881,151-2-000005,1.1605769149479936,0.0,7.0
PI763899,155-1-000111,,,
PI764152,151-2-000036,,,
PI764279,151-2-000005,1.1605769149479936,0.0,7.0
PI764308,154-1-000231,,,
PI764310,155-1-000139,,,
PI764330,151-2-000005,1.1605769149479936,0.0,7.0
PI764338,156-1-000029,,,
PI764340,156-1-000049,,,
PI764379,155-4-000024,,,
PI764417,151-1-000045,,,
PI764547,151-2-000068,,,
PI764654,154-2-000066,,,
PI764782,151-2-000005,1.1605769149479936,0.0,7.0
PI764798,155-1-000095,,,
PI764807,151-2-000075,,,
PI764946,154-1-000293,,,
PI764948,154-1-000274,,,
PI766462,154-2-000066,,,
PI766958,155-2-000049,1.178030178747903,-1.0,7.0
PI767503,155-1-000108,3.4934340744678516,-10.0,7.0
PI768154,155-1-000187,,,
PI768523,155-2-000049,1.178030178747903,-1.0,7.0
PI770691,155-1-000108,3.4934340744678516,-10.0,7.0
PI770811,150-2-000013,,,
PI772392,151-2-000033,,,
PI772509,155-1-000005,,,
PI772523,151-2-000094,,,
PI772624,156-2-000079,,,
PI772912,152-1-000113,,,
PI773278,153-1-000085,,,
PI773847,154-1-000205,,,
PI773857,154-1-000226,,,
PI773887,151-2-000015,,,
PI775353,151-1-000043,,,
PI780002,150-2-000018,,,
PI780007,156-2-000012,,,
PI780009,156-2-000074,,,
PI780015,155-1-000174,,,
PI780065,154-1-000294,,,
PI780101,155-2-000047,0.9897433186107882,1.0,7.0
PI780153,157-1-000010,,,
PI780247,152-1-000126,,,
PI780265,152-1-000053,,,
PI783362,155-2-000058,,,
PI793474,157-1-000143,,,
PI793513,156-2-000061,,,
PI794018,157-1-000139,,,
PI794067,157-1-000095,,,
PI794211,157-1-000077,,,
PI794323,155-1-000109,,,
PI794330,155-2-000049,1.178030178747903,-1.0,7.0
PI794362,156-2-000003,,,
PI794372,154-1-000206,,,
PI795053,155-1-000021,,,
PI795479,156-2-000031,3.010186786529356,-8.0,7.0
PI795618,156-2-000056,,,
PI795672,151-2-000072,,,
PI795839,156-2-000059,,,
PI796223,151-2-000033,,,
PI796484,155-1-000118,,,
PI796974,155-2-000013,,,
PI801482,157-1-000123,,,
PI802108,156-1-000045,,,
PI802535,154-1-000115,,,
PI802709,156-1-000040,,,
PI802798,157-1-000070,,,
PI803060,151-1-000048,,,
PI803203,157-1-000036,,,
PI805002,155-2-000091,,,
PI807335,155-4-000013,,,
PI807412,150-2-000002,30.22770725202766,-85.0,7.0
PI808200,156-1-000096,,,
PI808468,155-1-000044,,,
PI808484,157-1-000076,,,
PI808544,150-2-000018,,,
PI808729,157-1-000001,,,
PI809532,156-2-000071,2.2946254863155757,-6.0,7.0
PIA00336,157-1-000132,,,
PIH00094,154-2-000072,,,
PIH00153,156-4-000012,2.6572964625340596,-7.0,7.0
PIH00166,156-2-000059,,,
PIH00307,154-1-000227,,,
PIH00354,154-1-000152,,,
PIH00377,156-2-000030,0.7284313590846817,2.0,7.0
PIH00408,154-3-000002,,,
PIH00443,154-2-000072,,,
PIH00448,154-2-000072,,,
PIH00496,156-2-000079,,,
PIH00515,150-1-000124,,,
PIH00516,153-1-000107,,,
PIH00517,153-2-000016,,,
PIH00518,153-1-000097,,,
PIH00519,154-1-000124,,,
PIH00520,155-2-000063,1.030157507275429,2.0,7.0
PIH00522,151-2-000005,1.1605769149479936,0.0,7.0
PIH00556,156-1-000029,,,
PIH00573,154-1-000205,,,
PIH00639,156-2-000037,,,
PIH00640,157-1-000123,,,
PIH00672,157-1-000048,,,
PIH00737,151-2-000005,1.1605769149479936,0.0,7.0
PIH00752,154-1-000251,,,
PIH00783,151-2-000102,,,
PIH00787,151-2-000012,,,
PIH00945,150-1-000132,,,
PIH00946,154-1-000251,,,
PIH00983,157-1-000142,,,
PIH01030,152-1-000136,,,
PIH01159,156-2-000005,,,
PIH01160,153-1-000045,,,
PIH01164,156-1-000109,0.0,0.0,7.0
PIH01168,156-2-000044,,,
PIH01181,151-1-000028,,,
PIH01276,154-2-000039,0.8806305718527111,2.0,7.0
PIH01358,156-3-000001,,,
PIH01486,151-2-000005,1.1605769149479936,0.0,7.0
PIH01543,155-1-000004,,,
PIH01544,152-1-000119,,,
PIH01545,151-1-000054,,,
PIH01572,151-1-000148,,,
PIH01594,151-1-000171,,,
PIH01595,151-1-000143,,,
PIH01599,154-1-000259,,,
PIH01600,152-1-000093,,,
PIH01629,156-2-000078,,,
PIH01705,155-1-000043,,,
PIH01712,150-4-000114,,,
PIH01747,154-1-000206,,,
PIH01759,151-2-000051,,,
PIH01792,151-1-000073,,,
PIH01804,154-1-000251,,,
PIH01824,156-1-000042,,,
PIH01854,156-2-000081,0.45175395145262925,-1.0,7.0
PIH01883,151-2-000038,,,
PIH01900,155-4-000013,,,
PIH01936,150-2-000036,,,
PIH01985,152-2-000038,,,
PIH02017,157-1-000128,,,
PIH02046,151-2-000036,,,
PIS00522,155-2-000103,,,
PIS00523,157-1-000116,,,
PIS00524,157-1-000116,,,
PIS00525,157-1-000075,,,
PIS00526,156-2-000091,,,
PIS00527,157-1-000115,,,
PIS00528,155-4-000008,,,
PIS00529,157-1-000133,,,
PIS00530,154-2-000032,1.5118578920369083,2.0,7.0
PIS00532,155-1-000098,,,
PIS00533,155-1-000029,,,
PIS00537,151-2-000099,,,
PIS00538,155-4-000013,,,
PIS00539,154-1-000137,,,
PIS00540,154-2-000017,0.5345224838248488,1.0,7.0
PIS00543,155-2-000107,,,
PIS00544,155-2-000051,0.9897433186107868,-2.0,7.0
PIS00545,152-1-000050,,,
PIS00546,151-2-000036,,,
PIS00548,152-1-000017,,,
PIS00549,156-2-000061,,,
PIS00550,151-1-000087,,,
PIS00551,151-1-000119,,,
PIS00552,156-1-000065,,,
PIS00553,154-1-000251,,,
PIS00554,156-4-000014,,,
PIS00555,151-1-000167,,,
PIS00556,154-1-000288,,,
PIS00557,157-1-000072,,,
PIS00558,155-1-000159,,,
PIS00559,153-2-000033,,,
PIS00560,152-1-000017,,,
PIS00561,151-2-000005,1.1605769149479936,0.0,7.0
PIS00563,151-1-000096,,,
PIS00564,154-1-000263,,,
PIS00565,151-1-000194,,,
PIS00566,155-1-000151,,,
PIS00567,151-2-000014,,,
PIS00568,151-1-000092,,,
PIS00569,155-1-000167,,,
PIS00570,157-1-000122,,,
PIS00571,156-2-000026,,,
PIS00572,154-1-000137,,,
PIS00573,154-1-000057,,,
PIS00574,155-1-000175,,,
PIS00575,154-1-000254,,,
PIS00576,156-1-000046,,,
PIS00577,151-2-000100,,,
PIS00579,155-1-000151,,,
PIS00580,154-1-000246,,,
PIS00581,154-1-000084,,,
PIS00586,154-1-000273,,,
PIS00587,157-1-000072,,,
PIS00588,156-2-000029,0.638876564999938,2.0,7.0
PIS00589,154-1-000224,,,
PIS00590,151-1-000102,,,
PIS00594,157-1-000115,,,
PIS00597,153-2-000058,,,
PIS00791,154-1-000136,,,
PK000367,151-2-000101,,,
PK000382,156-1-000083,,,
PK000386,156-1-000065,,,
PL000027,154-2-000071,,,
PL000118,155-1-000043,,,
PL000301,154-1-000302,,,
PL000446,154-1-000140,,,
PL000629,154-2-000061,,,
PL000752,155-1-000174,,,
PL005034,155-4-000004,,,
PL005127,156-2-000012,,,
PL005150,153-1-000011,,,
PL005167,155-4-000003,,,
PL005467,151-1-000188,,,
PL005484,157-1-000119,,,
PL006988,151-1-000017,,,
PL007300,154-1-000165,,,
PL007313,154-1-000167,,,
PL007315,154-1-000257,,,
PL007320,154-1-000195,,,
PL007331,154-1-000121,,,
PL007381,154-1-000296,,,
PL007429,154-1-000084,,,
PL007518,155-4-000004,,,
PL007595,155-2-000105,,,
PL007673,155-1-000018,,,
PL007698,155-1-000167,,,
PL007702,155-1-000109,,,
PL007726,155-1-000016,,,
PL007785,150-1-000171,,,
PL007817,156-1-000042,,,
PL007827,156-2-000071,2.2946254863155757,-6.0,7.0
PL007853,156-1-000088,,,
PL007870,156-2-000072,0.4948716593053938,1.0,7.0
PL008043,157-1-000095,,,
PL008112,157-1-000071,,,
PL008129,157-1-000076,,,
PL030042,155-4-000025,,,
PL030631,154-1-000274,,,
PL030724,151-1-000195,,,
PL031050,156-2-000068,,,
PL031139,154-2-000072,,,
PL031141,155-4-000017,,,
PL031179,156-4-000014,,,
PL031200,156-2-000005,,,
PL031246,152-1-000115,,,
PL031251,154-1-000142,,,
PL031334,150-2-000017,2.87849166851572,-8.0,7.0
PL031349,154-1-000140,,,
PL031384,156-2-000056,,,
PL031386,156-2-000105,0.0,0.0,7.0
PL031432,155-1-000111,,,
PL031433,156-3-000001,,,
PL031434,156-2-000079,,,
PL031435,150-2-000025,,,
PL031504,150-2-000021,,,
PL031509,156-1-000022,,,
PL031519,152-1-000021,,,
PL031534,154-1-000256,,,
PL031542,155-2-000056,,,
PL031570,156-2-000071,2.2946254863155757,-6.0,7.0
PL031583,153-2-000047,,,
PL031587,157-1-000002,,,
PL031601,155-1-000100,,,
PL031602,155-2-000065,0.34992710611188277,-1.0,7.0
PL031612,153-2-000054,,,
PL031622,151-1-000077,,,
PL031623,156-2-000061,,,
PL031624,156-2-000079,,,
PL031630,155-1-000006,,,
PL031631,155-1-000160,,,
PL031644,155-4-000024,,,
PL031649,155-1-000160,,,
PL031678,157-1-000115,,,
PL031681,156-2-000057,,,
PL031708,155-2-000043,,,
PL031709,157-1-000080,,,
PL031717,156-4-000012,2.6572964625340596,-7.0,7.0
PL031721,154-2-000051,3.238795442501324,-1.0,7.0
PL031745,156-1-000040,,,
PL031757,157-1-000074,,,
PL031781,153-1-000110,,,
PL031807,156-4-000012,2.6572964625340596,-7.0,7.0
PL031816,154-1-000115,,,
PL031832,153-1-000041,,,
PL031835,152-1-000017,,,
PL031837,154-1-000274,,,
PL031838,156-2-000076,,,
PL031881,151-1-000135,,,
PL031888,155-1-000145,,,
PL031889,154-1-000081,,,
PL031890,151-1-000128,,,
PL031891,156-1-000110,,,
PL031923,157-4-000007,,,
PL031951,156-1-000042,,,
PL031969,153-2-000014,,,
PL031970,156-2-000071,2.2946254863155757,-6.0,7.0
PL031972,150-1-000128,,,
PL031977,156-1-000110,,,
PL031985,156-1-000045,,,
PL031986,156-2-000018,,,
PL031988,153-2-000056,,,
PL031993,155-4-000026,,,
PL031994,154-1-000083,,,
PL031999,151-1-000018,,,
PL032005,154-1-000094,,,
PL032016,154-1-000084,,,
PL032021,154-1-000125,,,
PL032024,157-1-000072,,,
PL032050,157-1-000070,,,
PL032054,155-1-000147,,,
PL032057,156-1-000096,,,
PL032067,156-2-000079,,,
PL032077,157-1-000070,,,
PL032090,154-2-000051,3.238795442501324,-1.0,7.0
PL032094,156-1-000046,,,
PL032104,154-1-000302,,,
PL032109,156-2-000074,,,
PL032114,155-1-000016,,,
PL032140,150-1-000150,,,
PL032146,156-1-000042,,,
PL032159,155-1-000149,,,
PL032182,156-2-000031,3.010186786529356,-8.0,7.0
PL032223,154-1-000254,,,
PL032229,155-1-000151,,,
PL032235,153-1-000023,,,
PL032238,151-2-000095,,,
PL032253,156-1-000045,,,
PL032258,151-1-000045,,,
PL032289,154-1-000277,,,
PL032294,155-4-000013,,,
PL032299,155-2-000107,,,
PL032300,155-2-000073,,,
PL032323,156-1-000090,,,
PL032333,156-2-000059,,,
PL032337,151-1-000194,,,
PL032348,156-2-000057,,,
PL032357,153-1-000019,,,
PL032360,151-1-000100,,,
PL032392,156-2-000061,,,
PL032543,155-1-000006,,,
PL032566,155-1-000098,,,
PL032579,157-4-000007,,,
PL032775,157-1-000072,,,
PL032786,153-1-000002,,,
PL032822,154-1-000158,,,
PL032933,155-4-000020,,,
PL032940,156-1-000091,,,
PL032967,150-2-000032,,,
PL032968,151-2-000051,,,
PL032994,154-1-000115,,,
PL033031,154-1-000165,,,
PL033036,154-1-000165,,,
PL033044,155-1-000109,,,
PL033046,156-2-000001,,,
PL033063,155-4-000026,,,
PL033064,156-2-000076,,,
PL033150,153-1-000023,,,
PL033193,155-4-000004,,,
PL033196,151-1-000021,,,
PL033288,154-1-000294,,,
PL033295,156-1-000100,,,
PL033358,156-1-000003,,,
PL033403,156-2-000057,,,
PL033437,156-2-000068,,,
PL033482,155-1-000093,,,
PL033548,153-2-000055,,,
PL033570,156-2-000055,0.7559289460184554,2.0,7.0
PL033571,155-1-000108,3.4934340744678516,-10.0,7.0
PL033627,154-2-000072,,,
PL033630,155-4-000004,,,
PL033755,157-1-000069,,,
PL100067,154-1-000029,,,
PW000092,157-1-000084,,,
PW000093,157-1-000084,,,
PW000094,156-1-000088,,,
PW000095,156-1-000088,,,
PW000096,156-1-000088,,,
PW000097,156-1-000088,,,
PW000101,151-2-000014,,,
PW000102,151-1-000007,,,
PW000112,154-1-000274,,,
PW000113,154-1-000274,,,
PW000121,156-1-000043,,,
PW000224,156-2-000071,2.2946254863155757,-6.0,7.0
PW000243,155-2-000030,,,
PW000244,155-2-000030,,,
PW000277,150-2-000025,,,
PW000288,151-1-000148,,,
PW000289,151-1-000148,,,
PW000290,151-1-000148,,,
PW000292,151-1-000025,,,
PW000293,151-1-000028,,,
PW000295,152-1-000081,,,
PW000296,153-1-000084,,,
PW000305,152-1-000005,,,
PW000306,151-1-000048,,,
PW000307,152-1-000102,,,
PW000335,154-1-000226,,,
PW000336,154-1-000226,,,
PW000338,154-1-000147,,,
PW000339,154-1-000147,,,
PW000340,154-1-000147,,,
PW000341,154-1-000147,,,
PW000459,154-1-000205,,,
PW000460,154-1-000205,,,
PW000461,154-1-000205,,,
PW000462,154-1-000205,,,
PW000463,154-1-000205,,,
PW000555,154-1-000014,,,
PW000556,154-1-000014,,,
PW000557,154-1-000154,0.49487165930539406,-1.0,7.0
PW000576,154-1-000156,,,
PW000584,155-1-000006,,,
PW000621,151-2-000075,,,
PW000623,150-2-000001,,,
PW000787,152-2-000050,0.349927106111882,-1.0,7.0
PW000789,155-2-000056,,,
PW000790,151-1-000058,,,
PW000805,151-2-000023,,,
PW000806,151-2-000023,,,
PW000807,151-2-000023,,,
PW000808,151-2-000023,,,
PW000809,154-1-000296,,,
PW000810,154-1-000296,,,
PW000811,154-1-000296,,,
PW000812,154-1-000296,,,
PW000813,154-1-000296,,,
PW000814,155-1-000158,,,
PW000815,155-1-000158,,,
PW000864,157-1-000072,,,
PW001123,155-1-000187,,,
PW001124,155-1-000187,,,
PW001179,156-1-000096,,,
PW001186,152-1-000012,,,
PW001195,151-1-000195,,,
PW001196,151-1-000195,,,
PW001197,151-1-000195,,,
PW001198,151-1-000195,,,
PW001229,155-1-000040,,,
PW001230,155-1-000040,,,
PW001232,154-1-000155,,,
PW001233,154-1-000161,,,
PW001234,154-1-000155,,,
PW001235,154-1-000113,,,
PW001236,154-1-000113,,,
PW001240,154-1-000113,,,
PW001241,154-1-000113,,,
PW001242,154-1-000113,,,
PW001243,154-1-000113,,,
PW001244,154-1-000155,,,
PW001250,152-1-000098,,,
PW001341,151-1-000062,,,
PW010023,157-1-000133,,,
PW010025,150-1-000113,,,
PW010035,154-1-000094,,,
PW010042,150-1-000132,,,
PW010114,151-2-000023,,,
PW010122,156-1-000096,,,
PW010180,151-1-000123,,,
PW010187,154-2-000066,,,
PW010224,156-2-000057,,,
PW010225,157-4-000007,,,
PW010236,155-1-000080,,,
PW010248,157-1-000069,,,
PW010249,157-4-000007,,,
PW010299,155-1-000018,,,
PW010450,155-4-000002,,,
PW010451,156-2-000101,,,
PW010464,151-2-000023,,,
PW010481,155-2-000106,,,
PW010491,151-1-000089,,,
PW010494,156-4-000012,2.6572964625340596,-7.0,7.0
PW010507,156-1-000022,,,
PW010509,156-1-000095,,,
PW010511,155-1-000149,,,
PW010536,155-2-000073,,,
PW010597,151-1-000091,,,
PW010616,151-1-000043,,,
PW010622,151-2-000072,,,
PW010697,150-1-000165,,,
PW010777,151-1-000195,,,
PW010815,150-1-000108,,,
PW010849,156-2-000056,,,
PW010851,155-1-000006,,,
PW011012,155-2-000107,,,
PW011117,154-1-000115,,,
PW011186,156-2-000076,,,
PW011187,157-4-000007,,,
PW011290,156-2-000031,3.010186786529356,-8.0,7.0
PW011340,151-2-000096,,,
PW011344,151-1-000119,,,
PW011345,151-1-000119,,,
PW011346,151-1-000119,,,
PW011347,151-1-000119,,,
PW011348,154-1-000064,,,
PW011353,155-1-000109,,,
PW011490,156-2-000005,,,
PW011491,156-2-000005,,,
PW011492,156-2-000005,,,
PW011493,156-2-000005,,,
PW011502,154-1-000251,,,
PW011503,154-1-000251,,,
PW011504,154-1-000251,,,
PW011505,154-1-000251,,,
PW011617,157-4-000007,,,
PW011618,157-4-000007,,,
PW011619,157-4-000007,,,
PW011653,154-1-000303,2.2314999074018975,-5.0,7.0
PW011664,151-1-000148,,,
PW011672,152-1-000020,,,
PW011683,155-1-000004,,,
PW011684,155-1-000004,,,
PW011697,155-4-000017,,,
PW011706,151-2-000059,,,
PW011725,152-1-000019,,,
PW011726,154-1-000296,,,
PW011970,151-2-000059,,,
PW011971,151-2-000059,,,
PW011973,155-1-000195,,,
PW012148,154-1-000113,,,
PW012149,361-2-000041,,,
PW012156,151-1-000195,,,
PW012157,151-1-000195,,,
PW012323,151-2-000011,,,
PW012333,361-2-000035,,,
PW012340,361-2-000035,,,
PW012361,157-1-000133,,,
PW012390,151-2-000097,,,
PW012424,155-1-000040,,,
PW012428,154-1-000266,,,
PW012431,156-2-000061,,,
PW012433,155-2-000049,1.178030178747903,-1.0,7.0
PW012441,155-3-000002,4.642307659791977,-10.0,7.0
PW012443,151-2-000098,,,
PW012448,156-2-000057,,,
PW012449,151-2-000098,,,
PW012450,155-2-000107,,,
PW012453,155-1-000197,,,
PW012454,155-1-000098,,,
PW012455,155-1-000006,,,
PW012459,155-1-000006,,,
PW012460,155-1-000072,,,
PW012464,154-2-000063,,,
PW012465,155-1-000195,,,
PW012467,155-2-000107,,,
PW012478,151-2-000076,,,
PW012481,155-2-000107,,,
PW012484,151-1-000195,,,
PW012485,151-2-000029,,,
PW012489,154-1-000083,,,
PW012491,155-1-000103,,,
PW012494,152-1-000051,,,
PW012495,157-1-000139,,,
PW012496,155-1-000040,,,
PW012497,150-1-000130,,,
PW012502,153-2-000027,,,
PW012506,156-2-000105,0.0,0.0,7.0
PW012509,156-2-000094,,,
PW012510,155-2-000060,2.4743582965269675,8.0,7.0
PW012607,157-1-000142,,,
PW012619,156-2-000068,,,
PW012658,156-1-000091,,,
PW012841,154-1-000239,,,
PW012845,157-1-000074,,,
PW012853,155-4-000005,,,
PW012854,150-1-000128,,,
PW012856,154-2-000039,0.8806305718527111,2.0,7.0
PW012929,155-2-000105,,,
PW012935,154-2-000070,,,
PW012977,156-1-000082,,,
PW012998,151-2-000076,,,
PW013000,154-1-000158,,,
PW013007,156-1-000048,,,
PW013036,154-1-000138,,,
PW013127,155-3-000002,4.642307659791977,-10.0,7.0
PW013146,151-1-000010,,,
PW013147,155-2-000107,,,
PW013148,156-1-000048,,,
PW013150,155-1-000006,,,
PW013152,155-1-000080,,,
PW013155,150-1-000113,,,
PW013157,156-1-000035,,,
PW013158,155-4-000003,,,
PW013163,154-1-000251,,,
PW013164,151-2-000098,,,
PW013165,156-2-000079,,,
PW013167,154-2-000069,,,
PW013168,155-4-000003,,,
PW013174,151-2-000100,,,
PW013178,156-2-000040,,,
PW013179,155-3-000005,0.8806305718527113,-2.0,7.0
PW013180,151-2-000083,,,
PW013184,151-2-000096,,,
PW013201,155-2-000030,,,
PW013213,157-4-000007,,,
PW013214,156-2-000056,,,
PW013216,151-1-000123,,,
PW013218,155-4-000027,,,
PW013219,154-1-000190,,,
PW013220,154-1-000136,,,
PW013221,156-1-000095,,,
PW013224,155-1-000005,,,
PW013296,156-2-000094,,,
PW013298,156-1-000037,,,
PW013300,157-1-000094,,,
PW013303,156-2-000057,,,
PW013304,151-1-000148,,,
PW013312,156-1-000085,,,
PW013317,151-1-000012,,,
PW013344,156-1-000086,,,
PW013354,156-2-000067,1.1248582677159733,1.0,7.0
PW013355,156-1-000001,,,
PW013381,154-2-000069,,,
PW013384,155-1-000150,,,
PW013454,154-1-000205,,,
PW013458,156-2-000012,,,
PW013508,155-1-000170,,,
PW013516,151-2-000023,,,
PW013517,151-1-000127,,,
PW013525,155-1-000149,,,
PW013527,154-2-000066,,,
PW013530,157-1-000143,,,
PW013546,150-1-000124,,,
PW013551,154-1-000101,,,
PW013555,156-2-000076,,,
PW013558,152-1-000131,,,
PW013567,154-1-000145,,,
PW013572,155-2-000107,,,
PW013575,151-2-000072,,,
PW013577,156-2-000013,,,
PW013585,154-1-000121,,,
PW013587,154-2-000063,,,
PW013588,151-2-000029,,,
PW013617,155-2-000049,1.178030178747903,-1.0,7.0
PW013618,151-1-000195,,,
PW013624,151-1-000148,,,
PW013625,156-2-000028,,,
PW013626,156-1-000005,,,
PW013628,156-2-000055,0.7559289460184554,2.0,7.0
PW013629,155-4-000019,,,
PW013637,155-1-000072,,,
PW013644,151-1-000121,,,
PW013676,151-2-000033,,,
PW013683,151-2-000031,,,
PW013686,151-1-000124,,,
PW013688,151-2-000029,,,
PW013752,155-2-000059,9.559694299612351,-26.0,7.0
PW013789,156-2-000078,,,
PW013829,155-1-000114,,,
PW013901,154-2-000069,,,
PW013969,151-2-000003,0.6998542122237659,0.0,7.0
PW013970,151-2-000034,,,
PW014040,155-2-000048,,,
PW014078,154-1-000266,,,
PW014098,155-1-000159,,,
PW014158,155-2-000106,,,
PW014161,156-2-000013,,,
PW014165,157-1-000069,,,
PW014177,157-1-000094,,,
PW014179,154-1-000014,,,
PW014186,151-2-000101,,,
PW014194,155-1-000114,,,
PW014203,151-2-000068,,,
PW014204,154-1-000206,,,
PW014224,153-1-000055,,,
PW014238,152-1-000013,,,
PW014263,157-4-000007,,,
PW014268,154-2-000069,,,
PW014287,156-1-000095,,,
PW014291,156-2-000105,0.0,0.0,7.0
PW014294,156-1-000095,,,
PW014311,155-4-000026,,,
PW014349,155-4-000003,,,
PW014366,150-1-000142,,,
PW014386,156-4-000011,,,
PW014432,150-1-000108,,,
PW014434,151-1-000051,,,
PW014437,157-4-000007,,,
PW014459,157-1-000143,,,
PW014472,151-1-000091,,,
PW014511,150-1-000151,,,
PW014536,150-1-000168,,,
PW014547,151-1-000148,,,
PW014556,156-2-000094,,,
PW014568,151-2-000023,,,
PW014572,156-1-000037,,,
PW014573,156-1-000095,,,
PW014578,157-1-000101,,,
PW014580,156-1-000048,,,
PW014581,156-1-000048,,,
PW014590,154-1-000226,,,
PW014624,157-1-000133,,,
PW014647,157-1-000128,,,
PW014650,150-2-000015,1.0497813183356481,0.0,7.0
PW014666,151-1-000015,,,
PW014669,156-1-000035,,,
PW014688,151-1-000015,,,
PW014759,156-2-000071,2.2946254863155757,-6.0,7.0
PW014834,151-1-000074,,,
PW014855,151-2-000100,,,
PW014856,151-1-000010,,,
PW014857,151-2-000083,,,
PW014859,155-1-000145,,,
PW014869,156-4-000011,,,
PW014874,157-1-000084,,,
PW014882,157-1-000072,,,
PW014914,153-1-000102,,,
PW014929,156-2-000056,,,
PW014946,155-2-000060,2.4743582965269675,8.0,7.0
PW014973,151-2-000014,,,
PW015039,154-2-000066,,,
PW015040,152-1-000047,,,
PW015041,152-1-000021,,,
PW015042,152-1-000065,,,
PW015051,154-1-000241,,,
PW015054,155-1-000030,,,
PW015055,155-1-000030,,,
PW015062,157-4-000007,,,
PW015079,153-1-000102,,,
PW015080,153-1-000107,,,
PW015094,151-2-000100,,,
PW015099,150-1-000132,,,
PW015100,153-2-000064,,,
PW015101,156-2-000079,,,
PW015121,154-1-000302,,,
PW015127,156-1-000085,,,
PW015130,155-1-000150,,,
PW015136,156-2-000090,,,
PW015139,151-1-000117,,,
PW015140,151-2-000065,,,
PW015154,150-2-000033,,,
PW015173,156-1-000096,,,
PW015176,154-2-000032,1.5118578920369083,2.0,7.0
PW015189,157-4-000007,,,
PW015255,153-1-000079,,,
PW015257,154-1-000302,,,
PW015300,151-2-000101,,,
PW015303,155-2-000048,,,
PW015305,157-1-000095,,,
PW015310,156-1-000110,,,
PW015317,156-2-000090,,,
PW015347,151-2-000101,,,
PW015363,150-2-000016,,,
PW015439,151-1-000148,,,
PW100063,154-1-000226,,,
PW100068,150-1-000150,,,
PW100359,155-2-000010,0.9258200997725508,-2.0,7.0
PW100360,155-2-000010,0.9258200997725508,-2.0,7.0
PW100434,156-2-000004,,,
PW100435,156-1-000048,,,
PW100456,155-1-000151,,,
PW100461,154-1-000031,,,
PW100466,154-1-000222,,,
PW100473,156-2-000061,,,
PW100498,153-1-000041,,,
PW100501,155-1-000158,,,
PW100535,151-1-000148,,,
PW100537,157-4-000007,,,
PW100553,154-1-000239,,,
PW100567,157-1-000074,,,
PW100573,151-2-000029,,,
PW100601,157-4-000007,,,
PW100630,156-2-000078,,,
PW100670,157-1-000139,,,
PW100671,155-1-000098,,,
PW100686,151-2-000023,,,
PW100687,155-1-000205,,,
PW100688,151-2-000017,,,
PW100693,154-1-000274,,,
PW100715,150-2-000012,,,
PW100716,150-2-000012,,,
PW100724,155-4-000027,,,
PW100734,156-2-000057,,,
PW100764,156-2-000071,2.2946254863155757,-6.0,7.0
PW100770,152-1-000134,,,
PW100771,152-1-000134,,,
PW100772,152-1-000134,,,
PW100792,157-1-000076,,,
PW100805,155-1-000123,,,
PW100815,154-2-000069,,,
PW100818,157-1-000072,,,
PW100831,151-1-000028,,,
PW100836,154-1-000226,,,
PW100867,155-2-000060,2.4743582965269675,8.0,7.0
PW100872,157-4-000007,,,
PW100881,157-1-000008,,,
PW100902,151-1-000123,,,
PW100965,154-1-000226,,,
PW100974,155-4-000026,,,
PW100976,156-1-000110,,,
PW100986,156-2-000076,,,
PW101126,156-2-000101,,,
PW101152,155-2-000048,,,
PW800017,156-1-000090,,,
PW800040,155-1-000040,,,
PW800062,155-2-000107,,,
PW800081,154-1-000251,,,
PW800112,155-1-000004,,,
PW800152,155-4-000027,,,
PW800153,155-2-000059,9.559694299612351,-26.0,7.0
PW800156,155-1-000005,,,
PW800185,156-1-000095,,,
PW800194,155-1-000149,,,
PW800199,155-1-000021,,,
PW800210,154-1-000226,,,
PW800222,151-1-000162,,,
PW800242,157-1-000124,,,
PW800286,151-1-000012,,,
PW800287,151-1-000148,,,
PW800290,150-1-000157,,,
PW800330,154-1-000161,,,
PW800400,156-2-000105,0.0,0.0,7.0
PW800403,151-1-000148,,,
PW800405,150-1-000168,,,
PW800427,155-1-000114,,,
PW800480,151-2-000083,,,
PW800555,154-1-000235,,,
PW800558,151-2-000017,,,
PW800572,153-2-000013,,,
PW800585,154-1-000226,,,
PW800598,151-2-000023,,,
PW800610,156-2-000090,,,
PW800620,155-2-000107,,,
PW800640,151-1-000148,,,
PW800641,156-1-000005,,,
PW800660,156-2-000094,,,
PW800669,154-1-000296,,,
PW800689,152-1-000005,,,
PW800745,154-1-000266,,,
PW800746,154-1-000136,,,
PW800747,156-2-000076,,,
PW800748,156-1-000110,,,
PW800749,157-4-000007,,,
PW800750,156-2-000057,,,
PW800755,154-4-000022,1.0497813183356355,-3.0,7.0
PW800782,155-1-000105,1.979486637221571,-5.0,7.0
PW800785,157-1-000127,,,
PW800802,154-1-000222,,,
PW800921,155-1-000105,1.979486637221571,-5.0,7.0
PW800956,155-1-000145,,,
PW801040,151-1-000012,,,
PW801047,153-1-000050,,,
PW801051,152-1-000005,,,
PW801089,155-1-000151,,,
PW801097,156-2-000071,2.2946254863155757,-6.0,7.0
PW801098,157-1-000072,,,
PW801099,151-2-000029,,,
PW801105,153-1-000050,,,
PW801106,157-1-000127,,,
PW801141,151-1-000073,,,
PW801190,157-1-000100,,,
PW801191,150-1-000145,,,
PW801196,156-2-000005,,,
PW801215,156-1-000082,,,
PW801250,154-1-000137,,,
PW801304,151-2-000096,,,
PW801353,154-1-000147,,,
PW801429,155-1-000073,,,
PW801539,150-1-000132,,,
PW801566,155-1-000197,,,
PWE00129,155-1-000114,,,
PWE00145,150-1-000144,,,
PWE00153,157-1-000069,,,
PWE00471,155-2-000107,,,
PWE00593,155-4-000004,,,
PWE00794,156-1-000095,,,
PWE00804,156-2-000028,,,
PWE00827,156-1-000005,,,
PWE01064,155-2-000107,,,
PWE01193,156-1-000104,,,
PWE01234,155-1-000072,,,
PWE01250,154-1-000274,,,
PWE01301,151-2-000101,,,
PWE01302,155-1-000195,,,
PWE01307,156-1-000096,,,
PWE01326,154-1-000136,,,
PWE01334,151-2-000034,,,
PWE01374,156-2-000094,,,
PWE01415,155-4-000027,,,
PWE01533,155-4-000002,,,
PWE01546,154-1-000190,,,
PWE01607,151-2-000017,,,
PWE01744,157-4-000007,,,
PWE01953,154-1-000151,,,
PWE02028,150-1-000113,,,
PWE02137,157-1-000094,,,
PWE02149,155-1-000150,,,
PWE02156,157-1-000144,,,
PWE02170,151-1-000148,,,
PWE02242,150-1-000157,,,
PWE02243,150-1-000157,,,
PWE02386,151-1-000119,,,
PWE02391,155-4-000003,,,
PWE02448,156-2-000085,1.069044967649699,-3.0,7.0
PWE02462,156-1-000096,,,
PWE02546,156-2-000071,2.2946254863155757,-6.0,7.0
PWE02568,151-1-000022,,,
PWE02670,156-1-000095,,,
PWE02787,155-1-000021,,,
PWE02855,156-4-000011,,,
PWE02875,157-1-000133,,,
PWE02920,154-1-000274,,,
PWE02945,155-1-000105,1.979486637221571,-5.0,7.0
PWE02950,156-2-000101,,,
PWE03164,151-1-000148,,,
PWE03322,150-1-000150,,,
PWE03516,154-2-000066,,,
PWE03650,156-2-000076,,,
PWE03691,156-2-000091,,,
PWE04113,157-1-000070,,,
PWE04136,156-2-000004,,,
PWE04370,155-2-000106,,,
PWE04504,151-2-000023,,,
PWE04623,155-1-000165,,,
PWE04647,151-1-000089,,,
PWE04806,157-4-000007,,,
PWE05030,154-1-000251,,,
PWE05205,154-1-000251,,,
PWE05213,155-1-000006,,,
PWE05262,155-2-000010,0.9258200997725508,-2.0,7.0
PWE05263,155-2-000010,0.9258200997725508,-2.0,7.0
PWE05636,154-1-000302,,,
PWE05809,157-1-000002,,,
PWE05999,151-2-000078,,,
PWE06103,155-1-000006,,,
PWE06186,154-1-000031,,,
PWE06216,154-1-000254,,,
PWE06239,154-1-000165,,,
PWE06240,155-4-000003,,,
PWE06270,154-1-000206,,,
PWE06354,153-1-000102,,,
PWE06573,155-3-000005,0.8806305718527113,-2.0,7.0
PWE06593,151-1-000012,,,
PWE06658,155-4-000019,,,
PWE06751,154-1-000226,,,
PWE06792,154-2-000069,,,
PWE06835,151-1-000015,,,
PWE06930,155-1-000030,,,
PWE06931,155-1-000030,,,
PWE06932,151-1-000074,,,
RE000154,151-1-000119,,,
RE000180,157-1-000131,,,
RE000181,153-1-000077,,,
S1100006,154-1-000296,,,
S1100007,156-1-000095,,,
SBSB0019,156-2-000080,6.253162465211225,-19.0,7.0
SBSB0029,157-1-000002,,,
SBSB0054,155-2-000091,,,
SF000068,156-2-000095,,,
SF000126,157-1-000116,,,
SF000128,155-2-000013,,,
SF000231,150-1-000112,,,
SF000232,154-2-000068,,,
SF000234,157-1-000002,,,
SF000235,157-1-000002,,,
SF000238,154-1-000137,,,
SF000246,155-2-000103,,,
SF000247,156-2-000098,,,
SF000248,157-1-000048,,,
SF000279,154-1-000031,,,
SF000280,156-1-000028,,,
SF000281,151-2-000016,,,
SF000282,156-1-000022,,,
SF000283,157-1-000115,,,
SF000323,157-1-000076,,,
SF000324,156-1-000028,,,
SF000325,151-1-000148,,,
SF000326,157-1-000115,,,
SF000584,156-2-000031,3.010186786529356,-8.0,7.0
SF000609,154-1-000239,,,
SF000610,154-1-000274,,,
SF000611,154-1-000123,,,
SF000637,157-1-000072,,,
SF000795,155-2-000048,,,
SF000799,151-2-000075,,,
SF000844,156-2-000079,,,
SF000848,154-1-000083,,,
SF000859,156-2-000079,,,
SF000871,155-1-000200,,,
SF000878,155-1-000173,,,
SF000895,155-1-000091,,,
SF000921,155-1-000166,,,
SF000926,153-1-000050,,,
SF000955,155-1-000105,1.979486637221571,-5.0,7.0
SF000966,151-1-000166,,,
SF000977,154-1-000136,,,
SF000979,154-1-000226,,,
SF001002,150-2-000015,1.0497813183356481,0.0,7.0
SF001077,151-2-000100,,,
SF001082,155-1-000016,,,
SF001094,151-2-000005,1.1605769149479936,0.0,7.0
SF001110,150-1-000112,,,
SF001155,154-1-000121,,,
SF001284,153-1-000018,,,
SF001285,156-2-000101,,,
SF001849,155-4-000008,,,
SF001858,155-2-000039,,,
SF002144,151-2-000068,,,
SF002213,157-1-000138,,,
SF002258,150-2-000030,21.671951213210015,-62.0,7.0
SF002260,151-2-000005,1.1605769149479936,0.0,7.0
SF002354,155-2-000039,,,
SF002410,154-4-000022,1.0497813183356355,-3.0,7.0
SF002471,156-2-000086,1.64130361329658,-4.0,7.0
SF002547,156-1-000040,,,
SF002583,156-2-000101,,,
SF002605,156-2-000098,,,
SF002637,156-2-000076,,,
SF002638,155-2-000013,,,
SF002642,155-2-000106,,,
SF002643,154-1-000201,,,
SF002645,154-2-000066,,,
SF002646,151-1-000195,,,
SF002746,155-4-000004,,,
SF002795,155-1-000040,,,
SF002822,154-1-000145,,,
SF002913,155-1-000004,,,
SF002922,155-4-000004,,,
SF002932,150-1-000132,,,
SF002945,156-1-000102,,,
SF002969,151-1-000002,,,
SF003012,157-1-000072,,,
SF003044,156-1-000012,,,
SF003055,151-1-000177,,,
SF003065,155-1-000194,,,
SF003075,155-1-000091,,,
SF003159,154-1-000015,,,
SF003166,155-4-000008,,,
SF003187,154-1-000230,,,
SF003193,157-1-000124,,,
SF003194,157-1-000124,,,
SF003198,154-1-000138,,,
SF003234,154-1-000230,,,
SF003268,151-1-000070,,,
SF003317,151-1-000071,,,
SGSOC004,151-1-000035,,,
SO000081,154-1-000296,,,
ST271101,150-1-000143,,,
ST271102,150-2-000030,21.671951213210015,-62.0,7.0
ST271103,150-1-000126,,,
ST271104,150-2-000025,,,
ST271105,150-2-000025,,,
ST271106,150-2-000025,,,
ST271107,150-2-000025,,,
ST271108,150-2-000025,,,
ST271109,150-1-000173,,,
ST271110,150-1-000129,,,
ST271401,151-1-000119,,,
ST271404,151-1-000118,,,
ST271405,151-2-000015,,,
ST271406,151-2-000015,,,
ST271407,151-1-000047,,,
ST271408,151-1-000047,,,
ST271409,151-2-000033,,,
ST271704,152-1-000001,,,
ST271705,152-1-000096,,,
ST271706,152-1-000136,,,
ST271707,152-1-000136,,,
ST271708,154-1-000288,,,
ST271709,152-1-000032,,,
ST272303,154-1-000083,,,
ST272304,154-1-000083,,,
ST272305,154-1-000083,,,
ST272306,154-1-000006,1.124858267715972,-3.0,7.0
ST272307,154-1-000147,,,
ST272308,154-2-000034,3.0572763655761013,-10.0,7.0
ST272309,154-1-000081,,,
ST272310,154-1-000251,,,
ST272602,155-2-000058,,,
ST272603,155-2-000058,,,
ST272604,155-1-000160,,,
ST272605,155-1-000021,,,
ST272606,155-3-000002,4.642307659791977,-10.0,7.0
ST272607,155-2-000102,,,
ST272902,156-1-000054,,,
ST272903,156-2-000092,,,
ST272905,156-2-000092,,,
ST272908,157-1-000095,,,
ST272913,156-2-000059,,,
ST272914,156-2-000059,,,
ST272915,156-2-000059,,,
ST272916,156-2-000059,,,
ST272917,156-2-000059,,,
ST272918,156-2-000059,,,
ST272919,156-1-000101,,,
ST272920,156-1-000065,,,
ST272921,156-2-000084,7.60504665954638,-22.0,7.0
ST272922,156-2-000076,,,
ST272923,156-2-000056,,,
ST272924,156-4-000014,,,
ST272925,156-2-000003,,,
ST277103,157-1-000001,,,
ST277104,157-1-000133,,,
ST277105,157-1-000133,,,
ST277106,157-1-000127,,,
ST277107,157-1-000036,,,
ST277108,157-1-000053,,,
ST477201,361-2-000050,,,
ST600116,155-1-000191,,,
ST600163,154-1-000138,,,
ST600274,157-1-000119,,,
ST600283,156-1-000008,,,
ST600286,156-2-000068,,,
ST600288,151-1-000054,,,
ST600300,153-1-000020,,,
ST600335,151-2-000040,1.5907898179514348,-5.0,7.0
ST600336,151-2-000040,1.5907898179514348,-5.0,7.0
ST600372,152-1-000041,,,
ST600425,154-1-000147,,,
ST600537,156-2-000098,,,
ST600649,151-1-000129,,,
ST600663,157-1-000119,,,
ST600793,154-2-000069,,,
ST600794,156-1-000104,,,
ST600801,156-2-000068,,,
ST601045,156-2-000076,,,
ST601062,156-2-000025,,,
ST601097,154-1-000006,1.124858267715972,-3.0,7.0
ST601138,156-2-000068,,,
ST601139,153-1-000078,,,
ST601140,156-2-000005,,,
ST601225,154-1-000124,,,
ST601235,156-2-000105,0.0,0.0,7.0
ST601236,154-1-000069,,,
ST601237,154-1-000188,,,
ST601240,154-1-000137,,,
ST601259,152-1-000103,,,
ST601269,155-2-000078,,,
ST601337,151-2-000031,,,
ST601352,151-2-000102,,,
ST601395,151-2-000102,,,
ST601440,154-2-000034,3.0572763655761013,-10.0,7.0
ST601738,156-2-000085,1.069044967649699,-3.0,7.0
ST601839,155-1-000112,,,
TDP00004,157-1-000072,,,
TDP00005,157-1-000052,,,
TDP00009,150-2-000015,1.0497813183356481,0.0,7.0
TDP00010,154-1-000245,,,
TS271101,150-1-000148,,,
TS271102,150-1-000114,,,
TS271401,151-2-000036,,,
TS271402,151-1-000075,,,
TS271403,151-1-000157,,,
TS271404,151-1-000088,,,
TS271405,151-2-000018,,,
TS271406,151-1-000029,,,
TS271407,151-1-000162,,,
TS271701,152-2-000022,,,
TS271702,152-2-000027,,,
TS271703,152-1-000041,,,
TS272001,153-1-000020,,,
TS272002,153-1-000041,,,
TS272301,154-1-000015,,,
TS272302,154-1-000084,,,
TS272303,154-1-000104,0.0,0.0,7.0
TS272304,154-1-000104,0.0,0.0,7.0
TS272305,154-1-000041,,,
TS272306,154-1-000224,,,
TS272307,154-1-000113,,,
TS272308,154-2-000069,,,
TS272309,154-1-000231,,,
TS272602,155-1-000006,,,
TS272603,155-2-000011,,,
TS272604,155-2-000064,0.7284313590846834,2.0,7.0
TS272605,155-1-000142,,,
TS272606,155-1-000040,,,
TS272607,155-1-000015,,,
TS272608,155-2-000065,0.34992710611188277,-1.0,7.0
TS272902,156-2-000055,0.7559289460184554,2.0,7.0
TS272903,156-1-000005,,,
TS272904,156-2-000076,,,
TS272905,156-1-000093,,,
TS272906,156-2-000076,,,
TS272907,156-2-000076,,,
TS277101,157-1-000142,,,
TS277102,157-1-000118,,,
TS277103,157-1-000070,,,
TS472920,151-2-000088,,,
UN000145,150-1-000138,,,
UN000154,150-1-000138,,,
UN000167,155-1-000195,,,
UN000180,152-1-000119,,,
UP491145,154-1-000147,,,
VTE00004,155-4-000003,,,
YC100007,150-1-000171,,,
YC100008,157-4-000007,,,
YC100012,152-1-000098,,,
YC100015,151-1-000026,,,
YC100016,151-1-000116,,,
